network,station,key,status,datacenters,obspy_providers,dataselect_url,n_channel_epochs,channels,locations,year_min,year_max,start_utc,end_utc,unmapped_datacenters,http_status,error,attempts
12,OBS21,12.OBS21,NO_WANTED_BAND,IRISDMC,,,4,EDH;EL1;EL2;ELZ,,,,,,,404,,1
17,S20,17.S20,NO_WANTED_BAND,IRISDMC,,,3,DP1;DP2;DPZ,,,,,,,404,,1
1A,NE00,1A.NE00,ROUTED,IRISDMC,IRIS,https://service.earthscope.org/fdsnws/dataselect/1/,3,BHE;BHN;BHZ,"""""",2007.0,2008.0,2007-10-03T00:00:00,2008-09-30T23:59:59,,200,,1
1D,FOWL,1D.FOWL,ROUTED,IRISDMC,IRIS,https://service.earthscope.org/fdsnws/dataselect/1/,6,HHE;HHN;HHZ;LHE;LHN;LHZ,"""""",2016.0,2018.0,2016-02-13T00:00:00,2018-01-14T23:59:59,,200,,1
1E,TQF,1E.TQF,ROUTED,IRISDMC,IRIS,https://service.earthscope.org/fdsnws/dataselect/1/,3,BHE;BHN;BHZ,"""""",2010.0,2012.0,2010-06-28T17:30:00,2012-08-13T23:00:00,,200,,1
1E,WHI,1E.WHI,ROUTED,IRISDMC,IRIS,https://service.earthscope.org/fdsnws/dataselect/1/,6,BHE;BHN;BHZ;HHE;HHN;HHZ,"""""",2010.0,2012.0,2010-06-29T16:40:00,2012-08-13T16:40:00,,200,,1
1F,ANIM,1F.ANIM,ROUTED,IRISDMC,IRIS,https://service.earthscope.org/fdsnws/dataselect/1/,3,HHE;HHN;HHZ,"""""",2020.0,2020.0,2020-05-08T07:09:28,2020-06-16T04:01:01,,200,,1
1G,WOP01,1G.WOP01,ROUTED,IRISDMC,IRIS,https://service.earthscope.org/fdsnws/dataselect/1/,3,BHE;BHN;BHZ,"""""",2010.0,2011.0,2010-05-16T05:34:49,2011-05-23T09:06:11,,200,,1
1K,GIAN,1K.GIAN,ROUTED,IRISDMC,IRIS,https://service.earthscope.org/fdsnws/dataselect/1/,3,HHE;HHN;HHZ,00,2020.0,2021.0,2020-09-10T00:00:00,2021-09-11T00:00:00,,200,,1
1L,ST30,1L.ST30,ROUTED,IRISDMC,IRIS,https://service.earthscope.org/fdsnws/dataselect/1/,3,EHE;EHN;EHZ,"""""",2022.0,2023.0,2022-12-20T09:38:49,2023-05-08T15:37:45,,200,,1
1L,TIS1,1L.TIS1,NO_WANTED_BAND,IRISDMC,,,4,FN1;FN2;FNZ;LOG,,,,,,,404,,1
1P,EIDA,1P.EIDA,ROUTED,IRISDMC,IRIS,https://service.earthscope.org/fdsnws/dataselect/1/,12,BHE;BHN;BHZ;HHE;HHN;HHZ;LHE;LHN;LHZ,"""""",2018.0,2021.0,2018-11-12T18:00:00,2021-02-06T23:59:59,,200,,1
1U,PAE,1U.PAE,ROUTED,IRISDMC,IRIS,https://service.earthscope.org/fdsnws/dataselect/1/,3,BHE;BHN;BHZ,00,2023.0,2025.0,2023-01-01T00:00:00,2025-12-31T23:59:59,,200,,2
1U,RUC,1U.RUC,ROUTED,IRISDMC,IRIS,https://service.earthscope.org/fdsnws/dataselect/1/,3,BHE;BHN;BHZ,00,2023.0,2025.0,2023-01-01T00:00:00,2025-12-31T23:59:59,,200,,1
2A,REF03,2A.REF03,NO_WANTED_BAND,IRISDMC,,,6,ELE;ELN;ELZ;GLE;GLN;GLZ,,,,,,,404,,1
2C,GS18,2C.GS18,NO_WANTED_BAND,IRISDMC,,,4,CHE;CHN;CHZ;LOG,,,,,,,404,,1
2D,OBS06,2D.OBS06,ROUTED,IRISDMC,IRIS,https://service.earthscope.org/fdsnws/dataselect/1/,3,BH1;BH2;BHZ,"""""",2010.0,2011.0,2010-08-16T10:00:00,2011-09-08T18:40:00,,200,,1
2D,OBS08,2D.OBS08,ROUTED,IRISDMC,IRIS,https://service.earthscope.org/fdsnws/dataselect/1/,3,BH1;BH2;BHZ,"""""",2010.0,2011.0,2010-08-17T21:00:00,2011-09-09T08:53:00,,200,,1
2D,OBS13,2D.OBS13,ROUTED,IRISDMC,IRIS,https://service.earthscope.org/fdsnws/dataselect/1/,3,BH1;BH2;BHZ,"""""",2010.0,2011.0,2010-08-18T21:00:00,2011-09-10T21:29:00,,200,,1
2D,OBS16,2D.OBS16,ROUTED,IRISDMC,IRIS,https://service.earthscope.org/fdsnws/dataselect/1/,3,BH1;BH2;BHZ,"""""",2010.0,2011.0,2010-08-19T13:00:00,2011-09-11T23:46:00,,200,,1
2F,S04,2F.S04,ROUTED,IRISDMC,IRIS,https://service.earthscope.org/fdsnws/dataselect/1/,3,EHE;EHN;EHZ,"""""",2009.0,2009.0,2009-03-19T02:20:00,2009-06-08T23:59:59,,200,,1
2O,BTL04,2O.BTL04,ROUTED,IRISDMC,IRIS,https://service.earthscope.org/fdsnws/dataselect/1/,6,BHE;BHN;BHZ;HHE;HHN;HHZ,00,2021.0,2026.0,2021-08-27T00:00:00,2026-12-31T00:00:00,,200,,1
2O,BTL07,2O.BTL07,ROUTED,IRISDMC,IRIS,https://service.earthscope.org/fdsnws/dataselect/1/,6,BHE;BHN;BHZ;HHE;HHN;HHZ,00,2021.0,2026.0,2021-09-05T00:00:00,2026-12-31T00:00:00,,200,,1
2P,OBS01,2P.OBS01,NO_WANTED_BAND,IRISDMC,,,4,EDH;EL1;EL2;ELZ,,,,,,,404,,1
2V,PO20,2V.PO20,ROUTED,IRISDMC,IRIS,https://service.earthscope.org/fdsnws/dataselect/1/,3,HHE;HHN;HHZ,00,2019.0,2020.0,2019-10-06T19:59:20,2020-01-18T14:00:28,,200,,1
3A,L107,3A.L107,ROUTED,IRISDMC,IRIS,https://service.earthscope.org/fdsnws/dataselect/1/,3,HHE;HHN;HHZ,"""""",2010.0,2012.0,2010-04-29T00:00:00,2012-12-30T23:59:59,,200,,1
3A,L201,3A.L201,ROUTED,IRISDMC,IRIS,https://service.earthscope.org/fdsnws/dataselect/1/,3,HHE;HHN;HHZ,"""""",2010.0,2012.0,2010-09-09T00:00:00,2012-12-30T23:59:59,,200,,1
3A,OBS2,3A.OBS2,NO_WANTED_BAND,IRISDMC,,,33,ACE;EDH;EL1;EL2;ELZ;LCE;LCL;LCQ;LDH;LL1;LL2;LLZ;LOG;OAC;OCF;VCO;VEA;VEC;VEP;VFP;VKI;VM0;VM1;VM2;VM3;VM4;VM5;VM6;VMU;VMV;VMW;VMZ;VPB,,,,,,,404,,1
3C,GS02,3C.GS02,ROUTED,IRISDMC,IRIS,https://service.earthscope.org/fdsnws/dataselect/1/,3,HHE;HHN;HHZ,"""""",2022.0,2025.0,2022-09-08T22:00:00,2025-06-05T16:50:00,,200,,1
3C,NW09,3C.NW09,ROUTED,IRISDMC,IRIS,https://service.earthscope.org/fdsnws/dataselect/1/,3,HHE;HHN;HHZ,"""""",2022.0,2023.0,2022-09-15T14:00:00,2023-12-28T20:00:00,,200,,1
3C,SL09,3C.SL09,ROUTED,IRISDMC,IRIS,https://service.earthscope.org/fdsnws/dataselect/1/,3,HHE;HHN;HHZ,"""""",2023.0,2025.0,2023-07-27T19:00:00,2025-05-29T15:50:00,,200,,1
3H,G08,3H.G08,ROUTED,IRISDMC,IRIS,https://service.earthscope.org/fdsnws/dataselect/1/,6,HH1;HH2;HHZ;LH1;LH2;LHZ,"""""",2023.0,2024.0,2023-04-07T00:00:00,2024-06-24T23:59:59,,200,,1
3H,G15,3H.G15,ROUTED,IRISDMC,IRIS,https://service.earthscope.org/fdsnws/dataselect/1/,6,HH1;HH2;HHZ;LH1;LH2;LHZ,"""""",2023.0,2024.0,2023-04-05T00:00:00,2024-06-27T23:59:59,,200,,1
3H,G27,3H.G27,ROUTED,IRISDMC,IRIS,https://service.earthscope.org/fdsnws/dataselect/1/,6,HH1;HH2;HHZ;LH1;LH2;LHZ,"""""",2023.0,2024.0,2023-03-28T00:00:00,2024-06-20T23:59:59,,200,,1
3H,G44,3H.G44,ROUTED,IRISDMC,IRIS,https://service.earthscope.org/fdsnws/dataselect/1/,6,HH1;HH2;HHZ;LH1;LH2;LHZ,"""""",2023.0,2024.0,2023-03-29T00:00:00,2024-06-20T23:59:59,,200,,1
3H,G52,3H.G52,ROUTED,IRISDMC,IRIS,https://service.earthscope.org/fdsnws/dataselect/1/,6,HH1;HH2;HHZ;LH1;LH2;LHZ,"""""",2023.0,2024.0,2023-03-25T00:00:00,2024-06-18T23:59:59,,200,,1
3H,G56,3H.G56,ROUTED,IRISDMC,IRIS,https://service.earthscope.org/fdsnws/dataselect/1/,6,HH1;HH2;HHZ;LH1;LH2;LHZ,"""""",2023.0,2024.0,2023-03-23T00:00:00,2024-06-15T23:59:59,,200,,1
3J,OBS01,3J.OBS01,ROUTED,IRISDMC,IRIS,https://service.earthscope.org/fdsnws/dataselect/1/,3,BH1;BH2;BHZ,"""""",2023.0,2025.0,2023-11-23T03:27:00,2025-08-03T09:26:03,,200,,1
3J,OBS04,3J.OBS04,ROUTED,IRISDMC,IRIS,https://service.earthscope.org/fdsnws/dataselect/1/,3,BH1;BH2;BHZ,"""""",2023.0,2025.0,2023-11-25T07:32:00,2025-08-04T10:15:00,,200,,1
3J,OBS10,3J.OBS10,ROUTED,IRISDMC,IRIS,https://service.earthscope.org/fdsnws/dataselect/1/,3,BH1;BH2;BHZ,"""""",2023.0,2025.0,2023-11-27T15:21:00,2025-08-06T12:37:05,,200,,1
3J,OBS11,3J.OBS11,ROUTED,IRISDMC,IRIS,https://service.earthscope.org/fdsnws/dataselect/1/,3,BH1;BH2;BHZ,"""""",2023.0,2025.0,2023-11-28T01:23:00,2025-08-06T22:37:01,,200,,1
3J,OBS13,3J.OBS13,ROUTED,IRISDMC,IRIS,https://service.earthscope.org/fdsnws/dataselect/1/,3,BH1;BH2;BHZ,"""""",2023.0,2025.0,2023-11-28T17:27:00,2025-08-07T09:07:03,,200,,1
3J,OBS17,3J.OBS17,ROUTED,IRISDMC,IRIS,https://service.earthscope.org/fdsnws/dataselect/1/,3,BH1;BH2;BHZ,"""""",2023.0,2025.0,2023-11-29T17:40:00,2025-08-08T09:42:07,,200,,1
3J,OBS19,3J.OBS19,ROUTED,IRISDMC,IRIS,https://service.earthscope.org/fdsnws/dataselect/1/,3,BH1;BH2;BHZ,"""""",2023.0,2025.0,2023-11-30T12:06:00,2025-08-08T21:00:01,,200,,1
3J,OBS23,3J.OBS23,ROUTED,IRISDMC,IRIS,https://service.earthscope.org/fdsnws/dataselect/1/,3,BH1;BH2;BHZ,"""""",2023.0,2025.0,2023-12-01T18:51:00,2025-08-10T03:42:05,,200,,1
3J,OBS26,3J.OBS26,ROUTED,IRISDMC,IRIS,https://service.earthscope.org/fdsnws/dataselect/1/,3,BH1;BH2;BHZ,"""""",2023.0,2025.0,2023-12-02T16:49:00,2025-08-10T23:33:07,,200,,1
3J,OBS28,3J.OBS28,ROUTED,IRISDMC,IRIS,https://service.earthscope.org/fdsnws/dataselect/1/,3,BH1;BH2;BHZ,"""""",2023.0,2025.0,2023-12-03T21:42:00,2025-08-12T01:18:07,,200,,1
3J,OBS30,3J.OBS30,ROUTED,IRISDMC,IRIS,https://service.earthscope.org/fdsnws/dataselect/1/,3,BH1;BH2;BHZ,"""""",2023.0,2025.0,2023-12-05T00:17:00,2025-08-12T20:37:08,,200,,1
3K,NIKI,3K.NIKI,ROUTED,IRISDMC,IRIS,https://service.earthscope.org/fdsnws/dataselect/1/,6,HHE;HHN;HHZ;LHE;LHN;LHZ,"""""",2017.0,2019.0,2017-03-16T00:00:00,2019-03-12T23:59:59,,200,,1
3R,A06,3R.A06,NO_WANTED_BAND,IRISDMC,,,11,GNS;GST;LCE;LEH;LFE;LFN;LFZ;LKF;LKH;LQE;LQN,,,,,,,404,,1
3R,E05,3R.E05,NO_WANTED_BAND,IRISDMC,,,11,GNS;GST;LCE;LEH;LFE;LFN;LFZ;LKF;LKH;LQE;LQN,,,,,,,404,,1
3U,AR2,3U.AR2,ROUTED,IRISDMC,IRIS,https://service.earthscope.org/fdsnws/dataselect/1/,3,HHE;HHN;HHZ,00,2021.0,2022.0,2021-02-01T00:00:00,2022-01-31T00:00:00,,200,,1
3Y,SC02,3Y.SC02,ROUTED,IRISDMC,IRIS,https://service.earthscope.org/fdsnws/dataselect/1/,3,HHE;HHN;HHZ,00,2020.0,2022.0,2020-05-14T12:59:33,2022-04-02T17:07:04,,200,,1
4A,MN50,4A.MN50,ROUTED,IRISDMC,IRIS,https://service.earthscope.org/fdsnws/dataselect/1/,3,HH1;HH2;HHZ,"""""",2022.0,2024.0,2022-08-14T15:56:08,2024-05-27T17:12:00,,200,,1
4P,COO21,4P.COO21,NO_WANTED_BAND,IRISDMC,,,9,LFE;LFN;LFZ;LQE;LQN,,,,,,,404,,1
4P,COP26,4P.COP26,NO_WANTED_BAND,IRISDMC,,,6,LFE;LFN;LFZ;LQE;LQN,,,,,,,404,,1
4P,MAH64,4P.MAH64,NO_WANTED_BAND,IRISDMC,,,5,LFE;LFN;LFZ;LQE;LQN,,,,,,,404,,1
4P,MED63,4P.MED63,NO_WANTED_BAND,IRISDMC,,,12,LFE;LFN;LFZ;LQE;LQN,,,,,,,404,,1
4P,MIC41,4P.MIC41,NO_WANTED_BAND,IRISDMC,,,6,LFE;LFN;LFZ;LQE;LQN,,,,,,,404,,1
4P,MNB36,4P.MNB36,NO_WANTED_BAND,IRISDMC,,,5,LFE;LFN;LFZ;LQE;LQN,,,,,,,404,,1
4P,NDB29,4P.NDB29,NO_WANTED_BAND,IRISDMC,,,5,LFE;LFN;LFZ;LQE;LQN,,,,,,,404,,1
4P,NDC26,4P.NDC26,NO_WANTED_BAND,IRISDMC,,,5,LFE;LFN;LFZ;LQE;LQN,,,,,,,404,,1
4P,NDD30,4P.NDD30,NO_WANTED_BAND,IRISDMC,,,9,LFE;LFN;LFZ;LQE;LQN,,,,,,,404,,1
4P,NDE32,4P.NDE32,NO_WANTED_BAND,IRISDMC,,,5,LFE;LFN;LFZ;LQE;LQN,,,,,,,404,,1
4P,NEK29,4P.NEK29,NO_WANTED_BAND,IRISDMC,,,12,LFE;LFN;LFZ;LQE;LQN,,,,,,,404,,1
4P,NEL26,4P.NEL26,NO_WANTED_BAND,IRISDMC,,,5,LFE;LFN;LFZ;LQE;LQN,,,,,,,404,,1
4P,NEN31,4P.NEN31,NO_WANTED_BAND,IRISDMC,,,13,LFE;LFN;LFZ;LQE;LQN,,,,,,,404,,2
4P,SDG32,4P.SDG32,NO_WANTED_BAND,IRISDMC,,,9,LFE;LFN;LFZ;LQE;LQN,,,,,,,404,,1
4P,SDI28,4P.SDI28,NO_WANTED_BAND,IRISDMC,,,5,LFE;LFN;LFZ;LQE;LQN,,,,,,,404,,1
4P,SDJ26,4P.SDJ26,NO_WANTED_BAND,IRISDMC,,,5,LFE;LFN;LFZ;LQE;LQN,,,,,,,404,,1
4P,SDJ31,4P.SDJ31,NO_WANTED_BAND,IRISDMC,,,5,LFE;LFN;LFZ;LQE;LQN,,,,,,,404,,1
4P,TTL24,4P.TTL24,NO_WANTED_BAND,IRISDMC,,,5,LFE;LFN;LFZ;LQE;LQN,,,,,,,404,,1
4P,WYJ23,4P.WYJ23,NO_WANTED_BAND,IRISDMC,,,10,LFE;LFN;LFZ;LQE;LQN,,,,,,,404,,1
4P,WYM22,4P.WYM22,NO_WANTED_BAND,IRISDMC,,,5,LFE;LFN;LFZ;LQE;LQN,,,,,,,404,,1
4Q,UT19,4Q.UT19,ROUTED,IRISDMC,IRIS,https://service.earthscope.org/fdsnws/dataselect/1/,3,HHE;HHN;HHZ,00,2023.0,2025.0,2023-12-17T19:56:07,2025-12-31T23:59:59,,200,,1
4T,EL08,4T.EL08,NO_WANTED_BAND,IRISDMC,,,3,CH1;CH2;CHZ,,,,,,,404,,1
5A,ARAWA,5A.ARAWA,ROUTED,IRISDMC,IRIS,https://service.earthscope.org/fdsnws/dataselect/1/,6,BHE;BHN;BHZ;LHE;LHN;LHZ,"""""",2014.0,2016.0,2014-11-19T06:47:00,2016-08-20T00:00:00,,200,,1
5A,KAVI,5A.KAVI,ROUTED,IRISDMC,IRIS,https://service.earthscope.org/fdsnws/dataselect/1/,6,BHE;BHN;BHZ;LHE;LHN;LHZ,"""""",2014.0,2016.0,2014-11-23T02:00:00,2016-08-21T00:00:00,,200,,1
5A,KIMBE,5A.KIMBE,ROUTED,IRISDMC,IRIS,https://service.earthscope.org/fdsnws/dataselect/1/,6,BHE;BHN;BHZ;LHE;LHN;LHZ,"""""",2014.0,2016.0,2014-11-29T04:57:20,2016-08-12T00:00:00,,200,,2
5A,LIHIR,5A.LIHIR,ROUTED,IRISDMC,IRIS,https://service.earthscope.org/fdsnws/dataselect/1/,6,BHE;BHN;BHZ;LHE;LHN;LHZ,"""""",2014.0,2016.0,2014-11-27T02:09:00,2016-08-16T00:00:00,,200,,1
5G,D10,5G.D10,ROUTED,IRISDMC,IRIS,https://service.earthscope.org/fdsnws/dataselect/1/,6,HHE;HHN;HHZ,"""""",2004.0,2010.0,2004-06-01T00:00:00,2010-09-30T23:59:59,,200,,1
5H,EITE,5H.EITE,ROUTED,IRISDMC,IRIS,https://service.earthscope.org/fdsnws/dataselect/1/,3,BHE;BHN;BHZ,"""""",2011.0,2012.0,2011-06-17T00:00:00,2012-10-15T00:00:00,,200,,1
5H,TIOE,5H.TIOE,ROUTED,IRISDMC,IRIS,https://service.earthscope.org/fdsnws/dataselect/1/,3,BHE;BHN;BHZ,"""""",2011.0,2012.0,2011-06-21T00:00:00,2012-10-12T00:00:00,,200,,1
6H,FUNH,6H.FUNH,ROUTED,IRISDMC,IRIS,https://service.earthscope.org/fdsnws/dataselect/1/,6,BHE;BHN;BHZ;HHE;HHN;HHZ,"""""",2011.0,2013.0,2011-09-01T00:00:00,2013-07-21T00:00:00,,200,,1
6H,MASS,6H.MASS,ROUTED,IRISDMC,IRIS,https://service.earthscope.org/fdsnws/dataselect/1/,3,HHE;HHN;HHZ,"""""",2011.0,2013.0,2011-12-31T00:00:00,2013-12-31T00:00:00,,200,,1
6K,AVIO,6K.AVIO,ROUTED,IRISDMC,IRIS,https://service.earthscope.org/fdsnws/dataselect/1/,3,HHE;HHN;HHZ,10,2014.0,2015.0,2014-09-17T22:30:00,2015-04-15T00:00:00,,200,,1
6Q,FEC2,6Q.FEC2,ROUTED,IRISDMC,IRIS,https://service.earthscope.org/fdsnws/dataselect/1/,6,HH1;HH2;HHZ,"""""",2022.0,2024.0,2022-05-12T16:45:00,2024-06-20T09:36:42,,200,,1
6R,MAGE,6R.MAGE,ROUTED,IRISDMC,IRIS,https://service.earthscope.org/fdsnws/dataselect/1/,6,HHE;HHN;HHZ;LHE;LHN;LHZ,"""""",2019.0,2021.0,2019-01-16T00:00:00,2021-12-31T23:59:59,,200,,1
7A,MUSK,7A.MUSK,ROUTED,IRISDMC,IRIS,https://service.earthscope.org/fdsnws/dataselect/1/,6,BHE;BHN;BHZ;LHE;LHN;LHZ,"""""",2014.0,2016.0,2014-10-24T14:50:00,2016-10-24T23:59:59,,200,,1
7C,MM17,7C.MM17,ROUTED,IRISDMC,IRIS,https://service.earthscope.org/fdsnws/dataselect/1/,9,BH1;BH2;BHZ;HH1;HH2;HHZ;LH1;LH2;LHZ,"""""",2016.0,2018.0,2016-07-24T00:00:00,2018-12-31T23:59:59,,200,,1
7D,FN16A,7D.FN16A,ROUTED,IRISDMC,IRIS,https://service.earthscope.org/fdsnws/dataselect/1/,3,HH1;HH2;HHZ,"""""",2011.0,2012.0,2011-10-17T21:58:30,2012-07-21T10:23:11,,200,,1
7D,G26B,7D.G26B,ROUTED,IRISDMC,IRIS,https://service.earthscope.org/fdsnws/dataselect/1/,3,HH1;HH2;HHZ,"""""",2012.0,2013.0,2012-09-18T16:03:00,2013-07-05T18:49:13,,200,,1
7D,G36D,7D.G36D,ROUTED,IRISDMC,IRIS,https://service.earthscope.org/fdsnws/dataselect/1/,6,BH1;BH2;BHZ;LH1;LH2;LHZ,"""""",2014.0,2015.0,2014-07-12T00:00:00,2015-08-31T23:59:59,,200,,1
7D,J20B,7D.J20B,ROUTED,IRISDMC,IRIS,https://service.earthscope.org/fdsnws/dataselect/1/,3,BH1;BH2;BHZ,"""""",2012.0,2013.0,2012-09-06T17:30:00,2013-06-21T10:34:00,,200,,1
7D,J36C,7D.J36C,ROUTED,IRISDMC,IRIS,https://service.earthscope.org/fdsnws/dataselect/1/,6,BH1;BH2;BHZ;LH1;LH2;LHZ,"""""",2013.0,2014.0,2013-08-09T00:00:00,2014-05-20T23:59:59,,200,,1
7D,J48C,7D.J48C,ROUTED,IRISDMC,IRIS,https://service.earthscope.org/fdsnws/dataselect/1/,6,BH1;BH2;BHZ;LH1;LH2;LHZ,"""""",2013.0,2014.0,2013-08-06T00:00:00,2014-05-17T23:59:59,,200,,1
7D,J53C,7D.J53C,ROUTED,IRISDMC,IRIS,https://service.earthscope.org/fdsnws/dataselect/1/,3,BH1;BH2;BHZ,"""""",2013.0,2014.0,2013-08-20T19:25:00,2014-05-31T12:23:03,,200,,1
7D,RIMM,7D.RIMM,ROUTED,IRISDMC,IRIS,https://service.earthscope.org/fdsnws/dataselect/1/,6,HH1;HH2;HHZ;LH1;LH2;LHZ,"""""",2022.0,2025.0,2022-12-12T21:26:42,2025-12-31T00:00:00,,200,,1
7F,A15,7F.A15,NO_WANTED_BAND,IRISDMC,,,3,GH1;GH2;GHZ,,,,,,,404,,1
7O,ABNH,7O.ABNH,ROUTED,IRISDMC,IRIS,https://service.earthscope.org/fdsnws/dataselect/1/,6,HHE;HHN;HHZ;LHE;LHN;LHZ,"""""",2018.0,2024.0,2018-08-12T20:10:00,2024-01-01T00:00:00,,200,,1
7S,GORG,7S.GORG,ROUTED,IRISDMC,IRIS,https://service.earthscope.org/fdsnws/dataselect/1/,3,HH1;HH2;HHZ,"""""",2019.0,2020.0,2019-04-06T00:00:00,2020-10-16T00:00:00,,200,,1
7S,RR06,7S.RR06,NO_WANTED_BAND,IRISDMC,,,4,GDH;GN1;GN2;GNZ,,,,,,,404,,1
7U,TJTJ,7U.TJTJ,ROUTED,IRISDMC,IRIS,https://service.earthscope.org/fdsnws/dataselect/1/,6,HH1;HH2;HHZ;LH1;LH2;LHZ,"""""",2019.0,2021.0,2019-12-29T23:16:35,2021-12-25T21:47:12,,200,,1
8A,BAHE,8A.BAHE,ROUTED,IRISDMC,IRIS,https://service.earthscope.org/fdsnws/dataselect/1/,6,BHE;BHN;BHZ;LHE;LHN;LHZ,"""""",2015.0,2018.0,2015-05-07T00:00:00,2018-12-31T23:59:59,,200,,1
8A,GAMM,8A.GAMM,ROUTED,IRISDMC,IRIS,https://service.earthscope.org/fdsnws/dataselect/1/,6,BHE;BHN;BHZ;LHE;LHN;LHZ,"""""",2015.0,2018.0,2015-05-04T00:00:00,2018-12-31T23:59:59,,200,,1
8A,KONI,8A.KONI,ROUTED,IRISDMC,IRIS,https://service.earthscope.org/fdsnws/dataselect/1/,6,HHE;HHN;HHZ;LHE;LHN;LHZ,01;02,2008.0,2009.0,2008-12-06T00:00:00,2009-02-05T23:59:59,,200,,1
8A,OTJO,8A.OTJO,ROUTED,IRISDMC,IRIS,https://service.earthscope.org/fdsnws/dataselect/1/,6,BHE;BHN;BHZ;LHE;LHN;LHZ,"""""",2015.0,2018.0,2015-05-03T00:00:00,2018-12-31T23:59:59,,200,,1
8B,402,8B.402,ROUTED,IRISDMC,IRIS,https://service.earthscope.org/fdsnws/dataselect/1/,3,BHE;BHN;BHZ,"""""",2008.0,2009.0,2008-06-09T00:09:36,2009-08-15T23:59:59,,200,,1
8B,416,8B.416,ROUTED,IRISDMC,IRIS,https://service.earthscope.org/fdsnws/dataselect/1/,3,BHE;BHN;BHZ,"""""",2008.0,2009.0,2008-06-12T00:42:11,2009-08-18T23:59:59,,200,,1
8B,430,8B.430,ROUTED,IRISDMC,IRIS,https://service.earthscope.org/fdsnws/dataselect/1/,6,BHE;BHN;BHZ,"""""",2008.0,2009.0,2008-06-15T00:47:39,2009-08-22T23:59:59,,200,,1
8E,03023,8E.03023,ROUTED,IRISDMC,IRIS,https://service.earthscope.org/fdsnws/dataselect/1/,3,HHE;HHN;HHZ,00,2021.0,2021.0,2021-09-14T08:34:30,2021-10-07T00:00:00,,200,,1
8F,VIGR,8F.VIGR,ROUTED,IRISDMC,IRIS,https://service.earthscope.org/fdsnws/dataselect/1/,3,BHE;BHN;BHZ,00,2020.0,2024.0,2020-08-29T14:00:00,2024-01-01T00:00:08,,200,,1
8P,AZV14,8P.AZV14,NO_WANTED_BAND,IRISDMC,,,9,LFE;LFN;LFZ;LQE;LQN,,,,,,,404,,1
8P,CAS04,8P.CAS04,NO_WANTED_BAND,IRISDMC,,,8,LFE;LFN;LFZ;LQE;LQN,,,,,,,404,,1
8Q,P09,8Q.P09,ROUTED,IRISDMC,IRIS,https://service.earthscope.org/fdsnws/dataselect/1/,3,BH1;BH2;BHZ,"""""",2021.0,2023.0,2021-11-20T02:08:00,2023-01-27T06:59:00,,200,,1
8Q,P11,8Q.P11,ROUTED,IRISDMC,IRIS,https://service.earthscope.org/fdsnws/dataselect/1/,3,BH1;BH2;BHZ,"""""",2021.0,2023.0,2021-11-10T20:25:00,2023-01-29T17:43:00,,200,,1
8Q,P12,8Q.P12,ROUTED,IRISDMC,IRIS,https://service.earthscope.org/fdsnws/dataselect/1/,3,BH1;BH2;BHZ,"""""",2021.0,2023.0,2021-11-21T06:21:00,2023-02-03T19:51:00,,200,,1
8Q,P13,8Q.P13,ROUTED,IRISDMC,IRIS,https://service.earthscope.org/fdsnws/dataselect/1/,3,BH1;BH2;BHZ,"""""",2021.0,2023.0,2021-11-21T17:55:00,2023-02-04T08:49:00,,200,,1
8Q,P15,8Q.P15,ROUTED,IRISDMC,IRIS,https://service.earthscope.org/fdsnws/dataselect/1/,3,BH1;BH2;BHZ,"""""",2021.0,2023.0,2021-11-22T09:55:00,2023-02-05T22:51:00,,200,,1
8Q,P17,8Q.P17,ROUTED,IRISDMC,IRIS,https://service.earthscope.org/fdsnws/dataselect/1/,3,BH1;BH2;BHZ,"""""",2021.0,2023.0,2021-11-25T18:48:00,2023-01-26T20:13:00,,200,,1
8Q,P22,8Q.P22,ROUTED,IRISDMC,IRIS,https://service.earthscope.org/fdsnws/dataselect/1/,3,BH1;BH2;BHZ,"""""",2021.0,2023.0,2021-11-24T22:19:00,2023-01-25T22:27:00,,200,,1
8S,FL01,8S.FL01,ROUTED,IRISDMC,IRIS,https://service.earthscope.org/fdsnws/dataselect/1/,3,HHE;HHN;HHZ,"""""",2022.0,2022.0,2022-06-26T12:13:48,2022-11-20T11:36:00,,200,,1
8W,CBHM,8W.CBHM,ROUTED,IRISDMC,IRIS,https://service.earthscope.org/fdsnws/dataselect/1/,3,HHE;HHN;HHZ,"""""",2022.0,2023.0,2022-12-17T00:00:00,2023-11-14T00:00:00,,200,,1
9G,BC410,9G.BC410,NO_WANTED_BAND,IRISDMC,,,5,LFE;LFN;LFZ;LQE;LQN,,,,,,,404,,1
9G,RC030,9G.RC030,NO_WANTED_BAND,IRISDMC,,,5,LFE;LFN;LFZ;LQE;LQN,,,,,,,404,,1
9G,SA155,9G.SA155,NO_WANTED_BAND,IRISDMC,,,10,LFE;LFN;LFZ;LQE;LQN,,,,,,,404,,1
9G,SA235,9G.SA235,NO_WANTED_BAND,IRISDMC,,,5,LFE;LFN;LFZ;LQE;LQN,,,,,,,404,,1
9R,OBS16,9R.OBS16,NO_DATA_AT_SERVICE,,,,0,,,,,,,,404,,1
A0,LUS3,A0.LUS3,ROUTED,IRISDMC,IRIS,https://service.earthscope.org/fdsnws/dataselect/1/,3,HHE;HHN;HHZ,"""""",2018.0,2026.0,2018-05-16T00:00:00,2599-12-31T23:59:59,,200,,1
A7,CAXIT,A7.CAXIT,ROUTED,IRISDMC,IRIS,https://service.earthscope.org/fdsnws/dataselect/1/,3,HHE;HHN;HHZ,"""""",2023.0,2026.0,2023-03-02T00:00:00,2599-12-31T23:59:59,,200,,1
A7,LUBAN,A7.LUBAN,ROUTED,IRISDMC,IRIS,https://service.earthscope.org/fdsnws/dataselect/1/,18,BHE;BHN;BHZ;HHE;HHN;HHZ;LHE;LHN;LHZ,""""";00",2018.0,2026.0,2018-04-03T00:00:00,2599-12-31T23:59:59,,200,,1
A7,LUENA,A7.LUENA,ROUTED,IRISDMC,IRIS,https://service.earthscope.org/fdsnws/dataselect/1/,3,HHE;HHN;HHZ,"""""",2023.0,2026.0,2023-03-18T00:00:00,2599-12-31T23:59:59,,200,,1
AE,TONTO,AE.TONTO,ROUTED,IRISDMC,IRIS,https://service.earthscope.org/fdsnws/dataselect/1/,3,HHE;HHN;HHZ,"""""",2017.0,2026.0,2017-10-27T00:00:00,2599-12-31T23:59:59,,200,,1
AF,BLWY,AF.BLWY,ROUTED,IRISDMC,IRIS,https://service.earthscope.org/fdsnws/dataselect/1/,12,BHE;BHN;BHZ;HHE;HHN;HHZ,"""""",2006.0,2026.0,2006-01-07T00:00:00,2599-12-31T23:59:59,,200,,1
AF,CVNA,AF.CVNA,ROUTED,GEOFON;IRISDMC,GFZ;IRIS,http://geofon.gfz-potsdam.de/fdsnws/dataselect/1/,30,BHE;BHN;BHZ;HHE;HHN;HHZ;LHE;LHN;LHZ,"""""",2006.0,2026.0,2006-05-11T00:00:00,2599-12-31T23:59:59,,200,,1
AF,HARE,AF.HARE,ROUTED,IRISDMC,IRIS,https://service.earthscope.org/fdsnws/dataselect/1/,3,BHE;BHN;BHZ,"""""",2006.0,2010.0,2006-01-07T00:00:00,2010-12-31T23:59:59,,200,,1
AF,HVD,AF.HVD,ROUTED,IRISDMC,IRIS,https://service.earthscope.org/fdsnws/dataselect/1/,15,BHE;BHN;BHZ;HHE;HHN;HHZ;LHE;LHN;LHZ,""""";00",2006.0,2026.0,2006-04-26T00:00:00,2599-12-31T23:59:59,,200,,1
AF,KTWE,AF.KTWE,ROUTED,IRISDMC,IRIS,https://service.earthscope.org/fdsnws/dataselect/1/,9,BHE;BHN;BHZ;LHE;LHN;LHZ,"""""",2006.0,2026.0,2006-01-07T00:00:00,2599-12-31T23:59:59,,200,,1
AF,MONG,AF.MONG,ROUTED,IRISDMC,IRIS,https://service.earthscope.org/fdsnws/dataselect/1/,3,BHE;BHN;BHZ,"""""",2010.0,2026.0,2010-08-25T00:00:00,2599-12-31T23:59:59,,200,,1
AF,MOPA,AF.MOPA,ROUTED,IRISDMC,IRIS,https://service.earthscope.org/fdsnws/dataselect/1/,24,BHE;BHN;BHZ;HHE;HHN;HHZ;LHE;LHN;LHZ,"""""",2006.0,2026.0,2006-11-11T00:00:00,2599-12-31T23:59:59,,200,,1
AF,NSU,AF.NSU,ROUTED,IRISDMC,IRIS,https://service.earthscope.org/fdsnws/dataselect/1/,6,BHE;BHN;BHZ;HHE;HHN;HHZ,"""""",2008.0,2026.0,2008-09-26T00:00:00,2599-12-31T23:59:59,,200,,1
AF,PKA,AF.PKA,ROUTED,IRISDMC,IRIS,https://service.earthscope.org/fdsnws/dataselect/1/,9,BHE;BHN;BHZ;HHE;HHN;HHZ;LHE;LHN;LHZ,"""""",2006.0,2018.0,2006-10-16T00:00:00,2018-09-07T00:00:00,,200,,1
AF,PWET,AF.PWET,ROUTED,IRISDMC,IRIS,https://service.earthscope.org/fdsnws/dataselect/1/,3,BHE;BHN;BHZ,"""""",2010.0,2026.0,2010-08-09T00:00:00,2599-12-31T23:59:59,,200,,1
AF,RUDU,AF.RUDU,ROUTED,IRISDMC,IRIS,https://service.earthscope.org/fdsnws/dataselect/1/,9,BHE;BHN;BHZ;HHE;HHN;HHZ,""""";00",2007.0,2026.0,2007-01-01T00:00:00,2599-12-31T23:59:59,,200,,1
AF,SKRH,AF.SKRH,ROUTED,IRISDMC,IRIS,https://service.earthscope.org/fdsnws/dataselect/1/,3,BHE;BHN;BHZ,"""""",2012.0,2026.0,2012-08-16T00:00:00,2599-12-31T23:59:59,,200,,1
AF,SNKL,AF.SNKL,ROUTED,IRISDMC,IRIS,https://service.earthscope.org/fdsnws/dataselect/1/,6,BHE;BHN;BHZ;HHE;HHN;HHZ,"""""",2015.0,2026.0,2015-12-09T00:00:00,2599-12-31T23:59:59,,200,,1
AF,UPI,AF.UPI,ROUTED,IRISDMC,IRIS,https://service.earthscope.org/fdsnws/dataselect/1/,18,BHE;BHN;BHZ;HHE;HHN;HHZ;LHE;LHN;LHZ,"""""",2006.0,2026.0,2006-06-18T00:00:00,2599-12-31T23:59:59,,200,,1
AG,WLAR,AG.WLAR,ROUTED,IRISDMC,IRIS,https://service.earthscope.org/fdsnws/dataselect/1/,9,HHE;HHN;HHZ,00,2010.0,2026.0,2010-02-23T00:00:00,2599-12-31T23:59:59,,200,,1
AK,A19K,AK.A19K,ROUTED,IRISDMC,IRIS,https://service.earthscope.org/fdsnws/dataselect/1/,6,BHE;BHN;BHZ;LHE;LHN;LHZ,"""""",2020.0,2026.0,2020-09-23T00:00:00,2599-12-31T23:59:59,,200,,1
AK,C16K,AK.C16K,ROUTED,IRISDMC,IRIS,https://service.earthscope.org/fdsnws/dataselect/1/,6,BHE;BHN;BHZ;LHE;LHN;LHZ,"""""",2020.0,2026.0,2020-09-23T00:00:00,2599-12-31T23:59:59,,200,,1
AK,C27K,AK.C27K,ROUTED,IRISDMC,IRIS,https://service.earthscope.org/fdsnws/dataselect/1/,6,BHE;BHN;BHZ;LHE;LHN;LHZ,"""""",2020.0,2026.0,2020-09-23T00:00:00,2599-12-31T23:59:59,,200,,1
AK,D20K,AK.D20K,ROUTED,IRISDMC,IRIS,https://service.earthscope.org/fdsnws/dataselect/1/,6,BHE;BHN;BHZ;LHE;LHN;LHZ,"""""",2020.0,2026.0,2020-09-23T00:00:00,2599-12-31T23:59:59,,200,,1
AK,D22K,AK.D22K,ROUTED,IRISDMC,IRIS,https://service.earthscope.org/fdsnws/dataselect/1/,6,BHE;BHN;BHZ;LHE;LHN;LHZ,"""""",2020.0,2026.0,2020-09-23T00:00:00,2599-12-31T23:59:59,,200,,1
AK,DCPH,AK.DCPH,ROUTED,IRISDMC,IRIS,https://service.earthscope.org/fdsnws/dataselect/1/,34,BHE;BHN;BHZ;HHE;HHN;HHZ;LHE;LHN;LHZ;SHZ,"""""",2002.0,2026.0,2002-08-03T00:00:00,2599-12-31T23:59:59,,200,,1
AK,E18K,AK.E18K,ROUTED,IRISDMC,IRIS,https://service.earthscope.org/fdsnws/dataselect/1/,6,BHE;BHN;BHZ;LHE;LHN;LHZ,"""""",2020.0,2026.0,2020-09-23T00:00:00,2599-12-31T23:59:59,,200,,1
AK,E19K,AK.E19K,ROUTED,IRISDMC,IRIS,https://service.earthscope.org/fdsnws/dataselect/1/,6,BHE;BHN;BHZ;LHE;LHN;LHZ,"""""",2020.0,2026.0,2020-09-23T00:00:00,2599-12-31T23:59:59,,200,,1
AK,E24K,AK.E24K,ROUTED,IRISDMC,IRIS,https://service.earthscope.org/fdsnws/dataselect/1/,6,BHE;BHN;BHZ;LHE;LHN;LHZ,"""""",2020.0,2026.0,2020-09-23T00:00:00,2599-12-31T23:59:59,,200,,1
AK,E27K,AK.E27K,ROUTED,IRISDMC,IRIS,https://service.earthscope.org/fdsnws/dataselect/1/,6,BHE;BHN;BHZ;LHE;LHN;LHZ,"""""",2020.0,2026.0,2020-09-23T00:00:00,2599-12-31T23:59:59,,200,,1
AK,G19K,AK.G19K,ROUTED,IRISDMC,IRIS,https://service.earthscope.org/fdsnws/dataselect/1/,6,BHE;BHN;BHZ;LHE;LHN;LHZ,"""""",2020.0,2026.0,2020-09-23T00:00:00,2599-12-31T23:59:59,,200,,1
AK,G27K,AK.G27K,ROUTED,IRISDMC,IRIS,https://service.earthscope.org/fdsnws/dataselect/1/,6,BHE;BHN;BHZ;LHE;LHN;LHZ,"""""",2020.0,2026.0,2020-09-23T00:00:00,2599-12-31T23:59:59,,200,,1
AK,J17K,AK.J17K,ROUTED,IRISDMC,IRIS,https://service.earthscope.org/fdsnws/dataselect/1/,6,BHE;BHN;BHZ;LHE;LHN;LHZ,"""""",2019.0,2026.0,2019-10-04T00:00:00,2599-12-31T23:59:59,,200,,1
AK,J19K,AK.J19K,ROUTED,IRISDMC,IRIS,https://service.earthscope.org/fdsnws/dataselect/1/,6,BHE;BHN;BHZ;LHE;LHN;LHZ,"""""",2019.0,2026.0,2019-10-04T00:00:00,2599-12-31T23:59:59,,200,,1
AK,J26L,AK.J26L,ROUTED,IRISDMC,IRIS,https://service.earthscope.org/fdsnws/dataselect/1/,18,BHE;BHN;BHZ;LHE;LHN;LHZ,"""""",2019.0,2026.0,2019-10-04T00:00:00,2599-12-31T23:59:59,,200,,1
AK,K13K,AK.K13K,ROUTED,IRISDMC,IRIS,https://service.earthscope.org/fdsnws/dataselect/1/,6,BHE;BHN;BHZ;LHE;LHN;LHZ,"""""",2020.0,2026.0,2020-09-23T00:00:00,2599-12-31T23:59:59,,200,,1
AK,M11K,AK.M11K,ROUTED,IRISDMC,IRIS,https://service.earthscope.org/fdsnws/dataselect/1/,6,BHE;BHN;BHZ;LHE;LHN;LHZ,"""""",2020.0,2026.0,2020-10-21T00:00:00,2599-12-31T23:59:59,,200,,1
AK,M14K,AK.M14K,ROUTED,IRISDMC,IRIS,https://service.earthscope.org/fdsnws/dataselect/1/,6,BHE;BHN;BHZ;LHE;LHN;LHZ,"""""",2020.0,2026.0,2020-10-21T00:00:00,2599-12-31T23:59:59,,200,,1
AK,O14K,AK.O14K,ROUTED,IRISDMC,IRIS,https://service.earthscope.org/fdsnws/dataselect/1/,12,BHE;BHN;BHZ;LHE;LHN;LHZ,"""""",2020.0,2026.0,2020-09-23T00:00:00,2599-12-31T23:59:59,,200,,1
AK,SPIA,AK.SPIA,ROUTED,IRISDMC,IRIS,https://service.earthscope.org/fdsnws/dataselect/1/,24,BHE;BHN;BHZ;HHE;HHN;HHZ;LHE;LHN;LHZ,"""""",2000.0,2026.0,2000-09-19T00:00:00,2599-12-31T23:59:59,,200,,1
AL,A032,AL.A032,NO_WANTED_BAND,IRISDMC,,,3,LLA;LLB;LLC,,,,,,,404,,1
AP,PVFF,AP.PVFF,NO_WANTED_BAND,IRISDMC,,,9,CNE;CNN;CNZ,,,,,,,404,,1
AT,MID,AT.MID,ROUTED,IRISDMC,IRIS,https://service.earthscope.org/fdsnws/dataselect/1/,3,BHE;BHN;BHZ,"""""",2007.0,2026.0,2007-10-18T00:00:00,2599-12-31T23:59:59,,200,,1
AT,SMY,AT.SMY,ROUTED,IRISDMC,IRIS,https://service.earthscope.org/fdsnws/dataselect/1/,15,BHE;BHN;BHZ;LHE;LHN;LHZ,"""""",2000.0,2026.0,2000-02-15T00:00:00,2599-12-31T23:59:59,,200,,1
BL,CMPA,BL.CMPA,ROUTED,IRISDMC;USPSC,IRIS;USP,https://service.earthscope.org/fdsnws/dataselect/1/,54,BHE;BHN;BHZ;HHE;HHN;HHZ;SHE;SHN;SHZ,02;10;50,2004.0,2006.0,2004-06-28T00:00:00,2006-09-11T14:47:00,,200,,1
BL,COR2,BL.COR2,ROUTED,IRISDMC;USPSC,IRIS;USP,https://service.earthscope.org/fdsnws/dataselect/1/,12,SHE;SHN;SHZ,10;50,1999.0,2000.0,1999-10-07T13:15:34,2000-05-23T13:28:05,,200,,1
BL,GNSA,BL.GNSA,ROUTED,IRISDMC;USPSC,IRIS;USP,https://service.earthscope.org/fdsnws/dataselect/1/,15,SHE;SHN;SHZ,10;50,2001.0,2001.0,2001-09-14T21:45:00,2001-11-10T10:51:06,,200,,1
BL,IGCB,BL.IGCB,ROUTED,IRISDMC;USPSC,IRIS;USP,https://service.earthscope.org/fdsnws/dataselect/1/,12,BHE;BHN;BHZ;SHE;SHN;SHZ,00,2003.0,2004.0,2003-04-22T00:00:00,2004-05-20T23:59:59,,200,,1
BL,NUPA,BL.NUPA,ROUTED,IRISDMC;USPSC,IRIS;USP,https://service.earthscope.org/fdsnws/dataselect/1/,19,BHZ;SHE;SHN;SHZ,01;10;50,2002.0,2003.0,2002-11-02T20:14:00,2003-08-28T17:00:00,,200,,1
BL,SNVB,BL.SNVB,ROUTED,IRISDMC;USPSC,IRIS;USP,https://service.earthscope.org/fdsnws/dataselect/1/,9,BHE;BHN;BHZ,00,2000.0,2004.0,2000-09-20T00:00:00,2004-05-27T00:00:00,,200,,1
BL,UNIA,BL.UNIA,ROUTED,IRISDMC;USPSC,IRIS;USP,https://service.earthscope.org/fdsnws/dataselect/1/,24,SHE;SHN;SHZ,02;10;50,2004.0,2004.0,2004-04-03T18:40:58,2004-09-18T11:30:00,,200,,1
BX,KGCAE,BX.KGCAE,ROUTED,IRISDMC,IRIS,https://service.earthscope.org/fdsnws/dataselect/1/,6,BHE;BHN;BHZ;LHE;LHN;LHZ,"""""",2018.0,2026.0,2018-02-17T00:00:00,2599-12-31T23:59:59,,200,,1
BX,LKGWB,BX.LKGWB,ROUTED,IRISDMC,IRIS,https://service.earthscope.org/fdsnws/dataselect/1/,6,BHE;BHN;BHZ;LHE;LHN;LHZ,"""""",2018.0,2026.0,2018-02-17T00:00:00,2599-12-31T23:59:59,,200,,1
BX,XAUDM,BX.XAUDM,ROUTED,IRISDMC,IRIS,https://service.earthscope.org/fdsnws/dataselect/1/,6,BHE;BHN;BHZ;LHE;LHN;LHZ,"""""",2018.0,2026.0,2018-02-17T00:00:00,2599-12-31T23:59:59,,200,,1
C1,AF02,C1.AF02,ROUTED,IRISDMC,IRIS,https://service.earthscope.org/fdsnws/dataselect/1/,9,BHE;BHN;BHZ;HHE;HHN;HHZ;LHE;LHN;LHZ,"""""",2025.0,2026.0,2025-06-10T19:20:00,2599-12-31T23:59:59,,200,,1
C1,LR04,C1.LR04,ROUTED,IRISDMC,IRIS,https://service.earthscope.org/fdsnws/dataselect/1/,9,BHE;BHN;BHZ;HHE;HHN;HHZ;LHE;LHN;LHZ,"""""",2015.0,2026.0,2015-09-13T00:00:00,2599-12-31T23:59:59,,200,,1
C1,MG02,C1.MG02,ROUTED,IRISDMC,IRIS,https://service.earthscope.org/fdsnws/dataselect/1/,9,BHE;BHN;BHZ;HHE;HHN;HHZ;LHE;LHN;LHZ,"""""",2014.0,2026.0,2014-12-20T00:00:00,2599-12-31T23:59:59,,200,,1
C8,BNKB,C8.BNKB,ROUTED,IRISDMC,IRIS,https://service.earthscope.org/fdsnws/dataselect/1/,3,HHE;HHN;HHZ,"""""",2014.0,2026.0,2014-08-20T03:00:00,2599-12-31T23:59:59,,200,,1
C8,FORQ,C8.FORQ,ROUTED,IRISDMC,IRIS,https://service.earthscope.org/fdsnws/dataselect/1/,3,HHE;HHN;HHZ,"""""",2015.0,2019.0,2015-10-22T19:26:00,2019-06-18T14:20:00,,200,,1
C8,LR4Q,C8.LR4Q,ROUTED,IRISDMC,IRIS,https://service.earthscope.org/fdsnws/dataselect/1/,3,EHE;EHN;EHZ,"""""",2017.0,2018.0,2017-05-30T20:00:00,2018-12-31T23:59:00,,200,,1
C8,MWAB,C8.MWAB,ROUTED,IRISDMC,IRIS,https://service.earthscope.org/fdsnws/dataselect/1/,3,HHE;HHN;HHZ,"""""",2009.0,2026.0,2009-07-31T21:02:00,2599-12-31T23:59:59,,200,,1
C8,PCAQ,C8.PCAQ,ROUTED,IRISDMC,IRIS,https://service.earthscope.org/fdsnws/dataselect/1/,3,HHE;HHN;HHZ,"""""",2015.0,2026.0,2015-09-17T19:00:00,2599-12-31T23:59:59,,200,,1
CB,GYA,CB.GYA,ROUTED,IRISDMC,IRIS,https://service.earthscope.org/fdsnws/dataselect/1/,3,BHE;BHN;BHZ,00,2007.0,2026.0,2007-07-01T00:00:00,2599-12-31T23:59:59,,200,,1
CB,GZH,CB.GZH,ROUTED,IRISDMC,IRIS,https://service.earthscope.org/fdsnws/dataselect/1/,3,BHE;BHN;BHZ,00,2007.0,2026.0,2007-07-01T00:00:00,2599-12-31T23:59:59,,200,,1
CB,NJ2,CB.NJ2,ROUTED,IRISDMC,IRIS,https://service.earthscope.org/fdsnws/dataselect/1/,3,BHE;BHN;BHZ,00,2007.0,2026.0,2007-07-01T00:00:00,2599-12-31T23:59:59,,200,,1
CB,WHN,CB.WHN,ROUTED,IRISDMC,IRIS,https://service.earthscope.org/fdsnws/dataselect/1/,3,BHE;BHN;BHZ,00,2007.0,2026.0,2007-07-01T00:00:00,2599-12-31T23:59:59,,200,,1
CD,ENH,CD.ENH,ROUTED,IRISDMC,IRIS,https://service.earthscope.org/fdsnws/dataselect/1/,9,BHE;BHN;BHZ;LHE;LHN;LHZ;SHE;SHN;SHZ,"""""",1986.0,1997.0,1986-12-18T00:00:00,1997-09-09T00:00:00,,200,,1
CD,KMI,CD.KMI,ROUTED,IRISDMC,IRIS,https://service.earthscope.org/fdsnws/dataselect/1/,9,BHE;BHN;BHZ;LHE;LHN;LHZ;SHE;SHN;SHZ,"""""",1986.0,1996.0,1986-06-08T00:00:00,1996-04-17T00:00:00,,200,,1
CK,MNAS,CK.MNAS,ROUTED,GEOFON;IRISDMC,GFZ;IRIS,http://geofon.gfz-potsdam.de/fdsnws/dataselect/1/,9,HHE;HHN;HHZ,"""""",2010.0,2026.0,2010-03-21T00:00:00,2599-12-31T23:59:59,,200,,1
CM,TUM,CM.TUM,ROUTED,IRISDMC,IRIS,https://service.earthscope.org/fdsnws/dataselect/1/,19,BHE;BHN;BHZ;EHZ;HHE;HHN;HHZ,00;20,1997.0,2026.0,1997-01-28T00:00:00,2599-12-31T23:59:59,,200,,1
CS,GUM,CS.GUM,ROUTED,IRISDMC,IRIS,https://service.earthscope.org/fdsnws/dataselect/1/,5,SHE;SHN;SHZ,"""""",1990.0,1994.0,1990-01-01T00:00:00,1994-12-31T23:59:59,,200,,1
CW,CAMR,CW.CAMR,ROUTED,IRISDMC,IRIS,https://service.earthscope.org/fdsnws/dataselect/1/,3,HHE;HHN;HHZ,00,2016.0,2026.0,2016-02-01T00:00:00,2599-12-31T23:59:59,,200,,1
CW,CCCC,CW.CCCC,ROUTED,IRISDMC,IRIS,https://service.earthscope.org/fdsnws/dataselect/1/,3,HHE;HHN;HHZ,00,2010.0,2026.0,2010-09-01T00:00:00,2599-12-31T23:59:59,,200,,1
CW,GNEO,CW.GNEO,ROUTED,IRISDMC,IRIS,https://service.earthscope.org/fdsnws/dataselect/1/,3,HHE;HHN;HHZ,00,2017.0,2026.0,2017-05-24T00:00:00,2599-12-31T23:59:59,,200,,1
CY,CBCY,CY.CBCY,ROUTED,IRISDMC,IRIS,https://service.earthscope.org/fdsnws/dataselect/1/,6,HHE;HHN;HHZ,""""";01",2011.0,2026.0,2011-01-01T00:00:00,2599-12-31T23:59:59,,200,,1
CZ,BEDC,CZ.BEDC,ROUTED,GEOFON,GFZ,http://geofon.gfz-potsdam.de/fdsnws/dataselect/1/,9,BHE;BHN;BHZ;HHE;HHN;HHZ,GU;S1,2020.0,2026.0,2020-02-28T00:00:00,2599-12-31T23:59:59,,200,,1
CZ,MORC,CZ.MORC,ROUTED,GEOFON,GFZ,http://geofon.gfz-potsdam.de/fdsnws/dataselect/1/,15,BHE;BHN;BHZ;EHE;EHN;EHZ;HHE;HHN;HHZ,"""""",1993.0,2026.0,1993-09-27T00:00:00,2599-12-31T23:59:59,,200,,1
CZ,PRIC,CZ.PRIC,ROUTED,GEOFON,GFZ,http://geofon.gfz-potsdam.de/fdsnws/dataselect/1/,27,BHE;BHN;BHZ;HHE;HHN;HHZ;LHE;LHN;LHZ,"""""",2019.0,2026.0,2019-08-29T00:00:00,2599-12-31T23:59:59,,200,,1
CZ,TREC,CZ.TREC,ROUTED,GEOFON,GFZ,http://geofon.gfz-potsdam.de/fdsnws/dataselect/1/,48,BHE;BHN;BHZ;HHE;HHN;HHZ;LHE;LHN;LHZ,"""""",2005.0,2026.0,2005-09-08T00:00:00,2599-12-31T23:59:59,,200,,1
DK,DY2G,DK.DY2G,ROUTED,GEOFON;IRISDMC,GFZ;IRIS,http://geofon.gfz-potsdam.de/fdsnws/dataselect/1/,76,BH1;BH2;BHE;BHN;BHZ;HH1;HH2;HHE;HHN;HHZ;LH1;LH2;LHE;LHN;LHZ,""""";00;01;02;10",2000.0,2026.0,2000-05-01T00:00:00,2599-12-31T23:59:59,,200,,1
DK,ICESG,DK.ICESG,ROUTED,IRISDMC,IRIS,https://service.earthscope.org/fdsnws/dataselect/1/,18,BH1;BH2;BHE;BHN;BHZ;HH1;HH2;HHE;HHN;HHZ;LH1;LH2;LHE;LHN;LHZ,""""";00",2011.0,2026.0,2011-06-05T00:00:00,2599-12-31T23:59:59,,200,,1
DK,MUD,DK.MUD,ROUTED,IRISDMC,IRIS,https://service.earthscope.org/fdsnws/dataselect/1/,15,BHE;BHN;BHZ;HHE;HHN;HHZ;LHE;LHN;LHZ,""""";00",2004.0,2026.0,2004-12-04T00:00:00,2599-12-31T23:59:59,,200,,1
DK,NRS,DK.NRS,ROUTED,GEOFON;IRISDMC,GFZ;IRIS,http://geofon.gfz-potsdam.de/fdsnws/dataselect/1/,39,BHE;BHN;BHZ;HHE;HHN;HHZ;LHE;LHN;LHZ,""""";00",2000.0,2026.0,2000-01-01T00:00:00,2599-12-31T23:59:59,,200,,1
DT,SWU,DT.SWU,ROUTED,IRISDMC,IRIS,https://service.earthscope.org/fdsnws/dataselect/1/,12,EHE;EHN;EHZ;HHE;HHN;HHZ,NI;NN,1984.0,1996.0,1984-01-01T00:00:00,1996-12-31T00:00:00,,200,,1
EC,BOSC,EC.BOSC,ROUTED,IRISDMC,IRIS,https://service.earthscope.org/fdsnws/dataselect/1/,3,HHE;HHN;HHZ,"""""",2012.0,2026.0,2012-11-22T00:00:00,2599-12-31T23:59:59,,200,,1
EC,MCRA,EC.MCRA,ROUTED,IRISDMC,IRIS,https://service.earthscope.org/fdsnws/dataselect/1/,6,HHE;HHN;HHZ,"""""",2012.0,2026.0,2012-08-22T00:00:00,2599-12-31T23:59:59,,200,,1
EC,MILO,EC.MILO,ROUTED,IRISDMC,IRIS,https://service.earthscope.org/fdsnws/dataselect/1/,3,HHE;HHN;HHZ,"""""",2012.0,2026.0,2012-05-22T00:00:00,2599-12-31T23:59:59,,200,,1
EC,SALI,EC.SALI,ROUTED,IRISDMC,IRIS,https://service.earthscope.org/fdsnws/dataselect/1/,3,HHE;HHN;HHZ,"""""",2012.0,2026.0,2012-05-16T00:00:00,2599-12-31T23:59:59,,200,,1
EI,IMAC,EI.IMAC,ROUTED,GEOFON;IRISDMC,GFZ;IRIS,http://geofon.gfz-potsdam.de/fdsnws/dataselect/1/,12,BHE;BHN;BHZ;HHE;HHN;HHZ,"""""",2022.0,2026.0,2022-09-23T00:00:00,2599-12-31T23:59:59,,200,,1
EI,IMAY,EI.IMAY,ROUTED,GEOFON;IRISDMC,GFZ;IRIS,http://geofon.gfz-potsdam.de/fdsnws/dataselect/1/,18,BHE;BHN;BHZ;HHE;HHN;HHZ,"""""",2021.0,2026.0,2021-10-14T00:00:00,2599-12-31T23:59:59,,200,,1
EM,PA765,EM.PA765,NO_WANTED_BAND,IRISDMC,,,5,MFE;MFN;MFZ;MQE;MQN,,,,,,,404,,1
EM,PA834,EM.PA834,NO_WANTED_BAND,IRISDMC,,,5,MFE;MFN;MFZ;MQE;MQN,,,,,,,404,,1
EM,PA878,EM.PA878,NO_WANTED_BAND,IRISDMC,,,10,MFE;MFN;MFZ;MQE;MQN,,,,,,,404,,1
EM,PA970,EM.PA970,NO_WANTED_BAND,IRISDMC,,,5,MFE;MFN;MFZ;MQE;MQN,,,,,,,404,,1
EM,TB750,EM.TB750,NO_WANTED_BAND,IRISDMC,,,5,VFE;VFN;VFZ;VQE;VQN,,,,,,,404,,1
EM,TS414,EM.TS414,NO_WANTED_BAND,IRISDMC,,,5,VFE;VFN;VFZ;VQE;VQN,,,,,,,404,,1
EO,KLRS,EO.KLRS,ROUTED,IRISDMC,IRIS,https://service.earthscope.org/fdsnws/dataselect/1/,3,HHE;HHN;HHZ,"""""",2018.0,2026.0,2018-07-13T00:00:00,2599-12-31T23:59:59,,200,,1
EP,CHC4,EP.CHC4,ROUTED,IRISDMC,IRIS,https://service.earthscope.org/fdsnws/dataselect/1/,3,HHE;HHN;HHZ,"""""",2011.0,2026.0,2011-01-28T12:00:00,2599-12-31T23:59:59,,200,,1
ET,CCNC,ET.CCNC,ROUTED,IRISDMC,IRIS,https://service.earthscope.org/fdsnws/dataselect/1/,25,EHE;EHG;EHN;EHZ;HHE;HHN;HHZ,""""";00",2007.0,2026.0,2007-07-10T00:00:00,2599-12-31T23:59:59,,200,,1
G,NOC,G.NOC,ROUTED,RESIF,RESIF,http://ws.resif.fr/fdsnws/dataselect/1/,3,LHE;LHN;LHZ,"""""",1985.0,1987.0,1985-12-08T00:00:00,1987-10-27T00:00:00,,200,,1
G,PCR,G.PCR,NO_WANTED_BAND,IRISDMC;RESIF,,,16,VH1;VH2;VH3;VHZ,,,,,,,404,,1
GB,DRUM,GB.DRUM,ROUTED,IRISDMC,IRIS,https://service.earthscope.org/fdsnws/dataselect/1/,18,BHE;BHN;BHZ;HHE;HHN;HHZ,""""";00",2009.0,2026.0,2009-04-22T00:00:00,2029-12-31T00:00:00,,200,,1
GB,LAWE,GB.LAWE,ROUTED,IRISDMC,IRIS,https://service.earthscope.org/fdsnws/dataselect/1/,24,BHE;BHN;BHZ;HHE;HHN;HHZ,""""";00",2012.0,2026.0,2012-10-26T00:00:00,2029-12-31T00:00:00,,200,,1
GB,LEWI,GB.LEWI,ROUTED,IRISDMC,IRIS,https://service.earthscope.org/fdsnws/dataselect/1/,3,HHE;HHN;HHZ,"""""",2014.0,2020.0,2014-01-29T00:00:00,2020-02-18T00:00:00,,200,,1
GE,GHAR,GE.GHAR,ROUTED,GEOFON,GFZ,http://geofon.gfz-potsdam.de/fdsnws/dataselect/1/,9,BHE;BHN;BHZ;HHE;HHN;HHZ;LHE;LHN;LHZ,"""""",2000.0,2006.0,2000-11-25T00:00:00,2006-12-31T00:00:00,,200,,1
GE,HLG,GE.HLG,ROUTED,GEOFON;IRISDMC,GFZ;IRIS,http://geofon.gfz-potsdam.de/fdsnws/dataselect/1/,33,BHE;BHN;BHZ;HHE;HHN;HHZ;LHE;LHN;LHZ,"""""",2001.0,2026.0,2001-12-14T00:00:00,2599-12-31T23:59:59,,200,,1
GE,MELI,GE.MELI,ROUTED,GEOFON,GFZ,http://geofon.gfz-potsdam.de/fdsnws/dataselect/1/,18,BHE;BHN;BHZ;HHE;HHN;HHZ;LHE;LHN;LHZ,"""""",1999.0,2008.0,1999-12-17T00:00:00,2008-12-31T00:00:00,,200,,1
GE,MLR,GE.MLR,ROUTED,GEOFON,GFZ,http://geofon.gfz-potsdam.de/fdsnws/dataselect/1/,24,BHE;BHN;BHZ;HHE;HHN;HHZ;LHE;LHN;LHZ;SHE;SHN;SHZ,"""""",1994.0,2003.0,1994-09-09T00:00:00,2003-10-11T00:00:00,,200,,1
GE,PUL,GE.PUL,ROUTED,GEOFON;IRISDMC,GFZ;IRIS,http://geofon.gfz-potsdam.de/fdsnws/dataselect/1/,36,BHE;BHN;BHZ;HHE;HHN;HHZ;LHE;LHN;LHZ,"""""",1998.0,2026.0,1998-05-05T00:00:00,2599-12-31T23:59:59,,200,,1
GE,RGN,GE.RGN,ROUTED,GEOFON;IRISDMC,GFZ;IRIS,http://geofon.gfz-potsdam.de/fdsnws/dataselect/1/,36,BHE;BHN;BHZ;HHE;HHN;HHZ;LHE;LHN;LHZ,"""""",1995.0,2026.0,1995-12-01T00:00:00,2599-12-31T23:59:59,,200,,1
GE,RIOB,GE.RIOB,ROUTED,GEOFON,GFZ,http://geofon.gfz-potsdam.de/fdsnws/dataselect/1/,9,BHE;BHN;BHZ;HHE;HHN;HHZ;LHE;LHN;LHZ,"""""",2002.0,2006.0,2002-09-04T00:00:00,2006-04-03T00:00:00,,200,,1
GE,ZKR,GE.ZKR,ROUTED,GEOFON,GFZ,http://geofon.gfz-potsdam.de/fdsnws/dataselect/1/,33,BHE;BHN;BHZ;HHE;HHN;HHZ;LHE;LHN;LHZ;SHE;SHN;SHZ,"""""",2003.0,2026.0,2003-09-09T00:00:00,2599-12-31T23:59:59,,200,,1
GF,TEPE,GF.TEPE,NO_WANTED_BAND,IRISDMC,,,56,BS1;BS2;BS3;BS4;LS1;LS2;LS3;LS4;RCA;RCB;RCC;RCD;RDO;RE1;RE2;REO;RK1;RK2;RKD;RRO;RS1;RS2;RS3;RS4,,,,,,,404,,1
GH,KLEF,GH.KLEF,ROUTED,IRISDMC,IRIS,https://service.earthscope.org/fdsnws/dataselect/1/,3,HHE;HHN;HHZ,"""""",2010.0,2026.0,2010-01-01T00:00:00,2599-12-31T23:59:59,,200,,1
GH,MRON,GH.MRON,ROUTED,IRISDMC,IRIS,https://service.earthscope.org/fdsnws/dataselect/1/,3,HHE;HHN;HHZ,"""""",2010.0,2026.0,2010-01-01T00:00:00,2599-12-31T23:59:59,,200,,1
GH,WEIJ,GH.WEIJ,ROUTED,IRISDMC,IRIS,https://service.earthscope.org/fdsnws/dataselect/1/,3,HHE;HHN;HHZ,"""""",2010.0,2026.0,2010-01-01T00:00:00,2599-12-31T23:59:59,,200,,1
GI,HUBA,GI.HUBA,ROUTED,IRISDMC,IRIS,https://service.earthscope.org/fdsnws/dataselect/1/,3,HHE;HHN;HHZ,"""""",2021.0,2026.0,2021-09-19T00:00:00,2599-12-31T23:59:59,,200,,1
GI,PETF,GI.PETF,ROUTED,IRISDMC,IRIS,https://service.earthscope.org/fdsnws/dataselect/1/,3,HHE;HHN;HHZ,"""""",2013.0,2026.0,2013-01-01T00:00:00,2599-12-31T23:59:59,,200,,1
GS,KS24,GS.KS24,NO_WANTED_BAND,IRISDMC,,,7,BC0;HN1;HN2;HNZ,,,,,,,404,,1
GS,SJPH,GS.SJPH,ROUTED,IRISDMC,IRIS,https://service.earthscope.org/fdsnws/dataselect/1/,6,EHE;EHN;EHZ,00;01,2010.0,2010.0,2010-03-16T00:00:00,2010-06-24T00:00:00,,200,,1
GS,WWHL,GS.WWHL,NO_WANTED_BAND,IRISDMC,,,3,HLE;HLN;HLZ,,,,,,,404,,1
HL,RDO,HL.RDO,ROUTED,IRISDMC;NOA,IRIS;NOA,https://service.earthscope.org/fdsnws/dataselect/1/,24,BHE;BHN;BHZ;HHE;HHN;HHZ;SHE;SHN;SHZ,"""""",1998.0,2026.0,1998-12-15T00:00:00,2599-12-31T23:59:59,,200,,1
HT,AGG,HT.AGG,ROUTED,IRISDMC,IRIS,https://service.earthscope.org/fdsnws/dataselect/1/,6,BHE;BHN;BHZ;HHE;HHN;HHZ,"""""",2006.0,2026.0,2006-01-01T00:00:00,2599-12-31T23:59:59,,200,,1
HV,ANDI,HV.ANDI,ROUTED,IRISDMC,IRIS,https://service.earthscope.org/fdsnws/dataselect/1/,6,HHE;HHN;HHZ,"""""",2022.0,2026.0,2022-09-15T00:00:00,2599-12-31T23:59:59,,200,,1
I0,RD179,I0.RD179,ROUTED,IRISDMC,IRIS,https://service.earthscope.org/fdsnws/dataselect/1/,3,HHE;HHN;HHZ,"""""",2025.0,2026.0,2025-05-15T18:27:40,2030-01-01T00:00:08,,200,,1
ID,SEY,ID.SEY,NO_DATA_AT_SERVICE,,,,0,,,,,,,,404,,1
IE,IRCI,IE.IRCI,ROUTED,IRISDMC,IRIS,https://service.earthscope.org/fdsnws/dataselect/1/,3,EHE;EHN;EHZ,"""""",2002.0,2026.0,2002-01-01T00:00:00,2599-12-31T23:59:59,,200,,1
II,DGAR,II.DGAR,ROUTED,IRISDMC,IRIS,https://service.earthscope.org/fdsnws/dataselect/1/,124,BH1;BH2;BHE;BHN;BHZ;LH1;LH2;LHE;LHN;LHZ,00;10,2004.0,2026.0,2004-01-22T00:00:00,2599-12-31T23:59:59,,200,,2
II,NRIL,II.NRIL,ROUTED,IRISDMC,IRIS,https://service.earthscope.org/fdsnws/dataselect/1/,9,BHE;BHN;BHZ;EHE;EHN;EHZ;LHE;LHN;LHZ,00,1992.0,1999.0,1992-12-15T00:00:00,1999-10-13T23:59:59,,200,,1
II,RPN,II.RPN,ROUTED,IRISDMC,IRIS,https://service.earthscope.org/fdsnws/dataselect/1/,176,BH1;BH2;BHE;BHN;BHZ;LH1;LH2;LHE;LHN;LHZ;MHE;MHN;MHZ,00;10,1987.0,2026.0,1987-06-15T00:00:00,2599-12-31T23:59:59,,200,,1
II,UOSS,II.UOSS,ROUTED,IRISDMC,IRIS,https://service.earthscope.org/fdsnws/dataselect/1/,86,BH1;BH2;BHZ;LH1;LH2;LHZ,00;10,2009.0,2026.0,2009-05-07T00:00:00,2599-12-31T23:59:59,,200,,1
IL,IR3,IL.IR3,NO_WANTED_BAND,IRISDMC,,,3,LLE;LLN;LLZ,,,,,,,404,,1
IM,H01W2,IM.H01W2,NO_WANTED_BAND,IRISDMC,,,2,EDH,,,,,,,404,,1
IM,H10S2,IM.H10S2,NO_WANTED_BAND,IRISDMC,,,1,EDH,,,,,,,404,,1
IM,I04H3,IM.I04H3,NO_WANTED_BAND,IRISDMC,,,1,BDF,,,,,,,404,,1
IM,I18H7,IM.I18H7,NO_WANTED_BAND,IRISDMC,,,2,BDF,,,,,,,404,,1
IM,WK30,IM.WK30,NO_WANTED_BAND,IRISDMC,,,2,EDH,,,,,,,404,,1
IM,WK31,IM.WK31,NO_WANTED_BAND,IRISDMC,,,2,EDH,,,,,,,404,,1
IN,MNC,IN.MNC,ROUTED,IRISDMC,IRIS,https://service.earthscope.org/fdsnws/dataselect/1/,3,HHE;HHN;HHZ,"""""",2008.0,2026.0,2008-01-31T00:00:00,2599-12-31T23:59:59,,200,,1
IU,MACI,IU.MACI,ROUTED,IRISDMC,IRIS,https://service.earthscope.org/fdsnws/dataselect/1/,36,BH1;BH2;BHE;BHN;BHZ;HH1;HH2;HHE;HHN;HHZ;LH1;LH2;LHZ,""""";00;10",2008.0,2026.0,2008-08-01T00:00:00,2599-12-31T23:59:59,,200,,1
IU,MSKU,IU.MSKU,ROUTED,IRISDMC,IRIS,https://service.earthscope.org/fdsnws/dataselect/1/,39,BHE;BHN;BHZ;HHE;HHN;HHZ;LHE;LHN;LHZ,00;10,1999.0,2010.0,1999-02-27T00:00:00,2010-06-16T00:00:00,,200,,1
IU,RAR,IU.RAR,ROUTED,IRISDMC,IRIS,https://service.earthscope.org/fdsnws/dataselect/1/,108,BH1;BH2;BHE;BHN;BHU;BHV;BHW;BHZ;HH1;HH2;HHE;HHN;HHZ;LH1;LH2;LHE;LHN;LHU;LHV;LHW;LHZ,""""";00;10",1992.0,2026.0,1992-03-07T00:00:00,2599-12-31T23:59:59,,200,,1
JM,CVJB,JM.CVJB,ROUTED,IRISDMC,IRIS,https://service.earthscope.org/fdsnws/dataselect/1/,3,HHE;HHN;HHZ,00,2018.0,2026.0,2018-03-08T12:00:00,2599-12-31T23:59:59,,200,,1
JM,YHJB,JM.YHJB,ROUTED,IRISDMC,IRIS,https://service.earthscope.org/fdsnws/dataselect/1/,3,HHE;HHN;HHZ,00,2012.0,2026.0,2012-09-11T12:00:00,2599-12-31T23:59:59,,200,,1
JP,CBIJ,JP.CBIJ,ROUTED,IRISDMC,IRIS,https://service.earthscope.org/fdsnws/dataselect/1/,3,BHE;BHN;BHZ,"""""",1996.0,2013.0,1996-10-07T00:00:00,2013-01-29T00:00:08,,200,,1
JP,JHJ2,JP.JHJ2,ROUTED,IRISDMC,IRIS,https://service.earthscope.org/fdsnws/dataselect/1/,3,BHE;BHN;BHZ,"""""",1996.0,2026.0,1996-10-07T00:00:00,2599-12-31T23:59:59,,200,,1
JP,JNU,JP.JNU,ROUTED,IRISDMC,IRIS,https://service.earthscope.org/fdsnws/dataselect/1/,3,BHE;BHN;BHZ,"""""",1996.0,2026.0,1996-10-16T00:00:00,2599-12-31T23:59:59,,200,,2
JP,JOW,JP.JOW,ROUTED,IRISDMC,IRIS,https://service.earthscope.org/fdsnws/dataselect/1/,3,BHE;BHN;BHZ,"""""",1996.0,2026.0,1996-10-06T00:00:00,2599-12-31T23:59:59,,200,,1
JP,JTM,JP.JTM,ROUTED,IRISDMC,IRIS,https://service.earthscope.org/fdsnws/dataselect/1/,3,BHE;BHN;BHZ,"""""",1996.0,2026.0,1996-10-06T00:00:00,2599-12-31T23:59:59,,200,,1
K5,MONG,K5.MONG,ROUTED,IRISDMC,IRIS,https://service.earthscope.org/fdsnws/dataselect/1/,3,HHE;HHN;HHZ,"""""",2017.0,2026.0,2017-06-25T20:00:00,2599-12-31T23:59:59,,200,,1
KN,ULHL,KN.ULHL,ROUTED,IRISDMC,IRIS,https://service.earthscope.org/fdsnws/dataselect/1/,15,BHE;BHN;BHZ;HHE;HHN;HHZ;LHE;LHN;LHZ,"""""",1994.0,2026.0,1994-09-11T00:00:00,2599-12-31T23:59:59,,200,,1
KR,TRKS,KR.TRKS,ROUTED,IRISDMC,IRIS,https://service.earthscope.org/fdsnws/dataselect/1/,6,BHE;BHN;BHZ;HHE;HHN;HHZ,""""";00",2014.0,2026.0,2014-04-24T00:03:37,2599-12-31T23:59:59,,200,,1
KW,MIB,KW.MIB,ROUTED,IRISDMC,IRIS,https://service.earthscope.org/fdsnws/dataselect/1/,9,BHE;BHN;BHZ;HHE;HHN;HHZ;LHE;LHN;LHZ,"""""",2010.0,2026.0,2010-05-02T00:00:00,2599-12-31T23:59:59,,200,,1
KZ,CHKZ6,KZ.CHKZ6,ROUTED,IRISDMC,IRIS,https://service.earthscope.org/fdsnws/dataselect/1/,6,EHZ;SHZ,"""""",1995.0,2026.0,1995-01-01T00:00:00,2599-12-31T23:59:59,,200,,1
KZ,OTUK,KZ.OTUK,ROUTED,IRISDMC,IRIS,https://service.earthscope.org/fdsnws/dataselect/1/,6,BHE;BHN;BHZ;HHE;HHN;HHZ,"""""",2010.0,2026.0,2010-02-09T00:00:00,2599-12-31T23:59:59,,200,,1
M8,AY52,M8.AY52,ROUTED,IRISDMC,IRIS,https://service.earthscope.org/fdsnws/dataselect/1/,6,HHE;HHN;HHZ;LHE;LHN;LHZ,"""""",2024.0,2026.0,2024-11-14T01:40:00,2599-12-31T23:59:59,,200,,1
M8,MOGAR,M8.MOGAR,ROUTED,IRISDMC,IRIS,https://service.earthscope.org/fdsnws/dataselect/1/,6,HHE;HHN;HHZ;LHE;LHN;LHZ,"""""",2024.0,2026.0,2024-01-09T01:59:00,2599-12-31T23:59:59,,200,,1
M8,MUKOZ,M8.MUKOZ,ROUTED,IRISDMC,IRIS,https://service.earthscope.org/fdsnws/dataselect/1/,6,HHE;HHN;HHZ;LHE;LHN;LHZ,"""""",2025.0,2026.0,2025-12-11T01:26:00,2599-12-31T23:59:59,,200,,1
MH,P0006,MH.P0006,NO_WANTED_BAND,IRISDMC,,,1,BDH,,,,,,,404,,1
MH,P0007,MH.P0007,NO_WANTED_BAND,IRISDMC,,,1,BDH,,,,,,,404,,1
MH,P0008,MH.P0008,NO_WANTED_BAND,IRISDMC,,,1,BDH,,,,,,,404,,1
MH,P0009,MH.P0009,NO_WANTED_BAND,IRISDMC,,,1,BDH,,,,,,,404,,1
MH,P0010,MH.P0010,NO_WANTED_BAND,IRISDMC,,,1,BDH,,,,,,,404,,1
MH,P0011,MH.P0011,NO_WANTED_BAND,IRISDMC,,,1,BDH,,,,,,,404,,1
MH,P0012,MH.P0012,NO_WANTED_BAND,IRISDMC,,,1,BDH,,,,,,,404,,1
MH,P0013,MH.P0013,NO_WANTED_BAND,IRISDMC,,,1,BDH,,,,,,,404,,1
MH,P0016,MH.P0016,NO_WANTED_BAND,IRISDMC,,,1,BDH,,,,,,,404,,1
MH,P0017,MH.P0017,NO_WANTED_BAND,IRISDMC,,,1,BDH,,,,,,,404,,1
MH,P0018,MH.P0018,NO_WANTED_BAND,IRISDMC,,,1,BDH,,,,,,,404,,1
MH,P0019,MH.P0019,NO_WANTED_BAND,IRISDMC,,,1,BDH,,,,,,,404,,1
MH,P0020,MH.P0020,NO_DATA_AT_SERVICE,,,,0,,,,,,,,404,,1
MH,P0021,MH.P0021,NO_WANTED_BAND,IRISDMC,,,1,BDH,,,,,,,404,,1
MH,P0022,MH.P0022,NO_WANTED_BAND,IRISDMC,,,1,BDH,,,,,,,404,,1
MH,P0023,MH.P0023,NO_WANTED_BAND,IRISDMC,,,1,BDH,,,,,,,404,,1
MH,P0024,MH.P0024,NO_WANTED_BAND,IRISDMC,,,1,BDH,,,,,,,404,,1
MH,P0025,MH.P0025,NO_WANTED_BAND,IRISDMC,,,1,BDH,,,,,,,404,,1
MM,MDY,MM.MDY,ROUTED,IRISDMC,IRIS,https://service.earthscope.org/fdsnws/dataselect/1/,6,HHE;HHN;HHZ;LHE;LHN;LHZ,"""""",2016.0,2026.0,2016-01-14T00:00:00,2599-12-31T23:59:59,,200,,1
MM,NGU,MM.NGU,ROUTED,IRISDMC,IRIS,https://service.earthscope.org/fdsnws/dataselect/1/,3,HHE;HHN;HHZ,"""""",2017.0,2026.0,2017-08-10T09:10:57,2599-12-31T23:59:59,,200,,1
MM,TGI,MM.TGI,ROUTED,IRISDMC,IRIS,https://service.earthscope.org/fdsnws/dataselect/1/,3,HHE;HHN;HHZ,"""""",2017.0,2026.0,2017-08-10T09:10:57,2599-12-31T23:59:59,,200,,1
MN,KEG,MN.KEG,ROUTED,INGV,INGV,http://webservices.ingv.it/fdsnws/dataselect/1/,6,BHE;BHN;BHZ;LHE;LHN;LHZ,"""""",1990.0,1999.0,1990-12-03T00:00:00,1999-12-31T23:59:59,,200,,1
MP,AMR2,MP.AMR2,ROUTED,IRISDMC,IRIS,https://service.earthscope.org/fdsnws/dataselect/1/,12,HHE;HHN;HHZ,00;10,2015.0,2026.0,2015-11-07T00:00:00,2599-12-31T23:59:59,,200,,1
MP,ANB2,MP.ANB2,ROUTED,IRISDMC,IRIS,https://service.earthscope.org/fdsnws/dataselect/1/,3,HHE;HHN;HHZ,00,2023.0,2026.0,2023-06-19T00:00:00,2599-12-31T23:59:59,,200,,1
MP,KAR2,MP.KAR2,ROUTED,IRISDMC,IRIS,https://service.earthscope.org/fdsnws/dataselect/1/,6,HHE;HHN;HHZ,00,2017.0,2026.0,2017-01-15T00:00:00,2599-12-31T23:59:59,,200,,1
MP,KUT1,MP.KUT1,ROUTED,IRISDMC,IRIS,https://service.earthscope.org/fdsnws/dataselect/1/,15,HHE;HHN;HHZ,00;10;20,2019.0,2026.0,2019-05-25T00:00:00,2599-12-31T23:59:59,,200,,1
MP,SAM2,MP.SAM2,ROUTED,IRISDMC,IRIS,https://service.earthscope.org/fdsnws/dataselect/1/,3,HHE;HHN;HHZ,00,2023.0,2026.0,2023-03-04T00:00:00,2599-12-31T23:59:59,,200,,1
MP,SLY1,MP.SLY1,ROUTED,IRISDMC,IRIS,https://service.earthscope.org/fdsnws/dataselect/1/,3,HHE;HHN;HHZ,00,2015.0,2026.0,2015-09-15T00:00:00,2599-12-31T23:59:59,,200,,1
MR,MRIV,MR.MRIV,ROUTED,IRISDMC,IRIS,https://service.earthscope.org/fdsnws/dataselect/1/,3,HHE;HHN;HHZ,"""""",2000.0,2026.0,2000-01-01T00:00:00,2599-12-31T23:59:59,,200,,1
MY,KSM,MY.KSM,ROUTED,IRISDMC,IRIS,https://service.earthscope.org/fdsnws/dataselect/1/,9,BHE;BHN;BHZ;HHE;HHN;HHZ;LHE;LHN;LHZ,"""""",2005.0,2026.0,2005-02-17T00:00:00,2599-12-31T23:59:59,,200,,1
N4,060A,N4.060A,ROUTED,IRISDMC,IRIS,https://service.earthscope.org/fdsnws/dataselect/1/,30,BHE;BHN;BHZ;HH1;HH2;HHE;HHN;HHZ;LH1;LH2;LHE;LHN;LHZ,""""";00",2014.0,2026.0,2014-02-04T18:00:21,2599-12-31T23:59:59,,200,,1
N4,257A,N4.257A,ROUTED,IRISDMC,IRIS,https://service.earthscope.org/fdsnws/dataselect/1/,21,BHE;BHN;BHZ;HH1;HH2;HHE;HHN;HHZ;LH1;LH2;LHE;LHN;LHZ,""""";00",2014.0,2026.0,2014-01-21T16:17:08,2599-12-31T23:59:59,,200,,1
N4,553A,N4.553A,ROUTED,IRISDMC,IRIS,https://service.earthscope.org/fdsnws/dataselect/1/,63,BHE;BHN;BHZ;HH1;HH2;HHE;HHN;HHZ;LH1;LH2;LHE;LHN;LHZ,""""";00",2013.0,2026.0,2013-12-16T15:33:23,2599-12-31T23:59:59,,200,,1
N4,G62A,N4.G62A,ROUTED,IRISDMC,IRIS,https://service.earthscope.org/fdsnws/dataselect/1/,27,BHE;BHN;BHZ;HH1;HH2;HHE;HHN;HHZ;LH1;LH2;LHE;LHN;LHZ,""""";00",2015.0,2026.0,2015-09-15T15:51:50,2599-12-31T23:59:59,,200,,1
N4,K43A,N4.K43A,ROUTED,IRISDMC,IRIS,https://service.earthscope.org/fdsnws/dataselect/1/,21,BHE;BHN;BHZ;HH1;HH2;HHE;HHN;HHZ;LH1;LH2;LHE;LHN;LHZ,""""";00",2013.0,2026.0,2013-11-27T16:19:00,2599-12-31T23:59:59,,200,,1
N4,L34B,N4.L34B,ROUTED,IRISDMC,IRIS,https://service.earthscope.org/fdsnws/dataselect/1/,21,BHE;BHN;BHZ;HH1;HH2;HHE;HHN;HHZ;LH1;LH2;LHE;LHN;LHZ,""""";00",2014.0,2026.0,2014-03-22T00:00:00,2599-12-31T23:59:59,,200,,1
N4,N41A,N4.N41A,ROUTED,IRISDMC,IRIS,https://service.earthscope.org/fdsnws/dataselect/1/,24,BHE;BHN;BHZ;HH1;HH2;HHE;HHN;HHZ;LH1;LH2;LHE;LHN;LHZ,""""";00",2013.0,2026.0,2013-11-08T22:51:00,2599-12-31T23:59:59,,200,,1
N4,P38B,N4.P38B,ROUTED,IRISDMC,IRIS,https://service.earthscope.org/fdsnws/dataselect/1/,30,BHE;BHN;BHZ;HH1;HH2;HHE;HHN;HHZ;LH1;LH2;LHE;LHN;LHZ,""""";00",2014.0,2026.0,2014-03-09T00:00:00,2599-12-31T23:59:59,,200,,1
N4,P48A,N4.P48A,ROUTED,IRISDMC,IRIS,https://service.earthscope.org/fdsnws/dataselect/1/,27,BHE;BHN;BHZ;HH1;HH2;HHE;HHN;HHZ;LH1;LH2;LHE;LHN;LHZ,""""";00",2014.0,2026.0,2014-05-02T21:06:00,2599-12-31T23:59:59,,200,,1
N4,P51A,N4.P51A,ROUTED,IRISDMC,IRIS,https://service.earthscope.org/fdsnws/dataselect/1/,9,BHE;BHN;BHZ;HHE;HHN;HHZ;LHE;LHN;LHZ,"""""",2014.0,2018.0,2014-12-01T16:45:59,2018-09-27T22:15:00,,200,,1
N4,R40B,N4.R40B,ROUTED,IRISDMC,IRIS,https://service.earthscope.org/fdsnws/dataselect/1/,39,BHE;BHN;BHZ;HH1;HH2;HHE;HHN;HHZ;LH1;LH2;LHE;LHN;LHZ,""""";00",2014.0,2026.0,2014-03-10T00:00:00,2599-12-31T23:59:59,,200,,1
N4,R53A,N4.R53A,ROUTED,IRISDMC,IRIS,https://service.earthscope.org/fdsnws/dataselect/1/,18,BHE;BHN;BHZ;HHE;HHN;HHZ;LHE;LHN;LHZ,"""""",2014.0,2018.0,2014-12-09T14:48:27,2018-03-09T16:00:00,,200,,1
N4,V51A,N4.V51A,ROUTED,IRISDMC,IRIS,https://service.earthscope.org/fdsnws/dataselect/1/,9,BHE;BHN;BHZ;HHE;HHN;HHZ;LHE;LHN;LHZ,"""""",2014.0,2018.0,2014-03-10T18:18:01,2018-03-07T15:30:00,,200,,1
N4,Y45B,N4.Y45B,ROUTED,IRISDMC,IRIS,https://service.earthscope.org/fdsnws/dataselect/1/,42,BHE;BHN;BHZ;HH1;HH2;HHE;HHN;HHZ;LH1;LH2;LHE;LHN;LHZ,""""";00",2014.0,2026.0,2014-02-25T00:00:00,2599-12-31T23:59:59,,200,,1
NB,AGBR,NB.AGBR,ROUTED,IRISDMC,IRIS,https://service.earthscope.org/fdsnws/dataselect/1/,9,BHE;BHN;BHZ;HHE;HHN;HHZ,01;05;50,2007.0,2008.0,2007-04-11T19:24:00,2008-03-18T23:00:00,,200,,1
NB,OCBR,NB.OCBR,ROUTED,IRISDMC,IRIS,https://service.earthscope.org/fdsnws/dataselect/1/,6,BHE;BHN;BHZ;HHE;HHN;HHZ,01;50,2007.0,2008.0,2007-07-11T22:04:00,2008-07-27T14:00:00,,200,,1
NB,PFBR,NB.PFBR,ROUTED,IRISDMC,IRIS,https://service.earthscope.org/fdsnws/dataselect/1/,6,BHE;BHN;BHZ;HHE;HHN;HHZ,01;50,2007.0,2008.0,2007-08-27T11:07:00,2008-04-30T14:00:00,,200,,1
NB,SBBR,NB.SBBR,ROUTED,IRISDMC,IRIS,https://service.earthscope.org/fdsnws/dataselect/1/,12,BHE;BHN;BHZ;HHE;HHN;HHZ,01;05;50,2007.0,2008.0,2007-08-23T00:00:00,2008-07-30T18:12:00,,200,,1
NI,ZOU2,NI.ZOU2,ROUTED,IRISDMC,IRIS,https://service.earthscope.org/fdsnws/dataselect/1/,3,HHE;HHN;HHZ,"""""",2008.0,2015.0,2008-01-01T12:30:00,2015-12-31T23:59:59,,200,,1
NJ,TORO,NJ.TORO,ROUTED,IRISDMC,IRIS,https://service.earthscope.org/fdsnws/dataselect/1/,6,BHE;BHN;BHZ;HHE;HHN;HHZ,"""""",2009.0,2026.0,2009-01-01T00:00:00,2599-12-31T23:59:59,,200,,1
NM,EUAL,NM.EUAL,ROUTED,IRISDMC,IRIS,https://service.earthscope.org/fdsnws/dataselect/1/,3,HHE;HHN;HHZ,00,2015.0,2015.0,2015-03-31T20:20:00,2015-09-23T16:50:00,,200,,1
NN,DIX,NN.DIX,ROUTED,IRISDMC,IRIS,https://service.earthscope.org/fdsnws/dataselect/1/,9,EHZ;HHE;HHN;HHZ;SHZ,"""""",1980.0,2026.0,1980-01-10T00:00:00,2599-12-31T23:59:59,,200,,1
NQ,SANFE,NQ.SANFE,NO_WANTED_BAND,IRISDMC,,,3,HNE;HNN;HNZ,,,,,,,404,,1
NU,CSGN,NU.CSGN,ROUTED,IRISDMC,IRIS,https://service.earthscope.org/fdsnws/dataselect/1/,7,BHE;BHN;BHZ;EHE;EHN;EHZ,""""";00;01",2010.0,2026.0,2010-10-31T00:00:00,2599-12-31T23:59:59,,200,,1
NU,ESPN,NU.ESPN,ROUTED,GEOFON;IRISDMC,GFZ;IRIS,http://geofon.gfz-potsdam.de/fdsnws/dataselect/1/,21,BHE;BHN;BHZ;HHE;HHN;HHZ;LHE;LHN;LHZ;SHE;SHN;SHZ,"""""",2006.0,2026.0,2006-09-08T00:00:00,2599-12-31T23:59:59,,200,,1
NV,NCBC,NV.NCBC,ROUTED,IRISDMC,IRIS,https://service.earthscope.org/fdsnws/dataselect/1/,18,HHE;HHN;HHZ;LHE;LHN;LHZ;MHE;MHN;MHZ,"""""",2009.0,2026.0,2009-09-07T00:00:00,2599-12-31T23:59:59,,200,,1
NY,MAYO,NY.MAYO,ROUTED,IRISDMC,IRIS,https://service.earthscope.org/fdsnws/dataselect/1/,3,HHE;HHN;HHZ,"""""",2013.0,2026.0,2013-07-01T00:00:00,2599-12-31T23:59:59,,200,,1
NY,TGTN,NY.TGTN,ROUTED,IRISDMC,IRIS,https://service.earthscope.org/fdsnws/dataselect/1/,3,HHE;HHN;HHZ,"""""",2013.0,2026.0,2013-07-01T00:00:00,2599-12-31T23:59:59,,200,,1
NY,WGLY,NY.WGLY,ROUTED,IRISDMC,IRIS,https://service.earthscope.org/fdsnws/dataselect/1/,3,HHE;HHN;HHZ,"""""",2013.0,2021.0,2013-07-01T00:00:00,2021-07-31T00:00:00,,200,,1
OK,RLO2,OK.RLO2,ROUTED,IRISDMC,IRIS,https://service.earthscope.org/fdsnws/dataselect/1/,3,HHE;HHN;HHZ,"""""",2021.0,2026.0,2021-09-02T20:41:00,2599-12-31T23:59:59,,200,,1
OK,WILB,OK.WILB,ROUTED,IRISDMC,IRIS,https://service.earthscope.org/fdsnws/dataselect/1/,3,HHE;HHN;HHZ,"""""",2021.0,2024.0,2021-06-04T19:21:30,2024-06-21T18:57:30,,200,,1
ON,ABR01,ON.ABR01,ROUTED,IRISDMC,IRIS,https://service.earthscope.org/fdsnws/dataselect/1/,3,HHE;HHN;HHZ,"""""",2014.0,2026.0,2014-12-13T00:00:00,2599-12-31T23:59:59,,200,,1
ON,ANA01,ON.ANA01,ROUTED,IRISDMC,IRIS,https://service.earthscope.org/fdsnws/dataselect/1/,3,HHE;HHN;HHZ,"""""",2018.0,2026.0,2018-06-01T00:00:00,2599-12-31T23:59:59,,200,,1
ON,NAN01,ON.NAN01,ROUTED,IRISDMC,IRIS,https://service.earthscope.org/fdsnws/dataselect/1/,7,HH1;HH2;HHE;HHN;HHZ,"""""",2011.0,2026.0,2011-09-09T00:00:00,2599-12-31T23:59:59,,200,,1
ON,PET01,ON.PET01,ROUTED,IRISDMC,IRIS,https://service.earthscope.org/fdsnws/dataselect/1/,9,BHE;BHN;BHZ;HHE;HHN;HHZ;LHE;LHN;LHZ,"""""",2011.0,2026.0,2011-04-04T00:00:00,2599-12-31T23:59:59,,200,,1
ON,RIB01,ON.RIB01,ROUTED,IRISDMC,IRIS,https://service.earthscope.org/fdsnws/dataselect/1/,12,BHE;BHN;BHZ;HHE;HHN;HHZ;LHE;LHN;LHZ,"""""",2011.0,2026.0,2011-04-04T00:00:00,2599-12-31T23:59:59,,200,,1
ON,TIJ01,ON.TIJ01,ROUTED,IRISDMC,IRIS,https://service.earthscope.org/fdsnws/dataselect/1/,12,BHE;BHN;BHZ;HHE;HHN;HHZ;LHE;LHN;LHZ,"""""",2011.0,2026.0,2011-12-01T00:00:00,2599-12-31T23:59:59,,200,,1
ON,VAS01,ON.VAS01,ROUTED,IRISDMC,IRIS,https://service.earthscope.org/fdsnws/dataselect/1/,12,BHE;BHN;BHZ;HHE;HHN;HHZ;LHE;LHN;LHZ,"""""",2011.0,2026.0,2011-09-14T00:00:00,2599-12-31T23:59:59,,200,,1
OV,CCOL,OV.CCOL,ROUTED,IRISDMC,IRIS,https://service.earthscope.org/fdsnws/dataselect/1/,9,BHE;BHN;BHZ;HHE;HHN;HHZ;LHE;LHN;LHZ,"""""",2014.0,2026.0,2014-10-09T20:31:15,2599-12-31T23:59:59,,200,,1
OZ,AWOON,OZ.AWOON,ROUTED,IRISDMC,IRIS,https://service.earthscope.org/fdsnws/dataselect/1/,3,HHE;HHN;HHZ,"""""",2008.0,2026.0,2008-07-02T00:00:00,2599-12-31T23:59:59,,200,,1
OZ,BOGA,OZ.BOGA,ROUTED,IRISDMC,IRIS,https://service.earthscope.org/fdsnws/dataselect/1/,3,HHE;HHN;HHZ,00,2014.0,2026.0,2014-05-15T00:00:00,2599-12-31T23:59:59,,200,,1
OZ,CURRY,OZ.CURRY,ROUTED,IRISDMC,IRIS,https://service.earthscope.org/fdsnws/dataselect/1/,3,HHE;HHN;HHZ,00,2016.0,2026.0,2016-12-18T00:00:00,2599-12-31T23:59:59,,200,,1
OZ,DTMM,OZ.DTMM,ROUTED,IRISDMC,IRIS,https://service.earthscope.org/fdsnws/dataselect/1/,3,HHE;HHN;HHZ,"""""",1989.0,2026.0,1989-06-08T00:00:00,2599-12-31T23:59:59,,200,,1
OZ,GRASY,OZ.GRASY,ROUTED,IRISDMC,IRIS,https://service.earthscope.org/fdsnws/dataselect/1/,4,HHE;HHN;HHZ,00;60,2018.0,2026.0,2018-08-02T00:00:00,2599-12-31T23:59:59,,200,,1
OZ,HKER,OZ.HKER,ROUTED,IRISDMC,IRIS,https://service.earthscope.org/fdsnws/dataselect/1/,2,HHZ,""""";60",2000.0,2026.0,2000-11-02T00:00:00,2599-12-31T23:59:59,,200,,1
OZ,MARG,OZ.MARG,ROUTED,IRISDMC,IRIS,https://service.earthscope.org/fdsnws/dataselect/1/,3,HHE;HHN;HHZ,00,2003.0,2026.0,2003-07-15T00:00:00,2599-12-31T23:59:59,,200,,1
OZ,MILD,OZ.MILD,ROUTED,IRISDMC,IRIS,https://service.earthscope.org/fdsnws/dataselect/1/,2,HHZ,""""";60",2013.0,2026.0,2013-09-25T00:00:00,2599-12-31T23:59:59,,200,,1
OZ,MRAT,OZ.MRAT,ROUTED,IRISDMC,IRIS,https://service.earthscope.org/fdsnws/dataselect/1/,6,HHE;HHN;HHZ,""""";60",2007.0,2026.0,2007-03-06T00:00:00,2599-12-31T23:59:59,,200,,1
OZ,ROBE,OZ.ROBE,ROUTED,IRISDMC,IRIS,https://service.earthscope.org/fdsnws/dataselect/1/,6,HHE;HHN;HHZ,""""";60",2012.0,2026.0,2012-12-11T00:00:00,2599-12-31T23:59:59,,200,,1
OZ,ROWM,OZ.ROWM,ROUTED,IRISDMC,IRIS,https://service.earthscope.org/fdsnws/dataselect/1/,3,HHE;HHN;HHZ,00,1999.0,2026.0,1999-01-29T00:00:00,2599-12-31T23:59:59,,200,,1
OZ,TOT,OZ.TOT,ROUTED,IRISDMC,IRIS,https://service.earthscope.org/fdsnws/dataselect/1/,3,HHE;HHN;HHZ,00,1990.0,2026.0,1990-12-12T00:00:00,2599-12-31T23:59:59,,200,,1
PB,GUAX,PB.GUAX,NO_WANTED_BAND,IRISDMC,,,3,HNE;HNN;HNZ,,,,,,,404,,1
PE,PBL2,PE.PBL2,NO_WANTED_BAND,IRISDMC,,,3,ELE;ELN;ELZ,,,,,,,404,,1
PE,PN1,PE.PN1,NO_WANTED_BAND,IRISDMC,,,3,ELE;ELN;ELZ,,,,,,,404,,1
PM,PMOZ,PM.PMOZ,ROUTED,GEOFON;IRISDMC,GFZ;IRIS,http://geofon.gfz-potsdam.de/fdsnws/dataselect/1/,12,BHE;BHN;BHZ;HHE;HHN;HHZ;LHE;LHN;LHZ,"""""",2008.0,2026.0,2008-10-03T00:00:00,2599-12-31T23:59:59,,200,,1
PO,ACTO,PO.ACTO,ROUTED,IRISDMC,IRIS,https://service.earthscope.org/fdsnws/dataselect/1/,3,HHE;HHN;HHZ,"""""",2009.0,2026.0,2009-04-17T19:22:00,2599-12-31T23:59:59,,200,,1
PO,KJKQ,PO.KJKQ,ROUTED,IRISDMC,IRIS,https://service.earthscope.org/fdsnws/dataselect/1/,3,HHE;HHN;HHZ,"""""",2011.0,2026.0,2011-08-13T00:00:00,2599-12-31T23:59:59,,200,,1
PO,MATQ,PO.MATQ,ROUTED,IRISDMC,IRIS,https://service.earthscope.org/fdsnws/dataselect/1/,3,HHE;HHN;HHZ,"""""",2007.0,2026.0,2007-09-19T16:00:00,2599-12-31T23:59:59,,200,,1
PO,MEDO,PO.MEDO,ROUTED,IRISDMC,IRIS,https://service.earthscope.org/fdsnws/dataselect/1/,3,HHE;HHN;HHZ,"""""",2009.0,2026.0,2009-05-29T19:06:00,2599-12-31T23:59:59,,200,,1
PO,NANL,PO.NANL,ROUTED,IRISDMC,IRIS,https://service.earthscope.org/fdsnws/dataselect/1/,3,HHE;HHN;HHZ,"""""",2011.0,2019.0,2011-07-24T00:00:00,2019-10-03T18:30:00,,200,,1
PO,NWRL,PO.NWRL,ROUTED,IRISDMC,IRIS,https://service.earthscope.org/fdsnws/dataselect/1/,3,HHE;HHN;HHZ,"""""",2011.0,2026.0,2011-07-21T00:00:00,2599-12-31T23:59:59,,200,,1
PQ,KLONY,PQ.KLONY,ROUTED,IRISDMC,IRIS,https://service.earthscope.org/fdsnws/dataselect/1/,3,HHE;HHN;HHZ,"""""",2021.0,2026.0,2021-09-08T00:00:00,2599-12-31T23:59:59,,200,,1
PQ,RICHY,PQ.RICHY,ROUTED,IRISDMC,IRIS,https://service.earthscope.org/fdsnws/dataselect/1/,3,HHE;HHN;HHZ,"""""",2021.0,2026.0,2021-09-10T00:00:00,2599-12-31T23:59:59,,200,,1
PQ,TUKN,PQ.TUKN,ROUTED,IRISDMC,IRIS,https://service.earthscope.org/fdsnws/dataselect/1/,3,HHE;HHN;HHZ,"""""",2022.0,2026.0,2022-07-27T00:00:00,2599-12-31T23:59:59,,200,,1
PQ,ULUN,PQ.ULUN,ROUTED,IRISDMC,IRIS,https://service.earthscope.org/fdsnws/dataselect/1/,3,HHE;HHN;HHZ,"""""",2022.0,2026.0,2022-07-18T00:00:00,2599-12-31T23:59:59,,200,,1
PR,IMPR,PR.IMPR,ROUTED,IRISDMC,IRIS,https://service.earthscope.org/fdsnws/dataselect/1/,9,BHE;BHN;BHZ;HH1;HH2;HHZ,""""";00",2008.0,2026.0,2008-10-22T00:00:00,2599-12-31T23:59:59,,200,,1
PR,SNC1,PR.SNC1,NO_WANTED_BAND,IRISDMC,,,24,DEG;HNE;HNN;HNZ;LCE;LCQ;VEC;VEP,,,,,,,404,,1
PS,GTC1,PS.GTC1,NO_WANTED_BAND,IRISDMC,,,3,EGE;EGN;EGZ,,,,,,,404,,1
QC,00877,QC.00877,NO_WANTED_BAND,IRISDMC,,,3,BN1;BN2;BNZ,,,,,,,404,,1
QZ,CHM,QZ.CHM,NO_WANTED_BAND,IRISDMC,,,20,GAN;GEL;GLA;GLO;GNS;GPL;GST;HNE;HNN;HNZ;LCE;LCQ;LNE;LNN;LNZ;VCO;VDT;VEC;VEI;VPB,,,,,,,404,,1
QZ,SEM,QZ.SEM,NO_WANTED_BAND,IRISDMC,,,20,GAN;GEL;GLA;GLO;GNS;GPL;GST;HNE;HNN;HNZ;LCE;LCQ;LNE;LNN;LNZ;VCO;VDT;VEC;VEI;VPB,,,,,,,404,,1
QZ,TDK,QZ.TDK,NO_WANTED_BAND,IRISDMC,,,20,GAN;GEL;GLA;GLO;GNS;GPL;GST;HNE;HNN;HNZ;LCE;LCQ;LNE;LNN;LNZ;VCO;VDT;VEC;VEI;VPB,,,,,,,404,,1
QZ,ZHTS,QZ.ZHTS,ROUTED,IRISDMC,IRIS,https://service.earthscope.org/fdsnws/dataselect/1/,3,HHE;HHN;HHZ,00,2022.0,2026.0,2022-10-16T17:46:29,2599-12-31T23:59:59,,200,,1
RE,BRBY3,RE.BRBY3,NO_WANTED_BAND,IRISDMC,,,34,EN1;EN2;ENZ;HN1;HN2;HNZ;SOH,,,,,,,404,,1
RM,SZP,RM.SZP,ROUTED,IRISDMC,IRIS,https://service.earthscope.org/fdsnws/dataselect/1/,9,BHE;BHN;BHZ;HHE;HHN;HHZ;LHE;LHN;LHZ,"""""",2008.0,2026.0,2008-04-24T00:00:00,2599-12-31T23:59:59,,200,,1
RU,ANN,RU.ANN,ROUTED,IRISDMC,IRIS,https://service.earthscope.org/fdsnws/dataselect/1/,3,BHE;BHN;BHZ,"""""",2017.0,2019.0,2017-08-28T00:00:00,2019-01-01T00:00:00,,200,,1
RU,ERBR,RU.ERBR,ROUTED,IRISDMC,IRIS,https://service.earthscope.org/fdsnws/dataselect/1/,6,BHE;BHN;BHZ;HHE;HHN;HHZ,"""""",2017.0,2020.0,2017-11-28T00:00:00,2020-09-01T00:00:00,,200,,1
RU,R27,RU.R27,ROUTED,IRISDMC,IRIS,https://service.earthscope.org/fdsnws/dataselect/1/,3,BH1;BH2;BHZ,00,2018.0,2020.0,2018-10-12T21:41:00,2020-05-18T12:08:00,,200,,1
RU,VSLR,RU.VSLR,ROUTED,IRISDMC,IRIS,https://service.earthscope.org/fdsnws/dataselect/1/,6,EHE;EHN;EHZ;SHE;SHN;SHZ,"""""",2017.0,2019.0,2017-08-28T00:00:00,2019-06-30T23:59:59,,200,,1
RV,ASHMA,RV.ASHMA,ROUTED,IRISDMC,IRIS,https://service.earthscope.org/fdsnws/dataselect/1/,3,HHE;HHN;HHZ,"""""",2024.0,2026.0,2024-10-18T18:00:00,2599-12-31T23:59:59,,200,,1
RV,DEDWA,RV.DEDWA,ROUTED,IRISDMC,IRIS,https://service.earthscope.org/fdsnws/dataselect/1/,3,HHE;HHN;HHZ,"""""",2016.0,2026.0,2016-07-13T00:00:00,2599-12-31T23:59:59,,200,,1
RV,KAKWA,RV.KAKWA,ROUTED,IRISDMC,IRIS,https://service.earthscope.org/fdsnws/dataselect/1/,3,HHE;HHN;HHZ,"""""",2021.0,2026.0,2021-09-28T16:00:00,2599-12-31T23:59:59,,200,,1
S1,AUBRM,S1.AUBRM,ROUTED,IRISDMC,IRIS,https://service.earthscope.org/fdsnws/dataselect/1/,6,BHE;BHN;BHZ;HHE;HHN;HHZ,"""""",2019.0,2026.0,2019-07-14T03:52:00,2599-12-31T23:59:59,,200,,1
S1,AUKAT,S1.AUKAT,ROUTED,IRISDMC,IRIS,https://service.earthscope.org/fdsnws/dataselect/1/,12,BHE;BHN;BHZ;HHE;HHN;HHZ,"""""",2013.0,2026.0,2013-08-29T00:00:00,2599-12-31T23:59:59,,200,,1
S1,AUNHS,S1.AUNHS,ROUTED,IRISDMC,IRIS,https://service.earthscope.org/fdsnws/dataselect/1/,6,BHE;BHN;BHZ;HHE;HHN;HHZ,"""""",2013.0,2026.0,2013-08-28T00:00:00,2599-12-31T23:59:59,,200,,1
S1,AUTKS,S1.AUTKS,ROUTED,IRISDMC,IRIS,https://service.earthscope.org/fdsnws/dataselect/1/,6,BHE;BHN;BHZ;HHE;HHN;HHZ,"""""",2014.0,2026.0,2014-02-27T00:00:00,2599-12-31T23:59:59,,200,,1
SC,DAG,SC.DAG,ROUTED,IRISDMC,IRIS,https://service.earthscope.org/fdsnws/dataselect/1/,5,EHZ;HHE;HHN;HHZ,""""";00",1999.0,2026.0,1999-01-01T00:00:00,2599-12-31T23:59:59,,200,,1
SN,WG02,SN.WG02,ROUTED,IRISDMC,IRIS,https://service.earthscope.org/fdsnws/dataselect/1/,3,EHE;EHN;EHZ,"""""",2016.0,2026.0,2016-03-29T16:30:00,2599-12-31T23:59:59,,200,,1
SV,RBDL,SV.RBDL,ROUTED,IRISDMC,IRIS,https://service.earthscope.org/fdsnws/dataselect/1/,3,HHE;HHN;HHZ,"""""",2019.0,2026.0,2019-05-24T18:00:00,2599-12-31T23:59:59,,200,,1
TA,B13A,TA.B13A,ROUTED,IRISDMC,IRIS,https://service.earthscope.org/fdsnws/dataselect/1/,6,BHE;BHN;BHZ;LHE;LHN;LHZ,"""""",2006.0,2009.0,2006-09-25T00:00:00,2009-08-07T22:40:00,,200,,1
TA,B15A,TA.B15A,ROUTED,IRISDMC,IRIS,https://service.earthscope.org/fdsnws/dataselect/1/,6,BHE;BHN;BHZ;LHE;LHN;LHZ,"""""",2007.0,2009.0,2007-09-11T00:00:00,2009-08-14T16:45:00,,200,,1
TA,B18A,TA.B18A,ROUTED,IRISDMC,IRIS,https://service.earthscope.org/fdsnws/dataselect/1/,6,BHE;BHN;BHZ;LHE;LHN;LHZ,"""""",2007.0,2009.0,2007-11-14T00:00:00,2009-09-04T14:45:00,,200,,1
TA,B33A,TA.B33A,ROUTED,IRISDMC,IRIS,https://service.earthscope.org/fdsnws/dataselect/1/,6,BHE;BHN;BHZ;LHE;LHN;LHZ,"""""",2010.0,2012.0,2010-10-22T00:00:00,2012-06-09T16:15:00,,200,,1
TA,C11A,TA.C11A,ROUTED,IRISDMC,IRIS,https://service.earthscope.org/fdsnws/dataselect/1/,6,BHE;BHN;BHZ;LHE;LHN;LHZ,"""""",2007.0,2009.0,2007-08-28T00:00:00,2009-07-18T20:21:22,,200,,1
TA,F34A,TA.F34A,ROUTED,IRISDMC,IRIS,https://service.earthscope.org/fdsnws/dataselect/1/,6,BHE;BHN;BHZ;LHE;LHN;LHZ,"""""",2010.0,2012.0,2010-09-09T00:00:00,2012-07-24T18:20:00,,200,,1
TA,G18A,TA.G18A,ROUTED,IRISDMC,IRIS,https://service.earthscope.org/fdsnws/dataselect/1/,6,BHE;BHN;BHZ;LHE;LHN;LHZ,"""""",2007.0,2009.0,2007-10-28T00:00:00,2009-09-15T17:20:00,,200,,1
TA,G42A,TA.G42A,ROUTED,IRISDMC,IRIS,https://service.earthscope.org/fdsnws/dataselect/1/,6,BHE;BHN;BHZ;LHE;LHN;LHZ,"""""",2011.0,2013.0,2011-09-30T00:00:00,2013-06-04T14:50:00,,200,,1
TA,I40A,TA.I40A,ROUTED,IRISDMC,IRIS,https://service.earthscope.org/fdsnws/dataselect/1/,6,BHE;BHN;BHZ;LHE;LHN;LHZ,"""""",2011.0,2013.0,2011-08-04T00:00:00,2013-06-05T15:45:00,,200,,1
TA,J48A,TA.J48A,ROUTED,IRISDMC,IRIS,https://service.earthscope.org/fdsnws/dataselect/1/,6,BHE;BHN;BHZ;LHE;LHN;LHZ,"""""",2012.0,2014.0,2012-10-13T00:00:00,2014-06-28T14:20:00,,200,,1
TA,J59A,TA.J59A,ROUTED,IRISDMC,IRIS,https://service.earthscope.org/fdsnws/dataselect/1/,9,BHE;BHN;BHZ;HHE;HHN;HHZ;LHE;LHN;LHZ,"""""",2013.0,2015.0,2013-08-27T00:00:00,2015-06-15T16:16:00,,200,,1
TA,K20A,TA.K20A,ROUTED,IRISDMC,IRIS,https://service.earthscope.org/fdsnws/dataselect/1/,6,BHE;BHN;BHZ;LHE;LHN;LHZ,"""""",2007.0,2009.0,2007-11-09T00:00:00,2009-10-08T15:33:08,,200,,1
TA,L39A,TA.L39A,ROUTED,IRISDMC,IRIS,https://service.earthscope.org/fdsnws/dataselect/1/,6,BHE;BHN;BHZ;LHE;LHN;LHZ,"""""",2011.0,2013.0,2011-06-13T00:00:00,2013-06-02T15:25:00,,200,,1
TA,L41A,TA.L41A,ROUTED,IRISDMC,IRIS,https://service.earthscope.org/fdsnws/dataselect/1/,6,BHE;BHN;BHZ;LHE;LHN;LHZ,"""""",2011.0,2013.0,2011-06-09T00:00:00,2013-05-13T20:30:00,,200,,1
TA,M43A,TA.M43A,ROUTED,IRISDMC,IRIS,https://service.earthscope.org/fdsnws/dataselect/1/,12,BHE;BHN;BHZ;LHE;LHN;LHZ,"""""",2011.0,2013.0,2011-10-25T00:00:00,2013-07-13T14:30:00,,200,,1
TA,N49A,TA.N49A,ROUTED,IRISDMC,IRIS,https://service.earthscope.org/fdsnws/dataselect/1/,6,BHE;BHN;BHZ;LHE;LHN;LHZ,"""""",2012.0,2014.0,2012-09-03T00:00:00,2014-05-11T15:00:10,,200,,1
TA,O61A,TA.O61A,ROUTED,IRISDMC,IRIS,https://service.earthscope.org/fdsnws/dataselect/1/,15,BHE;BHN;BHZ;HHE;HHN;HHZ;LHE;LHN;LHZ,"""""",2013.0,2015.0,2013-05-29T00:00:00,2015-05-27T14:35:00,,200,,1
TA,Q42A,TA.Q42A,ROUTED,IRISDMC,IRIS,https://service.earthscope.org/fdsnws/dataselect/1/,12,BHE;BHN;BHZ;LHE;LHN;LHZ,"""""",2011.0,2013.0,2011-05-07T00:00:00,2013-05-29T15:45:00,,200,,1
TA,R37A,TA.R37A,ROUTED,IRISDMC,IRIS,https://service.earthscope.org/fdsnws/dataselect/1/,6,BHE;BHN;BHZ;LHE;LHN;LHZ,"""""",2010.0,2012.0,2010-03-24T00:00:00,2012-03-03T19:35:00,,200,,1
TA,T39A,TA.T39A,ROUTED,IRISDMC,IRIS,https://service.earthscope.org/fdsnws/dataselect/1/,6,BHE;BHN;BHZ;LHE;LHN;LHZ,"""""",2010.0,2012.0,2010-12-16T00:00:00,2012-10-28T18:35:00,,200,,1
TC,ICC3,TC.ICC3,ROUTED,IRISDMC,IRIS,https://service.earthscope.org/fdsnws/dataselect/1/,3,EHE;EHN;EHZ,"""""",2015.0,2018.0,2015-06-22T18:00:00,2018-07-20T00:00:00,,200,,1
TJ,MANEM,TJ.MANEM,ROUTED,IRISDMC,IRIS,https://service.earthscope.org/fdsnws/dataselect/1/,6,HHE;HHN;HHZ,""""";00",2009.0,2026.0,2009-01-01T00:00:00,2599-12-31T23:59:59,,200,,1
TJ,MURGB,TJ.MURGB,ROUTED,IRISDMC,IRIS,https://service.earthscope.org/fdsnws/dataselect/1/,3,HHE;HHN;HHZ,00,2025.0,2026.0,2025-01-09T05:00:00,2599-12-31T23:59:59,,200,,1
TJ,SHAA,TJ.SHAA,ROUTED,IRISDMC,IRIS,https://service.earthscope.org/fdsnws/dataselect/1/,3,HHE;HHN;HHZ,"""""",2009.0,2024.0,2009-01-01T00:00:00,2024-11-03T00:00:00,,200,,1
TM,NONG,TM.NONG,ROUTED,IRISDMC,IRIS,https://service.earthscope.org/fdsnws/dataselect/1/,6,BHE;BHN;BHZ;HHE;HHN;HHZ,""""";00",2009.0,2026.0,2009-01-01T00:00:00,2599-12-31T23:59:59,,200,,1
TM,PANO,TM.PANO,ROUTED,IRISDMC,IRIS,https://service.earthscope.org/fdsnws/dataselect/1/,6,BHE;BHN;BHZ;HHE;HHN;HHZ,""""";00",2009.0,2026.0,2009-01-01T00:00:00,2599-12-31T23:59:59,,200,,1
TM,PHRA,TM.PHRA,ROUTED,IRISDMC,IRIS,https://service.earthscope.org/fdsnws/dataselect/1/,6,BHE;BHN;BHZ;HHE;HHN;HHZ,""""";00",2009.0,2026.0,2009-01-01T00:00:00,2599-12-31T23:59:59,,200,,1
TM,UBPT,TM.UBPT,ROUTED,IRISDMC,IRIS,https://service.earthscope.org/fdsnws/dataselect/1/,6,BHE;BHN;BHZ;HHE;HHN;HHZ,""""";00",2009.0,2026.0,2009-01-01T00:00:00,2599-12-31T23:59:59,,200,,1
TO,CARR,TO.CARR,ROUTED,IRISDMC,IRIS,https://service.earthscope.org/fdsnws/dataselect/1/,6,HHE;HHN;HHZ,""""";01",2004.0,2007.0,2004-12-15T00:00:00,2007-06-09T00:00:00,,200,,2
TO,EGIP,TO.EGIP,ROUTED,IRISDMC,IRIS,https://service.earthscope.org/fdsnws/dataselect/1/,6,HHE;HHN;HHZ,""""";01",2007.0,2009.0,2007-07-03T00:00:00,2009-03-12T00:00:00,,200,,1
TO,MONT,TO.MONT,ROUTED,IRISDMC,IRIS,https://service.earthscope.org/fdsnws/dataselect/1/,6,HHE;HHN;HHZ,""""";01",2007.0,2009.0,2007-07-03T00:00:00,2009-03-12T00:00:00,,200,,1
TO,MULU,TO.MULU,ROUTED,IRISDMC,IRIS,https://service.earthscope.org/fdsnws/dataselect/1/,6,HHE;HHN;HHZ,""""";01",2004.0,2007.0,2004-12-15T00:00:00,2007-06-09T00:00:00,,200,,1
TO,PG01,TO.PG01,ROUTED,IRISDMC,IRIS,https://service.earthscope.org/fdsnws/dataselect/1/,3,HHE;HHN;HHZ,01,2007.0,2013.0,2007-05-28T00:00:00,2013-12-31T00:00:00,,200,,1
TO,PG20,TO.PG20,ROUTED,IRISDMC,IRIS,https://service.earthscope.org/fdsnws/dataselect/1/,3,HHE;HHN;HHZ,01,2007.0,2013.0,2007-05-28T00:00:00,2013-12-31T00:00:00,,200,,1
TO,PH20,TO.PH20,ROUTED,IRISDMC,IRIS,https://service.earthscope.org/fdsnws/dataselect/1/,3,HHE;HHN;HHZ,01,2007.0,2013.0,2007-05-28T00:00:00,2013-12-31T00:00:00,,200,,1
TO,SAFR,TO.SAFR,ROUTED,IRISDMC,IRIS,https://service.earthscope.org/fdsnws/dataselect/1/,6,HHE;HHN;HHZ,""""";01",2004.0,2007.0,2004-12-15T00:00:00,2007-06-09T00:00:00,,200,,1
TR,DLPL,TR.DLPL,ROUTED,IRISDMC,IRIS,https://service.earthscope.org/fdsnws/dataselect/1/,3,BHE;BHN;BHZ,"""""",2007.0,2026.0,2007-05-15T00:00:00,2599-12-31T23:59:59,,200,,1
TT,TAMR,TT.TAMR,ROUTED,GEOFON;IRISDMC,GFZ;IRIS,http://geofon.gfz-potsdam.de/fdsnws/dataselect/1/,11,BHE;BHN;BHZ;HHE;HHN;HHZ;LHE;LHN;LHZ,00;01;02,2010.0,2026.0,2010-01-01T00:00:00,2599-12-31T23:59:59,,200,,1
TT,THTN,TT.THTN,ROUTED,GEOFON;IRISDMC,GFZ;IRIS,http://geofon.gfz-potsdam.de/fdsnws/dataselect/1/,11,BHE;BHN;BHZ;HHE;HHN;HHZ;LHE;LHN;LHZ,00;01;02,2010.0,2026.0,2010-01-01T00:00:00,2599-12-31T23:59:59,,200,,1
TW,VDOS,TW.VDOS,ROUTED,IRISDMC,IRIS,https://service.earthscope.org/fdsnws/dataselect/1/,9,HHE;HHN;HHZ,"""""",2009.0,2026.0,2009-05-06T00:00:00,2599-12-31T23:59:59,,200,,1
TW,VNAS,TW.VNAS,ROUTED,IRISDMC,IRIS,https://service.earthscope.org/fdsnws/dataselect/1/,6,HHE;HHN;HHZ,"""""",2009.0,2026.0,2009-07-16T00:00:00,2599-12-31T23:59:59,,200,,1
TX,ELG6,TX.ELG6,NO_WANTED_BAND,IRISDMC,,,3,CH1;CH2;CHZ,,,,,,,404,,1
UO,TOMA,UO.TOMA,NO_WANTED_BAND,IRISDMC,,,17,GAN;GEL;GLA;GLO;GNS;GPL;GST;HNE;HNN;HNZ;LCE;LCQ;VCO;VDT;VEC;VEI;VPB,,,,,,,404,,1
US,AMTX,US.AMTX,ROUTED,IRISDMC,IRIS,https://service.earthscope.org/fdsnws/dataselect/1/,45,BH1;BH2;BHE;BHN;BHZ;HHE;HHN;HHZ;LH1;LH2;LHE;LHN;LHZ,""""";00",2004.0,2026.0,2004-09-30T00:00:00,2599-12-31T23:59:59,,200,,1
US,GLMI,US.GLMI,ROUTED,IRISDMC,IRIS,https://service.earthscope.org/fdsnws/dataselect/1/,42,BH1;BH2;BHE;BHN;BHZ;HH1;HH2;HHZ;LH1;LH2;LHE;LHN;LHZ,""""";00",2006.0,2026.0,2006-08-10T17:00:00,2599-12-31T23:59:59,,200,,1
US,KNB,US.KNB,ROUTED,IRISDMC,IRIS,https://service.earthscope.org/fdsnws/dataselect/1/,6,BHE;BHN;BHZ;LHE;LHN;LHZ,"""""",1995.0,2003.0,1995-05-17T00:00:00,2003-10-31T23:59:59,,200,,1
US,KSU1,US.KSU1,ROUTED,IRISDMC,IRIS,https://service.earthscope.org/fdsnws/dataselect/1/,132,BH1;BH2;BHE;BHN;BHZ;HH1;HH2;HHZ;LH1;LH2;LHE;LHN;LHZ,""""";00;10;HR",2003.0,2026.0,2003-05-28T00:00:00,2599-12-31T23:59:59,,200,,1
US,MSO,US.MSO,ROUTED,IRISDMC,IRIS,https://service.earthscope.org/fdsnws/dataselect/1/,54,BH1;BH2;BHE;BHN;BHZ;HH1;HH2;HHZ;LH1;LH2;LHE;LHN;LHZ,""""";00",2002.0,2026.0,2002-08-23T00:00:00,2599-12-31T23:59:59,,200,,1
US,OGNE,US.OGNE,ROUTED,IRISDMC,IRIS,https://service.earthscope.org/fdsnws/dataselect/1/,24,BH1;BH2;BHE;BHN;BHZ;LH1;LH2;LHE;LHN;LHZ,""""";00",2007.0,2026.0,2007-06-28T20:00:00,2599-12-31T23:59:59,,200,,1
UU,CVRU,UU.CVRU,ROUTED,IRISDMC,IRIS,https://service.earthscope.org/fdsnws/dataselect/1/,6,HHE;HHN;HHZ,""""";01",2009.0,2026.0,2009-11-27T00:00:00,2599-12-31T23:59:59,,200,,1
UU,HVU,UU.HVU,ROUTED,IRISDMC,IRIS,https://service.earthscope.org/fdsnws/dataselect/1/,25,EHE;EHN;EHZ;HHE;HHN;HHZ,""""";01",1981.0,2026.0,1981-01-01T00:00:00,2599-12-31T23:59:59,,200,,1
UU,RDMU,UU.RDMU,ROUTED,IRISDMC,IRIS,https://service.earthscope.org/fdsnws/dataselect/1/,12,HHE;HHN;HHZ,""""";01",2009.0,2026.0,2009-12-02T00:00:00,2599-12-31T23:59:59,,200,,1
VE,ELOV,VE.ELOV,ROUTED,IRISDMC,IRIS,https://service.earthscope.org/fdsnws/dataselect/1/,3,HHE;HHN;HHZ,"""""",2003.0,2026.0,2003-01-01T00:00:00,2599-12-31T23:59:59,,200,,1
VE,GUNV,VE.GUNV,ROUTED,IRISDMC,IRIS,https://service.earthscope.org/fdsnws/dataselect/1/,3,HHE;HHN;HHZ,"""""",2003.0,2026.0,2003-01-01T00:00:00,2599-12-31T23:59:59,,200,,1
VE,JACV,VE.JACV,ROUTED,IRISDMC,IRIS,https://service.earthscope.org/fdsnws/dataselect/1/,6,BHE;BHN;BHZ;HHE;HHN;HHZ,"""""",2003.0,2026.0,2003-01-01T00:00:00,2599-12-31T23:59:59,,200,,1
VE,LUEV,VE.LUEV,ROUTED,IRISDMC,IRIS,https://service.earthscope.org/fdsnws/dataselect/1/,3,HHE;HHN;HHZ,"""""",2003.0,2026.0,2003-01-01T00:00:00,2599-12-31T23:59:59,,200,,1
VE,PAYV,VE.PAYV,ROUTED,IRISDMC,IRIS,https://service.earthscope.org/fdsnws/dataselect/1/,3,HHE;HHN;HHZ,"""""",2003.0,2026.0,2003-01-01T00:00:00,2599-12-31T23:59:59,,200,,1
VE,RIOV,VE.RIOV,ROUTED,IRISDMC,IRIS,https://service.earthscope.org/fdsnws/dataselect/1/,3,HHE;HHN;HHZ,"""""",2003.0,2005.0,2003-01-01T00:00:00,2005-04-14T00:00:00,,200,,1
X1,LW2,X1.LW2,NO_WANTED_BAND,IRISDMC,,,4,DHE;DHN;DHZ;LOG,,,,,,,404,,1
X1,NKF01,X1.NKF01,ROUTED,IRISDMC,IRIS,https://service.earthscope.org/fdsnws/dataselect/1/,8,BH1;BH2;BHZ;LH1;LH2;LHZ;SHE;SHN,"""""",2004.0,2005.0,2004-05-16T00:00:00,2005-07-06T01:09:33,,200,,1
X2,CRAT,X2.CRAT,ROUTED,IRISDMC,IRIS,https://service.earthscope.org/fdsnws/dataselect/1/,6,BHE;BHN;BHZ;MHE;MHN;MHZ,"""""",2013.0,2014.0,2013-06-07T22:00:00,2014-08-21T17:30:00,,200,,1
X2,PG1,X2.PG1,ROUTED,IRISDMC,IRIS,https://service.earthscope.org/fdsnws/dataselect/1/,6,EHE;EHN;EHZ,"""""",2010.0,2010.0,2010-03-05T00:00:00,2010-03-30T23:59:59,,200,,1
X3,OBS01,X3.OBS01,NO_WANTED_BAND,IRISDMC,,,4,EDH;EL1;EL2;ELZ,,,,,,,404,,1
X4,C13,X4.C13,ROUTED,IRISDMC,IRIS,https://service.earthscope.org/fdsnws/dataselect/1/,3,BHE;BHN;BHZ,"""""",2007.0,2008.0,2007-04-28T00:00:00,2008-05-10T23:59:59,,200,,1
X4,GS01,X4.GS01,ROUTED,IRISDMC,IRIS,https://service.earthscope.org/fdsnws/dataselect/1/,3,BHE;BHN;BHZ,"""""",2007.0,2008.0,2007-07-30T00:00:00,2008-08-09T23:59:59,,200,,1
X4,GS12,X4.GS12,ROUTED,IRISDMC,IRIS,https://service.earthscope.org/fdsnws/dataselect/1/,3,BHE;BHN;BHZ,"""""",2007.0,2008.0,2007-07-30T00:00:00,2008-08-09T23:59:59,,200,,1
X4,GS18,X4.GS18,ROUTED,IRISDMC,IRIS,https://service.earthscope.org/fdsnws/dataselect/1/,3,BHE;BHN;BHZ,"""""",2007.0,2008.0,2007-07-30T00:00:00,2008-08-09T23:59:59,,200,,1
X4,H13,X4.H13,ROUTED,IRISDMC,IRIS,https://service.earthscope.org/fdsnws/dataselect/1/,3,BHE;BHN;BHZ,"""""",2008.0,2009.0,2008-08-19T00:00:00,2009-06-07T23:59:59,,200,,1
X4,H19,X4.H19,ROUTED,IRISDMC,IRIS,https://service.earthscope.org/fdsnws/dataselect/1/,3,BHE;BHN;BHZ,"""""",2008.0,2009.0,2008-08-15T00:00:00,2009-06-07T23:59:59,,200,,1
X4,H22,X4.H22,ROUTED,IRISDMC,IRIS,https://service.earthscope.org/fdsnws/dataselect/1/,3,BHE;BHN;BHZ,"""""",2008.0,2009.0,2008-08-16T00:00:00,2009-06-07T23:59:59,,200,,1
X5,CHIN,X5.CHIN,ROUTED,IRISDMC,IRIS,https://service.earthscope.org/fdsnws/dataselect/1/,3,BHE;BHN;BHZ,"""""",2009.0,2011.0,2009-08-13T00:00:00,2011-12-31T00:00:00,,200,,1
X5,JENN,X5.JENN,ROUTED,IRISDMC,IRIS,https://service.earthscope.org/fdsnws/dataselect/1/,3,BHE;BHN;BHZ,"""""",2010.0,2011.0,2010-09-07T00:00:00,2011-12-31T00:00:00,,200,,1
X5,MARN,X5.MARN,ROUTED,IRISDMC,IRIS,https://service.earthscope.org/fdsnws/dataselect/1/,3,BHE;BHN;BHZ,"""""",2009.0,2011.0,2009-08-25T00:00:00,2011-12-31T00:00:00,,200,,2
X5,MNGN,X5.MNGN,ROUTED,IRISDMC,IRIS,https://service.earthscope.org/fdsnws/dataselect/1/,3,BHE;BHN;BHZ,"""""",2007.0,2011.0,2007-08-04T00:00:00,2011-12-31T00:00:00,,200,,1
X5,NOTN,X5.NOTN,ROUTED,IRISDMC,IRIS,https://service.earthscope.org/fdsnws/dataselect/1/,3,BHE;BHN;BHZ,"""""",2007.0,2010.0,2007-07-20T00:00:00,2010-09-02T00:00:00,,200,,1
X5,PNGN,X5.PNGN,ROUTED,IRISDMC,IRIS,https://service.earthscope.org/fdsnws/dataselect/1/,3,BHE;BHN;BHZ,"""""",2007.0,2011.0,2007-08-15T00:00:00,2011-12-31T23:59:59,,200,,1
X5,SHMN,X5.SHMN,ROUTED,IRISDMC,IRIS,https://service.earthscope.org/fdsnws/dataselect/1/,9,BHE;BHN;BHZ,"""""",2007.0,2010.0,2007-08-08T00:00:00,2010-07-29T00:00:00,,200,,1
X6,DEAD,X6.DEAD,ROUTED,IRISDMC,IRIS,https://service.earthscope.org/fdsnws/dataselect/1/,6,HHE;HHN;HHZ;LHE;LHN;LHZ,"""""",2015.0,2016.0,2015-05-18T22:00:00,2016-09-24T22:00:00,,200,,1
X6,RB1,X6.RB1,NO_WANTED_BAND,IRISDMC,,,4,FH1;FH2;FHZ;LOG,,,,,,,404,,1
X7,MC06,X7.MC06,ROUTED,IRISDMC,IRIS,https://service.earthscope.org/fdsnws/dataselect/1/,3,HHE;HHN;HHZ,"""""",2024.0,2026.0,2024-09-20T10:35:46,2026-08-31T23:59:59,,200,,1
X7,MC14,X7.MC14,ROUTED,IRISDMC,IRIS,https://service.earthscope.org/fdsnws/dataselect/1/,3,HHE;HHN;HHZ,"""""",2024.0,2026.0,2024-09-21T03:40:35,2026-08-31T23:59:59,,200,,1
X8,COSY,X8.COSY,ROUTED,IRISDMC,IRIS,https://service.earthscope.org/fdsnws/dataselect/1/,3,HHE;HHN;HHZ,"""""",2016.0,2017.0,2016-10-09T19:00:00,2017-10-14T15:43:10,,200,,1
X9,T2S4A,X9.T2S4A,NO_WANTED_BAND,IRISDMC,,,20,ACE;EPE;EPN;EPZ;LCE;LCQ;LOG;LPE;LPN;LPZ;OCF;VCO;VEA;VEC;VEP;VKI;VMU;VMV;VMW;VPB,,,,,,,404,,1
X9,YA03,X9.YA03,ROUTED,IRISDMC,IRIS,https://service.earthscope.org/fdsnws/dataselect/1/,3,EH1;EH2;EHZ,"""""",2024.0,2024.0,2024-01-09T19:22:04,2024-02-17T02:26:00,,200,,1
XA,O07H,XA.O07H,ROUTED,IRISDMC,IRIS,https://service.earthscope.org/fdsnws/dataselect/1/,3,SHE;SHN;SHZ,"""""",1987.0,1988.0,1987-09-03T00:00:00,1988-12-30T23:59:59,,200,,1
XA,S11,XA.S11,ROUTED,IRISDMC,IRIS,https://service.earthscope.org/fdsnws/dataselect/1/,4,MH1;MH2;MHZ;SHZ,""""";00",1969.0,1969.0,1969-07-21T03:00:00,1969-08-26T04:00:00,,200,,1
XA,S12,XA.S12,ROUTED,IRISDMC,IRIS,https://service.earthscope.org/fdsnws/dataselect/1/,22,MH1;MH2;MHZ;SHZ,""""";00;01",1969.0,1977.0,1969-11-19T14:23:00,1977-09-30T18:50:00,,200,,1
XA,S14,XA.S14,ROUTED,IRISDMC,IRIS,https://service.earthscope.org/fdsnws/dataselect/1/,10,MH1;MH2;MHE;MHN;MHZ;SHZ,""""";00;01",1971.0,1977.0,1971-02-05T17:44:00,1977-09-30T18:50:00,,200,,1
XA,S15,XA.S15,ROUTED,IRISDMC,IRIS,https://service.earthscope.org/fdsnws/dataselect/1/,16,MH1;MH2;MHE;MHN;MHZ;SHZ,""""";00;01",1971.0,1977.0,1971-07-31T18:52:00,1977-09-30T18:50:00,,200,,1
XA,S16,XA.S16,ROUTED,IRISDMC,IRIS,https://service.earthscope.org/fdsnws/dataselect/1/,16,MH1;MH2;MHZ;SHZ,""""";00;01",1972.0,1977.0,1972-04-21T20:20:00,1977-09-30T18:50:00,,200,,1
XA,SA20,XA.SA20,ROUTED,IRISDMC,IRIS,https://service.earthscope.org/fdsnws/dataselect/1/,6,BHE;BHN;BHZ,"""""",1998.0,1999.0,1998-04-05T08:25:34,1999-12-31T23:59:59,,200,,1
XB,ALIE5,XB.ALIE5,ROUTED,IRISDMC,IRIS,https://service.earthscope.org/fdsnws/dataselect/1/,3,SHE;SHN;SHZ,"""""",2000.0,2001.0,2000-12-13T00:00:00,2001-12-19T23:59:59,,200,,1
XB,CM01,XB.CM01,ROUTED,IRISDMC,IRIS,https://service.earthscope.org/fdsnws/dataselect/1/,6,BHE;BHN;BHZ;LHE;LHN;LHZ,01;02,2006.0,2007.0,2006-01-17T11:40:00,2007-02-28T23:59:59,,200,,1
XB,CM02,XB.CM02,ROUTED,IRISDMC,IRIS,https://service.earthscope.org/fdsnws/dataselect/1/,6,BHE;BHN;BHZ;LHE;LHN;LHZ,01;02,2006.0,2007.0,2006-01-11T15:39:00,2007-02-28T23:59:59,,200,,1
XB,CM11,XB.CM11,ROUTED,IRISDMC,IRIS,https://service.earthscope.org/fdsnws/dataselect/1/,6,BHE;BHN;BHZ;LHE;LHN;LHZ,01;02,2006.0,2007.0,2006-01-20T10:56:00,2007-02-28T23:59:59,,200,,1
XB,CM16,XB.CM16,ROUTED,IRISDMC,IRIS,https://service.earthscope.org/fdsnws/dataselect/1/,12,BHE;BHN;BHZ;LHE;LHN;LHZ,01;02,2006.0,2007.0,2006-01-28T12:20:00,2007-02-28T23:59:59,,200,,1
XB,CM17,XB.CM17,ROUTED,IRISDMC,IRIS,https://service.earthscope.org/fdsnws/dataselect/1/,6,BHE;BHN;BHZ;LHE;LHN;LHZ,01;02,2006.0,2007.0,2006-01-23T10:59:00,2007-02-28T23:59:59,,200,,1
XB,CM24,XB.CM24,ROUTED,IRISDMC,IRIS,https://service.earthscope.org/fdsnws/dataselect/1/,12,BHE;BHN;BHZ;LHE;LHN;LHZ,01;02,2005.0,2007.0,2005-01-15T09:50:37,2007-02-28T23:59:59,,200,,1
XB,CM27,XB.CM27,ROUTED,IRISDMC,IRIS,https://service.earthscope.org/fdsnws/dataselect/1/,6,BHE;BHN;BHZ;LHE;LHN;LHZ,01;02,2006.0,2007.0,2006-01-18T12:44:00,2007-02-28T23:59:59,,200,,1
XB,CM29,XB.CM29,ROUTED,IRISDMC,IRIS,https://service.earthscope.org/fdsnws/dataselect/1/,12,BHE;BHN;BHZ;LHE;LHN;LHZ,01;02,2005.0,2007.0,2005-01-18T10:30:00,2007-02-28T23:59:59,,200,,1
XB,CM31,XB.CM31,ROUTED,IRISDMC,IRIS,https://service.earthscope.org/fdsnws/dataselect/1/,6,BHE;BHN;BHZ;LHE;LHN;LHZ,01;02,2006.0,2007.0,2006-01-24T10:04:00,2007-02-28T23:59:59,,200,,1
XB,ELEF,XB.ELEF,ROUTED,IRISDMC,IRIS,https://service.earthscope.org/fdsnws/dataselect/1/,18,BHE;BHN;BHZ;LHE;LHN;LHZ,""""";01;02",1997.0,1999.0,1997-01-20T20:53:55,1999-12-31T23:59:59,,200,,1
XB,HT12,XB.HT12,NO_WANTED_BAND,IRISDMC,,,21,ACE;EDH;EL1;EL2;ELZ;LCE;LCL;LCQ;LDH;LL1;LL2;LLZ;LOG;OAC;OCF;VCO;VEA;VEC;VEP;VFP;VKI,,,,,,,404,,1
XB,LOWI,XB.LOWI,ROUTED,IRISDMC,IRIS,https://service.earthscope.org/fdsnws/dataselect/1/,27,BHE;BHN;BHZ;LHE;LHN;LHZ,01;02,1997.0,1999.0,1997-12-27T17:53:06,1999-12-31T23:59:59,,200,,1
XB,NRT6,XB.NRT6,NO_WANTED_BAND,IRISDMC,,,21,ACE;EDH;EL1;EL2;ELZ;LCE;LCL;LCQ;LDH;LL1;LL2;LLZ;LOG;OAC;OCF;VCO;VEA;VEC;VEP;VFP;VKI,,,,,,,404,,1
XB,PS16,XB.PS16,ROUTED,IRISDMC,IRIS,https://service.earthscope.org/fdsnws/dataselect/1/,6,BHE;BHN;BHZ;LHE;LHN;LHZ,"""""",2010.0,2012.0,2010-04-17T00:00:00,2012-10-04T23:59:00,,200,,1
XB,PS37,XB.PS37,ROUTED,IRISDMC,IRIS,https://service.earthscope.org/fdsnws/dataselect/1/,6,BHE;BHN;BHZ;LHE;LHN;LHZ,"""""",2010.0,2012.0,2010-04-17T00:00:00,2012-04-16T17:00:00,,200,,1
XC,AMDO,XC.AMDO,ROUTED,IRISDMC,IRIS,https://service.earthscope.org/fdsnws/dataselect/1/,9,BHE;BHN;BHZ;LHE;LHN;LHZ,"""""",1991.0,1992.0,1991-07-02T08:00:00,1992-07-02T09:59:59,,200,,1
XC,FL014,XC.FL014,NO_WANTED_BAND,IRISDMC,,,5,MFE;MFN;MFZ;MQE;MQN,,,,,,,404,,1
XC,FL022,XC.FL022,NO_WANTED_BAND,IRISDMC,,,5,MFE;MFN;MFZ;MQE;MQN,,,,,,,404,,1
XC,NV009,XC.NV009,ROUTED,IRISDMC,IRIS,https://service.earthscope.org/fdsnws/dataselect/1/,6,BHE;BHN;BHZ;LHE;LHN;LHZ,00,2007.0,2009.0,2007-10-14T23:00:00,2009-09-13T22:00:00,,200,,2
XC,NV012,XC.NV012,ROUTED,IRISDMC,IRIS,https://service.earthscope.org/fdsnws/dataselect/1/,6,BHE;BHN;BHZ;LHE;LHN;LHZ,00,2008.0,2009.0,2008-09-05T19:30:00,2009-09-15T22:00:00,,200,,1
XC,OR061,XC.OR061,ROUTED,IRISDMC,IRIS,https://service.earthscope.org/fdsnws/dataselect/1/,6,BHE;BHN;BHZ;LHE;LHN;LHZ,00,2007.0,2008.0,2007-05-24T22:00:00,2008-07-22T22:30:00,,200,,1
XD,C02,XD.C02,ROUTED,IRISDMC,IRIS,https://service.earthscope.org/fdsnws/dataselect/1/,12,BHE;BHN;BHZ;LHE;LHN;LHZ,"""""",2011.0,2013.0,2011-01-16T00:00:00,2013-03-23T15:20:59,,200,,1
XD,DCD,XD.DCD,ROUTED,IRISDMC,IRIS,https://service.earthscope.org/fdsnws/dataselect/1/,3,BHE;BHN;BHZ,01,2002.0,2003.0,2002-07-21T00:00:00,2003-12-31T23:59:59,,200,,1
XD,DELB,XD.DELB,ROUTED,IRISDMC,IRIS,https://service.earthscope.org/fdsnws/dataselect/1/,3,BHE;BHN;BHZ,01,2001.0,2001.0,2001-01-24T06:35:45,2001-12-31T23:59:59,,200,,1
XD,EBM,XD.EBM,ROUTED,IRISDMC,IRIS,https://service.earthscope.org/fdsnws/dataselect/1/,6,BHE;BHN;BHZ;LHE;LHN;LHZ,01;02,1999.0,2000.0,1999-08-14T02:59:57,2000-12-31T23:59:59,,200,,1
XD,HOT28,XD.HOT28,ROUTED,IRISDMC,IRIS,https://service.earthscope.org/fdsnws/dataselect/1/,56,BH2;BH3;BH5;BH6;BHE;BHN;BHZ;HH2;HH3;HH5;HH6;HHE;HHN;HHZ;LH2;LH3;LH5;LH6;LHE;LHN;LHZ,""""";02;03",1996.0,1998.0,1996-07-03T15:51:57,1998-08-01T15:31:59,,200,,1
XD,JYG,XD.JYG,ROUTED,IRISDMC,IRIS,https://service.earthscope.org/fdsnws/dataselect/1/,3,BHE;BHN;BHZ,01,2002.0,2003.0,2002-11-20T00:00:00,2003-12-31T23:59:59,,200,,1
XD,KUL2,XD.KUL2,ROUTED,IRISDMC,IRIS,https://service.earthscope.org/fdsnws/dataselect/1/,6,BHE;BHN;BHZ;LHE;LHN;LHZ,01;02,1999.0,2000.0,1999-07-26T01:07:10,2000-12-31T23:59:59,,200,,1
XD,MISC,XD.MISC,ROUTED,IRISDMC,IRIS,https://service.earthscope.org/fdsnws/dataselect/1/,12,BHE;BHN;BHZ;LHE;LHN;LHZ,01;02,1999.0,2000.0,1999-07-25T01:42:32,2000-12-31T23:59:59,,200,,1
XD,PSP03,XD.PSP03,ROUTED,IRISDMC,IRIS,https://service.earthscope.org/fdsnws/dataselect/1/,6,BHE;BHN;BHZ;LHE;LHN;LHZ,"""""",2008.0,2010.0,2008-01-16T00:00:00,2010-12-31T23:59:59,,200,,1
XD,ZHY,XD.ZHY,ROUTED,IRISDMC,IRIS,https://service.earthscope.org/fdsnws/dataselect/1/,3,BHE;BHN;BHZ,01,2002.0,2003.0,2002-11-19T00:00:00,2003-12-31T23:59:59,,200,,1
XE,ES03,XE.ES03,ROUTED,IRISDMC,IRIS,https://service.earthscope.org/fdsnws/dataselect/1/,12,BHE;BHN;BHZ;LHE;LHN;LHZ,01;02,2003.0,2004.0,2003-10-13T07:36:22,2004-12-31T23:59:59,,200,,1
XE,ES11,XE.ES11,ROUTED,IRISDMC,IRIS,https://service.earthscope.org/fdsnws/dataselect/1/,12,BHE;BHN;BHZ;LHE;LHN;LHZ,01;02,2003.0,2004.0,2003-07-24T06:50:38,2004-12-31T23:59:59,,200,,1
XE,ES28,XE.ES28,ROUTED,IRISDMC,IRIS,https://service.earthscope.org/fdsnws/dataselect/1/,12,BHE;BHN;BHZ;LHE;LHN;LHZ,01;02,2003.0,2004.0,2003-07-29T10:22:34,2004-12-31T23:59:59,,200,,1
XE,ES31,XE.ES31,ROUTED,IRISDMC,IRIS,https://service.earthscope.org/fdsnws/dataselect/1/,12,BHE;BHN;BHZ;LHE;LHN;LHZ,01;02,2003.0,2004.0,2003-07-27T05:10:54,2004-12-31T23:59:59,,200,,1
XE,SALI,XE.SALI,ROUTED,IRISDMC,IRIS,https://service.earthscope.org/fdsnws/dataselect/1/,6,BHE;BHN;BHZ,"""""",1994.0,1995.0,1994-03-27T18:00:00,1995-12-31T23:59:59,,200,,1
XE,SNP22,XE.SNP22,ROUTED,IRISDMC,IRIS,https://service.earthscope.org/fdsnws/dataselect/1/,6,BHE;BHN;BHZ;LHE;LHN;LHZ,01;02,2005.0,2006.0,2005-06-16T19:00:00,2006-08-10T23:59:59,,200,,1
XE,SNPG9,XE.SNPG9,ROUTED,IRISDMC,IRIS,https://service.earthscope.org/fdsnws/dataselect/1/,30,BH1;BH2;BH3;BHE;BHN;BHZ;LH1;LH2;LH3;LHE;LHN;LHZ,""""";01;02",2006.0,2007.0,2006-08-10T00:00:00,2007-12-31T23:59:59,,200,,1
XE,WC02,XE.WC02,ROUTED,IRISDMC,IRIS,https://service.earthscope.org/fdsnws/dataselect/1/,3,BH1;BH2;BHZ,"""""",2018.0,2019.0,2018-04-25T15:27:00,2019-05-22T03:28:27,,200,,1
XF,B01,XF.B01,ROUTED,GEOFON;IRISDMC,GFZ;IRIS,http://geofon.gfz-potsdam.de/fdsnws/dataselect/1/,4,HH1;HH2;HHZ,"""""",2012.0,2023.0,2012-01-29T17:25:00,2023-02-26T00:00:00,,200,,2
XF,B18,XF.B18,ROUTED,IRISDMC,IRIS,https://service.earthscope.org/fdsnws/dataselect/1/,3,HH1;HH2;HHZ,"""""",2012.0,2013.0,2012-02-03T06:33:00,2013-02-06T01:53:58,,200,,1
XF,E06,XF.E06,ROUTED,GEOFON,GFZ,http://geofon.gfz-potsdam.de/fdsnws/dataselect/1/,1,HHZ,"""""",2023.0,2023.0,2023-02-06T00:00:00,2023-02-26T00:00:00,,200,,1
XF,ET14,XF.ET14,NO_WANTED_BAND,IRISDMC,,,1,CDF,,,,,,,404,,1
XF,H0650,XF.H0650,ROUTED,IRISDMC,IRIS,https://service.earthscope.org/fdsnws/dataselect/1/,12,BHE;BHN;BHZ;LHE;LHN;LHZ,""""";01;02",2003.0,2005.0,2003-05-04T00:00:00,2005-12-31T23:59:59,,200,,1
XF,H1210,XF.H1210,ROUTED,IRISDMC,IRIS,https://service.earthscope.org/fdsnws/dataselect/1/,12,BHE;BHN;BHZ;LHE;LHN;LHZ,""""";01;02",2004.0,2005.0,2004-06-24T00:00:00,2005-12-31T23:59:59,,200,,1
XF,H1415,XF.H1415,ROUTED,IRISDMC,IRIS,https://service.earthscope.org/fdsnws/dataselect/1/,12,BHE;BHN;BHZ;LHE;LHN;LHZ,""""";01;02",2004.0,2005.0,2004-06-19T00:00:00,2005-12-31T23:59:59,,200,,1
XF,H1630,XF.H1630,ROUTED,IRISDMC,IRIS,https://service.earthscope.org/fdsnws/dataselect/1/,12,BHE;BHN;BHZ;LHE;LHN;LHZ,""""";01;02",2004.0,2005.0,2004-06-16T00:00:00,2005-12-31T23:59:59,,200,,1
XF,L02,XF.L02,ROUTED,GEOFON;IRISDMC,GFZ;IRIS,http://geofon.gfz-potsdam.de/fdsnws/dataselect/1/,10,BHE;BHN;BHZ;HHE;HHN;HHZ;LHE;LHN;LHZ,"""""",2000.0,2023.0,2000-09-01T00:00:00,2023-02-26T00:00:00,,200,,1
XF,MA40,XF.MA40,ROUTED,IRISDMC,IRIS,https://service.earthscope.org/fdsnws/dataselect/1/,6,BHE;BHN;BHZ;LHE;LHN;LHZ,00;01;02;30;31;32,2006.0,2007.0,2006-01-20T00:00:00,2007-09-09T23:59:59,,200,,1
XF,NE2,XF.NE2,ROUTED,IRISDMC,IRIS,https://service.earthscope.org/fdsnws/dataselect/1/,9,BH1;BH2;BHZ;HH1;HH2;HHZ;LH1;LH2;LHZ,00,2014.0,2016.0,2014-06-13T15:00:00,2016-06-06T15:35:00,,200,,1
XF,NE3,XF.NE3,ROUTED,IRISDMC,IRIS,https://service.earthscope.org/fdsnws/dataselect/1/,9,BH1;BH2;BHZ;HH1;HH2;HHZ;LH1;LH2;LHZ,00,2014.0,2016.0,2014-06-16T14:35:00,2016-06-09T14:05:00,,200,,1
XF,NE6,XF.NE6,ROUTED,IRISDMC,IRIS,https://service.earthscope.org/fdsnws/dataselect/1/,9,BH1;BH2;BHZ;HH1;HH2;HHZ;LH1;LH2;LHZ,00,2014.0,2016.0,2014-06-14T18:30:00,2016-06-11T18:55:00,,200,,1
XF,NG010,XF.NG010,ROUTED,IRISDMC,IRIS,https://service.earthscope.org/fdsnws/dataselect/1/,6,BHE;BHN;BHZ;LHE;LHN;LHZ,01;02,2002.0,2005.0,2002-11-02T00:00:00,2005-12-31T23:59:59,,200,,1
XG,CES,XG.CES,ROUTED,IRISDMC,IRIS,https://service.earthscope.org/fdsnws/dataselect/1/,15,BHE;BHN;BHZ;MHE;MHN;MHZ,01;02;03,1992.0,1992.0,1992-05-23T00:00:00,1992-12-30T23:59:59,,200,,1
XG,DGSU,XG.DGSU,ROUTED,IRISDMC,IRIS,https://service.earthscope.org/fdsnws/dataselect/1/,12,BHE;BHN;BHZ;LHE;LHN;LHZ,01;02,1999.0,2001.0,1999-10-29T11:45:05,2001-12-31T23:59:59,,200,,1
XG,ERGN,XG.ERGN,ROUTED,IRISDMC,IRIS,https://service.earthscope.org/fdsnws/dataselect/1/,6,BHE;BHN;BHZ;LHE;LHN;LHZ,01;02,1999.0,2001.0,1999-11-04T09:26:44,2001-12-31T23:59:59,,200,,1
XG,KTLN,XG.KTLN,ROUTED,IRISDMC,IRIS,https://service.earthscope.org/fdsnws/dataselect/1/,24,BHE;BHN;BHZ;LHE;LHN;LHZ,01;02,1999.0,2001.0,1999-11-04T05:56:47,2001-12-31T23:59:59,,200,,1
XG,MSDY,XG.MSDY,ROUTED,IRISDMC,IRIS,https://service.earthscope.org/fdsnws/dataselect/1/,12,BHE;BHN;BHZ;LHE;LHN;LHZ,01;02,1999.0,2001.0,1999-10-31T10:33:54,2001-12-31T23:59:59,,200,,1
XG,SQUAN,XG.SQUAN,ROUTED,IRISDMC,IRIS,https://service.earthscope.org/fdsnws/dataselect/1/,10,BHE;BHN;BHZ;HHE;HHN;HHZ;LHE;LHN;LHZ,""""";01;02;03",2005.0,2008.0,2005-10-29T00:00:00,2008-12-29T23:59:59,,200,,1
XH,DR02,XH.DR02,ROUTED,IRISDMC,IRIS,https://service.earthscope.org/fdsnws/dataselect/1/,9,BHE;BHN;BHZ;HHE;HHN;HHZ;LHE;LHN;LHZ,"""""",2014.0,2016.0,2014-11-21T00:00:00,2016-12-11T23:59:59,,200,,1
XH,DR15,XH.DR15,ROUTED,IRISDMC,IRIS,https://service.earthscope.org/fdsnws/dataselect/1/,9,BHE;BHN;BHZ;HHE;HHN;HHZ;LHE;LHN;LHZ,"""""",2014.0,2016.0,2014-11-19T00:00:00,2016-11-12T23:59:59,,200,,1
XH,DR16,XH.DR16,ROUTED,IRISDMC,IRIS,https://service.earthscope.org/fdsnws/dataselect/1/,9,BHE;BHN;BHZ;HHE;HHN;HHZ;LHE;LHN;LHZ,"""""",2014.0,2016.0,2014-11-09T00:00:00,2016-11-16T23:59:59,,200,,1
XH,ESP03,XH.ESP03,ROUTED,IRISDMC,IRIS,https://service.earthscope.org/fdsnws/dataselect/1/,6,BHE;BHN;BHZ;LHE;LHN;LHZ,01;02,2008.0,2010.0,2008-08-26T14:00:00,2010-12-31T23:59:59,,200,,1
XH,KUL,XH.KUL,ROUTED,IRISDMC,IRIS,https://service.earthscope.org/fdsnws/dataselect/1/,6,BHE;BHN;BHZ,01,2002.0,2003.0,2002-12-22T12:21:08,2003-12-31T23:59:59,,200,,1
XH,RS02,XH.RS02,ROUTED,IRISDMC,IRIS,https://service.earthscope.org/fdsnws/dataselect/1/,9,BHE;BHN;BHZ;HHE;HHN;HHZ;LHE;LHN;LHZ,"""""",2014.0,2016.0,2014-11-10T04:00:00,2016-11-12T23:59:59,,200,,2
XH,RTS,XH.RTS,ROUTED,IRISDMC,IRIS,https://service.earthscope.org/fdsnws/dataselect/1/,3,BHE;BHN;BHZ,"""""",1994.0,1995.0,1994-11-13T18:20:00,1995-12-31T23:59:59,,200,,1
XH,S22,XH.S22,ROUTED,IRISDMC,IRIS,https://service.earthscope.org/fdsnws/dataselect/1/,3,HHE;HHN;HHZ,"""""",2001.0,2001.0,2001-01-01T00:00:00,2001-12-31T23:59:59,,200,,1
XI,CX111,XI.CX111,ROUTED,IRISDMC,IRIS,https://service.earthscope.org/fdsnws/dataselect/1/,3,HHE;HHN;HHZ,"""""",2005.0,2005.0,2005-01-04T00:00:00,2005-02-18T20:00:00,,200,,1
XI,D55,XI.D55,NO_WANTED_BAND,IRISDMC,,,23,ACE;EDH;EL1;EL2;ELZ;LCE;LCQ;LDH;LL1;LL2;LLZ;LOG;OAC;OCF;VCO;VEA;VEC;VEP;VFP;VKI;VM1;VM2;VMZ,,,,,,,404,,1
XI,HOSA,XI.HOSA,ROUTED,IRISDMC,IRIS,https://service.earthscope.org/fdsnws/dataselect/1/,6,BHE;BHN;BHZ;LHE;LHN;LHZ,01;02,2001.0,2002.0,2001-02-28T14:02:34,2002-12-31T23:59:59,,200,,2
XI,KITU,XI.KITU,ROUTED,IRISDMC,IRIS,https://service.earthscope.org/fdsnws/dataselect/1/,6,BHE;BHN;BHZ,01,2001.0,2002.0,2001-07-13T09:49:51,2002-12-31T23:59:59,,200,,1
XI,KR42,XI.KR42,ROUTED,IRISDMC,IRIS,https://service.earthscope.org/fdsnws/dataselect/1/,9,BHE;BHN;BHZ,01,2000.0,2002.0,2000-10-07T15:32:20,2002-12-31T23:59:59,,200,,1
XI,NDEI,XI.NDEI,ROUTED,IRISDMC,IRIS,https://service.earthscope.org/fdsnws/dataselect/1/,3,BHE;BHN;BHZ,01,2001.0,2002.0,2001-09-02T05:24:23,2002-12-31T23:59:59,,200,,1
XI,SC09,XI.SC09,ROUTED,IRISDMC,IRIS,https://service.earthscope.org/fdsnws/dataselect/1/,6,BHE;BHN;BHZ;LHE;LHN;LHZ,"""""",2011.0,2013.0,2011-06-04T00:00:23,2013-11-01T23:59:59,,200,,1
XI,SC10,XI.SC10,ROUTED,IRISDMC,IRIS,https://service.earthscope.org/fdsnws/dataselect/1/,6,BHE;BHN;BHZ;LHE;LHN;LHZ,"""""",2011.0,2013.0,2011-05-29T00:00:20,2013-11-01T23:59:59,,200,,1
XI,TANG,XI.TANG,ROUTED,IRISDMC,IRIS,https://service.earthscope.org/fdsnws/dataselect/1/,15,EHE;EHN;EHZ,"""""",2008.0,2010.0,2008-11-09T06:48:49,2010-09-24T23:59:59,,200,,1
XJ,BNG,XJ.BNG,ROUTED,IRISDMC,IRIS,https://service.earthscope.org/fdsnws/dataselect/1/,18,BHE;BHN;BHZ;HHE;HHN;HHZ;LHE;LHN;LHZ,"""""",1998.0,1999.0,1998-07-24T03:36:39,1999-12-31T23:59:59,,200,,1
XJ,E40,XJ.E40,ROUTED,IRISDMC,IRIS,https://service.earthscope.org/fdsnws/dataselect/1/,3,HHE;HHN;HHZ,"""""",2002.0,2003.0,2002-10-04T00:00:00,2003-02-02T00:00:00,,200,,1
XJ,LN25,XJ.LN25,ROUTED,IRISDMC,IRIS,https://service.earthscope.org/fdsnws/dataselect/1/,3,BHE;BHN;BHZ,"""""",2013.0,2014.0,2013-01-19T00:00:00,2014-12-05T23:59:59,,200,,1
XJ,PAN,XJ.PAN,ROUTED,IRISDMC,IRIS,https://service.earthscope.org/fdsnws/dataselect/1/,6,BHE;BHN;BHZ;LHE;LHN;LHZ,"""""",1998.0,1999.0,1998-10-05T08:05:19,1999-12-31T23:59:59,,200,,1
XJ,SHO,XJ.SHO,ROUTED,IRISDMC,IRIS,https://service.earthscope.org/fdsnws/dataselect/1/,9,BHE;BHN;BHZ,01,2000.0,2001.0,2000-07-19T02:01:51,2001-12-31T23:59:59,,200,,1
XK,B04KH,XK.B04KH,ROUTED,IRISDMC,IRIS,https://service.earthscope.org/fdsnws/dataselect/1/,6,BHE;BHN;BHZ;LHE;LHN;LHZ,"""""",2012.0,2014.0,2012-05-14T00:00:00,2014-08-30T23:59:59,,200,,1
XK,B07DX,XK.B07DX,ROUTED,IRISDMC,IRIS,https://service.earthscope.org/fdsnws/dataselect/1/,6,BHE;BHN;BHZ;LHE;LHN;LHZ,"""""",2012.0,2014.0,2012-05-14T00:00:00,2014-08-30T23:59:59,,200,,1
XK,HOYT,XK.HOYT,ROUTED,IRISDMC,IRIS,https://service.earthscope.org/fdsnws/dataselect/1/,6,BH2;BH3;BHZ;LH2;LH3;LHZ,01;02,2001.0,2003.0,2001-08-06T15:47:12,2003-12-31T23:59:59,,200,,1
XK,UT65,XK.UT65,ROUTED,IRISDMC,IRIS,https://service.earthscope.org/fdsnws/dataselect/1/,3,BHE;BHN;BHZ,30;31;32,2004.0,2006.0,2004-06-28T00:00:00,2006-09-01T23:59:59,,200,,1
XK,Z04NN,XK.Z04NN,ROUTED,IRISDMC,IRIS,https://service.earthscope.org/fdsnws/dataselect/1/,6,BHE;BHN;BHZ;LHE;LHN;LHZ,"""""",2012.0,2014.0,2012-06-01T00:00:00,2014-08-30T23:59:59,,200,,1
XK,Z09CG,XK.Z09CG,ROUTED,IRISDMC,IRIS,https://service.earthscope.org/fdsnws/dataselect/1/,12,BHE;BHN;BHZ;LHE;LHN;LHZ,"""""",2012.0,2014.0,2012-06-01T00:00:00,2014-08-30T23:59:59,,200,,1
XL,HD68,XL.HD68,ROUTED,IRISDMC,IRIS,https://service.earthscope.org/fdsnws/dataselect/1/,6,HHE;HHN;HHZ;LHE;LHN;LHZ,"""""",2012.0,2014.0,2012-06-10T00:00:00,2014-04-10T23:59:59,,200,,1
XL,HD72,XL.HD72,ROUTED,IRISDMC,IRIS,https://service.earthscope.org/fdsnws/dataselect/1/,6,HHE;HHN;HHZ;LHE;LHN;LHZ,"""""",2012.0,2014.0,2012-06-10T00:00:00,2014-04-10T23:59:59,,200,,1
XL,HMP,XL.HMP,ROUTED,IRISDMC,IRIS,https://service.earthscope.org/fdsnws/dataselect/1/,3,SHE;SHN;SHZ,"""""",1995.0,1996.0,1995-11-05T04:20:30,1996-12-31T23:59:59,,200,,1
XL,MG06,XL.MG06,ROUTED,IRISDMC,IRIS,https://service.earthscope.org/fdsnws/dataselect/1/,3,HHE;HHN;HHZ,"""""",2018.0,2019.0,2018-06-22T17:50:00,2019-10-10T20:02:08,,200,,1
XM,1026,XM.1026,ROUTED,IRISDMC,IRIS,https://service.earthscope.org/fdsnws/dataselect/1/,3,HHE;HHN;HHZ,"""""",2002.0,2003.0,2002-11-25T00:00:00,2003-01-19T00:00:00,,200,,1
XM,1346,XM.1346,ROUTED,IRISDMC,IRIS,https://service.earthscope.org/fdsnws/dataselect/1/,3,HHE;HHN;HHZ,"""""",2002.0,2003.0,2002-12-04T00:00:00,2003-01-19T00:00:00,,200,,1
XM,ANB03,XM.ANB03,ROUTED,IRISDMC,IRIS,https://service.earthscope.org/fdsnws/dataselect/1/,6,HH1;HH2;HHZ;LH1;LH2;LHZ,"""""",2022.0,2024.0,2022-07-28T13:37:37,2024-04-26T17:58:59,,200,,1
XM,ASB08,XM.ASB08,ROUTED,IRISDMC,IRIS,https://service.earthscope.org/fdsnws/dataselect/1/,6,HH1;HH2;HHZ;LH1;LH2;LHZ,"""""",2023.0,2024.0,2023-01-13T14:47:18,2024-04-27T12:10:16,,200,,1
XM,ASB20,XM.ASB20,ROUTED,IRISDMC,IRIS,https://service.earthscope.org/fdsnws/dataselect/1/,6,HH1;HH2;HHZ;LH1;LH2;LHZ,"""""",2023.0,2024.0,2023-01-11T15:37:31,2024-04-25T12:45:09,,200,,1
XM,HB01,XM.HB01,ROUTED,IRISDMC,IRIS,https://service.earthscope.org/fdsnws/dataselect/1/,3,EH1;EH2;EHZ,"""""",2011.0,2011.0,2011-06-16T00:00:00,2011-08-10T23:59:59,,200,,1
XM,NM32,XM.NM32,ROUTED,IRISDMC,IRIS,https://service.earthscope.org/fdsnws/dataselect/1/,3,BHE;BHN;BHZ,01,1999.0,2001.0,1999-09-15T21:39:39,2001-12-31T23:59:59,,200,,1
XM,UT52,XM.UT52,ROUTED,IRISDMC,IRIS,https://service.earthscope.org/fdsnws/dataselect/1/,6,BHE;BHN;BHZ,01,1999.0,2001.0,1999-07-29T19:29:41,2001-12-31T23:59:59,,200,,1
XN,A01,XN.A01,ROUTED,IRISDMC,IRIS,https://service.earthscope.org/fdsnws/dataselect/1/,6,BHE;BHN;BHZ,01,2003.0,2004.0,2003-05-29T21:05:39,2004-05-31T23:59:59,,200,,1
XN,A06,XN.A06,ROUTED,IRISDMC,IRIS,https://service.earthscope.org/fdsnws/dataselect/1/,6,BHE;BHN;BHZ,01,2003.0,2005.0,2003-05-28T03:05:50,2005-12-31T23:59:59,,200,,1
XN,B07,XN.B07,ROUTED,IRISDMC,IRIS,https://service.earthscope.org/fdsnws/dataselect/1/,12,BHE;BHN;BHZ;LHE;LHN;LHZ,01;02,2004.0,2005.0,2004-05-21T18:06:09,2005-12-31T23:59:59,,200,,1
XN,B11,XN.B11,ROUTED,IRISDMC,IRIS,https://service.earthscope.org/fdsnws/dataselect/1/,6,BHE;BHN;BHZ;LHE;LHN;LHZ,01;02,2004.0,2005.0,2004-06-08T22:06:45,2005-12-31T23:59:59,,200,,1
XN,BABAY,XN.BABAY,NO_WANTED_BAND,IRISDMC,,,7,LOG;SGE;SGN;SGZ;SPE;SPN;SPZ,,,,,,,404,,1
XN,BC03,XN.BC03,ROUTED,IRISDMC,IRIS,https://service.earthscope.org/fdsnws/dataselect/1/,6,BHE;BHN;BHZ;LHE;LHN;LHZ,01;02,2004.0,2005.0,2004-05-21T23:06:39,2005-12-31T23:59:59,,200,,1
XN,NUMFO,XN.NUMFO,NO_WANTED_BAND,IRISDMC,,,13,LOG;SGE;SGN;SGZ;SPE;SPN;SPZ,,,,,,,404,,1
XN,SARMI,XN.SARMI,NO_WANTED_BAND,IRISDMC,,,13,EGE;EGN;EGZ;EPE;EPN;EPZ;LOG;SGE;SGN;SGZ;SPE;SPN;SPZ,,,,,,,404,,1
XO,ET20,XO.ET20,ROUTED,IRISDMC,IRIS,https://service.earthscope.org/fdsnws/dataselect/1/,6,HHE;HHN;HHZ;LHE;LHN;LHZ,"""""",2018.0,2019.0,2018-06-08T00:00:00,2019-12-31T23:59:59,,200,,1
XO,JSO2,XO.JSO2,ROUTED,IRISDMC,IRIS,https://service.earthscope.org/fdsnws/dataselect/1/,3,BHE;BHN;BHZ,"""""",2007.0,2008.0,2007-06-04T06:45:00,2008-09-06T09:48:00,,200,,1
XO,KH56,XO.KH56,ROUTED,IRISDMC,IRIS,https://service.earthscope.org/fdsnws/dataselect/1/,12,BHE;BHN;BHZ;LHE;LHN;LHZ,"""""",2014.0,2015.0,2014-05-15T20:00:00,2015-10-17T23:59:59,,200,,1
XO,LA32,XO.LA32,ROUTED,IRISDMC,IRIS,https://service.earthscope.org/fdsnws/dataselect/1/,3,HH1;HH2;HHZ,"""""",2018.0,2019.0,2018-05-15T00:00:00,2019-08-22T00:00:08,,200,,1
XO,SARI,XO.SARI,ROUTED,IRISDMC,IRIS,https://service.earthscope.org/fdsnws/dataselect/1/,6,BHE;BHN;BHZ;LHE;LHN;LHZ,01;02,2003.0,2004.0,2003-05-06T08:18:07,2004-12-31T23:59:59,,200,,1
XO,WD49,XO.WD49,ROUTED,IRISDMC,IRIS,https://service.earthscope.org/fdsnws/dataselect/1/,6,HH1;HH2;HHZ;LH1;LH2;LHZ,"""""",2018.0,2019.0,2018-07-13T00:00:00,2019-09-11T23:59:59,,200,,1
XO,WD54,XO.WD54,ROUTED,IRISDMC,IRIS,https://service.earthscope.org/fdsnws/dataselect/1/,6,HH1;HH2;HHZ;LH1;LH2;LHZ,"""""",2018.0,2019.0,2018-07-22T00:00:00,2019-09-11T23:59:59,,200,,1
XO,WD56,XO.WD56,ROUTED,IRISDMC,IRIS,https://service.earthscope.org/fdsnws/dataselect/1/,6,HH1;HH2;HHZ;LH1;LH2;LHZ,"""""",2018.0,2019.0,2018-07-19T00:00:00,2019-08-30T23:59:59,,200,,1
XO,WD60,XO.WD60,ROUTED,IRISDMC,IRIS,https://service.earthscope.org/fdsnws/dataselect/1/,6,HH1;HH2;HHZ;LH1;LH2;LHZ,"""""",2018.0,2019.0,2018-07-14T00:00:00,2019-09-07T23:59:59,,200,,1
XO,WD67,XO.WD67,ROUTED,IRISDMC,IRIS,https://service.earthscope.org/fdsnws/dataselect/1/,6,HH1;HH2;HHZ;LH1;LH2;LHZ,"""""",2018.0,2019.0,2018-07-16T00:00:00,2019-09-07T23:59:59,,200,,1
XO,WD69,XO.WD69,ROUTED,IRISDMC,IRIS,https://service.earthscope.org/fdsnws/dataselect/1/,6,HH1;HH2;HHZ;LH1;LH2;LHZ,"""""",2018.0,2019.0,2018-07-17T00:00:00,2019-09-03T23:59:59,,200,,1
XO,WS72,XO.WS72,ROUTED,IRISDMC,IRIS,https://service.earthscope.org/fdsnws/dataselect/1/,6,HH1;HH2;HHZ;LH1;LH2;LHZ,"""""",2018.0,2019.0,2018-07-21T00:00:00,2019-08-29T23:59:59,,200,,1
XP,DIHI,XP.DIHI,ROUTED,IRISDMC,IRIS,https://service.earthscope.org/fdsnws/dataselect/1/,12,BHE;BHN;BHZ;LHE;LHN;LHZ,01;02,2000.0,2003.0,2000-12-13T01:24:26,2003-12-31T23:59:59,,200,,1
XP,E006,XP.E006,ROUTED,IRISDMC,IRIS,https://service.earthscope.org/fdsnws/dataselect/1/,6,BHE;BHN;BHZ;LHE;LHN;LHZ,01;02,2002.0,2003.0,2002-01-23T21:59:01,2003-12-31T23:59:59,,200,,1
XP,E026,XP.E026,ROUTED,IRISDMC,IRIS,https://service.earthscope.org/fdsnws/dataselect/1/,6,BHE;BHN;BHZ;LHE;LHN;LHZ,01;02,2001.0,2003.0,2001-11-28T01:35:57,2003-12-31T23:59:59,,200,,1
XP,MINN,XP.MINN,ROUTED,IRISDMC,IRIS,https://service.earthscope.org/fdsnws/dataselect/1/,6,BHE;BHN;BHZ;LHE;LHN;LHZ,01;02,2001.0,2003.0,2001-12-03T02:40:01,2003-12-31T23:59:59,,200,,1
XP,N028,XP.N028,ROUTED,IRISDMC,IRIS,https://service.earthscope.org/fdsnws/dataselect/1/,18,BHE;BHN;BHZ;LHE;LHN;LHZ,01;02,2001.0,2003.0,2001-11-18T23:44:36,2003-12-31T23:59:59,,200,,1
XP,N060,XP.N060,ROUTED,IRISDMC,IRIS,https://service.earthscope.org/fdsnws/dataselect/1/,6,BHE;BHN;BHZ;LHE;LHN;LHZ,01;02,2001.0,2003.0,2001-12-07T00:28:48,2003-12-31T23:59:59,,200,,1
XP,N076,XP.N076,ROUTED,IRISDMC,IRIS,https://service.earthscope.org/fdsnws/dataselect/1/,12,BHE;BHN;BHZ;LHE;LHN;LHZ,01;02,2001.0,2003.0,2001-12-08T02:39:26,2003-12-31T23:59:59,,200,,1
XP,N100,XP.N100,ROUTED,IRISDMC,IRIS,https://service.earthscope.org/fdsnws/dataselect/1/,15,BHE;BHN;BHZ;LHE;LHN;LHZ,01;02,2001.0,2003.0,2001-12-02T22:49:24,2003-12-31T23:59:59,,200,,1
XP,N116,XP.N116,ROUTED,IRISDMC,IRIS,https://service.earthscope.org/fdsnws/dataselect/1/,6,BHE;BHN;BHZ;LHE;LHN;LHZ,01;02,2001.0,2003.0,2001-12-05T04:32:30,2003-12-31T23:59:59,,200,,1
XQ,ME10,XQ.ME10,ROUTED,IRISDMC,IRIS,https://service.earthscope.org/fdsnws/dataselect/1/,6,BHE;BHN;BHZ;LHE;LHN;LHZ,01;02,2007.0,2009.0,2007-10-31T00:00:00,2009-12-31T23:59:00,,200,,1
XQ,ME62,XQ.ME62,ROUTED,IRISDMC,IRIS,https://service.earthscope.org/fdsnws/dataselect/1/,12,BHE;BHN;BHZ;LHE;LHN;LHZ,01;02,2007.0,2009.0,2007-07-19T00:00:00,2009-12-31T23:59:00,,200,,1
XR,BB23,XR.BB23,ROUTED,IRISDMC,IRIS,https://service.earthscope.org/fdsnws/dataselect/1/,3,BHE;BHN;BHZ,01,1994.0,1994.0,1994-06-13T06:12:01,1994-12-31T23:59:59,,200,,1
XR,FA14,XR.FA14,ROUTED,IRISDMC,IRIS,https://service.earthscope.org/fdsnws/dataselect/1/,6,BHE;BHN;BHZ;LHE;LHN;LHZ,01;02,2002.0,2002.0,2002-03-14T01:12:14,2002-12-31T23:59:59,,200,,1
XR,FA27,XR.FA27,ROUTED,IRISDMC,IRIS,https://service.earthscope.org/fdsnws/dataselect/1/,18,BHE;BHN;BHZ;LHE;LHN;LHZ,01;02,2001.0,2002.0,2001-06-05T22:15:14,2002-12-31T23:59:59,,200,,1
XR,GTM,XR.GTM,ROUTED,IRISDMC,IRIS,https://service.earthscope.org/fdsnws/dataselect/1/,6,BHE;BHN;BHZ;LHE;LHN;LHZ,01;02,2005.0,2007.0,2005-07-31T00:29:00,2007-12-31T23:59:59,,200,,1
XR,ST40,XR.ST40,ROUTED,IRISDMC,IRIS,https://service.earthscope.org/fdsnws/dataselect/1/,9,BHE;BHN;BHZ;HHE;HHN;HHZ,01;02,1998.0,1999.0,1998-07-12T09:20:10,1999-12-31T23:59:59,,200,,1
XR,W1,XR.W1,ROUTED,IRISDMC,IRIS,https://service.earthscope.org/fdsnws/dataselect/1/,3,BHE;BHN;BHZ,01,1998.0,1999.0,1998-08-02T06:58:26,1999-12-31T23:59:59,,200,,1
XS,I12D,XS.I12D,ROUTED,IRISDMC,IRIS,https://service.earthscope.org/fdsnws/dataselect/1/,3,BH1;BH2;BHZ,00,2016.0,2017.0,2016-03-09T13:00:00,2017-03-17T06:00:00,,200,,1
XS,L02A,XS.L02A,ROUTED,IRISDMC,IRIS,https://service.earthscope.org/fdsnws/dataselect/1/,3,HH1;HH2;HHZ,"""""",2016.0,2017.0,2016-03-06T13:57:07,2017-03-24T21:19:40,,200,,1
XS,L16D,XS.L16D,ROUTED,IRISDMC,IRIS,https://service.earthscope.org/fdsnws/dataselect/1/,3,HH1;HH2;HHZ,"""""",2016.0,2017.0,2016-03-11T03:23:00,2017-03-15T02:28:48,,200,,1
XS,L18D,XS.L18D,ROUTED,IRISDMC,IRIS,https://service.earthscope.org/fdsnws/dataselect/1/,3,HH1;HH2;HHZ,"""""",2016.0,2017.0,2016-03-11T12:42:33,2017-03-14T04:47:43,,200,,1
XS,L37D,XS.L37D,ROUTED,IRISDMC,IRIS,https://service.earthscope.org/fdsnws/dataselect/1/,3,HH1;HH2;HHZ,"""""",2016.0,2017.0,2016-03-19T23:20:02,2017-03-08T05:25:26,,200,,1
XS,L39D,XS.L39D,ROUTED,IRISDMC,IRIS,https://service.earthscope.org/fdsnws/dataselect/1/,3,HH1;HH2;HHZ,"""""",2016.0,2017.0,2016-03-20T19:45:34,2017-03-07T00:23:10,,200,,1
XS,N020,XS.N020,ROUTED,IRISDMC,IRIS,https://service.earthscope.org/fdsnws/dataselect/1/,6,BHE;BHN;BHZ;LHE;LHN;LHZ,01;02,2007.0,2009.0,2007-11-11T09:51:08,2009-04-11T23:59:59,,200,,1
XS,N039,XS.N039,ROUTED,IRISDMC,IRIS,https://service.earthscope.org/fdsnws/dataselect/1/,6,BHE;BHN;BHZ;LHE;LHN;LHZ,01;02,2007.0,2009.0,2007-11-08T05:29:06,2009-04-06T23:59:59,,200,,1
XS,N08,XS.N08,ROUTED,IRISDMC,IRIS,https://service.earthscope.org/fdsnws/dataselect/1/,9,BHE;BHN;BHZ;HHE;HHN;HHZ;LHE;LHN;LHZ,"""""",1999.0,2000.0,1999-08-21T00:00:00,2000-08-23T23:59:59,,200,,1
XS,S009,XS.S009,ROUTED,IRISDMC,IRIS,https://service.earthscope.org/fdsnws/dataselect/1/,6,BHE;BHN;BHZ;LHE;LHN;LHZ,01;02,2006.0,2007.0,2006-06-10T15:01:00,2007-10-11T23:59:59,,200,,1
XS,S037,XS.S037,ROUTED,IRISDMC,IRIS,https://service.earthscope.org/fdsnws/dataselect/1/,6,BHE;BHN;BHZ;LHE;LHN;LHZ,01;02,2006.0,2007.0,2006-06-24T07:35:00,2007-10-25T23:59:59,,200,,1
XS,S040,XS.S040,ROUTED,IRISDMC,IRIS,https://service.earthscope.org/fdsnws/dataselect/1/,6,BHE;BHN;BHZ;LHE;LHN;LHZ,01;02,2006.0,2007.0,2006-06-09T11:57:00,2007-10-17T23:59:59,,200,,1
XT,ABPC,XT.ABPC,ROUTED,IRISDMC,IRIS,https://service.earthscope.org/fdsnws/dataselect/1/,15,BHE;BHN;BHZ;HHE;HHN;HHZ;LHE;LHN;LHZ,""""";01;02",2004.0,2005.0,2004-01-09T00:00:00,2005-05-06T00:00:00,,200,,1
XT,KOS,XT.KOS,ROUTED,IRISDMC,IRIS,https://service.earthscope.org/fdsnws/dataselect/1/,18,BHE;BHN;BHZ,"""""",1994.0,1996.0,1994-01-18T05:24:02,1996-12-31T23:59:59,,200,,1
XT,LIAH,XT.LIAH,ROUTED,IRISDMC,IRIS,https://service.earthscope.org/fdsnws/dataselect/1/,6,BHE;BHN;BHZ,01,2001.0,2002.0,2001-08-02T23:32:26,2002-12-31T23:59:59,,200,,1
XT,MIPC,XT.MIPC,ROUTED,IRISDMC,IRIS,https://service.earthscope.org/fdsnws/dataselect/1/,15,BHE;BHN;BHZ;HHE;HHN;HHZ;LHE;LHN;LHZ,""""";01;02",2003.0,2005.0,2003-12-04T00:00:00,2005-03-06T00:00:00,,200,,1
XT,NAU,XT.NAU,ROUTED,IRISDMC,IRIS,https://service.earthscope.org/fdsnws/dataselect/1/,6,BHE;BHN;BHZ,"""""",1994.0,1996.0,1994-03-28T05:44:54,1996-12-31T23:59:59,,200,,1
XT,ST119,XT.ST119,NO_WANTED_BAND,IRISDMC,,,18,EDH;EL1;EL2;ELZ;LCE;LCQ;LDH;LL1;LL2;LLZ;LOG;OCF;VCO;VEA;VEC;VEP;VFP;VKI,,,,,,,404,,1
XT,TAUF,XT.TAUF,ROUTED,IRISDMC,IRIS,https://service.earthscope.org/fdsnws/dataselect/1/,3,BHE;BHN;BHZ,01,2001.0,2002.0,2001-07-28T02:35:41,2002-12-31T23:59:59,,200,,1
XV,AMPY,XV.AMPY,ROUTED,IRISDMC,IRIS,https://service.earthscope.org/fdsnws/dataselect/1/,6,BHE;BHN;BHZ;LHE;LHN;LHZ,"""""",2012.0,2013.0,2012-08-15T08:00:00,2013-12-31T23:59:59,,200,,1
XV,ANLA,XV.ANLA,ROUTED,IRISDMC,IRIS,https://service.earthscope.org/fdsnws/dataselect/1/,6,BHE;BHN;BHZ;LHE;LHN;LHZ,"""""",2011.0,2013.0,2011-09-21T07:00:00,2013-12-31T23:59:59,,200,,1
XV,ANTS,XV.ANTS,ROUTED,IRISDMC,IRIS,https://service.earthscope.org/fdsnws/dataselect/1/,18,BHE;BHN;BHZ;LHE;LHN;LHZ,""""";xa",2011.0,2013.0,2011-09-26T09:11:00,2013-12-31T23:59:59,,200,,1
XV,BAND,XV.BAND,ROUTED,IRISDMC,IRIS,https://service.earthscope.org/fdsnws/dataselect/1/,6,BHE;BHN;BHZ;LHE;LHN;LHZ,"""""",2012.0,2013.0,2012-08-05T11:00:00,2013-12-31T23:59:59,,200,,1
XV,BANJ,XV.BANJ,ROUTED,IRISDMC,IRIS,https://service.earthscope.org/fdsnws/dataselect/1/,6,BHE;BHN;BHZ;LHE;LHN;LHZ,"""""",2012.0,2013.0,2012-08-10T04:00:00,2013-12-31T23:59:59,,200,,1
XV,BITY,XV.BITY,ROUTED,IRISDMC,IRIS,https://service.earthscope.org/fdsnws/dataselect/1/,6,BHE;BHN;BHZ;LHE;LHN;LHZ,"""""",2012.0,2013.0,2012-08-04T11:00:00,2013-12-31T23:59:59,,200,,1
XV,C16D,XV.C16D,ROUTED,IRISDMC,IRIS,https://service.earthscope.org/fdsnws/dataselect/1/,6,HHE;HHN;HHZ;LHE;LHN;LHZ,01;02,2003.0,2004.0,2003-10-01T00:00:00,2004-03-01T23:59:59,,200,,1
XV,EH,XV.EH,NO_WANTED_BAND,IRISDMC,,,4,EPE;EPN;EPZ;LOG,,,,,,,404,,1
XV,HNJO,XV.HNJO,ROUTED,IRISDMC,IRIS,https://service.earthscope.org/fdsnws/dataselect/1/,3,MHE;MHN;MHZ,"""""",1994.0,1996.0,1994-01-01T00:00:00,1996-12-31T00:00:00,,200,,1
XV,HRAU,XV.HRAU,ROUTED,IRISDMC,IRIS,https://service.earthscope.org/fdsnws/dataselect/1/,3,MHE;MHN;MHZ,"""""",1994.0,1996.0,1994-01-01T00:00:00,1996-12-31T00:00:00,,200,,1
XV,LAHA,XV.LAHA,ROUTED,IRISDMC,IRIS,https://service.earthscope.org/fdsnws/dataselect/1/,6,BHE;BHN;BHZ;LHE;LHN;LHZ,"""""",2011.0,2013.0,2011-10-06T09:43:00,2013-12-31T23:59:59,,200,,1
XV,MAHA,XV.MAHA,ROUTED,IRISDMC,IRIS,https://service.earthscope.org/fdsnws/dataselect/1/,6,BHE;BHN;BHZ;LHE;LHN;LHZ,"""""",2011.0,2013.0,2011-10-04T13:18:00,2013-12-31T23:59:59,,200,,1
XV,MAJA,XV.MAJA,ROUTED,IRISDMC,IRIS,https://service.earthscope.org/fdsnws/dataselect/1/,6,BHE;BHN;BHZ;LHE;LHN;LHZ,"""""",2011.0,2013.0,2011-09-24T10:04:00,2013-12-31T23:59:59,,200,,1
XV,MMBE,XV.MMBE,ROUTED,IRISDMC,IRIS,https://service.earthscope.org/fdsnws/dataselect/1/,12,BHE;BHN;BHZ;LHE;LHN;LHZ,"""""",2011.0,2013.0,2011-09-28T12:08:00,2013-12-31T23:59:59,,200,,1
XV,NW140,XV.NW140,ROUTED,IRISDMC,IRIS,https://service.earthscope.org/fdsnws/dataselect/1/,6,HH1;HH2;HHZ;LH1;LH2;LHZ,"""""",2024.0,2024.0,2024-05-20T12:11:04,2024-10-18T04:57:01,,200,,1
XV,NW300,XV.NW300,ROUTED,IRISDMC,IRIS,https://service.earthscope.org/fdsnws/dataselect/1/,6,HH1;HH2;HHZ;LH1;LH2;LHZ,"""""",2024.0,2024.0,2024-05-23T05:57:41,2024-10-16T04:36:21,,200,,1
XV,SW060,XV.SW060,ROUTED,IRISDMC,IRIS,https://service.earthscope.org/fdsnws/dataselect/1/,6,HH1;HH2;HHZ;LH1;LH2;LHZ,"""""",2024.0,2024.0,2024-05-21T05:45:33,2024-10-17T07:32:15,,200,,1
XV,ZOBE,XV.ZOBE,ROUTED,IRISDMC,IRIS,https://service.earthscope.org/fdsnws/dataselect/1/,6,BHE;BHN;BHZ;LHE;LHN;LHZ,"""""",2012.0,2013.0,2012-08-02T08:00:00,2013-12-31T23:59:59,,200,,1
XW,AKSU,XW.AKSU,ROUTED,IRISDMC,IRIS,https://service.earthscope.org/fdsnws/dataselect/1/,3,BHE;BHN;BHZ,"""""",1999.0,2001.0,1999-06-12T00:00:00,2001-12-31T23:59:58,,200,,1
XW,BCHU,XW.BCHU,ROUTED,IRISDMC,IRIS,https://service.earthscope.org/fdsnws/dataselect/1/,9,BHE;BHN;BHZ,"""""",1997.0,2001.0,1997-09-28T00:00:00,2001-12-31T23:59:58,,200,,1
XW,DAMT,XW.DAMT,ROUTED,IRISDMC,IRIS,https://service.earthscope.org/fdsnws/dataselect/1/,3,BHE;BHN;BHZ,"""""",2009.0,2010.0,2009-03-30T04:00:00,2010-02-25T09:00:00,,200,,1
XW,ESG8,XW.ESG8,ROUTED,IRISDMC,IRIS,https://service.earthscope.org/fdsnws/dataselect/1/,3,BHE;BHN;BHZ,02,2013.0,2014.0,2013-01-01T00:00:00,2014-12-31T23:59:59,,200,,1
XW,KHA,XW.KHA,ROUTED,IRISDMC,IRIS,https://service.earthscope.org/fdsnws/dataselect/1/,9,BHE;BHN;BHZ,"""""",1997.0,2001.0,1997-09-28T00:00:00,2001-12-31T23:59:58,,200,,1
XW,KSA,XW.KSA,ROUTED,IRISDMC,IRIS,https://service.earthscope.org/fdsnws/dataselect/1/,6,BHE;BHN;BHZ,"""""",1997.0,2001.0,1997-09-28T00:00:00,2001-12-31T23:59:58,,200,,1
XW,LIRA,XW.LIRA,ROUTED,IRISDMC,IRIS,https://service.earthscope.org/fdsnws/dataselect/1/,6,BHE;BHN;BHZ;LHE;LHN;LHZ,"""""",2017.0,2018.0,2017-01-16T07:00:00,2018-12-31T23:59:59,,200,,1
XW,MAWI,XW.MAWI,ROUTED,IRISDMC,IRIS,https://service.earthscope.org/fdsnws/dataselect/1/,3,BHE;BHN;BHZ,"""""",2009.0,2010.0,2009-04-03T12:00:00,2010-03-01T09:00:00,,200,,1
XW,MUKA,XW.MUKA,ROUTED,IRISDMC,IRIS,https://service.earthscope.org/fdsnws/dataselect/1/,3,BHE;BHN;BHZ,"""""",2009.0,2011.0,2009-04-04T06:00:00,2011-02-26T23:00:00,,200,,1
XW,SAUM,XW.SAUM,ROUTED,IRISDMC,IRIS,https://service.earthscope.org/fdsnws/dataselect/1/,3,BHE;BHN;BHZ,"""""",2009.0,2010.0,2009-03-29T10:30:00,2010-02-22T08:00:00,,200,,3
XW,SAWQ,XW.SAWQ,ROUTED,IRISDMC,IRIS,https://service.earthscope.org/fdsnws/dataselect/1/,3,BHE;BHN;BHZ,"""""",2010.0,2011.0,2010-05-09T02:00:00,2011-05-18T23:00:00,,200,,1
XW,SIMA,XW.SIMA,ROUTED,IRISDMC,IRIS,https://service.earthscope.org/fdsnws/dataselect/1/,3,BHE;BHN;BHZ,"""""",2009.0,2010.0,2009-03-31T11:00:00,2010-02-15T16:00:00,,200,,1
XW,SS20,XW.SS20,NO_WANTED_BAND,IRISDMC,,,4,EDH;EL1;EL2;ELZ,,,,,,,404,,1
XW,SS21A,XW.SS21A,NO_WANTED_BAND,IRISDMC,,,4,EDH;EL1;EL2;ELZ,,,,,,,404,,1
XW,SS61,XW.SS61,NO_WANTED_BAND,IRISDMC,,,4,EDH;EL1;EL2;ELZ,,,,,,,404,,1
XW,SUYR,XW.SUYR,ROUTED,IRISDMC,IRIS,https://service.earthscope.org/fdsnws/dataselect/1/,3,BHE;BHN;BHZ,"""""",2010.0,2011.0,2010-05-13T02:00:00,2011-05-16T23:00:00,,200,,1
XW,TAMU,XW.TAMU,ROUTED,IRISDMC,IRIS,https://service.earthscope.org/fdsnws/dataselect/1/,3,BHE;BHN;BHZ,"""""",2009.0,2010.0,2009-04-01T05:30:00,2010-02-22T05:00:00,,200,,1
XY,BN23,XY.BN23,ROUTED,IRISDMC,IRIS,https://service.earthscope.org/fdsnws/dataselect/1/,6,BHE;BHN;BHZ;LHE;LHN;LHZ,01;02,2005.0,2006.0,2005-06-14T03:00:00,2006-10-31T23:59:59,,200,,1
XY,BS07,XY.BS07,ROUTED,IRISDMC,IRIS,https://service.earthscope.org/fdsnws/dataselect/1/,6,BHE;BHN;BHZ;LHE;LHN;LHZ,01;02,2005.0,2006.0,2005-06-19T00:00:00,2006-10-31T23:59:59,,200,,1
XY,INDI,XY.INDI,ROUTED,IRISDMC,IRIS,https://service.earthscope.org/fdsnws/dataselect/1/,3,BHE;BHN;BHZ,01,1999.0,2001.0,1999-12-17T14:05:11,2001-12-31T23:59:59,,200,,1
Y1,N7027,Y1.N7027,ROUTED,IRISDMC,IRIS,https://service.earthscope.org/fdsnws/dataselect/1/,3,HHE;HHN;HHZ,"""""",2008.0,2009.0,2008-07-05T16:00:00,2009-09-08T09:30:00,,200,,1
Y2,KKVN5,Y2.KKVN5,ROUTED,IRISDMC,IRIS,https://service.earthscope.org/fdsnws/dataselect/1/,6,BHE;BHN;BHZ;HHE;HHN;HHZ,00,2025.0,2026.0,2025-08-19T00:00:00,2026-02-20T00:00:00,,200,,1
Y3,CROE,Y3.CROE,ROUTED,IRISDMC,IRIS,https://service.earthscope.org/fdsnws/dataselect/1/,6,HHE;HHN;HHZ,"""""",2009.0,2009.0,2009-02-19T00:00:00,2009-11-25T23:59:59,,200,,1
Y5,MHB,Y5.MHB,ROUTED,IRISDMC,IRIS,https://service.earthscope.org/fdsnws/dataselect/1/,3,BHE;BHN;BHZ,"""""",2009.0,2013.0,2009-05-12T00:00:00,2013-12-31T23:59:59,,200,,1
Y6,HOLY,Y6.HOLY,ROUTED,IRISDMC,IRIS,https://service.earthscope.org/fdsnws/dataselect/1/,6,BHE;BHN;BHZ;LHE;LHN;LHZ,"""""",2013.0,2015.0,2013-09-24T00:00:00,2015-12-31T23:59:59,,200,,1
Y6,MALY,Y6.MALY,ROUTED,IRISDMC,IRIS,https://service.earthscope.org/fdsnws/dataselect/1/,6,BHE;BHN;BHZ;LHE;LHN;LHZ,"""""",2013.0,2015.0,2013-09-21T00:00:00,2015-12-31T23:59:59,,200,,1
YA,KV01,YA.KV01,ROUTED,IRISDMC,IRIS,https://service.earthscope.org/fdsnws/dataselect/1/,3,HHE;HHN;HHZ,"""""",2012.0,2013.0,2012-03-16T00:00:00,2013-01-11T23:59:59,,200,,1
YA,LIQ1,YA.LIQ1,NO_WANTED_BAND,IRISDMC,,,7,EGE;EGN;EGZ;EPE;EPN;EPZ;LOG,,,,,,,404,,1
YA,MC02,YA.MC02,ROUTED,IRISDMC,IRIS,https://service.earthscope.org/fdsnws/dataselect/1/,6,BHE;BHN;BHZ;LHE;LHN;LHZ,01;02,2003.0,2004.0,2003-11-21T03:07:00,2004-12-30T23:59:59,,200,,1
YA,MC10,YA.MC10,ROUTED,IRISDMC,IRIS,https://service.earthscope.org/fdsnws/dataselect/1/,6,BHE;BHN;BHZ;LHE;LHN;LHZ,01;02,2003.0,2004.0,2003-10-14T07:25:55,2004-12-30T23:59:59,,200,,1
YA,MC12,YA.MC12,ROUTED,IRISDMC,IRIS,https://service.earthscope.org/fdsnws/dataselect/1/,6,BHE;BHN;BHZ;LHE;LHN;LHZ,01;02,2003.0,2004.0,2003-10-01T07:10:00,2004-12-30T23:59:59,,200,,1
YA,MC14,YA.MC14,ROUTED,IRISDMC,IRIS,https://service.earthscope.org/fdsnws/dataselect/1/,6,BHE;BHN;BHZ;LHE;LHN;LHZ,01;02,2003.0,2004.0,2003-09-24T03:06:00,2004-12-30T23:59:59,,200,,1
YA,MC17,YA.MC17,ROUTED,IRISDMC,IRIS,https://service.earthscope.org/fdsnws/dataselect/1/,6,BHE;BHN;BHZ;LHE;LHN;LHZ,01;02,2003.0,2004.0,2003-10-08T08:10:00,2004-12-30T23:59:59,,200,,1
YA,MC21,YA.MC21,ROUTED,IRISDMC,IRIS,https://service.earthscope.org/fdsnws/dataselect/1/,12,BHE;BHN;BHZ;LHE;LHN;LHZ,01;02,2003.0,2004.0,2003-09-28T05:14:03,2004-12-30T23:59:59,,200,,1
YB,AT44,YB.AT44,ROUTED,IRISDMC,IRIS,https://service.earthscope.org/fdsnws/dataselect/1/,6,BHE;BHN;BHZ;LHE;LHN;LHZ,"""""",2013.0,2014.0,2013-05-01T00:00:00,2014-05-24T23:59:59,,200,,1
YB,AT49,YB.AT49,ROUTED,IRISDMC,IRIS,https://service.earthscope.org/fdsnws/dataselect/1/,6,BHE;BHN;BHZ;LHE;LHN;LHZ,"""""",2013.0,2015.0,2013-05-01T00:00:00,2015-05-31T23:59:59,,200,,1
YB,CUST,YB.CUST,ROUTED,IRISDMC,IRIS,https://service.earthscope.org/fdsnws/dataselect/1/,6,HHE;HHN;HHZ,"""""",1996.0,1997.0,1996-07-11T03:00:00,1997-08-29T23:59:59,,200,,1
YB,IF01,YB.IF01,ROUTED,IRISDMC,IRIS,https://service.earthscope.org/fdsnws/dataselect/1/,6,HHE;HHN;HHZ;LHE;LHN;LHZ,"""""",2011.0,2012.0,2011-06-28T00:00:00,2012-10-01T23:59:59,,200,,1
YC,HEDI,YC.HEDI,ROUTED,IRISDMC,IRIS,https://service.earthscope.org/fdsnws/dataselect/1/,3,BHE;BHN;BHZ,01,2000.0,2002.0,2000-12-02T19:59:16,2002-12-31T23:59:59,,200,,1
YC,HUER,YC.HUER,ROUTED,IRISDMC,IRIS,https://service.earthscope.org/fdsnws/dataselect/1/,6,BHE;BHN;BHZ,01,2000.0,2002.0,2000-11-26T19:16:47,2002-12-31T23:59:59,,200,,1
YC,MATA,YC.MATA,NO_WANTED_BAND,IRISDMC,,,4,BPE;BPN;BPZ;LOG,,,,,,,404,,2
YC,SBE1,YC.SBE1,ROUTED,IRISDMC,IRIS,https://service.earthscope.org/fdsnws/dataselect/1/,6,BHE;BHN;BHZ;LHE;LHN;LHZ,"""""",2018.0,2020.0,2018-03-25T04:15:00,2020-01-19T02:15:00,,200,,1
YD,3B13,YD.3B13,ROUTED,IRISDMC,IRIS,https://service.earthscope.org/fdsnws/dataselect/1/,12,BHE;BHN;BHZ;HHE;HHN;HHZ,"""""",2009.0,2011.0,2009-07-06T18:00:00,2011-06-16T22:30:00,,200,,1
YD,3D08,YD.3D08,ROUTED,IRISDMC,IRIS,https://service.earthscope.org/fdsnws/dataselect/1/,3,BHE;BHN;BHZ,"""""",2009.0,2011.0,2009-08-02T08:15:00,2011-06-16T09:30:00,,200,,1
YD,3D14,YD.3D14,ROUTED,IRISDMC,IRIS,https://service.earthscope.org/fdsnws/dataselect/1/,3,BHE;BHN;BHZ,"""""",2009.0,2011.0,2009-07-30T08:10:00,2011-06-14T07:48:00,,200,,1
YD,6C04,YD.6C04,ROUTED,IRISDMC,IRIS,https://service.earthscope.org/fdsnws/dataselect/1/,3,BHE;BHN;BHZ,"""""",2009.0,2011.0,2009-06-22T10:00:00,2011-06-20T09:00:00,,200,,1
YD,GROM,YD.GROM,ROUTED,IRISDMC,IRIS,https://service.earthscope.org/fdsnws/dataselect/1/,9,BHE;BHN;BHZ;HHE;HHN;HHZ,01,2003.0,2005.0,2003-12-11T09:04:29,2005-12-31T23:59:59,,200,,1
YF,N6017,YF.N6017,ROUTED,IRISDMC,IRIS,https://service.earthscope.org/fdsnws/dataselect/1/,3,BHE;BHN;BHZ,"""""",2006.0,2006.0,2006-05-04T00:00:00,2006-10-26T00:00:00,,200,,1
YF,N6029,YF.N6029,ROUTED,IRISDMC,IRIS,https://service.earthscope.org/fdsnws/dataselect/1/,3,BHE;BHN;BHZ,"""""",2006.0,2006.0,2006-05-08T00:00:00,2006-10-23T00:00:00,,200,,1
YF,PB49,YF.PB49,ROUTED,IRISDMC,IRIS,https://service.earthscope.org/fdsnws/dataselect/1/,3,SHE;SHN;SHZ,"""""",2007.0,2008.0,2007-05-16T00:00:00,2008-12-31T23:59:59,,200,,1
YF,PB60,YF.PB60,ROUTED,IRISDMC,IRIS,https://service.earthscope.org/fdsnws/dataselect/1/,3,SHE;SHN;SHZ,"""""",2007.0,2008.0,2007-04-18T00:00:00,2008-12-31T23:59:59,,200,,1
YF,STN05,YF.STN05,NO_WANTED_BAND,IRISDMC,,,21,ACE;EDH;EL1;EL2;ELZ;LCE;LCL;LCQ;LDH;LL1;LL2;LLZ;LOG;OAC;OCF;VCO;VEA;VEC;VEP;VFP;VKI,,,,,,,404,,1
YF,STN10,YF.STN10,NO_WANTED_BAND,IRISDMC,,,21,ACE;EDH;EL1;EL2;ELZ;LCE;LCL;LCQ;LDH;LL1;LL2;LLZ;LOG;OAC;OCF;VCO;VEA;VEC;VEP;VFP;VKI,,,,,,,404,,1
YG,CBP2J,YG.CBP2J,ROUTED,IRISDMC,IRIS,https://service.earthscope.org/fdsnws/dataselect/1/,3,HHE;HHN;HHZ,"""""",2006.0,2007.0,2006-05-08T00:00:00,2007-12-31T23:59:59,,200,,1
YG,CBP4F,YG.CBP4F,ROUTED,IRISDMC,IRIS,https://service.earthscope.org/fdsnws/dataselect/1/,3,HHE;HHN;HHZ,"""""",2006.0,2007.0,2006-04-13T00:00:00,2007-12-31T23:59:59,,200,,1
YG,CBP4N,YG.CBP4N,ROUTED,IRISDMC,IRIS,https://service.earthscope.org/fdsnws/dataselect/1/,3,HHE;HHN;HHZ,"""""",2006.0,2007.0,2006-05-11T00:00:00,2007-12-31T23:59:59,,200,,1
YG,INC37,YG.INC37,ROUTED,IRISDMC,IRIS,https://service.earthscope.org/fdsnws/dataselect/1/,9,EHE;EHN;EHZ,"""""",2024.0,2025.0,2024-02-09T18:45:11,2025-09-25T16:36:25,,200,,1
YH,IFAK,YH.IFAK,ROUTED,IRISDMC,IRIS,https://service.earthscope.org/fdsnws/dataselect/1/,24,BHE;BHN;BHZ;LHE;LHN;LHZ,01;02,2010.0,2011.0,2010-02-23T00:00:00,2011-05-06T23:59:59,,200,,1
YH,KO07,YH.KO07,ROUTED,IRISDMC,IRIS,https://service.earthscope.org/fdsnws/dataselect/1/,6,BHE;BHN;BHZ;LHE;LHN;LHZ,"""""",2012.0,2013.0,2012-05-04T00:00:00,2013-09-27T00:00:00,,200,,1
YH,LOBS4,YH.LOBS4,ROUTED,IRISDMC,IRIS,https://service.earthscope.org/fdsnws/dataselect/1/,3,HH1;HH2;HHZ,"""""",2014.0,2015.0,2014-05-15T04:40:00,2015-06-22T02:00:00,,200,,1
YH,MOHO,YH.MOHO,ROUTED,IRISDMC,IRIS,https://service.earthscope.org/fdsnws/dataselect/1/,12,BHE;BHN;BHZ;LHE;LHN;LHZ,01;02,2010.0,2011.0,2010-02-12T00:00:00,2011-07-15T23:59:59,,200,,1
YH,MTWA,YH.MTWA,ROUTED,IRISDMC,IRIS,https://service.earthscope.org/fdsnws/dataselect/1/,12,BHE;BHN;BHZ;LHE;LHN;LHZ,01;02,2010.0,2011.0,2010-02-14T00:00:00,2011-07-17T23:59:59,,200,,1
YH,WALE,YH.WALE,ROUTED,IRISDMC,IRIS,https://service.earthscope.org/fdsnws/dataselect/1/,18,BHE;BHN;BHZ;LHE;LHN;LHZ,01;02,2010.0,2011.0,2010-02-15T00:00:00,2011-07-18T23:59:59,,200,,2
YI,BOB,YI.BOB,ROUTED,IRISDMC,IRIS,https://service.earthscope.org/fdsnws/dataselect/1/,3,HHE;HHN;HHZ,"""""",2003.0,2006.0,2003-10-02T00:00:00,2006-09-21T00:00:00,,200,,1
YI,D35,YI.D35,NO_WANTED_BAND,IRISDMC,,,16,EDH;EL1;EL2;ELZ;LCE;LCQ;LDH;LL1;LL2;LLZ;VCO;VEA;VEC;VEP;VFP;VKI,,,,,,,404,,1
YI,ISDE,YI.ISDE,ROUTED,IRISDMC,IRIS,https://service.earthscope.org/fdsnws/dataselect/1/,21,BHE;BHN;BHZ;LHE;LHN;LHZ;MHE;MHN;MHZ,01;02;03;04,1999.0,2001.0,1999-01-26T08:18:23,2001-12-31T23:59:59,,200,,1
YL,F01,YL.F01,ROUTED,IRISDMC,IRIS,https://service.earthscope.org/fdsnws/dataselect/1/,3,BH1;BH2;BHZ,"""""",2009.0,2010.0,2009-11-21T14:07:53,2010-11-24T21:38:43,,200,,1
YL,LBA60,YL.LBA60,NO_WANTED_BAND,IRISDMC,,,21,ACE;EDH;EL1;EL2;ELZ;LCE;LCL;LCQ;LDH;LL1;LL2;LLZ;LOG;OAC;OCF;VCO;VEA;VEC;VEP;VFP;VKI,,,,,,,404,,1
YM,12,YM.12,ROUTED,IRISDMC,IRIS,https://service.earthscope.org/fdsnws/dataselect/1/,3,BH1;BH2;BHZ,"""""",2008.0,2009.0,2008-05-08T00:00:00,2009-06-30T23:59:59,,200,,1
YM,37,YM.37,ROUTED,IRISDMC,IRIS,https://service.earthscope.org/fdsnws/dataselect/1/,3,BH1;BH2;BHZ,"""""",2008.0,2009.0,2008-05-12T10:52:42,2009-01-28T10:23:27,,200,,1
YM,MHCG,YM.MHCG,ROUTED,IRISDMC,IRIS,https://service.earthscope.org/fdsnws/dataselect/1/,6,BHE;BHN;BHZ;LHE;LHN;LHZ,"""""",2016.0,2019.0,2016-01-01T00:00:00,2019-12-31T23:59:59,,200,,1
YM,NTW4,YM.NTW4,ROUTED,IRISDMC,IRIS,https://service.earthscope.org/fdsnws/dataselect/1/,6,BHE;BHN;BHZ,01,2002.0,2003.0,2002-11-08T03:18:36,2003-12-31T23:59:59,,200,,1
YN,OBS27,YN.OBS27,NO_WANTED_BAND,IRISDMC,,,21,ACE;EDH;EL1;EL2;ELZ;LCE;LCL;LCQ;LDH;LL1;LL2;LLZ;LOG;OAC;OCF;VCO;VEA;VEC;VEP;VFP;VKI,,,,,,,404,,1
YO,F6,YO.F6,ROUTED,IRISDMC,IRIS,https://service.earthscope.org/fdsnws/dataselect/1/,3,BHE;BHN;BHZ,01,2003.0,2006.0,2003-08-15T00:00:00,2006-12-31T23:59:59,,200,,1
YO,N11,YO.N11,ROUTED,IRISDMC,IRIS,https://service.earthscope.org/fdsnws/dataselect/1/,3,BHE;BHN;BHZ,01,2003.0,2006.0,2003-08-15T00:00:00,2006-12-31T23:59:59,,200,,1
YP,NE32,YP.NE32,ROUTED,IRISDMC,IRIS,https://service.earthscope.org/fdsnws/dataselect/1/,6,BHE;BHN;BHZ;LHE;LHN;LHZ,"""""",2009.0,2011.0,2009-06-01T00:00:00,2011-12-31T23:59:59,,200,,1
YP,NE44,YP.NE44,ROUTED,IRISDMC,IRIS,https://service.earthscope.org/fdsnws/dataselect/1/,6,BHE;BHN;BHZ;LHE;LHN;LHZ,"""""",2009.0,2011.0,2009-06-01T00:00:00,2011-12-31T23:59:59,,200,,1
YP,NE66,YP.NE66,ROUTED,IRISDMC,IRIS,https://service.earthscope.org/fdsnws/dataselect/1/,6,BHE;BHN;BHZ;LHE;LHN;LHZ,"""""",2009.0,2011.0,2009-06-01T00:00:00,2011-12-31T23:59:59,,200,,1
YP,NE6F,YP.NE6F,ROUTED,IRISDMC,IRIS,https://service.earthscope.org/fdsnws/dataselect/1/,6,BHE;BHN;BHZ;LHE;LHN;LHZ,"""""",2009.0,2011.0,2009-06-01T00:00:00,2011-12-31T23:59:59,,200,,1
YP,NE9B,YP.NE9B,ROUTED,IRISDMC,IRIS,https://service.earthscope.org/fdsnws/dataselect/1/,6,BHE;BHN;BHZ;LHE;LHN;LHZ,"""""",2009.0,2011.0,2009-06-01T00:00:00,2011-12-31T23:59:59,,200,,1
YP,NEA9,YP.NEA9,ROUTED,IRISDMC,IRIS,https://service.earthscope.org/fdsnws/dataselect/1/,6,BHE;BHN;BHZ;LHE;LHN;LHZ,"""""",2009.0,2011.0,2009-06-01T00:00:00,2011-12-31T23:59:59,,200,,1
YP,NEP5,YP.NEP5,ROUTED,IRISDMC,IRIS,https://service.earthscope.org/fdsnws/dataselect/1/,6,BHE;BHN;BHZ;LHE;LHN;LHZ,"""""",2010.0,2011.0,2010-09-10T10:00:00,2011-12-31T23:59:59,,200,,1
YP,NEP7,YP.NEP7,ROUTED,IRISDMC,IRIS,https://service.earthscope.org/fdsnws/dataselect/1/,6,BHE;BHN;BHZ;LHE;LHN;LHZ,"""""",2010.0,2011.0,2010-09-10T10:00:00,2011-12-31T23:59:59,,200,,1
YQ,109,YQ.109,NO_WANTED_BAND,IRISDMC,,,4,EDH;EL1;EL2;ELZ,,,,,,,404,,1
YQ,KIMO,YQ.KIMO,ROUTED,IRISDMC,IRIS,https://service.earthscope.org/fdsnws/dataselect/1/,6,BHE;BHN;BHZ;LHE;LHN;LHZ,"""""",2014.0,2015.0,2014-07-14T00:00:00,2015-11-04T23:59:59,,200,,1
YQ,MFRI,YQ.MFRI,ROUTED,IRISDMC,IRIS,https://service.earthscope.org/fdsnws/dataselect/1/,6,BHE;BHN;BHZ;LHE;LHN;LHZ,"""""",2014.0,2015.0,2014-06-30T00:00:00,2015-11-04T23:59:59,,200,,1
YQ,N009,YQ.N009,ROUTED,IRISDMC,IRIS,https://service.earthscope.org/fdsnws/dataselect/1/,6,HHE;HHN;HHZ;LHE;LHN;LHZ,"""""",2017.0,2018.0,2017-09-21T00:00:00,2018-01-26T15:34:00,,200,,1
YQ,VWZM,YQ.VWZM,ROUTED,IRISDMC,IRIS,https://service.earthscope.org/fdsnws/dataselect/1/,6,HHE;HHN;HHZ,"""""",2014.0,2015.0,2014-06-29T00:00:00,2015-11-04T23:59:59,,200,,1
YR,ED15,YR.ED15,ROUTED,IRISDMC,IRIS,https://service.earthscope.org/fdsnws/dataselect/1/,3,HHE;HHN;HHZ,"""""",2016.0,2017.0,2016-08-30T00:00:00,2017-12-16T00:00:00,,200,,1
YR,S021,YR.S021,NO_WANTED_BAND,IRISDMC,,,4,EDH;EL1;EL2;ELZ,,,,,,,404,,1
YS,BULE,YS.BULE,ROUTED,IRISDMC,IRIS,https://service.earthscope.org/fdsnws/dataselect/1/,6,BH1;BH2;BHZ;LH1;LH2;LHZ,"""""",2014.0,2016.0,2014-10-23T00:00:00,2016-12-31T23:59:59,,200,,1
YS,MRKH,YS.MRKH,ROUTED,IRISDMC,IRIS,https://service.earthscope.org/fdsnws/dataselect/1/,3,BHE;BHN;BHZ,00,2004.0,2007.0,2004-10-30T02:52:00,2007-12-31T23:59:59,,200,,1
YS,ONIX,YS.ONIX,ROUTED,AUSPASS;IRISDMC,IRIS;http://auspass.edu.au,http://auspass.edu.au/fdsnws/dataselect/1/,6,BH1;BH2;BHZ,"""""",2014.0,2018.0,2014-11-20T00:00:00,2018-12-31T23:59:59,AUSPASS,200,,1
YS,PL03,YS.PL03,ROUTED,IRISDMC,IRIS,https://service.earthscope.org/fdsnws/dataselect/1/,6,BH1;BH2;BHZ;LH1;LH2;LHZ,"""""",2005.0,2006.0,2005-01-06T00:00:00,2006-01-17T23:59:59,,200,,1
YS,PL19,YS.PL19,ROUTED,IRISDMC,IRIS,https://service.earthscope.org/fdsnws/dataselect/1/,3,BH1;BH2;BHZ,"""""",2005.0,2006.0,2005-01-16T01:26:00,2006-01-17T05:05:58,,200,,1
YS,PL38,YS.PL38,ROUTED,IRISDMC,IRIS,https://service.earthscope.org/fdsnws/dataselect/1/,3,BH1;BH2;BHZ,"""""",2006.0,2007.0,2006-04-15T13:56:00,2007-06-05T00:24:00,,200,,1
YS,PL40,YS.PL40,ROUTED,IRISDMC,IRIS,https://service.earthscope.org/fdsnws/dataselect/1/,3,BH1;BH2;BHZ,"""""",2006.0,2007.0,2006-04-16T18:54:00,2007-05-13T06:53:58,,200,,1
YS,PL46,YS.PL46,ROUTED,IRISDMC,IRIS,https://service.earthscope.org/fdsnws/dataselect/1/,6,BH1;BH2;BHZ;LH1;LH2;LHZ,"""""",2006.0,2007.0,2006-04-20T00:00:00,2007-05-19T23:59:59,,200,,2
YS,PL57,YS.PL57,ROUTED,IRISDMC,IRIS,https://service.earthscope.org/fdsnws/dataselect/1/,6,BH1;BH2;BHZ;LH1;LH2;LHZ,"""""",2006.0,2007.0,2006-04-29T00:00:00,2007-12-13T23:59:59,,200,,1
YS,PL71,YS.PL71,ROUTED,IRISDMC,IRIS,https://service.earthscope.org/fdsnws/dataselect/1/,6,BH1;BH2;BHZ;LH1;LH2;LHZ,"""""",2006.0,2007.0,2006-04-13T00:00:00,2007-06-03T23:59:59,,200,,1
YS,TL06,YS.TL06,ROUTED,IRISDMC,IRIS,https://service.earthscope.org/fdsnws/dataselect/1/,3,BH1;BH2;BHZ,"""""",2014.0,2018.0,2014-03-17T00:00:00,2018-06-07T23:59:59,,200,,1
YT,AGO1,YT.AGO1,ROUTED,IRISDMC,IRIS,https://service.earthscope.org/fdsnws/dataselect/1/,18,BHE;BHN;BHZ;LHE;LHN;LHZ,"""""",2012.0,2017.0,2012-12-15T04:00:00,2017-12-31T23:59:59,,200,,1
YT,AGO3,YT.AGO3,ROUTED,IRISDMC,IRIS,https://service.earthscope.org/fdsnws/dataselect/1/,18,BHE;BHN;BHZ;LHE;LHN;LHZ,"""""",2012.0,2017.0,2012-12-02T23:24:00,2017-12-31T23:59:59,,200,,1
YT,BENN,YT.BENN,ROUTED,IRISDMC,IRIS,https://service.earthscope.org/fdsnws/dataselect/1/,24,BHE;BHN;BHZ;LHE;LHN;LHZ,"""""",2010.0,2022.0,2010-12-17T00:00:00,2022-08-23T23:59:59,,200,,1
YT,EAGL,YT.EAGL,ROUTED,IRISDMC,IRIS,https://service.earthscope.org/fdsnws/dataselect/1/,3,HHE;HHN;HHZ,"""""",2016.0,2018.0,2016-01-22T00:00:00,2018-01-18T23:59:59,,200,,1
YT,FALL,YT.FALL,ROUTED,IRISDMC,IRIS,https://service.earthscope.org/fdsnws/dataselect/1/,24,BHE;BHN;BHZ;LHE;LHN;LHZ,"""""",2009.0,2019.0,2009-12-29T14:30:00,2019-12-31T23:59:59,,200,,1
YT,HOWE,YT.HOWE,ROUTED,IRISDMC,IRIS,https://service.earthscope.org/fdsnws/dataselect/1/,24,BHE;BHN;BHZ;LHE;LHN;LHZ,"""""",2012.0,2017.0,2012-12-06T23:00:00,2017-12-31T23:59:59,,200,,1
YT,KOLR,YT.KOLR,ROUTED,IRISDMC,IRIS,https://service.earthscope.org/fdsnws/dataselect/1/,18,BHE;BHN;BHZ;LHE;LHN;LHZ,"""""",2010.0,2018.0,2010-01-18T00:00:00,2018-12-31T23:59:59,,200,,1
YT,MA06,YT.MA06,ROUTED,IRISDMC,IRIS,https://service.earthscope.org/fdsnws/dataselect/1/,6,HHE;HHN;HHZ;LHE;LHN;LHZ,"""""",2015.0,2016.0,2015-01-12T19:00:00,2016-12-31T23:59:59,,200,,1
YT,MPAT,YT.MPAT,ROUTED,IRISDMC,IRIS,https://service.earthscope.org/fdsnws/dataselect/1/,18,BHE;BHN;BHZ;LHE;LHN;LHZ,"""""",2007.0,2017.0,2007-12-18T00:00:00,2017-12-31T23:59:59,,200,,1
YT,MRTP,YT.MRTP,ROUTED,IRISDMC,IRIS,https://service.earthscope.org/fdsnws/dataselect/1/,6,HHE;HHN;HHZ;LHE;LHN;LHZ,"""""",2023.0,2025.0,2023-12-07T00:00:00,2025-12-15T23:59:59,,200,,1
YT,ST02,YT.ST02,ROUTED,IRISDMC,IRIS,https://service.earthscope.org/fdsnws/dataselect/1/,12,BHE;BHN;BHZ;LHE;LHN;LHZ,"""""",2010.0,2012.0,2010-01-20T00:00:00,2012-12-31T23:59:59,,200,,1
YT,ST10,YT.ST10,ROUTED,IRISDMC,IRIS,https://service.earthscope.org/fdsnws/dataselect/1/,6,BHE;BHN;BHZ;LHE;LHN;LHZ,"""""",2010.0,2012.0,2010-01-21T00:00:00,2012-12-31T23:59:59,,200,,1
YT,SURP,YT.SURP,ROUTED,IRISDMC,IRIS,https://service.earthscope.org/fdsnws/dataselect/1/,18,BHE;BHN;BHZ;LHE;LHN;LHZ,"""""",2008.0,2018.0,2008-02-09T00:00:00,2018-12-31T23:59:59,,200,,1
YT,WILS,YT.WILS,ROUTED,IRISDMC,IRIS,https://service.earthscope.org/fdsnws/dataselect/1/,12,BHE;BHN;BHZ;LHE;LHN;LHZ,"""""",2008.0,2010.0,2008-01-08T21:00:00,2010-12-31T23:59:59,,200,,1
YT,WNDY,YT.WNDY,ROUTED,IRISDMC,IRIS,https://service.earthscope.org/fdsnws/dataselect/1/,6,BHE;BHN;BHZ;LHE;LHN;LHZ,"""""",2010.0,2010.0,2010-01-27T00:00:00,2010-12-31T23:59:59,,200,,1
YU,GJ03,YU.GJ03,ROUTED,IRISDMC,IRIS,https://service.earthscope.org/fdsnws/dataselect/1/,9,BHE;BHN;BHZ;HHE;HHN;HHZ;LHE;LHN;LHZ,"""""",2016.0,2018.0,2016-03-15T00:00:00,2018-04-30T23:59:59,,200,,1
YU,NL10,YU.NL10,ROUTED,IRISDMC,IRIS,https://service.earthscope.org/fdsnws/dataselect/1/,9,BHE;BHN;BHZ;HHE;HHN;HHZ;LHE;LHN;LHZ,"""""",2016.0,2018.0,2016-03-15T00:00:00,2018-04-30T23:59:59,,200,,1
YV,NSS,YV.NSS,ROUTED,IRISDMC,IRIS,https://service.earthscope.org/fdsnws/dataselect/1/,3,BHE;BHN;BHZ,"""""",2001.0,2003.0,2001-10-24T00:00:00,2003-08-02T00:00:00,,200,,1
YW,MSWL3,YW.MSWL3,ROUTED,IRISDMC,IRIS,https://service.earthscope.org/fdsnws/dataselect/1/,6,BHE;BHN;BHZ;HHE;HHN;HHZ,00,2024.0,2025.0,2024-08-26T00:00:00,2025-12-31T23:59:59,,200,,1
YW,PATM,YW.PATM,ROUTED,IRISDMC,IRIS,https://service.earthscope.org/fdsnws/dataselect/1/,6,BHE;BHN;BHZ;LHE;LHN;LHZ,"""""",2002.0,2004.0,2002-08-01T00:00:00,2004-10-10T00:00:00,,200,,1
YW,SALA,YW.SALA,ROUTED,IRISDMC,IRIS,https://service.earthscope.org/fdsnws/dataselect/1/,6,BHE;BHN;BHZ;LHE;LHN;LHZ,"""""",2002.0,2004.0,2002-08-22T00:00:00,2004-10-12T00:00:00,,200,,1
YY,SHER,YY.SHER,ROUTED,IRISDMC,IRIS,https://service.earthscope.org/fdsnws/dataselect/1/,6,HHE;HHN;HHZ;LHE;LHN;LHZ,"""""",2014.0,2016.0,2014-03-29T00:00:00,2016-12-01T23:59:59,,200,,1
YY,SN32,YY.SN32,ROUTED,IRISDMC,IRIS,https://service.earthscope.org/fdsnws/dataselect/1/,3,HHE;HHN;HHZ,"""""",2005.0,2006.0,2005-07-21T00:00:00,2006-07-01T23:59:59,,200,,1
YY,SW05,YY.SW05,ROUTED,IRISDMC,IRIS,https://service.earthscope.org/fdsnws/dataselect/1/,3,BHE;BHN;BHZ,"""""",2006.0,2007.0,2006-09-18T00:00:00,2007-05-24T09:00:00,,200,,1
Z1,LBSA,Z1.LBSA,ROUTED,IRISDMC,IRIS,https://service.earthscope.org/fdsnws/dataselect/1/,6,BHE;BHN;BHZ;LHE;LHN;LHZ,"""""",2009.0,2010.0,2009-10-27T00:00:00,2010-12-31T23:59:59,,200,,1
Z1,MOAL,Z1.MOAL,ROUTED,IRISDMC,IRIS,https://service.earthscope.org/fdsnws/dataselect/1/,12,BHE;BHN;BHZ;LHE;LHN;LHZ,"""""",2009.0,2010.0,2009-10-28T00:00:00,2010-12-31T23:59:59,,200,,1
Z1,Z01J,Z1.Z01J,ROUTED,IRISDMC,IRIS,https://service.earthscope.org/fdsnws/dataselect/1/,6,HHE;HHN;HHZ;LHE;LHN;LHZ,"""""",2022.0,2024.0,2022-05-14T00:00:00,2024-12-20T00:00:00,,200,,1
Z1,Z09L,Z1.Z09L,ROUTED,IRISDMC,IRIS,https://service.earthscope.org/fdsnws/dataselect/1/,6,HHE;HHN;HHZ;LHE;LHN;LHZ,"""""",2023.0,2024.0,2023-06-02T09:00:00,2024-12-20T00:00:00,,200,,1
Z1,Z16N,Z1.Z16N,ROUTED,IRISDMC,IRIS,https://service.earthscope.org/fdsnws/dataselect/1/,6,HHE;HHN;HHZ;LHE;LHN;LHZ,"""""",2022.0,2024.0,2022-05-21T00:00:00,2024-12-20T00:00:00,,200,,1
Z1,Z21G,Z1.Z21G,ROUTED,IRISDMC,IRIS,https://service.earthscope.org/fdsnws/dataselect/1/,6,HHE;HHN;HHZ;LHE;LHN;LHZ,"""""",2022.0,2024.0,2022-05-23T00:00:00,2024-12-20T00:00:00,,200,,1
Z1,Z34S,Z1.Z34S,ROUTED,IRISDMC,IRIS,https://service.earthscope.org/fdsnws/dataselect/1/,6,HHE;HHN;HHZ;LHE;LHN;LHZ,"""""",2022.0,2023.0,2022-05-31T00:00:00,2023-06-10T12:00:00,,200,,1
Z4,CP06,Z4.CP06,ROUTED,IRISDMC,IRIS,https://service.earthscope.org/fdsnws/dataselect/1/,3,BH1;BH2;BHZ,"""""",2012.0,2013.0,2012-05-05T20:50:00,2013-03-17T16:08:00,,200,,1
Z5,GIMR,Z5.GIMR,ROUTED,IRISDMC,IRIS,https://service.earthscope.org/fdsnws/dataselect/1/,6,BH1;BH2;BHZ;LH1;LH2;LHZ,"""""",2022.0,2022.0,2022-08-07T10:43:00,2022-11-01T18:22:05,,200,,1
Z5,KAGD,Z5.KAGD,ROUTED,IRISDMC,IRIS,https://service.earthscope.org/fdsnws/dataselect/1/,6,BH1;BH2;BHZ;LH1;LH2;LHZ,"""""",2022.0,2024.0,2022-07-31T10:48:04,2024-07-25T12:55:19,,200,,1
Z5,LAMW,Z5.LAMW,ROUTED,IRISDMC,IRIS,https://service.earthscope.org/fdsnws/dataselect/1/,6,BH1;BH2;BHZ;LH1;LH2;LHZ,"""""",2022.0,2024.0,2022-08-11T14:52:27,2024-08-23T08:14:24,,200,,1
Z5,NTGM,Z5.NTGM,ROUTED,IRISDMC,IRIS,https://service.earthscope.org/fdsnws/dataselect/1/,6,BH1;BH2;BHZ;LH1;LH2;LHZ,"""""",2022.0,2024.0,2022-08-10T09:25:39,2024-08-05T12:49:12,,200,,1
Z7,FAG,Z7.FAG,ROUTED,IRISDMC,IRIS,https://service.earthscope.org/fdsnws/dataselect/1/,12,HHE;HHN;HHZ;LHE;LHN;LHZ,"""""",2013.0,2014.0,2013-07-10T15:10:00,2014-08-28T19:20:00,,200,,1
Z9,E01,Z9.E01,ROUTED,IRISDMC,IRIS,https://service.earthscope.org/fdsnws/dataselect/1/,3,BHE;BHN;BHZ,"""""",2012.0,2014.0,2012-05-16T14:39:00,2014-05-15T17:00:00,,200,,1
Z9,E31,Z9.E31,ROUTED,IRISDMC,IRIS,https://service.earthscope.org/fdsnws/dataselect/1/,3,BHE;BHN;BHZ,"""""",2012.0,2014.0,2012-05-05T21:42:00,2014-05-17T20:00:00,,200,,1
Z9,W14,Z9.W14,ROUTED,IRISDMC,IRIS,https://service.earthscope.org/fdsnws/dataselect/1/,3,BHE;BHN;BHZ,"""""",2010.0,2013.0,2010-07-18T17:35:00,2013-10-18T21:00:00,,200,,1
Z9,W315,Z9.W315,ROUTED,IRISDMC,IRIS,https://service.earthscope.org/fdsnws/dataselect/1/,3,BHE;BHN;BHZ,"""""",2012.0,2014.0,2012-05-02T18:37:00,2014-05-20T16:00:00,,200,,1
ZA,A11,ZA.A11,ROUTED,GEOFON,GFZ,http://geofon.gfz-potsdam.de/fdsnws/dataselect/1/,3,HHE;HHN;HHZ,"""""",1994.0,1994.0,1994-01-30T00:00:00,1994-05-10T00:00:00,,200,,1
ZA,A20,ZA.A20,ROUTED,GEOFON,GFZ,http://geofon.gfz-potsdam.de/fdsnws/dataselect/1/,3,HHE;HHN;HHZ,"""""",1994.0,1994.0,1994-02-02T00:00:00,1994-05-11T00:00:00,,200,,1
ZA,B02,ZA.B02,ROUTED,IRISDMC,IRIS,https://service.earthscope.org/fdsnws/dataselect/1/,3,BH1;BH2;BHZ,"""""",2011.0,2012.0,2011-12-01T00:00:00,2012-12-28T23:59:59,,200,,1
ZA,B06,ZA.B06,ROUTED,IRISDMC,IRIS,https://service.earthscope.org/fdsnws/dataselect/1/,3,BH1;BH2;BHZ,"""""",2011.0,2012.0,2011-12-01T00:00:00,2012-12-26T23:59:59,,200,,1
ZA,B26,ZA.B26,ROUTED,IRISDMC,IRIS,https://service.earthscope.org/fdsnws/dataselect/1/,3,BH1;BH2;BHZ,"""""",2011.0,2013.0,2011-12-05T00:00:00,2013-01-01T23:59:59,,200,,1
ZB,B01,ZB.B01,ROUTED,IRISDMC,IRIS,https://service.earthscope.org/fdsnws/dataselect/1/,3,HHE;HHN;HHZ,"""""",2017.0,2018.0,2017-10-04T12:00:00,2018-03-25T23:59:00,,200,,1
ZB,LAIS,ZB.LAIS,ROUTED,IRISDMC,IRIS,https://service.earthscope.org/fdsnws/dataselect/1/,3,BHE;BHN;BHZ,"""""",2007.0,2008.0,2007-12-18T00:00:00,2008-10-19T23:00:00,,200,,1
ZB,LUNG,ZB.LUNG,ROUTED,IRISDMC,IRIS,https://service.earthscope.org/fdsnws/dataselect/1/,3,BHE;BHN;BHZ,"""""",2007.0,2008.0,2007-11-30T00:00:00,2008-10-19T23:00:00,,200,,1
ZB,N60B,ZB.N60B,ROUTED,IRISDMC,IRIS,https://service.earthscope.org/fdsnws/dataselect/1/,3,HHE;HHN;HHZ,"""""",2008.0,2009.0,2008-06-30T08:10:00,2009-03-11T20:29:29,,200,,1
ZB,Y30S,ZB.Y30S,ROUTED,IRISDMC,IRIS,https://service.earthscope.org/fdsnws/dataselect/1/,3,BHE;BHN;BHZ,"""""",2008.0,2009.0,2008-05-01T00:00:00,2009-02-24T20:29:29,,200,,1
ZC,TIN1,ZC.TIN1,ROUTED,IRISDMC,IRIS,https://service.earthscope.org/fdsnws/dataselect/1/,6,BHE;BHN;BHZ;LHE;LHN;LHZ,01;02,2006.0,2007.0,2006-07-31T00:00:00,2007-12-31T23:59:59,,200,,1
ZD,D03,ZD.D03,ROUTED,IRISDMC,IRIS,https://service.earthscope.org/fdsnws/dataselect/1/,6,BH1;BH2;BHZ;LH1;LH2;LHZ,"""""",2007.0,2009.0,2007-12-26T00:00:00,2009-01-21T23:59:59,,200,,1
ZD,FM06,ZD.FM06,ROUTED,IRISDMC,IRIS,https://service.earthscope.org/fdsnws/dataselect/1/,3,BHE;BHN;BHZ,"""""",2011.0,2013.0,2011-06-13T10:00:00,2013-06-21T23:59:59,,200,,1
ZF,B001,ZF.B001,NO_WANTED_BAND,IRISDMC,,,4,CHE;CHN;CHZ;LOG,,,,,,,404,,1
ZF,HYNE,ZF.HYNE,ROUTED,IRISDMC,IRIS,https://service.earthscope.org/fdsnws/dataselect/1/,3,BHE;BHN;BHZ,"""""",2007.0,2009.0,2007-10-26T06:30:00,2009-10-05T12:00:00,,200,,1
ZF,LYDE,ZF.LYDE,ROUTED,IRISDMC,IRIS,https://service.earthscope.org/fdsnws/dataselect/1/,6,BHE;BHN;BHZ,"""""",2007.0,2009.0,2007-10-19T06:00:00,2009-10-08T12:00:00,,200,,1
ZG,CP07,ZG.CP07,ROUTED,IRISDMC,IRIS,https://service.earthscope.org/fdsnws/dataselect/1/,6,BHE;BHN;BHZ;LHE;LHN;LHZ,"""""",2010.0,2012.0,2010-11-11T09:30:00,2012-07-25T23:59:59,,200,,1
ZG,CP12,ZG.CP12,ROUTED,IRISDMC,IRIS,https://service.earthscope.org/fdsnws/dataselect/1/,6,BHE;BHN;BHZ;LHE;LHN;LHZ,"""""",2010.0,2012.0,2010-11-04T13:00:00,2012-07-26T23:59:59,,200,,1
ZG,CP13,ZG.CP13,ROUTED,IRISDMC,IRIS,https://service.earthscope.org/fdsnws/dataselect/1/,6,BHE;BHN;BHZ;LHE;LHN;LHZ,"""""",2010.0,2012.0,2010-11-03T10:00:00,2012-07-30T23:59:59,,200,,1
ZG,CP19,ZG.CP19,ROUTED,IRISDMC,IRIS,https://service.earthscope.org/fdsnws/dataselect/1/,6,BHE;BHN;BHZ;LHE;LHN;LHZ,"""""",2010.0,2012.0,2010-10-31T16:30:00,2012-07-30T23:59:59,,200,,1
ZI,2299,ZI.2299,ROUTED,IRISDMC,IRIS,https://service.earthscope.org/fdsnws/dataselect/1/,3,EHZ,"""""",2010.0,2010.0,2010-07-26T16:09:00,2010-08-07T23:59:59,,200,,1
ZI,MB16,ZI.MB16,ROUTED,IRISDMC,IRIS,https://service.earthscope.org/fdsnws/dataselect/1/,3,HHE;HHN;HHZ,"""""",2011.0,2013.0,2011-05-10T00:00:00,2013-12-31T00:00:00,,200,,1
ZI,MB19,ZI.MB19,ROUTED,IRISDMC,IRIS,https://service.earthscope.org/fdsnws/dataselect/1/,3,HHE;HHN;HHZ,"""""",2011.0,2013.0,2011-05-10T00:00:00,2013-12-31T00:00:00,,200,,1
ZJ,DONT,ZJ.DONT,ROUTED,IRISDMC,IRIS,https://service.earthscope.org/fdsnws/dataselect/1/,9,BHE;BHN;BHZ;HHE;HHN;HHZ;LHE;LHN;LHZ,"""""",2012.0,2015.0,2012-11-28T00:00:00,2015-11-22T23:59:59,,200,,1
ZJ,RKST,ZJ.RKST,ROUTED,IRISDMC,IRIS,https://service.earthscope.org/fdsnws/dataselect/1/,9,BHE;BHN;BHZ;HHE;HHN;HHZ;LHE;LHN;LHZ,"""""",2012.0,2015.0,2012-11-22T00:00:00,2015-11-13T23:59:59,,200,,1
ZL,A01,ZL.A01,ROUTED,IRISDMC,IRIS,https://service.earthscope.org/fdsnws/dataselect/1/,6,HHE;HHN;HHZ;LHE;LHN;LHZ,"""""",2013.0,2015.0,2013-09-05T00:00:00,2015-12-31T23:59:59,,200,,1
ZL,A21,ZL.A21,NO_DATA_AT_SERVICE,,,,0,,,,,,,,404,,1
ZL,B01,ZL.B01,ROUTED,IRISDMC,IRIS,https://service.earthscope.org/fdsnws/dataselect/1/,18,HHE;HHN;HHZ;LHE;LHN;LHZ,"""""",2013.0,2015.0,2013-08-01T00:00:00,2015-12-31T23:59:59,,200,,1
ZL,B07,ZL.B07,ROUTED,IRISDMC,IRIS,https://service.earthscope.org/fdsnws/dataselect/1/,6,HHE;HHN;HHZ;LHE;LHN;LHZ,"""""",2013.0,2015.0,2013-08-20T00:00:00,2015-12-31T23:59:59,,200,,1
ZL,BARR,ZL.BARR,ROUTED,IRISDMC,IRIS,https://service.earthscope.org/fdsnws/dataselect/1/,12,BHE;BHN;BHZ;LHE;LHN;LHZ,"""""",2007.0,2009.0,2007-12-19T00:00:00,2009-12-31T23:59:59,,200,,1
ZL,COLO,ZL.COLO,ROUTED,IRISDMC,IRIS,https://service.earthscope.org/fdsnws/dataselect/1/,6,BHE;BHN;BHZ;LHE;LHN;LHZ,"""""",2008.0,2009.0,2008-01-27T00:00:00,2009-12-31T23:59:59,,200,,1
ZL,JYCE,ZL.JYCE,ROUTED,IRISDMC,IRIS,https://service.earthscope.org/fdsnws/dataselect/1/,6,BHE;BHN;BHZ,""""";10",2003.0,2004.0,2003-11-11T00:00:00,2004-01-22T03:00:00,,200,,1
ZL,N07A,ZL.N07A,ROUTED,IRISDMC,IRIS,https://service.earthscope.org/fdsnws/dataselect/1/,3,HHE;HHN;HHZ,"""""",2012.0,2012.0,2012-03-05T00:00:00,2012-10-07T12:00:00,,200,,1
ZM,D21,ZM.D21,NO_WANTED_BAND,IRISDMC,,,16,EDH;EL1;EL2;ELZ;LCE;LCQ;LDH;LL1;LL2;LLZ;VCO;VEA;VEC;VEP;VFP;VKI,,,,,,,404,,1
ZM,GM03,ZM.GM03,ROUTED,IRISDMC,IRIS,https://service.earthscope.org/fdsnws/dataselect/1/,6,BHE;BHN;BHZ;LHE;LHN;LHZ,"""""",2009.0,2009.0,2009-01-04T00:00:00,2009-12-23T13:59:59,,200,,1
ZM,GM06,ZM.GM06,ROUTED,IRISDMC,IRIS,https://service.earthscope.org/fdsnws/dataselect/1/,6,BHE;BHN;BHZ;LHE;LHN;LHZ,"""""",2009.0,2009.0,2009-01-04T00:00:00,2009-12-29T23:59:59,,200,,1
ZM,GM07,ZM.GM07,ROUTED,IRISDMC,IRIS,https://service.earthscope.org/fdsnws/dataselect/1/,6,BHE;BHN;BHZ;LHE;LHN;LHZ,"""""",2009.0,2013.0,2009-01-04T00:00:00,2013-01-14T23:59:59,,200,,1
ZM,N140,ZM.N140,ROUTED,IRISDMC,IRIS,https://service.earthscope.org/fdsnws/dataselect/1/,24,BHE;BHN;BHZ;LHE;LHN;LHZ,"""""",2007.0,2012.0,2007-12-27T00:00:00,2012-12-27T00:53:59,,200,,1
ZM,N215,ZM.N215,ROUTED,IRISDMC,IRIS,https://service.earthscope.org/fdsnws/dataselect/1/,18,BHE;BHN;BHZ;LHE;LHN;LHZ,"""""",2009.0,2011.0,2009-01-01T00:00:00,2011-09-17T23:59:59,,200,,2
ZM,P080,ZM.P080,ROUTED,IRISDMC,IRIS,https://service.earthscope.org/fdsnws/dataselect/1/,12,BHE;BHN;BHZ;LHE;LHN;LHZ,"""""",2007.0,2009.0,2007-12-17T00:00:00,2009-12-22T04:59:59,,200,,1
ZM,P124,ZM.P124,ROUTED,IRISDMC,IRIS,https://service.earthscope.org/fdsnws/dataselect/1/,6,BHE;BHN;BHZ;LHE;LHN;LHZ,"""""",2008.0,2010.0,2008-12-27T00:00:00,2010-01-08T05:25:54,,200,,1
ZN,KAW2,ZN.KAW2,ROUTED,IRISDMC,IRIS,https://service.earthscope.org/fdsnws/dataselect/1/,3,BHE;BHN;BHZ,"""""",2010.0,2011.0,2010-09-18T04:00:00,2011-12-31T23:59:59,,200,,1
ZN,PMNI,ZN.PMNI,ROUTED,IRISDMC,IRIS,https://service.earthscope.org/fdsnws/dataselect/1/,3,BHE;BHN;BHZ,"""""",2010.0,2011.0,2010-03-26T02:00:00,2011-12-31T23:59:59,,200,,1
ZN,SA2G,ZN.SA2G,ROUTED,IRISDMC,IRIS,https://service.earthscope.org/fdsnws/dataselect/1/,3,BHE;BHN;BHZ,"""""",2006.0,2007.0,2006-06-26T00:00:00,2007-09-06T00:00:00,,200,,1
ZO,A07,ZO.A07,NO_WANTED_BAND,IRISDMC,,,4,EPE;EPN;EPZ;LOG,,,,,,,404,,1
ZP,BKBA,ZP.BKBA,ROUTED,IRISDMC,IRIS,https://service.earthscope.org/fdsnws/dataselect/1/,6,BHE;BHN;BHZ;LHE;LHN;LHZ,01;02,2007.0,2008.0,2007-08-13T00:00:00,2008-12-06T23:59:59,,200,,1
ZP,GEIT,ZP.GEIT,ROUTED,IRISDMC,IRIS,https://service.earthscope.org/fdsnws/dataselect/1/,12,BHE;BHN;BHZ;LHE;LHN;LHZ,01;02,2007.0,2008.0,2007-08-09T00:00:00,2008-12-07T23:59:59,,200,,1
ZP,ISOK,ZP.ISOK,ROUTED,IRISDMC,IRIS,https://service.earthscope.org/fdsnws/dataselect/1/,6,BHE;BHN;BHZ;LHE;LHN;LHZ,01;02,2010.0,2011.0,2010-08-04T00:00:00,2011-08-05T23:59:59,,200,,1
ZP,JNJA,ZP.JNJA,ROUTED,IRISDMC,IRIS,https://service.earthscope.org/fdsnws/dataselect/1/,6,BHE;BHN;BHZ;LHE;LHN;LHZ,01;02,2007.0,2008.0,2007-08-24T00:00:00,2008-11-25T23:59:59,,200,,1
ZP,KAMZ,ZP.KAMZ,ROUTED,IRISDMC,IRIS,https://service.earthscope.org/fdsnws/dataselect/1/,6,BHE;BHN;BHZ;LHE;LHN;LHZ,01;02,2010.0,2011.0,2010-08-13T00:00:00,2011-05-01T23:59:59,,200,,1
ZP,KIBO,ZP.KIBO,ROUTED,IRISDMC,IRIS,https://service.earthscope.org/fdsnws/dataselect/1/,12,BHE;BHN;BHZ;LHE;LHN;LHZ,01;02,2007.0,2008.0,2007-08-17T00:00:00,2008-12-04T23:59:59,,200,,1
ZP,KISH,ZP.KISH,ROUTED,IRISDMC,IRIS,https://service.earthscope.org/fdsnws/dataselect/1/,12,BHE;BHN;BHZ;LHE;LHN;LHZ,01;02,2010.0,2011.0,2010-08-05T00:00:00,2011-08-09T23:59:59,,200,,1
ZP,LAEL,ZP.LAEL,ROUTED,IRISDMC,IRIS,https://service.earthscope.org/fdsnws/dataselect/1/,18,BHE;BHN;BHZ;LHE;LHN;LHZ,01;02,2009.0,2010.0,2009-01-11T00:00:00,2010-08-31T23:59:59,,200,,1
ZP,MGOR,ZP.MGOR,ROUTED,IRISDMC,IRIS,https://service.earthscope.org/fdsnws/dataselect/1/,12,BHE;BHN;BHZ;LHE;LHN;LHZ,01;02,2009.0,2010.0,2009-01-23T00:00:00,2010-08-04T23:59:59,,200,,1
ZP,MKUS,ZP.MKUS,ROUTED,IRISDMC,IRIS,https://service.earthscope.org/fdsnws/dataselect/1/,12,BHE;BHN;BHZ;LHE;LHN;LHZ,01;02,2010.0,2011.0,2010-08-08T00:00:00,2011-04-23T23:59:59,,200,,1
ZP,MPIK,ZP.MPIK,ROUTED,IRISDMC,IRIS,https://service.earthscope.org/fdsnws/dataselect/1/,12,BHE;BHN;BHZ;LHE;LHN;LHZ,01;02,2010.0,2011.0,2010-08-06T00:00:00,2011-08-03T23:59:59,,200,,1
ZP,MWEN,ZP.MWEN,ROUTED,IRISDMC,IRIS,https://service.earthscope.org/fdsnws/dataselect/1/,6,BHE;BHN;BHZ;LHE;LHN;LHZ,01;02,2010.0,2011.0,2010-08-07T00:00:00,2011-04-23T23:59:59,,200,,1
ZQ,159,ZQ.159,ROUTED,IRISDMC,IRIS,https://service.earthscope.org/fdsnws/dataselect/1/,6,BHE;BHN;BHZ,"""""",2001.0,2003.0,2001-11-12T00:00:00,2003-01-20T23:59:59,,200,,1
ZQ,AAM2,ZQ.AAM2,ROUTED,IRISDMC,IRIS,https://service.earthscope.org/fdsnws/dataselect/1/,3,HHE;HHN;HHZ,"""""",2006.0,2009.0,2006-12-22T00:00:00,2009-06-30T23:59:59,,200,,1
ZQ,ETIP,ZQ.ETIP,ROUTED,IRISDMC,IRIS,https://service.earthscope.org/fdsnws/dataselect/1/,3,HHE;HHN;HHZ,"""""",2016.0,2016.0,2016-03-20T00:00:00,2016-10-03T23:59:00,,200,,1
ZR,N1312,ZR.N1312,ROUTED,IRISDMC,IRIS,https://service.earthscope.org/fdsnws/dataselect/1/,12,HHE;HHN;HHZ;LHE;LHN;LHZ,"""""",2013.0,2014.0,2013-06-25T00:00:00,2014-09-10T23:59:59,,200,,1
ZS,W05,ZS.W05,NO_WANTED_BAND,IRISDMC,,,33,ACE;EDH;EL1;EL2;ELZ;LCE;LCL;LCQ;LDH;LL1;LL2;LLZ;LOG;OAC;OCF;VCO;VEA;VEC;VEP;VFP;VKI;VM0;VM1;VM2;VM3;VM4;VM5;VM6;VMU;VMV;VMW;VMZ;VPB,,,,,,,404,,1
ZT,DULL,ZT.DULL,ROUTED,IRISDMC,IRIS,https://service.earthscope.org/fdsnws/dataselect/1/,6,BHE;BHN;BHZ;HHE;HHN;HHZ,"""""",2017.0,2021.0,2017-05-17T00:00:00,2021-01-01T00:00:08,,200,,1
ZT,WTBG,ZT.WTBG,ROUTED,IRISDMC,IRIS,https://service.earthscope.org/fdsnws/dataselect/1/,6,BHE;BHN;BHZ;HHE;HHN;HHZ,"""""",2017.0,2021.0,2017-04-28T00:00:00,2021-01-01T00:00:08,,200,,1
ZU,101,ZU.101,NO_WANTED_BAND,IRISDMC,,,4,EDH;EL1;EL2;ELZ,,,,,,,404,,1
ZU,134,ZU.134,NO_WANTED_BAND,IRISDMC,,,4,EDH;EL1;EL2;ELZ,,,,,,,404,,1
ZU,214,ZU.214,NO_WANTED_BAND,IRISDMC,,,4,EDH;EL1;EL2;ELZ,,,,,,,404,,1
ZU,227,ZU.227,NO_WANTED_BAND,IRISDMC,,,4,EDH;EL1;EL2;ELZ,,,,,,,404,,1
ZU,ALD48,ZU.ALD48,NO_WANTED_BAND,IRISDMC,,,5,LFE;LFN;LFZ;LQE;LQN,,,,,,,404,,1
ZU,ARV39,ZU.ARV39,NO_WANTED_BAND,IRISDMC,,,12,LFE;LFN;LFZ;LQE;LQN,,,,,,,404,,1
ZU,ARY43,ZU.ARY43,NO_WANTED_BAND,IRISDMC,,,5,LFE;LFN;LFZ;LQE;LQN,,,,,,,404,,1
ZU,AZB19,ZU.AZB19,NO_WANTED_BAND,IRISDMC,,,9,LFE;LFN;LFZ;LQE;LQN,,,,,,,404,,1
ZU,COS28,ZU.COS28,NO_WANTED_BAND,IRISDMC,,,8,LFE;LFN;LFZ;LQE;LQN,,,,,,,404,,1
ZU,E118,ZU.E118,NO_WANTED_BAND,IRISDMC,,,33,ACE;EDH;EL1;EL2;ELZ;LCE;LCL;LCQ;LDH;LL1;LL2;LLZ;LOG;OAC;OCF;VCO;VEA;VEC;VEP;VFP;VKI;VM0;VM1;VM2;VM3;VM4;VM5;VM6;VMU;VMV;VMW;VMZ;VPB,,,,,,,404,,1
ZU,GGIL,ZU.GGIL,ROUTED,IRISDMC,IRIS,https://service.earthscope.org/fdsnws/dataselect/1/,6,HHE;HHN;HHZ;LHE;LHN;LHZ,"""""",2013.0,2014.0,2013-12-04T00:00:00,2014-06-08T23:59:00,,200,,1
ZU,LAB43,ZU.LAB43,NO_WANTED_BAND,IRISDMC,,,9,LFE;LFN;LFZ;LQE;LQN,,,,,,,404,,1
ZU,MSW46,ZU.MSW46,NO_WANTED_BAND,IRISDMC,,,9,LFE;LFN;LFZ;LQE;LQN,,,,,,,404,,1
ZU,NMV26,ZU.NMV26,NO_WANTED_BAND,IRISDMC,,,9,LFE;LFN;LFZ;LQE;LQN,,,,,,,404,,1
ZU,NMW20,ZU.NMW20,NO_WANTED_BAND,IRISDMC,,,5,LFE;LFN;LFZ;LQE;LQN,,,,,,,404,,1
ZU,NMX25,ZU.NMX25,NO_WANTED_BAND,IRISDMC,,,5,LFE;LFN;LFZ;LQE;LQN,,,,,,,404,,1
ZU,NMY20,ZU.NMY20,NO_WANTED_BAND,IRISDMC,,,14,LFE;LFN;LFZ;LQE;LQN,,,,,,,404,,1
ZU,NZ24,ZU.NZ24,ROUTED,IRISDMC,IRIS,https://service.earthscope.org/fdsnws/dataselect/1/,3,BH1;BH2;BHZ,"""""",2009.0,2010.0,2009-02-14T00:00:00,2010-02-12T23:59:59,,200,,1
ZU,NZ29,ZU.NZ29,ROUTED,IRISDMC,IRIS,https://service.earthscope.org/fdsnws/dataselect/1/,3,BH1;BH2;BHZ,"""""",2009.0,2010.0,2009-02-17T00:00:00,2010-02-13T23:59:59,,200,,1
ZU,PA69,ZU.PA69,ROUTED,IRISDMC,IRIS,https://service.earthscope.org/fdsnws/dataselect/1/,3,HHE;HHN;HHZ,"""""",2007.0,2007.0,2007-06-26T00:00:00,2007-11-19T12:00:00,,200,,1
ZU,TXC31,ZU.TXC31,NO_WANTED_BAND,IRISDMC,,,14,LFE;LFN;LFZ;LQE;LQN,,,,,,,404,,1
ZU,TXD38,ZU.TXD38,NO_WANTED_BAND,IRISDMC,,,5,LFE;LFN;LFZ;LQE;LQN,,,,,,,404,,1
ZU,TXE30,ZU.TXE30,NO_WANTED_BAND,IRISDMC,,,9,LFE;LFN;LFZ;LQE;LQN,,,,,,,404,,1
ZU,TXH36,ZU.TXH36,NO_WANTED_BAND,IRISDMC,,,9,LFE;LFN;LFZ;LQE;LQN,,,,,,,404,,1
ZU,TXJ34,ZU.TXJ34,NO_WANTED_BAND,IRISDMC,,,11,LFE;LFN;LFZ;LQE;LQN,,,,,,,404,,1
ZU,TXK37,ZU.TXK37,NO_WANTED_BAND,IRISDMC,,,9,LFE;LFN;LFZ;LQE;LQN,,,,,,,404,,1
ZV,GUNA,ZV.GUNA,ROUTED,IRISDMC,IRIS,https://service.earthscope.org/fdsnws/dataselect/1/,3,BHE;BHN;BHZ,"""""",2008.0,2010.0,2008-05-28T00:00:00,2010-10-02T23:59:59,,200,,1
ZV,OBS02,ZV.OBS02,NO_WANTED_BAND,IRISDMC,,,21,ACE;EDH;EL1;EL2;ELZ;LCE;LCL;LCQ;LDH;LL1;LL2;LLZ;LOG;OAC;OCF;VCO;VEA;VEC;VEP;VFP;VKI,,,,,,,404,,1
ZV,XWAN,ZV.XWAN,ROUTED,IRISDMC,IRIS,https://service.earthscope.org/fdsnws/dataselect/1/,3,BHE;BHN;BHZ,"""""",2008.0,2010.0,2008-03-06T00:00:00,2010-10-02T23:59:59,,200,,1
ZW,AZCF,ZW.AZCF,ROUTED,IRISDMC,IRIS,https://service.earthscope.org/fdsnws/dataselect/1/,9,EHE;EHN;EHZ;HHE;HHN;HHZ;MHE;MHN;MHZ,""""";00",2014.0,2016.0,2014-01-30T00:00:00,2016-12-31T23:59:59,,200,,1
ZX,230,ZX.230,ROUTED,IRISDMC,IRIS,https://service.earthscope.org/fdsnws/dataselect/1/,6,BHE;BHN;BHZ,"""""",2003.0,2004.0,2003-04-22T00:00:00,2004-05-22T23:59:59,,200,,1
ZZ,FWU17,ZZ.FWU17,NO_WANTED_BAND,IRISDMC,,,7,CH1;CH2;CHZ;LOG;VM1;VM2;VM3,,,,,,,404,,1
ZZ,XSJN,ZZ.XSJN,ROUTED,IRISDMC,IRIS,https://service.earthscope.org/fdsnws/dataselect/1/,6,HH1;HH2;HHZ;LH1;LH2;LHZ,"""""",2015.0,2016.0,2015-05-15T00:00:00,2016-06-01T23:59:59,,200,,1
nan,SABA,nan.SABA,NO_DATA_AT_SERVICE,,,,0,,,,,,,,404,,1
