date,stations_with_data
1969-07-21,1
1969-07-22,1
1969-07-23,1
1969-07-24,1
1969-07-25,1
1969-07-26,1
1969-07-27,1
1969-07-28,1
1969-07-29,1
1969-07-30,1
1969-07-31,1
1969-08-01,1
1969-08-02,1
1969-08-03,1
1969-08-19,1
1969-08-20,1
1969-08-21,1
1969-08-22,1
1969-08-23,1
1969-08-24,1
1969-08-25,1
1969-08-26,1
1969-11-19,1
1969-11-20,1
1969-11-21,1
1969-11-22,1
1969-11-23,1
1969-11-24,1
1969-11-25,1
1969-11-26,1
1969-11-27,1
1969-11-28,1
1969-11-29,1
1969-11-30,1
1969-12-01,1
1969-12-02,1
1969-12-03,1
1969-12-04,1
1969-12-05,1
1969-12-06,1
1969-12-07,1
1969-12-08,1
1969-12-09,1
1969-12-10,1
1969-12-11,1
1969-12-12,1
1969-12-13,1
1969-12-14,1
1969-12-15,1
1969-12-16,1
1969-12-17,1
1969-12-18,1
1969-12-19,1
1969-12-20,1
1969-12-21,1
1969-12-22,1
1969-12-23,1
1969-12-24,1
1969-12-25,1
1969-12-26,1
1969-12-27,1
1969-12-28,1
1969-12-29,1
1969-12-30,1
1969-12-31,1
1970-01-01,2
1970-01-02,1
1970-01-03,1
1970-01-04,1
1970-01-05,1
1970-01-06,1
1970-01-07,1
1970-01-08,1
1970-01-09,1
1970-01-10,1
1970-01-11,1
1970-01-12,1
1970-01-13,1
1970-01-14,1
1970-01-15,1
1970-01-16,1
1970-01-17,1
1970-01-18,1
1970-01-19,1
1970-01-20,1
1970-01-21,1
1970-01-22,1
1970-01-23,1
1970-01-24,1
1970-01-25,1
1970-01-26,1
1970-01-27,1
1970-01-28,1
1970-01-29,1
1970-01-30,1
1970-01-31,1
1970-02-01,1
1970-02-02,1
1970-02-03,1
1970-02-04,1
1970-02-05,1
1970-02-06,1
1970-02-07,1
1970-02-08,1
1970-02-09,1
1970-02-10,1
1970-02-11,1
1970-02-12,1
1970-02-13,1
1970-02-14,1
1970-02-15,1
1970-02-16,1
1970-02-17,1
1970-02-18,1
1970-02-19,1
1970-02-20,1
1970-02-21,1
1970-02-22,1
1970-02-23,1
1970-02-24,1
1970-02-25,1
1970-02-26,1
1970-02-27,1
1970-02-28,1
1970-03-01,1
1970-03-02,1
1970-03-03,1
1970-03-04,1
1970-03-05,1
1970-03-06,1
1970-03-07,1
1970-03-08,1
1970-03-09,1
1970-03-10,1
1970-03-11,1
1970-03-12,1
1970-03-13,1
1970-03-14,1
1970-03-15,1
1970-03-16,1
1970-03-17,1
1970-03-18,1
1970-03-19,1
1970-03-20,1
1970-03-21,1
1970-03-22,1
1970-03-23,1
1970-03-24,1
1970-03-25,1
1970-03-26,1
1970-03-27,1
1970-03-28,1
1970-03-29,1
1970-03-30,1
1970-03-31,1
1970-04-01,1
1970-04-02,1
1970-04-03,1
1970-04-04,1
1970-04-05,1
1970-04-06,1
1970-04-07,1
1970-04-08,1
1970-04-09,1
1970-04-10,1
1970-04-11,1
1970-04-12,1
1970-04-13,1
1970-04-14,1
1970-04-15,1
1970-04-16,1
1970-04-17,1
1970-04-18,1
1970-04-19,1
1970-04-20,1
1970-04-21,1
1970-04-22,1
1970-04-23,1
1970-04-24,1
1970-04-25,1
1970-04-26,1
1970-04-27,1
1970-04-28,1
1970-04-29,1
1970-04-30,1
1970-05-01,1
1970-05-02,1
1970-05-03,1
1970-05-04,1
1970-05-05,1
1970-05-06,1
1970-05-07,1
1970-05-08,1
1970-05-09,1
1970-05-10,1
1970-05-11,1
1970-05-12,1
1970-05-13,1
1970-05-14,1
1970-05-15,1
1970-05-16,1
1970-05-17,1
1970-05-18,1
1970-05-19,1
1970-05-20,1
1970-05-21,1
1970-05-22,1
1970-05-23,1
1970-05-24,1
1970-05-25,1
1970-05-26,1
1970-05-27,1
1970-05-28,1
1970-05-29,1
1970-05-30,1
1970-05-31,1
1970-06-01,1
1970-06-02,1
1970-06-03,1
1970-06-04,1
1970-06-05,1
1970-06-06,1
1970-06-07,1
1970-06-08,1
1970-06-09,1
1970-06-10,1
1970-06-11,1
1970-06-12,1
1970-06-13,1
1970-06-14,1
1970-06-15,1
1970-06-16,1
1970-06-17,1
1970-06-18,1
1970-06-19,1
1970-06-20,1
1970-06-21,1
1970-06-22,1
1970-06-23,1
1970-06-24,1
1970-06-25,1
1970-06-26,1
1970-06-27,1
1970-06-28,1
1970-06-29,1
1970-06-30,1
1970-07-01,1
1970-07-02,1
1970-07-03,1
1970-07-04,1
1970-07-05,1
1970-07-06,1
1970-07-07,1
1970-07-08,1
1970-07-09,1
1970-07-10,1
1970-07-11,1
1970-07-12,1
1970-07-13,1
1970-07-14,1
1970-07-15,1
1970-07-16,1
1970-07-17,1
1970-07-18,1
1970-07-19,1
1970-07-20,1
1970-07-21,1
1970-07-22,1
1970-07-23,1
1970-07-24,1
1970-07-25,1
1970-07-26,1
1970-07-27,1
1970-07-28,1
1970-07-29,1
1970-07-30,1
1970-07-31,1
1970-08-01,1
1970-08-02,1
1970-08-03,1
1970-08-04,1
1970-08-05,1
1970-08-06,1
1970-08-07,1
1970-08-08,1
1970-08-09,1
1970-08-10,1
1970-08-11,1
1970-08-12,1
1970-08-13,1
1970-08-14,1
1970-08-15,1
1970-08-16,1
1970-08-17,1
1970-08-18,1
1970-08-19,1
1970-08-20,1
1970-08-21,1
1970-08-22,1
1970-08-23,1
1970-08-24,1
1970-08-25,1
1970-08-26,1
1970-08-27,1
1970-08-28,1
1970-08-29,1
1970-08-30,1
1970-08-31,1
1970-09-01,1
1970-09-02,1
1970-09-03,1
1970-09-04,1
1970-09-05,1
1970-09-06,1
1970-09-07,1
1970-09-08,1
1970-09-09,1
1970-09-10,1
1970-09-11,1
1970-09-12,1
1970-09-13,1
1970-09-14,2
1970-09-15,1
1970-09-16,1
1970-09-17,2
1970-09-18,2
1970-09-19,2
1970-09-20,1
1970-09-21,1
1970-09-22,2
1970-09-23,2
1970-09-24,2
1970-09-25,2
1970-09-26,1
1970-09-27,1
1970-09-28,2
1970-09-29,2
1970-09-30,2
1970-10-01,1
1970-10-02,2
1970-10-03,2
1970-10-04,2
1970-10-05,2
1970-10-06,2
1970-10-07,1
1970-10-08,2
1970-10-09,1
1970-10-10,1
1970-10-11,1
1970-10-12,1
1970-10-13,1
1970-10-14,2
1970-10-15,2
1970-10-16,2
1970-10-17,2
1970-10-18,2
1970-10-19,2
1970-10-20,2
1970-10-21,2
1970-10-22,1
1970-10-23,2
1970-10-24,2
1970-10-25,2
1970-10-26,2
1970-10-27,1
1970-10-28,1
1970-10-29,1
1970-10-30,1
1970-10-31,1
1970-11-01,1
1970-11-02,1
1970-11-03,1
1970-11-04,2
1970-11-05,1
1970-11-06,1
1970-11-07,1
1970-11-08,1
1970-11-09,2
1970-11-10,1
1970-11-11,2
1970-11-12,2
1970-11-13,2
1970-11-14,2
1970-11-15,2
1970-11-16,2
1970-11-17,2
1970-11-18,2
1970-11-19,2
1970-11-20,2
1970-11-21,2
1970-11-22,2
1970-11-23,2
1970-11-24,2
1970-11-25,2
1970-11-26,2
1970-11-27,2
1970-11-28,2
1970-11-29,2
1970-11-30,2
1970-12-01,2
1970-12-02,2
1970-12-03,1
1970-12-04,2
1970-12-05,2
1970-12-06,2
1970-12-07,2
1970-12-08,2
1970-12-09,2
1970-12-10,2
1970-12-11,2
1970-12-12,2
1970-12-13,2
1970-12-14,2
1970-12-15,2
1970-12-16,2
1970-12-17,2
1970-12-18,2
1970-12-19,1
1970-12-20,2
1970-12-21,1
1970-12-22,2
1970-12-23,2
1970-12-24,2
1970-12-25,2
1970-12-26,2
1970-12-27,1
1970-12-28,1
1970-12-29,1
1970-12-30,1
1970-12-31,1
1971-01-01,1
1971-01-02,1
1971-01-03,1
1971-01-04,1
1971-01-05,1
1971-01-06,1
1971-01-07,1
1971-01-08,1
1971-01-09,1
1971-01-10,1
1971-01-11,1
1971-01-12,1
1971-01-13,1
1971-01-14,1
1971-01-15,1
1971-01-16,1
1971-01-17,1
1971-01-18,1
1971-01-19,1
1971-01-20,1
1971-01-21,1
1971-01-22,1
1971-01-23,1
1971-01-24,1
1971-01-25,1
1971-01-26,1
1971-01-27,1
1971-01-28,1
1971-01-29,1
1971-01-30,1
1971-01-31,1
1971-02-01,1
1971-02-02,1
1971-02-03,1
1971-02-04,1
1971-02-05,2
1971-02-06,2
1971-02-07,2
1971-02-08,2
1971-02-09,2
1971-02-10,2
1971-02-11,2
1971-02-12,2
1971-02-13,2
1971-02-14,2
1971-02-15,2
1971-02-16,2
1971-02-17,2
1971-02-18,2
1971-02-19,2
1971-02-20,2
1971-02-21,2
1971-02-22,2
1971-02-23,2
1971-02-24,2
1971-02-25,2
1971-02-26,2
1971-02-27,2
1971-02-28,2
1971-03-01,2
1971-03-02,2
1971-03-03,2
1971-03-04,2
1971-03-05,2
1971-03-06,2
1971-03-07,2
1971-03-08,2
1971-03-09,2
1971-03-10,2
1971-03-11,2
1971-03-12,2
1971-03-13,2
1971-03-14,2
1971-03-15,2
1971-03-16,2
1971-03-17,2
1971-03-18,2
1971-03-19,2
1971-03-20,2
1971-03-21,2
1971-03-22,2
1971-03-23,2
1971-03-24,2
1971-03-25,2
1971-03-26,2
1971-03-27,2
1971-03-28,2
1971-03-29,2
1971-03-30,2
1971-03-31,2
1971-04-01,2
1971-04-02,2
1971-04-03,2
1971-04-04,2
1971-04-05,2
1971-04-06,2
1971-04-07,2
1971-04-08,2
1971-04-09,2
1971-04-10,2
1971-04-11,2
1971-04-12,2
1971-04-13,2
1971-04-14,2
1971-04-15,2
1971-04-16,2
1971-04-17,2
1971-04-18,2
1971-04-19,2
1971-04-20,2
1971-04-21,2
1971-04-22,2
1971-04-23,2
1971-04-24,2
1971-04-25,2
1971-04-26,2
1971-04-27,2
1971-04-28,2
1971-04-29,2
1971-04-30,2
1971-05-01,2
1971-05-02,2
1971-05-03,2
1971-05-04,2
1971-05-05,2
1971-05-06,2
1971-05-07,2
1971-05-08,2
1971-05-09,2
1971-05-10,2
1971-05-11,2
1971-05-12,2
1971-05-13,2
1971-05-14,2
1971-05-15,2
1971-05-16,2
1971-05-17,2
1971-05-18,2
1971-05-19,2
1971-05-20,2
1971-05-21,2
1971-05-22,2
1971-05-23,2
1971-05-24,2
1971-05-25,2
1971-05-26,2
1971-05-27,2
1971-05-28,2
1971-05-29,2
1971-05-30,2
1971-05-31,2
1971-06-01,2
1971-06-02,2
1971-06-03,2
1971-06-04,2
1971-06-05,2
1971-06-06,2
1971-06-07,2
1971-06-08,2
1971-06-09,2
1971-06-10,2
1971-06-11,2
1971-06-12,2
1971-06-13,2
1971-06-14,2
1971-06-15,2
1971-06-16,2
1971-06-17,2
1971-06-18,2
1971-06-19,2
1971-06-20,2
1971-06-21,2
1971-06-22,2
1971-06-23,2
1971-06-24,2
1971-06-25,2
1971-06-26,2
1971-06-27,2
1971-06-28,2
1971-06-29,2
1971-06-30,2
1971-07-01,2
1971-07-02,2
1971-07-03,2
1971-07-04,2
1971-07-05,2
1971-07-06,2
1971-07-07,2
1971-07-08,2
1971-07-09,2
1971-07-10,2
1971-07-11,2
1971-07-12,2
1971-07-13,2
1971-07-14,2
1971-07-15,2
1971-07-16,2
1971-07-17,2
1971-07-18,2
1971-07-19,2
1971-07-20,2
1971-07-21,2
1971-07-22,2
1971-07-23,2
1971-07-24,2
1971-07-25,2
1971-07-26,2
1971-07-27,2
1971-07-28,2
1971-07-29,2
1971-07-30,2
1971-07-31,3
1971-08-01,3
1971-08-02,3
1971-08-03,3
1971-08-04,3
1971-08-05,3
1971-08-06,3
1971-08-07,3
1971-08-08,3
1971-08-09,3
1971-08-10,3
1971-08-11,3
1971-08-12,3
1971-08-13,3
1971-08-14,3
1971-08-15,3
1971-08-16,3
1971-08-17,3
1971-08-18,3
1971-08-19,3
1971-08-20,3
1971-08-21,3
1971-08-22,3
1971-08-23,3
1971-08-24,3
1971-08-25,3
1971-08-26,3
1971-08-27,3
1971-08-28,3
1971-08-29,3
1971-08-30,3
1971-08-31,3
1971-09-01,3
1971-09-02,3
1971-09-03,3
1971-09-04,3
1971-09-05,3
1971-09-06,3
1971-09-07,3
1971-09-08,3
1971-09-09,3
1971-09-10,3
1971-09-11,3
1971-09-12,3
1971-09-13,3
1971-09-14,3
1971-09-15,3
1971-09-16,3
1971-09-17,3
1971-09-18,3
1971-09-19,3
1971-09-20,3
1971-09-21,3
1971-09-22,3
1971-09-23,3
1971-09-24,3
1971-09-25,3
1971-09-26,3
1971-09-27,3
1971-09-28,3
1971-09-29,3
1971-09-30,3
1971-10-01,3
1971-10-02,3
1971-10-03,3
1971-10-04,3
1971-10-05,3
1971-10-06,3
1971-10-07,3
1971-10-08,3
1971-10-09,3
1971-10-10,3
1971-10-11,3
1971-10-12,3
1971-10-13,3
1971-10-14,3
1971-10-15,3
1971-10-16,3
1971-10-17,3
1971-10-18,3
1971-10-19,3
1971-10-20,3
1971-10-21,3
1971-10-22,3
1971-10-23,3
1971-10-24,3
1971-10-25,3
1971-10-26,3
1971-10-27,3
1971-10-28,3
1971-10-29,3
1971-10-30,3
1971-10-31,3
1971-11-01,3
1971-11-02,3
1971-11-03,3
1971-11-04,3
1971-11-05,3
1971-11-06,3
1971-11-07,3
1971-11-08,3
1971-11-09,3
1971-11-10,3
1971-11-11,3
1971-11-12,3
1971-11-13,3
1971-11-14,3
1971-11-15,3
1971-11-16,3
1971-11-17,3
1971-11-18,3
1971-11-19,3
1971-11-20,3
1971-11-21,3
1971-11-22,3
1971-11-23,3
1971-11-24,3
1971-11-25,3
1971-11-26,3
1971-11-27,3
1971-11-28,3
1971-11-29,3
1971-11-30,3
1971-12-01,3
1971-12-02,3
1971-12-03,3
1971-12-04,3
1971-12-05,3
1971-12-06,3
1971-12-07,3
1971-12-08,3
1971-12-09,3
1971-12-10,3
1971-12-11,3
1971-12-12,3
1971-12-13,3
1971-12-14,3
1971-12-15,3
1971-12-16,3
1971-12-17,3
1971-12-18,3
1971-12-19,3
1971-12-20,3
1971-12-21,3
1971-12-22,3
1971-12-23,3
1971-12-24,3
1971-12-25,3
1971-12-26,3
1971-12-27,3
1971-12-28,3
1971-12-29,3
1971-12-30,3
1971-12-31,3
1972-01-01,3
1972-01-02,3
1972-01-03,3
1972-01-04,3
1972-01-05,3
1972-01-06,3
1972-01-07,3
1972-01-08,3
1972-01-09,3
1972-01-10,3
1972-01-11,3
1972-01-12,3
1972-01-13,3
1972-01-14,3
1972-01-15,3
1972-01-16,3
1972-01-17,3
1972-01-18,3
1972-01-19,3
1972-01-20,3
1972-01-21,3
1972-01-22,3
1972-01-23,3
1972-01-24,3
1972-01-25,3
1972-01-26,3
1972-01-27,3
1972-01-28,3
1972-01-29,3
1972-01-30,3
1972-01-31,3
1972-02-01,3
1972-02-02,3
1972-02-03,3
1972-02-04,3
1972-02-05,3
1972-02-06,3
1972-02-07,3
1972-02-08,3
1972-02-09,3
1972-02-10,3
1972-02-11,3
1972-02-12,3
1972-02-13,3
1972-02-14,3
1972-02-15,3
1972-02-16,3
1972-02-17,3
1972-02-18,3
1972-02-19,3
1972-02-20,3
1972-02-21,3
1972-02-22,3
1972-02-23,3
1972-02-24,3
1972-02-25,3
1972-02-26,3
1972-02-27,3
1972-02-28,3
1972-02-29,3
1972-03-01,3
1972-03-02,3
1972-03-03,3
1972-03-04,3
1972-03-05,3
1972-03-06,3
1972-03-07,3
1972-03-08,3
1972-03-09,3
1972-03-10,3
1972-03-11,3
1972-03-12,3
1972-03-13,3
1972-03-14,3
1972-03-15,3
1972-03-16,3
1972-03-17,3
1972-03-18,3
1972-03-19,3
1972-03-20,3
1972-03-21,3
1972-03-22,3
1972-03-23,3
1972-03-24,3
1972-03-25,3
1972-03-26,3
1972-03-27,3
1972-03-28,3
1972-03-29,3
1972-03-30,3
1972-03-31,3
1972-04-01,3
1972-04-02,3
1972-04-03,3
1972-04-04,3
1972-04-05,3
1972-04-06,3
1972-04-07,3
1972-04-08,3
1972-04-09,3
1972-04-10,3
1972-04-11,3
1972-04-12,3
1972-04-13,3
1972-04-14,3
1972-04-15,3
1972-04-16,3
1972-04-17,3
1972-04-18,3
1972-04-19,3
1972-04-20,3
1972-04-21,4
1972-04-22,4
1972-04-23,4
1972-04-24,4
1972-04-25,4
1972-04-26,4
1972-04-27,4
1972-04-28,4
1972-04-29,4
1972-04-30,4
1972-05-01,4
1972-05-02,4
1972-05-03,4
1972-05-04,4
1972-05-05,4
1972-05-06,4
1972-05-07,4
1972-05-08,4
1972-05-09,4
1972-05-10,4
1972-05-11,4
1972-05-12,4
1972-05-13,4
1972-05-14,4
1972-05-15,4
1972-05-16,4
1972-05-17,4
1972-05-18,4
1972-05-19,4
1972-05-20,4
1972-05-21,4
1972-05-22,4
1972-05-23,4
1972-05-24,4
1972-05-25,4
1972-05-26,4
1972-05-27,4
1972-05-28,4
1972-05-29,4
1972-05-30,4
1972-05-31,4
1972-06-01,4
1972-06-02,4
1972-06-03,4
1972-06-04,4
1972-06-05,4
1972-06-06,4
1972-06-07,4
1972-06-08,4
1972-06-09,4
1972-06-10,4
1972-06-11,4
1972-06-12,4
1972-06-13,4
1972-06-14,4
1972-06-15,4
1972-06-16,4
1972-06-17,4
1972-06-18,4
1972-06-19,4
1972-06-20,4
1972-06-21,4
1972-06-22,4
1972-06-23,4
1972-06-24,4
1972-06-25,4
1972-06-26,4
1972-06-27,4
1972-06-28,4
1972-06-29,5
1972-06-30,5
1972-07-01,5
1972-07-02,5
1972-07-03,5
1972-07-04,5
1972-07-05,5
1972-07-06,5
1972-07-07,5
1972-07-08,5
1972-07-09,5
1972-07-10,5
1972-07-11,5
1972-07-12,5
1972-07-13,5
1972-07-14,5
1972-07-15,5
1972-07-16,5
1972-07-17,5
1972-07-18,5
1972-07-19,5
1972-07-20,5
1972-07-21,5
1972-07-22,5
1972-07-23,5
1972-07-24,5
1972-07-25,5
1972-07-26,5
1972-07-27,5
1972-07-28,5
1972-07-29,5
1972-07-30,5
1972-07-31,5
1972-08-01,5
1972-08-02,5
1972-08-03,5
1972-08-04,5
1972-08-05,5
1972-08-06,5
1972-08-07,5
1972-08-08,5
1972-08-09,5
1972-08-10,5
1972-08-11,5
1972-08-12,5
1972-08-13,5
1972-08-14,5
1972-08-15,5
1972-08-16,5
1972-08-17,5
1972-08-18,5
1972-08-19,5
1972-08-20,5
1972-08-21,5
1972-08-22,5
1972-08-23,5
1972-08-24,5
1972-08-25,5
1972-08-26,5
1972-08-27,5
1972-08-28,5
1972-08-29,5
1972-08-30,5
1972-08-31,5
1972-09-01,5
1972-09-02,5
1972-09-03,5
1972-09-04,5
1972-09-05,5
1972-09-06,5
1972-09-07,5
1972-09-08,5
1972-09-09,5
1972-09-10,5
1972-09-11,5
1972-09-12,5
1972-09-13,5
1972-09-14,5
1972-09-15,5
1972-09-16,5
1972-09-17,5
1972-09-18,5
1972-09-19,4
1972-09-20,4
1972-09-21,4
1972-09-22,4
1972-09-23,4
1972-09-24,4
1972-09-25,4
1972-09-26,4
1972-09-27,4
1972-09-28,4
1972-09-29,4
1972-09-30,4
1972-10-01,4
1972-10-02,4
1972-10-03,4
1972-10-04,4
1972-10-05,4
1972-10-06,4
1972-10-07,4
1972-10-08,4
1972-10-09,4
1972-10-10,4
1972-10-11,5
1972-10-12,5
1972-10-13,5
1972-10-14,5
1972-10-15,5
1972-10-16,5
1972-10-17,5
1972-10-18,5
1972-10-19,5
1972-10-20,5
1972-10-21,5
1972-10-22,5
1972-10-23,5
1972-10-24,4
1972-10-25,4
1972-10-26,4
1972-10-27,4
1972-10-28,4
1972-10-29,4
1972-10-30,4
1972-10-31,4
1972-11-01,4
1972-11-02,4
1972-11-03,4
1972-11-04,4
1972-11-05,4
1972-11-06,4
1972-11-07,4
1972-11-08,4
1972-11-09,4
1972-11-10,4
1972-11-11,4
1972-11-12,4
1972-11-13,4
1972-11-14,4
1972-11-15,4
1972-11-16,4
1972-11-17,4
1972-11-18,4
1972-11-19,4
1972-11-20,4
1972-11-21,4
1972-11-22,4
1972-11-23,4
1972-11-24,4
1972-11-25,4
1972-11-26,4
1972-11-27,4
1972-11-28,4
1972-11-29,4
1972-11-30,4
1972-12-01,4
1972-12-02,4
1972-12-03,5
1972-12-04,5
1972-12-05,5
1972-12-06,5
1972-12-07,5
1972-12-08,5
1972-12-09,5
1972-12-10,5
1972-12-11,5
1972-12-12,5
1972-12-13,5
1972-12-14,5
1972-12-15,5
1972-12-16,5
1972-12-17,5
1972-12-18,5
1972-12-19,5
1972-12-20,5
1972-12-21,5
1972-12-22,5
1972-12-23,5
1972-12-24,5
1972-12-25,5
1972-12-26,5
1972-12-27,5
1972-12-28,5
1972-12-29,5
1972-12-30,5
1972-12-31,5
1973-01-01,5
1973-01-02,5
1973-01-03,5
1973-01-04,5
1973-01-05,5
1973-01-06,5
1973-01-07,5
1973-01-08,5
1973-01-09,5
1973-01-10,5
1973-01-11,5
1973-01-12,5
1973-01-13,5
1973-01-14,5
1973-01-15,4
1973-01-16,5
1973-01-17,5
1973-01-18,5
1973-01-19,5
1973-01-20,5
1973-01-21,5
1973-01-22,5
1973-01-23,4
1973-01-24,5
1973-01-25,5
1973-01-26,5
1973-01-27,5
1973-01-28,5
1973-01-29,5
1973-01-30,5
1973-01-31,5
1973-02-01,5
1973-02-02,5
1973-02-03,5
1973-02-04,5
1973-02-05,5
1973-02-06,5
1973-02-07,5
1973-02-08,5
1973-02-09,5
1973-02-10,5
1973-02-11,5
1973-02-12,4
1973-02-13,4
1973-02-14,4
1973-02-15,4
1973-02-16,4
1973-02-17,4
1973-02-18,4
1973-02-19,5
1973-02-20,5
1973-02-21,5
1973-02-22,5
1973-02-23,5
1973-02-24,5
1973-02-25,5
1973-02-26,5
1973-02-27,5
1973-02-28,5
1973-03-01,5
1973-03-02,5
1973-03-03,5
1973-03-04,5
1973-03-05,5
1973-03-06,5
1973-03-07,5
1973-03-08,5
1973-03-09,5
1973-03-10,5
1973-03-11,5
1973-03-12,5
1973-03-13,5
1973-03-14,5
1973-03-15,5
1973-03-16,5
1973-03-17,4
1973-03-18,4
1973-03-19,4
1973-03-20,4
1973-03-21,4
1973-03-22,4
1973-03-23,4
1973-03-24,4
1973-03-25,4
1973-03-26,4
1973-03-27,4
1973-03-28,4
1973-03-29,4
1973-03-30,4
1973-03-31,4
1973-04-01,4
1973-04-02,4
1973-04-03,4
1973-04-04,4
1973-04-05,4
1973-04-06,4
1973-04-07,4
1973-04-08,4
1973-04-09,4
1973-04-10,4
1973-04-11,4
1973-04-12,4
1973-04-13,4
1973-04-14,5
1973-04-15,5
1973-04-16,5
1973-04-17,5
1973-04-18,5
1973-04-19,5
1973-04-20,5
1973-04-21,5
1973-04-22,5
1973-04-23,5
1973-04-24,5
1973-04-25,5
1973-04-26,5
1973-04-27,5
1973-04-28,5
1973-04-29,4
1973-04-30,4
1973-05-01,4
1973-05-02,4
1973-05-03,4
1973-05-04,4
1973-05-05,4
1973-05-06,4
1973-05-07,4
1973-05-08,4
1973-05-09,4
1973-05-10,4
1973-05-11,4
1973-05-12,4
1973-05-13,4
1973-05-14,4
1973-05-15,4
1973-05-16,4
1973-05-17,4
1973-05-18,4
1973-05-19,4
1973-05-20,4
1973-05-21,4
1973-05-22,4
1973-05-23,4
1973-05-24,4
1973-05-25,4
1973-05-26,4
1973-05-27,4
1973-05-28,4
1973-05-29,4
1973-05-30,4
1973-05-31,4
1973-06-01,4
1973-06-02,4
1973-06-03,4
1973-06-04,4
1973-06-05,4
1973-06-06,4
1973-06-07,4
1973-06-08,4
1973-06-09,4
1973-06-10,4
1973-06-11,4
1973-06-12,4
1973-06-13,4
1973-06-14,4
1973-06-15,4
1973-06-16,4
1973-06-17,4
1973-06-18,4
1973-06-19,4
1973-06-20,4
1973-06-21,4
1973-06-22,4
1973-06-23,4
1973-06-24,4
1973-06-25,4
1973-06-26,4
1973-06-27,4
1973-06-28,4
1973-06-29,4
1973-06-30,4
1973-07-01,4
1973-07-02,4
1973-07-03,4
1973-07-04,4
1973-07-05,4
1973-07-06,4
1973-07-07,4
1973-07-08,4
1973-07-09,4
1973-07-10,4
1973-07-11,4
1973-07-12,4
1973-07-13,4
1973-07-14,4
1973-07-15,4
1973-07-16,4
1973-07-17,4
1973-07-18,4
1973-07-19,4
1973-07-20,4
1973-07-21,4
1973-07-22,4
1973-07-23,4
1973-07-24,4
1973-07-25,4
1973-07-26,4
1973-07-27,4
1973-07-28,4
1973-07-29,4
1973-07-30,4
1973-07-31,4
1973-08-01,4
1973-08-02,4
1973-08-03,4
1973-08-04,4
1973-08-05,4
1973-08-06,4
1973-08-07,4
1973-08-08,4
1973-08-09,4
1973-08-10,4
1973-08-11,4
1973-08-12,4
1973-08-13,4
1973-08-14,5
1973-08-15,5
1973-08-16,5
1973-08-17,5
1973-08-18,5
1973-08-19,5
1973-08-20,4
1973-08-21,4
1973-08-22,4
1973-08-23,4
1973-08-24,4
1973-08-25,4
1973-08-26,4
1973-08-27,4
1973-08-28,4
1973-08-29,4
1973-08-30,4
1973-08-31,4
1973-09-01,4
1973-09-02,4
1973-09-03,4
1973-09-04,4
1973-09-05,4
1973-09-06,4
1973-09-07,4
1973-09-08,4
1973-09-09,4
1973-09-10,4
1973-09-11,4
1973-09-12,4
1973-09-13,4
1973-09-14,4
1973-09-15,4
1973-09-16,4
1973-09-17,4
1973-09-18,4
1973-09-19,4
1973-09-20,4
1973-09-21,4
1973-09-22,4
1973-09-23,4
1973-09-24,4
1973-09-25,4
1973-09-26,4
1973-09-27,4
1973-09-28,4
1973-09-29,4
1973-09-30,4
1973-10-01,4
1973-10-02,4
1973-10-03,5
1973-10-04,5
1973-10-05,5
1973-10-06,4
1973-10-07,4
1973-10-08,4
1973-10-09,4
1973-10-10,4
1973-10-11,4
1973-10-12,4
1973-10-13,4
1973-10-14,4
1973-10-15,4
1973-10-16,4
1973-10-17,4
1973-10-18,4
1973-10-19,4
1973-10-20,4
1973-10-21,4
1973-10-22,4
1973-10-23,4
1973-10-24,4
1973-10-25,4
1973-10-26,4
1973-10-27,4
1973-10-28,4
1973-10-29,4
1973-10-30,4
1973-10-31,4
1973-11-01,4
1973-11-02,4
1973-11-03,4
1973-11-04,4
1973-11-05,4
1973-11-06,4
1973-11-07,4
1973-11-08,4
1973-11-09,4
1973-11-10,4
1973-11-11,4
1973-11-12,4
1973-11-13,4
1973-11-14,4
1973-11-15,4
1973-11-16,4
1973-11-17,4
1973-11-18,4
1973-11-19,4
1973-11-20,4
1973-11-21,4
1973-11-22,4
1973-11-23,4
1973-11-24,4
1973-11-25,4
1973-11-26,4
1973-11-27,4
1973-11-28,4
1973-11-29,4
1973-11-30,4
1973-12-01,4
1973-12-02,4
1973-12-03,4
1973-12-04,4
1973-12-05,4
1973-12-06,4
1973-12-07,4
1973-12-08,4
1973-12-09,4
1973-12-10,4
1973-12-11,4
1973-12-12,4
1973-12-13,4
1973-12-14,4
1973-12-15,4
1973-12-16,4
1973-12-17,4
1973-12-18,4
1973-12-19,4
1973-12-20,4
1973-12-21,4
1973-12-22,4
1973-12-23,4
1973-12-24,4
1973-12-25,4
1973-12-26,4
1973-12-27,4
1973-12-28,4
1973-12-29,4
1973-12-30,4
1973-12-31,4
1974-01-01,4
1974-01-02,4
1974-01-03,4
1974-01-04,4
1974-01-05,4
1974-01-06,4
1974-01-07,4
1974-01-08,4
1974-01-09,4
1974-01-10,4
1974-01-11,4
1974-01-12,4
1974-01-13,4
1974-01-14,4
1974-01-15,4
1974-01-16,4
1974-01-17,4
1974-01-18,4
1974-01-19,4
1974-01-20,4
1974-01-21,4
1974-01-22,4
1974-01-23,4
1974-01-24,4
1974-01-25,4
1974-01-26,4
1974-01-27,4
1974-01-28,4
1974-01-29,4
1974-01-30,4
1974-01-31,4
1974-02-01,4
1974-02-02,4
1974-02-03,4
1974-02-04,4
1974-02-05,4
1974-02-06,4
1974-02-07,4
1974-02-08,4
1974-02-09,4
1974-02-10,4
1974-02-11,4
1974-02-12,4
1974-02-13,4
1974-02-14,4
1974-02-15,4
1974-02-16,4
1974-02-17,4
1974-02-18,4
1974-02-19,4
1974-02-20,4
1974-02-21,4
1974-02-22,4
1974-02-23,4
1974-02-24,4
1974-02-25,4
1974-02-26,4
1974-02-27,4
1974-02-28,4
1974-03-01,4
1974-03-02,4
1974-03-03,4
1974-03-04,4
1974-03-05,4
1974-03-06,4
1974-03-07,4
1974-03-08,4
1974-03-09,4
1974-03-10,4
1974-03-11,4
1974-03-12,4
1974-03-13,4
1974-03-14,4
1974-03-15,4
1974-03-16,4
1974-03-17,4
1974-03-18,4
1974-03-19,4
1974-03-20,4
1974-03-21,4
1974-03-22,4
1974-03-23,4
1974-03-24,4
1974-03-25,4
1974-03-26,4
1974-03-27,4
1974-03-28,4
1974-03-29,4
1974-03-30,4
1974-03-31,4
1974-04-01,4
1974-04-02,4
1974-04-03,4
1974-04-04,4
1974-04-05,4
1974-04-06,4
1974-04-07,4
1974-04-08,5
1974-04-09,5
1974-04-10,5
1974-04-11,5
1974-04-12,5
1974-04-13,5
1974-04-14,5
1974-04-15,5
1974-04-16,5
1974-04-17,5
1974-04-18,4
1974-04-19,4
1974-04-20,4
1974-04-21,4
1974-04-22,4
1974-04-23,4
1974-04-24,4
1974-04-25,4
1974-04-26,4
1974-04-27,4
1974-04-28,4
1974-04-29,4
1974-04-30,4
1974-05-01,4
1974-05-02,4
1974-05-03,4
1974-05-04,4
1974-05-05,4
1974-05-06,4
1974-05-07,4
1974-05-08,4
1974-05-09,4
1974-05-10,4
1974-05-11,4
1974-05-12,4
1974-05-13,4
1974-05-14,4
1974-05-15,4
1974-05-16,4
1974-05-17,4
1974-05-18,4
1974-05-19,4
1974-05-20,4
1974-05-21,4
1974-05-22,4
1974-05-23,4
1974-05-24,4
1974-05-25,4
1974-05-26,4
1974-05-27,4
1974-05-28,4
1974-05-29,4
1974-05-30,4
1974-05-31,4
1974-06-01,4
1974-06-02,4
1974-06-03,4
1974-06-04,4
1974-06-05,4
1974-06-06,4
1974-06-07,4
1974-06-08,4
1974-06-09,4
1974-06-10,4
1974-06-11,4
1974-06-12,4
1974-06-13,4
1974-06-14,4
1974-06-15,4
1974-06-16,4
1974-06-17,4
1974-06-18,4
1974-06-19,4
1974-06-20,4
1974-06-21,4
1974-06-22,4
1974-06-23,4
1974-06-24,4
1974-06-25,4
1974-06-26,4
1974-06-27,4
1974-06-28,4
1974-06-29,4
1974-06-30,4
1974-07-01,4
1974-07-02,4
1974-07-03,4
1974-07-04,4
1974-07-05,4
1974-07-06,4
1974-07-07,4
1974-07-08,4
1974-07-09,4
1974-07-10,4
1974-07-11,4
1974-07-12,4
1974-07-13,4
1974-07-14,4
1974-07-15,4
1974-07-16,4
1974-07-17,4
1974-07-18,4
1974-07-19,4
1974-07-20,4
1974-07-21,4
1974-07-22,4
1974-07-23,4
1974-07-24,4
1974-07-25,4
1974-07-26,4
1974-07-27,4
1974-07-28,4
1974-07-29,4
1974-07-30,4
1974-07-31,4
1974-08-01,4
1974-08-02,4
1974-08-03,4
1974-08-04,4
1974-08-05,4
1974-08-06,4
1974-08-07,4
1974-08-08,4
1974-08-09,4
1974-08-10,4
1974-08-11,4
1974-08-12,4
1974-08-13,4
1974-08-14,4
1974-08-15,4
1974-08-16,4
1974-08-17,4
1974-08-18,4
1974-08-19,4
1974-08-20,4
1974-08-21,4
1974-08-22,4
1974-08-23,4
1974-08-24,4
1974-08-25,4
1974-08-26,4
1974-08-27,4
1974-08-28,4
1974-08-29,4
1974-08-30,4
1974-08-31,4
1974-09-01,4
1974-09-02,4
1974-09-03,4
1974-09-04,4
1974-09-05,4
1974-09-06,4
1974-09-07,4
1974-09-08,4
1974-09-09,4
1974-09-10,4
1974-09-11,4
1974-09-12,4
1974-09-13,4
1974-09-14,4
1974-09-15,4
1974-09-16,4
1974-09-17,4
1974-09-18,4
1974-09-19,4
1974-09-20,4
1974-09-21,4
1974-09-22,4
1974-09-23,4
1974-09-24,4
1974-09-25,4
1974-09-26,4
1974-09-27,4
1974-09-28,4
1974-09-29,5
1974-09-30,5
1974-10-01,5
1974-10-02,5
1974-10-03,5
1974-10-04,5
1974-10-05,5
1974-10-06,5
1974-10-07,5
1974-10-08,5
1974-10-09,5
1974-10-10,5
1974-10-11,5
1974-10-12,5
1974-10-13,5
1974-10-14,5
1974-10-15,5
1974-10-16,5
1974-10-17,5
1974-10-18,5
1974-10-19,5
1974-10-20,5
1974-10-21,5
1974-10-22,5
1974-10-23,5
1974-10-24,5
1974-10-25,5
1974-10-26,5
1974-10-27,5
1974-10-28,5
1974-10-29,5
1974-10-30,4
1974-10-31,4
1974-11-01,4
1974-11-02,4
1974-11-03,4
1974-11-04,4
1974-11-05,4
1974-11-06,4
1974-11-07,4
1974-11-08,4
1974-11-09,4
1974-11-10,4
1974-11-11,4
1974-11-12,4
1974-11-13,4
1974-11-14,4
1974-11-15,4
1974-11-16,4
1974-11-17,4
1974-11-18,4
1974-11-19,4
1974-11-20,4
1974-11-21,4
1974-11-22,4
1974-11-23,4
1974-11-24,4
1974-11-25,4
1974-11-26,4
1974-11-27,4
1974-11-28,4
1974-11-29,4
1974-11-30,4
1974-12-01,4
1974-12-02,4
1974-12-03,4
1974-12-04,4
1974-12-05,4
1974-12-06,4
1974-12-07,4
1974-12-08,4
1974-12-09,4
1974-12-10,4
1974-12-11,4
1974-12-12,4
1974-12-13,4
1974-12-14,4
1974-12-15,4
1974-12-16,4
1974-12-17,4
1974-12-18,4
1974-12-19,4
1974-12-20,4
1974-12-21,4
1974-12-22,4
1974-12-23,4
1974-12-24,4
1974-12-25,4
1974-12-26,4
1974-12-27,4
1974-12-28,4
1974-12-29,4
1974-12-30,4
1974-12-31,4
1975-01-01,4
1975-01-02,5
1975-01-03,5
1975-01-04,4
1975-01-05,4
1975-01-06,4
1975-01-07,4
1975-01-08,4
1975-01-09,4
1975-01-10,4
1975-01-11,4
1975-01-12,4
1975-01-13,4
1975-01-14,4
1975-01-15,4
1975-01-16,4
1975-01-17,4
1975-01-18,4
1975-01-19,4
1975-01-20,4
1975-01-21,4
1975-01-22,4
1975-01-23,4
1975-01-24,4
1975-01-25,4
1975-01-26,4
1975-01-27,4
1975-01-28,4
1975-01-29,4
1975-01-30,4
1975-01-31,4
1975-02-01,4
1975-02-02,4
1975-02-03,4
1975-02-04,4
1975-02-05,4
1975-02-06,4
1975-02-07,4
1975-02-08,4
1975-02-09,4
1975-02-10,4
1975-02-11,4
1975-02-12,4
1975-02-13,4
1975-02-14,4
1975-02-15,4
1975-02-16,4
1975-02-17,4
1975-02-18,4
1975-02-19,5
1975-02-20,5
1975-02-21,5
1975-02-22,4
1975-02-23,4
1975-02-24,4
1975-02-25,4
1975-02-26,4
1975-02-27,4
1975-02-28,4
1975-03-01,4
1975-03-02,3
1975-03-03,3
1975-03-04,3
1975-03-05,4
1975-03-06,4
1975-03-07,4
1975-03-08,4
1975-03-09,4
1975-03-10,4
1975-03-11,4
1975-03-12,4
1975-03-13,5
1975-03-14,5
1975-03-15,5
1975-03-16,5
1975-03-17,4
1975-03-18,4
1975-03-19,4
1975-03-20,4
1975-03-21,4
1975-03-22,4
1975-03-23,4
1975-03-24,4
1975-03-25,4
1975-03-26,4
1975-03-27,4
1975-03-28,4
1975-03-29,4
1975-03-30,4
1975-03-31,4
1975-04-01,4
1975-04-02,4
1975-04-03,4
1975-04-04,4
1975-04-05,4
1975-04-06,4
1975-04-07,4
1975-04-08,4
1975-04-09,4
1975-04-10,4
1975-04-11,4
1975-04-12,4
1975-04-13,4
1975-04-14,4
1975-04-15,4
1975-04-16,4
1975-04-17,4
1975-04-18,4
1975-04-19,4
1975-04-20,4
1975-04-21,4
1975-04-22,4
1975-04-23,4
1975-04-24,4
1975-04-25,4
1975-04-26,4
1975-04-27,4
1975-04-28,4
1975-04-29,4
1975-04-30,4
1975-05-01,4
1975-05-02,4
1975-05-03,4
1975-05-04,4
1975-05-05,4
1975-05-06,4
1975-05-07,4
1975-05-08,4
1975-05-09,4
1975-05-10,4
1975-05-11,4
1975-05-12,4
1975-05-13,4
1975-05-14,4
1975-05-15,4
1975-05-16,4
1975-05-17,4
1975-05-18,4
1975-05-19,4
1975-05-20,4
1975-05-21,4
1975-05-22,4
1975-05-23,4
1975-05-24,4
1975-05-25,4
1975-05-26,4
1975-05-27,4
1975-05-28,4
1975-05-29,4
1975-05-30,4
1975-05-31,4
1975-06-01,4
1975-06-02,4
1975-06-03,4
1975-06-04,4
1975-06-05,4
1975-06-06,4
1975-06-07,4
1975-06-08,4
1975-06-09,4
1975-06-10,4
1975-06-11,4
1975-06-12,4
1975-06-13,4
1975-06-14,4
1975-06-15,4
1975-06-16,4
1975-06-17,4
1975-06-18,4
1975-06-19,4
1975-06-20,4
1975-06-21,4
1975-06-22,4
1975-06-23,4
1975-06-24,4
1975-06-25,4
1975-06-26,4
1975-06-27,4
1975-06-28,4
1975-06-29,4
1975-06-30,4
1975-07-01,4
1975-07-02,4
1975-07-03,4
1975-07-04,4
1975-07-05,4
1975-07-06,4
1975-07-07,4
1975-07-08,4
1975-07-09,4
1975-07-10,4
1975-07-11,4
1975-07-12,4
1975-07-13,4
1975-07-14,4
1975-07-15,4
1975-07-16,4
1975-07-17,4
1975-07-18,4
1975-07-19,4
1975-07-20,4
1975-07-21,4
1975-07-22,4
1975-07-23,4
1975-07-24,4
1975-07-25,4
1975-07-26,4
1975-07-27,4
1975-07-28,4
1975-07-29,4
1975-07-30,4
1975-07-31,4
1975-08-01,4
1975-08-02,4
1975-08-03,4
1975-08-04,4
1975-08-05,4
1975-08-06,4
1975-08-07,4
1975-08-08,4
1975-08-09,4
1975-08-10,4
1975-08-11,4
1975-08-12,4
1975-08-13,4
1975-08-14,4
1975-08-15,4
1975-08-16,4
1975-08-17,4
1975-08-18,4
1975-08-19,4
1975-08-20,4
1975-08-21,4
1975-08-22,4
1975-08-23,4
1975-08-24,4
1975-08-25,4
1975-08-26,4
1975-08-27,4
1975-08-28,4
1975-08-29,4
1975-08-30,4
1975-08-31,4
1975-09-01,4
1975-09-02,4
1975-09-03,4
1975-09-04,4
1975-09-05,4
1975-09-06,4
1975-09-07,4
1975-09-08,4
1975-09-09,4
1975-09-10,4
1975-09-11,4
1975-09-12,4
1975-09-13,4
1975-09-14,4
1975-09-15,4
1975-09-16,4
1975-09-17,4
1975-09-18,4
1975-09-19,4
1975-09-20,4
1975-09-21,4
1975-09-22,4
1975-09-23,4
1975-09-24,4
1975-09-25,4
1975-09-26,4
1975-09-27,4
1975-09-28,4
1975-09-29,4
1975-09-30,4
1975-10-01,4
1975-10-02,4
1975-10-03,5
1975-10-04,5
1975-10-05,5
1975-10-06,5
1975-10-07,5
1975-10-08,6
1975-10-09,6
1975-10-10,6
1975-10-11,6
1975-10-12,6
1975-10-13,6
1975-10-14,6
1975-10-15,6
1975-10-16,6
1975-10-17,6
1975-10-18,6
1975-10-19,6
1975-10-20,6
1975-10-21,6
1975-10-22,6
1975-10-23,6
1975-10-24,6
1975-10-25,6
1975-10-26,6
1975-10-27,6
1975-10-28,6
1975-10-29,6
1975-10-30,6
1975-10-31,6
1975-11-01,6
1975-11-02,6
1975-11-03,6
1975-11-04,6
1975-11-05,6
1975-11-06,6
1975-11-07,6
1975-11-08,6
1975-11-09,5
1975-11-10,5
1975-11-11,5
1975-11-12,5
1975-11-13,5
1975-11-14,5
1975-11-15,5
1975-11-16,5
1975-11-17,5
1975-11-18,5
1975-11-19,5
1975-11-20,5
1975-11-21,5
1975-11-22,5
1975-11-23,5
1975-11-24,5
1975-11-25,5
1975-11-26,5
1975-11-27,6
1975-11-28,5
1975-11-29,5
1975-11-30,5
1975-12-01,5
1975-12-02,5
1975-12-03,5
1975-12-04,5
1975-12-05,5
1975-12-06,5
1975-12-07,5
1975-12-08,5
1975-12-09,5
1975-12-10,5
1975-12-11,5
1975-12-12,5
1975-12-13,5
1975-12-14,5
1975-12-15,5
1975-12-16,5
1975-12-17,5
1975-12-18,5
1975-12-19,5
1975-12-20,5
1975-12-21,5
1975-12-22,5
1975-12-23,5
1975-12-24,5
1975-12-25,5
1975-12-26,5
1975-12-27,5
1975-12-28,5
1975-12-29,5
1975-12-30,5
1975-12-31,5
1976-01-01,5
1976-01-02,5
1976-01-03,5
1976-01-04,5
1976-01-05,5
1976-01-06,5
1976-01-07,5
1976-01-08,6
1976-01-09,6
1976-01-10,6
1976-01-11,6
1976-01-12,6
1976-01-13,6
1976-01-14,6
1976-01-15,6
1976-01-16,6
1976-01-17,6
1976-01-18,6
1976-01-19,5
1976-01-20,5
1976-01-21,5
1976-01-22,5
1976-01-23,5
1976-01-24,4
1976-01-25,4
1976-01-26,5
1976-01-27,5
1976-01-28,5
1976-01-29,5
1976-01-30,5
1976-01-31,5
1976-02-01,5
1976-02-02,5
1976-02-03,5
1976-02-04,5
1976-02-05,6
1976-02-06,6
1976-02-07,6
1976-02-08,5
1976-02-09,6
1976-02-10,6
1976-02-11,5
1976-02-12,5
1976-02-13,5
1976-02-14,5
1976-02-15,5
1976-02-16,5
1976-02-17,5
1976-02-18,5
1976-02-19,6
1976-02-20,6
1976-02-21,6
1976-02-22,6
1976-02-23,6
1976-02-24,6
1976-02-25,6
1976-02-26,6
1976-02-27,6
1976-02-28,6
1976-02-29,6
1976-03-01,7
1976-03-02,7
1976-03-03,7
1976-03-04,7
1976-03-05,7
1976-03-06,7
1976-03-07,7
1976-03-08,7
1976-03-09,7
1976-03-10,7
1976-03-11,7
1976-03-12,7
1976-03-13,7
1976-03-14,7
1976-03-15,7
1976-03-16,7
1976-03-17,7
1976-03-18,6
1976-03-19,6
1976-03-20,6
1976-03-21,6
1976-03-22,6
1976-03-23,6
1976-03-24,6
1976-03-25,6
1976-03-26,6
1976-03-27,6
1976-03-28,6
1976-03-29,6
1976-03-30,5
1976-03-31,5
1976-04-01,5
1976-04-02,5
1976-04-03,5
1976-04-04,5
1976-04-05,5
1976-04-06,5
1976-04-07,5
1976-04-08,5
1976-04-09,5
1976-04-10,5
1976-04-11,5
1976-04-12,5
1976-04-13,5
1976-04-14,5
1976-04-15,5
1976-04-16,5
1976-04-17,5
1976-04-18,5
1976-04-19,5
1976-04-20,5
1976-04-21,5
1976-04-22,5
1976-04-23,5
1976-04-24,5
1976-04-25,5
1976-04-26,6
1976-04-27,6
1976-04-28,6
1976-04-29,6
1976-04-30,5
1976-05-01,6
1976-05-02,7
1976-05-03,7
1976-05-04,7
1976-05-05,6
1976-05-06,6
1976-05-07,6
1976-05-08,6
1976-05-09,6
1976-05-10,7
1976-05-11,7
1976-05-12,7
1976-05-13,7
1976-05-14,7
1976-05-15,7
1976-05-16,7
1976-05-17,6
1976-05-18,6
1976-05-19,7
1976-05-20,8
1976-05-21,8
1976-05-22,8
1976-05-23,8
1976-05-24,8
1976-05-25,8
1976-05-26,8
1976-05-27,8
1976-05-28,8
1976-05-29,8
1976-05-30,8
1976-05-31,8
1976-06-01,8
1976-06-02,7
1976-06-03,7
1976-06-04,8
1976-06-05,8
1976-06-06,8
1976-06-07,8
1976-06-08,8
1976-06-09,7
1976-06-10,8
1976-06-11,8
1976-06-12,8
1976-06-13,7
1976-06-14,7
1976-06-15,7
1976-06-16,7
1976-06-17,7
1976-06-18,7
1976-06-19,7
1976-06-20,7
1976-06-21,7
1976-06-22,7
1976-06-23,7
1976-06-24,7
1976-06-25,7
1976-06-26,7
1976-06-27,7
1976-06-28,7
1976-06-29,7
1976-06-30,7
1976-07-01,7
1976-07-02,7
1976-07-03,7
1976-07-04,7
1976-07-05,7
1976-07-06,7
1976-07-07,7
1976-07-08,7
1976-07-09,7
1976-07-10,7
1976-07-11,7
1976-07-12,7
1976-07-13,7
1976-07-14,6
1976-07-15,6
1976-07-16,6
1976-07-17,7
1976-07-18,7
1976-07-19,7
1976-07-20,7
1976-07-21,7
1976-07-22,6
1976-07-23,6
1976-07-24,6
1976-07-25,6
1976-07-26,6
1976-07-27,6
1976-07-28,6
1976-07-29,6
1976-07-30,6
1976-07-31,6
1976-08-01,7
1976-08-02,7
1976-08-03,7
1976-08-04,7
1976-08-05,7
1976-08-06,8
1976-08-07,8
1976-08-08,8
1976-08-09,8
1976-08-10,8
1976-08-11,8
1976-08-12,8
1976-08-13,8
1976-08-14,8
1976-08-15,7
1976-08-16,7
1976-08-17,7
1976-08-18,7
1976-08-19,7
1976-08-20,8
1976-08-21,8
1976-08-22,8
1976-08-23,8
1976-08-24,8
1976-08-25,8
1976-08-26,8
1976-08-27,7
1976-08-28,7
1976-08-29,8
1976-08-30,8
1976-08-31,7
1976-09-01,7
1976-09-02,7
1976-09-03,7
1976-09-04,7
1976-09-05,8
1976-09-06,8
1976-09-07,8
1976-09-08,9
1976-09-09,9
1976-09-10,9
1976-09-11,9
1976-09-12,9
1976-09-13,9
1976-09-14,9
1976-09-15,9
1976-09-16,8
1976-09-17,9
1976-09-18,9
1976-09-19,9
1976-09-20,7
1976-09-21,8
1976-09-22,8
1976-09-23,8
1976-09-24,8
1976-09-25,8
1976-09-26,8
1976-09-27,9
1976-09-28,9
1976-09-29,9
1976-09-30,9
1976-10-01,9
1976-10-02,9
1976-10-03,8
1976-10-04,8
1976-10-05,8
1976-10-06,8
1976-10-07,8
1976-10-08,8
1976-10-09,8
1976-10-10,7
1976-10-11,7
1976-10-12,7
1976-10-13,7
1976-10-14,7
1976-10-15,7
1976-10-16,7
1976-10-17,7
1976-10-18,7
1976-10-19,7
1976-10-20,7
1976-10-21,6
1976-10-22,6
1976-10-23,7
1976-10-24,7
1976-10-25,7
1976-10-26,8
1976-10-27,8
1976-10-28,8
1976-10-29,8
1976-10-30,8
1976-10-31,8
1976-11-01,7
1976-11-02,8
1976-11-03,8
1976-11-04,8
1976-11-05,8
1976-11-06,8
1976-11-07,8
1976-11-08,7
1976-11-09,7
1976-11-10,8
1976-11-11,8
1976-11-12,9
1976-11-13,9
1976-11-14,10
1976-11-15,9
1976-11-16,9
1976-11-17,9
1976-11-18,8
1976-11-19,8
1976-11-20,8
1976-11-21,8
1976-11-22,8
1976-11-23,9
1976-11-24,9
1976-11-25,9
1976-11-26,9
1976-11-27,9
1976-11-28,9
1976-11-29,8
1976-11-30,9
1976-12-01,9
1976-12-02,9
1976-12-03,8
1976-12-04,8
1976-12-05,8
1976-12-06,7
1976-12-07,7
1976-12-08,7
1976-12-09,7
1976-12-10,7
1976-12-11,8
1976-12-12,8
1976-12-13,8
1976-12-14,8
1976-12-15,7
1976-12-16,7
1976-12-17,7
1976-12-18,8
1976-12-19,8
1976-12-20,8
1976-12-21,7
1976-12-22,7
1976-12-23,8
1976-12-24,8
1976-12-25,8
1976-12-26,8
1976-12-27,8
1976-12-28,9
1976-12-29,9
1976-12-30,9
1976-12-31,9
1977-01-01,9
1977-01-02,9
1977-01-03,8
1977-01-04,9
1977-01-05,9
1977-01-06,9
1977-01-07,9
1977-01-08,9
1977-01-09,9
1977-01-10,8
1977-01-11,9
1977-01-12,9
1977-01-13,9
1977-01-14,9
1977-01-15,9
1977-01-16,9
1977-01-17,9
1977-01-18,9
1977-01-19,9
1977-01-20,9
1977-01-21,9
1977-01-22,9
1977-01-23,9
1977-01-24,9
1977-01-25,9
1977-01-26,9
1977-01-27,9
1977-01-28,9
1977-01-29,9
1977-01-30,9
1977-01-31,9
1977-02-01,9
1977-02-02,9
1977-02-03,9
1977-02-04,9
1977-02-05,9
1977-02-06,9
1977-02-07,9
1977-02-08,9
1977-02-09,9
1977-02-10,9
1977-02-11,9
1977-02-12,9
1977-02-13,9
1977-02-14,10
1977-02-15,10
1977-02-16,10
1977-02-17,10
1977-02-18,10
1977-02-19,10
1977-02-20,9
1977-02-21,10
1977-02-22,10
1977-02-23,10
1977-02-24,10
1977-02-25,10
1977-02-26,10
1977-02-27,10
1977-02-28,10
1977-03-01,10
1977-03-02,10
1977-03-03,10
1977-03-04,10
1977-03-05,10
1977-03-06,10
1977-03-07,10
1977-03-08,10
1977-03-09,10
1977-03-10,10
1977-03-11,9
1977-03-12,9
1977-03-13,10
1977-03-14,10
1977-03-15,10
1977-03-16,10
1977-03-17,10
1977-03-18,10
1977-03-19,10
1977-03-20,10
1977-03-21,10
1977-03-22,10
1977-03-23,10
1977-03-24,10
1977-03-25,10
1977-03-26,9
1977-03-27,9
1977-03-28,9
1977-03-29,8
1977-03-30,9
1977-03-31,10
1977-04-01,10
1977-04-02,10
1977-04-03,10
1977-04-04,10
1977-04-05,10
1977-04-06,9
1977-04-07,9
1977-04-08,10
1977-04-09,10
1977-04-10,10
1977-04-11,10
1977-04-12,10
1977-04-13,10
1977-04-14,10
1977-04-15,10
1977-04-16,10
1977-04-17,10
1977-04-18,10
1977-04-19,9
1977-04-20,10
1977-04-21,10
1977-04-22,10
1977-04-23,10
1977-04-24,10
1977-04-25,10
1977-04-26,10
1977-04-27,10
1977-04-28,10
1977-04-29,10
1977-04-30,10
1977-05-01,10
1977-05-02,10
1977-05-03,10
1977-05-04,10
1977-05-05,10
1977-05-06,9
1977-05-07,10
1977-05-08,10
1977-05-09,10
1977-05-10,10
1977-05-11,10
1977-05-12,10
1977-05-13,10
1977-05-14,10
1977-05-15,11
1977-05-16,11
1977-05-17,11
1977-05-18,11
1977-05-19,10
1977-05-20,10
1977-05-21,11
1977-05-22,11
1977-05-23,11
1977-05-24,11
1977-05-25,10
1977-05-26,11
1977-05-27,11
1977-05-28,11
1977-05-29,11
1977-05-30,10
1977-05-31,11
1977-06-01,11
1977-06-02,11
1977-06-03,11
1977-06-04,11
1977-06-05,10
1977-06-06,11
1977-06-07,11
1977-06-08,10
1977-06-09,10
1977-06-10,10
1977-06-11,10
1977-06-12,10
1977-06-13,9
1977-06-14,9
1977-06-15,9
1977-06-16,9
1977-06-17,10
1977-06-18,10
1977-06-19,10
1977-06-20,10
1977-06-21,9
1977-06-22,9
1977-06-23,10
1977-06-24,10
1977-06-25,10
1977-06-26,10
1977-06-27,10
1977-06-28,11
1977-06-29,11
1977-06-30,11
1977-07-01,10
1977-07-02,10
1977-07-03,9
1977-07-04,9
1977-07-05,10
1977-07-06,10
1977-07-07,11
1977-07-08,11
1977-07-09,11
1977-07-10,11
1977-07-11,11
1977-07-12,11
1977-07-13,11
1977-07-14,11
1977-07-15,10
1977-07-16,9
1977-07-17,10
1977-07-18,10
1977-07-19,10
1977-07-20,10
1977-07-21,10
1977-07-22,10
1977-07-23,10
1977-07-24,10
1977-07-25,10
1977-07-26,10
1977-07-27,9
1977-07-28,10
1977-07-29,10
1977-07-30,10
1977-07-31,9
1977-08-01,8
1977-08-02,8
1977-08-03,8
1977-08-04,10
1977-08-05,10
1977-08-06,11
1977-08-07,11
1977-08-08,11
1977-08-09,11
1977-08-10,11
1977-08-11,9
1977-08-12,9
1977-08-13,9
1977-08-14,9
1977-08-15,9
1977-08-16,9
1977-08-17,8
1977-08-18,9
1977-08-19,9
1977-08-20,9
1977-08-21,9
1977-08-22,9
1977-08-23,9
1977-08-24,9
1977-08-25,9
1977-08-26,9
1977-08-27,9
1977-08-28,9
1977-08-29,9
1977-08-30,9
1977-08-31,9
1977-09-01,9
1977-09-02,9
1977-09-03,9
1977-09-04,9
1977-09-05,8
1977-09-06,8
1977-09-07,9
1977-09-08,9
1977-09-09,8
1977-09-10,9
1977-09-11,10
1977-09-12,10
1977-09-13,10
1977-09-14,10
1977-09-15,10
1977-09-16,10
1977-09-17,10
1977-09-18,10
1977-09-19,10
1977-09-20,10
1977-09-21,10
1977-09-22,10
1977-09-23,10
1977-09-24,10
1977-09-25,9
1977-09-26,10
1977-09-27,9
1977-09-28,9
1977-09-29,10
1977-09-30,9
1977-10-01,6
1977-10-02,7
1977-10-03,6
1977-10-04,6
1977-10-05,7
1977-10-06,6
1977-10-07,6
1977-10-08,7
1977-10-09,6
1977-10-10,6
1977-10-11,7
1977-10-12,7
1977-10-13,7
1977-10-14,7
1977-10-15,7
1977-10-16,7
1977-10-17,7
1977-10-18,7
1977-10-19,6
1977-10-20,6
1977-10-21,6
1977-10-22,7
1977-10-23,7
1977-10-24,6
1977-10-25,6
1977-10-26,7
1977-10-27,6
1977-10-28,6
1977-10-29,6
1977-10-30,6
1977-10-31,7
1977-11-01,7
1977-11-02,7
1977-11-03,7
1977-11-04,7
1977-11-05,7
1977-11-06,6
1977-11-07,6
1977-11-08,6
1977-11-09,6
1977-11-10,5
1977-11-11,5
1977-11-12,5
1977-11-13,6
1977-11-14,6
1977-11-15,6
1977-11-16,6
1977-11-17,6
1977-11-18,6
1977-11-19,6
1977-11-20,6
1977-11-21,5
1977-11-22,5
1977-11-23,6
1977-11-24,6
1977-11-25,6
1977-11-26,6
1977-11-27,5
1977-11-28,5
1977-11-29,6
1977-11-30,5
1977-12-01,5
1977-12-02,7
1977-12-03,6
1977-12-04,6
1977-12-05,7
1977-12-06,6
1977-12-07,5
1977-12-08,7
1977-12-09,6
1977-12-10,6
1977-12-11,7
1977-12-12,7
1977-12-13,7
1977-12-14,7
1977-12-15,6
1977-12-16,6
1977-12-17,7
1977-12-18,6
1977-12-19,6
1977-12-20,7
1977-12-21,7
1977-12-22,7
1977-12-23,7
1977-12-24,7
1977-12-25,7
1977-12-26,6
1977-12-27,7
1977-12-28,7
1977-12-29,7
1977-12-30,7
1977-12-31,7
1978-01-01,7
1978-01-02,6
1978-01-03,6
1978-01-04,7
1978-01-05,7
1978-01-06,7
1978-01-07,7
1978-01-08,7
1978-01-09,7
1978-01-10,6
1978-01-11,5
1978-01-12,5
1978-01-13,6
1978-01-14,7
1978-01-15,7
1978-01-16,7
1978-01-17,6
1978-01-18,6
1978-01-19,6
1978-01-20,7
1978-01-21,7
1978-01-22,6
1978-01-23,5
1978-01-24,5
1978-01-25,7
1978-01-26,5
1978-01-27,3
1978-01-28,6
1978-01-29,5
1978-01-30,5
1978-01-31,5
1978-02-01,5
1978-02-02,6
1978-02-03,6
1978-02-04,5
1978-02-05,5
1978-02-06,6
1978-02-07,5
1978-02-08,5
1978-02-09,6
1978-02-10,5
1978-02-11,4
1978-02-12,5
1978-02-13,5
1978-02-14,6
1978-02-15,5
1978-02-16,6
1978-02-17,6
1978-02-18,6
1978-02-19,5
1978-02-20,5
1978-02-21,6
1978-02-22,6
1978-02-23,6
1978-02-24,6
1978-02-25,5
1978-02-26,4
1978-02-27,5
1978-02-28,5
1978-03-01,5
1978-03-02,5
1978-03-03,5
1978-03-04,6
1978-03-05,6
1978-03-06,6
1978-03-07,5
1978-03-08,6
1978-03-09,4
1978-03-10,5
1978-03-11,6
1978-03-12,6
1978-03-13,6
1978-03-14,6
1978-03-15,6
1978-03-16,6
1978-03-17,6
1978-03-18,5
1978-03-19,5
1978-03-20,6
1978-03-21,6
1978-03-22,6
1978-03-23,6
1978-03-24,5
1978-03-25,5
1978-03-26,5
1978-03-27,5
1978-03-28,5
1978-03-29,6
1978-03-30,6
1978-03-31,6
1978-04-01,6
1978-04-02,5
1978-04-03,5
1978-04-04,6
1978-04-05,5
1978-04-06,6
1978-04-07,6
1978-04-08,6
1978-04-09,5
1978-04-10,6
1978-04-11,6
1978-04-12,5
1978-04-13,6
1978-04-14,6
1978-04-15,6
1978-04-16,6
1978-04-17,6
1978-04-18,6
1978-04-19,6
1978-04-20,5
1978-04-21,5
1978-04-22,5
1978-04-23,5
1978-04-24,5
1978-04-25,4
1978-04-26,4
1978-04-27,4
1978-04-28,4
1978-04-29,4
1978-04-30,4
1978-05-01,4
1978-05-02,5
1978-05-03,5
1978-05-04,5
1978-05-05,5
1978-05-06,5
1978-05-07,5
1978-05-08,6
1978-05-09,6
1978-05-10,6
1978-05-11,6
1978-05-12,6
1978-05-13,6
1978-05-14,5
1978-05-15,5
1978-05-16,6
1978-05-17,6
1978-05-18,6
1978-05-19,6
1978-05-20,6
1978-05-21,6
1978-05-22,6
1978-05-23,6
1978-05-24,6
1978-05-25,6
1978-05-26,6
1978-05-27,7
1978-05-28,7
1978-05-29,7
1978-05-30,7
1978-05-31,7
1978-06-01,7
1978-06-02,7
1978-06-03,7
1978-06-04,7
1978-06-05,7
1978-06-06,6
1978-06-07,7
1978-06-08,7
1978-06-09,7
1978-06-10,7
1978-06-11,7
1978-06-12,7
1978-06-13,6
1978-06-14,6
1978-06-15,7
1978-06-16,6
1978-06-17,6
1978-06-18,7
1978-06-19,7
1978-06-20,7
1978-06-21,7
1978-06-22,7
1978-06-23,5
1978-06-24,6
1978-06-25,6
1978-06-26,5
1978-06-27,5
1978-06-28,5
1978-06-29,5
1978-06-30,5
1978-07-01,6
1978-07-02,6
1978-07-03,6
1978-07-04,6
1978-07-05,5
1978-07-06,4
1978-07-07,5
1978-07-08,4
1978-07-09,4
1978-07-10,5
1978-07-11,5
1978-07-12,4
1978-07-13,4
1978-07-14,5
1978-07-15,6
1978-07-16,6
1978-07-17,6
1978-07-18,6
1978-07-19,6
1978-07-20,6
1978-07-21,6
1978-07-22,5
1978-07-23,6
1978-07-24,6
1978-07-25,6
1978-07-26,6
1978-07-27,6
1978-07-28,6
1978-07-29,6
1978-07-30,6
1978-07-31,6
1978-08-01,6
1978-08-02,6
1978-08-03,6
1978-08-04,6
1978-08-05,6
1978-08-06,6
1978-08-07,5
1978-08-08,5
1978-08-09,5
1978-08-10,5
1978-08-11,5
1978-08-12,5
1978-08-13,5
1978-08-14,7
1978-08-15,7
1978-08-16,6
1978-08-17,7
1978-08-18,7
1978-08-19,7
1978-08-20,7
1978-08-21,7
1978-08-22,7
1978-08-23,7
1978-08-24,7
1978-08-25,7
1978-08-26,7
1978-08-27,7
1978-08-28,6
1978-08-29,6
1978-08-30,6
1978-08-31,6
1978-09-01,6
1978-09-02,6
1978-09-03,6
1978-09-04,7
1978-09-05,6
1978-09-06,7
1978-09-07,7
1978-09-08,6
1978-09-09,6
1978-09-10,6
1978-09-11,6
1978-09-12,6
1978-09-13,7
1978-09-14,7
1978-09-15,7
1978-09-16,7
1978-09-17,7
1978-09-18,7
1978-09-19,7
1978-09-20,7
1978-09-21,7
1978-09-22,6
1978-09-23,7
1978-09-24,7
1978-09-25,7
1978-09-26,7
1978-09-27,7
1978-09-28,6
1978-09-29,6
1978-09-30,6
1978-10-01,6
1978-10-02,7
1978-10-03,7
1978-10-04,7
1978-10-05,7
1978-10-06,6
1978-10-07,6
1978-10-08,6
1978-10-09,7
1978-10-10,7
1978-10-11,7
1978-10-12,6
1978-10-13,6
1978-10-14,6
1978-10-15,6
1978-10-16,6
1978-10-17,6
1978-10-18,6
1978-10-19,6
1978-10-20,6
1978-10-21,6
1978-10-22,6
1978-10-23,6
1978-10-24,6
1978-10-25,6
1978-10-26,6
1978-10-27,6
1978-10-28,6
1978-10-29,6
1978-10-30,6
1978-10-31,5
1978-11-01,5
1978-11-02,5
1978-11-03,5
1978-11-04,5
1978-11-05,4
1978-11-06,4
1978-11-07,4
1978-11-08,3
1978-11-09,5
1978-11-10,5
1978-11-11,5
1978-11-12,5
1978-11-13,5
1978-11-14,5
1978-11-15,5
1978-11-16,5
1978-11-17,5
1978-11-18,5
1978-11-19,5
1978-11-20,5
1978-11-21,5
1978-11-22,5
1978-11-23,5
1978-11-24,5
1978-11-25,5
1978-11-26,5
1978-11-27,5
1978-11-28,5
1978-11-29,4
1978-11-30,5
1978-12-01,5
1978-12-02,5
1978-12-03,5
1978-12-04,4
1978-12-05,4
1978-12-06,4
1978-12-07,4
1978-12-08,4
1978-12-09,5
1978-12-10,5
1978-12-11,4
1978-12-12,5
1978-12-13,5
1978-12-14,5
1978-12-15,5
1978-12-16,5
1978-12-17,5
1978-12-18,5
1978-12-19,6
1978-12-20,6
1978-12-21,6
1978-12-22,6
1978-12-23,6
1978-12-24,6
1978-12-25,5
1978-12-26,5
1978-12-27,5
1978-12-28,6
1978-12-29,6
1978-12-30,6
1978-12-31,6
1979-01-01,6
1979-01-02,6
1979-01-03,5
1979-01-04,5
1979-01-05,4
1979-01-06,5
1979-01-07,5
1979-01-08,5
1979-01-09,5
1979-01-10,4
1979-01-11,4
1979-01-12,4
1979-01-13,4
1979-01-14,4
1979-01-15,4
1979-01-16,4
1979-01-17,4
1979-01-18,2
1979-01-19,3
1979-01-20,3
1979-01-21,3
1979-01-22,3
1979-01-23,3
1979-01-24,3
1979-01-25,3
1979-01-26,3
1979-01-27,3
1979-01-28,3
1979-01-29,3
1979-01-30,3
1979-01-31,3
1979-02-01,3
1979-02-02,4
1979-02-03,4
1979-02-04,4
1979-02-05,4
1979-02-06,4
1979-02-07,3
1979-02-08,3
1979-02-09,3
1979-02-10,4
1979-02-11,4
1979-02-12,4
1979-02-13,5
1979-02-14,5
1979-02-15,5
1979-02-16,5
1979-02-17,5
1979-02-18,5
1979-02-19,4
1979-02-20,4
1979-02-21,3
1979-02-22,3
1979-02-23,3
1979-02-24,3
1979-02-25,3
1979-02-26,4
1979-02-27,4
1979-02-28,4
1979-03-01,4
1979-03-02,4
1979-03-03,4
1979-03-04,5
1979-03-05,5
1979-03-06,5
1979-03-07,5
1979-03-08,5
1979-03-09,5
1979-03-10,5
1979-03-11,5
1979-03-12,5
1979-03-13,4
1979-03-14,4
1979-03-15,4
1979-03-16,4
1979-03-17,4
1979-03-18,4
1979-03-19,4
1979-03-20,4
1979-03-21,4
1979-03-22,4
1979-03-23,4
1979-03-24,4
1979-03-25,4
1979-03-26,4
1979-03-27,4
1979-03-28,4
1979-03-29,4
1979-03-30,4
1979-03-31,5
1979-04-01,4
1979-04-02,5
1979-04-03,5
1979-04-04,5
1979-04-05,5
1979-04-06,4
1979-04-07,4
1979-04-08,4
1979-04-09,5
1979-04-10,5
1979-04-11,5
1979-04-12,5
1979-04-13,5
1979-04-14,5
1979-04-15,4
1979-04-16,4
1979-04-17,4
1979-04-18,4
1979-04-19,4
1979-04-20,4
1979-04-21,4
1979-04-22,4
1979-04-23,4
1979-04-24,4
1979-04-25,4
1979-04-26,4
1979-04-27,4
1979-04-28,4
1979-04-29,4
1979-04-30,4
1979-05-01,4
1979-05-02,4
1979-05-03,4
1979-05-04,4
1979-05-05,4
1979-05-06,4
1979-05-07,4
1979-05-08,4
1979-05-09,5
1979-05-10,5
1979-05-11,5
1979-05-12,5
1979-05-13,5
1979-05-14,5
1979-05-15,5
1979-05-16,5
1979-05-17,5
1979-05-18,5
1979-05-19,5
1979-05-20,5
1979-05-21,5
1979-05-22,4
1979-05-23,4
1979-05-24,4
1979-05-25,5
1979-05-26,5
1979-05-27,5
1979-05-28,5
1979-05-29,5
1979-05-30,5
1979-05-31,5
1979-06-01,5
1979-06-02,5
1979-06-03,5
1979-06-04,5
1979-06-05,6
1979-06-06,6
1979-06-07,6
1979-06-08,5
1979-06-09,6
1979-06-10,5
1979-06-11,6
1979-06-12,6
1979-06-13,6
1979-06-14,6
1979-06-15,6
1979-06-16,6
1979-06-17,6
1979-06-18,6
1979-06-19,6
1979-06-20,6
1979-06-21,6
1979-06-22,5
1979-06-23,6
1979-06-24,6
1979-06-25,6
1979-06-26,6
1979-06-27,6
1979-06-28,6
1979-06-29,6
1979-06-30,6
1979-07-01,6
1979-07-02,6
1979-07-03,6
1979-07-04,6
1979-07-05,5
1979-07-06,5
1979-07-07,5
1979-07-08,4
1979-07-09,4
1979-07-10,4
1979-07-11,4
1979-07-12,5
1979-07-13,5
1979-07-14,5
1979-07-15,5
1979-07-16,5
1979-07-17,5
1979-07-18,5
1979-07-19,6
1979-07-20,6
1979-07-21,6
1979-07-22,6
1979-07-23,6
1979-07-24,6
1979-07-25,6
1979-07-26,5
1979-07-27,6
1979-07-28,6
1979-07-29,6
1979-07-30,6
1979-07-31,6
1979-08-01,6
1979-08-02,5
1979-08-03,6
1979-08-04,6
1979-08-05,6
1979-08-06,6
1979-08-07,6
1979-08-08,6
1979-08-09,6
1979-08-10,6
1979-08-11,6
1979-08-12,6
1979-08-13,6
1979-08-14,6
1979-08-15,6
1979-08-16,6
1979-08-17,6
1979-08-18,6
1979-08-19,6
1979-08-20,6
1979-08-21,6
1979-08-22,5
1979-08-23,5
1979-08-24,5
1979-08-25,5
1979-08-26,5
1979-08-27,5
1979-08-28,4
1979-08-29,5
1979-08-30,5
1979-08-31,5
1979-09-01,4
1979-09-02,4
1979-09-03,5
1979-09-04,5
1979-09-05,5
1979-09-06,5
1979-09-07,5
1979-09-08,5
1979-09-09,6
1979-09-10,5
1979-09-11,6
1979-09-12,6
1979-09-13,6
1979-09-14,5
1979-09-15,6
1979-09-16,6
1979-09-17,5
1979-09-18,6
1979-09-19,6
1979-09-20,6
1979-09-21,6
1979-09-22,6
1979-09-23,5
1979-09-24,6
1979-09-25,6
1979-09-26,5
1979-09-27,6
1979-09-28,6
1979-09-29,6
1979-09-30,5
1979-10-01,5
1979-10-02,5
1979-10-03,5
1979-10-04,5
1979-10-05,6
1979-10-06,6
1979-10-07,6
1979-10-08,6
1979-10-09,5
1979-10-10,6
1979-10-11,5
1979-10-12,5
1979-10-13,5
1979-10-14,5
1979-10-15,5
1979-10-16,5
1979-10-17,5
1979-10-18,4
1979-10-19,5
1979-10-20,5
1979-10-21,5
1979-10-22,5
1979-10-23,4
1979-10-24,4
1979-10-25,4
1979-10-26,4
1979-10-27,4
1979-10-28,4
1979-10-29,4
1979-10-30,4
1979-10-31,5
1979-11-01,5
1979-11-02,5
1979-11-03,5
1979-11-04,5
1979-11-05,5
1979-11-06,5
1979-11-07,5
1979-11-08,5
1979-11-09,5
1979-11-10,5
1979-11-11,5
1979-11-12,4
1979-11-13,4
1979-11-14,5
1979-11-15,5
1979-11-16,5
1979-11-17,5
1979-11-18,5
1979-11-19,5
1979-11-20,5
1979-11-21,5
1979-11-22,4
1979-11-23,4
1979-11-24,4
1979-11-25,4
1979-11-26,5
1979-11-27,5
1979-11-28,5
1979-11-29,5
1979-11-30,5
1979-12-01,5
1979-12-02,5
1979-12-03,5
1979-12-04,5
1979-12-05,5
1979-12-06,5
1979-12-07,5
1979-12-08,5
1979-12-09,5
1979-12-10,5
1979-12-11,5
1979-12-12,5
1979-12-13,5
1979-12-14,5
1979-12-15,5
1979-12-16,5
1979-12-17,5
1979-12-18,5
1979-12-19,5
1979-12-20,5
1979-12-21,5
1979-12-22,5
1979-12-23,5
1979-12-24,5
1979-12-25,5
1979-12-26,3
1979-12-27,3
1979-12-28,4
1979-12-29,4
1979-12-30,4
1979-12-31,4
1980-01-01,4
1980-01-02,4
1980-01-03,5
1980-01-04,4
1980-01-05,4
1980-01-06,3
1980-01-07,4
1980-01-08,4
1980-01-09,4
1980-01-10,5
1980-01-11,4
1980-01-12,4
1980-01-13,4
1980-01-14,4
1980-01-15,4
1980-01-16,4
1980-01-17,4
1980-01-18,5
1980-01-19,5
1980-01-20,5
1980-01-21,5
1980-01-22,4
1980-01-23,4
1980-01-24,4
1980-01-25,4
1980-01-26,4
1980-01-27,4
1980-01-28,4
1980-01-29,5
1980-01-30,5
1980-01-31,5
1980-02-01,5
1980-02-02,5
1980-02-03,5
1980-02-04,5
1980-02-05,5
1980-02-06,5
1980-02-07,6
1980-02-08,6
1980-02-09,6
1980-02-10,6
1980-02-11,6
1980-02-12,4
1980-02-13,5
1980-02-14,5
1980-02-15,5
1980-02-16,5
1980-02-17,5
1980-02-18,5
1980-02-19,5
1980-02-20,6
1980-02-21,6
1980-02-22,6
1980-02-23,6
1980-02-24,6
1980-02-25,6
1980-02-26,6
1980-02-27,6
1980-02-28,6
1980-02-29,6
1980-03-01,6
1980-03-02,6
1980-03-03,6
1980-03-04,6
1980-03-05,6
1980-03-06,6
1980-03-07,6
1980-03-08,6
1980-03-09,6
1980-03-10,5
1980-03-11,6
1980-03-12,6
1980-03-13,6
1980-03-14,5
1980-03-15,5
1980-03-16,5
1980-03-17,5
1980-03-18,5
1980-03-19,5
1980-03-20,5
1980-03-21,5
1980-03-22,5
1980-03-23,5
1980-03-24,5
1980-03-25,5
1980-03-26,5
1980-03-27,4
1980-03-28,4
1980-03-29,4
1980-03-30,4
1980-03-31,4
1980-04-01,4
1980-04-02,5
1980-04-03,5
1980-04-04,5
1980-04-05,5
1980-04-06,5
1980-04-07,5
1980-04-08,5
1980-04-09,5
1980-04-10,6
1980-04-11,6
1980-04-12,6
1980-04-13,6
1980-04-14,6
1980-04-15,5
1980-04-16,5
1980-04-17,5
1980-04-18,4
1980-04-19,5
1980-04-20,5
1980-04-21,5
1980-04-22,5
1980-04-23,5
1980-04-24,5
1980-04-25,6
1980-04-26,6
1980-04-27,6
1980-04-28,6
1980-04-29,6
1980-04-30,5
1980-05-01,6
1980-05-02,6
1980-05-03,6
1980-05-04,6
1980-05-05,6
1980-05-06,6
1980-05-07,7
1980-05-08,6
1980-05-09,6
1980-05-10,6
1980-05-11,6
1980-05-12,6
1980-05-13,6
1980-05-14,6
1980-05-15,6
1980-05-16,6
1980-05-17,6
1980-05-18,6
1980-05-19,6
1980-05-20,6
1980-05-21,6
1980-05-22,6
1980-05-23,6
1980-05-24,6
1980-05-25,6
1980-05-26,6
1980-05-27,6
1980-05-28,6
1980-05-29,5
1980-05-30,5
1980-05-31,6
1980-06-01,6
1980-06-02,6
1980-06-03,6
1980-06-04,6
1980-06-05,6
1980-06-06,6
1980-06-07,6
1980-06-08,6
1980-06-09,6
1980-06-10,6
1980-06-11,6
1980-06-12,6
1980-06-13,6
1980-06-14,6
1980-06-15,6
1980-06-16,6
1980-06-17,6
1980-06-18,6
1980-06-19,6
1980-06-20,6
1980-06-21,6
1980-06-22,6
1980-06-23,6
1980-06-24,6
1980-06-25,6
1980-06-26,6
1980-06-27,6
1980-06-28,6
1980-06-29,6
1980-06-30,6
1980-07-01,6
1980-07-02,6
1980-07-03,6
1980-07-04,6
1980-07-05,6
1980-07-06,6
1980-07-07,6
1980-07-08,6
1980-07-09,6
1980-07-10,5
1980-07-11,5
1980-07-12,5
1980-07-13,5
1980-07-14,6
1980-07-15,6
1980-07-16,6
1980-07-17,6
1980-07-18,6
1980-07-19,6
1980-07-20,6
1980-07-21,6
1980-07-22,5
1980-07-23,5
1980-07-24,5
1980-07-25,5
1980-07-26,5
1980-07-27,5
1980-07-28,5
1980-07-29,5
1980-07-30,5
1980-07-31,6
1980-08-01,6
1980-08-02,6
1980-08-03,6
1980-08-04,6
1980-08-05,6
1980-08-06,6
1980-08-07,6
1980-08-08,6
1980-08-09,6
1980-08-10,6
1980-08-11,6
1980-08-12,6
1980-08-13,6
1980-08-14,6
1980-08-15,6
1980-08-16,6
1980-08-17,6
1980-08-18,7
1980-08-19,7
1980-08-20,7
1980-08-21,7
1980-08-22,7
1980-08-23,7
1980-08-24,7
1980-08-25,7
1980-08-26,7
1980-08-27,7
1980-08-28,7
1980-08-29,7
1980-08-30,7
1980-08-31,7
1980-09-01,7
1980-09-02,7
1980-09-03,7
1980-09-04,7
1980-09-05,7
1980-09-06,7
1980-09-07,7
1980-09-08,7
1980-09-09,7
1980-09-10,7
1980-09-11,7
1980-09-12,7
1980-09-13,7
1980-09-14,7
1980-09-15,7
1980-09-16,7
1980-09-17,7
1980-09-18,7
1980-09-19,7
1980-09-20,7
1980-09-21,7
1980-09-22,6
1980-09-23,6
1980-09-24,7
1980-09-25,7
1980-09-26,7
1980-09-27,7
1980-09-28,7
1980-09-29,7
1980-09-30,7
1980-10-01,7
1980-10-02,7
1980-10-03,7
1980-10-04,7
1980-10-05,7
1980-10-06,7
1980-10-07,6
1980-10-08,6
1980-10-09,7
1980-10-10,7
1980-10-11,7
1980-10-12,7
1980-10-13,7
1980-10-14,6
1980-10-15,6
1980-10-16,7
1980-10-17,7
1980-10-18,7
1980-10-19,7
1980-10-20,7
1980-10-21,7
1980-10-22,7
1980-10-23,7
1980-10-24,7
1980-10-25,7
1980-10-26,7
1980-10-27,7
1980-10-28,7
1980-10-29,6
1980-10-30,6
1980-10-31,3
1980-11-01,7
1980-11-02,7
1980-11-03,7
1980-11-04,7
1980-11-05,7
1980-11-06,7
1980-11-07,7
1980-11-08,7
1980-11-09,7
1980-11-10,6
1980-11-11,7
1980-11-12,7
1980-11-13,7
1980-11-14,7
1980-11-15,7
1980-11-16,7
1980-11-17,7
1980-11-18,6
1980-11-19,6
1980-11-20,6
1980-11-21,7
1980-11-22,7
1980-11-23,7
1980-11-24,7
1980-11-25,7
1980-11-26,7
1980-11-27,7
1980-11-28,6
1980-11-29,6
1980-11-30,6
1980-12-01,6
1980-12-02,6
1980-12-03,6
1980-12-04,6
1980-12-05,6
1980-12-06,5
1980-12-07,5
1980-12-08,5
1980-12-09,6
1980-12-10,6
1980-12-11,6
1980-12-12,6
1980-12-13,6
1980-12-14,6
1980-12-15,6
1980-12-16,6
1980-12-17,7
1980-12-18,7
1980-12-19,7
1980-12-20,7
1980-12-21,7
1980-12-22,7
1980-12-23,7
1980-12-24,7
1980-12-25,7
1980-12-26,7
1980-12-27,7
1980-12-28,7
1980-12-29,7
1980-12-30,7
1980-12-31,7
1981-01-01,7
1981-01-02,7
1981-01-03,7
1981-01-04,7
1981-01-05,7
1981-01-06,7
1981-01-07,7
1981-01-08,7
1981-01-09,7
1981-01-10,6
1981-01-11,6
1981-01-12,7
1981-01-13,7
1981-01-14,7
1981-01-15,7
1981-01-16,7
1981-01-17,7
1981-01-18,6
1981-01-19,7
1981-01-20,7
1981-01-21,7
1981-01-22,7
1981-01-23,7
1981-01-24,7
1981-01-25,7
1981-01-26,7
1981-01-27,7
1981-01-28,7
1981-01-29,7
1981-01-30,7
1981-01-31,7
1981-02-01,7
1981-02-02,7
1981-02-03,7
1981-02-04,7
1981-02-05,7
1981-02-06,7
1981-02-07,7
1981-02-08,7
1981-02-09,6
1981-02-10,6
1981-02-11,5
1981-02-12,5
1981-02-13,5
1981-02-14,5
1981-02-15,5
1981-02-16,5
1981-02-17,5
1981-02-18,5
1981-02-19,5
1981-02-20,6
1981-02-21,6
1981-02-22,6
1981-02-23,6
1981-02-24,6
1981-02-25,7
1981-02-26,6
1981-02-27,6
1981-02-28,7
1981-03-01,7
1981-03-02,7
1981-03-03,7
1981-03-04,7
1981-03-05,7
1981-03-06,6
1981-03-07,6
1981-03-08,6
1981-03-09,6
1981-03-10,6
1981-03-11,6
1981-03-12,6
1981-03-13,6
1981-03-14,6
1981-03-15,5
1981-03-16,6
1981-03-17,6
1981-03-18,7
1981-03-19,7
1981-03-20,6
1981-03-21,6
1981-03-22,6
1981-03-23,7
1981-03-24,7
1981-03-25,7
1981-03-26,6
1981-03-27,6
1981-03-28,7
1981-03-29,7
1981-03-30,7
1981-03-31,7
1981-04-01,7
1981-04-02,7
1981-04-03,7
1981-04-04,7
1981-04-05,7
1981-04-06,7
1981-04-07,7
1981-04-08,6
1981-04-09,7
1981-04-10,6
1981-04-11,6
1981-04-12,5
1981-04-13,6
1981-04-14,6
1981-04-15,6
1981-04-16,6
1981-04-17,6
1981-04-18,6
1981-04-19,6
1981-04-20,6
1981-04-21,5
1981-04-22,6
1981-04-23,6
1981-04-24,6
1981-04-25,6
1981-04-26,6
1981-04-27,6
1981-04-28,6
1981-04-29,6
1981-04-30,6
1981-05-01,6
1981-05-02,6
1981-05-03,6
1981-05-04,6
1981-05-05,6
1981-05-06,6
1981-05-07,6
1981-05-08,6
1981-05-09,6
1981-05-10,6
1981-05-11,6
1981-05-12,6
1981-05-13,6
1981-05-14,6
1981-05-15,6
1981-05-16,6
1981-05-17,6
1981-05-18,6
1981-05-19,5
1981-05-20,6
1981-05-21,6
1981-05-22,6
1981-05-23,6
1981-05-24,5
1981-05-25,5
1981-05-26,5
1981-05-27,6
1981-05-28,6
1981-05-29,6
1981-05-30,6
1981-05-31,5
1981-06-01,5
1981-06-02,4
1981-06-03,4
1981-06-04,4
1981-06-05,4
1981-06-06,4
1981-06-07,3
1981-06-08,5
1981-06-09,5
1981-06-10,5
1981-06-11,5
1981-06-12,5
1981-06-13,5
1981-06-14,5
1981-06-15,5
1981-06-16,5
1981-06-17,4
1981-06-18,4
1981-06-19,4
1981-06-20,4
1981-06-21,4
1981-06-22,4
1981-06-23,4
1981-06-24,4
1981-06-25,3
1981-06-26,3
1981-06-27,3
1981-06-28,4
1981-06-29,4
1981-06-30,4
1981-07-01,4
1981-07-02,4
1981-07-03,3
1981-07-04,4
1981-07-05,3
1981-07-06,3
1981-07-07,3
1981-07-08,3
1981-07-09,4
1981-07-10,4
1981-07-11,4
1981-07-12,4
1981-07-13,4
1981-07-14,4
1981-07-15,5
1981-07-16,5
1981-07-17,4
1981-07-18,5
1981-07-19,4
1981-07-20,5
1981-07-21,5
1981-07-22,4
1981-07-23,4
1981-07-24,4
1981-07-25,4
1981-07-26,4
1981-07-27,4
1981-07-28,4
1981-07-29,3
1981-07-30,3
1981-07-31,3
1981-08-01,3
1981-08-02,3
1981-08-03,3
1981-08-04,3
1981-08-05,4
1981-08-06,4
1981-08-07,5
1981-08-08,6
1981-08-09,6
1981-08-10,6
1981-08-11,5
1981-08-12,5
1981-08-13,5
1981-08-14,5
1981-08-15,5
1981-08-16,4
1981-08-17,5
1981-08-18,4
1981-08-19,5
1981-08-20,5
1981-08-21,5
1981-08-22,5
1981-08-23,5
1981-08-24,5
1981-08-25,5
1981-08-26,5
1981-08-27,5
1981-08-28,5
1981-08-29,5
1981-08-30,5
1981-08-31,6
1981-09-01,6
1981-09-02,6
1981-09-03,6
1981-09-04,5
1981-09-05,4
1981-09-06,4
1981-09-07,3
1981-09-08,5
1981-09-09,5
1981-09-10,5
1981-09-11,5
1981-09-12,4
1981-09-13,4
1981-09-14,4
1981-09-15,5
1981-09-16,5
1981-09-17,6
1981-09-18,5
1981-09-19,5
1981-09-20,5
1981-09-21,4
1981-09-22,4
1981-09-23,4
1981-09-24,5
1981-09-25,5
1981-09-26,5
1981-09-27,5
1981-09-28,5
1981-09-29,5
1981-09-30,5
1981-10-01,6
1981-10-02,6
1981-10-03,6
1981-10-04,6
1981-10-05,6
1981-10-06,6
1981-10-07,6
1981-10-08,6
1981-10-09,6
1981-10-10,6
1981-10-11,6
1981-10-12,6
1981-10-13,6
1981-10-14,6
1981-10-15,6
1981-10-16,6
1981-10-17,5
1981-10-18,5
1981-10-19,5
1981-10-20,5
1981-10-21,5
1981-10-22,5
1981-10-23,6
1981-10-24,6
1981-10-25,6
1981-10-26,6
1981-10-27,6
1981-10-28,6
1981-10-29,7
1981-10-30,7
1981-10-31,7
1981-11-01,7
1981-11-02,7
1981-11-03,7
1981-11-04,7
1981-11-05,6
1981-11-06,6
1981-11-07,6
1981-11-08,6
1981-11-09,7
1981-11-10,7
1981-11-11,7
1981-11-12,7
1981-11-13,6
1981-11-14,6
1981-11-15,6
1981-11-16,6
1981-11-17,6
1981-11-18,6
1981-11-19,6
1981-11-20,6
1981-11-21,6
1981-11-22,6
1981-11-23,6
1981-11-24,6
1981-11-25,6
1981-11-26,6
1981-11-27,6
1981-11-28,6
1981-11-29,6
1981-11-30,6
1981-12-01,6
1981-12-02,5
1981-12-03,5
1981-12-04,5
1981-12-05,5
1981-12-06,5
1981-12-07,6
1981-12-08,6
1981-12-09,6
1981-12-10,6
1981-12-11,6
1981-12-12,5
1981-12-13,5
1981-12-14,6
1981-12-15,6
1981-12-16,6
1981-12-17,6
1981-12-18,6
1981-12-19,5
1981-12-20,5
1981-12-21,5
1981-12-22,5
1981-12-23,5
1981-12-24,5
1981-12-25,5
1981-12-26,5
1981-12-27,5
1981-12-28,6
1981-12-29,6
1981-12-30,6
1981-12-31,6
1982-01-01,7
1982-01-02,6
1982-01-03,6
1982-01-04,6
1982-01-05,6
1982-01-06,5
1982-01-07,5
1982-01-08,5
1982-01-09,5
1982-01-10,5
1982-01-11,5
1982-01-12,6
1982-01-13,6
1982-01-14,6
1982-01-15,6
1982-01-16,6
1982-01-17,6
1982-01-18,5
1982-01-19,5
1982-01-20,5
1982-01-21,5
1982-01-22,4
1982-01-23,4
1982-01-24,3
1982-01-25,4
1982-01-26,4
1982-01-27,5
1982-01-28,5
1982-01-29,5
1982-01-30,5
1982-01-31,4
1982-02-01,4
1982-02-02,4
1982-02-03,4
1982-02-04,4
1982-02-05,5
1982-02-06,5
1982-02-07,5
1982-02-08,5
1982-02-09,5
1982-02-10,3
1982-02-11,3
1982-02-12,3
1982-02-13,3
1982-02-14,3
1982-02-15,5
1982-02-16,5
1982-02-17,4
1982-02-18,5
1982-02-19,4
1982-02-20,4
1982-02-21,4
1982-02-22,4
1982-02-23,4
1982-02-24,3
1982-02-25,4
1982-02-26,4
1982-02-27,5
1982-02-28,5
1982-03-01,5
1982-03-02,5
1982-03-03,5
1982-03-04,5
1982-03-05,5
1982-03-06,5
1982-03-07,5
1982-03-08,5
1982-03-09,5
1982-03-10,5
1982-03-11,5
1982-03-12,5
1982-03-13,5
1982-03-14,5
1982-03-15,6
1982-03-16,5
1982-03-17,6
1982-03-18,6
1982-03-19,6
1982-03-20,5
1982-03-21,5
1982-03-22,6
1982-03-23,6
1982-03-24,5
1982-03-25,6
1982-03-26,5
1982-03-27,5
1982-03-28,5
1982-03-29,5
1982-03-30,5
1982-03-31,4
1982-04-01,4
1982-04-02,4
1982-04-03,4
1982-04-04,4
1982-04-05,6
1982-04-06,6
1982-04-07,6
1982-04-08,5
1982-04-09,4
1982-04-10,4
1982-04-11,4
1982-04-12,4
1982-04-13,4
1982-04-14,5
1982-04-15,5
1982-04-16,5
1982-04-17,5
1982-04-18,5
1982-04-19,5
1982-04-20,5
1982-04-21,5
1982-04-22,5
1982-04-23,6
1982-04-24,6
1982-04-25,6
1982-04-26,6
1982-04-27,6
1982-04-28,6
1982-04-29,6
1982-04-30,6
1982-05-01,5
1982-05-02,6
1982-05-03,6
1982-05-04,5
1982-05-05,5
1982-05-06,6
1982-05-07,7
1982-05-08,7
1982-05-09,6
1982-05-10,5
1982-05-11,6
1982-05-12,6
1982-05-13,6
1982-05-14,6
1982-05-15,7
1982-05-16,7
1982-05-17,6
1982-05-18,7
1982-05-19,7
1982-05-20,7
1982-05-21,7
1982-05-22,6
1982-05-23,6
1982-05-24,6
1982-05-25,5
1982-05-26,6
1982-05-27,6
1982-05-28,6
1982-05-29,6
1982-05-30,6
1982-05-31,7
1982-06-01,7
1982-06-02,7
1982-06-03,7
1982-06-04,7
1982-06-05,7
1982-06-06,8
1982-06-07,8
1982-06-08,6
1982-06-09,7
1982-06-10,6
1982-06-11,7
1982-06-12,6
1982-06-13,6
1982-06-14,7
1982-06-15,6
1982-06-16,6
1982-06-17,6
1982-06-18,6
1982-06-19,7
1982-06-20,7
1982-06-21,7
1982-06-22,7
1982-06-23,6
1982-06-24,6
1982-06-25,6
1982-06-26,6
1982-06-27,7
1982-06-28,6
1982-06-29,6
1982-06-30,7
1982-07-01,7
1982-07-02,7
1982-07-03,6
1982-07-04,7
1982-07-05,6
1982-07-06,7
1982-07-07,8
1982-07-08,7
1982-07-09,7
1982-07-10,7
1982-07-11,7
1982-07-12,7
1982-07-13,7
1982-07-14,7
1982-07-15,7
1982-07-16,7
1982-07-17,8
1982-07-18,8
1982-07-19,7
1982-07-20,7
1982-07-21,7
1982-07-22,8
1982-07-23,9
1982-07-24,9
1982-07-25,9
1982-07-26,8
1982-07-27,8
1982-07-28,8
1982-07-29,8
1982-07-30,8
1982-07-31,6
1982-08-01,6
1982-08-02,6
1982-08-03,5
1982-08-04,5
1982-08-05,5
1982-08-06,4
1982-08-07,4
1982-08-08,4
1982-08-09,3
1982-08-10,4
1982-08-11,4
1982-08-12,5
1982-08-13,5
1982-08-14,4
1982-08-15,4
1982-08-16,4
1982-08-17,6
1982-08-18,6
1982-08-19,6
1982-08-20,6
1982-08-21,4
1982-08-22,5
1982-08-23,5
1982-08-24,4
1982-08-25,4
1982-08-26,5
1982-08-27,6
1982-08-28,4
1982-08-29,3
1982-08-30,4
1982-08-31,4
1982-09-01,5
1982-09-02,5
1982-09-03,5
1982-09-04,6
1982-09-05,5
1982-09-06,6
1982-09-07,5
1982-09-08,6
1982-09-09,6
1982-09-10,6
1982-09-11,6
1982-09-12,6
1982-09-13,6
1982-09-14,7
1982-09-15,7
1982-09-16,5
1982-09-17,5
1982-09-18,5
1982-09-19,5
1982-09-20,6
1982-09-21,6
1982-09-22,5
1982-09-23,4
1982-09-24,4
1982-09-25,5
1982-09-26,5
1982-09-27,7
1982-09-28,7
1982-09-29,6
1982-09-30,6
1982-10-01,5
1982-10-02,5
1982-10-03,4
1982-10-04,4
1982-10-05,4
1982-10-06,4
1982-10-07,5
1982-10-08,6
1982-10-09,5
1982-10-10,5
1982-10-11,5
1982-10-12,6
1982-10-13,6
1982-10-14,6
1982-10-15,6
1982-10-16,5
1982-10-17,4
1982-10-18,4
1982-10-19,5
1982-10-20,6
1982-10-21,6
1982-10-22,5
1982-10-23,5
1982-10-24,5
1982-10-25,5
1982-10-26,5
1982-10-27,7
1982-10-28,7
1982-10-29,8
1982-10-30,7
1982-10-31,7
1982-11-01,7
1982-11-02,6
1982-11-03,6
1982-11-04,7
1982-11-05,8
1982-11-06,8
1982-11-07,8
1982-11-08,7
1982-11-09,6
1982-11-10,8
1982-11-11,8
1982-11-12,6
1982-11-13,6
1982-11-14,6
1982-11-15,5
1982-11-16,4
1982-11-17,4
1982-11-18,6
1982-11-19,6
1982-11-20,6
1982-11-21,6
1982-11-22,6
1982-11-23,5
1982-11-24,5
1982-11-25,6
1982-11-26,7
1982-11-27,6
1982-11-28,5
1982-11-29,5
1982-11-30,5
1982-12-01,5
1982-12-02,5
1982-12-03,5
1982-12-04,5
1982-12-05,5
1982-12-06,7
1982-12-07,7
1982-12-08,7
1982-12-09,7
1982-12-10,7
1982-12-11,6
1982-12-12,8
1982-12-13,8
1982-12-14,7
1982-12-15,8
1982-12-16,10
1982-12-17,8
1982-12-18,8
1982-12-19,9
1982-12-20,11
1982-12-21,10
1982-12-22,10
1982-12-23,9
1982-12-24,9
1982-12-25,8
1982-12-26,8
1982-12-27,8
1982-12-28,10
1982-12-29,9
1982-12-30,9
1982-12-31,10
1983-01-01,9
1983-01-02,10
1983-01-03,10
1983-01-04,10
1983-01-05,10
1983-01-06,10
1983-01-07,10
1983-01-08,12
1983-01-09,12
1983-01-10,12
1983-01-11,9
1983-01-12,9
1983-01-13,9
1983-01-14,11
1983-01-15,11
1983-01-16,12
1983-01-17,12
1983-01-18,12
1983-01-19,12
1983-01-20,9
1983-01-21,9
1983-01-22,10
1983-01-23,8
1983-01-24,10
1983-01-25,10
1983-01-26,10
1983-01-27,10
1983-01-28,10
1983-01-29,8
1983-01-30,8
1983-01-31,8
1983-02-01,8
1983-02-02,8
1983-02-03,8
1983-02-04,8
1983-02-05,8
1983-02-06,8
1983-02-07,10
1983-02-08,10
1983-02-09,9
1983-02-10,8
1983-02-11,8
1983-02-12,8
1983-02-13,10
1983-02-14,9
1983-02-15,8
1983-02-16,8
1983-02-17,8
1983-02-18,8
1983-02-19,8
1983-02-20,9
1983-02-21,9
1983-02-22,8
1983-02-23,8
1983-02-24,8
1983-02-25,10
1983-02-26,10
1983-02-27,8
1983-02-28,8
1983-03-01,7
1983-03-02,7
1983-03-03,7
1983-03-04,7
1983-03-05,7
1983-03-06,9
1983-03-07,8
1983-03-08,8
1983-03-09,8
1983-03-10,8
1983-03-11,9
1983-03-12,10
1983-03-13,8
1983-03-14,8
1983-03-15,10
1983-03-16,9
1983-03-17,7
1983-03-18,10
1983-03-19,9
1983-03-20,8
1983-03-21,8
1983-03-22,5
1983-03-23,8
1983-03-24,8
1983-03-25,8
1983-03-26,7
1983-03-27,7
1983-03-28,7
1983-03-29,6
1983-03-30,6
1983-03-31,6
1983-04-01,7
1983-04-02,7
1983-04-03,10
1983-04-04,10
1983-04-05,9
1983-04-06,8
1983-04-07,8
1983-04-08,10
1983-04-09,7
1983-04-10,7
1983-04-11,8
1983-04-12,11
1983-04-13,11
1983-04-14,8
1983-04-15,8
1983-04-16,8
1983-04-17,10
1983-04-18,10
1983-04-19,10
1983-04-20,8
1983-04-21,8
1983-04-22,9
1983-04-23,8
1983-04-24,10
1983-04-25,6
1983-04-26,7
1983-04-27,8
1983-04-28,7
1983-04-29,6
1983-04-30,7
1983-05-01,8
1983-05-02,8
1983-05-03,8
1983-05-04,6
1983-05-05,6
1983-05-06,6
1983-05-07,6
1983-05-08,6
1983-05-09,8
1983-05-10,10
1983-05-11,10
1983-05-12,7
1983-05-13,7
1983-05-14,10
1983-05-15,11
1983-05-16,8
1983-05-17,8
1983-05-18,8
1983-05-19,8
1983-05-20,8
1983-05-21,8
1983-05-22,8
1983-05-23,8
1983-05-24,8
1983-05-25,8
1983-05-26,11
1983-05-27,10
1983-05-28,9
1983-05-29,9
1983-05-30,9
1983-05-31,9
1983-06-01,10
1983-06-02,9
1983-06-03,9
1983-06-04,9
1983-06-05,9
1983-06-06,9
1983-06-07,10
1983-06-08,9
1983-06-09,11
1983-06-10,9
1983-06-11,9
1983-06-12,9
1983-06-13,9
1983-06-14,9
1983-06-15,9
1983-06-16,9
1983-06-17,9
1983-06-18,9
1983-06-19,9
1983-06-20,9
1983-06-21,12
1983-06-22,11
1983-06-23,10
1983-06-24,10
1983-06-25,10
1983-06-26,9
1983-06-27,9
1983-06-28,9
1983-06-29,9
1983-06-30,8
1983-07-01,8
1983-07-02,8
1983-07-03,9
1983-07-04,9
1983-07-05,10
1983-07-06,10
1983-07-07,12
1983-07-08,12
1983-07-09,10
1983-07-10,10
1983-07-11,12
1983-07-12,13
1983-07-13,13
1983-07-14,12
1983-07-15,12
1983-07-16,10
1983-07-17,10
1983-07-18,12
1983-07-19,11
1983-07-20,10
1983-07-21,10
1983-07-22,12
1983-07-23,9
1983-07-24,10
1983-07-25,11
1983-07-26,9
1983-07-27,9
1983-07-28,9
1983-07-29,9
1983-07-30,9
1983-07-31,9
1983-08-01,10
1983-08-02,11
1983-08-03,9
1983-08-04,8
1983-08-05,9
1983-08-06,12
1983-08-07,12
1983-08-08,7
1983-08-09,7
1983-08-10,8
1983-08-11,9
1983-08-12,9
1983-08-13,8
1983-08-14,8
1983-08-15,8
1983-08-16,10
1983-08-17,13
1983-08-18,12
1983-08-19,10
1983-08-20,10
1983-08-21,11
1983-08-22,11
1983-08-23,11
1983-08-24,12
1983-08-25,11
1983-08-26,12
1983-08-27,11
1983-08-28,10
1983-08-29,10
1983-08-30,10
1983-08-31,10
1983-09-01,10
1983-09-02,10
1983-09-03,9
1983-09-04,9
1983-09-05,8
1983-09-06,8
1983-09-07,11
1983-09-08,12
1983-09-09,9
1983-09-10,9
1983-09-11,9
1983-09-12,11
1983-09-13,12
1983-09-14,13
1983-09-15,13
1983-09-16,11
1983-09-17,13
1983-09-18,9
1983-09-19,8
1983-09-20,9
1983-09-21,11
1983-09-22,11
1983-09-23,8
1983-09-24,10
1983-09-25,10
1983-09-26,9
1983-09-27,8
1983-09-28,9
1983-09-29,8
1983-09-30,9
1983-10-01,8
1983-10-02,7
1983-10-03,9
1983-10-04,10
1983-10-05,10
1983-10-06,10
1983-10-07,7
1983-10-08,7
1983-10-09,9
1983-10-10,7
1983-10-11,10
1983-10-12,10
1983-10-13,8
1983-10-14,8
1983-10-15,9
1983-10-16,9
1983-10-17,10
1983-10-18,10
1983-10-19,8
1983-10-20,8
1983-10-21,8
1983-10-22,11
1983-10-23,12
1983-10-24,9
1983-10-25,10
1983-10-26,9
1983-10-27,12
1983-10-28,12
1983-10-29,12
1983-10-30,12
1983-10-31,12
1983-11-01,10
1983-11-02,10
1983-11-03,10
1983-11-04,11
1983-11-05,10
1983-11-06,10
1983-11-07,13
1983-11-08,11
1983-11-09,10
1983-11-10,10
1983-11-11,9
1983-11-12,9
1983-11-13,9
1983-11-14,10
1983-11-15,9
1983-11-16,12
1983-11-17,12
1983-11-18,8
1983-11-19,10
1983-11-20,11
1983-11-21,10
1983-11-22,11
1983-11-23,8
1983-11-24,12
1983-11-25,12
1983-11-26,11
1983-11-27,11
1983-11-28,8
1983-11-29,9
1983-11-30,12
1983-12-01,12
1983-12-02,12
1983-12-03,10
1983-12-04,10
1983-12-05,8
1983-12-06,9
1983-12-07,9
1983-12-08,10
1983-12-09,8
1983-12-10,9
1983-12-11,10
1983-12-12,7
1983-12-13,7
1983-12-14,7
1983-12-15,9
1983-12-16,10
1983-12-17,8
1983-12-18,9
1983-12-19,8
1983-12-20,8
1983-12-21,8
1983-12-22,8
1983-12-23,6
1983-12-24,6
1983-12-25,6
1983-12-26,6
1983-12-27,7
1983-12-28,7
1983-12-29,6
1983-12-30,9
1983-12-31,9
1984-01-01,9
1984-01-02,9
1984-01-03,8
1984-01-04,8
1984-01-05,8
1984-01-06,8
1984-01-07,8
1984-01-08,9
1984-01-09,8
1984-01-10,7
1984-01-11,8
1984-01-12,8
1984-01-13,8
1984-01-14,8
1984-01-15,8
1984-01-16,8
1984-01-17,8
1984-01-18,8
1984-01-19,8
1984-01-20,9
1984-01-21,9
1984-01-22,9
1984-01-23,9
1984-01-24,9
1984-01-25,9
1984-01-26,9
1984-01-27,9
1984-01-28,9
1984-01-29,9
1984-01-30,9
1984-01-31,9
1984-02-01,9
1984-02-02,9
1984-02-03,9
1984-02-04,9
1984-02-05,9
1984-02-06,9
1984-02-07,12
1984-02-08,12
1984-02-09,11
1984-02-10,10
1984-02-11,9
1984-02-12,9
1984-02-13,9
1984-02-14,9
1984-02-15,9
1984-02-16,11
1984-02-17,11
1984-02-18,10
1984-02-19,9
1984-02-20,8
1984-02-21,7
1984-02-22,10
1984-02-23,9
1984-02-24,9
1984-02-25,9
1984-02-26,8
1984-02-27,8
1984-02-28,8
1984-02-29,9
1984-03-01,9
1984-03-02,9
1984-03-03,9
1984-03-04,9
1984-03-05,11
1984-03-06,10
1984-03-07,8
1984-03-08,9
1984-03-09,9
1984-03-10,9
1984-03-11,8
1984-03-12,8
1984-03-13,8
1984-03-14,8
1984-03-15,8
1984-03-16,8
1984-03-17,8
1984-03-18,6
1984-03-19,8
1984-03-20,11
1984-03-21,10
1984-03-22,10
1984-03-23,11
1984-03-24,12
1984-03-25,10
1984-03-26,10
1984-03-27,10
1984-03-28,10
1984-03-29,9
1984-03-30,9
1984-03-31,9
1984-04-01,9
1984-04-02,9
1984-04-03,9
1984-04-04,9
1984-04-05,9
1984-04-06,11
1984-04-07,11
1984-04-08,10
1984-04-09,10
1984-04-10,9
1984-04-11,9
1984-04-12,9
1984-04-13,9
1984-04-14,9
1984-04-15,9
1984-04-16,9
1984-04-17,9
1984-04-18,10
1984-04-19,9
1984-04-20,9
1984-04-21,10
1984-04-22,10
1984-04-23,10
1984-04-24,12
1984-04-25,12
1984-04-26,11
1984-04-27,10
1984-04-28,9
1984-04-29,10
1984-04-30,8
1984-05-01,8
1984-05-02,8
1984-05-03,8
1984-05-04,9
1984-05-05,9
1984-05-06,9
1984-05-07,10
1984-05-08,10
1984-05-09,9
1984-05-10,9
1984-05-11,9
1984-05-12,9
1984-05-13,9
1984-05-14,9
1984-05-15,9
1984-05-16,9
1984-05-17,12
1984-05-18,12
1984-05-19,11
1984-05-20,11
1984-05-21,11
1984-05-22,10
1984-05-23,9
1984-05-24,8
1984-05-25,10
1984-05-26,10
1984-05-27,10
1984-05-28,9
1984-05-29,10
1984-05-30,12
1984-05-31,12
1984-06-01,11
1984-06-02,9
1984-06-03,9
1984-06-04,9
1984-06-05,9
1984-06-06,9
1984-06-07,9
1984-06-08,9
1984-06-09,9
1984-06-10,9
1984-06-11,11
1984-06-12,10
1984-06-13,11
1984-06-14,10
1984-06-15,10
1984-06-16,10
1984-06-17,10
1984-06-18,11
1984-06-19,10
1984-06-20,10
1984-06-21,11
1984-06-22,11
1984-06-23,10
1984-06-24,10
1984-06-25,10
1984-06-26,9
1984-06-27,8
1984-06-28,8
1984-06-29,8
1984-06-30,9
1984-07-01,9
1984-07-02,9
1984-07-03,8
1984-07-04,8
1984-07-05,10
1984-07-06,8
1984-07-07,8
1984-07-08,9
1984-07-09,10
1984-07-10,10
1984-07-11,9
1984-07-12,9
1984-07-13,9
1984-07-14,9
1984-07-15,8
1984-07-16,9
1984-07-17,9
1984-07-18,7
1984-07-19,9
1984-07-20,9
1984-07-21,7
1984-07-22,7
1984-07-23,7
1984-07-24,9
1984-07-25,9
1984-07-26,9
1984-07-27,9
1984-07-28,9
1984-07-29,9
1984-07-30,10
1984-07-31,11
1984-08-01,10
1984-08-02,10
1984-08-03,10
1984-08-04,10
1984-08-05,9
1984-08-06,12
1984-08-07,11
1984-08-08,11
1984-08-09,10
1984-08-10,10
1984-08-11,11
1984-08-12,10
1984-08-13,10
1984-08-14,8
1984-08-15,9
1984-08-16,9
1984-08-17,9
1984-08-18,9
1984-08-19,9
1984-08-20,9
1984-08-21,10
1984-08-22,11
1984-08-23,11
1984-08-24,11
1984-08-25,11
1984-08-26,11
1984-08-27,10
1984-08-28,10
1984-08-29,10
1984-08-30,11
1984-08-31,13
1984-09-01,13
1984-09-02,11
1984-09-03,11
1984-09-04,10
1984-09-05,9
1984-09-06,9
1984-09-07,9
1984-09-08,9
1984-09-09,10
1984-09-10,12
1984-09-11,10
1984-09-12,10
1984-09-13,11
1984-09-14,11
1984-09-15,9
1984-09-16,8
1984-09-17,8
1984-09-18,9
1984-09-19,10
1984-09-20,10
1984-09-21,10
1984-09-22,10
1984-09-23,10
1984-09-24,11
1984-09-25,10
1984-09-26,9
1984-09-27,11
1984-09-28,11
1984-09-29,9
1984-09-30,9
1984-10-01,9
1984-10-02,9
1984-10-03,8
1984-10-04,9
1984-10-05,9
1984-10-06,9
1984-10-07,9
1984-10-08,9
1984-10-09,10
1984-10-10,10
1984-10-11,9
1984-10-12,10
1984-10-13,11
1984-10-14,11
1984-10-15,12
1984-10-16,12
1984-10-17,11
1984-10-18,11
1984-10-19,11
1984-10-20,11
1984-10-21,10
1984-10-22,10
1984-10-23,9
1984-10-24,9
1984-10-25,10
1984-10-26,11
1984-10-27,11
1984-10-28,10
1984-10-29,13
1984-10-30,13
1984-10-31,13
1984-11-01,13
1984-11-02,12
1984-11-03,11
1984-11-04,11
1984-11-05,11
1984-11-06,10
1984-11-07,10
1984-11-08,10
1984-11-09,10
1984-11-10,10
1984-11-11,10
1984-11-12,10
1984-11-13,9
1984-11-14,10
1984-11-15,12
1984-11-16,11
1984-11-17,11
1984-11-18,11
1984-11-19,10
1984-11-20,11
1984-11-21,11
1984-11-22,11
1984-11-23,11
1984-11-24,10
1984-11-25,9
1984-11-26,11
1984-11-27,10
1984-11-28,10
1984-11-29,10
1984-11-30,10
1984-12-01,9
1984-12-02,10
1984-12-03,10
1984-12-04,10
1984-12-05,9
1984-12-06,10
1984-12-07,9
1984-12-08,9
1984-12-09,9
1984-12-10,9
1984-12-11,11
1984-12-12,10
1984-12-13,9
1984-12-14,9
1984-12-15,8
1984-12-16,8
1984-12-17,9
1984-12-18,9
1984-12-19,8
1984-12-20,8
1984-12-21,9
1984-12-22,6
1984-12-23,8
1984-12-24,9
1984-12-25,10
1984-12-26,9
1984-12-27,9
1984-12-28,11
1984-12-29,11
1984-12-30,11
1984-12-31,11
1985-01-01,11
1985-01-02,9
1985-01-03,9
1985-01-04,8
1985-01-05,9
1985-01-06,9
1985-01-07,8
1985-01-08,8
1985-01-09,8
1985-01-10,8
1985-01-11,7
1985-01-12,8
1985-01-13,7
1985-01-14,8
1985-01-15,6
1985-01-16,8
1985-01-17,10
1985-01-18,9
1985-01-19,9
1985-01-20,9
1985-01-21,9
1985-01-22,8
1985-01-23,9
1985-01-24,8
1985-01-25,8
1985-01-26,8
1985-01-27,8
1985-01-28,8
1985-01-29,8
1985-01-30,8
1985-01-31,9
1985-02-01,9
1985-02-02,9
1985-02-03,9
1985-02-04,9
1985-02-05,8
1985-02-06,8
1985-02-07,9
1985-02-08,8
1985-02-09,8
1985-02-10,8
1985-02-11,9
1985-02-12,8
1985-02-13,9
1985-02-14,9
1985-02-15,8
1985-02-16,8
1985-02-17,8
1985-02-18,9
1985-02-19,10
1985-02-20,9
1985-02-21,9
1985-02-22,9
1985-02-23,9
1985-02-24,9
1985-02-25,9
1985-02-26,9
1985-02-27,8
1985-02-28,8
1985-03-01,9
1985-03-02,9
1985-03-03,10
1985-03-04,10
1985-03-05,10
1985-03-06,10
1985-03-07,8
1985-03-08,8
1985-03-09,9
1985-03-10,10
1985-03-11,10
1985-03-12,10
1985-03-13,11
1985-03-14,11
1985-03-15,11
1985-03-16,11
1985-03-17,11
1985-03-18,11
1985-03-19,11
1985-03-20,11
1985-03-21,10
1985-03-22,10
1985-03-23,11
1985-03-24,11
1985-03-25,10
1985-03-26,9
1985-03-27,9
1985-03-28,9
1985-03-29,8
1985-03-30,8
1985-03-31,8
1985-04-01,9
1985-04-02,8
1985-04-03,8
1985-04-04,8
1985-04-05,9
1985-04-06,9
1985-04-07,9
1985-04-08,9
1985-04-09,9
1985-04-10,9
1985-04-11,10
1985-04-12,9
1985-04-13,9
1985-04-14,9
1985-04-15,9
1985-04-16,8
1985-04-17,8
1985-04-18,8
1985-04-19,8
1985-04-20,8
1985-04-21,8
1985-04-22,9
1985-04-23,10
1985-04-24,10
1985-04-25,9
1985-04-26,9
1985-04-27,9
1985-04-28,10
1985-04-29,10
1985-04-30,9
1985-05-01,9
1985-05-02,8
1985-05-03,6
1985-05-04,6
1985-05-05,6
1985-05-06,8
1985-05-07,8
1985-05-08,8
1985-05-09,10
1985-05-10,11
1985-05-11,11
1985-05-12,11
1985-05-13,11
1985-05-14,10
1985-05-15,11
1985-05-16,11
1985-05-17,11
1985-05-18,10
1985-05-19,10
1985-05-20,11
1985-05-21,10
1985-05-22,10
1985-05-23,11
1985-05-24,11
1985-05-25,10
1985-05-26,10
1985-05-27,10
1985-05-28,10
1985-05-29,10
1985-05-30,9
1985-05-31,10
1985-06-01,8
1985-06-02,9
1985-06-03,11
1985-06-04,12
1985-06-05,12
1985-06-06,11
1985-06-07,11
1985-06-08,11
1985-06-09,10
1985-06-10,10
1985-06-11,9
1985-06-12,8
1985-06-13,8
1985-06-14,9
1985-06-15,8
1985-06-16,8
1985-06-17,10
1985-06-18,11
1985-06-19,11
1985-06-20,11
1985-06-21,12
1985-06-22,11
1985-06-23,10
1985-06-24,11
1985-06-25,11
1985-06-26,11
1985-06-27,10
1985-06-28,10
1985-06-29,10
1985-06-30,10
1985-07-01,10
1985-07-02,11
1985-07-03,10
1985-07-04,11
1985-07-05,11
1985-07-06,11
1985-07-07,11
1985-07-08,10
1985-07-09,9
1985-07-10,9
1985-07-11,9
1985-07-12,10
1985-07-13,10
1985-07-14,8
1985-07-15,9
1985-07-16,9
1985-07-17,10
1985-07-18,10
1985-07-19,10
1985-07-20,10
1985-07-21,10
1985-07-22,11
1985-07-23,11
1985-07-24,11
1985-07-25,11
1985-07-26,11
1985-07-27,10
1985-07-28,10
1985-07-29,10
1985-07-30,11
1985-07-31,11
1985-08-01,11
1985-08-02,10
1985-08-03,11
1985-08-04,10
1985-08-05,11
1985-08-06,11
1985-08-07,11
1985-08-08,10
1985-08-09,10
1985-08-10,10
1985-08-11,10
1985-08-12,11
1985-08-13,11
1985-08-14,11
1985-08-15,11
1985-08-16,11
1985-08-17,11
1985-08-18,11
1985-08-19,11
1985-08-20,11
1985-08-21,10
1985-08-22,11
1985-08-23,11
1985-08-24,10
1985-08-25,11
1985-08-26,11
1985-08-27,11
1985-08-28,11
1985-08-29,11
1985-08-30,11
1985-08-31,11
1985-09-01,10
1985-09-02,11
1985-09-03,12
1985-09-04,12
1985-09-05,12
1985-09-06,12
1985-09-07,11
1985-09-08,11
1985-09-09,11
1985-09-10,11
1985-09-11,11
1985-09-12,11
1985-09-13,11
1985-09-14,11
1985-09-15,11
1985-09-16,11
1985-09-17,11
1985-09-18,10
1985-09-19,11
1985-09-20,11
1985-09-21,11
1985-09-22,11
1985-09-23,11
1985-09-24,11
1985-09-25,12
1985-09-26,12
1985-09-27,11
1985-09-28,12
1985-09-29,12
1985-09-30,11
1985-10-01,11
1985-10-02,11
1985-10-03,11
1985-10-04,11
1985-10-05,11
1985-10-06,11
1985-10-07,11
1985-10-08,11
1985-10-09,11
1985-10-10,11
1985-10-11,10
1985-10-12,10
1985-10-13,10
1985-10-14,10
1985-10-15,9
1985-10-16,9
1985-10-17,9
1985-10-18,9
1985-10-19,9
1985-10-20,10
1985-10-21,9
1985-10-22,9
1985-10-23,9
1985-10-24,9
1985-10-25,9
1985-10-26,9
1985-10-27,9
1985-10-28,9
1985-10-29,10
1985-10-30,10
1985-10-31,9
1985-11-01,8
1985-11-02,9
1985-11-03,9
1985-11-04,9
1985-11-05,9
1985-11-06,9
1985-11-07,10
1985-11-08,9
1985-11-09,9
1985-11-10,8
1985-11-11,9
1985-11-12,9
1985-11-13,10
1985-11-14,11
1985-11-15,12
1985-11-16,12
1985-11-17,11
1985-11-18,12
1985-11-19,11
1985-11-20,11
1985-11-21,11
1985-11-22,11
1985-11-23,11
1985-11-24,11
1985-11-25,12
1985-11-26,12
1985-11-27,12
1985-11-28,12
1985-11-29,12
1985-11-30,11
1985-12-01,10
1985-12-02,9
1985-12-03,10
1985-12-04,10
1985-12-05,10
1985-12-06,10
1985-12-07,11
1985-12-08,12
1985-12-09,13
1985-12-10,13
1985-12-11,13
1985-12-12,13
1985-12-13,13
1985-12-14,13
1985-12-15,13
1985-12-16,12
1985-12-17,12
1985-12-18,12
1985-12-19,12
1985-12-20,13
1985-12-21,13
1985-12-22,13
1985-12-23,13
1985-12-24,13
1985-12-25,13
1985-12-26,13
1985-12-27,12
1985-12-28,12
1985-12-29,12
1985-12-30,12
1985-12-31,12
1986-01-01,13
1986-01-02,13
1986-01-03,13
1986-01-04,12
1986-01-05,12
1986-01-06,11
1986-01-07,12
1986-01-08,13
1986-01-09,13
1986-01-10,13
1986-01-11,13
1986-01-12,13
1986-01-13,14
1986-01-14,13
1986-01-15,12
1986-01-16,14
1986-01-17,13
1986-01-18,13
1986-01-19,13
1986-01-20,13
1986-01-21,13
1986-01-22,13
1986-01-23,13
1986-01-24,13
1986-01-25,13
1986-01-26,13
1986-01-27,13
1986-01-28,12
1986-01-29,13
1986-01-30,12
1986-01-31,12
1986-02-01,12
1986-02-02,12
1986-02-03,12
1986-02-04,12
1986-02-05,12
1986-02-06,12
1986-02-07,11
1986-02-08,11
1986-02-09,11
1986-02-10,11
1986-02-11,11
1986-02-12,12
1986-02-13,12
1986-02-14,12
1986-02-15,12
1986-02-16,12
1986-02-17,12
1986-02-18,12
1986-02-19,12
1986-02-20,12
1986-02-21,12
1986-02-22,12
1986-02-23,11
1986-02-24,11
1986-02-25,11
1986-02-26,12
1986-02-27,13
1986-02-28,13
1986-03-01,13
1986-03-02,13
1986-03-03,13
1986-03-04,13
1986-03-05,13
1986-03-06,13
1986-03-07,12
1986-03-08,12
1986-03-09,12
1986-03-10,12
1986-03-11,12
1986-03-12,12
1986-03-13,13
1986-03-14,13
1986-03-15,13
1986-03-16,13
1986-03-17,13
1986-03-18,14
1986-03-19,14
1986-03-20,14
1986-03-21,14
1986-03-22,14
1986-03-23,14
1986-03-24,14
1986-03-25,13
1986-03-26,13
1986-03-27,12
1986-03-28,13
1986-03-29,13
1986-03-30,12
1986-03-31,13
1986-04-01,14
1986-04-02,14
1986-04-03,14
1986-04-04,13
1986-04-05,14
1986-04-06,14
1986-04-07,14
1986-04-08,14
1986-04-09,14
1986-04-10,14
1986-04-11,14
1986-04-12,14
1986-04-13,14
1986-04-14,14
1986-04-15,14
1986-04-16,14
1986-04-17,14
1986-04-18,14
1986-04-19,14
1986-04-20,14
1986-04-21,14
1986-04-22,14
1986-04-23,15
1986-04-24,15
1986-04-25,15
1986-04-26,16
1986-04-27,16
1986-04-28,16
1986-04-29,16
1986-04-30,16
1986-05-01,16
1986-05-02,16
1986-05-03,16
1986-05-04,16
1986-05-05,16
1986-05-06,15
1986-05-07,16
1986-05-08,16
1986-05-09,15
1986-05-10,15
1986-05-11,14
1986-05-12,15
1986-05-13,15
1986-05-14,15
1986-05-15,15
1986-05-16,15
1986-05-17,14
1986-05-18,14
1986-05-19,14
1986-05-20,14
1986-05-21,14
1986-05-22,14
1986-05-23,14
1986-05-24,14
1986-05-25,14
1986-05-26,13
1986-05-27,14
1986-05-28,14
1986-05-29,14
1986-05-30,14
1986-05-31,14
1986-06-01,14
1986-06-02,14
1986-06-03,14
1986-06-04,14
1986-06-05,14
1986-06-06,14
1986-06-07,14
1986-06-08,15
1986-06-09,14
1986-06-10,15
1986-06-11,14
1986-06-12,14
1986-06-13,14
1986-06-14,13
1986-06-15,13
1986-06-16,13
1986-06-17,13
1986-06-18,13
1986-06-19,13
1986-06-20,13
1986-06-21,13
1986-06-22,13
1986-06-23,13
1986-06-24,13
1986-06-25,13
1986-06-26,13
1986-06-27,13
1986-06-28,13
1986-06-29,13
1986-06-30,13
1986-07-01,13
1986-07-02,13
1986-07-03,13
1986-07-04,13
1986-07-05,13
1986-07-06,13
1986-07-07,13
1986-07-08,13
1986-07-09,13
1986-07-10,13
1986-07-11,13
1986-07-12,13
1986-07-13,13
1986-07-14,13
1986-07-15,13
1986-07-16,14
1986-07-17,14
1986-07-18,13
1986-07-19,14
1986-07-20,14
1986-07-21,14
1986-07-22,14
1986-07-23,14
1986-07-24,14
1986-07-25,14
1986-07-26,14
1986-07-27,14
1986-07-28,14
1986-07-29,14
1986-07-30,14
1986-07-31,14
1986-08-01,14
1986-08-02,13
1986-08-03,13
1986-08-04,13
1986-08-05,13
1986-08-06,14
1986-08-07,14
1986-08-08,13
1986-08-09,14
1986-08-10,14
1986-08-11,15
1986-08-12,14
1986-08-13,14
1986-08-14,16
1986-08-15,16
1986-08-16,16
1986-08-17,16
1986-08-18,16
1986-08-19,16
1986-08-20,15
1986-08-21,15
1986-08-22,15
1986-08-23,16
1986-08-24,16
1986-08-25,15
1986-08-26,15
1986-08-27,15
1986-08-28,16
1986-08-29,16
1986-08-30,16
1986-08-31,16
1986-09-01,16
1986-09-02,16
1986-09-03,16
1986-09-04,17
1986-09-05,17
1986-09-06,18
1986-09-07,18
1986-09-08,17
1986-09-09,16
1986-09-10,16
1986-09-11,16
1986-09-12,16
1986-09-13,16
1986-09-14,15
1986-09-15,16
1986-09-16,15
1986-09-17,16
1986-09-18,15
1986-09-19,15
1986-09-20,14
1986-09-21,15
1986-09-22,15
1986-09-23,15
1986-09-24,16
1986-09-25,16
1986-09-26,16
1986-09-27,16
1986-09-28,16
1986-09-29,16
1986-09-30,16
1986-10-01,17
1986-10-02,17
1986-10-03,17
1986-10-04,17
1986-10-05,17
1986-10-06,17
1986-10-07,17
1986-10-08,17
1986-10-09,17
1986-10-10,17
1986-10-11,17
1986-10-12,17
1986-10-13,16
1986-10-14,16
1986-10-15,16
1986-10-16,16
1986-10-17,16
1986-10-18,17
1986-10-19,17
1986-10-20,17
1986-10-21,15
1986-10-22,16
1986-10-23,14
1986-10-24,14
1986-10-25,14
1986-10-26,14
1986-10-27,14
1986-10-28,14
1986-10-29,14
1986-10-30,14
1986-10-31,12
1986-11-01,14
1986-11-02,14
1986-11-03,14
1986-11-04,14
1986-11-05,14
1986-11-06,14
1986-11-07,15
1986-11-08,15
1986-11-09,15
1986-11-10,15
1986-11-11,15
1986-11-12,15
1986-11-13,15
1986-11-14,15
1986-11-15,15
1986-11-16,15
1986-11-17,15
1986-11-18,14
1986-11-19,15
1986-11-20,15
1986-11-21,15
1986-11-22,14
1986-11-23,14
1986-11-24,15
1986-11-25,15
1986-11-26,16
1986-11-27,16
1986-11-28,17
1986-11-29,17
1986-11-30,17
1986-12-01,16
1986-12-02,16
1986-12-03,16
1986-12-04,16
1986-12-05,15
1986-12-06,15
1986-12-07,15
1986-12-08,16
1986-12-09,15
1986-12-10,14
1986-12-11,15
1986-12-12,15
1986-12-13,15
1986-12-14,15
1986-12-15,15
1986-12-16,15
1986-12-17,14
1986-12-18,16
1986-12-19,16
1986-12-20,16
1986-12-21,14
1986-12-22,15
1986-12-23,15
1986-12-24,15
1986-12-25,15
1986-12-26,15
1986-12-27,15
1986-12-28,15
1986-12-29,15
1986-12-30,14
1986-12-31,15
1987-01-01,16
1987-01-02,16
1987-01-03,16
1987-01-04,15
1987-01-05,15
1987-01-06,15
1987-01-07,16
1987-01-08,14
1987-01-09,15
1987-01-10,14
1987-01-11,15
1987-01-12,14
1987-01-13,12
1987-01-14,13
1987-01-15,14
1987-01-16,14
1987-01-17,15
1987-01-18,15
1987-01-19,15
1987-01-20,15
1987-01-21,15
1987-01-22,15
1987-01-23,15
1987-01-24,15
1987-01-25,15
1987-01-26,15
1987-01-27,15
1987-01-28,15
1987-01-29,15
1987-01-30,15
1987-01-31,15
1987-02-01,15
1987-02-02,15
1987-02-03,14
1987-02-04,13
1987-02-05,13
1987-02-06,14
1987-02-07,15
1987-02-08,15
1987-02-09,15
1987-02-10,15
1987-02-11,15
1987-02-12,15
1987-02-13,15
1987-02-14,15
1987-02-15,14
1987-02-16,15
1987-02-17,14
1987-02-18,14
1987-02-19,14
1987-02-20,14
1987-02-21,14
1987-02-22,14
1987-02-23,14
1987-02-24,14
1987-02-25,14
1987-02-26,14
1987-02-27,14
1987-02-28,15
1987-03-01,14
1987-03-02,15
1987-03-03,15
1987-03-04,14
1987-03-05,13
1987-03-06,13
1987-03-07,13
1987-03-08,12
1987-03-09,13
1987-03-10,14
1987-03-11,14
1987-03-12,14
1987-03-13,14
1987-03-14,13
1987-03-15,15
1987-03-16,14
1987-03-17,13
1987-03-18,14
1987-03-19,15
1987-03-20,14
1987-03-21,14
1987-03-22,14
1987-03-23,13
1987-03-24,13
1987-03-25,14
1987-03-26,14
1987-03-27,13
1987-03-28,13
1987-03-29,13
1987-03-30,13
1987-03-31,13
1987-04-01,14
1987-04-02,15
1987-04-03,15
1987-04-04,14
1987-04-05,15
1987-04-06,15
1987-04-07,16
1987-04-08,16
1987-04-09,16
1987-04-10,15
1987-04-11,16
1987-04-12,16
1987-04-13,15
1987-04-14,17
1987-04-15,16
1987-04-16,16
1987-04-17,17
1987-04-18,16
1987-04-19,15
1987-04-20,16
1987-04-21,17
1987-04-22,17
1987-04-23,17
1987-04-24,17
1987-04-25,17
1987-04-26,16
1987-04-27,16
1987-04-28,16
1987-04-29,16
1987-04-30,16
1987-05-01,16
1987-05-02,16
1987-05-03,16
1987-05-04,16
1987-05-05,16
1987-05-06,16
1987-05-07,16
1987-05-08,15
1987-05-09,15
1987-05-10,15
1987-05-11,15
1987-05-12,15
1987-05-13,15
1987-05-14,15
1987-05-15,15
1987-05-16,15
1987-05-17,15
1987-05-18,15
1987-05-19,14
1987-05-20,14
1987-05-21,14
1987-05-22,15
1987-05-23,15
1987-05-24,15
1987-05-25,16
1987-05-26,16
1987-05-27,16
1987-05-28,16
1987-05-29,16
1987-05-30,16
1987-05-31,16
1987-06-01,16
1987-06-02,16
1987-06-03,16
1987-06-04,16
1987-06-05,15
1987-06-06,16
1987-06-07,16
1987-06-08,16
1987-06-09,16
1987-06-10,16
1987-06-11,17
1987-06-12,17
1987-06-13,17
1987-06-14,17
1987-06-15,18
1987-06-16,17
1987-06-17,16
1987-06-18,17
1987-06-19,16
1987-06-20,16
1987-06-21,15
1987-06-22,14
1987-06-23,14
1987-06-24,15
1987-06-25,15
1987-06-26,15
1987-06-27,15
1987-06-28,15
1987-06-29,15
1987-06-30,14
1987-07-01,15
1987-07-02,15
1987-07-03,15
1987-07-04,15
1987-07-05,13
1987-07-06,12
1987-07-07,12
1987-07-08,12
1987-07-09,13
1987-07-10,13
1987-07-11,14
1987-07-12,14
1987-07-13,14
1987-07-14,12
1987-07-15,13
1987-07-16,13
1987-07-17,13
1987-07-18,13
1987-07-19,12
1987-07-20,14
1987-07-21,13
1987-07-22,12
1987-07-23,13
1987-07-24,13
1987-07-25,14
1987-07-26,14
1987-07-27,15
1987-07-28,14
1987-07-29,14
1987-07-30,14
1987-07-31,15
1987-08-01,15
1987-08-02,15
1987-08-03,13
1987-08-04,13
1987-08-05,13
1987-08-06,15
1987-08-07,14
1987-08-08,15
1987-08-09,15
1987-08-10,15
1987-08-11,16
1987-08-12,16
1987-08-13,16
1987-08-14,16
1987-08-15,16
1987-08-16,15
1987-08-17,15
1987-08-18,14
1987-08-19,15
1987-08-20,15
1987-08-21,16
1987-08-22,16
1987-08-23,15
1987-08-24,15
1987-08-25,14
1987-08-26,14
1987-08-27,14
1987-08-28,14
1987-08-29,14
1987-08-30,14
1987-08-31,15
1987-09-01,15
1987-09-02,15
1987-09-03,15
1987-09-04,15
1987-09-05,14
1987-09-06,14
1987-09-07,16
1987-09-08,15
1987-09-09,16
1987-09-10,16
1987-09-11,16
1987-09-12,15
1987-09-13,15
1987-09-14,16
1987-09-15,16
1987-09-16,16
1987-09-17,16
1987-09-18,15
1987-09-19,14
1987-09-20,14
1987-09-21,14
1987-09-22,15
1987-09-23,15
1987-09-24,15
1987-09-25,16
1987-09-26,16
1987-09-27,16
1987-09-28,15
1987-09-29,15
1987-09-30,16
1987-10-01,16
1987-10-02,16
1987-10-03,16
1987-10-04,15
1987-10-05,15
1987-10-06,14
1987-10-07,14
1987-10-08,14
1987-10-09,15
1987-10-10,15
1987-10-11,15
1987-10-12,15
1987-10-13,15
1987-10-14,15
1987-10-15,15
1987-10-16,15
1987-10-17,15
1987-10-18,15
1987-10-19,15
1987-10-20,16
1987-10-21,16
1987-10-22,16
1987-10-23,16
1987-10-24,16
1987-10-25,16
1987-10-26,16
1987-10-27,15
1987-10-28,15
1987-10-29,15
1987-10-30,15
1987-10-31,14
1987-11-01,14
1987-11-02,15
1987-11-03,15
1987-11-04,16
1987-11-05,16
1987-11-06,16
1987-11-07,16
1987-11-08,16
1987-11-09,16
1987-11-10,14
1987-11-11,14
1987-11-12,14
1987-11-13,14
1987-11-14,14
1987-11-15,14
1987-11-16,14
1987-11-17,14
1987-11-18,14
1987-11-19,13
1987-11-20,12
1987-11-21,12
1987-11-22,12
1987-11-23,12
1987-11-24,12
1987-11-25,12
1987-11-26,12
1987-11-27,12
1987-11-28,13
1987-11-29,14
1987-11-30,14
1987-12-01,14
1987-12-02,14
1987-12-03,15
1987-12-04,13
1987-12-05,13
1987-12-06,14
1987-12-07,14
1987-12-08,15
1987-12-09,13
1987-12-10,14
1987-12-11,14
1987-12-12,13
1987-12-13,13
1987-12-14,14
1987-12-15,14
1987-12-16,15
1987-12-17,15
1987-12-18,14
1987-12-19,14
1987-12-20,14
1987-12-21,15
1987-12-22,15
1987-12-23,13
1987-12-24,14
1987-12-25,14
1987-12-26,15
1987-12-27,15
1987-12-28,15
1987-12-29,14
1987-12-30,14
1987-12-31,14
1988-01-01,16
1988-01-02,15
1988-01-03,15
1988-01-04,15
1988-01-05,15
1988-01-06,14
1988-01-07,14
1988-01-08,15
1988-01-09,14
1988-01-10,13
1988-01-11,14
1988-01-12,13
1988-01-13,14
1988-01-14,13
1988-01-15,13
1988-01-16,12
1988-01-17,13
1988-01-18,14
1988-01-19,14
1988-01-20,14
1988-01-21,12
1988-01-22,13
1988-01-23,14
1988-01-24,14
1988-01-25,14
1988-01-26,13
1988-01-27,12
1988-01-28,12
1988-01-29,12
1988-01-30,12
1988-01-31,12
1988-02-01,13
1988-02-02,14
1988-02-03,14
1988-02-04,14
1988-02-05,15
1988-02-06,14
1988-02-07,15
1988-02-08,14
1988-02-09,14
1988-02-10,13
1988-02-11,13
1988-02-12,14
1988-02-13,14
1988-02-14,14
1988-02-15,14
1988-02-16,15
1988-02-17,15
1988-02-18,15
1988-02-19,15
1988-02-20,15
1988-02-21,15
1988-02-22,16
1988-02-23,15
1988-02-24,17
1988-02-25,16
1988-02-26,17
1988-02-27,16
1988-02-28,16
1988-02-29,17
1988-03-01,16
1988-03-02,15
1988-03-03,15
1988-03-04,15
1988-03-05,15
1988-03-06,15
1988-03-07,15
1988-03-08,13
1988-03-09,16
1988-03-10,16
1988-03-11,15
1988-03-12,14
1988-03-13,14
1988-03-14,15
1988-03-15,15
1988-03-16,16
1988-03-17,16
1988-03-18,14
1988-03-19,15
1988-03-20,14
1988-03-21,15
1988-03-22,15
1988-03-23,16
1988-03-24,14
1988-03-25,16
1988-03-26,15
1988-03-27,14
1988-03-28,16
1988-03-29,15
1988-03-30,15
1988-03-31,16
1988-04-01,15
1988-04-02,16
1988-04-03,16
1988-04-04,16
1988-04-05,16
1988-04-06,16
1988-04-07,16
1988-04-08,16
1988-04-09,15
1988-04-10,16
1988-04-11,16
1988-04-12,16
1988-04-13,16
1988-04-14,16
1988-04-15,16
1988-04-16,16
1988-04-17,16
1988-04-18,16
1988-04-19,16
1988-04-20,16
1988-04-21,16
1988-04-22,16
1988-04-23,16
1988-04-24,16
1988-04-25,16
1988-04-26,16
1988-04-27,16
1988-04-28,16
1988-04-29,16
1988-04-30,16
1988-05-01,16
1988-05-02,16
1988-05-03,16
1988-05-04,16
1988-05-05,16
1988-05-06,16
1988-05-07,15
1988-05-08,15
1988-05-09,15
1988-05-10,15
1988-05-11,15
1988-05-12,14
1988-05-13,15
1988-05-14,14
1988-05-15,14
1988-05-16,14
1988-05-17,13
1988-05-18,14
1988-05-19,12
1988-05-20,12
1988-05-21,13
1988-05-22,13
1988-05-23,14
1988-05-24,14
1988-05-25,14
1988-05-26,14
1988-05-27,13
1988-05-28,14
1988-05-29,14
1988-05-30,13
1988-05-31,14
1988-06-01,14
1988-06-02,13
1988-06-03,14
1988-06-04,14
1988-06-05,14
1988-06-06,14
1988-06-07,14
1988-06-08,14
1988-06-09,14
1988-06-10,13
1988-06-11,14
1988-06-12,14
1988-06-13,14
1988-06-14,14
1988-06-15,14
1988-06-16,14
1988-06-17,14
1988-06-18,14
1988-06-19,13
1988-06-20,13
1988-06-21,13
1988-06-22,12
1988-06-23,13
1988-06-24,13
1988-06-25,13
1988-06-26,14
1988-06-27,15
1988-06-28,15
1988-06-29,14
1988-06-30,15
1988-07-01,15
1988-07-02,16
1988-07-03,15
1988-07-04,15
1988-07-05,15
1988-07-06,16
1988-07-07,15
1988-07-08,15
1988-07-09,14
1988-07-10,14
1988-07-11,15
1988-07-12,14
1988-07-13,14
1988-07-14,14
1988-07-15,14
1988-07-16,14
1988-07-17,16
1988-07-18,15
1988-07-19,14
1988-07-20,14
1988-07-21,14
1988-07-22,14
1988-07-23,14
1988-07-24,14
1988-07-25,14
1988-07-26,14
1988-07-27,14
1988-07-28,14
1988-07-29,13
1988-07-30,11
1988-07-31,11
1988-08-01,10
1988-08-02,10
1988-08-03,10
1988-08-04,9
1988-08-05,9
1988-08-06,9
1988-08-07,9
1988-08-08,11
1988-08-09,12
1988-08-10,14
1988-08-11,14
1988-08-12,12
1988-08-13,13
1988-08-14,14
1988-08-15,14
1988-08-16,13
1988-08-17,14
1988-08-18,11
1988-08-19,13
1988-08-20,13
1988-08-21,13
1988-08-22,11
1988-08-23,12
1988-08-24,11
1988-08-25,13
1988-08-26,12
1988-08-27,13
1988-08-28,12
1988-08-29,12
1988-08-30,12
1988-08-31,11
1988-09-01,11
1988-09-02,14
1988-09-03,13
1988-09-04,13
1988-09-05,13
1988-09-06,13
1988-09-07,13
1988-09-08,13
1988-09-09,13
1988-09-10,13
1988-09-11,13
1988-09-12,13
1988-09-13,14
1988-09-14,14
1988-09-15,14
1988-09-16,14
1988-09-17,14
1988-09-18,14
1988-09-19,14
1988-09-20,14
1988-09-21,14
1988-09-22,14
1988-09-23,14
1988-09-24,14
1988-09-25,14
1988-09-26,14
1988-09-27,14
1988-09-28,14
1988-09-29,14
1988-09-30,13
1988-10-01,14
1988-10-02,14
1988-10-03,13
1988-10-04,13
1988-10-05,14
1988-10-06,15
1988-10-07,15
1988-10-08,14
1988-10-09,14
1988-10-10,13
1988-10-11,13
1988-10-12,13
1988-10-13,12
1988-10-14,12
1988-10-15,12
1988-10-16,13
1988-10-17,14
1988-10-18,14
1988-10-19,14
1988-10-20,15
1988-10-21,15
1988-10-22,14
1988-10-23,15
1988-10-24,16
1988-10-25,15
1988-10-26,15
1988-10-27,15
1988-10-28,15
1988-10-29,15
1988-10-30,15
1988-10-31,15
1988-11-01,16
1988-11-02,15
1988-11-03,15
1988-11-04,15
1988-11-05,15
1988-11-06,13
1988-11-07,13
1988-11-08,13
1988-11-09,13
1988-11-10,13
1988-11-11,13
1988-11-12,13
1988-11-13,13
1988-11-14,13
1988-11-15,13
1988-11-16,14
1988-11-17,14
1988-11-18,13
1988-11-19,13
1988-11-20,13
1988-11-21,13
1988-11-22,13
1988-11-23,13
1988-11-24,13
1988-11-25,13
1988-11-26,13
1988-11-27,13
1988-11-28,13
1988-11-29,13
1988-11-30,14
1988-12-01,14
1988-12-02,14
1988-12-03,14
1988-12-04,13
1988-12-05,13
1988-12-06,13
1988-12-07,14
1988-12-08,14
1988-12-09,14
1988-12-10,14
1988-12-11,15
1988-12-12,14
1988-12-13,14
1988-12-14,14
1988-12-15,14
1988-12-16,14
1988-12-17,14
1988-12-18,14
1988-12-19,14
1988-12-20,14
1988-12-21,14
1988-12-22,15
1988-12-23,14
1988-12-24,14
1988-12-25,13
1988-12-26,13
1988-12-27,13
1988-12-28,14
1988-12-29,15
1988-12-30,15
1988-12-31,14
1989-01-01,14
1989-01-02,14
1989-01-03,13
1989-01-04,13
1989-01-05,15
1989-01-06,14
1989-01-07,14
1989-01-08,14
1989-01-09,15
1989-01-10,15
1989-01-11,15
1989-01-12,14
1989-01-13,13
1989-01-14,14
1989-01-15,14
1989-01-16,14
1989-01-17,12
1989-01-18,13
1989-01-19,14
1989-01-20,14
1989-01-21,13
1989-01-22,12
1989-01-23,14
1989-01-24,15
1989-01-25,14
1989-01-26,14
1989-01-27,14
1989-01-28,14
1989-01-29,13
1989-01-30,13
1989-01-31,14
1989-02-01,14
1989-02-02,14
1989-02-03,14
1989-02-04,13
1989-02-05,14
1989-02-06,13
1989-02-07,14
1989-02-08,14
1989-02-09,15
1989-02-10,16
1989-02-11,16
1989-02-12,15
1989-02-13,16
1989-02-14,16
1989-02-15,16
1989-02-16,16
1989-02-17,16
1989-02-18,16
1989-02-19,16
1989-02-20,16
1989-02-21,15
1989-02-22,15
1989-02-23,15
1989-02-24,15
1989-02-25,15
1989-02-26,14
1989-02-27,14
1989-02-28,14
1989-03-01,13
1989-03-02,14
1989-03-03,14
1989-03-04,14
1989-03-05,15
1989-03-06,15
1989-03-07,15
1989-03-08,15
1989-03-09,15
1989-03-10,15
1989-03-11,15
1989-03-12,15
1989-03-13,15
1989-03-14,15
1989-03-15,15
1989-03-16,15
1989-03-17,16
1989-03-18,16
1989-03-19,15
1989-03-20,15
1989-03-21,15
1989-03-22,15
1989-03-23,15
1989-03-24,15
1989-03-25,15
1989-03-26,15
1989-03-27,15
1989-03-28,15
1989-03-29,16
1989-03-30,16
1989-03-31,16
1989-04-01,16
1989-04-02,16
1989-04-03,16
1989-04-04,17
1989-04-05,16
1989-04-06,17
1989-04-07,17
1989-04-08,17
1989-04-09,17
1989-04-10,17
1989-04-11,18
1989-04-12,18
1989-04-13,18
1989-04-14,18
1989-04-15,18
1989-04-16,18
1989-04-17,18
1989-04-18,18
1989-04-19,18
1989-04-20,17
1989-04-21,17
1989-04-22,17
1989-04-23,17
1989-04-24,17
1989-04-25,16
1989-04-26,17
1989-04-27,17
1989-04-28,17
1989-04-29,17
1989-04-30,17
1989-05-01,17
1989-05-02,17
1989-05-03,17
1989-05-04,17
1989-05-05,17
1989-05-06,16
1989-05-07,16
1989-05-08,16
1989-05-09,16
1989-05-10,16
1989-05-11,17
1989-05-12,17
1989-05-13,16
1989-05-14,17
1989-05-15,16
1989-05-16,16
1989-05-17,15
1989-05-18,15
1989-05-19,15
1989-05-20,15
1989-05-21,16
1989-05-22,16
1989-05-23,17
1989-05-24,17
1989-05-25,16
1989-05-26,16
1989-05-27,16
1989-05-28,16
1989-05-29,17
1989-05-30,17
1989-05-31,18
1989-06-01,18
1989-06-02,18
1989-06-03,18
1989-06-04,17
1989-06-05,17
1989-06-06,17
1989-06-07,17
1989-06-08,17
1989-06-09,17
1989-06-10,17
1989-06-11,16
1989-06-12,17
1989-06-13,17
1989-06-14,15
1989-06-15,17
1989-06-16,17
1989-06-17,17
1989-06-18,17
1989-06-19,18
1989-06-20,17
1989-06-21,18
1989-06-22,18
1989-06-23,18
1989-06-24,18
1989-06-25,17
1989-06-26,17
1989-06-27,17
1989-06-28,18
1989-06-29,16
1989-06-30,17
1989-07-01,17
1989-07-02,17
1989-07-03,17
1989-07-04,16
1989-07-05,15
1989-07-06,15
1989-07-07,16
1989-07-08,16
1989-07-09,16
1989-07-10,16
1989-07-11,15
1989-07-12,16
1989-07-13,17
1989-07-14,16
1989-07-15,16
1989-07-16,16
1989-07-17,16
1989-07-18,16
1989-07-19,16
1989-07-20,16
1989-07-21,16
1989-07-22,16
1989-07-23,16
1989-07-24,16
1989-07-25,15
1989-07-26,15
1989-07-27,15
1989-07-28,15
1989-07-29,15
1989-07-30,15
1989-07-31,14
1989-08-01,15
1989-08-02,15
1989-08-03,15
1989-08-04,15
1989-08-05,15
1989-08-06,15
1989-08-07,15
1989-08-08,15
1989-08-09,15
1989-08-10,16
1989-08-11,15
1989-08-12,15
1989-08-13,17
1989-08-14,17
1989-08-15,17
1989-08-16,17
1989-08-17,17
1989-08-18,17
1989-08-19,17
1989-08-20,17
1989-08-21,17
1989-08-22,16
1989-08-23,15
1989-08-24,16
1989-08-25,16
1989-08-26,16
1989-08-27,16
1989-08-28,16
1989-08-29,16
1989-08-30,16
1989-08-31,16
1989-09-01,15
1989-09-02,14
1989-09-03,15
1989-09-04,16
1989-09-05,16
1989-09-06,15
1989-09-07,15
1989-09-08,15
1989-09-09,15
1989-09-10,14
1989-09-11,14
1989-09-12,14
1989-09-13,14
1989-09-14,15
1989-09-15,15
1989-09-16,15
1989-09-17,15
1989-09-18,15
1989-09-19,15
1989-09-20,14
1989-09-21,12
1989-09-22,13
1989-09-23,12
1989-09-24,13
1989-09-25,13
1989-09-26,13
1989-09-27,13
1989-09-28,13
1989-09-29,13
1989-09-30,13
1989-10-01,13
1989-10-02,13
1989-10-03,13
1989-10-04,12
1989-10-05,13
1989-10-06,11
1989-10-07,13
1989-10-08,13
1989-10-09,14
1989-10-10,14
1989-10-11,14
1989-10-12,14
1989-10-13,14
1989-10-14,14
1989-10-15,13
1989-10-16,13
1989-10-17,13
1989-10-18,12
1989-10-19,11
1989-10-20,14
1989-10-21,14
1989-10-22,14
1989-10-23,14
1989-10-24,13
1989-10-25,14
1989-10-26,14
1989-10-27,14
1989-10-28,14
1989-10-29,14
1989-10-30,14
1989-10-31,13
1989-11-01,13
1989-11-02,14
1989-11-03,14
1989-11-04,14
1989-11-05,14
1989-11-06,14
1989-11-07,14
1989-11-08,14
1989-11-09,15
1989-11-10,15
1989-11-11,14
1989-11-12,14
1989-11-13,15
1989-11-14,14
1989-11-15,15
1989-11-16,14
1989-11-17,15
1989-11-18,15
1989-11-19,15
1989-11-20,15
1989-11-21,15
1989-11-22,15
1989-11-23,15
1989-11-24,15
1989-11-25,15
1989-11-26,16
1989-11-27,16
1989-11-28,16
1989-11-29,16
1989-11-30,16
1989-12-01,16
1989-12-02,16
1989-12-03,14
1989-12-04,15
1989-12-05,16
1989-12-06,16
1989-12-07,16
1989-12-08,16
1989-12-09,16
1989-12-10,15
1989-12-11,15
1989-12-12,15
1989-12-13,15
1989-12-14,14
1989-12-15,14
1989-12-16,15
1989-12-17,15
1989-12-18,15
1989-12-19,15
1989-12-20,15
1989-12-21,16
1989-12-22,16
1989-12-23,16
1989-12-24,16
1989-12-25,15
1989-12-26,15
1989-12-27,15
1989-12-28,15
1989-12-29,15
1989-12-30,15
1989-12-31,15
1990-01-01,17
1990-01-02,17
1990-01-03,17
1990-01-04,16
1990-01-05,17
1990-01-06,18
1990-01-07,18
1990-01-08,18
1990-01-09,18
1990-01-10,18
1990-01-11,18
1990-01-12,17
1990-01-13,17
1990-01-14,17
1990-01-15,17
1990-01-16,16
1990-01-17,16
1990-01-18,17
1990-01-19,18
1990-01-20,18
1990-01-21,18
1990-01-22,17
1990-01-23,18
1990-01-24,18
1990-01-25,19
1990-01-26,19
1990-01-27,19
1990-01-28,18
1990-01-29,18
1990-01-30,18
1990-01-31,19
1990-02-01,19
1990-02-02,19
1990-02-03,19
1990-02-04,19
1990-02-05,19
1990-02-06,18
1990-02-07,18
1990-02-08,19
1990-02-09,18
1990-02-10,18
1990-02-11,18
1990-02-12,19
1990-02-13,17
1990-02-14,18
1990-02-15,17
1990-02-16,18
1990-02-17,19
1990-02-18,19
1990-02-19,19
1990-02-20,19
1990-02-21,19
1990-02-22,18
1990-02-23,18
1990-02-24,17
1990-02-25,17
1990-02-26,19
1990-02-27,19
1990-02-28,19
1990-03-01,19
1990-03-02,19
1990-03-03,19
1990-03-04,19
1990-03-05,20
1990-03-06,20
1990-03-07,20
1990-03-08,18
1990-03-09,18
1990-03-10,18
1990-03-11,17
1990-03-12,18
1990-03-13,18
1990-03-14,17
1990-03-15,18
1990-03-16,18
1990-03-17,17
1990-03-18,17
1990-03-19,19
1990-03-20,19
1990-03-21,19
1990-03-22,18
1990-03-23,17
1990-03-24,16
1990-03-25,18
1990-03-26,18
1990-03-27,17
1990-03-28,15
1990-03-29,14
1990-03-30,14
1990-03-31,16
1990-04-01,15
1990-04-02,16
1990-04-03,16
1990-04-04,16
1990-04-05,16
1990-04-06,17
1990-04-07,18
1990-04-08,18
1990-04-09,18
1990-04-10,18
1990-04-11,18
1990-04-12,19
1990-04-13,18
1990-04-14,18
1990-04-15,18
1990-04-16,17
1990-04-17,18
1990-04-18,18
1990-04-19,17
1990-04-20,17
1990-04-21,18
1990-04-22,18
1990-04-23,18
1990-04-24,19
1990-04-25,19
1990-04-26,19
1990-04-27,19
1990-04-28,19
1990-04-29,19
1990-04-30,19
1990-05-01,18
1990-05-02,17
1990-05-03,18
1990-05-04,18
1990-05-05,19
1990-05-06,19
1990-05-07,18
1990-05-08,18
1990-05-09,18
1990-05-10,19
1990-05-11,18
1990-05-12,19
1990-05-13,19
1990-05-14,19
1990-05-15,20
1990-05-16,19
1990-05-17,18
1990-05-18,17
1990-05-19,16
1990-05-20,17
1990-05-21,17
1990-05-22,16
1990-05-23,16
1990-05-24,16
1990-05-25,17
1990-05-26,17
1990-05-27,17
1990-05-28,17
1990-05-29,17
1990-05-30,17
1990-05-31,17
1990-06-01,17
1990-06-02,17
1990-06-03,17
1990-06-04,17
1990-06-05,17
1990-06-06,17
1990-06-07,17
1990-06-08,17
1990-06-09,17
1990-06-10,16
1990-06-11,16
1990-06-12,16
1990-06-13,16
1990-06-14,16
1990-06-15,15
1990-06-16,16
1990-06-17,16
1990-06-18,14
1990-06-19,15
1990-06-20,16
1990-06-21,16
1990-06-22,15
1990-06-23,15
1990-06-24,15
1990-06-25,16
1990-06-26,15
1990-06-27,16
1990-06-28,15
1990-06-29,13
1990-06-30,13
1990-07-01,15
1990-07-02,16
1990-07-03,16
1990-07-04,14
1990-07-05,15
1990-07-06,13
1990-07-07,14
1990-07-08,13
1990-07-09,15
1990-07-10,15
1990-07-11,13
1990-07-12,13
1990-07-13,14
1990-07-14,14
1990-07-15,14
1990-07-16,16
1990-07-17,15
1990-07-18,15
1990-07-19,15
1990-07-20,15
1990-07-21,14
1990-07-22,14
1990-07-23,14
1990-07-24,14
1990-07-25,14
1990-07-26,13
1990-07-27,14
1990-07-28,15
1990-07-29,15
1990-07-30,15
1990-07-31,15
1990-08-01,17
1990-08-02,17
1990-08-03,17
1990-08-04,18
1990-08-05,18
1990-08-06,20
1990-08-07,20
1990-08-08,19
1990-08-09,19
1990-08-10,19
1990-08-11,18
1990-08-12,18
1990-08-13,18
1990-08-14,18
1990-08-15,18
1990-08-16,17
1990-08-17,17
1990-08-18,17
1990-08-19,17
1990-08-20,17
1990-08-21,18
1990-08-22,18
1990-08-23,17
1990-08-24,17
1990-08-25,17
1990-08-26,17
1990-08-27,17
1990-08-28,15
1990-08-29,16
1990-08-30,15
1990-08-31,15
1990-09-01,14
1990-09-02,16
1990-09-03,16
1990-09-04,17
1990-09-05,15
1990-09-06,15
1990-09-07,14
1990-09-08,14
1990-09-09,14
1990-09-10,14
1990-09-11,15
1990-09-12,15
1990-09-13,15
1990-09-14,14
1990-09-15,15
1990-09-16,15
1990-09-17,15
1990-09-18,15
1990-09-19,16
1990-09-20,16
1990-09-21,17
1990-09-22,17
1990-09-23,17
1990-09-24,17
1990-09-25,17
1990-09-26,18
1990-09-27,18
1990-09-28,18
1990-09-29,18
1990-09-30,17
1990-10-01,18
1990-10-02,19
1990-10-03,19
1990-10-04,18
1990-10-05,18
1990-10-06,18
1990-10-07,18
1990-10-08,18
1990-10-09,18
1990-10-10,18
1990-10-11,18
1990-10-12,18
1990-10-13,17
1990-10-14,17
1990-10-15,17
1990-10-16,17
1990-10-17,17
1990-10-18,17
1990-10-19,16
1990-10-20,16
1990-10-21,16
1990-10-22,15
1990-10-23,16
1990-10-24,17
1990-10-25,18
1990-10-26,18
1990-10-27,17
1990-10-28,17
1990-10-29,17
1990-10-30,18
1990-10-31,19
1990-11-01,19
1990-11-02,19
1990-11-03,19
1990-11-04,19
1990-11-05,19
1990-11-06,19
1990-11-07,19
1990-11-08,20
1990-11-09,20
1990-11-10,20
1990-11-11,20
1990-11-12,19
1990-11-13,19
1990-11-14,19
1990-11-15,19
1990-11-16,19
1990-11-17,17
1990-11-18,17
1990-11-19,17
1990-11-20,18
1990-11-21,18
1990-11-22,18
1990-11-23,18
1990-11-24,18
1990-11-25,16
1990-11-26,17
1990-11-27,16
1990-11-28,16
1990-11-29,17
1990-11-30,18
1990-12-01,18
1990-12-02,18
1990-12-03,18
1990-12-04,18
1990-12-05,19
1990-12-06,18
1990-12-07,18
1990-12-08,18
1990-12-09,18
1990-12-10,18
1990-12-11,19
1990-12-12,19
1990-12-13,19
1990-12-14,19
1990-12-15,19
1990-12-16,17
1990-12-17,18
1990-12-18,18
1990-12-19,20
1990-12-20,21
1990-12-21,21
1990-12-22,19
1990-12-23,20
1990-12-24,20
1990-12-25,19
1990-12-26,20
1990-12-27,19
1990-12-28,18
1990-12-29,18
1990-12-30,19
1990-12-31,19
1991-01-01,18
1991-01-02,18
1991-01-03,18
1991-01-04,17
1991-01-05,17
1991-01-06,17
1991-01-07,17
1991-01-08,17
1991-01-09,17
1991-01-10,18
1991-01-11,18
1991-01-12,18
1991-01-13,18
1991-01-14,18
1991-01-15,18
1991-01-16,18
1991-01-17,18
1991-01-18,19
1991-01-19,19
1991-01-20,19
1991-01-21,19
1991-01-22,19
1991-01-23,19
1991-01-24,20
1991-01-25,21
1991-01-26,20
1991-01-27,20
1991-01-28,20
1991-01-29,21
1991-01-30,21
1991-01-31,19
1991-02-01,19
1991-02-02,19
1991-02-03,19
1991-02-04,20
1991-02-05,20
1991-02-06,20
1991-02-07,21
1991-02-08,21
1991-02-09,20
1991-02-10,20
1991-02-11,18
1991-02-12,19
1991-02-13,19
1991-02-14,18
1991-02-15,19
1991-02-16,19
1991-02-17,19
1991-02-18,20
1991-02-19,21
1991-02-20,20
1991-02-21,17
1991-02-22,17
1991-02-23,17
1991-02-24,17
1991-02-25,17
1991-02-26,17
1991-02-27,17
1991-02-28,16
1991-03-01,16
1991-03-02,16
1991-03-03,16
1991-03-04,17
1991-03-05,18
1991-03-06,18
1991-03-07,18
1991-03-08,18
1991-03-09,19
1991-03-10,19
1991-03-11,20
1991-03-12,20
1991-03-13,20
1991-03-14,20
1991-03-15,20
1991-03-16,20
1991-03-17,19
1991-03-18,19
1991-03-19,19
1991-03-20,19
1991-03-21,20
1991-03-22,21
1991-03-23,20
1991-03-24,20
1991-03-25,21
1991-03-26,21
1991-03-27,21
1991-03-28,21
1991-03-29,21
1991-03-30,21
1991-03-31,21
1991-04-01,21
1991-04-02,21
1991-04-03,18
1991-04-04,20
1991-04-05,19
1991-04-06,19
1991-04-07,19
1991-04-08,20
1991-04-09,20
1991-04-10,20
1991-04-11,20
1991-04-12,19
1991-04-13,19
1991-04-14,19
1991-04-15,19
1991-04-16,19
1991-04-17,18
1991-04-18,19
1991-04-19,19
1991-04-20,19
1991-04-21,18
1991-04-22,18
1991-04-23,18
1991-04-24,19
1991-04-25,19
1991-04-26,19
1991-04-27,19
1991-04-28,19
1991-04-29,18
1991-04-30,18
1991-05-01,17
1991-05-02,17
1991-05-03,18
1991-05-04,18
1991-05-05,17
1991-05-06,15
1991-05-07,16
1991-05-08,16
1991-05-09,17
1991-05-10,16
1991-05-11,16
1991-05-12,16
1991-05-13,17
1991-05-14,17
1991-05-15,15
1991-05-16,18
1991-05-17,18
1991-05-18,18
1991-05-19,18
1991-05-20,18
1991-05-21,18
1991-05-22,18
1991-05-23,18
1991-05-24,17
1991-05-25,18
1991-05-26,18
1991-05-27,18
1991-05-28,18
1991-05-29,17
1991-05-30,19
1991-05-31,19
1991-06-01,18
1991-06-02,18
1991-06-03,18
1991-06-04,17
1991-06-05,18
1991-06-06,18
1991-06-07,18
1991-06-08,18
1991-06-09,17
1991-06-10,17
1991-06-11,17
1991-06-12,17
1991-06-13,17
1991-06-14,17
1991-06-15,17
1991-06-16,17
1991-06-17,19
1991-06-18,19
1991-06-19,19
1991-06-20,19
1991-06-21,19
1991-06-22,19
1991-06-23,19
1991-06-24,19
1991-06-25,19
1991-06-26,19
1991-06-27,19
1991-06-28,19
1991-06-29,20
1991-06-30,20
1991-07-01,20
1991-07-02,20
1991-07-03,19
1991-07-04,19
1991-07-05,18
1991-07-06,19
1991-07-07,19
1991-07-08,20
1991-07-09,19
1991-07-10,19
1991-07-11,20
1991-07-12,21
1991-07-13,21
1991-07-14,21
1991-07-15,21
1991-07-16,20
1991-07-17,20
1991-07-18,20
1991-07-19,20
1991-07-20,20
1991-07-21,20
1991-07-22,20
1991-07-23,21
1991-07-24,21
1991-07-25,21
1991-07-26,21
1991-07-27,21
1991-07-28,21
1991-07-29,21
1991-07-30,21
1991-07-31,21
1991-08-01,21
1991-08-02,22
1991-08-03,22
1991-08-04,22
1991-08-05,22
1991-08-06,21
1991-08-07,21
1991-08-08,22
1991-08-09,22
1991-08-10,21
1991-08-11,21
1991-08-12,21
1991-08-13,20
1991-08-14,21
1991-08-15,20
1991-08-16,20
1991-08-17,20
1991-08-18,19
1991-08-19,21
1991-08-20,21
1991-08-21,21
1991-08-22,21
1991-08-23,21
1991-08-24,22
1991-08-25,21
1991-08-26,22
1991-08-27,22
1991-08-28,22
1991-08-29,21
1991-08-30,21
1991-08-31,21
1991-09-01,21
1991-09-02,21
1991-09-03,21
1991-09-04,22
1991-09-05,22
1991-09-06,20
1991-09-07,20
1991-09-08,20
1991-09-09,20
1991-09-10,20
1991-09-11,21
1991-09-12,21
1991-09-13,21
1991-09-14,21
1991-09-15,20
1991-09-16,20
1991-09-17,20
1991-09-18,20
1991-09-19,19
1991-09-20,21
1991-09-21,21
1991-09-22,20
1991-09-23,20
1991-09-24,20
1991-09-25,21
1991-09-26,21
1991-09-27,21
1991-09-28,20
1991-09-29,20
1991-09-30,20
1991-10-01,20
1991-10-02,20
1991-10-03,19
1991-10-04,19
1991-10-05,19
1991-10-06,19
1991-10-07,20
1991-10-08,20
1991-10-09,19
1991-10-10,20
1991-10-11,20
1991-10-12,20
1991-10-13,20
1991-10-14,20
1991-10-15,20
1991-10-16,19
1991-10-17,18
1991-10-18,18
1991-10-19,18
1991-10-20,18
1991-10-21,19
1991-10-22,20
1991-10-23,19
1991-10-24,20
1991-10-25,19
1991-10-26,17
1991-10-27,18
1991-10-28,18
1991-10-29,18
1991-10-30,17
1991-10-31,18
1991-11-01,18
1991-11-02,20
1991-11-03,19
1991-11-04,18
1991-11-05,17
1991-11-06,18
1991-11-07,18
1991-11-08,17
1991-11-09,16
1991-11-10,17
1991-11-11,17
1991-11-12,17
1991-11-13,18
1991-11-14,19
1991-11-15,19
1991-11-16,20
1991-11-17,20
1991-11-18,20
1991-11-19,19
1991-11-20,18
1991-11-21,18
1991-11-22,18
1991-11-23,16
1991-11-24,16
1991-11-25,17
1991-11-26,17
1991-11-27,17
1991-11-28,18
1991-11-29,18
1991-11-30,19
1991-12-01,18
1991-12-02,18
1991-12-03,18
1991-12-04,18
1991-12-05,18
1991-12-06,17
1991-12-07,18
1991-12-08,17
1991-12-09,18
1991-12-10,18
1991-12-11,18
1991-12-12,17
1991-12-13,15
1991-12-14,15
1991-12-15,15
1991-12-16,15
1991-12-17,14
1991-12-18,15
1991-12-19,15
1991-12-20,15
1991-12-21,15
1991-12-22,15
1991-12-23,16
1991-12-24,15
1991-12-25,12
1991-12-26,15
1991-12-27,15
1991-12-28,14
1991-12-29,13
1991-12-30,13
1991-12-31,13
1992-01-01,15
1992-01-02,14
1992-01-03,13
1992-01-04,11
1992-01-05,11
1992-01-06,12
1992-01-07,12
1992-01-08,14
1992-01-09,14
1992-01-10,15
1992-01-11,13
1992-01-12,13
1992-01-13,13
1992-01-14,13
1992-01-15,13
1992-01-16,13
1992-01-17,14
1992-01-18,14
1992-01-19,13
1992-01-20,14
1992-01-21,14
1992-01-22,14
1992-01-23,14
1992-01-24,14
1992-01-25,15
1992-01-26,16
1992-01-27,17
1992-01-28,16
1992-01-29,16
1992-01-30,18
1992-01-31,18
1992-02-01,18
1992-02-02,19
1992-02-03,18
1992-02-04,18
1992-02-05,18
1992-02-06,18
1992-02-07,19
1992-02-08,19
1992-02-09,19
1992-02-10,19
1992-02-11,19
1992-02-12,19
1992-02-13,19
1992-02-14,18
1992-02-15,18
1992-02-16,18
1992-02-17,18
1992-02-18,16
1992-02-19,17
1992-02-20,17
1992-02-21,16
1992-02-22,16
1992-02-23,17
1992-02-24,17
1992-02-25,16
1992-02-26,17
1992-02-27,18
1992-02-28,18
1992-02-29,16
1992-03-01,17
1992-03-02,16
1992-03-03,17
1992-03-04,17
1992-03-05,17
1992-03-06,16
1992-03-07,16
1992-03-08,16
1992-03-09,16
1992-03-10,17
1992-03-11,14
1992-03-12,15
1992-03-13,13
1992-03-14,13
1992-03-15,14
1992-03-16,15
1992-03-17,15
1992-03-18,17
1992-03-19,16
1992-03-20,19
1992-03-21,19
1992-03-22,19
1992-03-23,18
1992-03-24,19
1992-03-25,16
1992-03-26,18
1992-03-27,20
1992-03-28,20
1992-03-29,20
1992-03-30,20
1992-03-31,19
1992-04-01,19
1992-04-02,19
1992-04-03,18
1992-04-04,19
1992-04-05,19
1992-04-06,19
1992-04-07,20
1992-04-08,19
1992-04-09,20
1992-04-10,18
1992-04-11,18
1992-04-12,19
1992-04-13,20
1992-04-14,20
1992-04-15,20
1992-04-16,20
1992-04-17,19
1992-04-18,20
1992-04-19,19
1992-04-20,20
1992-04-21,20
1992-04-22,19
1992-04-23,20
1992-04-24,20
1992-04-25,19
1992-04-26,19
1992-04-27,18
1992-04-28,19
1992-04-29,20
1992-04-30,20
1992-05-01,17
1992-05-02,19
1992-05-03,18
1992-05-04,18
1992-05-05,19
1992-05-06,18
1992-05-07,20
1992-05-08,20
1992-05-09,20
1992-05-10,20
1992-05-11,20
1992-05-12,20
1992-05-13,20
1992-05-14,20
1992-05-15,20
1992-05-16,18
1992-05-17,17
1992-05-18,19
1992-05-19,19
1992-05-20,20
1992-05-21,20
1992-05-22,21
1992-05-23,21
1992-05-24,21
1992-05-25,21
1992-05-26,22
1992-05-27,22
1992-05-28,20
1992-05-29,21
1992-05-30,21
1992-05-31,22
1992-06-01,22
1992-06-02,21
1992-06-03,21
1992-06-04,21
1992-06-05,23
1992-06-06,23
1992-06-07,24
1992-06-08,21
1992-06-09,23
1992-06-10,23
1992-06-11,23
1992-06-12,24
1992-06-13,24
1992-06-14,22
1992-06-15,22
1992-06-16,22
1992-06-17,23
1992-06-18,22
1992-06-19,21
1992-06-20,21
1992-06-21,22
1992-06-22,24
1992-06-23,23
1992-06-24,21
1992-06-25,19
1992-06-26,18
1992-06-27,20
1992-06-28,19
1992-06-29,19
1992-06-30,19
1992-07-01,20
1992-07-02,20
1992-07-03,21
1992-07-04,21
1992-07-05,21
1992-07-06,19
1992-07-07,21
1992-07-08,21
1992-07-09,23
1992-07-10,23
1992-07-11,23
1992-07-12,24
1992-07-13,23
1992-07-14,24
1992-07-15,24
1992-07-16,24
1992-07-17,22
1992-07-18,22
1992-07-19,22
1992-07-20,22
1992-07-21,23
1992-07-22,23
1992-07-23,22
1992-07-24,22
1992-07-25,21
1992-07-26,22
1992-07-27,22
1992-07-28,23
1992-07-29,23
1992-07-30,24
1992-07-31,22
1992-08-01,23
1992-08-02,24
1992-08-03,23
1992-08-04,25
1992-08-05,24
1992-08-06,24
1992-08-07,25
1992-08-08,24
1992-08-09,23
1992-08-10,23
1992-08-11,23
1992-08-12,23
1992-08-13,22
1992-08-14,22
1992-08-15,23
1992-08-16,23
1992-08-17,23
1992-08-18,23
1992-08-19,23
1992-08-20,23
1992-08-21,24
1992-08-22,24
1992-08-23,23
1992-08-24,23
1992-08-25,23
1992-08-26,23
1992-08-27,23
1992-08-28,23
1992-08-29,23
1992-08-30,23
1992-08-31,22
1992-09-01,23
1992-09-02,23
1992-09-03,23
1992-09-04,23
1992-09-05,23
1992-09-06,24
1992-09-07,24
1992-09-08,24
1992-09-09,24
1992-09-10,24
1992-09-11,25
1992-09-12,24
1992-09-13,24
1992-09-14,24
1992-09-15,25
1992-09-16,23
1992-09-17,21
1992-09-18,22
1992-09-19,20
1992-09-20,19
1992-09-21,19
1992-09-22,20
1992-09-23,19
1992-09-24,19
1992-09-25,19
1992-09-26,23
1992-09-27,24
1992-09-28,22
1992-09-29,22
1992-09-30,21
1992-10-01,22
1992-10-02,21
1992-10-03,21
1992-10-04,21
1992-10-05,22
1992-10-06,23
1992-10-07,24
1992-10-08,26
1992-10-09,25
1992-10-10,25
1992-10-11,24
1992-10-12,24
1992-10-13,24
1992-10-14,24
1992-10-15,24
1992-10-16,23
1992-10-17,23
1992-10-18,24
1992-10-19,24
1992-10-20,24
1992-10-21,24
1992-10-22,24
1992-10-23,24
1992-10-24,26
1992-10-25,25
1992-10-26,25
1992-10-27,25
1992-10-28,24
1992-10-29,24
1992-10-30,24
1992-10-31,25
1992-11-01,26
1992-11-02,25
1992-11-03,25
1992-11-04,26
1992-11-05,25
1992-11-06,24
1992-11-07,23
1992-11-08,23
1992-11-09,22
1992-11-10,25
1992-11-11,25
1992-11-12,25
1992-11-13,22
1992-11-14,22
1992-11-15,22
1992-11-16,22
1992-11-17,25
1992-11-18,25
1992-11-19,24
1992-11-20,25
1992-11-21,25
1992-11-22,21
1992-11-23,22
1992-11-24,23
1992-11-25,23
1992-11-26,23
1992-11-27,25
1992-11-28,25
1992-11-29,23
1992-11-30,27
1992-12-01,26
1992-12-02,25
1992-12-03,27
1992-12-04,27
1992-12-05,27
1992-12-06,27
1992-12-07,27
1992-12-08,27
1992-12-09,27
1992-12-10,25
1992-12-11,26
1992-12-12,28
1992-12-13,25
1992-12-14,26
1992-12-15,26
1992-12-16,23
1992-12-17,28
1992-12-18,27
1992-12-19,27
1992-12-20,26
1992-12-21,25
1992-12-22,24
1992-12-23,24
1992-12-24,26
1992-12-25,26
1992-12-26,25
1992-12-27,25
1992-12-28,26
1992-12-29,26
1992-12-30,26
1992-12-31,25
1993-01-01,27
1993-01-02,22
1993-01-03,25
1993-01-04,24
1993-01-05,24
1993-01-06,25
1993-01-07,25
1993-01-08,25
1993-01-09,23
1993-01-10,25
1993-01-11,26
1993-01-12,25
1993-01-13,24
1993-01-14,22
1993-01-15,24
1993-01-16,23
1993-01-17,24
1993-01-18,23
1993-01-19,25
1993-01-20,25
1993-01-21,21
1993-01-22,24
1993-01-23,25
1993-01-24,25
1993-01-25,26
1993-01-26,26
1993-01-27,23
1993-01-28,25
1993-01-29,22
1993-01-30,21
1993-01-31,23
1993-02-01,26
1993-02-02,26
1993-02-03,26
1993-02-04,25
1993-02-05,25
1993-02-06,24
1993-02-07,25
1993-02-08,24
1993-02-09,24
1993-02-10,24
1993-02-11,22
1993-02-12,24
1993-02-13,25
1993-02-14,23
1993-02-15,25
1993-02-16,22
1993-02-17,22
1993-02-18,23
1993-02-19,21
1993-02-20,23
1993-02-21,21
1993-02-22,24
1993-02-23,24
1993-02-24,24
1993-02-25,23
1993-02-26,22
1993-02-27,25
1993-02-28,23
1993-03-01,23
1993-03-02,25
1993-03-03,26
1993-03-04,25
1993-03-05,26
1993-03-06,26
1993-03-07,25
1993-03-08,24
1993-03-09,24
1993-03-10,25
1993-03-11,26
1993-03-12,26
1993-03-13,25
1993-03-14,26
1993-03-15,26
1993-03-16,26
1993-03-17,26
1993-03-18,26
1993-03-19,25
1993-03-20,26
1993-03-21,27
1993-03-22,27
1993-03-23,27
1993-03-24,28
1993-03-25,27
1993-03-26,27
1993-03-27,24
1993-03-28,27
1993-03-29,26
1993-03-30,26
1993-03-31,25
1993-04-01,23
1993-04-02,28
1993-04-03,26
1993-04-04,27
1993-04-05,28
1993-04-06,25
1993-04-07,26
1993-04-08,28
1993-04-09,28
1993-04-10,27
1993-04-11,28
1993-04-12,28
1993-04-13,28
1993-04-14,27
1993-04-15,27
1993-04-16,26
1993-04-17,27
1993-04-18,27
1993-04-19,25
1993-04-20,26
1993-04-21,23
1993-04-22,26
1993-04-23,23
1993-04-24,25
1993-04-25,26
1993-04-26,25
1993-04-27,24
1993-04-28,24
1993-04-29,24
1993-04-30,22
1993-05-01,22
1993-05-02,23
1993-05-03,22
1993-05-04,24
1993-05-05,24
1993-05-06,26
1993-05-07,26
1993-05-08,25
1993-05-09,25
1993-05-10,26
1993-05-11,25
1993-05-12,26
1993-05-13,28
1993-05-14,27
1993-05-15,29
1993-05-16,29
1993-05-17,30
1993-05-18,31
1993-05-19,31
1993-05-20,33
1993-05-21,31
1993-05-22,32
1993-05-23,33
1993-05-24,35
1993-05-25,34
1993-05-26,34
1993-05-27,33
1993-05-28,33
1993-05-29,34
1993-05-30,34
1993-05-31,30
1993-06-01,33
1993-06-02,32
1993-06-03,33
1993-06-04,32
1993-06-05,32
1993-06-06,33
1993-06-07,35
1993-06-08,35
1993-06-09,35
1993-06-10,33
1993-06-11,33
1993-06-12,34
1993-06-13,33
1993-06-14,34
1993-06-15,34
1993-06-16,33
1993-06-17,31
1993-06-18,32
1993-06-19,32
1993-06-20,33
1993-06-21,32
1993-06-22,32
1993-06-23,30
1993-06-24,29
1993-06-25,31
1993-06-26,31
1993-06-27,33
1993-06-28,32
1993-06-29,34
1993-06-30,32
1993-07-01,35
1993-07-02,34
1993-07-03,35
1993-07-04,35
1993-07-05,35
1993-07-06,35
1993-07-07,35
1993-07-08,36
1993-07-09,35
1993-07-10,35
1993-07-11,35
1993-07-12,34
1993-07-13,35
1993-07-14,35
1993-07-15,37
1993-07-16,37
1993-07-17,37
1993-07-18,34
1993-07-19,37
1993-07-20,37
1993-07-21,37
1993-07-22,36
1993-07-23,37
1993-07-24,36
1993-07-25,36
1993-07-26,31
1993-07-27,34
1993-07-28,35
1993-07-29,34
1993-07-30,36
1993-07-31,32
1993-08-01,35
1993-08-02,36
1993-08-03,36
1993-08-04,36
1993-08-05,38
1993-08-06,36
1993-08-07,36
1993-08-08,36
1993-08-09,36
1993-08-10,34
1993-08-11,35
1993-08-12,37
1993-08-13,37
1993-08-14,32
1993-08-15,38
1993-08-16,38
1993-08-17,38
1993-08-18,38
1993-08-19,38
1993-08-20,38
1993-08-21,38
1993-08-22,38
1993-08-23,39
1993-08-24,39
1993-08-25,40
1993-08-26,40
1993-08-27,35
1993-08-28,39
1993-08-29,39
1993-08-30,36
1993-08-31,37
1993-09-01,42
1993-09-02,36
1993-09-03,41
1993-09-04,41
1993-09-05,34
1993-09-06,38
1993-09-07,40
1993-09-08,34
1993-09-09,41
1993-09-10,44
1993-09-11,44
1993-09-12,44
1993-09-13,43
1993-09-14,42
1993-09-15,42
1993-09-16,42
1993-09-17,35
1993-09-18,40
1993-09-19,40
1993-09-20,42
1993-09-21,42
1993-09-22,42
1993-09-23,35
1993-09-24,38
1993-09-25,33
1993-09-26,34
1993-09-27,38
1993-09-28,39
1993-09-29,38
1993-09-30,37
1993-10-01,37
1993-10-02,38
1993-10-03,32
1993-10-04,35
1993-10-05,34
1993-10-06,30
1993-10-07,33
1993-10-08,33
1993-10-09,29
1993-10-10,33
1993-10-11,32
1993-10-12,30
1993-10-13,30
1993-10-14,30
1993-10-15,22
1993-10-16,29
1993-10-17,25
1993-10-18,29
1993-10-19,29
1993-10-20,25
1993-10-21,28
1993-10-22,31
1993-10-23,26
1993-10-24,31
1993-10-25,32
1993-10-26,29
1993-10-27,26
1993-10-28,27
1993-10-29,30
1993-10-30,30
1993-10-31,31
1993-11-01,32
1993-11-02,25
1993-11-03,31
1993-11-04,32
1993-11-05,32
1993-11-06,27
1993-11-07,26
1993-11-08,26
1993-11-09,26
1993-11-10,30
1993-11-11,31
1993-11-12,25
1993-11-13,32
1993-11-14,30
1993-11-15,28
1993-11-16,34
1993-11-17,32
1993-11-18,32
1993-11-19,35
1993-11-20,34
1993-11-21,37
1993-11-22,38
1993-11-23,33
1993-11-24,39
1993-11-25,40
1993-11-26,39
1993-11-27,40
1993-11-28,39
1993-11-29,39
1993-11-30,39
1993-12-01,38
1993-12-02,32
1993-12-03,38
1993-12-04,37
1993-12-05,37
1993-12-06,37
1993-12-07,36
1993-12-08,35
1993-12-09,35
1993-12-10,34
1993-12-11,30
1993-12-12,35
1993-12-13,36
1993-12-14,36
1993-12-15,35
1993-12-16,36
1993-12-17,39
1993-12-18,38
1993-12-19,42
1993-12-20,44
1993-12-21,38
1993-12-22,37
1993-12-23,41
1993-12-24,42
1993-12-25,37
1993-12-26,37
1993-12-27,37
1993-12-28,40
1993-12-29,40
1993-12-30,37
1993-12-31,37
1994-01-01,35
1994-01-02,35
1994-01-03,39
1994-01-04,38
1994-01-05,37
1994-01-06,34
1994-01-07,38
1994-01-08,34
1994-01-09,35
1994-01-10,35
1994-01-11,35
1994-01-12,37
1994-01-13,36
1994-01-14,37
1994-01-15,37
1994-01-16,32
1994-01-17,36
1994-01-18,36
1994-01-19,37
1994-01-20,37
1994-01-21,39
1994-01-22,39
1994-01-23,38
1994-01-24,39
1994-01-25,41
1994-01-26,40
1994-01-27,38
1994-01-28,39
1994-01-29,40
1994-01-30,39
1994-01-31,39
1994-02-01,38
1994-02-02,36
1994-02-03,38
1994-02-04,38
1994-02-05,38
1994-02-06,39
1994-02-07,34
1994-02-08,39
1994-02-09,36
1994-02-10,35
1994-02-11,39
1994-02-12,37
1994-02-13,37
1994-02-14,37
1994-02-15,36
1994-02-16,36
1994-02-17,37
1994-02-18,37
1994-02-19,34
1994-02-20,37
1994-02-21,38
1994-02-22,37
1994-02-23,38
1994-02-24,38
1994-02-25,38
1994-02-26,38
1994-02-27,33
1994-02-28,38
1994-03-01,39
1994-03-02,38
1994-03-03,33
1994-03-04,37
1994-03-05,37
1994-03-06,37
1994-03-07,33
1994-03-08,37
1994-03-09,37
1994-03-10,36
1994-03-11,34
1994-03-12,37
1994-03-13,37
1994-03-14,37
1994-03-15,38
1994-03-16,38
1994-03-17,37
1994-03-18,37
1994-03-19,34
1994-03-20,34
1994-03-21,38
1994-03-22,39
1994-03-23,34
1994-03-24,34
1994-03-25,35
1994-03-26,39
1994-03-27,34
1994-03-28,34
1994-03-29,41
1994-03-30,40
1994-03-31,40
1994-04-01,42
1994-04-02,40
1994-04-03,39
1994-04-04,39
1994-04-05,39
1994-04-06,38
1994-04-07,38
1994-04-08,37
1994-04-09,33
1994-04-10,39
1994-04-11,40
1994-04-12,40
1994-04-13,39
1994-04-14,37
1994-04-15,32
1994-04-16,38
1994-04-17,37
1994-04-18,37
1994-04-19,37
1994-04-20,39
1994-04-21,37
1994-04-22,34
1994-04-23,38
1994-04-24,37
1994-04-25,38
1994-04-26,36
1994-04-27,36
1994-04-28,37
1994-04-29,37
1994-04-30,34
1994-05-01,35
1994-05-02,36
1994-05-03,34
1994-05-04,34
1994-05-05,33
1994-05-06,35
1994-05-07,34
1994-05-08,28
1994-05-09,33
1994-05-10,35
1994-05-11,35
1994-05-12,29
1994-05-13,34
1994-05-14,30
1994-05-15,34
1994-05-16,31
1994-05-17,37
1994-05-18,36
1994-05-19,36
1994-05-20,37
1994-05-21,36
1994-05-22,39
1994-05-23,38
1994-05-24,41
1994-05-25,41
1994-05-26,41
1994-05-27,37
1994-05-28,35
1994-05-29,39
1994-05-30,44
1994-05-31,46
1994-06-01,49
1994-06-02,49
1994-06-03,51
1994-06-04,51
1994-06-05,51
1994-06-06,51
1994-06-07,50
1994-06-08,52
1994-06-09,52
1994-06-10,52
1994-06-11,48
1994-06-12,52
1994-06-13,54
1994-06-14,53
1994-06-15,54
1994-06-16,56
1994-06-17,50
1994-06-18,55
1994-06-19,56
1994-06-20,56
1994-06-21,57
1994-06-22,57
1994-06-23,57
1994-06-24,52
1994-06-25,56
1994-06-26,56
1994-06-27,56
1994-06-28,51
1994-06-29,55
1994-06-30,55
1994-07-01,56
1994-07-02,55
1994-07-03,55
1994-07-04,54
1994-07-05,55
1994-07-06,55
1994-07-07,54
1994-07-08,54
1994-07-09,54
1994-07-10,49
1994-07-11,50
1994-07-12,55
1994-07-13,55
1994-07-14,55
1994-07-15,50
1994-07-16,55
1994-07-17,54
1994-07-18,54
1994-07-19,55
1994-07-20,50
1994-07-21,56
1994-07-22,56
1994-07-23,57
1994-07-24,56
1994-07-25,55
1994-07-26,55
1994-07-27,54
1994-07-28,55
1994-07-29,54
1994-07-30,50
1994-07-31,56
1994-08-01,54
1994-08-02,52
1994-08-03,51
1994-08-04,51
1994-08-05,51
1994-08-06,46
1994-08-07,47
1994-08-08,50
1994-08-09,49
1994-08-10,54
1994-08-11,55
1994-08-12,52
1994-08-13,55
1994-08-14,55
1994-08-15,55
1994-08-16,56
1994-08-17,56
1994-08-18,55
1994-08-19,56
1994-08-20,56
1994-08-21,56
1994-08-22,56
1994-08-23,51
1994-08-24,53
1994-08-25,48
1994-08-26,53
1994-08-27,47
1994-08-28,53
1994-08-29,52
1994-08-30,52
1994-08-31,53
1994-09-01,53
1994-09-02,53
1994-09-03,53
1994-09-04,52
1994-09-05,53
1994-09-06,54
1994-09-07,49
1994-09-08,55
1994-09-09,49
1994-09-10,53
1994-09-11,53
1994-09-12,52
1994-09-13,51
1994-09-14,52
1994-09-15,51
1994-09-16,51
1994-09-17,50
1994-09-18,45
1994-09-19,45
1994-09-20,50
1994-09-21,50
1994-09-22,52
1994-09-23,52
1994-09-24,50
1994-09-25,50
1994-09-26,46
1994-09-27,51
1994-09-28,51
1994-09-29,47
1994-09-30,46
1994-10-01,52
1994-10-02,54
1994-10-03,49
1994-10-04,54
1994-10-05,54
1994-10-06,55
1994-10-07,56
1994-10-08,54
1994-10-09,53
1994-10-10,54
1994-10-11,53
1994-10-12,54
1994-10-13,56
1994-10-14,47
1994-10-15,52
1994-10-16,52
1994-10-17,55
1994-10-18,54
1994-10-19,48
1994-10-20,52
1994-10-21,45
1994-10-22,44
1994-10-23,47
1994-10-24,48
1994-10-25,48
1994-10-26,44
1994-10-27,49
1994-10-28,49
1994-10-29,49
1994-10-30,49
1994-10-31,49
1994-11-01,44
1994-11-02,47
1994-11-03,44
1994-11-04,49
1994-11-05,50
1994-11-06,47
1994-11-07,49
1994-11-08,49
1994-11-09,51
1994-11-10,48
1994-11-11,53
1994-11-12,49
1994-11-13,48
1994-11-14,51
1994-11-15,51
1994-11-16,49
1994-11-17,51
1994-11-18,50
1994-11-19,50
1994-11-20,51
1994-11-21,51
1994-11-22,52
1994-11-23,52
1994-11-24,51
1994-11-25,47
1994-11-26,49
1994-11-27,51
1994-11-28,47
1994-11-29,52
1994-11-30,55
1994-12-01,56
1994-12-02,51
1994-12-03,51
1994-12-04,57
1994-12-05,57
1994-12-06,56
1994-12-07,55
1994-12-08,54
1994-12-09,54
1994-12-10,54
1994-12-11,54
1994-12-12,54
1994-12-13,54
1994-12-14,53
1994-12-15,53
1994-12-16,54
1994-12-17,54
1994-12-18,57
1994-12-19,57
1994-12-20,54
1994-12-21,52
1994-12-22,52
1994-12-23,53
1994-12-24,57
1994-12-25,52
1994-12-26,51
1994-12-27,49
1994-12-28,48
1994-12-29,49
1994-12-30,50
1994-12-31,50
1995-01-01,54
1995-01-02,55
1995-01-03,56
1995-01-04,55
1995-01-05,54
1995-01-06,52
1995-01-07,52
1995-01-08,53
1995-01-09,52
1995-01-10,52
1995-01-11,51
1995-01-12,53
1995-01-13,52
1995-01-14,48
1995-01-15,51
1995-01-16,52
1995-01-17,48
1995-01-18,47
1995-01-19,50
1995-01-20,47
1995-01-21,49
1995-01-22,48
1995-01-23,50
1995-01-24,51
1995-01-25,51
1995-01-26,45
1995-01-27,47
1995-01-28,43
1995-01-29,47
1995-01-30,43
1995-01-31,49
1995-02-01,49
1995-02-02,49
1995-02-03,49
1995-02-04,47
1995-02-05,50
1995-02-06,50
1995-02-07,45
1995-02-08,51
1995-02-09,52
1995-02-10,51
1995-02-11,51
1995-02-12,53
1995-02-13,52
1995-02-14,52
1995-02-15,52
1995-02-16,52
1995-02-17,50
1995-02-18,52
1995-02-19,52
1995-02-20,52
1995-02-21,51
1995-02-22,51
1995-02-23,53
1995-02-24,52
1995-02-25,52
1995-02-26,49
1995-02-27,52
1995-02-28,52
1995-03-01,49
1995-03-02,48
1995-03-03,50
1995-03-04,48
1995-03-05,47
1995-03-06,47
1995-03-07,44
1995-03-08,47
1995-03-09,48
1995-03-10,51
1995-03-11,53
1995-03-12,54
1995-03-13,53
1995-03-14,54
1995-03-15,54
1995-03-16,54
1995-03-17,55
1995-03-18,54
1995-03-19,55
1995-03-20,55
1995-03-21,56
1995-03-22,58
1995-03-23,59
1995-03-24,58
1995-03-25,59
1995-03-26,61
1995-03-27,60
1995-03-28,60
1995-03-29,63
1995-03-30,63
1995-03-31,64
1995-04-01,63
1995-04-02,63
1995-04-03,64
1995-04-04,64
1995-04-05,63
1995-04-06,65
1995-04-07,65
1995-04-08,64
1995-04-09,62
1995-04-10,56
1995-04-11,58
1995-04-12,58
1995-04-13,58
1995-04-14,58
1995-04-15,58
1995-04-16,58
1995-04-17,58
1995-04-18,56
1995-04-19,55
1995-04-20,56
1995-04-21,55
1995-04-22,53
1995-04-23,53
1995-04-24,53
1995-04-25,53
1995-04-26,53
1995-04-27,52
1995-04-28,52
1995-04-29,52
1995-04-30,58
1995-05-01,58
1995-05-02,59
1995-05-03,57
1995-05-04,57
1995-05-05,56
1995-05-06,54
1995-05-07,56
1995-05-08,55
1995-05-09,56
1995-05-10,55
1995-05-11,56
1995-05-12,58
1995-05-13,59
1995-05-14,60
1995-05-15,59
1995-05-16,60
1995-05-17,58
1995-05-18,58
1995-05-19,59
1995-05-20,59
1995-05-21,55
1995-05-22,56
1995-05-23,58
1995-05-24,58
1995-05-25,59
1995-05-26,57
1995-05-27,59
1995-05-28,58
1995-05-29,60
1995-05-30,59
1995-05-31,58
1995-06-01,55
1995-06-02,58
1995-06-03,56
1995-06-04,56
1995-06-05,56
1995-06-06,50
1995-06-07,54
1995-06-08,50
1995-06-09,52
1995-06-10,50
1995-06-11,54
1995-06-12,54
1995-06-13,51
1995-06-14,52
1995-06-15,50
1995-06-16,50
1995-06-17,49
1995-06-18,51
1995-06-19,51
1995-06-20,51
1995-06-21,51
1995-06-22,52
1995-06-23,53
1995-06-24,52
1995-06-25,50
1995-06-26,52
1995-06-27,52
1995-06-28,52
1995-06-29,52
1995-06-30,51
1995-07-01,50
1995-07-02,46
1995-07-03,47
1995-07-04,50
1995-07-05,52
1995-07-06,52
1995-07-07,52
1995-07-08,50
1995-07-09,50
1995-07-10,51
1995-07-11,51
1995-07-12,52
1995-07-13,51
1995-07-14,53
1995-07-15,53
1995-07-16,53
1995-07-17,53
1995-07-18,52
1995-07-19,52
1995-07-20,53
1995-07-21,53
1995-07-22,53
1995-07-23,53
1995-07-24,53
1995-07-25,55
1995-07-26,53
1995-07-27,53
1995-07-28,54
1995-07-29,52
1995-07-30,52
1995-07-31,52
1995-08-01,50
1995-08-02,49
1995-08-03,52
1995-08-04,53
1995-08-05,52
1995-08-06,50
1995-08-07,51
1995-08-08,47
1995-08-09,49
1995-08-10,49
1995-08-11,48
1995-08-12,49
1995-08-13,48
1995-08-14,46
1995-08-15,48
1995-08-16,50
1995-08-17,48
1995-08-18,48
1995-08-19,49
1995-08-20,46
1995-08-21,46
1995-08-22,45
1995-08-23,46
1995-08-24,47
1995-08-25,47
1995-08-26,46
1995-08-27,44
1995-08-28,48
1995-08-29,48
1995-08-30,48
1995-08-31,49
1995-09-01,50
1995-09-02,50
1995-09-03,49
1995-09-04,51
1995-09-05,50
1995-09-06,52
1995-09-07,50
1995-09-08,51
1995-09-09,50
1995-09-10,50
1995-09-11,51
1995-09-12,51
1995-09-13,50
1995-09-14,50
1995-09-15,51
1995-09-16,48
1995-09-17,46
1995-09-18,48
1995-09-19,48
1995-09-20,45
1995-09-21,47
1995-09-22,45
1995-09-23,46
1995-09-24,46
1995-09-25,47
1995-09-26,44
1995-09-27,44
1995-09-28,43
1995-09-29,44
1995-09-30,44
1995-10-01,45
1995-10-02,44
1995-10-03,46
1995-10-04,42
1995-10-05,43
1995-10-06,44
1995-10-07,41
1995-10-08,41
1995-10-09,41
1995-10-10,42
1995-10-11,44
1995-10-12,45
1995-10-13,46
1995-10-14,44
1995-10-15,45
1995-10-16,46
1995-10-17,45
1995-10-18,47
1995-10-19,47
1995-10-20,47
1995-10-21,47
1995-10-22,47
1995-10-23,46
1995-10-24,45
1995-10-25,47
1995-10-26,49
1995-10-27,49
1995-10-28,47
1995-10-29,48
1995-10-30,47
1995-10-31,49
1995-11-01,49
1995-11-02,49
1995-11-03,49
1995-11-04,49
1995-11-05,50
1995-11-06,52
1995-11-07,53
1995-11-08,53
1995-11-09,52
1995-11-10,52
1995-11-11,51
1995-11-12,53
1995-11-13,52
1995-11-14,51
1995-11-15,50
1995-11-16,51
1995-11-17,50
1995-11-18,49
1995-11-19,49
1995-11-20,50
1995-11-21,51
1995-11-22,52
1995-11-23,54
1995-11-24,54
1995-11-25,54
1995-11-26,55
1995-11-27,55
1995-11-28,54
1995-11-29,53
1995-11-30,54
1995-12-01,54
1995-12-02,53
1995-12-03,52
1995-12-04,56
1995-12-05,57
1995-12-06,56
1995-12-07,54
1995-12-08,56
1995-12-09,56
1995-12-10,57
1995-12-11,58
1995-12-12,58
1995-12-13,57
1995-12-14,56
1995-12-15,56
1995-12-16,53
1995-12-17,53
1995-12-18,54
1995-12-19,54
1995-12-20,54
1995-12-21,56
1995-12-22,56
1995-12-23,54
1995-12-24,54
1995-12-25,51
1995-12-26,51
1995-12-27,53
1995-12-28,54
1995-12-29,54
1995-12-30,55
1995-12-31,55
1996-01-01,54
1996-01-02,52
1996-01-03,52
1996-01-04,52
1996-01-05,53
1996-01-06,53
1996-01-07,50
1996-01-08,49
1996-01-09,51
1996-01-10,51
1996-01-11,51
1996-01-12,50
1996-01-13,49
1996-01-14,48
1996-01-15,50
1996-01-16,51
1996-01-17,49
1996-01-18,51
1996-01-19,50
1996-01-20,49
1996-01-21,45
1996-01-22,49
1996-01-23,50
1996-01-24,50
1996-01-25,48
1996-01-26,49
1996-01-27,51
1996-01-28,49
1996-01-29,49
1996-01-30,49
1996-01-31,48
1996-02-01,49
1996-02-02,49
1996-02-03,49
1996-02-04,48
1996-02-05,49
1996-02-06,49
1996-02-07,51
1996-02-08,51
1996-02-09,51
1996-02-10,50
1996-02-11,51
1996-02-12,51
1996-02-13,51
1996-02-14,51
1996-02-15,52
1996-02-16,55
1996-02-17,55
1996-02-18,54
1996-02-19,56
1996-02-20,55
1996-02-21,55
1996-02-22,56
1996-02-23,57
1996-02-24,56
1996-02-25,54
1996-02-26,55
1996-02-27,55
1996-02-28,53
1996-02-29,57
1996-03-01,58
1996-03-02,58
1996-03-03,59
1996-03-04,57
1996-03-05,59
1996-03-06,57
1996-03-07,57
1996-03-08,59
1996-03-09,56
1996-03-10,57
1996-03-11,56
1996-03-12,54
1996-03-13,56
1996-03-14,56
1996-03-15,57
1996-03-16,58
1996-03-17,55
1996-03-18,54
1996-03-19,56
1996-03-20,59
1996-03-21,57
1996-03-22,59
1996-03-23,59
1996-03-24,57
1996-03-25,55
1996-03-26,55
1996-03-27,57
1996-03-28,62
1996-03-29,60
1996-03-30,58
1996-03-31,60
1996-04-01,62
1996-04-02,61
1996-04-03,60
1996-04-04,59
1996-04-05,57
1996-04-06,55
1996-04-07,54
1996-04-08,54
1996-04-09,53
1996-04-10,52
1996-04-11,53
1996-04-12,53
1996-04-13,52
1996-04-14,54
1996-04-15,57
1996-04-16,57
1996-04-17,56
1996-04-18,56
1996-04-19,57
1996-04-20,57
1996-04-21,57
1996-04-22,57
1996-04-23,57
1996-04-24,56
1996-04-25,55
1996-04-26,52
1996-04-27,50
1996-04-28,50
1996-04-29,51
1996-04-30,51
1996-05-01,49
1996-05-02,50
1996-05-03,50
1996-05-04,51
1996-05-05,49
1996-05-06,51
1996-05-07,51
1996-05-08,52
1996-05-09,52
1996-05-10,53
1996-05-11,54
1996-05-12,56
1996-05-13,54
1996-05-14,54
1996-05-15,54
1996-05-16,56
1996-05-17,57
1996-05-18,57
1996-05-19,55
1996-05-20,54
1996-05-21,55
1996-05-22,55
1996-05-23,56
1996-05-24,56
1996-05-25,55
1996-05-26,52
1996-05-27,54
1996-05-28,53
1996-05-29,51
1996-05-30,51
1996-05-31,52
1996-06-01,58
1996-06-02,58
1996-06-03,59
1996-06-04,56
1996-06-05,55
1996-06-06,54
1996-06-07,55
1996-06-08,55
1996-06-09,56
1996-06-10,58
1996-06-11,59
1996-06-12,59
1996-06-13,59
1996-06-14,60
1996-06-15,60
1996-06-16,59
1996-06-17,59
1996-06-18,60
1996-06-19,58
1996-06-20,59
1996-06-21,57
1996-06-22,58
1996-06-23,60
1996-06-24,61
1996-06-25,61
1996-06-26,61
1996-06-27,61
1996-06-28,62
1996-06-29,61
1996-06-30,62
1996-07-01,61
1996-07-02,59
1996-07-03,61
1996-07-04,61
1996-07-05,61
1996-07-06,60
1996-07-07,61
1996-07-08,60
1996-07-09,58
1996-07-10,57
1996-07-11,57
1996-07-12,60
1996-07-13,60
1996-07-14,63
1996-07-15,66
1996-07-16,68
1996-07-17,67
1996-07-18,66
1996-07-19,64
1996-07-20,66
1996-07-21,67
1996-07-22,66
1996-07-23,67
1996-07-24,67
1996-07-25,68
1996-07-26,69
1996-07-27,68
1996-07-28,66
1996-07-29,68
1996-07-30,69
1996-07-31,69
1996-08-01,66
1996-08-02,68
1996-08-03,68
1996-08-04,68
1996-08-05,67
1996-08-06,66
1996-08-07,67
1996-08-08,65
1996-08-09,65
1996-08-10,65
1996-08-11,64
1996-08-12,64
1996-08-13,62
1996-08-14,63
1996-08-15,66
1996-08-16,66
1996-08-17,66
1996-08-18,63
1996-08-19,63
1996-08-20,62
1996-08-21,63
1996-08-22,62
1996-08-23,62
1996-08-24,63
1996-08-25,64
1996-08-26,64
1996-08-27,63
1996-08-28,65
1996-08-29,66
1996-08-30,65
1996-08-31,64
1996-09-01,62
1996-09-02,61
1996-09-03,63
1996-09-04,64
1996-09-05,63
1996-09-06,63
1996-09-07,62
1996-09-08,64
1996-09-09,64
1996-09-10,64
1996-09-11,64
1996-09-12,63
1996-09-13,57
1996-09-14,61
1996-09-15,62
1996-09-16,63
1996-09-17,62
1996-09-18,63
1996-09-19,63
1996-09-20,64
1996-09-21,63
1996-09-22,62
1996-09-23,62
1996-09-24,62
1996-09-25,63
1996-09-26,65
1996-09-27,64
1996-09-28,63
1996-09-29,60
1996-09-30,58
1996-10-01,57
1996-10-02,57
1996-10-03,56
1996-10-04,58
1996-10-05,60
1996-10-06,60
1996-10-07,61
1996-10-08,60
1996-10-09,59
1996-10-10,60
1996-10-11,61
1996-10-12,61
1996-10-13,59
1996-10-14,59
1996-10-15,59
1996-10-16,59
1996-10-17,60
1996-10-18,60
1996-10-19,60
1996-10-20,58
1996-10-21,59
1996-10-22,57
1996-10-23,57
1996-10-24,59
1996-10-25,60
1996-10-26,57
1996-10-27,54
1996-10-28,55
1996-10-29,55
1996-10-30,56
1996-10-31,57
1996-11-01,59
1996-11-02,58
1996-11-03,55
1996-11-04,58
1996-11-05,59
1996-11-06,57
1996-11-07,58
1996-11-08,52
1996-11-09,52
1996-11-10,52
1996-11-11,54
1996-11-12,54
1996-11-13,55
1996-11-14,58
1996-11-15,60
1996-11-16,60
1996-11-17,59
1996-11-18,57
1996-11-19,55
1996-11-20,57
1996-11-21,57
1996-11-22,57
1996-11-23,58
1996-11-24,55
1996-11-25,57
1996-11-26,55
1996-11-27,54
1996-11-28,54
1996-11-29,53
1996-11-30,54
1996-12-01,54
1996-12-02,55
1996-12-03,54
1996-12-04,55
1996-12-05,54
1996-12-06,56
1996-12-07,54
1996-12-08,58
1996-12-09,58
1996-12-10,57
1996-12-11,56
1996-12-12,58
1996-12-13,57
1996-12-14,59
1996-12-15,59
1996-12-16,60
1996-12-17,61
1996-12-18,61
1996-12-19,62
1996-12-20,63
1996-12-21,64
1996-12-22,66
1996-12-23,65
1996-12-24,65
1996-12-25,63
1996-12-26,63
1996-12-27,61
1996-12-28,59
1996-12-29,61
1996-12-30,60
1996-12-31,62
1997-01-01,62
1997-01-02,64
1997-01-03,66
1997-01-04,66
1997-01-05,64
1997-01-06,63
1997-01-07,62
1997-01-08,62
1997-01-09,63
1997-01-10,62
1997-01-11,63
1997-01-12,62
1997-01-13,61
1997-01-14,63
1997-01-15,61
1997-01-16,62
1997-01-17,63
1997-01-18,64
1997-01-19,65
1997-01-20,65
1997-01-21,66
1997-01-22,67
1997-01-23,66
1997-01-24,66
1997-01-25,64
1997-01-26,64
1997-01-27,64
1997-01-28,65
1997-01-29,62
1997-01-30,62
1997-01-31,63
1997-02-01,63
1997-02-02,54
1997-02-03,59
1997-02-04,61
1997-02-05,60
1997-02-06,61
1997-02-07,63
1997-02-08,64
1997-02-09,64
1997-02-10,66
1997-02-11,66
1997-02-12,65
1997-02-13,65
1997-02-14,65
1997-02-15,64
1997-02-16,65
1997-02-17,65
1997-02-18,64
1997-02-19,68
1997-02-20,70
1997-02-21,67
1997-02-22,68
1997-02-23,68
1997-02-24,71
1997-02-25,66
1997-02-26,65
1997-02-27,65
1997-02-28,65
1997-03-01,64
1997-03-02,62
1997-03-03,58
1997-03-04,58
1997-03-05,55
1997-03-06,57
1997-03-07,58
1997-03-08,58
1997-03-09,62
1997-03-10,59
1997-03-11,60
1997-03-12,63
1997-03-13,64
1997-03-14,65
1997-03-15,65
1997-03-16,62
1997-03-17,64
1997-03-18,63
1997-03-19,61
1997-03-20,62
1997-03-21,62
1997-03-22,60
1997-03-23,60
1997-03-24,60
1997-03-25,61
1997-03-26,59
1997-03-27,62
1997-03-28,62
1997-03-29,62
1997-03-30,61
1997-03-31,61
1997-04-01,64
1997-04-02,62
1997-04-03,62
1997-04-04,62
1997-04-05,62
1997-04-06,64
1997-04-07,64
1997-04-08,63
1997-04-09,63
1997-04-10,64
1997-04-11,67
1997-04-12,68
1997-04-13,67
1997-04-14,68
1997-04-15,69
1997-04-16,67
1997-04-17,68
1997-04-18,67
1997-04-19,67
1997-04-20,66
1997-04-21,64
1997-04-22,68
1997-04-23,66
1997-04-24,68
1997-04-25,68
1997-04-26,67
1997-04-27,66
1997-04-28,68
1997-04-29,67
1997-04-30,68
1997-05-01,71
1997-05-02,70
1997-05-03,65
1997-05-04,64
1997-05-05,65
1997-05-06,65
1997-05-07,67
1997-05-08,66
1997-05-09,66
1997-05-10,67
1997-05-11,65
1997-05-12,70
1997-05-13,70
1997-05-14,71
1997-05-15,72
1997-05-16,71
1997-05-17,71
1997-05-18,71
1997-05-19,73
1997-05-20,71
1997-05-21,71
1997-05-22,70
1997-05-23,69
1997-05-24,69
1997-05-25,70
1997-05-26,69
1997-05-27,69
1997-05-28,69
1997-05-29,70
1997-05-30,69
1997-05-31,65
1997-06-01,64
1997-06-02,66
1997-06-03,64
1997-06-04,66
1997-06-05,65
1997-06-06,65
1997-06-07,65
1997-06-08,65
1997-06-09,67
1997-06-10,66
1997-06-11,66
1997-06-12,65
1997-06-13,65
1997-06-14,66
1997-06-15,64
1997-06-16,65
1997-06-17,64
1997-06-18,65
1997-06-19,64
1997-06-20,63
1997-06-21,63
1997-06-22,63
1997-06-23,65
1997-06-24,69
1997-06-25,69
1997-06-26,69
1997-06-27,65
1997-06-28,69
1997-06-29,70
1997-06-30,71
1997-07-01,71
1997-07-02,69
1997-07-03,70
1997-07-04,70
1997-07-05,70
1997-07-06,70
1997-07-07,70
1997-07-08,72
1997-07-09,74
1997-07-10,73
1997-07-11,71
1997-07-12,69
1997-07-13,68
1997-07-14,67
1997-07-15,67
1997-07-16,68
1997-07-17,69
1997-07-18,66
1997-07-19,66
1997-07-20,65
1997-07-21,67
1997-07-22,68
1997-07-23,70
1997-07-24,71
1997-07-25,72
1997-07-26,72
1997-07-27,71
1997-07-28,72
1997-07-29,73
1997-07-30,72
1997-07-31,74
1997-08-01,71
1997-08-02,72
1997-08-03,73
1997-08-04,72
1997-08-05,75
1997-08-06,76
1997-08-07,74
1997-08-08,77
1997-08-09,75
1997-08-10,75
1997-08-11,75
1997-08-12,74
1997-08-13,74
1997-08-14,72
1997-08-15,73
1997-08-16,70
1997-08-17,72
1997-08-18,72
1997-08-19,72
1997-08-20,73
1997-08-21,74
1997-08-22,73
1997-08-23,72
1997-08-24,73
1997-08-25,74
1997-08-26,75
1997-08-27,74
1997-08-28,73
1997-08-29,72
1997-08-30,72
1997-08-31,70
1997-09-01,72
1997-09-02,73
1997-09-03,71
1997-09-04,74
1997-09-05,77
1997-09-06,75
1997-09-07,74
1997-09-08,71
1997-09-09,72
1997-09-10,71
1997-09-11,73
1997-09-12,72
1997-09-13,71
1997-09-14,73
1997-09-15,72
1997-09-16,74
1997-09-17,76
1997-09-18,74
1997-09-19,78
1997-09-20,77
1997-09-21,76
1997-09-22,77
1997-09-23,76
1997-09-24,73
1997-09-25,73
1997-09-26,71
1997-09-27,72
1997-09-28,72
1997-09-29,71
1997-09-30,73
1997-10-01,72
1997-10-02,74
1997-10-03,75
1997-10-04,74
1997-10-05,74
1997-10-06,73
1997-10-07,73
1997-10-08,71
1997-10-09,72
1997-10-10,71
1997-10-11,67
1997-10-12,68
1997-10-13,69
1997-10-14,70
1997-10-15,71
1997-10-16,72
1997-10-17,75
1997-10-18,73
1997-10-19,72
1997-10-20,74
1997-10-21,76
1997-10-22,75
1997-10-23,79
1997-10-24,77
1997-10-25,76
1997-10-26,77
1997-10-27,77
1997-10-28,75
1997-10-29,75
1997-10-30,75
1997-10-31,74
1997-11-01,74
1997-11-02,74
1997-11-03,72
1997-11-04,73
1997-11-05,71
1997-11-06,71
1997-11-07,71
1997-11-08,72
1997-11-09,72
1997-11-10,73
1997-11-11,73
1997-11-12,74
1997-11-13,74
1997-11-14,76
1997-11-15,75
1997-11-16,75
1997-11-17,72
1997-11-18,71
1997-11-19,71
1997-11-20,70
1997-11-21,69
1997-11-22,69
1997-11-23,69
1997-11-24,66
1997-11-25,68
1997-11-26,68
1997-11-27,68
1997-11-28,68
1997-11-29,69
1997-11-30,69
1997-12-01,70
1997-12-02,72
1997-12-03,72
1997-12-04,73
1997-12-05,73
1997-12-06,71
1997-12-07,69
1997-12-08,68
1997-12-09,70
1997-12-10,68
1997-12-11,70
1997-12-12,71
1997-12-13,69
1997-12-14,69
1997-12-15,72
1997-12-16,72
1997-12-17,73
1997-12-18,73
1997-12-19,72
1997-12-20,73
1997-12-21,73
1997-12-22,73
1997-12-23,75
1997-12-24,76
1997-12-25,75
1997-12-26,71
1997-12-27,67
1997-12-28,67
1997-12-29,66
1997-12-30,70
1997-12-31,70
1998-01-01,71
1998-01-02,69
1998-01-03,69
1998-01-04,71
1998-01-05,71
1998-01-06,73
1998-01-07,72
1998-01-08,70
1998-01-09,73
1998-01-10,69
1998-01-11,70
1998-01-12,72
1998-01-13,71
1998-01-14,72
1998-01-15,73
1998-01-16,72
1998-01-17,72
1998-01-18,71
1998-01-19,70
1998-01-20,69
1998-01-21,72
1998-01-22,64
1998-01-23,71
1998-01-24,71
1998-01-25,70
1998-01-26,72
1998-01-27,70
1998-01-28,68
1998-01-29,69
1998-01-30,67
1998-01-31,67
1998-02-01,72
1998-02-02,71
1998-02-03,68
1998-02-04,69
1998-02-05,71
1998-02-06,70
1998-02-07,72
1998-02-08,72
1998-02-09,71
1998-02-10,75
1998-02-11,74
1998-02-12,79
1998-02-13,80
1998-02-14,79
1998-02-15,79
1998-02-16,79
1998-02-17,77
1998-02-18,78
1998-02-19,78
1998-02-20,78
1998-02-21,75
1998-02-22,73
1998-02-23,72
1998-02-24,73
1998-02-25,77
1998-02-26,78
1998-02-27,78
1998-02-28,77
1998-03-01,77
1998-03-02,77
1998-03-03,79
1998-03-04,81
1998-03-05,79
1998-03-06,80
1998-03-07,75
1998-03-08,75
1998-03-09,77
1998-03-10,78
1998-03-11,78
1998-03-12,78
1998-03-13,78
1998-03-14,74
1998-03-15,75
1998-03-16,73
1998-03-17,75
1998-03-18,75
1998-03-19,75
1998-03-20,74
1998-03-21,75
1998-03-22,72
1998-03-23,75
1998-03-24,75
1998-03-25,75
1998-03-26,75
1998-03-27,74
1998-03-28,75
1998-03-29,74
1998-03-30,72
1998-03-31,70
1998-04-01,70
1998-04-02,69
1998-04-03,72
1998-04-04,70
1998-04-05,69
1998-04-06,70
1998-04-07,71
1998-04-08,73
1998-04-09,70
1998-04-10,70
1998-04-11,71
1998-04-12,73
1998-04-13,73
1998-04-14,73
1998-04-15,75
1998-04-16,75
1998-04-17,77
1998-04-18,77
1998-04-19,78
1998-04-20,76
1998-04-21,76
1998-04-22,72
1998-04-23,74
1998-04-24,70
1998-04-25,68
1998-04-26,70
1998-04-27,70
1998-04-28,65
1998-04-29,65
1998-04-30,65
1998-05-01,67
1998-05-02,69
1998-05-03,68
1998-05-04,69
1998-05-05,68
1998-05-06,70
1998-05-07,71
1998-05-08,69
1998-05-09,71
1998-05-10,69
1998-05-11,72
1998-05-12,72
1998-05-13,73
1998-05-14,74
1998-05-15,75
1998-05-16,74
1998-05-17,73
1998-05-18,73
1998-05-19,73
1998-05-20,73
1998-05-21,74
1998-05-22,75
1998-05-23,75
1998-05-24,75
1998-05-25,78
1998-05-26,78
1998-05-27,77
1998-05-28,73
1998-05-29,74
1998-05-30,73
1998-05-31,76
1998-06-01,79
1998-06-02,79
1998-06-03,78
1998-06-04,77
1998-06-05,78
1998-06-06,76
1998-06-07,77
1998-06-08,76
1998-06-09,77
1998-06-10,79
1998-06-11,79
1998-06-12,80
1998-06-13,79
1998-06-14,79
1998-06-15,78
1998-06-16,82
1998-06-17,81
1998-06-18,82
1998-06-19,81
1998-06-20,80
1998-06-21,82
1998-06-22,83
1998-06-23,80
1998-06-24,79
1998-06-25,80
1998-06-26,77
1998-06-27,78
1998-06-28,75
1998-06-29,76
1998-06-30,75
1998-07-01,73
1998-07-02,70
1998-07-03,72
1998-07-04,72
1998-07-05,72
1998-07-06,73
1998-07-07,75
1998-07-08,76
1998-07-09,78
1998-07-10,78
1998-07-11,77
1998-07-12,80
1998-07-13,81
1998-07-14,78
1998-07-15,80
1998-07-16,80
1998-07-17,83
1998-07-18,81
1998-07-19,80
1998-07-20,78
1998-07-21,78
1998-07-22,75
1998-07-23,77
1998-07-24,80
1998-07-25,77
1998-07-26,77
1998-07-27,74
1998-07-28,79
1998-07-29,78
1998-07-30,77
1998-07-31,72
1998-08-01,79
1998-08-02,78
1998-08-03,80
1998-08-04,81
1998-08-05,80
1998-08-06,77
1998-08-07,76
1998-08-08,75
1998-08-09,74
1998-08-10,76
1998-08-11,77
1998-08-12,79
1998-08-13,81
1998-08-14,79
1998-08-15,81
1998-08-16,79
1998-08-17,81
1998-08-18,81
1998-08-19,81
1998-08-20,79
1998-08-21,78
1998-08-22,75
1998-08-23,76
1998-08-24,78
1998-08-25,79
1998-08-26,75
1998-08-27,76
1998-08-28,78
1998-08-29,78
1998-08-30,78
1998-08-31,81
1998-09-01,81
1998-09-02,80
1998-09-03,83
1998-09-04,81
1998-09-05,83
1998-09-06,81
1998-09-07,82
1998-09-08,82
1998-09-09,79
1998-09-10,69
1998-09-11,78
1998-09-12,78
1998-09-13,78
1998-09-14,79
1998-09-15,83
1998-09-16,85
1998-09-17,87
1998-09-18,87
1998-09-19,86
1998-09-20,86
1998-09-21,85
1998-09-22,86
1998-09-23,87
1998-09-24,87
1998-09-25,86
1998-09-26,83
1998-09-27,83
1998-09-28,85
1998-09-29,85
1998-09-30,86
1998-10-01,88
1998-10-02,86
1998-10-03,85
1998-10-04,83
1998-10-05,85
1998-10-06,85
1998-10-07,86
1998-10-08,88
1998-10-09,89
1998-10-10,90
1998-10-11,92
1998-10-12,92
1998-10-13,90
1998-10-14,90
1998-10-15,88
1998-10-16,89
1998-10-17,88
1998-10-18,86
1998-10-19,85
1998-10-20,86
1998-10-21,87
1998-10-22,88
1998-10-23,87
1998-10-24,84
1998-10-25,86
1998-10-26,87
1998-10-27,88
1998-10-28,89
1998-10-29,91
1998-10-30,89
1998-10-31,89
1998-11-01,87
1998-11-02,86
1998-11-03,85
1998-11-04,85
1998-11-05,85
1998-11-06,87
1998-11-07,87
1998-11-08,86
1998-11-09,89
1998-11-10,86
1998-11-11,86
1998-11-12,87
1998-11-13,86
1998-11-14,85
1998-11-15,84
1998-11-16,86
1998-11-17,85
1998-11-18,85
1998-11-19,87
1998-11-20,88
1998-11-21,84
1998-11-22,83
1998-11-23,85
1998-11-24,83
1998-11-25,73
1998-11-26,70
1998-11-27,81
1998-11-28,81
1998-11-29,81
1998-11-30,73
1998-12-01,84
1998-12-02,83
1998-12-03,81
1998-12-04,81
1998-12-05,81
1998-12-06,80
1998-12-07,76
1998-12-08,83
1998-12-09,80
1998-12-10,80
1998-12-11,81
1998-12-12,80
1998-12-13,80
1998-12-14,82
1998-12-15,82
1998-12-16,84
1998-12-17,83
1998-12-18,83
1998-12-19,81
1998-12-20,84
1998-12-21,83
1998-12-22,81
1998-12-23,79
1998-12-24,81
1998-12-25,81
1998-12-26,80
1998-12-27,80
1998-12-28,80
1998-12-29,79
1998-12-30,79
1998-12-31,80
1999-01-01,81
1999-01-02,81
1999-01-03,81
1999-01-04,82
1999-01-05,81
1999-01-06,82
1999-01-07,86
1999-01-08,83
1999-01-09,80
1999-01-10,83
1999-01-11,85
1999-01-12,88
1999-01-13,87
1999-01-14,87
1999-01-15,85
1999-01-16,86
1999-01-17,90
1999-01-18,90
1999-01-19,87
1999-01-20,84
1999-01-21,86
1999-01-22,87
1999-01-23,88
1999-01-24,91
1999-01-25,90
1999-01-26,91
1999-01-27,88
1999-01-28,87
1999-01-29,87
1999-01-30,87
1999-01-31,88
1999-02-01,89
1999-02-02,88
1999-02-03,88
1999-02-04,88
1999-02-05,84
1999-02-06,84
1999-02-07,86
1999-02-08,86
1999-02-09,88
1999-02-10,85
1999-02-11,83
1999-02-12,84
1999-02-13,84
1999-02-14,85
1999-02-15,85
1999-02-16,85
1999-02-17,89
1999-02-18,89
1999-02-19,89
1999-02-20,87
1999-02-21,88
1999-02-22,87
1999-02-23,88
1999-02-24,89
1999-02-25,89
1999-02-26,85
1999-02-27,85
1999-02-28,87
1999-03-01,89
1999-03-02,91
1999-03-03,88
1999-03-04,89
1999-03-05,88
1999-03-06,89
1999-03-07,90
1999-03-08,90
1999-03-09,91
1999-03-10,89
1999-03-11,88
1999-03-12,88
1999-03-13,89
1999-03-14,87
1999-03-15,89
1999-03-16,89
1999-03-17,89
1999-03-18,88
1999-03-19,89
1999-03-20,88
1999-03-21,88
1999-03-22,89
1999-03-23,91
1999-03-24,92
1999-03-25,92
1999-03-26,91
1999-03-27,92
1999-03-28,92
1999-03-29,91
1999-03-30,92
1999-03-31,89
1999-04-01,88
1999-04-02,88
1999-04-03,87
1999-04-04,85
1999-04-05,85
1999-04-06,87
1999-04-07,88
1999-04-08,88
1999-04-09,86
1999-04-10,87
1999-04-11,82
1999-04-12,83
1999-04-13,85
1999-04-14,84
1999-04-15,84
1999-04-16,84
1999-04-17,82
1999-04-18,80
1999-04-19,79
1999-04-20,79
1999-04-21,79
1999-04-22,82
1999-04-23,82
1999-04-24,79
1999-04-25,80
1999-04-26,80
1999-04-27,84
1999-04-28,83
1999-04-29,82
1999-04-30,82
1999-05-01,82
1999-05-02,81
1999-05-03,84
1999-05-04,84
1999-05-05,86
1999-05-06,85
1999-05-07,83
1999-05-08,83
1999-05-09,83
1999-05-10,83
1999-05-11,84
1999-05-12,86
1999-05-13,87
1999-05-14,86
1999-05-15,86
1999-05-16,86
1999-05-17,86
1999-05-18,85
1999-05-19,85
1999-05-20,85
1999-05-21,86
1999-05-22,86
1999-05-23,84
1999-05-24,83
1999-05-25,84
1999-05-26,82
1999-05-27,82
1999-05-28,84
1999-05-29,82
1999-05-30,80
1999-05-31,82
1999-06-01,80
1999-06-02,82
1999-06-03,81
1999-06-04,78
1999-06-05,75
1999-06-06,77
1999-06-07,76
1999-06-08,76
1999-06-09,75
1999-06-10,77
1999-06-11,76
1999-06-12,76
1999-06-13,75
1999-06-14,75
1999-06-15,77
1999-06-16,78
1999-06-17,80
1999-06-18,79
1999-06-19,76
1999-06-20,77
1999-06-21,77
1999-06-22,78
1999-06-23,77
1999-06-24,75
1999-06-25,73
1999-06-26,72
1999-06-27,72
1999-06-28,72
1999-06-29,76
1999-06-30,77
1999-07-01,76
1999-07-02,77
1999-07-03,78
1999-07-04,77
1999-07-05,79
1999-07-06,78
1999-07-07,77
1999-07-08,78
1999-07-09,78
1999-07-10,77
1999-07-11,78
1999-07-12,78
1999-07-13,76
1999-07-14,78
1999-07-15,77
1999-07-16,79
1999-07-17,77
1999-07-18,79
1999-07-19,80
1999-07-20,78
1999-07-21,79
1999-07-22,80
1999-07-23,80
1999-07-24,78
1999-07-25,80
1999-07-26,83
1999-07-27,80
1999-07-28,82
1999-07-29,85
1999-07-30,89
1999-07-31,88
1999-08-01,85
1999-08-02,88
1999-08-03,89
1999-08-04,89
1999-08-05,89
1999-08-06,90
1999-08-07,89
1999-08-08,86
1999-08-09,86
1999-08-10,86
1999-08-11,85
1999-08-12,88
1999-08-13,88
1999-08-14,87
1999-08-15,87
1999-08-16,86
1999-08-17,84
1999-08-18,83
1999-08-19,83
1999-08-20,86
1999-08-21,84
1999-08-22,85
1999-08-23,86
1999-08-24,83
1999-08-25,84
1999-08-26,85
1999-08-27,84
1999-08-28,85
1999-08-29,86
1999-08-30,85
1999-08-31,84
1999-09-01,83
1999-09-02,80
1999-09-03,82
1999-09-04,82
1999-09-05,81
1999-09-06,79
1999-09-07,79
1999-09-08,76
1999-09-09,76
1999-09-10,78
1999-09-11,77
1999-09-12,79
1999-09-13,80
1999-09-14,80
1999-09-15,79
1999-09-16,78
1999-09-17,78
1999-09-18,79
1999-09-19,77
1999-09-20,78
1999-09-21,78
1999-09-22,78
1999-09-23,76
1999-09-24,77
1999-09-25,77
1999-09-26,75
1999-09-27,77
1999-09-28,78
1999-09-29,76
1999-09-30,77
1999-10-01,76
1999-10-02,77
1999-10-03,77
1999-10-04,77
1999-10-05,78
1999-10-06,78
1999-10-07,81
1999-10-08,79
1999-10-09,79
1999-10-10,80
1999-10-11,77
1999-10-12,77
1999-10-13,77
1999-10-14,77
1999-10-15,78
1999-10-16,78
1999-10-17,81
1999-10-18,83
1999-10-19,82
1999-10-20,80
1999-10-21,81
1999-10-22,81
1999-10-23,82
1999-10-24,81
1999-10-25,81
1999-10-26,81
1999-10-27,81
1999-10-28,81
1999-10-29,83
1999-10-30,84
1999-10-31,86
1999-11-01,85
1999-11-02,85
1999-11-03,84
1999-11-04,85
1999-11-05,87
1999-11-06,86
1999-11-07,87
1999-11-08,87
1999-11-09,86
1999-11-10,84
1999-11-11,82
1999-11-12,82
1999-11-13,83
1999-11-14,84
1999-11-15,84
1999-11-16,84
1999-11-17,84
1999-11-18,83
1999-11-19,83
1999-11-20,84
1999-11-21,84
1999-11-22,84
1999-11-23,86
1999-11-24,85
1999-11-25,85
1999-11-26,83
1999-11-27,83
1999-11-28,83
1999-11-29,84
1999-11-30,84
1999-12-01,83
1999-12-02,81
1999-12-03,83
1999-12-04,84
1999-12-05,83
1999-12-06,85
1999-12-07,86
1999-12-08,85
1999-12-09,84
1999-12-10,85
1999-12-11,85
1999-12-12,85
1999-12-13,85
1999-12-14,85
1999-12-15,82
1999-12-16,79
1999-12-17,80
1999-12-18,82
1999-12-19,84
1999-12-20,83
1999-12-21,80
1999-12-22,84
1999-12-23,84
1999-12-24,84
1999-12-25,85
1999-12-26,86
1999-12-27,86
1999-12-28,86
1999-12-29,84
1999-12-30,85
1999-12-31,87
2000-01-01,88
2000-01-02,84
2000-01-03,84
2000-01-04,84
2000-01-05,84
2000-01-06,83
2000-01-07,85
2000-01-08,86
2000-01-09,87
2000-01-10,88
2000-01-11,88
2000-01-12,87
2000-01-13,87
2000-01-14,87
2000-01-15,86
2000-01-16,84
2000-01-17,86
2000-01-18,87
2000-01-19,89
2000-01-20,90
2000-01-21,90
2000-01-22,90
2000-01-23,91
2000-01-24,93
2000-01-25,93
2000-01-26,92
2000-01-27,95
2000-01-28,96
2000-01-29,94
2000-01-30,93
2000-01-31,96
2000-02-01,95
2000-02-02,94
2000-02-03,93
2000-02-04,93
2000-02-05,91
2000-02-06,90
2000-02-07,91
2000-02-08,90
2000-02-09,92
2000-02-10,94
2000-02-11,95
2000-02-12,95
2000-02-13,92
2000-02-14,95
2000-02-15,91
2000-02-16,91
2000-02-17,91
2000-02-18,91
2000-02-19,90
2000-02-20,91
2000-02-21,91
2000-02-22,93
2000-02-23,94
2000-02-24,95
2000-02-25,94
2000-02-26,93
2000-02-27,93
2000-02-28,93
2000-02-29,92
2000-03-01,92
2000-03-02,94
2000-03-03,95
2000-03-04,94
2000-03-05,92
2000-03-06,93
2000-03-07,94
2000-03-08,94
2000-03-09,91
2000-03-10,92
2000-03-11,92
2000-03-12,93
2000-03-13,93
2000-03-14,93
2000-03-15,93
2000-03-16,94
2000-03-17,93
2000-03-18,92
2000-03-19,92
2000-03-20,93
2000-03-21,92
2000-03-22,91
2000-03-23,91
2000-03-24,90
2000-03-25,90
2000-03-26,92
2000-03-27,92
2000-03-28,91
2000-03-29,90
2000-03-30,90
2000-03-31,86
2000-04-01,89
2000-04-02,89
2000-04-03,89
2000-04-04,90
2000-04-05,90
2000-04-06,90
2000-04-07,91
2000-04-08,90
2000-04-09,91
2000-04-10,90
2000-04-11,90
2000-04-12,88
2000-04-13,90
2000-04-14,88
2000-04-15,90
2000-04-16,89
2000-04-17,88
2000-04-18,89
2000-04-19,89
2000-04-20,88
2000-04-21,88
2000-04-22,88
2000-04-23,87
2000-04-24,88
2000-04-25,87
2000-04-26,84
2000-04-27,86
2000-04-28,86
2000-04-29,85
2000-04-30,85
2000-05-01,83
2000-05-02,81
2000-05-03,84
2000-05-04,86
2000-05-05,87
2000-05-06,86
2000-05-07,84
2000-05-08,84
2000-05-09,84
2000-05-10,86
2000-05-11,85
2000-05-12,87
2000-05-13,86
2000-05-14,87
2000-05-15,87
2000-05-16,87
2000-05-17,87
2000-05-18,87
2000-05-19,88
2000-05-20,88
2000-05-21,87
2000-05-22,85
2000-05-23,87
2000-05-24,86
2000-05-25,88
2000-05-26,88
2000-05-27,88
2000-05-28,88
2000-05-29,88
2000-05-30,88
2000-05-31,88
2000-06-01,87
2000-06-02,86
2000-06-03,86
2000-06-04,87
2000-06-05,87
2000-06-06,87
2000-06-07,86
2000-06-08,87
2000-06-09,86
2000-06-10,83
2000-06-11,84
2000-06-12,84
2000-06-13,86
2000-06-14,85
2000-06-15,86
2000-06-16,84
2000-06-17,83
2000-06-18,84
2000-06-19,84
2000-06-20,86
2000-06-21,85
2000-06-22,87
2000-06-23,88
2000-06-24,89
2000-06-25,87
2000-06-26,89
2000-06-27,91
2000-06-28,90
2000-06-29,90
2000-06-30,90
2000-07-01,88
2000-07-02,88
2000-07-03,86
2000-07-04,87
2000-07-05,88
2000-07-06,88
2000-07-07,88
2000-07-08,87
2000-07-09,85
2000-07-10,87
2000-07-11,87
2000-07-12,85
2000-07-13,89
2000-07-14,88
2000-07-15,87
2000-07-16,86
2000-07-17,85
2000-07-18,86
2000-07-19,91
2000-07-20,89
2000-07-21,91
2000-07-22,91
2000-07-23,89
2000-07-24,89
2000-07-25,90
2000-07-26,91
2000-07-27,91
2000-07-28,89
2000-07-29,87
2000-07-30,86
2000-07-31,86
2000-08-01,89
2000-08-02,89
2000-08-03,89
2000-08-04,89
2000-08-05,87
2000-08-06,87
2000-08-07,88
2000-08-08,91
2000-08-09,89
2000-08-10,88
2000-08-11,88
2000-08-12,88
2000-08-13,89
2000-08-14,92
2000-08-15,92
2000-08-16,91
2000-08-17,92
2000-08-18,90
2000-08-19,91
2000-08-20,92
2000-08-21,92
2000-08-22,91
2000-08-23,91
2000-08-24,89
2000-08-25,90
2000-08-26,88
2000-08-27,89
2000-08-28,91
2000-08-29,92
2000-08-30,92
2000-08-31,91
2000-09-01,92
2000-09-02,90
2000-09-03,91
2000-09-04,92
2000-09-05,91
2000-09-06,92
2000-09-07,88
2000-09-08,87
2000-09-09,86
2000-09-10,87
2000-09-11,87
2000-09-12,87
2000-09-13,88
2000-09-14,90
2000-09-15,89
2000-09-16,88
2000-09-17,86
2000-09-18,88
2000-09-19,89
2000-09-20,88
2000-09-21,89
2000-09-22,92
2000-09-23,92
2000-09-24,90
2000-09-25,90
2000-09-26,90
2000-09-27,91
2000-09-28,95
2000-09-29,94
2000-09-30,91
2000-10-01,89
2000-10-02,88
2000-10-03,93
2000-10-04,92
2000-10-05,93
2000-10-06,93
2000-10-07,95
2000-10-08,93
2000-10-09,94
2000-10-10,94
2000-10-11,93
2000-10-12,91
2000-10-13,93
2000-10-14,93
2000-10-15,93
2000-10-16,89
2000-10-17,87
2000-10-18,87
2000-10-19,88
2000-10-20,89
2000-10-21,89
2000-10-22,88
2000-10-23,88
2000-10-24,90
2000-10-25,89
2000-10-26,88
2000-10-27,88
2000-10-28,89
2000-10-29,89
2000-10-30,90
2000-10-31,90
2000-11-01,90
2000-11-02,91
2000-11-03,91
2000-11-04,92
2000-11-05,94
2000-11-06,94
2000-11-07,93
2000-11-08,93
2000-11-09,91
2000-11-10,94
2000-11-11,96
2000-11-12,93
2000-11-13,92
2000-11-14,91
2000-11-15,92
2000-11-16,93
2000-11-17,92
2000-11-18,92
2000-11-19,92
2000-11-20,92
2000-11-21,92
2000-11-22,92
2000-11-23,91
2000-11-24,91
2000-11-25,92
2000-11-26,94
2000-11-27,93
2000-11-28,94
2000-11-29,94
2000-11-30,96
2000-12-01,95
2000-12-02,96
2000-12-03,94
2000-12-04,97
2000-12-05,95
2000-12-06,94
2000-12-07,93
2000-12-08,94
2000-12-09,94
2000-12-10,93
2000-12-11,94
2000-12-12,96
2000-12-13,97
2000-12-14,97
2000-12-15,97
2000-12-16,98
2000-12-17,94
2000-12-18,94
2000-12-19,92
2000-12-20,90
2000-12-21,90
2000-12-22,91
2000-12-23,91
2000-12-24,91
2000-12-25,92
2000-12-26,95
2000-12-27,96
2000-12-28,96
2000-12-29,96
2000-12-30,97
2000-12-31,96
2001-01-01,96
2001-01-02,96
2001-01-03,93
2001-01-04,91
2001-01-05,91
2001-01-06,90
2001-01-07,90
2001-01-08,92
2001-01-09,94
2001-01-10,94
2001-01-11,93
2001-01-12,95
2001-01-13,96
2001-01-14,96
2001-01-15,96
2001-01-16,94
2001-01-17,93
2001-01-18,93
2001-01-19,92
2001-01-20,94
2001-01-21,92
2001-01-22,94
2001-01-23,94
2001-01-24,96
2001-01-25,94
2001-01-26,93
2001-01-27,91
2001-01-28,92
2001-01-29,94
2001-01-30,94
2001-01-31,94
2001-02-01,94
2001-02-02,94
2001-02-03,92
2001-02-04,93
2001-02-05,92
2001-02-06,91
2001-02-07,92
2001-02-08,94
2001-02-09,92
2001-02-10,91
2001-02-11,91
2001-02-12,93
2001-02-13,94
2001-02-14,95
2001-02-15,96
2001-02-16,92
2001-02-17,92
2001-02-18,96
2001-02-19,96
2001-02-20,94
2001-02-21,92
2001-02-22,91
2001-02-23,91
2001-02-24,92
2001-02-25,92
2001-02-26,92
2001-02-27,91
2001-02-28,96
2001-03-01,95
2001-03-02,94
2001-03-03,93
2001-03-04,93
2001-03-05,94
2001-03-06,95
2001-03-07,95
2001-03-08,95
2001-03-09,93
2001-03-10,93
2001-03-11,93
2001-03-12,91
2001-03-13,93
2001-03-14,94
2001-03-15,96
2001-03-16,97
2001-03-17,96
2001-03-18,94
2001-03-19,96
2001-03-20,97
2001-03-21,97
2001-03-22,96
2001-03-23,100
2001-03-24,98
2001-03-25,96
2001-03-26,96
2001-03-27,100
2001-03-28,98
2001-03-29,100
2001-03-30,101
2001-03-31,99
2001-04-01,98
2001-04-02,96
2001-04-03,97
2001-04-04,98
2001-04-05,99
2001-04-06,99
2001-04-07,98
2001-04-08,98
2001-04-09,99
2001-04-10,101
2001-04-11,96
2001-04-12,97
2001-04-13,98
2001-04-14,98
2001-04-15,96
2001-04-16,96
2001-04-17,95
2001-04-18,94
2001-04-19,94
2001-04-20,93
2001-04-21,96
2001-04-22,95
2001-04-23,96
2001-04-24,97
2001-04-25,96
2001-04-26,95
2001-04-27,95
2001-04-28,94
2001-04-29,92
2001-04-30,93
2001-05-01,95
2001-05-02,96
2001-05-03,96
2001-05-04,98
2001-05-05,97
2001-05-06,96
2001-05-07,97
2001-05-08,97
2001-05-09,97
2001-05-10,97
2001-05-11,97
2001-05-12,96
2001-05-13,95
2001-05-14,94
2001-05-15,95
2001-05-16,96
2001-05-17,98
2001-05-18,95
2001-05-19,90
2001-05-20,90
2001-05-21,91
2001-05-22,91
2001-05-23,92
2001-05-24,91
2001-05-25,92
2001-05-26,91
2001-05-27,91
2001-05-28,91
2001-05-29,92
2001-05-30,92
2001-05-31,90
2001-06-01,92
2001-06-02,92
2001-06-03,91
2001-06-04,94
2001-06-05,95
2001-06-06,96
2001-06-07,97
2001-06-08,99
2001-06-09,100
2001-06-10,98
2001-06-11,100
2001-06-12,101
2001-06-13,102
2001-06-14,100
2001-06-15,99
2001-06-16,100
2001-06-17,101
2001-06-18,99
2001-06-19,100
2001-06-20,99
2001-06-21,97
2001-06-22,96
2001-06-23,95
2001-06-24,92
2001-06-25,93
2001-06-26,96
2001-06-27,95
2001-06-28,95
2001-06-29,96
2001-06-30,94
2001-07-01,95
2001-07-02,96
2001-07-03,94
2001-07-04,93
2001-07-05,92
2001-07-06,93
2001-07-07,95
2001-07-08,94
2001-07-09,95
2001-07-10,95
2001-07-11,95
2001-07-12,95
2001-07-13,96
2001-07-14,95
2001-07-15,95
2001-07-16,94
2001-07-17,90
2001-07-18,87
2001-07-19,90
2001-07-20,89
2001-07-21,88
2001-07-22,90
2001-07-23,88
2001-07-24,88
2001-07-25,89
2001-07-26,88
2001-07-27,89
2001-07-28,90
2001-07-29,89
2001-07-30,88
2001-07-31,87
2001-08-01,88
2001-08-02,89
2001-08-03,91
2001-08-04,87
2001-08-05,88
2001-08-06,89
2001-08-07,88
2001-08-08,90
2001-08-09,87
2001-08-10,87
2001-08-11,87
2001-08-12,88
2001-08-13,85
2001-08-14,85
2001-08-15,84
2001-08-16,86
2001-08-17,88
2001-08-18,87
2001-08-19,88
2001-08-20,89
2001-08-21,86
2001-08-22,87
2001-08-23,89
2001-08-24,89
2001-08-25,89
2001-08-26,88
2001-08-27,88
2001-08-28,86
2001-08-29,88
2001-08-30,87
2001-08-31,88
2001-09-01,87
2001-09-02,88
2001-09-03,88
2001-09-04,88
2001-09-05,91
2001-09-06,92
2001-09-07,92
2001-09-08,91
2001-09-09,90
2001-09-10,90
2001-09-11,92
2001-09-12,93
2001-09-13,89
2001-09-14,91
2001-09-15,91
2001-09-16,90
2001-09-17,89
2001-09-18,90
2001-09-19,89
2001-09-20,91
2001-09-21,90
2001-09-22,89
2001-09-23,89
2001-09-24,87
2001-09-25,85
2001-09-26,89
2001-09-27,89
2001-09-28,88
2001-09-29,88
2001-09-30,88
2001-10-01,89
2001-10-02,92
2001-10-03,92
2001-10-04,91
2001-10-05,90
2001-10-06,92
2001-10-07,93
2001-10-08,92
2001-10-09,90
2001-10-10,90
2001-10-11,90
2001-10-12,92
2001-10-13,87
2001-10-14,87
2001-10-15,88
2001-10-16,88
2001-10-17,89
2001-10-18,89
2001-10-19,87
2001-10-20,85
2001-10-21,86
2001-10-22,85
2001-10-23,88
2001-10-24,93
2001-10-25,92
2001-10-26,88
2001-10-27,85
2001-10-28,85
2001-10-29,86
2001-10-30,86
2001-10-31,88
2001-11-01,90
2001-11-02,91
2001-11-03,90
2001-11-04,90
2001-11-05,89
2001-11-06,89
2001-11-07,89
2001-11-08,90
2001-11-09,91
2001-11-10,90
2001-11-11,89
2001-11-12,92
2001-11-13,94
2001-11-14,93
2001-11-15,93
2001-11-16,93
2001-11-17,94
2001-11-18,95
2001-11-19,96
2001-11-20,96
2001-11-21,96
2001-11-22,95
2001-11-23,96
2001-11-24,92
2001-11-25,93
2001-11-26,94
2001-11-27,93
2001-11-28,93
2001-11-29,91
2001-11-30,91
2001-12-01,92
2001-12-02,92
2001-12-03,93
2001-12-04,95
2001-12-05,97
2001-12-06,97
2001-12-07,96
2001-12-08,97
2001-12-09,99
2001-12-10,99
2001-12-11,97
2001-12-12,100
2001-12-13,99
2001-12-14,102
2001-12-15,101
2001-12-16,100
2001-12-17,105
2001-12-18,104
2001-12-19,104
2001-12-20,104
2001-12-21,107
2001-12-22,107
2001-12-23,107
2001-12-24,107
2001-12-25,105
2001-12-26,107
2001-12-27,105
2001-12-28,106
2001-12-29,105
2001-12-30,106
2001-12-31,105
2002-01-01,108
2002-01-02,107
2002-01-03,109
2002-01-04,108
2002-01-05,109
2002-01-06,108
2002-01-07,110
2002-01-08,110
2002-01-09,107
2002-01-10,107
2002-01-11,107
2002-01-12,105
2002-01-13,107
2002-01-14,106
2002-01-15,108
2002-01-16,108
2002-01-17,108
2002-01-18,109
2002-01-19,110
2002-01-20,108
2002-01-21,108
2002-01-22,108
2002-01-23,110
2002-01-24,109
2002-01-25,107
2002-01-26,106
2002-01-27,106
2002-01-28,107
2002-01-29,107
2002-01-30,106
2002-01-31,108
2002-02-01,108
2002-02-02,109
2002-02-03,109
2002-02-04,108
2002-02-05,107
2002-02-06,105
2002-02-07,108
2002-02-08,108
2002-02-09,104
2002-02-10,101
2002-02-11,103
2002-02-12,102
2002-02-13,105
2002-02-14,105
2002-02-15,106
2002-02-16,107
2002-02-17,106
2002-02-18,110
2002-02-19,108
2002-02-20,110
2002-02-21,109
2002-02-22,107
2002-02-23,108
2002-02-24,109
2002-02-25,110
2002-02-26,110
2002-02-27,108
2002-02-28,106
2002-03-01,110
2002-03-02,108
2002-03-03,110
2002-03-04,108
2002-03-05,108
2002-03-06,106
2002-03-07,108
2002-03-08,105
2002-03-09,105
2002-03-10,105
2002-03-11,103
2002-03-12,106
2002-03-13,107
2002-03-14,110
2002-03-15,109
2002-03-16,110
2002-03-17,110
2002-03-18,112
2002-03-19,109
2002-03-20,109
2002-03-21,110
2002-03-22,108
2002-03-23,109
2002-03-24,108
2002-03-25,109
2002-03-26,106
2002-03-27,108
2002-03-28,110
2002-03-29,109
2002-03-30,107
2002-03-31,107
2002-04-01,108
2002-04-02,107
2002-04-03,104
2002-04-04,106
2002-04-05,105
2002-04-06,105
2002-04-07,105
2002-04-08,104
2002-04-09,104
2002-04-10,105
2002-04-11,107
2002-04-12,108
2002-04-13,106
2002-04-14,109
2002-04-15,107
2002-04-16,111
2002-04-17,110
2002-04-18,109
2002-04-19,110
2002-04-20,111
2002-04-21,109
2002-04-22,109
2002-04-23,106
2002-04-24,106
2002-04-25,106
2002-04-26,107
2002-04-27,107
2002-04-28,106
2002-04-29,108
2002-04-30,107
2002-05-01,105
2002-05-02,104
2002-05-03,102
2002-05-04,104
2002-05-05,105
2002-05-06,107
2002-05-07,107
2002-05-08,103
2002-05-09,104
2002-05-10,103
2002-05-11,103
2002-05-12,102
2002-05-13,104
2002-05-14,106
2002-05-15,105
2002-05-16,103
2002-05-17,103
2002-05-18,104
2002-05-19,104
2002-05-20,104
2002-05-21,105
2002-05-22,104
2002-05-23,103
2002-05-24,102
2002-05-25,103
2002-05-26,103
2002-05-27,103
2002-05-28,103
2002-05-29,102
2002-05-30,103
2002-05-31,102
2002-06-01,101
2002-06-02,102
2002-06-03,102
2002-06-04,101
2002-06-05,103
2002-06-06,100
2002-06-07,101
2002-06-08,103
2002-06-09,103
2002-06-10,105
2002-06-11,107
2002-06-12,106
2002-06-13,104
2002-06-14,107
2002-06-15,104
2002-06-16,104
2002-06-17,104
2002-06-18,104
2002-06-19,106
2002-06-20,106
2002-06-21,104
2002-06-22,104
2002-06-23,105
2002-06-24,106
2002-06-25,107
2002-06-26,107
2002-06-27,106
2002-06-28,107
2002-06-29,107
2002-06-30,108
2002-07-01,108
2002-07-02,109
2002-07-03,109
2002-07-04,108
2002-07-05,106
2002-07-06,106
2002-07-07,100
2002-07-08,105
2002-07-09,107
2002-07-10,107
2002-07-11,109
2002-07-12,109
2002-07-13,110
2002-07-14,111
2002-07-15,111
2002-07-16,109
2002-07-17,109
2002-07-18,107
2002-07-19,107
2002-07-20,106
2002-07-21,107
2002-07-22,108
2002-07-23,107
2002-07-24,107
2002-07-25,108
2002-07-26,108
2002-07-27,106
2002-07-28,107
2002-07-29,107
2002-07-30,110
2002-07-31,108
2002-08-01,109
2002-08-02,109
2002-08-03,108
2002-08-04,109
2002-08-05,109
2002-08-06,108
2002-08-07,107
2002-08-08,106
2002-08-09,105
2002-08-10,105
2002-08-11,103
2002-08-12,101
2002-08-13,100
2002-08-14,102
2002-08-15,103
2002-08-16,100
2002-08-17,101
2002-08-18,100
2002-08-19,101
2002-08-20,100
2002-08-21,99
2002-08-22,99
2002-08-23,98
2002-08-24,98
2002-08-25,99
2002-08-26,101
2002-08-27,98
2002-08-28,99
2002-08-29,97
2002-08-30,98
2002-08-31,97
2002-09-01,98
2002-09-02,97
2002-09-03,98
2002-09-04,100
2002-09-05,97
2002-09-06,98
2002-09-07,98
2002-09-08,96
2002-09-09,97
2002-09-10,96
2002-09-11,94
2002-09-12,95
2002-09-13,94
2002-09-14,93
2002-09-15,91
2002-09-16,94
2002-09-17,95
2002-09-18,95
2002-09-19,95
2002-09-20,94
2002-09-21,92
2002-09-22,95
2002-09-23,97
2002-09-24,98
2002-09-25,97
2002-09-26,99
2002-09-27,97
2002-09-28,96
2002-09-29,96
2002-09-30,96
2002-10-01,95
2002-10-02,97
2002-10-03,97
2002-10-04,98
2002-10-05,98
2002-10-06,96
2002-10-07,99
2002-10-08,100
2002-10-09,102
2002-10-10,104
2002-10-11,106
2002-10-12,105
2002-10-13,104
2002-10-14,105
2002-10-15,108
2002-10-16,108
2002-10-17,108
2002-10-18,113
2002-10-19,111
2002-10-20,111
2002-10-21,114
2002-10-22,114
2002-10-23,115
2002-10-24,115
2002-10-25,115
2002-10-26,114
2002-10-27,113
2002-10-28,116
2002-10-29,114
2002-10-30,114
2002-10-31,112
2002-11-01,113
2002-11-02,114
2002-11-03,117
2002-11-04,116
2002-11-05,117
2002-11-06,116
2002-11-07,120
2002-11-08,122
2002-11-09,122
2002-11-10,125
2002-11-11,126
2002-11-12,125
2002-11-13,125
2002-11-14,123
2002-11-15,124
2002-11-16,124
2002-11-17,122
2002-11-18,121
2002-11-19,122
2002-11-20,124
2002-11-21,125
2002-11-22,125
2002-11-23,125
2002-11-24,124
2002-11-25,125
2002-11-26,124
2002-11-27,127
2002-11-28,128
2002-11-29,125
2002-11-30,124
2002-12-01,124
2002-12-02,125
2002-12-03,124
2002-12-04,127
2002-12-05,127
2002-12-06,129
2002-12-07,127
2002-12-08,127
2002-12-09,130
2002-12-10,129
2002-12-11,129
2002-12-12,129
2002-12-13,128
2002-12-14,125
2002-12-15,125
2002-12-16,123
2002-12-17,127
2002-12-18,129
2002-12-19,129
2002-12-20,129
2002-12-21,130
2002-12-22,128
2002-12-23,131
2002-12-24,133
2002-12-25,133
2002-12-26,132
2002-12-27,131
2002-12-28,130
2002-12-29,127
2002-12-30,125
2002-12-31,127
2003-01-01,123
2003-01-02,128
2003-01-03,127
2003-01-04,130
2003-01-05,129
2003-01-06,129
2003-01-07,128
2003-01-08,129
2003-01-09,131
2003-01-10,131
2003-01-11,131
2003-01-12,130
2003-01-13,133
2003-01-14,132
2003-01-15,131
2003-01-16,132
2003-01-17,134
2003-01-18,134
2003-01-19,131
2003-01-20,130
2003-01-21,126
2003-01-22,128
2003-01-23,132
2003-01-24,128
2003-01-25,127
2003-01-26,124
2003-01-27,126
2003-01-28,124
2003-01-29,123
2003-01-30,124
2003-01-31,124
2003-02-01,124
2003-02-02,121
2003-02-03,121
2003-02-04,124
2003-02-05,123
2003-02-06,125
2003-02-07,123
2003-02-08,124
2003-02-09,125
2003-02-10,125
2003-02-11,125
2003-02-12,126
2003-02-13,126
2003-02-14,126
2003-02-15,127
2003-02-16,126
2003-02-17,124
2003-02-18,121
2003-02-19,122
2003-02-20,123
2003-02-21,122
2003-02-22,119
2003-02-23,120
2003-02-24,122
2003-02-25,120
2003-02-26,120
2003-02-27,123
2003-02-28,122
2003-03-01,121
2003-03-02,120
2003-03-03,119
2003-03-04,118
2003-03-05,119
2003-03-06,118
2003-03-07,118
2003-03-08,116
2003-03-09,115
2003-03-10,113
2003-03-11,115
2003-03-12,109
2003-03-13,109
2003-03-14,108
2003-03-15,107
2003-03-16,109
2003-03-17,111
2003-03-18,111
2003-03-19,113
2003-03-20,114
2003-03-21,114
2003-03-22,113
2003-03-23,111
2003-03-24,118
2003-03-25,116
2003-03-26,117
2003-03-27,118
2003-03-28,119
2003-03-29,118
2003-03-30,118
2003-03-31,117
2003-04-01,117
2003-04-02,117
2003-04-03,115
2003-04-04,113
2003-04-05,113
2003-04-06,113
2003-04-07,114
2003-04-08,113
2003-04-09,115
2003-04-10,114
2003-04-11,116
2003-04-12,116
2003-04-13,117
2003-04-14,116
2003-04-15,114
2003-04-16,115
2003-04-17,115
2003-04-18,115
2003-04-19,114
2003-04-20,113
2003-04-21,114
2003-04-22,113
2003-04-23,114
2003-04-24,113
2003-04-25,113
2003-04-26,113
2003-04-27,112
2003-04-28,112
2003-04-29,112
2003-04-30,112
2003-05-01,112
2003-05-02,109
2003-05-03,108
2003-05-04,111
2003-05-05,110
2003-05-06,111
2003-05-07,112
2003-05-08,112
2003-05-09,113
2003-05-10,112
2003-05-11,111
2003-05-12,114
2003-05-13,113
2003-05-14,115
2003-05-15,118
2003-05-16,116
2003-05-17,117
2003-05-18,119
2003-05-19,119
2003-05-20,118
2003-05-21,118
2003-05-22,120
2003-05-23,118
2003-05-24,115
2003-05-25,111
2003-05-26,113
2003-05-27,117
2003-05-28,117
2003-05-29,118
2003-05-30,119
2003-05-31,117
2003-06-01,118
2003-06-02,118
2003-06-03,118
2003-06-04,118
2003-06-05,118
2003-06-06,118
2003-06-07,117
2003-06-08,118
2003-06-09,119
2003-06-10,119
2003-06-11,119
2003-06-12,118
2003-06-13,119
2003-06-14,117
2003-06-15,115
2003-06-16,115
2003-06-17,118
2003-06-18,121
2003-06-19,120
2003-06-20,121
2003-06-21,120
2003-06-22,119
2003-06-23,124
2003-06-24,122
2003-06-25,122
2003-06-26,122
2003-06-27,123
2003-06-28,123
2003-06-29,120
2003-06-30,120
2003-07-01,120
2003-07-02,113
2003-07-03,119
2003-07-04,121
2003-07-05,117
2003-07-06,121
2003-07-07,120
2003-07-08,119
2003-07-09,118
2003-07-10,115
2003-07-11,116
2003-07-12,116
2003-07-13,116
2003-07-14,117
2003-07-15,118
2003-07-16,117
2003-07-17,117
2003-07-18,117
2003-07-19,119
2003-07-20,118
2003-07-21,120
2003-07-22,119
2003-07-23,119
2003-07-24,120
2003-07-25,120
2003-07-26,119
2003-07-27,119
2003-07-28,120
2003-07-29,121
2003-07-30,119
2003-07-31,121
2003-08-01,121
2003-08-02,117
2003-08-03,118
2003-08-04,119
2003-08-05,119
2003-08-06,117
2003-08-07,117
2003-08-08,116
2003-08-09,114
2003-08-10,114
2003-08-11,115
2003-08-12,116
2003-08-13,116
2003-08-14,117
2003-08-15,115
2003-08-16,117
2003-08-17,115
2003-08-18,115
2003-08-19,116
2003-08-20,116
2003-08-21,114
2003-08-22,113
2003-08-23,113
2003-08-24,112
2003-08-25,113
2003-08-26,114
2003-08-27,114
2003-08-28,116
2003-08-29,113
2003-08-30,112
2003-08-31,112
2003-09-01,112
2003-09-02,114
2003-09-03,115
2003-09-04,117
2003-09-05,118
2003-09-06,119
2003-09-07,119
2003-09-08,119
2003-09-09,118
2003-09-10,121
2003-09-11,119
2003-09-12,117
2003-09-13,117
2003-09-14,119
2003-09-15,119
2003-09-16,120
2003-09-17,119
2003-09-18,120
2003-09-19,121
2003-09-20,120
2003-09-21,119
2003-09-22,120
2003-09-23,120
2003-09-24,122
2003-09-25,122
2003-09-26,122
2003-09-27,120
2003-09-28,122
2003-09-29,122
2003-09-30,122
2003-10-01,122
2003-10-02,126
2003-10-03,126
2003-10-04,126
2003-10-05,123
2003-10-06,126
2003-10-07,127
2003-10-08,129
2003-10-09,129
2003-10-10,128
2003-10-11,126
2003-10-12,125
2003-10-13,128
2003-10-14,125
2003-10-15,129
2003-10-16,131
2003-10-17,132
2003-10-18,133
2003-10-19,131
2003-10-20,131
2003-10-21,131
2003-10-22,133
2003-10-23,131
2003-10-24,132
2003-10-25,131
2003-10-26,133
2003-10-27,132
2003-10-28,132
2003-10-29,133
2003-10-30,134
2003-10-31,134
2003-11-01,134
2003-11-02,135
2003-11-03,135
2003-11-04,134
2003-11-05,135
2003-11-06,136
2003-11-07,136
2003-11-08,136
2003-11-09,134
2003-11-10,135
2003-11-11,133
2003-11-12,134
2003-11-13,137
2003-11-14,134
2003-11-15,137
2003-11-16,136
2003-11-17,138
2003-11-18,140
2003-11-19,139
2003-11-20,139
2003-11-21,141
2003-11-22,139
2003-11-23,142
2003-11-24,142
2003-11-25,143
2003-11-26,143
2003-11-27,141
2003-11-28,141
2003-11-29,138
2003-11-30,138
2003-12-01,138
2003-12-02,139
2003-12-03,137
2003-12-04,139
2003-12-05,139
2003-12-06,138
2003-12-07,141
2003-12-08,140
2003-12-09,141
2003-12-10,140
2003-12-11,140
2003-12-12,140
2003-12-13,141
2003-12-14,140
2003-12-15,142
2003-12-16,150
2003-12-17,152
2003-12-18,152
2003-12-19,150
2003-12-20,150
2003-12-21,147
2003-12-22,146
2003-12-23,147
2003-12-24,150
2003-12-25,150
2003-12-26,150
2003-12-27,149
2003-12-28,149
2003-12-29,150
2003-12-30,150
2003-12-31,150
2004-01-01,149
2004-01-02,146
2004-01-03,143
2004-01-04,142
2004-01-05,142
2004-01-06,142
2004-01-07,143
2004-01-08,133
2004-01-09,133
2004-01-10,131
2004-01-11,132
2004-01-12,134
2004-01-13,144
2004-01-14,135
2004-01-15,135
2004-01-16,137
2004-01-17,137
2004-01-18,138
2004-01-19,145
2004-01-20,146
2004-01-21,147
2004-01-22,147
2004-01-23,139
2004-01-24,138
2004-01-25,138
2004-01-26,137
2004-01-27,136
2004-01-28,138
2004-01-29,137
2004-01-30,140
2004-01-31,139
2004-02-01,138
2004-02-02,136
2004-02-03,145
2004-02-04,143
2004-02-05,142
2004-02-06,146
2004-02-07,146
2004-02-08,144
2004-02-09,146
2004-02-10,147
2004-02-11,145
2004-02-12,144
2004-02-13,145
2004-02-14,145
2004-02-15,144
2004-02-16,145
2004-02-17,144
2004-02-18,145
2004-02-19,142
2004-02-20,138
2004-02-21,144
2004-02-22,145
2004-02-23,147
2004-02-24,147
2004-02-25,150
2004-02-26,149
2004-02-27,149
2004-02-28,149
2004-02-29,146
2004-03-01,146
2004-03-02,146
2004-03-03,146
2004-03-04,146
2004-03-05,147
2004-03-06,146
2004-03-07,145
2004-03-08,144
2004-03-09,145
2004-03-10,142
2004-03-11,143
2004-03-12,142
2004-03-13,140
2004-03-14,140
2004-03-15,141
2004-03-16,143
2004-03-17,142
2004-03-18,140
2004-03-19,141
2004-03-20,143
2004-03-21,142
2004-03-22,146
2004-03-23,145
2004-03-24,145
2004-03-25,143
2004-03-26,143
2004-03-27,133
2004-03-28,133
2004-03-29,141
2004-03-30,144
2004-03-31,147
2004-04-01,145
2004-04-02,145
2004-04-03,144
2004-04-04,145
2004-04-05,144
2004-04-06,144
2004-04-07,144
2004-04-08,145
2004-04-09,147
2004-04-10,147
2004-04-11,146
2004-04-12,147
2004-04-13,147
2004-04-14,147
2004-04-15,144
2004-04-16,144
2004-04-17,144
2004-04-18,141
2004-04-19,145
2004-04-20,144
2004-04-21,144
2004-04-22,145
2004-04-23,142
2004-04-24,142
2004-04-25,144
2004-04-26,147
2004-04-27,146
2004-04-28,146
2004-04-29,147
2004-04-30,146
2004-05-01,145
2004-05-02,145
2004-05-03,146
2004-05-04,147
2004-05-05,148
2004-05-06,148
2004-05-07,147
2004-05-08,144
2004-05-09,143
2004-05-10,144
2004-05-11,144
2004-05-12,146
2004-05-13,143
2004-05-14,142
2004-05-15,141
2004-05-16,142
2004-05-17,141
2004-05-18,140
2004-05-19,142
2004-05-20,144
2004-05-21,143
2004-05-22,143
2004-05-23,144
2004-05-24,143
2004-05-25,144
2004-05-26,141
2004-05-27,140
2004-05-28,136
2004-05-29,135
2004-05-30,135
2004-05-31,135
2004-06-01,136
2004-06-02,136
2004-06-03,137
2004-06-04,135
2004-06-05,134
2004-06-06,134
2004-06-07,137
2004-06-08,139
2004-06-09,139
2004-06-10,143
2004-06-11,145
2004-06-12,145
2004-06-13,147
2004-06-14,147
2004-06-15,148
2004-06-16,147
2004-06-17,147
2004-06-18,144
2004-06-19,141
2004-06-20,144
2004-06-21,147
2004-06-22,146
2004-06-23,144
2004-06-24,149
2004-06-25,147
2004-06-26,147
2004-06-27,145
2004-06-28,147
2004-06-29,146
2004-06-30,148
2004-07-01,150
2004-07-02,151
2004-07-03,151
2004-07-04,149
2004-07-05,150
2004-07-06,151
2004-07-07,150
2004-07-08,147
2004-07-09,149
2004-07-10,148
2004-07-11,146
2004-07-12,139
2004-07-13,147
2004-07-14,149
2004-07-15,150
2004-07-16,151
2004-07-17,151
2004-07-18,151
2004-07-19,149
2004-07-20,152
2004-07-21,145
2004-07-22,144
2004-07-23,147
2004-07-24,147
2004-07-25,144
2004-07-26,154
2004-07-27,155
2004-07-28,155
2004-07-29,152
2004-07-30,151
2004-07-31,152
2004-08-01,155
2004-08-02,156
2004-08-03,154
2004-08-04,154
2004-08-05,152
2004-08-06,152
2004-08-07,151
2004-08-08,142
2004-08-09,142
2004-08-10,149
2004-08-11,148
2004-08-12,151
2004-08-13,154
2004-08-14,155
2004-08-15,156
2004-08-16,155
2004-08-17,154
2004-08-18,154
2004-08-19,144
2004-08-20,145
2004-08-21,153
2004-08-22,155
2004-08-23,156
2004-08-24,156
2004-08-25,157
2004-08-26,156
2004-08-27,157
2004-08-28,156
2004-08-29,158
2004-08-30,158
2004-08-31,158
2004-09-01,158
2004-09-02,158
2004-09-03,156
2004-09-04,155
2004-09-05,153
2004-09-06,151
2004-09-07,143
2004-09-08,148
2004-09-09,149
2004-09-10,146
2004-09-11,145
2004-09-12,146
2004-09-13,148
2004-09-14,149
2004-09-15,148
2004-09-16,143
2004-09-17,145
2004-09-18,145
2004-09-19,143
2004-09-20,144
2004-09-21,142
2004-09-22,142
2004-09-23,143
2004-09-24,143
2004-09-25,143
2004-09-26,142
2004-09-27,144
2004-09-28,144
2004-09-29,141
2004-09-30,141
2004-10-01,143
2004-10-02,143
2004-10-03,141
2004-10-04,141
2004-10-05,144
2004-10-06,141
2004-10-07,148
2004-10-08,149
2004-10-09,148
2004-10-10,141
2004-10-11,145
2004-10-12,144
2004-10-13,143
2004-10-14,142
2004-10-15,142
2004-10-16,137
2004-10-17,139
2004-10-18,138
2004-10-19,138
2004-10-20,140
2004-10-21,138
2004-10-22,135
2004-10-23,135
2004-10-24,134
2004-10-25,135
2004-10-26,136
2004-10-27,133
2004-10-28,133
2004-10-29,133
2004-10-30,134
2004-10-31,133
2004-11-01,133
2004-11-02,135
2004-11-03,137
2004-11-04,137
2004-11-05,138
2004-11-06,137
2004-11-07,136
2004-11-08,135
2004-11-09,135
2004-11-10,134
2004-11-11,135
2004-11-12,135
2004-11-13,135
2004-11-14,134
2004-11-15,133
2004-11-16,136
2004-11-17,136
2004-11-18,136
2004-11-19,127
2004-11-20,126
2004-11-21,126
2004-11-22,127
2004-11-23,128
2004-11-24,133
2004-11-25,134
2004-11-26,135
2004-11-27,135
2004-11-28,134
2004-11-29,134
2004-11-30,133
2004-12-01,133
2004-12-02,135
2004-12-03,136
2004-12-04,134
2004-12-05,132
2004-12-06,132
2004-12-07,133
2004-12-08,133
2004-12-09,133
2004-12-10,132
2004-12-11,131
2004-12-12,130
2004-12-13,131
2004-12-14,135
2004-12-15,134
2004-12-16,135
2004-12-17,131
2004-12-18,129
2004-12-19,130
2004-12-20,136
2004-12-21,136
2004-12-22,137
2004-12-23,135
2004-12-24,137
2004-12-25,135
2004-12-26,134
2004-12-27,136
2004-12-28,135
2004-12-29,133
2004-12-30,133
2004-12-31,132
2005-01-01,119
2005-01-02,119
2005-01-03,124
2005-01-04,126
2005-01-05,129
2005-01-06,130
2005-01-07,128
2005-01-08,128
2005-01-09,130
2005-01-10,127
2005-01-11,129
2005-01-12,128
2005-01-13,133
2005-01-14,133
2005-01-15,130
2005-01-16,128
2005-01-17,133
2005-01-18,138
2005-01-19,137
2005-01-20,136
2005-01-21,135
2005-01-22,135
2005-01-23,135
2005-01-24,135
2005-01-25,136
2005-01-26,137
2005-01-27,137
2005-01-28,135
2005-01-29,135
2005-01-30,134
2005-01-31,138
2005-02-01,141
2005-02-02,141
2005-02-03,143
2005-02-04,143
2005-02-05,143
2005-02-06,143
2005-02-07,145
2005-02-08,145
2005-02-09,144
2005-02-10,143
2005-02-11,140
2005-02-12,141
2005-02-13,140
2005-02-14,140
2005-02-15,142
2005-02-16,144
2005-02-17,147
2005-02-18,146
2005-02-19,143
2005-02-20,142
2005-02-21,141
2005-02-22,143
2005-02-23,141
2005-02-24,141
2005-02-25,141
2005-02-26,141
2005-02-27,140
2005-02-28,150
2005-03-01,149
2005-03-02,149
2005-03-03,147
2005-03-04,149
2005-03-05,147
2005-03-06,146
2005-03-07,146
2005-03-08,145
2005-03-09,142
2005-03-10,142
2005-03-11,142
2005-03-12,144
2005-03-13,144
2005-03-14,142
2005-03-15,146
2005-03-16,144
2005-03-17,145
2005-03-18,142
2005-03-19,143
2005-03-20,142
2005-03-21,142
2005-03-22,140
2005-03-23,141
2005-03-24,142
2005-03-25,139
2005-03-26,138
2005-03-27,138
2005-03-28,141
2005-03-29,142
2005-03-30,143
2005-03-31,143
2005-04-01,143
2005-04-02,143
2005-04-03,135
2005-04-04,134
2005-04-05,134
2005-04-06,134
2005-04-07,136
2005-04-08,137
2005-04-09,133
2005-04-10,132
2005-04-11,135
2005-04-12,136
2005-04-13,135
2005-04-14,137
2005-04-15,136
2005-04-16,136
2005-04-17,137
2005-04-18,139
2005-04-19,138
2005-04-20,140
2005-04-21,139
2005-04-22,139
2005-04-23,136
2005-04-24,135
2005-04-25,137
2005-04-26,144
2005-04-27,145
2005-04-28,144
2005-04-29,146
2005-04-30,147
2005-05-01,145
2005-05-02,145
2005-05-03,147
2005-05-04,147
2005-05-05,147
2005-05-06,145
2005-05-07,143
2005-05-08,140
2005-05-09,140
2005-05-10,140
2005-05-11,141
2005-05-12,140
2005-05-13,141
2005-05-14,138
2005-05-15,139
2005-05-16,141
2005-05-17,139
2005-05-18,140
2005-05-19,141
2005-05-20,142
2005-05-21,141
2005-05-22,142
2005-05-23,144
2005-05-24,142
2005-05-25,142
2005-05-26,141
2005-05-27,138
2005-05-28,140
2005-05-29,138
2005-05-30,140
2005-05-31,141
2005-06-01,141
2005-06-02,140
2005-06-03,138
2005-06-04,138
2005-06-05,140
2005-06-06,143
2005-06-07,144
2005-06-08,145
2005-06-09,140
2005-06-10,143
2005-06-11,144
2005-06-12,143
2005-06-13,143
2005-06-14,146
2005-06-15,148
2005-06-16,145
2005-06-17,145
2005-06-18,141
2005-06-19,142
2005-06-20,145
2005-06-21,145
2005-06-22,147
2005-06-23,146
2005-06-24,136
2005-06-25,137
2005-06-26,134
2005-06-27,136
2005-06-28,144
2005-06-29,144
2005-06-30,143
2005-07-01,145
2005-07-02,142
2005-07-03,141
2005-07-04,141
2005-07-05,143
2005-07-06,143
2005-07-07,140
2005-07-08,139
2005-07-09,139
2005-07-10,135
2005-07-11,136
2005-07-12,138
2005-07-13,135
2005-07-14,139
2005-07-15,141
2005-07-16,139
2005-07-17,140
2005-07-18,141
2005-07-19,142
2005-07-20,140
2005-07-21,142
2005-07-22,140
2005-07-23,139
2005-07-24,139
2005-07-25,138
2005-07-26,140
2005-07-27,140
2005-07-28,141
2005-07-29,142
2005-07-30,143
2005-07-31,144
2005-08-01,147
2005-08-02,145
2005-08-03,147
2005-08-04,150
2005-08-05,148
2005-08-06,148
2005-08-07,148
2005-08-08,147
2005-08-09,146
2005-08-10,149
2005-08-11,150
2005-08-12,147
2005-08-13,146
2005-08-14,143
2005-08-15,145
2005-08-16,150
2005-08-17,148
2005-08-18,148
2005-08-19,151
2005-08-20,148
2005-08-21,146
2005-08-22,147
2005-08-23,147
2005-08-24,149
2005-08-25,150
2005-08-26,149
2005-08-27,145
2005-08-28,143
2005-08-29,145
2005-08-30,148
2005-08-31,148
2005-09-01,149
2005-09-02,151
2005-09-03,150
2005-09-04,148
2005-09-05,149
2005-09-06,149
2005-09-07,148
2005-09-08,147
2005-09-09,141
2005-09-10,139
2005-09-11,140
2005-09-12,138
2005-09-13,140
2005-09-14,140
2005-09-15,139
2005-09-16,139
2005-09-17,139
2005-09-18,142
2005-09-19,140
2005-09-20,141
2005-09-21,141
2005-09-22,140
2005-09-23,144
2005-09-24,139
2005-09-25,137
2005-09-26,140
2005-09-27,139
2005-09-28,140
2005-09-29,143
2005-09-30,145
2005-10-01,143
2005-10-02,142
2005-10-03,145
2005-10-04,146
2005-10-05,146
2005-10-06,144
2005-10-07,143
2005-10-08,142
2005-10-09,143
2005-10-10,143
2005-10-11,145
2005-10-12,143
2005-10-13,146
2005-10-14,147
2005-10-15,147
2005-10-16,148
2005-10-17,148
2005-10-18,151
2005-10-19,153
2005-10-20,151
2005-10-21,152
2005-10-22,153
2005-10-23,149
2005-10-24,151
2005-10-25,152
2005-10-26,154
2005-10-27,154
2005-10-28,154
2005-10-29,151
2005-10-30,151
2005-10-31,152
2005-11-01,153
2005-11-02,153
2005-11-03,155
2005-11-04,154
2005-11-05,154
2005-11-06,151
2005-11-07,153
2005-11-08,153
2005-11-09,146
2005-11-10,146
2005-11-11,146
2005-11-12,143
2005-11-13,143
2005-11-14,144
2005-11-15,151
2005-11-16,151
2005-11-17,154
2005-11-18,152
2005-11-19,151
2005-11-20,150
2005-11-21,152
2005-11-22,154
2005-11-23,147
2005-11-24,146
2005-11-25,144
2005-11-26,144
2005-11-27,142
2005-11-28,143
2005-11-29,142
2005-11-30,143
2005-12-01,143
2005-12-02,142
2005-12-03,141
2005-12-04,140
2005-12-05,143
2005-12-06,141
2005-12-07,142
2005-12-08,143
2005-12-09,143
2005-12-10,144
2005-12-11,143
2005-12-12,142
2005-12-13,136
2005-12-14,142
2005-12-15,143
2005-12-16,151
2005-12-17,151
2005-12-18,149
2005-12-19,152
2005-12-20,152
2005-12-21,153
2005-12-22,153
2005-12-23,153
2005-12-24,153
2005-12-25,151
2005-12-26,152
2005-12-27,155
2005-12-28,156
2005-12-29,154
2005-12-30,153
2005-12-31,154
2006-01-01,153
2006-01-02,152
2006-01-03,155
2006-01-04,147
2006-01-05,149
2006-01-06,148
2006-01-07,136
2006-01-08,133
2006-01-09,136
2006-01-10,138
2006-01-11,158
2006-01-12,158
2006-01-13,158
2006-01-14,156
2006-01-15,157
2006-01-16,157
2006-01-17,157
2006-01-18,158
2006-01-19,158
2006-01-20,158
2006-01-21,155
2006-01-22,155
2006-01-23,157
2006-01-24,160
2006-01-25,160
2006-01-26,159
2006-01-27,161
2006-01-28,160
2006-01-29,161
2006-01-30,159
2006-01-31,158
2006-02-01,159
2006-02-02,160
2006-02-03,161
2006-02-04,160
2006-02-05,158
2006-02-06,159
2006-02-07,159
2006-02-08,163
2006-02-09,164
2006-02-10,163
2006-02-11,160
2006-02-12,160
2006-02-13,161
2006-02-14,163
2006-02-15,162
2006-02-16,164
2006-02-17,163
2006-02-18,162
2006-02-19,161
2006-02-20,161
2006-02-21,163
2006-02-22,165
2006-02-23,165
2006-02-24,162
2006-02-25,162
2006-02-26,161
2006-02-27,160
2006-02-28,159
2006-03-01,158
2006-03-02,156
2006-03-03,157
2006-03-04,155
2006-03-05,155
2006-03-06,158
2006-03-07,158
2006-03-08,158
2006-03-09,158
2006-03-10,158
2006-03-11,159
2006-03-12,158
2006-03-13,157
2006-03-14,157
2006-03-15,157
2006-03-16,156
2006-03-17,154
2006-03-18,152
2006-03-19,153
2006-03-20,154
2006-03-21,154
2006-03-22,156
2006-03-23,158
2006-03-24,153
2006-03-25,151
2006-03-26,145
2006-03-27,147
2006-03-28,147
2006-03-29,148
2006-03-30,148
2006-03-31,151
2006-04-01,151
2006-04-02,150
2006-04-03,152
2006-04-04,151
2006-04-05,149
2006-04-06,157
2006-04-07,159
2006-04-08,158
2006-04-09,158
2006-04-10,159
2006-04-11,157
2006-04-12,158
2006-04-13,158
2006-04-14,159
2006-04-15,161
2006-04-16,162
2006-04-17,163
2006-04-18,166
2006-04-19,170
2006-04-20,170
2006-04-21,164
2006-04-22,166
2006-04-23,164
2006-04-24,167
2006-04-25,175
2006-04-26,166
2006-04-27,168
2006-04-28,176
2006-04-29,176
2006-04-30,175
2006-05-01,174
2006-05-02,173
2006-05-03,176
2006-05-04,179
2006-05-05,180
2006-05-06,180
2006-05-07,180
2006-05-08,183
2006-05-09,186
2006-05-10,187
2006-05-11,190
2006-05-12,191
2006-05-13,192
2006-05-14,191
2006-05-15,190
2006-05-16,191
2006-05-17,190
2006-05-18,190
2006-05-19,190
2006-05-20,189
2006-05-21,191
2006-05-22,191
2006-05-23,183
2006-05-24,193
2006-05-25,191
2006-05-26,184
2006-05-27,185
2006-05-28,185
2006-05-29,185
2006-05-30,186
2006-05-31,186
2006-06-01,186
2006-06-02,187
2006-06-03,188
2006-06-04,189
2006-06-05,191
2006-06-06,190
2006-06-07,191
2006-06-08,190
2006-06-09,190
2006-06-10,190
2006-06-11,189
2006-06-12,189
2006-06-13,188
2006-06-14,191
2006-06-15,187
2006-06-16,186
2006-06-17,186
2006-06-18,184
2006-06-19,182
2006-06-20,184
2006-06-21,187
2006-06-22,189
2006-06-23,188
2006-06-24,189
2006-06-25,189
2006-06-26,191
2006-06-27,192
2006-06-28,192
2006-06-29,191
2006-06-30,191
2006-07-01,191
2006-07-02,188
2006-07-03,190
2006-07-04,190
2006-07-05,188
2006-07-06,188
2006-07-07,191
2006-07-08,191
2006-07-09,191
2006-07-10,192
2006-07-11,194
2006-07-12,193
2006-07-13,192
2006-07-14,191
2006-07-15,188
2006-07-16,189
2006-07-17,190
2006-07-18,191
2006-07-19,186
2006-07-20,190
2006-07-21,189
2006-07-22,189
2006-07-23,185
2006-07-24,189
2006-07-25,190
2006-07-26,190
2006-07-27,189
2006-07-28,190
2006-07-29,189
2006-07-30,189
2006-07-31,193
2006-08-01,189
2006-08-02,189
2006-08-03,188
2006-08-04,188
2006-08-05,187
2006-08-06,188
2006-08-07,188
2006-08-08,188
2006-08-09,187
2006-08-10,189
2006-08-11,188
2006-08-12,186
2006-08-13,186
2006-08-14,187
2006-08-15,188
2006-08-16,189
2006-08-17,189
2006-08-18,190
2006-08-19,189
2006-08-20,186
2006-08-21,190
2006-08-22,191
2006-08-23,190
2006-08-24,189
2006-08-25,187
2006-08-26,186
2006-08-27,184
2006-08-28,190
2006-08-29,189
2006-08-30,188
2006-08-31,189
2006-09-01,190
2006-09-02,188
2006-09-03,188
2006-09-04,187
2006-09-05,191
2006-09-06,190
2006-09-07,194
2006-09-08,193
2006-09-09,193
2006-09-10,192
2006-09-11,192
2006-09-12,191
2006-09-13,192
2006-09-14,191
2006-09-15,190
2006-09-16,191
2006-09-17,193
2006-09-18,193
2006-09-19,191
2006-09-20,190
2006-09-21,189
2006-09-22,188
2006-09-23,185
2006-09-24,184
2006-09-25,184
2006-09-26,184
2006-09-27,186
2006-09-28,186
2006-09-29,185
2006-09-30,185
2006-10-01,184
2006-10-02,185
2006-10-03,184
2006-10-04,184
2006-10-05,185
2006-10-06,186
2006-10-07,183
2006-10-08,181
2006-10-09,181
2006-10-10,180
2006-10-11,182
2006-10-12,180
2006-10-13,182
2006-10-14,178
2006-10-15,178
2006-10-16,181
2006-10-17,181
2006-10-18,183
2006-10-19,183
2006-10-20,183
2006-10-21,182
2006-10-22,183
2006-10-23,183
2006-10-24,180
2006-10-25,181
2006-10-26,180
2006-10-27,180
2006-10-28,180
2006-10-29,179
2006-10-30,177
2006-10-31,177
2006-11-01,176
2006-11-02,182
2006-11-03,183
2006-11-04,182
2006-11-05,183
2006-11-06,182
2006-11-07,183
2006-11-08,181
2006-11-09,184
2006-11-10,184
2006-11-11,184
2006-11-12,184
2006-11-13,183
2006-11-14,183
2006-11-15,186
2006-11-16,185
2006-11-17,184
2006-11-18,184
2006-11-19,182
2006-11-20,184
2006-11-21,185
2006-11-22,184
2006-11-23,182
2006-11-24,182
2006-11-25,181
2006-11-26,181
2006-11-27,181
2006-11-28,183
2006-11-29,182
2006-11-30,183
2006-12-01,184
2006-12-02,183
2006-12-03,182
2006-12-04,183
2006-12-05,184
2006-12-06,184
2006-12-07,183
2006-12-08,183
2006-12-09,178
2006-12-10,180
2006-12-11,179
2006-12-12,180
2006-12-13,178
2006-12-14,181
2006-12-15,178
2006-12-16,171
2006-12-17,172
2006-12-18,178
2006-12-19,167
2006-12-20,165
2006-12-21,165
2006-12-22,163
2006-12-23,161
2006-12-24,154
2006-12-25,154
2006-12-26,155
2006-12-27,155
2006-12-28,161
2006-12-29,157
2006-12-30,163
2006-12-31,161
2007-01-01,164
2007-01-02,162
2007-01-03,166
2007-01-04,164
2007-01-05,164
2007-01-06,165
2007-01-07,164
2007-01-08,164
2007-01-09,166
2007-01-10,168
2007-01-11,170
2007-01-12,168
2007-01-13,169
2007-01-14,165
2007-01-15,165
2007-01-16,163
2007-01-17,163
2007-01-18,164
2007-01-19,163
2007-01-20,164
2007-01-21,163
2007-01-22,161
2007-01-23,160
2007-01-24,163
2007-01-25,161
2007-01-26,164
2007-01-27,165
2007-01-28,166
2007-01-29,162
2007-01-30,165
2007-01-31,164
2007-02-01,160
2007-02-02,160
2007-02-03,160
2007-02-04,154
2007-02-05,160
2007-02-06,160
2007-02-07,163
2007-02-08,161
2007-02-09,165
2007-02-10,163
2007-02-11,164
2007-02-12,161
2007-02-13,163
2007-02-14,167
2007-02-15,166
2007-02-16,165
2007-02-17,163
2007-02-18,160
2007-02-19,163
2007-02-20,164
2007-02-21,165
2007-02-22,169
2007-02-23,169
2007-02-24,168
2007-02-25,169
2007-02-26,167
2007-02-27,169
2007-02-28,171
2007-03-01,171
2007-03-02,171
2007-03-03,172
2007-03-04,171
2007-03-05,170
2007-03-06,172
2007-03-07,171
2007-03-08,169
2007-03-09,165
2007-03-10,164
2007-03-11,162
2007-03-12,161
2007-03-13,169
2007-03-14,170
2007-03-15,171
2007-03-16,170
2007-03-17,169
2007-03-18,170
2007-03-19,171
2007-03-20,170
2007-03-21,171
2007-03-22,172
2007-03-23,172
2007-03-24,167
2007-03-25,171
2007-03-26,170
2007-03-27,170
2007-03-28,171
2007-03-29,172
2007-03-30,172
2007-03-31,174
2007-04-01,173
2007-04-02,171
2007-04-03,172
2007-04-04,174
2007-04-05,171
2007-04-06,168
2007-04-07,168
2007-04-08,167
2007-04-09,169
2007-04-10,171
2007-04-11,174
2007-04-12,172
2007-04-13,172
2007-04-14,171
2007-04-15,170
2007-04-16,171
2007-04-17,169
2007-04-18,167
2007-04-19,171
2007-04-20,172
2007-04-21,172
2007-04-22,172
2007-04-23,171
2007-04-24,174
2007-04-25,174
2007-04-26,173
2007-04-27,174
2007-04-28,174
2007-04-29,172
2007-04-30,170
2007-05-01,172
2007-05-02,171
2007-05-03,172
2007-05-04,173
2007-05-05,172
2007-05-06,170
2007-05-07,170
2007-05-08,170
2007-05-09,172
2007-05-10,175
2007-05-11,171
2007-05-12,170
2007-05-13,169
2007-05-14,169
2007-05-15,167
2007-05-16,167
2007-05-17,170
2007-05-18,169
2007-05-19,169
2007-05-20,169
2007-05-21,168
2007-05-22,167
2007-05-23,169
2007-05-24,170
2007-05-25,169
2007-05-26,167
2007-05-27,165
2007-05-28,163
2007-05-29,163
2007-05-30,163
2007-05-31,163
2007-06-01,163
2007-06-02,153
2007-06-03,153
2007-06-04,157
2007-06-05,156
2007-06-06,156
2007-06-07,157
2007-06-08,154
2007-06-09,153
2007-06-10,151
2007-06-11,149
2007-06-12,150
2007-06-13,148
2007-06-14,149
2007-06-15,149
2007-06-16,153
2007-06-17,150
2007-06-18,150
2007-06-19,151
2007-06-20,152
2007-06-21,153
2007-06-22,154
2007-06-23,153
2007-06-24,151
2007-06-25,151
2007-06-26,154
2007-06-27,155
2007-06-28,155
2007-06-29,157
2007-06-30,154
2007-07-01,154
2007-07-02,151
2007-07-03,153
2007-07-04,154
2007-07-05,153
2007-07-06,153
2007-07-07,148
2007-07-08,147
2007-07-09,149
2007-07-10,151
2007-07-11,153
2007-07-12,152
2007-07-13,154
2007-07-14,152
2007-07-15,152
2007-07-16,154
2007-07-17,152
2007-07-18,151
2007-07-19,152
2007-07-20,154
2007-07-21,151
2007-07-22,153
2007-07-23,155
2007-07-24,156
2007-07-25,156
2007-07-26,157
2007-07-27,157
2007-07-28,155
2007-07-29,153
2007-07-30,153
2007-07-31,153
2007-08-01,154
2007-08-02,151
2007-08-03,154
2007-08-04,155
2007-08-05,148
2007-08-06,146
2007-08-07,153
2007-08-08,156
2007-08-09,156
2007-08-10,152
2007-08-11,153
2007-08-12,155
2007-08-13,155
2007-08-14,155
2007-08-15,157
2007-08-16,158
2007-08-17,157
2007-08-18,156
2007-08-19,158
2007-08-20,157
2007-08-21,156
2007-08-22,154
2007-08-23,158
2007-08-24,160
2007-08-25,160
2007-08-26,160
2007-08-27,161
2007-08-28,161
2007-08-29,161
2007-08-30,161
2007-08-31,158
2007-09-01,155
2007-09-02,153
2007-09-03,157
2007-09-04,158
2007-09-05,157
2007-09-06,156
2007-09-07,156
2007-09-08,151
2007-09-09,150
2007-09-10,156
2007-09-11,156
2007-09-12,158
2007-09-13,158
2007-09-14,159
2007-09-15,155
2007-09-16,155
2007-09-17,155
2007-09-18,158
2007-09-19,158
2007-09-20,159
2007-09-21,160
2007-09-22,159
2007-09-23,157
2007-09-24,158
2007-09-25,159
2007-09-26,156
2007-09-27,159
2007-09-28,160
2007-09-29,160
2007-09-30,159
2007-10-01,161
2007-10-02,162
2007-10-03,161
2007-10-04,161
2007-10-05,163
2007-10-06,163
2007-10-07,163
2007-10-08,165
2007-10-09,164
2007-10-10,163
2007-10-11,162
2007-10-12,163
2007-10-13,164
2007-10-14,164
2007-10-15,165
2007-10-16,161
2007-10-17,163
2007-10-18,163
2007-10-19,162
2007-10-20,162
2007-10-21,161
2007-10-22,159
2007-10-23,159
2007-10-24,161
2007-10-25,162
2007-10-26,164
2007-10-27,163
2007-10-28,163
2007-10-29,164
2007-10-30,162
2007-10-31,164
2007-11-01,165
2007-11-02,161
2007-11-03,160
2007-11-04,158
2007-11-05,158
2007-11-06,158
2007-11-07,159
2007-11-08,158
2007-11-09,159
2007-11-10,154
2007-11-11,154
2007-11-12,157
2007-11-13,159
2007-11-14,160
2007-11-15,164
2007-11-16,164
2007-11-17,161
2007-11-18,159
2007-11-19,162
2007-11-20,162
2007-11-21,161
2007-11-22,165
2007-11-23,162
2007-11-24,163
2007-11-25,162
2007-11-26,161
2007-11-27,161
2007-11-28,162
2007-11-29,165
2007-11-30,163
2007-12-01,164
2007-12-02,163
2007-12-03,165
2007-12-04,166
2007-12-05,166
2007-12-06,166
2007-12-07,166
2007-12-08,165
2007-12-09,166
2007-12-10,166
2007-12-11,166
2007-12-12,168
2007-12-13,167
2007-12-14,166
2007-12-15,169
2007-12-16,168
2007-12-17,170
2007-12-18,173
2007-12-19,178
2007-12-20,172
2007-12-21,175
2007-12-22,173
2007-12-23,175
2007-12-24,172
2007-12-25,172
2007-12-26,174
2007-12-27,177
2007-12-28,179
2007-12-29,179
2007-12-30,180
2007-12-31,180
2008-01-01,183
2008-01-02,182
2008-01-03,182
2008-01-04,184
2008-01-05,183
2008-01-06,183
2008-01-07,185
2008-01-08,183
2008-01-09,185
2008-01-10,187
2008-01-11,185
2008-01-12,185
2008-01-13,183
2008-01-14,185
2008-01-15,184
2008-01-16,185
2008-01-17,191
2008-01-18,192
2008-01-19,190
2008-01-20,190
2008-01-21,193
2008-01-22,195
2008-01-23,195
2008-01-24,191
2008-01-25,192
2008-01-26,191
2008-01-27,192
2008-01-28,194
2008-01-29,194
2008-01-30,198
2008-01-31,198
2008-02-01,195
2008-02-02,197
2008-02-03,197
2008-02-04,198
2008-02-05,199
2008-02-06,201
2008-02-07,200
2008-02-08,201
2008-02-09,200
2008-02-10,201
2008-02-11,202
2008-02-12,200
2008-02-13,200
2008-02-14,197
2008-02-15,199
2008-02-16,195
2008-02-17,197
2008-02-18,204
2008-02-19,199
2008-02-20,202
2008-02-21,201
2008-02-22,203
2008-02-23,202
2008-02-24,200
2008-02-25,200
2008-02-26,202
2008-02-27,203
2008-02-28,203
2008-02-29,205
2008-03-01,205
2008-03-02,200
2008-03-03,205
2008-03-04,203
2008-03-05,200
2008-03-06,201
2008-03-07,200
2008-03-08,202
2008-03-09,200
2008-03-10,202
2008-03-11,202
2008-03-12,203
2008-03-13,203
2008-03-14,203
2008-03-15,202
2008-03-16,200
2008-03-17,203
2008-03-18,200
2008-03-19,200
2008-03-20,204
2008-03-21,204
2008-03-22,203
2008-03-23,201
2008-03-24,202
2008-03-25,201
2008-03-26,202
2008-03-27,201
2008-03-28,201
2008-03-29,200
2008-03-30,199
2008-03-31,197
2008-04-01,197
2008-04-02,201
2008-04-03,201
2008-04-04,200
2008-04-05,197
2008-04-06,198
2008-04-07,196
2008-04-08,199
2008-04-09,198
2008-04-10,200
2008-04-11,198
2008-04-12,199
2008-04-13,200
2008-04-14,199
2008-04-15,196
2008-04-16,198
2008-04-17,196
2008-04-18,196
2008-04-19,196
2008-04-20,196
2008-04-21,198
2008-04-22,201
2008-04-23,201
2008-04-24,199
2008-04-25,201
2008-04-26,201
2008-04-27,203
2008-04-28,204
2008-04-29,204
2008-04-30,206
2008-05-01,207
2008-05-02,205
2008-05-03,200
2008-05-04,199
2008-05-05,201
2008-05-06,201
2008-05-07,201
2008-05-08,203
2008-05-09,203
2008-05-10,202
2008-05-11,200
2008-05-12,203
2008-05-13,204
2008-05-14,205
2008-05-15,202
2008-05-16,201
2008-05-17,199
2008-05-18,197
2008-05-19,201
2008-05-20,199
2008-05-21,197
2008-05-22,196
2008-05-23,197
2008-05-24,197
2008-05-25,194
2008-05-26,196
2008-05-27,197
2008-05-28,195
2008-05-29,195
2008-05-30,199
2008-05-31,200
2008-06-01,196
2008-06-02,197
2008-06-03,197
2008-06-04,199
2008-06-05,200
2008-06-06,196
2008-06-07,196
2008-06-08,194
2008-06-09,196
2008-06-10,198
2008-06-11,198
2008-06-12,200
2008-06-13,199
2008-06-14,198
2008-06-15,195
2008-06-16,199
2008-06-17,201
2008-06-18,203
2008-06-19,205
2008-06-20,206
2008-06-21,204
2008-06-22,202
2008-06-23,205
2008-06-24,205
2008-06-25,203
2008-06-26,205
2008-06-27,206
2008-06-28,205
2008-06-29,203
2008-06-30,203
2008-07-01,206
2008-07-02,203
2008-07-03,203
2008-07-04,202
2008-07-05,205
2008-07-06,203
2008-07-07,205
2008-07-08,207
2008-07-09,209
2008-07-10,210
2008-07-11,210
2008-07-12,209
2008-07-13,208
2008-07-14,207
2008-07-15,207
2008-07-16,208
2008-07-17,207
2008-07-18,207
2008-07-19,207
2008-07-20,207
2008-07-21,207
2008-07-22,207
2008-07-23,208
2008-07-24,209
2008-07-25,207
2008-07-26,207
2008-07-27,205
2008-07-28,206
2008-07-29,205
2008-07-30,205
2008-07-31,205
2008-08-01,204
2008-08-02,203
2008-08-03,200
2008-08-04,202
2008-08-05,203
2008-08-06,203
2008-08-07,206
2008-08-08,205
2008-08-09,205
2008-08-10,203
2008-08-11,204
2008-08-12,203
2008-08-13,202
2008-08-14,202
2008-08-15,196
2008-08-16,200
2008-08-17,198
2008-08-18,198
2008-08-19,200
2008-08-20,201
2008-08-21,200
2008-08-22,204
2008-08-23,204
2008-08-24,205
2008-08-25,207
2008-08-26,209
2008-08-27,206
2008-08-28,204
2008-08-29,204
2008-08-30,205
2008-08-31,203
2008-09-01,202
2008-09-02,209
2008-09-03,208
2008-09-04,209
2008-09-05,209
2008-09-06,212
2008-09-07,212
2008-09-08,214
2008-09-09,212
2008-09-10,210
2008-09-11,216
2008-09-12,217
2008-09-13,216
2008-09-14,213
2008-09-15,214
2008-09-16,218
2008-09-17,214
2008-09-18,215
2008-09-19,215
2008-09-20,216
2008-09-21,212
2008-09-22,215
2008-09-23,213
2008-09-24,213
2008-09-25,210
2008-09-26,211
2008-09-27,208
2008-09-28,209
2008-09-29,209
2008-09-30,207
2008-10-01,206
2008-10-02,206
2008-10-03,205
2008-10-04,202
2008-10-05,202
2008-10-06,202
2008-10-07,202
2008-10-08,200
2008-10-09,203
2008-10-10,205
2008-10-11,205
2008-10-12,205
2008-10-13,203
2008-10-14,204
2008-10-15,201
2008-10-16,203
2008-10-17,202
2008-10-18,194
2008-10-19,191
2008-10-20,202
2008-10-21,200
2008-10-22,200
2008-10-23,199
2008-10-24,196
2008-10-25,193
2008-10-26,192
2008-10-27,193
2008-10-28,198
2008-10-29,201
2008-10-30,198
2008-10-31,198
2008-11-01,198
2008-11-02,197
2008-11-03,197
2008-11-04,195
2008-11-05,197
2008-11-06,200
2008-11-07,201
2008-11-08,200
2008-11-09,199
2008-11-10,202
2008-11-11,202
2008-11-12,204
2008-11-13,202
2008-11-14,204
2008-11-15,203
2008-11-16,203
2008-11-17,204
2008-11-18,205
2008-11-19,202
2008-11-20,201
2008-11-21,201
2008-11-22,200
2008-11-23,201
2008-11-24,199
2008-11-25,199
2008-11-26,201
2008-11-27,202
2008-11-28,201
2008-11-29,200
2008-11-30,198
2008-12-01,201
2008-12-02,201
2008-12-03,201
2008-12-04,200
2008-12-05,200
2008-12-06,202
2008-12-07,197
2008-12-08,197
2008-12-09,199
2008-12-10,201
2008-12-11,203
2008-12-12,200
2008-12-13,200
2008-12-14,199
2008-12-15,202
2008-12-16,198
2008-12-17,201
2008-12-18,200
2008-12-19,200
2008-12-20,199
2008-12-21,196
2008-12-22,191
2008-12-23,196
2008-12-24,200
2008-12-25,200
2008-12-26,203
2008-12-27,203
2008-12-28,195
2008-12-29,196
2008-12-30,197
2008-12-31,195
2009-01-01,201
2009-01-02,208
2009-01-03,203
2009-01-04,209
2009-01-05,213
2009-01-06,213
2009-01-07,209
2009-01-08,211
2009-01-09,211
2009-01-10,207
2009-01-11,208
2009-01-12,207
2009-01-13,207
2009-01-14,214
2009-01-15,214
2009-01-16,214
2009-01-17,209
2009-01-18,204
2009-01-19,206
2009-01-20,208
2009-01-21,209
2009-01-22,211
2009-01-23,211
2009-01-24,208
2009-01-25,205
2009-01-26,208
2009-01-27,212
2009-01-28,214
2009-01-29,212
2009-01-30,212
2009-01-31,211
2009-02-01,211
2009-02-02,214
2009-02-03,214
2009-02-04,214
2009-02-05,215
2009-02-06,215
2009-02-07,217
2009-02-08,217
2009-02-09,218
2009-02-10,218
2009-02-11,219
2009-02-12,221
2009-02-13,221
2009-02-14,220
2009-02-15,221
2009-02-16,225
2009-02-17,225
2009-02-18,225
2009-02-19,226
2009-02-20,224
2009-02-21,222
2009-02-22,219
2009-02-23,222
2009-02-24,219
2009-02-25,221
2009-02-26,222
2009-02-27,221
2009-02-28,222
2009-03-01,218
2009-03-02,219
2009-03-03,219
2009-03-04,218
2009-03-05,216
2009-03-06,220
2009-03-07,218
2009-03-08,217
2009-03-09,219
2009-03-10,219
2009-03-11,221
2009-03-12,222
2009-03-13,219
2009-03-14,218
2009-03-15,220
2009-03-16,220
2009-03-17,222
2009-03-18,221
2009-03-19,223
2009-03-20,221
2009-03-21,221
2009-03-22,220
2009-03-23,220
2009-03-24,219
2009-03-25,218
2009-03-26,219
2009-03-27,217
2009-03-28,216
2009-03-29,177
2009-03-30,198
2009-03-31,222
2009-04-01,232
2009-04-02,224
2009-04-03,229
2009-04-04,227
2009-04-05,226
2009-04-06,225
2009-04-07,225
2009-04-08,215
2009-04-09,217
2009-04-10,216
2009-04-11,216
2009-04-12,214
2009-04-13,216
2009-04-14,227
2009-04-15,227
2009-04-16,229
2009-04-17,228
2009-04-18,227
2009-04-19,225
2009-04-20,221
2009-04-21,223
2009-04-22,214
2009-04-23,223
2009-04-24,225
2009-04-25,231
2009-04-26,232
2009-04-27,230
2009-04-28,224
2009-04-29,231
2009-04-30,225
2009-05-01,231
2009-05-02,223
2009-05-03,227
2009-05-04,224
2009-05-05,222
2009-05-06,222
2009-05-07,225
2009-05-08,223
2009-05-09,223
2009-05-10,228
2009-05-11,223
2009-05-12,228
2009-05-13,221
2009-05-14,222
2009-05-15,228
2009-05-16,235
2009-05-17,228
2009-05-18,231
2009-05-19,231
2009-05-20,226
2009-05-21,237
2009-05-22,238
2009-05-23,227
2009-05-24,236
2009-05-25,230
2009-05-26,230
2009-05-27,231
2009-05-28,235
2009-05-29,233
2009-05-30,229
2009-05-31,219
2009-06-01,220
2009-06-02,227
2009-06-03,226
2009-06-04,225
2009-06-05,227
2009-06-06,227
2009-06-07,226
2009-06-08,227
2009-06-09,226
2009-06-10,227
2009-06-11,226
2009-06-12,226
2009-06-13,224
2009-06-14,224
2009-06-15,219
2009-06-16,226
2009-06-17,219
2009-06-18,219
2009-06-19,228
2009-06-20,221
2009-06-21,219
2009-06-22,222
2009-06-23,228
2009-06-24,221
2009-06-25,223
2009-06-26,225
2009-06-27,228
2009-06-28,228
2009-06-29,231
2009-06-30,233
2009-07-01,227
2009-07-02,220
2009-07-03,229
2009-07-04,231
2009-07-05,224
2009-07-06,237
2009-07-07,237
2009-07-08,236
2009-07-09,236
2009-07-10,230
2009-07-11,223
2009-07-12,230
2009-07-13,233
2009-07-14,225
2009-07-15,233
2009-07-16,230
2009-07-17,228
2009-07-18,221
2009-07-19,231
2009-07-20,223
2009-07-21,222
2009-07-22,224
2009-07-23,223
2009-07-24,229
2009-07-25,233
2009-07-26,232
2009-07-27,228
2009-07-28,231
2009-07-29,232
2009-07-30,233
2009-07-31,226
2009-08-01,234
2009-08-02,233
2009-08-03,231
2009-08-04,230
2009-08-05,233
2009-08-06,220
2009-08-07,221
2009-08-08,220
2009-08-09,226
2009-08-10,227
2009-08-11,226
2009-08-12,231
2009-08-13,232
2009-08-14,226
2009-08-15,226
2009-08-16,231
2009-08-17,235
2009-08-18,236
2009-08-19,234
2009-08-20,236
2009-08-21,230
2009-08-22,227
2009-08-23,236
2009-08-24,229
2009-08-25,230
2009-08-26,235
2009-08-27,232
2009-08-28,237
2009-08-29,237
2009-08-30,237
2009-08-31,242
2009-09-01,234
2009-09-02,243
2009-09-03,243
2009-09-04,235
2009-09-05,239
2009-09-06,239
2009-09-07,239
2009-09-08,235
2009-09-09,235
2009-09-10,240
2009-09-11,239
2009-09-12,241
2009-09-13,236
2009-09-14,244
2009-09-15,243
2009-09-16,240
2009-09-17,247
2009-09-18,252
2009-09-19,248
2009-09-20,243
2009-09-21,252
2009-09-22,249
2009-09-23,253
2009-09-24,257
2009-09-25,249
2009-09-26,249
2009-09-27,251
2009-09-28,260
2009-09-29,258
2009-09-30,256
2009-10-01,256
2009-10-02,255
2009-10-03,254
2009-10-04,254
2009-10-05,243
2009-10-06,250
2009-10-07,252
2009-10-08,253
2009-10-09,250
2009-10-10,246
2009-10-11,246
2009-10-12,251
2009-10-13,252
2009-10-14,251
2009-10-15,255
2009-10-16,257
2009-10-17,247
2009-10-18,243
2009-10-19,253
2009-10-20,256
2009-10-21,247
2009-10-22,257
2009-10-23,259
2009-10-24,258
2009-10-25,258
2009-10-26,261
2009-10-27,265
2009-10-28,272
2009-10-29,271
2009-10-30,262
2009-10-31,262
2009-11-01,261
2009-11-02,263
2009-11-03,262
2009-11-04,261
2009-11-05,261
2009-11-06,262
2009-11-07,260
2009-11-08,260
2009-11-09,258
2009-11-10,258
2009-11-11,258
2009-11-12,254
2009-11-13,265
2009-11-14,260
2009-11-15,253
2009-11-16,258
2009-11-17,259
2009-11-18,263
2009-11-19,258
2009-11-20,256
2009-11-21,257
2009-11-22,265
2009-11-23,266
2009-11-24,267
2009-11-25,262
2009-11-26,265
2009-11-27,264
2009-11-28,264
2009-11-29,251
2009-11-30,252
2009-12-01,252
2009-12-02,258
2009-12-03,257
2009-12-04,249
2009-12-05,247
2009-12-06,252
2009-12-07,244
2009-12-08,258
2009-12-09,257
2009-12-10,259
2009-12-11,253
2009-12-12,253
2009-12-13,253
2009-12-14,249
2009-12-15,247
2009-12-16,251
2009-12-17,255
2009-12-18,243
2009-12-19,251
2009-12-20,252
2009-12-21,253
2009-12-22,243
2009-12-23,248
2009-12-24,245
2009-12-25,235
2009-12-26,240
2009-12-27,242
2009-12-28,240
2009-12-29,241
2009-12-30,243
2009-12-31,242
2010-01-01,240
2010-01-02,244
2010-01-03,242
2010-01-04,246
2010-01-05,249
2010-01-06,247
2010-01-07,244
2010-01-08,243
2010-01-09,248
2010-01-10,246
2010-01-11,238
2010-01-12,248
2010-01-13,244
2010-01-14,245
2010-01-15,247
2010-01-16,245
2010-01-17,249
2010-01-18,254
2010-01-19,253
2010-01-20,253
2010-01-21,254
2010-01-22,245
2010-01-23,252
2010-01-24,249
2010-01-25,249
2010-01-26,248
2010-01-27,247
2010-01-28,248
2010-01-29,242
2010-01-30,242
2010-01-31,243
2010-02-01,247
2010-02-02,249
2010-02-03,242
2010-02-04,249
2010-02-05,251
2010-02-06,251
2010-02-07,249
2010-02-08,250
2010-02-09,247
2010-02-10,244
2010-02-11,244
2010-02-12,243
2010-02-13,242
2010-02-14,243
2010-02-15,250
2010-02-16,242
2010-02-17,250
2010-02-18,251
2010-02-19,251
2010-02-20,232
2010-02-21,235
2010-02-22,243
2010-02-23,248
2010-02-24,243
2010-02-25,250
2010-02-26,249
2010-02-27,252
2010-02-28,247
2010-03-01,250
2010-03-02,250
2010-03-03,249
2010-03-04,248
2010-03-05,252
2010-03-06,240
2010-03-07,247
2010-03-08,248
2010-03-09,251
2010-03-10,254
2010-03-11,254
2010-03-12,249
2010-03-13,247
2010-03-14,248
2010-03-15,249
2010-03-16,255
2010-03-17,256
2010-03-18,255
2010-03-19,252
2010-03-20,254
2010-03-21,259
2010-03-22,255
2010-03-23,249
2010-03-24,256
2010-03-25,257
2010-03-26,261
2010-03-27,255
2010-03-28,260
2010-03-29,251
2010-03-30,259
2010-03-31,256
2010-04-01,254
2010-04-02,263
2010-04-03,261
2010-04-04,260
2010-04-05,261
2010-04-06,259
2010-04-07,258
2010-04-08,256
2010-04-09,265
2010-04-10,263
2010-04-11,262
2010-04-12,269
2010-04-13,264
2010-04-14,263
2010-04-15,262
2010-04-16,260
2010-04-17,263
2010-04-18,263
2010-04-19,257
2010-04-20,259
2010-04-21,267
2010-04-22,262
2010-04-23,268
2010-04-24,269
2010-04-25,267
2010-04-26,267
2010-04-27,266
2010-04-28,262
2010-04-29,270
2010-04-30,270
2010-05-01,270
2010-05-02,270
2010-05-03,269
2010-05-04,270
2010-05-05,273
2010-05-06,272
2010-05-07,272
2010-05-08,272
2010-05-09,275
2010-05-10,265
2010-05-11,265
2010-05-12,268
2010-05-13,271
2010-05-14,272
2010-05-15,264
2010-05-16,273
2010-05-17,268
2010-05-18,264
2010-05-19,272
2010-05-20,275
2010-05-21,264
2010-05-22,270
2010-05-23,268
2010-05-24,273
2010-05-25,273
2010-05-26,274
2010-05-27,275
2010-05-28,269
2010-05-29,276
2010-05-30,269
2010-05-31,279
2010-06-01,279
2010-06-02,280
2010-06-03,280
2010-06-04,271
2010-06-05,272
2010-06-06,277
2010-06-07,274
2010-06-08,273
2010-06-09,281
2010-06-10,283
2010-06-11,284
2010-06-12,285
2010-06-13,286
2010-06-14,281
2010-06-15,283
2010-06-16,285
2010-06-17,283
2010-06-18,278
2010-06-19,279
2010-06-20,272
2010-06-21,270
2010-06-22,276
2010-06-23,273
2010-06-24,280
2010-06-25,269
2010-06-26,279
2010-06-27,279
2010-06-28,277
2010-06-29,280
2010-06-30,280
2010-07-01,270
2010-07-02,277
2010-07-03,265
2010-07-04,271
2010-07-05,266
2010-07-06,267
2010-07-07,277
2010-07-08,271
2010-07-09,271
2010-07-10,276
2010-07-11,264
2010-07-12,265
2010-07-13,260
2010-07-14,268
2010-07-15,263
2010-07-16,263
2010-07-17,270
2010-07-18,270
2010-07-19,273
2010-07-20,276
2010-07-21,277
2010-07-22,276
2010-07-23,271
2010-07-24,264
2010-07-25,266
2010-07-26,265
2010-07-27,266
2010-07-28,276
2010-07-29,274
2010-07-30,285
2010-07-31,284
2010-08-01,275
2010-08-02,280
2010-08-03,279
2010-08-04,276
2010-08-05,283
2010-08-06,279
2010-08-07,282
2010-08-08,284
2010-08-09,284
2010-08-10,289
2010-08-11,290
2010-08-12,290
2010-08-13,293
2010-08-14,292
2010-08-15,293
2010-08-16,290
2010-08-17,284
2010-08-18,296
2010-08-19,288
2010-08-20,298
2010-08-21,294
2010-08-22,284
2010-08-23,290
2010-08-24,296
2010-08-25,292
2010-08-26,294
2010-08-27,301
2010-08-28,293
2010-08-29,297
2010-08-30,302
2010-08-31,292
2010-09-01,291
2010-09-02,287
2010-09-03,294
2010-09-04,293
2010-09-05,284
2010-09-06,282
2010-09-07,293
2010-09-08,292
2010-09-09,294
2010-09-10,289
2010-09-11,296
2010-09-12,287
2010-09-13,293
2010-09-14,294
2010-09-15,297
2010-09-16,288
2010-09-17,296
2010-09-18,286
2010-09-19,285
2010-09-20,293
2010-09-21,284
2010-09-22,293
2010-09-23,285
2010-09-24,287
2010-09-25,292
2010-09-26,293
2010-09-27,293
2010-09-28,287
2010-09-29,294
2010-09-30,285
2010-10-01,279
2010-10-02,277
2010-10-03,286
2010-10-04,291
2010-10-05,285
2010-10-06,286
2010-10-07,288
2010-10-08,295
2010-10-09,289
2010-10-10,286
2010-10-11,286
2010-10-12,296
2010-10-13,290
2010-10-14,290
2010-10-15,287
2010-10-16,293
2010-10-17,291
2010-10-18,289
2010-10-19,295
2010-10-20,295
2010-10-21,295
2010-10-22,300
2010-10-23,293
2010-10-24,294
2010-10-25,295
2010-10-26,294
2010-10-27,296
2010-10-28,296
2010-10-29,296
2010-10-30,298
2010-10-31,298
2010-11-01,292
2010-11-02,296
2010-11-03,296
2010-11-04,299
2010-11-05,300
2010-11-06,298
2010-11-07,291
2010-11-08,299
2010-11-09,294
2010-11-10,299
2010-11-11,293
2010-11-12,305
2010-11-13,294
2010-11-14,291
2010-11-15,291
2010-11-16,303
2010-11-17,305
2010-11-18,302
2010-11-19,299
2010-11-20,294
2010-11-21,301
2010-11-22,304
2010-11-23,300
2010-11-24,296
2010-11-25,294
2010-11-26,304
2010-11-27,300
2010-11-28,292
2010-11-29,294
2010-11-30,300
2010-12-01,300
2010-12-02,303
2010-12-03,299
2010-12-04,290
2010-12-05,299
2010-12-06,299
2010-12-07,296
2010-12-08,293
2010-12-09,292
2010-12-10,292
2010-12-11,292
2010-12-12,283
2010-12-13,292
2010-12-14,289
2010-12-15,296
2010-12-16,282
2010-12-17,279
2010-12-18,290
2010-12-19,282
2010-12-20,291
2010-12-21,290
2010-12-22,295
2010-12-23,295
2010-12-24,293
2010-12-25,290
2010-12-26,288
2010-12-27,289
2010-12-28,286
2010-12-29,287
2010-12-30,286
2010-12-31,282
2011-01-01,286
2011-01-02,286
2011-01-03,271
2011-01-04,281
2011-01-05,286
2011-01-06,279
2011-01-07,290
2011-01-08,289
2011-01-09,288
2011-01-10,291
2011-01-11,285
2011-01-12,292
2011-01-13,285
2011-01-14,285
2011-01-15,293
2011-01-16,290
2011-01-17,288
2011-01-18,293
2011-01-19,293
2011-01-20,287
2011-01-21,294
2011-01-22,293
2011-01-23,291
2011-01-24,294
2011-01-25,294
2011-01-26,296
2011-01-27,297
2011-01-28,292
2011-01-29,294
2011-01-30,294
2011-01-31,296
2011-02-01,296
2011-02-02,297
2011-02-03,298
2011-02-04,295
2011-02-05,294
2011-02-06,294
2011-02-07,292
2011-02-08,291
2011-02-09,282
2011-02-10,289
2011-02-11,292
2011-02-12,289
2011-02-13,289
2011-02-14,292
2011-02-15,293
2011-02-16,284
2011-02-17,291
2011-02-18,285
2011-02-19,282
2011-02-20,289
2011-02-21,292
2011-02-22,293
2011-02-23,293
2011-02-24,286
2011-02-25,291
2011-02-26,288
2011-02-27,280
2011-02-28,290
2011-03-01,290
2011-03-02,284
2011-03-03,292
2011-03-04,292
2011-03-05,284
2011-03-06,289
2011-03-07,289
2011-03-08,283
2011-03-09,290
2011-03-10,294
2011-03-11,293
2011-03-12,292
2011-03-13,291
2011-03-14,294
2011-03-15,294
2011-03-16,292
2011-03-17,292
2011-03-18,286
2011-03-19,291
2011-03-20,290
2011-03-21,291
2011-03-22,290
2011-03-23,292
2011-03-24,289
2011-03-25,291
2011-03-26,285
2011-03-27,293
2011-03-28,288
2011-03-29,297
2011-03-30,298
2011-03-31,296
2011-04-01,295
2011-04-02,296
2011-04-03,297
2011-04-04,296
2011-04-05,295
2011-04-06,291
2011-04-07,292
2011-04-08,288
2011-04-09,295
2011-04-10,294
2011-04-11,293
2011-04-12,291
2011-04-13,289
2011-04-14,290
2011-04-15,292
2011-04-16,297
2011-04-17,296
2011-04-18,295
2011-04-19,283
2011-04-20,283
2011-04-21,288
2011-04-22,293
2011-04-23,289
2011-04-24,284
2011-04-25,287
2011-04-26,290
2011-04-27,284
2011-04-28,293
2011-04-29,290
2011-04-30,292
2011-05-01,285
2011-05-02,284
2011-05-03,283
2011-05-04,290
2011-05-05,293
2011-05-06,295
2011-05-07,291
2011-05-08,284
2011-05-09,292
2011-05-10,293
2011-05-11,292
2011-05-12,287
2011-05-13,292
2011-05-14,281
2011-05-15,280
2011-05-16,279
2011-05-17,286
2011-05-18,291
2011-05-19,292
2011-05-20,292
2011-05-21,291
2011-05-22,292
2011-05-23,286
2011-05-24,291
2011-05-25,284
2011-05-26,283
2011-05-27,285
2011-05-28,291
2011-05-29,290
2011-05-30,285
2011-05-31,284
2011-06-01,294
2011-06-02,292
2011-06-03,291
2011-06-04,285
2011-06-05,291
2011-06-06,286
2011-06-07,292
2011-06-08,295
2011-06-09,297
2011-06-10,292
2011-06-11,287
2011-06-12,294
2011-06-13,299
2011-06-14,299
2011-06-15,299
2011-06-16,298
2011-06-17,295
2011-06-18,290
2011-06-19,286
2011-06-20,292
2011-06-21,293
2011-06-22,296
2011-06-23,288
2011-06-24,294
2011-06-25,287
2011-06-26,295
2011-06-27,295
2011-06-28,297
2011-06-29,297
2011-06-30,302
2011-07-01,304
2011-07-02,291
2011-07-03,298
2011-07-04,299
2011-07-05,299
2011-07-06,300
2011-07-07,300
2011-07-08,299
2011-07-09,299
2011-07-10,298
2011-07-11,297
2011-07-12,299
2011-07-13,301
2011-07-14,299
2011-07-15,298
2011-07-16,295
2011-07-17,289
2011-07-18,290
2011-07-19,288
2011-07-20,290
2011-07-21,287
2011-07-22,287
2011-07-23,285
2011-07-24,283
2011-07-25,282
2011-07-26,282
2011-07-27,283
2011-07-28,285
2011-07-29,289
2011-07-30,288
2011-07-31,294
2011-08-01,293
2011-08-02,287
2011-08-03,296
2011-08-04,296
2011-08-05,294
2011-08-06,290
2011-08-07,292
2011-08-08,281
2011-08-09,289
2011-08-10,286
2011-08-11,286
2011-08-12,275
2011-08-13,281
2011-08-14,270
2011-08-15,280
2011-08-16,280
2011-08-17,269
2011-08-18,261
2011-08-19,269
2011-08-20,269
2011-08-21,259
2011-08-22,268
2011-08-23,263
2011-08-24,271
2011-08-25,272
2011-08-26,264
2011-08-27,272
2011-08-28,270
2011-08-29,261
2011-08-30,271
2011-08-31,267
2011-09-01,275
2011-09-02,275
2011-09-03,275
2011-09-04,273
2011-09-05,272
2011-09-06,264
2011-09-07,271
2011-09-08,263
2011-09-09,269
2011-09-10,267
2011-09-11,265
2011-09-12,263
2011-09-13,254
2011-09-14,259
2011-09-15,265
2011-09-16,265
2011-09-17,263
2011-09-18,266
2011-09-19,265
2011-09-20,266
2011-09-21,259
2011-09-22,263
2011-09-23,261
2011-09-24,252
2011-09-25,253
2011-09-26,255
2011-09-27,254
2011-09-28,262
2011-09-29,267
2011-09-30,260
2011-10-01,261
2011-10-02,260
2011-10-03,270
2011-10-04,272
2011-10-05,265
2011-10-06,275
2011-10-07,275
2011-10-08,267
2011-10-09,251
2011-10-10,273
2011-10-11,268
2011-10-12,267
2011-10-13,276
2011-10-14,277
2011-10-15,269
2011-10-16,276
2011-10-17,271
2011-10-18,281
2011-10-19,278
2011-10-20,279
2011-10-21,278
2011-10-22,271
2011-10-23,279
2011-10-24,270
2011-10-25,276
2011-10-26,276
2011-10-27,272
2011-10-28,271
2011-10-29,264
2011-10-30,271
2011-10-31,271
2011-11-01,273
2011-11-02,272
2011-11-03,275
2011-11-04,275
2011-11-05,272
2011-11-06,273
2011-11-07,274
2011-11-08,274
2011-11-09,278
2011-11-10,275
2011-11-11,282
2011-11-12,274
2011-11-13,273
2011-11-14,280
2011-11-15,280
2011-11-16,282
2011-11-17,280
2011-11-18,279
2011-11-19,272
2011-11-20,271
2011-11-21,279
2011-11-22,280
2011-11-23,279
2011-11-24,278
2011-11-25,278
2011-11-26,275
2011-11-27,278
2011-11-28,278
2011-11-29,279
2011-11-30,279
2011-12-01,284
2011-12-02,284
2011-12-03,282
2011-12-04,282
2011-12-05,285
2011-12-06,279
2011-12-07,285
2011-12-08,280
2011-12-09,285
2011-12-10,278
2011-12-11,285
2011-12-12,279
2011-12-13,288
2011-12-14,284
2011-12-15,285
2011-12-16,283
2011-12-17,275
2011-12-18,273
2011-12-19,281
2011-12-20,273
2011-12-21,276
2011-12-22,280
2011-12-23,285
2011-12-24,276
2011-12-25,283
2011-12-26,282
2011-12-27,283
2011-12-28,280
2011-12-29,272
2011-12-30,281
2011-12-31,274
2012-01-01,280
2012-01-02,272
2012-01-03,276
2012-01-04,277
2012-01-05,287
2012-01-06,288
2012-01-07,280
2012-01-08,285
2012-01-09,285
2012-01-10,284
2012-01-11,283
2012-01-12,283
2012-01-13,281
2012-01-14,282
2012-01-15,280
2012-01-16,283
2012-01-17,281
2012-01-18,283
2012-01-19,283
2012-01-20,280
2012-01-21,277
2012-01-22,281
2012-01-23,282
2012-01-24,283
2012-01-25,274
2012-01-26,273
2012-01-27,275
2012-01-28,281
2012-01-29,275
2012-01-30,283
2012-01-31,275
2012-02-01,274
2012-02-02,281
2012-02-03,282
2012-02-04,285
2012-02-05,286
2012-02-06,284
2012-02-07,279
2012-02-08,285
2012-02-09,285
2012-02-10,286
2012-02-11,283
2012-02-12,275
2012-02-13,281
2012-02-14,281
2012-02-15,281
2012-02-16,274
2012-02-17,282
2012-02-18,273
2012-02-19,269
2012-02-20,278
2012-02-21,265
2012-02-22,266
2012-02-23,263
2012-02-24,272
2012-02-25,264
2012-02-26,272
2012-02-27,272
2012-02-28,271
2012-02-29,271
2012-03-01,269
2012-03-02,269
2012-03-03,276
2012-03-04,276
2012-03-05,276
2012-03-06,272
2012-03-07,282
2012-03-08,282
2012-03-09,281
2012-03-10,281
2012-03-11,280
2012-03-12,281
2012-03-13,282
2012-03-14,278
2012-03-15,265
2012-03-16,276
2012-03-17,275
2012-03-18,267
2012-03-19,275
2012-03-20,274
2012-03-21,272
2012-03-22,270
2012-03-23,264
2012-03-24,265
2012-03-25,272
2012-03-26,272
2012-03-27,273
2012-03-28,270
2012-03-29,270
2012-03-30,269
2012-03-31,269
2012-04-01,273
2012-04-02,273
2012-04-03,267
2012-04-04,265
2012-04-05,268
2012-04-06,272
2012-04-07,264
2012-04-08,272
2012-04-09,267
2012-04-10,277
2012-04-11,274
2012-04-12,273
2012-04-13,274
2012-04-14,272
2012-04-15,274
2012-04-16,279
2012-04-17,282
2012-04-18,282
2012-04-19,274
2012-04-20,281
2012-04-21,278
2012-04-22,278
2012-04-23,281
2012-04-24,282
2012-04-25,280
2012-04-26,284
2012-04-27,277
2012-04-28,282
2012-04-29,282
2012-04-30,282
2012-05-01,283
2012-05-02,283
2012-05-03,282
2012-05-04,279
2012-05-05,279
2012-05-06,273
2012-05-07,283
2012-05-08,277
2012-05-09,277
2012-05-10,282
2012-05-11,281
2012-05-12,282
2012-05-13,282
2012-05-14,280
2012-05-15,276
2012-05-16,281
2012-05-17,276
2012-05-18,283
2012-05-19,282
2012-05-20,282
2012-05-21,286
2012-05-22,286
2012-05-23,286
2012-05-24,289
2012-05-25,282
2012-05-26,287
2012-05-27,287
2012-05-28,287
2012-05-29,288
2012-05-30,292
2012-05-31,287
2012-06-01,292
2012-06-02,289
2012-06-03,281
2012-06-04,290
2012-06-05,292
2012-06-06,290
2012-06-07,289
2012-06-08,284
2012-06-09,290
2012-06-10,291
2012-06-11,291
2012-06-12,282
2012-06-13,289
2012-06-14,285
2012-06-15,280
2012-06-16,285
2012-06-17,286
2012-06-18,287
2012-06-19,286
2012-06-20,281
2012-06-21,282
2012-06-22,286
2012-06-23,287
2012-06-24,283
2012-06-25,278
2012-06-26,285
2012-06-27,286
2012-06-28,288
2012-06-29,295
2012-06-30,289
2012-07-01,284
2012-07-02,293
2012-07-03,293
2012-07-04,288
2012-07-05,293
2012-07-06,300
2012-07-07,299
2012-07-08,298
2012-07-09,299
2012-07-10,291
2012-07-11,301
2012-07-12,301
2012-07-13,294
2012-07-14,300
2012-07-15,292
2012-07-16,293
2012-07-17,296
2012-07-18,303
2012-07-19,307
2012-07-20,305
2012-07-21,304
2012-07-22,302
2012-07-23,299
2012-07-24,295
2012-07-25,303
2012-07-26,303
2012-07-27,292
2012-07-28,299
2012-07-29,299
2012-07-30,300
2012-07-31,295
2012-08-01,304
2012-08-02,306
2012-08-03,299
2012-08-04,299
2012-08-05,307
2012-08-06,299
2012-08-07,304
2012-08-08,313
2012-08-09,308
2012-08-10,319
2012-08-11,315
2012-08-12,316
2012-08-13,306
2012-08-14,310
2012-08-15,308
2012-08-16,314
2012-08-17,313
2012-08-18,312
2012-08-19,311
2012-08-20,306
2012-08-21,311
2012-08-22,305
2012-08-23,307
2012-08-24,313
2012-08-25,306
2012-08-26,312
2012-08-27,314
2012-08-28,311
2012-08-29,302
2012-08-30,311
2012-08-31,306
2012-09-01,309
2012-09-02,307
2012-09-03,304
2012-09-04,298
2012-09-05,308
2012-09-06,311
2012-09-07,307
2012-09-08,308
2012-09-09,308
2012-09-10,299
2012-09-11,303
2012-09-12,296
2012-09-13,293
2012-09-14,302
2012-09-15,299
2012-09-16,296
2012-09-17,299
2012-09-18,301
2012-09-19,300
2012-09-20,305
2012-09-21,308
2012-09-22,314
2012-09-23,304
2012-09-24,310
2012-09-25,321
2012-09-26,322
2012-09-27,318
2012-09-28,309
2012-09-29,311
2012-09-30,310
2012-10-01,309
2012-10-02,309
2012-10-03,311
2012-10-04,307
2012-10-05,317
2012-10-06,309
2012-10-07,307
2012-10-08,317
2012-10-09,319
2012-10-10,317
2012-10-11,317
2012-10-12,315
2012-10-13,305
2012-10-14,311
2012-10-15,313
2012-10-16,304
2012-10-17,314
2012-10-18,313
2012-10-19,313
2012-10-20,313
2012-10-21,314
2012-10-22,307
2012-10-23,314
2012-10-24,313
2012-10-25,306
2012-10-26,308
2012-10-27,304
2012-10-28,310
2012-10-29,309
2012-10-30,308
2012-10-31,303
2012-11-01,298
2012-11-02,305
2012-11-03,303
2012-11-04,303
2012-11-05,304
2012-11-06,304
2012-11-07,306
2012-11-08,306
2012-11-09,306
2012-11-10,306
2012-11-11,307
2012-11-12,307
2012-11-13,307
2012-11-14,309
2012-11-15,308
2012-11-16,310
2012-11-17,310
2012-11-18,299
2012-11-19,309
2012-11-20,310
2012-11-21,309
2012-11-22,312
2012-11-23,306
2012-11-24,306
2012-11-25,305
2012-11-26,312
2012-11-27,304
2012-11-28,311
2012-11-29,310
2012-11-30,310
2012-12-01,304
2012-12-02,302
2012-12-03,305
2012-12-04,306
2012-12-05,305
2012-12-06,306
2012-12-07,308
2012-12-08,306
2012-12-09,306
2012-12-10,307
2012-12-11,308
2012-12-12,308
2012-12-13,313
2012-12-14,312
2012-12-15,312
2012-12-16,309
2012-12-17,311
2012-12-18,313
2012-12-19,314
2012-12-20,314
2012-12-21,317
2012-12-22,315
2012-12-23,313
2012-12-24,312
2012-12-25,311
2012-12-26,312
2012-12-27,310
2012-12-28,307
2012-12-29,306
2012-12-30,307
2012-12-31,306
2013-01-01,298
2013-01-02,293
2013-01-03,295
2013-01-04,294
2013-01-05,303
2013-01-06,295
2013-01-07,296
2013-01-08,304
2013-01-09,304
2013-01-10,305
2013-01-11,294
2013-01-12,293
2013-01-13,300
2013-01-14,300
2013-01-15,303
2013-01-16,294
2013-01-17,293
2013-01-18,302
2013-01-19,295
2013-01-20,302
2013-01-21,301
2013-01-22,303
2013-01-23,303
2013-01-24,304
2013-01-25,297
2013-01-26,297
2013-01-27,304
2013-01-28,315
2013-01-29,305
2013-01-30,298
2013-01-31,298
2013-02-01,300
2013-02-02,299
2013-02-03,293
2013-02-04,291
2013-02-05,303
2013-02-06,304
2013-02-07,299
2013-02-08,300
2013-02-09,297
2013-02-10,295
2013-02-11,301
2013-02-12,292
2013-02-13,292
2013-02-14,298
2013-02-15,292
2013-02-16,298
2013-02-17,297
2013-02-18,297
2013-02-19,295
2013-02-20,302
2013-02-21,293
2013-02-22,298
2013-02-23,300
2013-02-24,295
2013-02-25,298
2013-02-26,298
2013-02-27,286
2013-02-28,295
2013-03-01,294
2013-03-02,283
2013-03-03,289
2013-03-04,283
2013-03-05,290
2013-03-06,282
2013-03-07,293
2013-03-08,285
2013-03-09,292
2013-03-10,285
2013-03-11,287
2013-03-12,285
2013-03-13,293
2013-03-14,286
2013-03-15,289
2013-03-16,289
2013-03-17,287
2013-03-18,288
2013-03-19,292
2013-03-20,280
2013-03-21,280
2013-03-22,278
2013-03-23,276
2013-03-24,285
2013-03-25,288
2013-03-26,288
2013-03-27,284
2013-03-28,278
2013-03-29,285
2013-03-30,286
2013-03-31,279
2013-04-01,286
2013-04-02,289
2013-04-03,288
2013-04-04,292
2013-04-05,289
2013-04-06,285
2013-04-07,281
2013-04-08,282
2013-04-09,287
2013-04-10,286
2013-04-11,287
2013-04-12,287
2013-04-13,279
2013-04-14,286
2013-04-15,279
2013-04-16,286
2013-04-17,286
2013-04-18,286
2013-04-19,289
2013-04-20,288
2013-04-21,286
2013-04-22,288
2013-04-23,288
2013-04-24,289
2013-04-25,281
2013-04-26,289
2013-04-27,281
2013-04-28,282
2013-04-29,293
2013-04-30,292
2013-05-01,292
2013-05-02,290
2013-05-03,285
2013-05-04,284
2013-05-05,284
2013-05-06,285
2013-05-07,289
2013-05-08,284
2013-05-09,282
2013-05-10,291
2013-05-11,289
2013-05-12,290
2013-05-13,285
2013-05-14,292
2013-05-15,294
2013-05-16,294
2013-05-17,294
2013-05-18,290
2013-05-19,287
2013-05-20,291
2013-05-21,292
2013-05-22,286
2013-05-23,298
2013-05-24,299
2013-05-25,298
2013-05-26,297
2013-05-27,298
2013-05-28,293
2013-05-29,294
2013-05-30,296
2013-05-31,296
2013-06-01,299
2013-06-02,301
2013-06-03,295
2013-06-04,302
2013-06-05,301
2013-06-06,292
2013-06-07,301
2013-06-08,293
2013-06-09,295
2013-06-10,296
2013-06-11,300
2013-06-12,297
2013-06-13,309
2013-06-14,302
2013-06-15,306
2013-06-16,301
2013-06-17,299
2013-06-18,308
2013-06-19,306
2013-06-20,310
2013-06-21,301
2013-06-22,303
2013-06-23,310
2013-06-24,310
2013-06-25,306
2013-06-26,306
2013-06-27,315
2013-06-28,313
2013-06-29,310
2013-06-30,305
2013-07-01,304
2013-07-02,310
2013-07-03,309
2013-07-04,312
2013-07-05,303
2013-07-06,312
2013-07-07,311
2013-07-08,312
2013-07-09,311
2013-07-10,303
2013-07-11,297
2013-07-12,296
2013-07-13,294
2013-07-14,281
2013-07-15,276
2013-07-16,279
2013-07-17,281
2013-07-18,276
2013-07-19,270
2013-07-20,277
2013-07-21,277
2013-07-22,278
2013-07-23,273
2013-07-24,280
2013-07-25,277
2013-07-26,278
2013-07-27,276
2013-07-28,273
2013-07-29,269
2013-07-30,270
2013-07-31,268
2013-08-01,278
2013-08-02,273
2013-08-03,270
2013-08-04,273
2013-08-05,268
2013-08-06,280
2013-08-07,274
2013-08-08,272
2013-08-09,274
2013-08-10,274
2013-08-11,280
2013-08-12,281
2013-08-13,281
2013-08-14,276
2013-08-15,274
2013-08-16,280
2013-08-17,278
2013-08-18,278
2013-08-19,273
2013-08-20,272
2013-08-21,277
2013-08-22,272
2013-08-23,272
2013-08-24,280
2013-08-25,270
2013-08-26,275
2013-08-27,275
2013-08-28,281
2013-08-29,274
2013-08-30,279
2013-08-31,276
2013-09-01,274
2013-09-02,274
2013-09-03,273
2013-09-04,274
2013-09-05,275
2013-09-06,273
2013-09-07,272
2013-09-08,263
2013-09-09,263
2013-09-10,273
2013-09-11,273
2013-09-12,268
2013-09-13,267
2013-09-14,263
2013-09-15,270
2013-09-16,268
2013-09-17,265
2013-09-18,265
2013-09-19,265
2013-09-20,273
2013-09-21,265
2013-09-22,259
2013-09-23,262
2013-09-24,270
2013-09-25,270
2013-09-26,267
2013-09-27,265
2013-09-28,275
2013-09-29,275
2013-09-30,269
2013-10-01,276
2013-10-02,275
2013-10-03,273
2013-10-04,272
2013-10-05,264
2013-10-06,267
2013-10-07,261
2013-10-08,271
2013-10-09,267
2013-10-10,267
2013-10-11,273
2013-10-12,273
2013-10-13,261
2013-10-14,270
2013-10-15,271
2013-10-16,272
2013-10-17,263
2013-10-18,268
2013-10-19,266
2013-10-20,265
2013-10-21,270
2013-10-22,255
2013-10-23,265
2013-10-24,258
2013-10-25,260
2013-10-26,253
2013-10-27,261
2013-10-28,255
2013-10-29,263
2013-10-30,264
2013-10-31,264
2013-11-01,263
2013-11-02,259
2013-11-03,258
2013-11-04,252
2013-11-05,260
2013-11-06,252
2013-11-07,258
2013-11-08,253
2013-11-09,250
2013-11-10,259
2013-11-11,261
2013-11-12,263
2013-11-13,265
2013-11-14,273
2013-11-15,274
2013-11-16,264
2013-11-17,269
2013-11-18,262
2013-11-19,269
2013-11-20,268
2013-11-21,261
2013-11-22,271
2013-11-23,267
2013-11-24,264
2013-11-25,267
2013-11-26,260
2013-11-27,262
2013-11-28,268
2013-11-29,261
2013-11-30,259
2013-12-01,268
2013-12-02,269
2013-12-03,262
2013-12-04,264
2013-12-05,262
2013-12-06,266
2013-12-07,266
2013-12-08,272
2013-12-09,266
2013-12-10,265
2013-12-11,273
2013-12-12,263
2013-12-13,271
2013-12-14,272
2013-12-15,271
2013-12-16,273
2013-12-17,272
2013-12-18,272
2013-12-19,266
2013-12-20,266
2013-12-21,262
2013-12-22,261
2013-12-23,268
2013-12-24,261
2013-12-25,258
2013-12-26,258
2013-12-27,258
2013-12-28,264
2013-12-29,258
2013-12-30,259
2013-12-31,264
2014-01-01,267
2014-01-02,264
2014-01-03,265
2014-01-04,270
2014-01-05,270
2014-01-06,270
2014-01-07,272
2014-01-08,275
2014-01-09,277
2014-01-10,278
2014-01-11,270
2014-01-12,269
2014-01-13,276
2014-01-14,268
2014-01-15,277
2014-01-16,273
2014-01-17,269
2014-01-18,270
2014-01-19,266
2014-01-20,273
2014-01-21,274
2014-01-22,269
2014-01-23,276
2014-01-24,266
2014-01-25,273
2014-01-26,266
2014-01-27,262
2014-01-28,267
2014-01-29,266
2014-01-30,268
2014-01-31,269
2014-02-01,276
2014-02-02,276
2014-02-03,274
2014-02-04,269
2014-02-05,278
2014-02-06,272
2014-02-07,282
2014-02-08,279
2014-02-09,278
2014-02-10,282
2014-02-11,282
2014-02-12,279
2014-02-13,271
2014-02-14,281
2014-02-15,274
2014-02-16,274
2014-02-17,281
2014-02-18,281
2014-02-19,281
2014-02-20,272
2014-02-21,271
2014-02-22,279
2014-02-23,272
2014-02-24,281
2014-02-25,281
2014-02-26,280
2014-02-27,286
2014-02-28,283
2014-03-01,276
2014-03-02,280
2014-03-03,277
2014-03-04,284
2014-03-05,279
2014-03-06,281
2014-03-07,288
2014-03-08,278
2014-03-09,286
2014-03-10,291
2014-03-11,290
2014-03-12,292
2014-03-13,292
2014-03-14,290
2014-03-15,286
2014-03-16,285
2014-03-17,286
2014-03-18,284
2014-03-19,285
2014-03-20,286
2014-03-21,284
2014-03-22,283
2014-03-23,282
2014-03-24,290
2014-03-25,285
2014-03-26,292
2014-03-27,292
2014-03-28,292
2014-03-29,291
2014-03-30,291
2014-03-31,284
2014-04-01,293
2014-04-02,297
2014-04-03,296
2014-04-04,296
2014-04-05,291
2014-04-06,291
2014-04-07,296
2014-04-08,295
2014-04-09,288
2014-04-10,293
2014-04-11,298
2014-04-12,296
2014-04-13,293
2014-04-14,300
2014-04-15,298
2014-04-16,295
2014-04-17,300
2014-04-18,302
2014-04-19,301
2014-04-20,299
2014-04-21,300
2014-04-22,297
2014-04-23,295
2014-04-24,304
2014-04-25,296
2014-04-26,294
2014-04-27,292
2014-04-28,293
2014-04-29,295
2014-04-30,305
2014-05-01,303
2014-05-02,289
2014-05-03,288
2014-05-04,295
2014-05-05,300
2014-05-06,305
2014-05-07,299
2014-05-08,298
2014-05-09,299
2014-05-10,299
2014-05-11,298
2014-05-12,301
2014-05-13,303
2014-05-14,306
2014-05-15,308
2014-05-16,307
2014-05-17,309
2014-05-18,304
2014-05-19,304
2014-05-20,302
2014-05-21,302
2014-05-22,297
2014-05-23,301
2014-05-24,301
2014-05-25,291
2014-05-26,288
2014-05-27,289
2014-05-28,299
2014-05-29,290
2014-05-30,299
2014-05-31,299
2014-06-01,298
2014-06-02,289
2014-06-03,290
2014-06-04,295
2014-06-05,296
2014-06-06,292
2014-06-07,298
2014-06-08,290
2014-06-09,287
2014-06-10,289
2014-06-11,285
2014-06-12,283
2014-06-13,294
2014-06-14,290
2014-06-15,293
2014-06-16,297
2014-06-17,291
2014-06-18,289
2014-06-19,297
2014-06-20,299
2014-06-21,299
2014-06-22,291
2014-06-23,299
2014-06-24,297
2014-06-25,290
2014-06-26,293
2014-06-27,293
2014-06-28,293
2014-06-29,298
2014-06-30,294
2014-07-01,290
2014-07-02,300
2014-07-03,300
2014-07-04,298
2014-07-05,297
2014-07-06,289
2014-07-07,302
2014-07-08,300
2014-07-09,297
2014-07-10,286
2014-07-11,294
2014-07-12,292
2014-07-13,291
2014-07-14,296
2014-07-15,289
2014-07-16,286
2014-07-17,296
2014-07-18,288
2014-07-19,297
2014-07-20,297
2014-07-21,301
2014-07-22,300
2014-07-23,296
2014-07-24,298
2014-07-25,304
2014-07-26,300
2014-07-27,298
2014-07-28,297
2014-07-29,302
2014-07-30,307
2014-07-31,306
2014-08-01,302
2014-08-02,299
2014-08-03,297
2014-08-04,294
2014-08-05,297
2014-08-06,302
2014-08-07,296
2014-08-08,303
2014-08-09,296
2014-08-10,304
2014-08-11,297
2014-08-12,299
2014-08-13,305
2014-08-14,307
2014-08-15,300
2014-08-16,304
2014-08-17,295
2014-08-18,302
2014-08-19,291
2014-08-20,299
2014-08-21,299
2014-08-22,292
2014-08-23,295
2014-08-24,294
2014-08-25,299
2014-08-26,293
2014-08-27,300
2014-08-28,301
2014-08-29,289
2014-08-30,293
2014-08-31,299
2014-09-01,290
2014-09-02,295
2014-09-03,300
2014-09-04,302
2014-09-05,295
2014-09-06,285
2014-09-07,293
2014-09-08,301
2014-09-09,310
2014-09-10,313
2014-09-11,303
2014-09-12,307
2014-09-13,314
2014-09-14,307
2014-09-15,314
2014-09-16,314
2014-09-17,312
2014-09-18,308
2014-09-19,307
2014-09-20,313
2014-09-21,312
2014-09-22,313
2014-09-23,306
2014-09-24,313
2014-09-25,316
2014-09-26,318
2014-09-27,312
2014-09-28,313
2014-09-29,315
2014-09-30,308
2014-10-01,311
2014-10-02,313
2014-10-03,313
2014-10-04,308
2014-10-05,292
2014-10-06,314
2014-10-07,309
2014-10-08,315
2014-10-09,315
2014-10-10,314
2014-10-11,312
2014-10-12,310
2014-10-13,313
2014-10-14,313
2014-10-15,319
2014-10-16,321
2014-10-17,314
2014-10-18,319
2014-10-19,319
2014-10-20,320
2014-10-21,316
2014-10-22,316
2014-10-23,316
2014-10-24,325
2014-10-25,318
2014-10-26,314
2014-10-27,318
2014-10-28,327
2014-10-29,321
2014-10-30,321
2014-10-31,322
2014-11-01,317
2014-11-02,317
2014-11-03,326
2014-11-04,328
2014-11-05,327
2014-11-06,326
2014-11-07,325
2014-11-08,324
2014-11-09,324
2014-11-10,328
2014-11-11,328
2014-11-12,329
2014-11-13,330
2014-11-14,331
2014-11-15,322
2014-11-16,321
2014-11-17,328
2014-11-18,329
2014-11-19,332
2014-11-20,335
2014-11-21,335
2014-11-22,332
2014-11-23,332
2014-11-24,333
2014-11-25,334
2014-11-26,335
2014-11-27,340
2014-11-28,338
2014-11-29,341
2014-11-30,340
2014-12-01,349
2014-12-02,350
2014-12-03,351
2014-12-04,347
2014-12-05,347
2014-12-06,343
2014-12-07,342
2014-12-08,346
2014-12-09,345
2014-12-10,343
2014-12-11,346
2014-12-12,343
2014-12-13,344
2014-12-14,334
2014-12-15,342
2014-12-16,344
2014-12-17,342
2014-12-18,339
2014-12-19,334
2014-12-20,333
2014-12-21,336
2014-12-22,337
2014-12-23,330
2014-12-24,338
2014-12-25,331
2014-12-26,340
2014-12-27,337
2014-12-28,334
2014-12-29,336
2014-12-30,331
2014-12-31,332
2015-01-01,324
2015-01-02,331
2015-01-03,322
2015-01-04,327
2015-01-05,327
2015-01-06,333
2015-01-07,337
2015-01-08,339
2015-01-09,334
2015-01-10,332
2015-01-11,325
2015-01-12,331
2015-01-13,323
2015-01-14,332
2015-01-15,326
2015-01-16,333
2015-01-17,325
2015-01-18,330
2015-01-19,326
2015-01-20,329
2015-01-21,329
2015-01-22,332
2015-01-23,341
2015-01-24,328
2015-01-25,329
2015-01-26,331
2015-01-27,339
2015-01-28,343
2015-01-29,335
2015-01-30,342
2015-01-31,341
2015-02-01,342
2015-02-02,342
2015-02-03,346
2015-02-04,343
2015-02-05,342
2015-02-06,335
2015-02-07,333
2015-02-08,334
2015-02-09,343
2015-02-10,344
2015-02-11,344
2015-02-12,345
2015-02-13,349
2015-02-14,351
2015-02-15,345
2015-02-16,353
2015-02-17,352
2015-02-18,353
2015-02-19,353
2015-02-20,350
2015-02-21,347
2015-02-22,348
2015-02-23,345
2015-02-24,352
2015-02-25,350
2015-02-26,342
2015-02-27,350
2015-02-28,348
2015-03-01,349
2015-03-02,347
2015-03-03,353
2015-03-04,346
2015-03-05,347
2015-03-06,350
2015-03-07,352
2015-03-08,338
2015-03-09,348
2015-03-10,350
2015-03-11,349
2015-03-12,342
2015-03-13,348
2015-03-14,341
2015-03-15,348
2015-03-16,352
2015-03-17,354
2015-03-18,355
2015-03-19,347
2015-03-20,354
2015-03-21,345
2015-03-22,353
2015-03-23,355
2015-03-24,348
2015-03-25,350
2015-03-26,352
2015-03-27,350
2015-03-28,356
2015-03-29,348
2015-03-30,359
2015-03-31,357
2015-04-01,351
2015-04-02,356
2015-04-03,352
2015-04-04,346
2015-04-05,346
2015-04-06,346
2015-04-07,353
2015-04-08,353
2015-04-09,347
2015-04-10,353
2015-04-11,343
2015-04-12,335
2015-04-13,343
2015-04-14,349
2015-04-15,351
2015-04-16,351
2015-04-17,350
2015-04-18,335
2015-04-19,334
2015-04-20,344
2015-04-21,344
2015-04-22,349
2015-04-23,350
2015-04-24,349
2015-04-25,351
2015-04-26,347
2015-04-27,341
2015-04-28,348
2015-04-29,341
2015-04-30,351
2015-05-01,350
2015-05-02,354
2015-05-03,354
2015-05-04,356
2015-05-05,357
2015-05-06,354
2015-05-07,361
2015-05-08,359
2015-05-09,355
2015-05-10,361
2015-05-11,366
2015-05-12,364
2015-05-13,367
2015-05-14,365
2015-05-15,364
2015-05-16,360
2015-05-17,354
2015-05-18,363
2015-05-19,364
2015-05-20,364
2015-05-21,367
2015-05-22,368
2015-05-23,361
2015-05-24,360
2015-05-25,357
2015-05-26,364
2015-05-27,359
2015-05-28,352
2015-05-29,359
2015-05-30,362
2015-05-31,349
2015-06-01,363
2015-06-02,354
2015-06-03,353
2015-06-04,361
2015-06-05,361
2015-06-06,355
2015-06-07,354
2015-06-08,359
2015-06-09,364
2015-06-10,362
2015-06-11,367
2015-06-12,364
2015-06-13,353
2015-06-14,352
2015-06-15,358
2015-06-16,360
2015-06-17,363
2015-06-18,356
2015-06-19,360
2015-06-20,367
2015-06-21,362
2015-06-22,360
2015-06-23,365
2015-06-24,366
2015-06-25,365
2015-06-26,360
2015-06-27,365
2015-06-28,359
2015-06-29,365
2015-06-30,363
2015-07-01,363
2015-07-02,356
2015-07-03,364
2015-07-04,357
2015-07-05,357
2015-07-06,357
2015-07-07,364
2015-07-08,355
2015-07-09,358
2015-07-10,357
2015-07-11,351
2015-07-12,357
2015-07-13,352
2015-07-14,352
2015-07-15,354
2015-07-16,360
2015-07-17,363
2015-07-18,358
2015-07-19,353
2015-07-20,362
2015-07-21,355
2015-07-22,353
2015-07-23,356
2015-07-24,356
2015-07-25,355
2015-07-26,359
2015-07-27,360
2015-07-28,358
2015-07-29,360
2015-07-30,354
2015-07-31,354
2015-08-01,349
2015-08-02,349
2015-08-03,364
2015-08-04,356
2015-08-05,357
2015-08-06,364
2015-08-07,363
2015-08-08,357
2015-08-09,363
2015-08-10,362
2015-08-11,357
2015-08-12,361
2015-08-13,364
2015-08-14,359
2015-08-15,361
2015-08-16,351
2015-08-17,361
2015-08-18,354
2015-08-19,352
2015-08-20,350
2015-08-21,348
2015-08-22,346
2015-08-23,355
2015-08-24,356
2015-08-25,349
2015-08-26,353
2015-08-27,347
2015-08-28,345
2015-08-29,345
2015-08-30,345
2015-08-31,349
2015-09-01,349
2015-09-02,345
2015-09-03,339
2015-09-04,348
2015-09-05,348
2015-09-06,337
2015-09-07,343
2015-09-08,340
2015-09-09,349
2015-09-10,348
2015-09-11,349
2015-09-12,346
2015-09-13,347
2015-09-14,343
2015-09-15,348
2015-09-16,350
2015-09-17,352
2015-09-18,348
2015-09-19,349
2015-09-20,347
2015-09-21,350
2015-09-22,350
2015-09-23,350
2015-09-24,349
2015-09-25,349
2015-09-26,347
2015-09-27,350
2015-09-28,351
2015-09-29,351
2015-09-30,358
2015-10-01,355
2015-10-02,355
2015-10-03,354
2015-10-04,352
2015-10-05,353
2015-10-06,349
2015-10-07,354
2015-10-08,345
2015-10-09,347
2015-10-10,342
2015-10-11,342
2015-10-12,346
2015-10-13,339
2015-10-14,348
2015-10-15,341
2015-10-16,343
2015-10-17,340
2015-10-18,342
2015-10-19,343
2015-10-20,339
2015-10-21,345
2015-10-22,339
2015-10-23,346
2015-10-24,338
2015-10-25,344
2015-10-26,347
2015-10-27,339
2015-10-28,345
2015-10-29,336
2015-10-30,346
2015-10-31,335
2015-11-01,340
2015-11-02,346
2015-11-03,348
2015-11-04,348
2015-11-05,339
2015-11-06,346
2015-11-07,343
2015-11-08,344
2015-11-09,345
2015-11-10,338
2015-11-11,347
2015-11-12,344
2015-11-13,345
2015-11-14,344
2015-11-15,334
2015-11-16,341
2015-11-17,343
2015-11-18,344
2015-11-19,340
2015-11-20,345
2015-11-21,345
2015-11-22,342
2015-11-23,342
2015-11-24,347
2015-11-25,348
2015-11-26,346
2015-11-27,347
2015-11-28,344
2015-11-29,343
2015-11-30,334
2015-12-01,343
2015-12-02,336
2015-12-03,346
2015-12-04,343
2015-12-05,343
2015-12-06,343
2015-12-07,347
2015-12-08,351
2015-12-09,353
2015-12-10,350
2015-12-11,341
2015-12-12,340
2015-12-13,341
2015-12-14,341
2015-12-15,353
2015-12-16,346
2015-12-17,354
2015-12-18,354
2015-12-19,350
2015-12-20,353
2015-12-21,344
2015-12-22,343
2015-12-23,348
2015-12-24,344
2015-12-25,346
2015-12-26,339
2015-12-27,336
2015-12-28,337
2015-12-29,335
2015-12-30,343
2015-12-31,341
2016-01-01,342
2016-01-02,341
2016-01-03,339
2016-01-04,342
2016-01-05,343
2016-01-06,338
2016-01-07,342
2016-01-08,340
2016-01-09,332
2016-01-10,338
2016-01-11,338
2016-01-12,342
2016-01-13,345
2016-01-14,338
2016-01-15,332
2016-01-16,330
2016-01-17,328
2016-01-18,336
2016-01-19,340
2016-01-20,342
2016-01-21,338
2016-01-22,337
2016-01-23,335
2016-01-24,336
2016-01-25,340
2016-01-26,338
2016-01-27,338
2016-01-28,332
2016-01-29,333
2016-01-30,340
2016-01-31,339
2016-02-01,339
2016-02-02,343
2016-02-03,338
2016-02-04,346
2016-02-05,347
2016-02-06,339
2016-02-07,340
2016-02-08,346
2016-02-09,347
2016-02-10,347
2016-02-11,351
2016-02-12,346
2016-02-13,346
2016-02-14,346
2016-02-15,338
2016-02-16,343
2016-02-17,343
2016-02-18,343
2016-02-19,338
2016-02-20,337
2016-02-21,335
2016-02-22,347
2016-02-23,348
2016-02-24,341
2016-02-25,339
2016-02-26,339
2016-02-27,344
2016-02-28,334
2016-02-29,337
2016-03-01,345
2016-03-02,348
2016-03-03,347
2016-03-04,339
2016-03-05,337
2016-03-06,337
2016-03-07,337
2016-03-08,344
2016-03-09,346
2016-03-10,347
2016-03-11,344
2016-03-12,340
2016-03-13,331
2016-03-14,339
2016-03-15,334
2016-03-16,337
2016-03-17,337
2016-03-18,338
2016-03-19,338
2016-03-20,340
2016-03-21,347
2016-03-22,346
2016-03-23,349
2016-03-24,350
2016-03-25,349
2016-03-26,345
2016-03-27,347
2016-03-28,347
2016-03-29,348
2016-03-30,350
2016-03-31,348
2016-04-01,358
2016-04-02,355
2016-04-03,357
2016-04-04,354
2016-04-05,360
2016-04-06,358
2016-04-07,357
2016-04-08,353
2016-04-09,349
2016-04-10,358
2016-04-11,358
2016-04-12,365
2016-04-13,367
2016-04-14,368
2016-04-15,368
2016-04-16,368
2016-04-17,364
2016-04-18,364
2016-04-19,365
2016-04-20,367
2016-04-21,362
2016-04-22,366
2016-04-23,364
2016-04-24,361
2016-04-25,363
2016-04-26,353
2016-04-27,362
2016-04-28,363
2016-04-29,362
2016-04-30,358
2016-05-01,350
2016-05-02,358
2016-05-03,351
2016-05-04,354
2016-05-05,359
2016-05-06,353
2016-05-07,357
2016-05-08,357
2016-05-09,357
2016-05-10,357
2016-05-11,365
2016-05-12,365
2016-05-13,365
2016-05-14,360
2016-05-15,363
2016-05-16,365
2016-05-17,374
2016-05-18,373
2016-05-19,363
2016-05-20,370
2016-05-21,362
2016-05-22,367
2016-05-23,362
2016-05-24,361
2016-05-25,360
2016-05-26,357
2016-05-27,365
2016-05-28,360
2016-05-29,351
2016-05-30,356
2016-05-31,365
2016-06-01,366
2016-06-02,364
2016-06-03,359
2016-06-04,356
2016-06-05,366
2016-06-06,359
2016-06-07,356
2016-06-08,353
2016-06-09,352
2016-06-10,352
2016-06-11,352
2016-06-12,351
2016-06-13,352
2016-06-14,354
2016-06-15,358
2016-06-16,355
2016-06-17,354
2016-06-18,352
2016-06-19,349
2016-06-20,345
2016-06-21,354
2016-06-22,354
2016-06-23,357
2016-06-24,357
2016-06-25,356
2016-06-26,355
2016-06-27,355
2016-06-28,357
2016-06-29,361
2016-06-30,363
2016-07-01,364
2016-07-02,361
2016-07-03,365
2016-07-04,362
2016-07-05,358
2016-07-06,361
2016-07-07,359
2016-07-08,366
2016-07-09,358
2016-07-10,363
2016-07-11,365
2016-07-12,358
2016-07-13,364
2016-07-14,364
2016-07-15,367
2016-07-16,355
2016-07-17,355
2016-07-18,357
2016-07-19,367
2016-07-20,364
2016-07-21,359
2016-07-22,358
2016-07-23,365
2016-07-24,366
2016-07-25,367
2016-07-26,365
2016-07-27,366
2016-07-28,359
2016-07-29,366
2016-07-30,367
2016-07-31,364
2016-08-01,363
2016-08-02,360
2016-08-03,352
2016-08-04,364
2016-08-05,359
2016-08-06,355
2016-08-07,353
2016-08-08,350
2016-08-09,353
2016-08-10,352
2016-08-11,351
2016-08-12,364
2016-08-13,362
2016-08-14,357
2016-08-15,352
2016-08-16,356
2016-08-17,355
2016-08-18,366
2016-08-19,368
2016-08-20,363
2016-08-21,359
2016-08-22,365
2016-08-23,363
2016-08-24,367
2016-08-25,369
2016-08-26,362
2016-08-27,368
2016-08-28,354
2016-08-29,361
2016-08-30,369
2016-08-31,369
2016-09-01,368
2016-09-02,366
2016-09-03,363
2016-09-04,363
2016-09-05,364
2016-09-06,369
2016-09-07,369
2016-09-08,369
2016-09-09,361
2016-09-10,362
2016-09-11,358
2016-09-12,365
2016-09-13,359
2016-09-14,364
2016-09-15,364
2016-09-16,355
2016-09-17,362
2016-09-18,364
2016-09-19,361
2016-09-20,368
2016-09-21,364
2016-09-22,362
2016-09-23,361
2016-09-24,357
2016-09-25,359
2016-09-26,364
2016-09-27,367
2016-09-28,365
2016-09-29,361
2016-09-30,363
2016-10-01,359
2016-10-02,367
2016-10-03,361
2016-10-04,364
2016-10-05,364
2016-10-06,365
2016-10-07,360
2016-10-08,366
2016-10-09,363
2016-10-10,361
2016-10-11,362
2016-10-12,370
2016-10-13,361
2016-10-14,362
2016-10-15,367
2016-10-16,359
2016-10-17,368
2016-10-18,371
2016-10-19,369
2016-10-20,371
2016-10-21,371
2016-10-22,362
2016-10-23,362
2016-10-24,364
2016-10-25,365
2016-10-26,369
2016-10-27,368
2016-10-28,369
2016-10-29,366
2016-10-30,366
2016-10-31,367
2016-11-01,369
2016-11-02,363
2016-11-03,361
2016-11-04,367
2016-11-05,359
2016-11-06,356
2016-11-07,362
2016-11-08,363
2016-11-09,366
2016-11-10,359
2016-11-11,365
2016-11-12,365
2016-11-13,362
2016-11-14,364
2016-11-15,358
2016-11-16,365
2016-11-17,362
2016-11-18,360
2016-11-19,350
2016-11-20,356
2016-11-21,357
2016-11-22,358
2016-11-23,353
2016-11-24,356
2016-11-25,354
2016-11-26,345
2016-11-27,343
2016-11-28,347
2016-11-29,353
2016-11-30,344
2016-12-01,352
2016-12-02,345
2016-12-03,350
2016-12-04,350
2016-12-05,352
2016-12-06,352
2016-12-07,341
2016-12-08,351
2016-12-09,350
2016-12-10,347
2016-12-11,345
2016-12-12,339
2016-12-13,343
2016-12-14,349
2016-12-15,342
2016-12-16,340
2016-12-17,345
2016-12-18,342
2016-12-19,341
2016-12-20,346
2016-12-21,346
2016-12-22,338
2016-12-23,337
2016-12-24,339
2016-12-25,338
2016-12-26,331
2016-12-27,336
2016-12-28,336
2016-12-29,340
2016-12-30,339
2016-12-31,331
2017-01-01,339
2017-01-02,340
2017-01-03,343
2017-01-04,342
2017-01-05,336
2017-01-06,343
2017-01-07,342
2017-01-08,343
2017-01-09,341
2017-01-10,343
2017-01-11,344
2017-01-12,343
2017-01-13,341
2017-01-14,342
2017-01-15,333
2017-01-16,340
2017-01-17,337
2017-01-18,342
2017-01-19,346
2017-01-20,347
2017-01-21,347
2017-01-22,347
2017-01-23,341
2017-01-24,347
2017-01-25,345
2017-01-26,340
2017-01-27,341
2017-01-28,349
2017-01-29,345
2017-01-30,349
2017-01-31,348
2017-02-01,339
2017-02-02,344
2017-02-03,346
2017-02-04,342
2017-02-05,342
2017-02-06,343
2017-02-07,337
2017-02-08,342
2017-02-09,340
2017-02-10,339
2017-02-11,340
2017-02-12,336
2017-02-13,343
2017-02-14,343
2017-02-15,341
2017-02-16,335
2017-02-17,338
2017-02-18,340
2017-02-19,338
2017-02-20,340
2017-02-21,340
2017-02-22,345
2017-02-23,346
2017-02-24,348
2017-02-25,348
2017-02-26,345
2017-02-27,347
2017-02-28,345
2017-03-01,354
2017-03-02,348
2017-03-03,344
2017-03-04,353
2017-03-05,353
2017-03-06,347
2017-03-07,355
2017-03-08,351
2017-03-09,353
2017-03-10,352
2017-03-11,344
2017-03-12,344
2017-03-13,349
2017-03-14,346
2017-03-15,337
2017-03-16,341
2017-03-17,343
2017-03-18,336
2017-03-19,342
2017-03-20,338
2017-03-21,345
2017-03-22,340
2017-03-23,333
2017-03-24,334
2017-03-25,334
2017-03-26,327
2017-03-27,330
2017-03-28,329
2017-03-29,331
2017-03-30,335
2017-03-31,335
2017-04-01,330
2017-04-02,328
2017-04-03,336
2017-04-04,339
2017-04-05,340
2017-04-06,340
2017-04-07,337
2017-04-08,334
2017-04-09,335
2017-04-10,336
2017-04-11,336
2017-04-12,336
2017-04-13,335
2017-04-14,335
2017-04-15,336
2017-04-16,332
2017-04-17,337
2017-04-18,342
2017-04-19,333
2017-04-20,342
2017-04-21,330
2017-04-22,329
2017-04-23,324
2017-04-24,331
2017-04-25,331
2017-04-26,332
2017-04-27,328
2017-04-28,312
2017-04-29,312
2017-04-30,313
2017-05-01,321
2017-05-02,319
2017-05-03,317
2017-05-04,313
2017-05-05,321
2017-05-06,315
2017-05-07,311
2017-05-08,322
2017-05-09,320
2017-05-10,322
2017-05-11,320
2017-05-12,321
2017-05-13,322
2017-05-14,319
2017-05-15,317
2017-05-16,318
2017-05-17,307
2017-05-18,312
2017-05-19,314
2017-05-20,320
2017-05-21,313
2017-05-22,315
2017-05-23,313
2017-05-24,321
2017-05-25,314
2017-05-26,314
2017-05-27,313
2017-05-28,317
2017-05-29,319
2017-05-30,315
2017-05-31,320
2017-06-01,320
2017-06-02,327
2017-06-03,326
2017-06-04,316
2017-06-05,323
2017-06-06,312
2017-06-07,312
2017-06-08,321
2017-06-09,319
2017-06-10,312
2017-06-11,308
2017-06-12,316
2017-06-13,309
2017-06-14,318
2017-06-15,311
2017-06-16,313
2017-06-17,310
2017-06-18,301
2017-06-19,317
2017-06-20,312
2017-06-21,316
2017-06-22,324
2017-06-23,320
2017-06-24,323
2017-06-25,315
2017-06-26,318
2017-06-27,319
2017-06-28,329
2017-06-29,328
2017-06-30,330
2017-07-01,324
2017-07-02,326
2017-07-03,321
2017-07-04,322
2017-07-05,320
2017-07-06,319
2017-07-07,319
2017-07-08,325
2017-07-09,322
2017-07-10,325
2017-07-11,328
2017-07-12,330
2017-07-13,329
2017-07-14,321
2017-07-15,328
2017-07-16,326
2017-07-17,328
2017-07-18,327
2017-07-19,321
2017-07-20,325
2017-07-21,326
2017-07-22,314
2017-07-23,323
2017-07-24,317
2017-07-25,329
2017-07-26,330
2017-07-27,333
2017-07-28,333
2017-07-29,324
2017-07-30,322
2017-07-31,326
2017-08-01,330
2017-08-02,336
2017-08-03,329
2017-08-04,326
2017-08-05,334
2017-08-06,334
2017-08-07,337
2017-08-08,334
2017-08-09,336
2017-08-10,329
2017-08-11,334
2017-08-12,332
2017-08-13,325
2017-08-14,327
2017-08-15,329
2017-08-16,333
2017-08-17,327
2017-08-18,331
2017-08-19,331
2017-08-20,321
2017-08-21,324
2017-08-22,322
2017-08-23,324
2017-08-24,322
2017-08-25,321
2017-08-26,327
2017-08-27,324
2017-08-28,318
2017-08-29,323
2017-08-30,331
2017-08-31,331
2017-09-01,331
2017-09-02,324
2017-09-03,320
2017-09-04,326
2017-09-05,325
2017-09-06,320
2017-09-07,326
2017-09-08,322
2017-09-09,314
2017-09-10,322
2017-09-11,323
2017-09-12,320
2017-09-13,320
2017-09-14,332
2017-09-15,332
2017-09-16,331
2017-09-17,326
2017-09-18,335
2017-09-19,336
2017-09-20,337
2017-09-21,337
2017-09-22,338
2017-09-23,336
2017-09-24,337
2017-09-25,337
2017-09-26,339
2017-09-27,331
2017-09-28,333
2017-09-29,340
2017-09-30,338
2017-10-01,335
2017-10-02,327
2017-10-03,335
2017-10-04,331
2017-10-05,331
2017-10-06,332
2017-10-07,327
2017-10-08,332
2017-10-09,328
2017-10-10,335
2017-10-11,327
2017-10-12,333
2017-10-13,325
2017-10-14,333
2017-10-15,324
2017-10-16,326
2017-10-17,329
2017-10-18,338
2017-10-19,332
2017-10-20,331
2017-10-21,331
2017-10-22,329
2017-10-23,336
2017-10-24,336
2017-10-25,327
2017-10-26,329
2017-10-27,329
2017-10-28,334
2017-10-29,326
2017-10-30,335
2017-10-31,335
2017-11-01,329
2017-11-02,329
2017-11-03,328
2017-11-04,320
2017-11-05,321
2017-11-06,318
2017-11-07,320
2017-11-08,319
2017-11-09,320
2017-11-10,322
2017-11-11,321
2017-11-12,318
2017-11-13,321
2017-11-14,321
2017-11-15,322
2017-11-16,323
2017-11-17,326
2017-11-18,317
2017-11-19,326
2017-11-20,323
2017-11-21,327
2017-11-22,328
2017-11-23,325
2017-11-24,324
2017-11-25,324
2017-11-26,322
2017-11-27,326
2017-11-28,327
2017-11-29,328
2017-11-30,327
2017-12-01,333
2017-12-02,320
2017-12-03,322
2017-12-04,325
2017-12-05,322
2017-12-06,331
2017-12-07,327
2017-12-08,328
2017-12-09,324
2017-12-10,317
2017-12-11,326
2017-12-12,322
2017-12-13,326
2017-12-14,319
2017-12-15,327
2017-12-16,320
2017-12-17,324
2017-12-18,324
2017-12-19,325
2017-12-20,325
2017-12-21,327
2017-12-22,319
2017-12-23,318
2017-12-24,321
2017-12-25,321
2017-12-26,318
2017-12-27,325
2017-12-28,326
2017-12-29,328
2017-12-30,324
2017-12-31,319
2018-01-01,319
2018-01-02,325
2018-01-03,317
2018-01-04,309
2018-01-05,307
2018-01-06,315
2018-01-07,323
2018-01-08,317
2018-01-09,316
2018-01-10,322
2018-01-11,324
2018-01-12,318
2018-01-13,317
2018-01-14,323
2018-01-15,316
2018-01-16,327
2018-01-17,322
2018-01-18,321
2018-01-19,319
2018-01-20,314
2018-01-21,319
2018-01-22,311
2018-01-23,317
2018-01-24,318
2018-01-25,315
2018-01-26,319
2018-01-27,318
2018-01-28,317
2018-01-29,314
2018-01-30,315
2018-01-31,320
2018-02-01,323
2018-02-02,322
2018-02-03,313
2018-02-04,315
2018-02-05,312
2018-02-06,320
2018-02-07,320
2018-02-08,321
2018-02-09,322
2018-02-10,319
2018-02-11,315
2018-02-12,319
2018-02-13,318
2018-02-14,317
2018-02-15,316
2018-02-16,316
2018-02-17,317
2018-02-18,307
2018-02-19,319
2018-02-20,310
2018-02-21,316
2018-02-22,316
2018-02-23,315
2018-02-24,310
2018-02-25,317
2018-02-26,315
2018-02-27,318
2018-02-28,318
2018-03-01,313
2018-03-02,320
2018-03-03,310
2018-03-04,318
2018-03-05,312
2018-03-06,318
2018-03-07,319
2018-03-08,318
2018-03-09,319
2018-03-10,320
2018-03-11,313
2018-03-12,313
2018-03-13,311
2018-03-14,316
2018-03-15,314
2018-03-16,322
2018-03-17,323
2018-03-18,307
2018-03-19,317
2018-03-20,315
2018-03-21,315
2018-03-22,312
2018-03-23,313
2018-03-24,321
2018-03-25,312
2018-03-26,319
2018-03-27,313
2018-03-28,314
2018-03-29,323
2018-03-30,316
2018-03-31,316
2018-04-01,315
2018-04-02,325
2018-04-03,322
2018-04-04,315
2018-04-05,325
2018-04-06,320
2018-04-07,321
2018-04-08,311
2018-04-09,310
2018-04-10,320
2018-04-11,313
2018-04-12,314
2018-04-13,313
2018-04-14,319
2018-04-15,319
2018-04-16,312
2018-04-17,319
2018-04-18,321
2018-04-19,323
2018-04-20,313
2018-04-21,310
2018-04-22,308
2018-04-23,318
2018-04-24,316
2018-04-25,310
2018-04-26,314
2018-04-27,313
2018-04-28,313
2018-04-29,322
2018-04-30,320
2018-05-01,326
2018-05-02,323
2018-05-03,321
2018-05-04,327
2018-05-05,323
2018-05-06,324
2018-05-07,327
2018-05-08,322
2018-05-09,325
2018-05-10,325
2018-05-11,315
2018-05-12,316
2018-05-13,323
2018-05-14,324
2018-05-15,325
2018-05-16,328
2018-05-17,325
2018-05-18,324
2018-05-19,315
2018-05-20,318
2018-05-21,320
2018-05-22,321
2018-05-23,319
2018-05-24,329
2018-05-25,330
2018-05-26,320
2018-05-27,319
2018-05-28,320
2018-05-29,321
2018-05-30,320
2018-05-31,319
2018-06-01,322
2018-06-02,324
2018-06-03,318
2018-06-04,323
2018-06-05,322
2018-06-06,325
2018-06-07,318
2018-06-08,314
2018-06-09,311
2018-06-10,309
2018-06-11,310
2018-06-12,317
2018-06-13,314
2018-06-14,321
2018-06-15,318
2018-06-16,316
2018-06-17,316
2018-06-18,322
2018-06-19,315
2018-06-20,314
2018-06-21,321
2018-06-22,315
2018-06-23,319
2018-06-24,313
2018-06-25,309
2018-06-26,308
2018-06-27,305
2018-06-28,314
2018-06-29,311
2018-06-30,316
2018-07-01,303
2018-07-02,304
2018-07-03,310
2018-07-04,302
2018-07-05,309
2018-07-06,313
2018-07-07,311
2018-07-08,311
2018-07-09,306
2018-07-10,313
2018-07-11,306
2018-07-12,315
2018-07-13,312
2018-07-14,311
2018-07-15,312
2018-07-16,315
2018-07-17,320
2018-07-18,318
2018-07-19,323
2018-07-20,324
2018-07-21,324
2018-07-22,324
2018-07-23,322
2018-07-24,329
2018-07-25,330
2018-07-26,323
2018-07-27,323
2018-07-28,333
2018-07-29,321
2018-07-30,322
2018-07-31,322
2018-08-01,323
2018-08-02,330
2018-08-03,335
2018-08-04,327
2018-08-05,332
2018-08-06,324
2018-08-07,336
2018-08-08,330
2018-08-09,331
2018-08-10,334
2018-08-11,326
2018-08-12,330
2018-08-13,324
2018-08-14,330
2018-08-15,330
2018-08-16,325
2018-08-17,332
2018-08-18,326
2018-08-19,331
2018-08-20,327
2018-08-21,323
2018-08-22,325
2018-08-23,320
2018-08-24,323
2018-08-25,314
2018-08-26,311
2018-08-27,319
2018-08-28,319
2018-08-29,321
2018-08-30,319
2018-08-31,319
2018-09-01,314
2018-09-02,309
2018-09-03,318
2018-09-04,319
2018-09-05,326
2018-09-06,326
2018-09-07,323
2018-09-08,324
2018-09-09,323
2018-09-10,331
2018-09-11,315
2018-09-12,313
2018-09-13,314
2018-09-14,320
2018-09-15,317
2018-09-16,329
2018-09-17,304
2018-09-18,323
2018-09-19,311
2018-09-20,324
2018-09-21,329
2018-09-22,320
2018-09-23,324
2018-09-24,323
2018-09-25,322
2018-09-26,333
2018-09-27,327
2018-09-28,337
2018-09-29,321
2018-09-30,342
2018-10-01,327
2018-10-02,328
2018-10-03,321
2018-10-04,326
2018-10-05,324
2018-10-06,319
2018-10-07,324
2018-10-08,316
2018-10-09,321
2018-10-10,337
2018-10-11,322
2018-10-12,323
2018-10-13,317
2018-10-14,318
2018-10-15,324
2018-10-16,339
2018-10-17,325
2018-10-18,318
2018-10-19,318
2018-10-20,326
2018-10-21,328
2018-10-22,342
2018-10-23,328
2018-10-24,321
2018-10-25,336
2018-10-26,327
2018-10-27,321
2018-10-28,325
2018-10-29,327
2018-10-30,336
2018-10-31,318
2018-11-01,325
2018-11-02,330
2018-11-03,323
2018-11-04,327
2018-11-05,316
2018-11-06,320
2018-11-07,315
2018-11-08,322
2018-11-09,335
2018-11-10,333
2018-11-11,327
2018-11-12,328
2018-11-13,320
2018-11-14,332
2018-11-15,344
2018-11-16,330
2018-11-17,322
2018-11-18,340
2018-11-19,324
2018-11-20,331
2018-11-21,329
2018-11-22,328
2018-11-23,327
2018-11-24,327
2018-11-25,325
2018-11-26,327
2018-11-27,332
2018-11-28,324
2018-11-29,328
2018-11-30,347
2018-12-01,334
2018-12-02,327
2018-12-03,324
2018-12-04,330
2018-12-05,345
2018-12-06,329
2018-12-07,330
2018-12-08,320
2018-12-09,319
2018-12-10,322
2018-12-11,340
2018-12-12,329
2018-12-13,319
2018-12-14,320
2018-12-15,328
2018-12-16,331
2018-12-17,327
2018-12-18,324
2018-12-19,330
2018-12-20,337
2018-12-21,327
2018-12-22,328
2018-12-23,332
2018-12-24,319
2018-12-25,314
2018-12-26,322
2018-12-27,321
2018-12-28,321
2018-12-29,331
2018-12-30,318
2018-12-31,320
2019-01-01,314
2019-01-02,313
2019-01-03,318
2019-01-04,326
2019-01-05,327
2019-01-06,332
2019-01-07,322
2019-01-08,326
2019-01-09,321
2019-01-10,329
2019-01-11,326
2019-01-12,322
2019-01-13,320
2019-01-14,311
2019-01-15,322
2019-01-16,319
2019-01-17,326
2019-01-18,324
2019-01-19,315
2019-01-20,339
2019-01-21,322
2019-01-22,338
2019-01-23,323
2019-01-24,328
2019-01-25,325
2019-01-26,328
2019-01-27,322
2019-01-28,326
2019-01-29,326
2019-01-30,324
2019-01-31,328
2019-02-01,336
2019-02-02,325
2019-02-03,316
2019-02-04,323
2019-02-05,316
2019-02-06,320
2019-02-07,324
2019-02-08,328
2019-02-09,321
2019-02-10,320
2019-02-11,322
2019-02-12,329
2019-02-13,316
2019-02-14,324
2019-02-15,326
2019-02-16,325
2019-02-17,330
2019-02-18,332
2019-02-19,329
2019-02-20,330
2019-02-21,330
2019-02-22,343
2019-02-23,318
2019-02-24,325
2019-02-25,324
2019-02-26,319
2019-02-27,321
2019-02-28,321
2019-03-01,341
2019-03-02,325
2019-03-03,316
2019-03-04,326
2019-03-05,325
2019-03-06,342
2019-03-07,330
2019-03-08,328
2019-03-09,320
2019-03-10,327
2019-03-11,331
2019-03-12,325
2019-03-13,326
2019-03-14,319
2019-03-15,332
2019-03-16,329
2019-03-17,329
2019-03-18,325
2019-03-19,327
2019-03-20,341
2019-03-21,329
2019-03-22,330
2019-03-23,339
2019-03-24,335
2019-03-25,327
2019-03-26,338
2019-03-27,333
2019-03-28,343
2019-03-29,334
2019-03-30,342
2019-03-31,340
2019-04-01,337
2019-04-02,353
2019-04-03,340
2019-04-04,329
2019-04-05,353
2019-04-06,339
2019-04-07,335
2019-04-08,334
2019-04-09,346
2019-04-10,328
2019-04-11,336
2019-04-12,351
2019-04-13,330
2019-04-14,333
2019-04-15,329
2019-04-16,332
2019-04-17,324
2019-04-18,340
2019-04-19,326
2019-04-20,322
2019-04-21,323
2019-04-22,331
2019-04-23,345
2019-04-24,327
2019-04-25,327
2019-04-26,334
2019-04-27,328
2019-04-28,325
2019-04-29,338
2019-04-30,331
2019-05-01,329
2019-05-02,332
2019-05-03,339
2019-05-04,343
2019-05-05,334
2019-05-06,351
2019-05-07,333
2019-05-08,342
2019-05-09,346
2019-05-10,343
2019-05-11,332
2019-05-12,341
2019-05-13,331
2019-05-14,348
2019-05-15,333
2019-05-16,333
2019-05-17,336
2019-05-18,326
2019-05-19,336
2019-05-20,339
2019-05-21,336
2019-05-22,336
2019-05-23,336
2019-05-24,331
2019-05-25,341
2019-05-26,347
2019-05-27,337
2019-05-28,331
2019-05-29,321
2019-05-30,346
2019-05-31,332
2019-06-01,326
2019-06-02,336
2019-06-03,330
2019-06-04,335
2019-06-05,330
2019-06-06,321
2019-06-07,318
2019-06-08,322
2019-06-09,322
2019-06-10,330
2019-06-11,323
2019-06-12,329
2019-06-13,330
2019-06-14,342
2019-06-15,335
2019-06-16,326
2019-06-17,330
2019-06-18,335
2019-06-19,335
2019-06-20,327
2019-06-21,325
2019-06-22,326
2019-06-23,326
2019-06-24,337
2019-06-25,329
2019-06-26,330
2019-06-27,333
2019-06-28,323
2019-06-29,314
2019-06-30,313
2019-07-01,326
2019-07-02,323
2019-07-03,326
2019-07-04,323
2019-07-05,326
2019-07-06,329
2019-07-07,326
2019-07-08,326
2019-07-09,328
2019-07-10,320
2019-07-11,328
2019-07-12,326
2019-07-13,322
2019-07-14,323
2019-07-15,330
2019-07-16,324
2019-07-17,326
2019-07-18,320
2019-07-19,326
2019-07-20,324
2019-07-21,321
2019-07-22,324
2019-07-23,323
2019-07-24,324
2019-07-25,317
2019-07-26,324
2019-07-27,322
2019-07-28,320
2019-07-29,319
2019-07-30,311
2019-07-31,325
2019-08-01,320
2019-08-02,324
2019-08-03,317
2019-08-04,318
2019-08-05,321
2019-08-06,319
2019-08-07,320
2019-08-08,323
2019-08-09,312
2019-08-10,313
2019-08-11,312
2019-08-12,321
2019-08-13,311
2019-08-14,317
2019-08-15,311
2019-08-16,312
2019-08-17,310
2019-08-18,319
2019-08-19,312
2019-08-20,318
2019-08-21,315
2019-08-22,317
2019-08-23,317
2019-08-24,328
2019-08-25,308
2019-08-26,309
2019-08-27,318
2019-08-28,318
2019-08-29,316
2019-08-30,308
2019-08-31,315
2019-09-01,327
2019-09-02,314
2019-09-03,317
2019-09-04,316
2019-09-05,312
2019-09-06,314
2019-09-07,302
2019-09-08,300
2019-09-09,312
2019-09-10,317
2019-09-11,316
2019-09-12,308
2019-09-13,311
2019-09-14,314
2019-09-15,310
2019-09-16,308
2019-09-17,307
2019-09-18,314
2019-09-19,315
2019-09-20,313
2019-09-21,318
2019-09-22,316
2019-09-23,312
2019-09-24,320
2019-09-25,322
2019-09-26,317
2019-09-27,320
2019-09-28,309
2019-09-29,315
2019-09-30,321
2019-10-01,320
2019-10-02,311
2019-10-03,318
2019-10-04,315
2019-10-05,317
2019-10-06,323
2019-10-07,317
2019-10-08,316
2019-10-09,323
2019-10-10,315
2019-10-11,315
2019-10-12,310
2019-10-13,316
2019-10-14,317
2019-10-15,315
2019-10-16,320
2019-10-17,320
2019-10-18,317
2019-10-19,324
2019-10-20,314
2019-10-21,323
2019-10-22,324
2019-10-23,323
2019-10-24,327
2019-10-25,313
2019-10-26,324
2019-10-27,312
2019-10-28,315
2019-10-29,326
2019-10-30,310
2019-10-31,314
2019-11-01,306
2019-11-02,308
2019-11-03,306
2019-11-04,320
2019-11-05,318
2019-11-06,321
2019-11-07,320
2019-11-08,327
2019-11-09,326
2019-11-10,313
2019-11-11,326
2019-11-12,319
2019-11-13,320
2019-11-14,326
2019-11-15,324
2019-11-16,324
2019-11-17,330
2019-11-18,328
2019-11-19,326
2019-11-20,331
2019-11-21,329
2019-11-22,320
2019-11-23,329
2019-11-24,326
2019-11-25,314
2019-11-26,320
2019-11-27,319
2019-11-28,320
2019-11-29,315
2019-11-30,323
2019-12-01,312
2019-12-02,317
2019-12-03,325
2019-12-04,329
2019-12-05,320
2019-12-06,325
2019-12-07,321
2019-12-08,318
2019-12-09,321
2019-12-10,312
2019-12-11,311
2019-12-12,312
2019-12-13,308
2019-12-14,314
2019-12-15,315
2019-12-16,314
2019-12-17,311
2019-12-18,313
2019-12-19,311
2019-12-20,313
2019-12-21,311
2019-12-22,314
2019-12-23,314
2019-12-24,312
2019-12-25,313
2019-12-26,311
2019-12-27,312
2019-12-28,308
2019-12-29,307
2019-12-30,307
2019-12-31,310
2020-01-01,310
2020-01-02,308
2020-01-03,309
2020-01-04,307
2020-01-05,307
2020-01-06,303
2020-01-07,307
2020-01-08,303
2020-01-09,305
2020-01-10,303
2020-01-11,300
2020-01-12,296
2020-01-13,300
2020-01-14,301
2020-01-15,301
2020-01-16,305
2020-01-17,296
2020-01-18,305
2020-01-19,305
2020-01-20,295
2020-01-21,298
2020-01-22,303
2020-01-23,306
2020-01-24,302
2020-01-25,309
2020-01-26,302
2020-01-27,294
2020-01-28,300
2020-01-29,300
2020-01-30,299
2020-01-31,302
2020-02-01,302
2020-02-02,305
2020-02-03,307
2020-02-04,299
2020-02-05,305
2020-02-06,301
2020-02-07,303
2020-02-08,300
2020-02-09,296
2020-02-10,303
2020-02-11,305
2020-02-12,306
2020-02-13,310
2020-02-14,304
2020-02-15,305
2020-02-16,303
2020-02-17,305
2020-02-18,305
2020-02-19,301
2020-02-20,301
2020-02-21,306
2020-02-22,299
2020-02-23,299
2020-02-24,298
2020-02-25,301
2020-02-26,301
2020-02-27,301
2020-02-28,299
2020-02-29,298
2020-03-01,299
2020-03-02,298
2020-03-03,300
2020-03-04,297
2020-03-05,299
2020-03-06,300
2020-03-07,301
2020-03-08,301
2020-03-09,301
2020-03-10,301
2020-03-11,306
2020-03-12,303
2020-03-13,298
2020-03-14,306
2020-03-15,301
2020-03-16,301
2020-03-17,307
2020-03-18,303
2020-03-19,302
2020-03-20,309
2020-03-21,302
2020-03-22,301
2020-03-23,310
2020-03-24,299
2020-03-25,314
2020-03-26,299
2020-03-27,298
2020-03-28,299
2020-03-29,297
2020-03-30,296
2020-03-31,298
2020-04-01,300
2020-04-02,297
2020-04-03,294
2020-04-04,293
2020-04-05,296
2020-04-06,297
2020-04-07,294
2020-04-08,298
2020-04-09,292
2020-04-10,295
2020-04-11,297
2020-04-12,290
2020-04-13,290
2020-04-14,302
2020-04-15,293
2020-04-16,297
2020-04-17,289
2020-04-18,292
2020-04-19,289
2020-04-20,296
2020-04-21,293
2020-04-22,295
2020-04-23,296
2020-04-24,300
2020-04-25,296
2020-04-26,296
2020-04-27,294
2020-04-28,294
2020-04-29,292
2020-04-30,289
2020-05-01,286
2020-05-02,292
2020-05-03,300
2020-05-04,294
2020-05-05,293
2020-05-06,300
2020-05-07,292
2020-05-08,293
2020-05-09,296
2020-05-10,288
2020-05-11,289
2020-05-12,298
2020-05-13,292
2020-05-14,294
2020-05-15,301
2020-05-16,300
2020-05-17,298
2020-05-18,307
2020-05-19,299
2020-05-20,297
2020-05-21,292
2020-05-22,297
2020-05-23,295
2020-05-24,295
2020-05-25,296
2020-05-26,298
2020-05-27,301
2020-05-28,300
2020-05-29,294
2020-05-30,289
2020-05-31,290
2020-06-01,292
2020-06-02,296
2020-06-03,306
2020-06-04,299
2020-06-05,295
2020-06-06,293
2020-06-07,294
2020-06-08,299
2020-06-09,298
2020-06-10,308
2020-06-11,301
2020-06-12,301
2020-06-13,301
2020-06-14,305
2020-06-15,300
2020-06-16,297
2020-06-17,299
2020-06-18,305
2020-06-19,302
2020-06-20,300
2020-06-21,292
2020-06-22,293
2020-06-23,301
2020-06-24,296
2020-06-25,297
2020-06-26,301
2020-06-27,291
2020-06-28,291
2020-06-29,292
2020-06-30,296
2020-07-01,292
2020-07-02,296
2020-07-03,297
2020-07-04,293
2020-07-05,295
2020-07-06,292
2020-07-07,294
2020-07-08,294
2020-07-09,294
2020-07-10,293
2020-07-11,292
2020-07-12,300
2020-07-13,299
2020-07-14,292
2020-07-15,290
2020-07-16,291
2020-07-17,301
2020-07-18,298
2020-07-19,292
2020-07-20,296
2020-07-21,297
2020-07-22,303
2020-07-23,298
2020-07-24,298
2020-07-25,299
2020-07-26,302
2020-07-27,296
2020-07-28,297
2020-07-29,295
2020-07-30,298
2020-07-31,295
2020-08-01,294
2020-08-02,295
2020-08-03,298
2020-08-04,302
2020-08-05,304
2020-08-06,296
2020-08-07,296
2020-08-08,297
2020-08-09,303
2020-08-10,301
2020-08-11,300
2020-08-12,300
2020-08-13,301
2020-08-14,300
2020-08-15,306
2020-08-16,299
2020-08-17,301
2020-08-18,301
2020-08-19,302
2020-08-20,297
2020-08-21,298
2020-08-22,291
2020-08-23,289
2020-08-24,294
2020-08-25,293
2020-08-26,297
2020-08-27,297
2020-08-28,295
2020-08-29,294
2020-08-30,293
2020-08-31,296
2020-09-01,295
2020-09-02,293
2020-09-03,291
2020-09-04,293
2020-09-05,293
2020-09-06,295
2020-09-07,290
2020-09-08,293
2020-09-09,293
2020-09-10,290
2020-09-11,291
2020-09-12,293
2020-09-13,293
2020-09-14,292
2020-09-15,296
2020-09-16,294
2020-09-17,293
2020-09-18,293
2020-09-19,294
2020-09-20,291
2020-09-21,293
2020-09-22,295
2020-09-23,314
2020-09-24,316
2020-09-25,314
2020-09-26,316
2020-09-27,317
2020-09-28,320
2020-09-29,321
2020-09-30,325
2020-10-01,318
2020-10-02,319
2020-10-03,319
2020-10-04,319
2020-10-05,315
2020-10-06,323
2020-10-07,315
2020-10-08,315
2020-10-09,310
2020-10-10,317
2020-10-11,312
2020-10-12,313
2020-10-13,314
2020-10-14,311
2020-10-15,309
2020-10-16,309
2020-10-17,311
2020-10-18,313
2020-10-19,326
2020-10-20,318
2020-10-21,320
2020-10-22,322
2020-10-23,322
2020-10-24,319
2020-10-25,318
2020-10-26,315
2020-10-27,316
2020-10-28,321
2020-10-29,316
2020-10-30,320
2020-10-31,315
2020-11-01,311
2020-11-02,314
2020-11-03,320
2020-11-04,318
2020-11-05,315
2020-11-06,316
2020-11-07,319
2020-11-08,319
2020-11-09,314
2020-11-10,314
2020-11-11,322
2020-11-12,322
2020-11-13,318
2020-11-14,322
2020-11-15,322
2020-11-16,320
2020-11-17,317
2020-11-18,316
2020-11-19,315
2020-11-20,314
2020-11-21,312
2020-11-22,313
2020-11-23,310
2020-11-24,310
2020-11-25,312
2020-11-26,311
2020-11-27,309
2020-11-28,309
2020-11-29,313
2020-11-30,313
2020-12-01,310
2020-12-02,307
2020-12-03,308
2020-12-04,308
2020-12-05,309
2020-12-06,309
2020-12-07,308
2020-12-08,307
2020-12-09,301
2020-12-10,310
2020-12-11,303
2020-12-12,301
2020-12-13,305
2020-12-14,305
2020-12-15,302
2020-12-16,305
2020-12-17,302
2020-12-18,292
2020-12-19,298
2020-12-20,296
2020-12-21,303
2020-12-22,304
2020-12-23,305
2020-12-24,302
2020-12-25,302
2020-12-26,297
2020-12-27,303
2020-12-28,300
2020-12-29,299
2020-12-30,302
2020-12-31,299
2021-01-01,301
2021-01-02,302
2021-01-03,305
2021-01-04,305
2021-01-05,302
2021-01-06,308
2021-01-07,302
2021-01-08,309
2021-01-09,304
2021-01-10,306
2021-01-11,307
2021-01-12,304
2021-01-13,306
2021-01-14,306
2021-01-15,307
2021-01-16,304
2021-01-17,307
2021-01-18,305
2021-01-19,308
2021-01-20,310
2021-01-21,311
2021-01-22,303
2021-01-23,311
2021-01-24,309
2021-01-25,304
2021-01-26,306
2021-01-27,303
2021-01-28,307
2021-01-29,301
2021-01-30,305
2021-01-31,300
2021-02-01,303
2021-02-02,308
2021-02-03,310
2021-02-04,306
2021-02-05,307
2021-02-06,296
2021-02-07,304
2021-02-08,304
2021-02-09,301
2021-02-10,312
2021-02-11,305
2021-02-12,305
2021-02-13,303
2021-02-14,299
2021-02-15,303
2021-02-16,308
2021-02-17,307
2021-02-18,299
2021-02-19,295
2021-02-20,295
2021-02-21,292
2021-02-22,304
2021-02-23,299
2021-02-24,302
2021-02-25,302
2021-02-26,307
2021-02-27,304
2021-02-28,301
2021-03-01,300
2021-03-02,298
2021-03-03,303
2021-03-04,309
2021-03-05,304
2021-03-06,299
2021-03-07,300
2021-03-08,298
2021-03-09,298
2021-03-10,302
2021-03-11,295
2021-03-12,305
2021-03-13,299
2021-03-14,294
2021-03-15,294
2021-03-16,298
2021-03-17,295
2021-03-18,295
2021-03-19,299
2021-03-20,301
2021-03-21,294
2021-03-22,299
2021-03-23,295
2021-03-24,294
2021-03-25,294
2021-03-26,296
2021-03-27,296
2021-03-28,297
2021-03-29,297
2021-03-30,298
2021-03-31,299
2021-04-01,305
2021-04-02,300
2021-04-03,303
2021-04-04,299
2021-04-05,305
2021-04-06,301
2021-04-07,302
2021-04-08,303
2021-04-09,300
2021-04-10,299
2021-04-11,302
2021-04-12,299
2021-04-13,301
2021-04-14,299
2021-04-15,301
2021-04-16,302
2021-04-17,292
2021-04-18,297
2021-04-19,297
2021-04-20,297
2021-04-21,297
2021-04-22,296
2021-04-23,298
2021-04-24,300
2021-04-25,303
2021-04-26,298
2021-04-27,297
2021-04-28,298
2021-04-29,298
2021-04-30,297
2021-05-01,309
2021-05-02,301
2021-05-03,308
2021-05-04,299
2021-05-05,306
2021-05-06,299
2021-05-07,316
2021-05-08,305
2021-05-09,298
2021-05-10,300
2021-05-11,303
2021-05-12,308
2021-05-13,312
2021-05-14,305
2021-05-15,303
2021-05-16,307
2021-05-17,309
2021-05-18,301
2021-05-19,311
2021-05-20,304
2021-05-21,314
2021-05-22,292
2021-05-23,288
2021-05-24,307
2021-05-25,304
2021-05-26,302
2021-05-27,301
2021-05-28,299
2021-05-29,304
2021-05-30,309
2021-05-31,307
2021-06-01,299
2021-06-02,300
2021-06-03,297
2021-06-04,308
2021-06-05,306
2021-06-06,310
2021-06-07,306
2021-06-08,306
2021-06-09,312
2021-06-10,306
2021-06-11,314
2021-06-12,311
2021-06-13,305
2021-06-14,306
2021-06-15,306
2021-06-16,312
2021-06-17,308
2021-06-18,306
2021-06-19,306
2021-06-20,315
2021-06-21,306
2021-06-22,305
2021-06-23,307
2021-06-24,305
2021-06-25,305
2021-06-26,302
2021-06-27,302
2021-06-28,304
2021-06-29,308
2021-06-30,306
2021-07-01,301
2021-07-02,318
2021-07-03,298
2021-07-04,298
2021-07-05,301
2021-07-06,300
2021-07-07,310
2021-07-08,305
2021-07-09,304
2021-07-10,297
2021-07-11,300
2021-07-12,300
2021-07-13,303
2021-07-14,307
2021-07-15,300
2021-07-16,300
2021-07-17,306
2021-07-18,303
2021-07-19,296
2021-07-20,301
2021-07-21,295
2021-07-22,301
2021-07-23,301
2021-07-24,305
2021-07-25,306
2021-07-26,307
2021-07-27,299
2021-07-28,298
2021-07-29,310
2021-07-30,303
2021-07-31,302
2021-08-01,303
2021-08-02,302
2021-08-03,303
2021-08-04,304
2021-08-05,300
2021-08-06,298
2021-08-07,300
2021-08-08,294
2021-08-09,293
2021-08-10,296
2021-08-11,303
2021-08-12,309
2021-08-13,302
2021-08-14,304
2021-08-15,298
2021-08-16,300
2021-08-17,301
2021-08-18,300
2021-08-19,297
2021-08-20,290
2021-08-21,297
2021-08-22,297
2021-08-23,296
2021-08-24,298
2021-08-25,298
2021-08-26,297
2021-08-27,290
2021-08-28,292
2021-08-29,284
2021-08-30,285
2021-08-31,298
2021-09-01,297
2021-09-02,292
2021-09-03,288
2021-09-04,294
2021-09-05,300
2021-09-06,298
2021-09-07,299
2021-09-08,296
2021-09-09,297
2021-09-10,293
2021-09-11,294
2021-09-12,298
2021-09-13,296
2021-09-14,298
2021-09-15,300
2021-09-16,304
2021-09-17,301
2021-09-18,302
2021-09-19,299
2021-09-20,293
2021-09-21,303
2021-09-22,302
2021-09-23,302
2021-09-24,301
2021-09-25,304
2021-09-26,303
2021-09-27,305
2021-09-28,299
2021-09-29,309
2021-09-30,298
2021-10-01,303
2021-10-02,315
2021-10-03,306
2021-10-04,308
2021-10-05,308
2021-10-06,308
2021-10-07,306
2021-10-08,308
2021-10-09,317
2021-10-10,307
2021-10-11,313
2021-10-12,308
2021-10-13,309
2021-10-14,312
2021-10-15,313
2021-10-16,306
2021-10-17,301
2021-10-18,312
2021-10-19,308
2021-10-20,305
2021-10-21,316
2021-10-22,304
2021-10-23,306
2021-10-24,309
2021-10-25,307
2021-10-26,310
2021-10-27,312
2021-10-28,308
2021-10-29,309
2021-10-30,315
2021-10-31,310
2021-11-01,317
2021-11-02,316
2021-11-03,318
2021-11-04,313
2021-11-05,313
2021-11-06,308
2021-11-07,309
2021-11-08,307
2021-11-09,313
2021-11-10,316
2021-11-11,316
2021-11-12,315
2021-11-13,318
2021-11-14,313
2021-11-15,313
2021-11-16,315
2021-11-17,313
2021-11-18,314
2021-11-19,314
2021-11-20,314
2021-11-21,312
2021-11-22,314
2021-11-23,312
2021-11-24,315
2021-11-25,312
2021-11-26,312
2021-11-27,306
2021-11-28,316
2021-11-29,317
2021-11-30,313
2021-12-01,323
2021-12-02,321
2021-12-03,324
2021-12-04,324
2021-12-05,324
2021-12-06,322
2021-12-07,317
2021-12-08,324
2021-12-09,326
2021-12-10,324
2021-12-11,317
2021-12-12,320
2021-12-13,324
2021-12-14,320
2021-12-15,321
2021-12-16,322
2021-12-17,324
2021-12-18,322
2021-12-19,323
2021-12-20,324
2021-12-21,321
2021-12-22,318
2021-12-23,314
2021-12-24,313
2021-12-25,316
2021-12-26,320
2021-12-27,317
2021-12-28,315
2021-12-29,322
2021-12-30,310
2021-12-31,312
2022-01-01,308
2022-01-02,314
2022-01-03,311
2022-01-04,314
2022-01-05,310
2022-01-06,302
2022-01-07,305
2022-01-08,305
2022-01-09,301
2022-01-10,305
2022-01-11,308
2022-01-12,311
2022-01-13,312
2022-01-14,314
2022-01-15,318
2022-01-16,312
2022-01-17,314
2022-01-18,313
2022-01-19,314
2022-01-20,311
2022-01-21,316
2022-01-22,314
2022-01-23,317
2022-01-24,311
2022-01-25,324
2022-01-26,316
2022-01-27,332
2022-01-28,322
2022-01-29,324
2022-01-30,317
2022-01-31,318
2022-02-01,321
2022-02-02,323
2022-02-03,319
2022-02-04,322
2022-02-05,323
2022-02-06,325
2022-02-07,324
2022-02-08,327
2022-02-09,328
2022-02-10,324
2022-02-11,329
2022-02-12,326
2022-02-13,330
2022-02-14,330
2022-02-15,328
2022-02-16,338
2022-02-17,331
2022-02-18,329
2022-02-19,303
2022-02-20,300
2022-02-21,331
2022-02-22,331
2022-02-23,326
2022-02-24,319
2022-02-25,320
2022-02-26,319
2022-02-27,314
2022-02-28,328
2022-03-01,326
2022-03-02,331
2022-03-03,319
2022-03-04,327
2022-03-05,326
2022-03-06,328
2022-03-07,338
2022-03-08,322
2022-03-09,327
2022-03-10,322
2022-03-11,321
2022-03-12,320
2022-03-13,328
2022-03-14,322
2022-03-15,319
2022-03-16,330
2022-03-17,324
2022-03-18,322
2022-03-19,338
2022-03-20,322
2022-03-21,323
2022-03-22,326
2022-03-23,330
2022-03-24,327
2022-03-25,324
2022-03-26,321
2022-03-27,311
2022-03-28,318
2022-03-29,316
2022-03-30,314
2022-03-31,319
2022-04-01,318
2022-04-02,319
2022-04-03,314
2022-04-04,312
2022-04-05,313
2022-04-06,312
2022-04-07,313
2022-04-08,311
2022-04-09,314
2022-04-10,310
2022-04-11,309
2022-04-12,318
2022-04-13,317
2022-04-14,308
2022-04-15,311
2022-04-16,309
2022-04-17,313
2022-04-18,306
2022-04-19,317
2022-04-20,312
2022-04-21,314
2022-04-22,311
2022-04-23,312
2022-04-24,316
2022-04-25,307
2022-04-26,312
2022-04-27,306
2022-04-28,309
2022-04-29,310
2022-04-30,316
2022-05-01,316
2022-05-02,325
2022-05-03,315
2022-05-04,320
2022-05-05,322
2022-05-06,314
2022-05-07,312
2022-05-08,314
2022-05-09,318
2022-05-10,328
2022-05-11,320
2022-05-12,318
2022-05-13,319
2022-05-14,320
2022-05-15,324
2022-05-16,323
2022-05-17,326
2022-05-18,329
2022-05-19,329
2022-05-20,322
2022-05-21,327
2022-05-22,336
2022-05-23,332
2022-05-24,332
2022-05-25,323
2022-05-26,329
2022-05-27,326
2022-05-28,321
2022-05-29,324
2022-05-30,319
2022-05-31,318
2022-06-01,317
2022-06-02,316
2022-06-03,321
2022-06-04,321
2022-06-05,322
2022-06-06,314
2022-06-07,319
2022-06-08,326
2022-06-09,317
2022-06-10,318
2022-06-11,320
2022-06-12,318
2022-06-13,316
2022-06-14,315
2022-06-15,318
2022-06-16,312
2022-06-17,308
2022-06-18,316
2022-06-19,319
2022-06-20,319
2022-06-21,319
2022-06-22,319
2022-06-23,313
2022-06-24,319
2022-06-25,318
2022-06-26,320
2022-06-27,316
2022-06-28,324
2022-06-29,320
2022-06-30,323
2022-07-01,326
2022-07-02,325
2022-07-03,324
2022-07-04,322
2022-07-05,325
2022-07-06,324
2022-07-07,318
2022-07-08,324
2022-07-09,325
2022-07-10,315
2022-07-11,322
2022-07-12,325
2022-07-13,322
2022-07-14,319
2022-07-15,320
2022-07-16,315
2022-07-17,317
2022-07-18,313
2022-07-19,322
2022-07-20,323
2022-07-21,317
2022-07-22,325
2022-07-23,321
2022-07-24,322
2022-07-25,318
2022-07-26,323
2022-07-27,329
2022-07-28,330
2022-07-29,332
2022-07-30,326
2022-07-31,326
2022-08-01,327
2022-08-02,333
2022-08-03,329
2022-08-04,336
2022-08-05,332
2022-08-06,328
2022-08-07,329
2022-08-08,337
2022-08-09,341
2022-08-10,343
2022-08-11,343
2022-08-12,342
2022-08-13,346
2022-08-14,350
2022-08-15,349
2022-08-16,341
2022-08-17,346
2022-08-18,355
2022-08-19,346
2022-08-20,348
2022-08-21,346
2022-08-22,351
2022-08-23,346
2022-08-24,346
2022-08-25,347
2022-08-26,346
2022-08-27,349
2022-08-28,350
2022-08-29,355
2022-08-30,348
2022-08-31,348
2022-09-01,349
2022-09-02,351
2022-09-03,355
2022-09-04,347
2022-09-05,355
2022-09-06,356
2022-09-07,345
2022-09-08,354
2022-09-09,352
2022-09-10,361
2022-09-11,363
2022-09-12,357
2022-09-13,352
2022-09-14,363
2022-09-15,353
2022-09-16,354
2022-09-17,355
2022-09-18,356
2022-09-19,359
2022-09-20,356
2022-09-21,350
2022-09-22,347
2022-09-23,351
2022-09-24,349
2022-09-25,344
2022-09-26,349
2022-09-27,351
2022-09-28,349
2022-09-29,348
2022-09-30,343
2022-10-01,341
2022-10-02,342
2022-10-03,349
2022-10-04,351
2022-10-05,350
2022-10-06,350
2022-10-07,348
2022-10-08,351
2022-10-09,351
2022-10-10,351
2022-10-11,353
2022-10-12,350
2022-10-13,355
2022-10-14,348
2022-10-15,350
2022-10-16,352
2022-10-17,352
2022-10-18,348
2022-10-19,350
2022-10-20,355
2022-10-21,352
2022-10-22,352
2022-10-23,351
2022-10-24,351
2022-10-25,355
2022-10-26,356
2022-10-27,357
2022-10-28,353
2022-10-29,351
2022-10-30,352
2022-10-31,351
2022-11-01,359
2022-11-02,361
2022-11-03,352
2022-11-04,359
2022-11-05,350
2022-11-06,359
2022-11-07,352
2022-11-08,352
2022-11-09,362
2022-11-10,355
2022-11-11,356
2022-11-12,362
2022-11-13,353
2022-11-14,354
2022-11-15,343
2022-11-16,356
2022-11-17,350
2022-11-18,346
2022-11-19,349
2022-11-20,346
2022-11-21,351
2022-11-22,360
2022-11-23,354
2022-11-24,351
2022-11-25,349
2022-11-26,352
2022-11-27,347
2022-11-28,357
2022-11-29,350
2022-11-30,351
2022-12-01,343
2022-12-02,336
2022-12-03,338
2022-12-04,343
2022-12-05,348
2022-12-06,345
2022-12-07,340
2022-12-08,346
2022-12-09,345
2022-12-10,339
2022-12-11,336
2022-12-12,339
2022-12-13,340
2022-12-14,343
2022-12-15,346
2022-12-16,336
2022-12-17,341
2022-12-18,344
2022-12-19,339
2022-12-20,344
2022-12-21,347
2022-12-22,350
2022-12-23,345
2022-12-24,341
2022-12-25,342
2022-12-26,350
2022-12-27,337
2022-12-28,349
2022-12-29,351
2022-12-30,348
2022-12-31,348
2023-01-01,345
2023-01-02,350
2023-01-03,353
2023-01-04,350
2023-01-05,350
2023-01-06,351
2023-01-07,346
2023-01-08,351
2023-01-09,357
2023-01-10,354
2023-01-11,355
2023-01-12,357
2023-01-13,347
2023-01-14,350
2023-01-15,351
2023-01-16,357
2023-01-17,354
2023-01-18,364
2023-01-19,355
2023-01-20,360
2023-01-21,353
2023-01-22,351
2023-01-23,354
2023-01-24,368
2023-01-25,359
2023-01-26,354
2023-01-27,347
2023-01-28,346
2023-01-29,347
2023-01-30,348
2023-01-31,341
2023-02-01,341
2023-02-02,338
2023-02-03,341
2023-02-04,339
2023-02-05,340
2023-02-06,349
2023-02-07,341
2023-02-08,340
2023-02-09,338
2023-02-10,337
2023-02-11,335
2023-02-12,339
2023-02-13,341
2023-02-14,346
2023-02-15,346
2023-02-16,343
2023-02-17,335
2023-02-18,338
2023-02-19,331
2023-02-20,335
2023-02-21,339
2023-02-22,335
2023-02-23,340
2023-02-24,337
2023-02-25,332
2023-02-26,336
2023-02-27,340
2023-02-28,330
2023-03-01,341
2023-03-02,338
2023-03-03,336
2023-03-04,343
2023-03-05,332
2023-03-06,336
2023-03-07,342
2023-03-08,337
2023-03-09,341
2023-03-10,334
2023-03-11,330
2023-03-12,335
2023-03-13,331
2023-03-14,341
2023-03-15,336
2023-03-16,340
2023-03-17,336
2023-03-18,338
2023-03-19,342
2023-03-20,331
2023-03-21,343
2023-03-22,341
2023-03-23,334
2023-03-24,343
2023-03-25,341
2023-03-26,339
2023-03-27,345
2023-03-28,342
2023-03-29,344
2023-03-30,345
2023-03-31,349
2023-04-01,342
2023-04-02,350
2023-04-03,348
2023-04-04,347
2023-04-05,350
2023-04-06,351
2023-04-07,353
2023-04-08,346
2023-04-09,347
2023-04-10,348
2023-04-11,347
2023-04-12,351
2023-04-13,349
2023-04-14,350
2023-04-15,351
2023-04-16,349
2023-04-17,343
2023-04-18,352
2023-04-19,358
2023-04-20,349
2023-04-21,351
2023-04-22,362
2023-04-23,359
2023-04-24,365
2023-04-25,363
2023-04-26,351
2023-04-27,351
2023-04-28,363
2023-04-29,350
2023-04-30,351
2023-05-01,363
2023-05-02,351
2023-05-03,356
2023-05-04,357
2023-05-05,357
2023-05-06,354
2023-05-07,346
2023-05-08,360
2023-05-09,350
2023-05-10,367
2023-05-11,362
2023-05-12,349
2023-05-13,345
2023-05-14,350
2023-05-15,351
2023-05-16,345
2023-05-17,351
2023-05-18,360
2023-05-19,367
2023-05-20,362
2023-05-21,339
2023-05-22,345
2023-05-23,364
2023-05-24,355
2023-05-25,364
2023-05-26,351
2023-05-27,367
2023-05-28,360
2023-05-29,354
2023-05-30,371
2023-05-31,358
2023-06-01,355
2023-06-02,357
2023-06-03,355
2023-06-04,347
2023-06-05,350
2023-06-06,350
2023-06-07,350
2023-06-08,353
2023-06-09,364
2023-06-10,355
2023-06-11,357
2023-06-12,355
2023-06-13,359
2023-06-14,353
2023-06-15,369
2023-06-16,363
2023-06-17,361
2023-06-18,360
2023-06-19,349
2023-06-20,348
2023-06-21,339
2023-06-22,351
2023-06-23,351
2023-06-24,346
2023-06-25,352
2023-06-26,342
2023-06-27,352
2023-06-28,347
2023-06-29,345
2023-06-30,343
2023-07-01,348
2023-07-02,347
2023-07-03,354
2023-07-04,353
2023-07-05,344
2023-07-06,350
2023-07-07,353
2023-07-08,340
2023-07-09,344
2023-07-10,353
2023-07-11,350
2023-07-12,342
2023-07-13,341
2023-07-14,343
2023-07-15,341
2023-07-16,349
2023-07-17,357
2023-07-18,350
2023-07-19,357
2023-07-20,348
2023-07-21,347
2023-07-22,346
2023-07-23,346
2023-07-24,357
2023-07-25,352
2023-07-26,353
2023-07-27,354
2023-07-28,354
2023-07-29,350
2023-07-30,352
2023-07-31,349
2023-08-01,359
2023-08-02,357
2023-08-03,354
2023-08-04,349
2023-08-05,354
2023-08-06,351
2023-08-07,351
2023-08-08,348
2023-08-09,347
2023-08-10,345
2023-08-11,342
2023-08-12,346
2023-08-13,341
2023-08-14,342
2023-08-15,335
2023-08-16,341
2023-08-17,349
2023-08-18,350
2023-08-19,351
2023-08-20,349
2023-08-21,346
2023-08-22,344
2023-08-23,344
2023-08-24,346
2023-08-25,345
2023-08-26,350
2023-08-27,343
2023-08-28,353
2023-08-29,346
2023-08-30,344
2023-08-31,349
2023-09-01,351
2023-09-02,352
2023-09-03,348
2023-09-04,346
2023-09-05,349
2023-09-06,349
2023-09-07,355
2023-09-08,353
2023-09-09,349
2023-09-10,352
2023-09-11,353
2023-09-12,350
2023-09-13,350
2023-09-14,348
2023-09-15,357
2023-09-16,349
2023-09-17,348
2023-09-18,349
2023-09-19,361
2023-09-20,363
2023-09-21,359
2023-09-22,357
2023-09-23,353
2023-09-24,351
2023-09-25,352
2023-09-26,352
2023-09-27,353
2023-09-28,348
2023-09-29,344
2023-09-30,343
2023-10-01,351
2023-10-02,353
2023-10-03,355
2023-10-04,358
2023-10-05,353
2023-10-06,352
2023-10-07,354
2023-10-08,351
2023-10-09,355
2023-10-10,354
2023-10-11,357
2023-10-12,354
2023-10-13,350
2023-10-14,353
2023-10-15,343
2023-10-16,343
2023-10-17,349
2023-10-18,345
2023-10-19,345
2023-10-20,344
2023-10-21,340
2023-10-22,345
2023-10-23,341
2023-10-24,342
2023-10-25,344
2023-10-26,353
2023-10-27,353
2023-10-28,354
2023-10-29,349
2023-10-30,344
2023-10-31,351
2023-11-01,350
2023-11-02,350
2023-11-03,351
2023-11-04,356
2023-11-05,350
2023-11-06,357
2023-11-07,350
2023-11-08,356
2023-11-09,348
2023-11-10,339
2023-11-11,343
2023-11-12,345
2023-11-13,355
2023-11-14,357
2023-11-15,351
2023-11-16,359
2023-11-17,361
2023-11-18,348
2023-11-19,359
2023-11-20,353
2023-11-21,345
2023-11-22,351
2023-11-23,347
2023-11-24,353
2023-11-25,343
2023-11-26,343
2023-11-27,343
2023-11-28,355
2023-11-29,350
2023-11-30,348
2023-12-01,350
2023-12-02,337
2023-12-03,335
2023-12-04,349
2023-12-05,352
2023-12-06,345
2023-12-07,359
2023-12-08,353
2023-12-09,341
2023-12-10,343
2023-12-11,354
2023-12-12,347
2023-12-13,345
2023-12-14,341
2023-12-15,344
2023-12-16,347
2023-12-17,341
2023-12-18,342
2023-12-19,347
2023-12-20,339
2023-12-21,342
2023-12-22,341
2023-12-23,336
2023-12-24,349
2023-12-25,339
2023-12-26,340
2023-12-27,346
2023-12-28,338
2023-12-29,340
2023-12-30,345
2023-12-31,345
2024-01-01,349
2024-01-02,340
2024-01-03,343
2024-01-04,350
2024-01-05,343
2024-01-06,342
2024-01-07,351
2024-01-08,348
2024-01-09,355
2024-01-10,345
2024-01-11,347
2024-01-12,349
2024-01-13,342
2024-01-14,342
2024-01-15,351
2024-01-16,350
2024-01-17,353
2024-01-18,360
2024-01-19,345
2024-01-20,353
2024-01-21,346
2024-01-22,348
2024-01-23,354
2024-01-24,349
2024-01-25,355
2024-01-26,356
2024-01-27,354
2024-01-28,348
2024-01-29,344
2024-01-30,354
2024-01-31,351
2024-02-01,353
2024-02-02,347
2024-02-03,347
2024-02-04,348
2024-02-05,349
2024-02-06,347
2024-02-07,346
2024-02-08,345
2024-02-09,347
2024-02-10,350
2024-02-11,347
2024-02-12,347
2024-02-13,345
2024-02-14,352
2024-02-15,347
2024-02-16,347
2024-02-17,346
2024-02-18,342
2024-02-19,340
2024-02-20,344
2024-02-21,343
2024-02-22,345
2024-02-23,349
2024-02-24,350
2024-02-25,350
2024-02-26,347
2024-02-27,348
2024-02-28,350
2024-02-29,349
2024-03-01,344
2024-03-02,350
2024-03-03,343
2024-03-04,344
2024-03-05,345
2024-03-06,341
2024-03-07,339
2024-03-08,340
2024-03-09,332
2024-03-10,334
2024-03-11,338
2024-03-12,337
2024-03-13,338
2024-03-14,339
2024-03-15,345
2024-03-16,337
2024-03-17,334
2024-03-18,337
2024-03-19,346
2024-03-20,343
2024-03-21,339
2024-03-22,345
2024-03-23,345
2024-03-24,344
2024-03-25,343
2024-03-26,343
2024-03-27,351
2024-03-28,340
2024-03-29,350
2024-03-30,348
2024-03-31,349
2024-04-01,349
2024-04-02,350
2024-04-03,352
2024-04-04,348
2024-04-05,353
2024-04-06,348
2024-04-07,346
2024-04-08,348
2024-04-09,354
2024-04-10,345
2024-04-11,345
2024-04-12,349
2024-04-13,349
2024-04-14,345
2024-04-15,352
2024-04-16,352
2024-04-17,352
2024-04-18,349
2024-04-19,352
2024-04-20,347
2024-04-21,350
2024-04-22,346
2024-04-23,352
2024-04-24,345
2024-04-25,353
2024-04-26,343
2024-04-27,350
2024-04-28,341
2024-04-29,339
2024-04-30,342
2024-05-01,343
2024-05-02,346
2024-05-03,339
2024-05-04,339
2024-05-05,333
2024-05-06,335
2024-05-07,330
2024-05-08,334
2024-05-09,329
2024-05-10,341
2024-05-11,333
2024-05-12,338
2024-05-13,330
2024-05-14,333
2024-05-15,339
2024-05-16,336
2024-05-17,338
2024-05-18,334
2024-05-19,331
2024-05-20,340
2024-05-21,344
2024-05-22,341
2024-05-23,335
2024-05-24,340
2024-05-25,342
2024-05-26,351
2024-05-27,340
2024-05-28,340
2024-05-29,339
2024-05-30,342
2024-05-31,345
2024-06-01,343
2024-06-02,337
2024-06-03,345
2024-06-04,339
2024-06-05,337
2024-06-06,339
2024-06-07,339
2024-06-08,340
2024-06-09,345
2024-06-10,347
2024-06-11,349
2024-06-12,346
2024-06-13,346
2024-06-14,346
2024-06-15,339
2024-06-16,343
2024-06-17,343
2024-06-18,344
2024-06-19,337
2024-06-20,337
2024-06-21,338
2024-06-22,337
2024-06-23,341
2024-06-24,340
2024-06-25,332
2024-06-26,330
2024-06-27,327
2024-06-28,329
2024-06-29,329
2024-06-30,323
2024-07-01,323
2024-07-02,323
2024-07-03,323
2024-07-04,322
2024-07-05,324
2024-07-06,323
2024-07-07,323
2024-07-08,326
2024-07-09,320
2024-07-10,327
2024-07-11,330
2024-07-12,324
2024-07-13,331
2024-07-14,325
2024-07-15,325
2024-07-16,328
2024-07-17,322
2024-07-18,322
2024-07-19,329
2024-07-20,323
2024-07-21,328
2024-07-22,330
2024-07-23,331
2024-07-24,317
2024-07-25,321
2024-07-26,302
2024-07-27,301
2024-07-28,305
2024-07-29,301
2024-07-30,302
2024-07-31,305
2024-08-01,304
2024-08-02,304
2024-08-03,308
2024-08-04,299
2024-08-05,297
2024-08-06,302
2024-08-07,304
2024-08-08,300
2024-08-09,296
2024-08-10,317
2024-08-11,310
2024-08-12,314
2024-08-13,315
2024-08-14,316
2024-08-15,317
2024-08-16,320
2024-08-17,316
2024-08-18,316
2024-08-19,316
2024-08-20,314
2024-08-21,321
2024-08-22,319
2024-08-23,321
2024-08-24,319
2024-08-25,323
2024-08-26,318
2024-08-27,321
2024-08-28,323
2024-08-29,321
2024-08-30,320
2024-08-31,320
2024-09-01,318
2024-09-02,325
2024-09-03,320
2024-09-04,320
2024-09-05,327
2024-09-06,321
2024-09-07,318
2024-09-08,327
2024-09-09,320
2024-09-10,317
2024-09-11,319
2024-09-12,321
2024-09-13,313
2024-09-14,318
2024-09-15,312
2024-09-16,320
2024-09-17,319
2024-09-18,316
2024-09-19,316
2024-09-20,316
2024-09-21,320
2024-09-22,323
2024-09-23,324
2024-09-24,322
2024-09-25,317
2024-09-26,318
2024-09-27,324
2024-09-28,317
2024-09-29,317
2024-09-30,316
2024-10-01,321
2024-10-02,324
2024-10-03,324
2024-10-04,321
2024-10-05,322
2024-10-06,318
2024-10-07,321
2024-10-08,321
2024-10-09,323
2024-10-10,323
2024-10-11,321
2024-10-12,321
2024-10-13,320
2024-10-14,317
2024-10-15,318
2024-10-16,321
2024-10-17,327
2024-10-18,320
2024-10-19,321
2024-10-20,320
2024-10-21,327
2024-10-22,322
2024-10-23,319
2024-10-24,324
2024-10-25,321
2024-10-26,321
2024-10-27,323
2024-10-28,326
2024-10-29,327
2024-10-30,326
2024-10-31,328
2024-11-01,323
2024-11-02,322
2024-11-03,327
2024-11-04,321
2024-11-05,319
2024-11-06,329
2024-11-07,329
2024-11-08,320
2024-11-09,319
2024-11-10,321
2024-11-11,326
2024-11-12,320
2024-11-13,327
2024-11-14,321
2024-11-15,333
2024-11-16,327
2024-11-17,328
2024-11-18,327
2024-11-19,328
2024-11-20,330
2024-11-21,328
2024-11-22,322
2024-11-23,330
2024-11-24,330
2024-11-25,328
2024-11-26,330
2024-11-27,330
2024-11-28,333
2024-11-29,327
2024-11-30,326
2024-12-01,324
2024-12-02,325
2024-12-03,326
2024-12-04,327
2024-12-05,334
2024-12-06,330
2024-12-07,327
2024-12-08,325
2024-12-09,332
2024-12-10,331
2024-12-11,332
2024-12-12,334
2024-12-13,331
2024-12-14,334
2024-12-15,328
2024-12-16,320
2024-12-17,334
2024-12-18,330
2024-12-19,329
2024-12-20,332
2024-12-21,333
2024-12-22,337
2024-12-23,333
2024-12-24,327
2024-12-25,331
2024-12-26,324
2024-12-27,331
2024-12-28,326
2024-12-29,323
2024-12-30,326
2024-12-31,322
2025-01-01,324
2025-01-02,323
2025-01-03,332
2025-01-04,330
2025-01-05,323
2025-01-06,332
2025-01-07,330
2025-01-08,335
2025-01-09,331
2025-01-10,330
2025-01-11,323
2025-01-12,324
2025-01-13,322
2025-01-14,321
2025-01-15,325
2025-01-16,333
2025-01-17,333
2025-01-18,333
2025-01-19,336
2025-01-20,334
2025-01-21,339
2025-01-22,330
2025-01-23,339
2025-01-24,334
2025-01-25,338
2025-01-26,341
2025-01-27,345
2025-01-28,346
2025-01-29,338
2025-01-30,344
2025-01-31,338
2025-02-01,329
2025-02-02,328
2025-02-03,331
2025-02-04,336
2025-02-05,340
2025-02-06,334
2025-02-07,339
2025-02-08,338
2025-02-09,340
2025-02-10,343
2025-02-11,341
2025-02-12,344
2025-02-13,344
2025-02-14,347
2025-02-15,345
2025-02-16,340
2025-02-17,339
2025-02-18,342
2025-02-19,348
2025-02-20,342
2025-02-21,348
2025-02-22,345
2025-02-23,344
2025-02-24,351
2025-02-25,350
2025-02-26,348
2025-02-27,345
2025-02-28,344
2025-03-01,344
2025-03-02,351
2025-03-03,346
2025-03-04,347
2025-03-05,351
2025-03-06,351
2025-03-07,349
2025-03-08,343
2025-03-09,347
2025-03-10,350
2025-03-11,351
2025-03-12,350
2025-03-13,350
2025-03-14,346
2025-03-15,348
2025-03-16,338
2025-03-17,341
2025-03-18,343
2025-03-19,342
2025-03-20,350
2025-03-21,350
2025-03-22,351
2025-03-23,348
2025-03-24,344
2025-03-25,349
2025-03-26,342
2025-03-27,341
2025-03-28,346
2025-03-29,341
2025-03-30,344
2025-03-31,338
2025-04-01,338
2025-04-02,340
2025-04-03,339
2025-04-04,335
2025-04-05,337
2025-04-06,332
2025-04-07,337
2025-04-08,346
2025-04-09,342
2025-04-10,345
2025-04-11,341
2025-04-12,346
2025-04-13,350
2025-04-14,346
2025-04-15,340
2025-04-16,345
2025-04-17,340
2025-04-18,339
2025-04-19,342
2025-04-20,341
2025-04-21,343
2025-04-22,346
2025-04-23,347
2025-04-24,349
2025-04-25,350
2025-04-26,349
2025-04-27,349
2025-04-28,352
2025-04-29,353
2025-04-30,342
2025-05-01,348
2025-05-02,348
2025-05-03,346
2025-05-04,341
2025-05-05,349
2025-05-06,345
2025-05-07,346
2025-05-08,346
2025-05-09,347
2025-05-10,346
2025-05-11,350
2025-05-12,352
2025-05-13,347
2025-05-14,351
2025-05-15,348
2025-05-16,348
2025-05-17,353
2025-05-18,347
2025-05-19,352
2025-05-20,353
2025-05-21,347
2025-05-22,352
2025-05-23,350
2025-05-24,350
2025-05-25,347
2025-05-26,349
2025-05-27,352
2025-05-28,349
2025-05-29,347
2025-05-30,345
2025-05-31,350
2025-06-01,346
2025-06-02,352
2025-06-03,354
2025-06-04,350
2025-06-05,356
2025-06-06,349
2025-06-07,352
2025-06-08,350
2025-06-09,353
2025-06-10,345
2025-06-11,351
2025-06-12,342
2025-06-13,349
2025-06-14,354
2025-06-15,352
2025-06-16,352
2025-06-17,348
2025-06-18,354
2025-06-19,352
2025-06-20,347
2025-06-21,346
2025-06-22,351
2025-06-23,348
2025-06-24,351
2025-06-25,346
2025-06-26,348
2025-06-27,350
2025-06-28,352
2025-06-29,347
2025-06-30,345
2025-07-01,345
2025-07-02,347
2025-07-03,344
2025-07-04,345
2025-07-05,344
2025-07-06,343
2025-07-07,343
2025-07-08,347
2025-07-09,343
2025-07-10,340
2025-07-11,332
2025-07-12,339
2025-07-13,336
2025-07-14,343
2025-07-15,340
2025-07-16,345
2025-07-17,341
2025-07-18,338
2025-07-19,338
2025-07-20,339
2025-07-21,341
2025-07-22,339
2025-07-23,342
2025-07-24,344
2025-07-25,342
2025-07-26,338
2025-07-27,337
2025-07-28,338
2025-07-29,343
2025-07-30,344
2025-07-31,346
2025-08-01,345
2025-08-02,344
2025-08-03,343
2025-08-04,342
2025-08-05,341
2025-08-06,338
2025-08-07,341
2025-08-08,337
2025-08-09,333
2025-08-10,333
2025-08-11,335
2025-08-12,338
2025-08-13,339
2025-08-14,340
2025-08-15,336
2025-08-16,334
2025-08-17,332
2025-08-18,334
2025-08-19,336
2025-08-20,337
2025-08-21,338
2025-08-22,341
2025-08-23,340
2025-08-24,339
2025-08-25,342
2025-08-26,343
2025-08-27,342
2025-08-28,342
2025-08-29,342
2025-08-30,341
2025-08-31,340
2025-09-01,340
2025-09-02,339
2025-09-03,340
2025-09-04,339
2025-09-05,338
2025-09-06,335
2025-09-07,334
2025-09-08,338
2025-09-09,337
2025-09-10,340
2025-09-11,338
2025-09-12,338
2025-09-13,335
2025-09-14,336
2025-09-15,337
2025-09-16,335
2025-09-17,334
2025-09-18,332
2025-09-19,332
2025-09-20,331
2025-09-21,332
2025-09-22,332
2025-09-23,332
2025-09-24,335
2025-09-25,335
2025-09-26,333
2025-09-27,332
2025-09-28,331
2025-09-29,328
2025-09-30,330
2025-10-01,317
2025-10-02,320
2025-10-03,322
2025-10-04,321
2025-10-05,318
2025-10-06,320
2025-10-07,319
2025-10-08,317
2025-10-09,315
2025-10-10,316
2025-10-11,314
2025-10-12,312
2025-10-13,313
2025-10-14,313
2025-10-15,312
2025-10-16,314
2025-10-17,314
2025-10-18,312
2025-10-19,312
2025-10-20,313
2025-10-21,313
2025-10-22,312
2025-10-23,312
2025-10-24,313
2025-10-25,312
2025-10-26,309
2025-10-27,320
2025-10-28,322
2025-10-29,323
2025-10-30,323
2025-10-31,321
2025-11-01,317
2025-11-02,318
2025-11-03,320
2025-11-04,320
2025-11-05,321
2025-11-06,318
2025-11-07,317
2025-11-08,318
2025-11-09,319
2025-11-10,319
2025-11-11,320
2025-11-12,321
2025-11-13,317
2025-11-14,319
2025-11-15,317
2025-11-16,318
2025-11-17,317
2025-11-18,310
2025-11-19,313
2025-11-20,318
2025-11-21,319
2025-11-22,320
2025-11-23,318
2025-11-24,321
2025-11-25,325
2025-11-26,326
2025-11-27,326
2025-11-28,325
2025-11-29,321
2025-11-30,321
2025-12-01,324
2025-12-02,320
2025-12-03,322
2025-12-04,324
2025-12-05,323
2025-12-06,320
2025-12-07,320
2025-12-08,321
2025-12-09,321
2025-12-10,319
2025-12-11,317
2025-12-12,316
2025-12-13,318
2025-12-14,315
2025-12-15,316
2025-12-16,320
2025-12-17,319
2025-12-18,319
2025-12-19,320
2025-12-20,316
2025-12-21,315
2025-12-22,312
2025-12-23,333
2025-12-24,333
2025-12-25,332
2025-12-26,334
2025-12-27,333
2025-12-28,331
2025-12-29,333
2025-12-30,332
2025-12-31,329
2026-01-01,318
2026-01-02,319
2026-01-03,334
2026-01-04,335
2026-01-05,331
2026-01-06,336
2026-01-07,323
2026-01-08,337
2026-01-09,336
2026-01-10,333
2026-01-11,322
2026-01-12,334
2026-01-13,331
2026-01-14,329
2026-01-15,329
2026-01-16,330
2026-01-17,330
2026-01-18,330
2026-01-19,332
2026-01-20,331
2026-01-21,333
2026-01-22,332
2026-01-23,335
2026-01-24,332
2026-01-25,333
2026-01-26,334
2026-01-27,333
2026-01-28,331
2026-01-29,331
2026-01-30,334
2026-01-31,335
2026-02-01,330
2026-02-02,333
2026-02-03,332
2026-02-04,332
2026-02-05,328
2026-02-06,328
2026-02-07,331
2026-02-08,330
2026-02-09,330
2026-02-10,329
2026-02-11,330
2026-02-12,329
2026-02-13,329
2026-02-14,326
2026-02-15,326
2026-02-16,326
2026-02-17,327
2026-02-18,326
2026-02-19,332
2026-02-20,328
2026-02-21,326
2026-02-22,325
2026-02-23,332
2026-02-24,333
2026-02-25,331
2026-02-26,330
2026-02-27,331
2026-02-28,332
2026-03-01,334
2026-03-02,334
2026-03-03,333
2026-03-04,332
2026-03-05,331
2026-03-06,331
2026-03-07,326
2026-03-08,327
2026-03-09,331
2026-03-10,331
2026-03-11,329
2026-03-12,329
2026-03-13,328
2026-03-14,327
2026-03-15,328
2026-03-16,326
2026-03-17,326
2026-03-18,324
2026-03-19,325
2026-03-20,323
2026-03-21,322
2026-03-22,321
2026-03-23,324
2026-03-24,325
2026-03-25,324
2026-03-26,330
2026-03-27,330
2026-03-28,323
2026-03-29,323
2026-03-30,325
2026-03-31,326
2026-04-01,324
2026-04-02,325
2026-04-03,323
2026-04-04,322
2026-04-05,321
2026-04-06,325
2026-04-07,326
2026-04-08,322
2026-04-09,323
2026-04-10,320
2026-04-11,321
2026-04-12,317
2026-04-13,318
2026-04-14,318
2026-04-15,317
2026-04-16,317
2026-04-17,319
2026-04-18,320
2026-04-19,318
2026-04-20,309
2026-04-21,308
2026-04-22,307
2026-04-23,305
2026-04-24,305
2026-04-25,306
2026-04-26,306
2026-04-27,305
2026-04-28,305
2026-04-29,306
2026-04-30,307
2026-05-01,311
2026-05-02,309
2026-05-03,308
2026-05-04,310
2026-05-05,322
2026-05-06,324
2026-05-07,324
2026-05-08,325
2026-05-09,324
2026-05-10,325
2026-05-11,327
2026-05-12,325
2026-05-13,327
2026-05-14,327
2026-05-15,324
2026-05-16,323
2026-05-17,325
2026-05-18,330
2026-05-19,331
2026-05-20,327
2026-05-21,328
2026-05-22,326
2026-05-23,325
2026-05-24,324
2026-05-25,329
2026-05-26,327
2026-05-27,327
2026-05-28,328
2026-05-29,331
2026-05-30,330
2026-05-31,330
2026-06-01,329
2026-06-02,330
2026-06-03,330
2026-06-04,329
2026-06-05,330
2026-06-06,330
2026-06-07,329
2026-06-08,331
2026-06-09,333
2026-06-10,330
2026-06-11,319
2026-06-12,319
2026-06-13,319
2026-06-14,318
2026-06-15,319
2026-06-16,319
2026-06-17,328
2026-06-18,327
2026-06-19,326
2026-06-20,323
2026-06-21,321
2026-06-22,320
2026-06-23,320
2026-06-24,323
2026-06-25,324
2026-06-26,322
2026-06-27,322
2026-06-28,323
2026-06-29,324
2026-06-30,324
2026-07-01,319
2026-07-02,321
2026-07-03,323
2026-07-04,322
2026-07-05,320
2026-07-06,323
2026-07-07,323
2026-07-08,320
2026-07-09,321
2026-07-10,321
2026-07-11,323
2026-07-12,323
2026-07-13,324
2026-07-14,323
2026-07-15,321
2026-07-16,323
2026-07-17,324
2026-07-18,325
2026-07-19,322
2026-07-20,323
2026-07-21,326
2026-07-22,327
2026-07-23,323
2026-07-24,326
2026-07-25,324
2026-07-26,324
2026-07-27,329
2026-07-28,328
2026-07-29,330
2026-07-30,330
2026-07-31,326
2026-08-01,326
2026-08-02,324
2026-08-03,325
2026-08-04,328
2026-08-05,329
2026-08-06,332
2026-08-07,330
2026-08-08,330
2026-08-09,331
2026-08-10,330
2026-08-11,328
2026-08-12,327
2026-08-13,328
2026-08-14,328
2026-08-15,328
2026-08-16,327
2026-08-17,327
2026-08-18,328
2026-08-19,327
2026-08-20,326
2026-08-21,325
2026-08-22,325
2026-08-23,326
2026-08-24,324
2026-08-25,326
2026-08-26,327
2026-08-27,327
2026-08-28,326
2026-08-29,328
2026-08-30,323
2026-08-31,325
2026-09-01,323
2026-09-02,324
2026-09-03,325
2026-09-04,326
2026-09-05,319
2026-09-06,319
2026-09-07,318
2026-09-08,319
2026-09-09,322
2026-09-10,322
2026-09-11,321
2026-09-12,322
2026-09-13,321
2026-09-14,328
2026-09-15,327
2026-09-16,327
2026-09-17,329
2026-09-18,329
2026-09-19,327
2026-09-20,327
2026-09-21,324
2026-09-22,323
2027-03-05,1
2046-05-05,1
2046-05-06,1
