station,n_connections,connected_to
AK.PAX,63,7C.MM17;7C.MM26;7C.MM30;7C.MM40;AK.A19K;AK.A22K;AK.C16K;AK.C18K;AK.C27K;AK.D20K;AK.D22K;AK.DCPH;AK.E18K;AK.E19K;AK.E24K;AK.E27K;AK.F21K;AK.FYU;AK.G19K;AK.G27K;AK.GLB;AK.H21K;AK.J17K;AK.J19K;AK.J26L;AK.K13K;AK.K15K;AK.M14K;AK.M16K;AK.O14K;AK.PPLA;AK.PS01;AK.PS06;AK.S31K;AT.MID;AT.SVW2;EO.KLRS;NY.MAYO;NY.TGTN;NY.WGLY;PQ.KLONY;PQ.RICHY;PQ.TUKN;XF.GOAT;XJ.SNOW;XN.B07;XN.B11;XN.B15;XO.EP16;XO.EP23;XO.ET20;XO.KD02;XO.LD42;XO.WD49;XO.WD54;XO.WD72;XR.GTM;XR.NOM;YG.GLN4;YI.QCB01;ZE.BULG;ZE.HOLG;ZQ.ETIP
AK.PPLA,60,7C.MM17;7C.MM26;AK.A19K;AK.A22K;AK.C16K;AK.C18K;AK.C27K;AK.D20K;AK.D22K;AK.DCPH;AK.E18K;AK.E19K;AK.E24K;AK.E27K;AK.F21K;AK.FALS;AK.FYU;AK.G19K;AK.G27K;AK.GAMB;AK.GLB;AK.H21K;AK.J17K;AK.J19K;AK.J26L;AK.K13K;AK.K15K;AK.M11K;AK.M14K;AK.M16K;AK.O14K;AK.PAX;AK.PS01;AK.PS06;AK.S31K;AK.TNA;AT.MID;AT.SVW2;EO.KLRS;NY.MAYO;PQ.KLONY;PQ.RICHY;XF.GOAT;XN.B15;XO.EP16;XO.EP23;XO.ET20;XO.KD02;XO.LA32;XO.LD42;XO.WD49;XO.WD54;XO.WD58;XO.WD72;XR.GTM;XR.NOM;YG.GLN4;ZE.BULG;ZE.HOLG;ZQ.ETIP
AK.GLB,55,7C.MM17;7C.MM26;7C.MM30;7C.MM40;AK.C27K;AK.D20K;AK.D22K;AK.DCPH;AK.E18K;AK.E19K;AK.E24K;AK.E27K;AK.F21K;AK.FYU;AK.G19K;AK.G27K;AK.H21K;AK.J17K;AK.J19K;AK.J26L;AK.K13K;AK.K15K;AK.M14K;AK.M16K;AK.O14K;AK.PAX;AK.PPLA;AK.PS01;AK.PS06;AK.S31K;AK.V35K;AT.MID;AT.SVW2;EO.KLRS;NY.MAYO;NY.TGTN;NY.WGLY;PQ.KLONY;PQ.RICHY;PQ.TUKN;XJ.SNOW;XO.EP16;XO.EP23;XO.ET20;XO.KD02;XO.LD42;XO.WD49;XO.WD54;XO.WD58;XO.WD72;YG.GLN4;YI.QCB01;ZE.BULG;ZE.HOLG;ZQ.ETIP
MN.VTS,55,AC.VLO;GE.APE;GE.MLR;GE.PSZ;GE.SKD;GE.TIRR;GE.ZKR;GF.TEPE;HL.ARG;HL.RDO;HT.AGG;HT.LKD;IU.KIEV;KO.DKL;KO.ELL;MN.CLTB;MN.DIVS;MN.PDG;MN.WDD;NI.ZOU2;PL.BEL;PL.KWP;PL.NIE;XM.A106;XS.N020;XS.N039;XS.S009;XS.S037;XS.S040;YB.AT06;YB.AT19;YB.AT44;YB.AT49;YB.AT63;YD.3B13;YD.3D08;YD.3D14;YD.3F11;YD.3H07;YD.6C04;YD.GROM;YD.MMNN;YD.OBS10;YD.OBS14;YF.DUOK;YF.HVAR;YG.CBP2J;YG.CBP4F;YG.CBP4N;YH.KO07;YI.BARR;YI.GROG;YL.ARSL;YL.BEKI;YR.ED15
KY.LLKY,54,4P.MBB03;6E.SB04;7A.BDEG;GS.DEC08;GS.KS24;GS.OK006;N4.237B;N4.257A;N4.K43A;N4.K50A;N4.L34B;N4.N41A;N4.P38B;N4.P48A;N4.P51A;N4.R32B;N4.R40B;N4.R50A;N4.R53A;N4.V51A;N4.X48A;N4.Y60A;N4.Z38B;NM.EUAL;NM.SCMO;NM.WADM;O2.SC12;OH.CROH;OK.HEWI;PE.PAKC;PE.PBL2;PE.PN1;PO.ACTO;PO.MEDO;TX.435B;US.ECSD;US.GLMI;WU.TOBO;XI.SM37;XO.LE17;XO.MG05;XO.SOKY;XR.FG01;XY.PACW;Z7.LA01;Z9.E07;Z9.E31;Z9.W14;Z9.W315;ZL.N06M;ZL.N07A;ZN.DC34;ZT.WEST;ZW.AZCF
IC.XAN,53,1G.EA29;1G.NOP01;1G.WA05;1G.WA08;1G.WA17;1G.WA20;1G.WOP01;1G.WOP11;1G.WOP23;8B.402;8B.416;8B.430;CB.GYA;CB.NJ2;CB.WHN;CD.ENH;X2.260;X2.281;X4.D11;X4.GS01;X4.GS09;X4.GS12;X4.GS18;X4.H05;X4.H13;XD.ZHY;XE.ES18;XE.ES28;XG.ELSH;XG.MJPU;XG.XZHOU;YA.MC02;YA.MC05;YA.MC08;YA.MC10;YA.MC12;YA.MC16;YA.MC17;YY.004;Z8.310;Z8.320;Z8.341;Z8.356;Z8.365;Z8.373;ZQ.103;ZQ.159;ZQ.184;ZV.GUNA;ZV.LORI;ZV.MAQU;ZV.XWAN;ZX.215
CH.FUORN,53,1K.GIAN;AC.VLO;CA.CARA;CA.CFAR;CA.CPAL;CH.SLE;CZ.BEDC;CZ.MORC;CZ.PRIC;CZ.TREC;DK.MUD;G.CLF;G.SSB;GB.HMNX;GB.JSA;GB.WACR;GE.HLG;GE.IBBN;GE.MAHO;GE.PSZ;GE.RGN;GE.RUE;MN.BNI;MN.CLTB;MN.DIVS;MN.PDG;MN.VSL;NI.ZOU2;NL.HGN;PL.BEL;PL.KWP;PL.NIE;TT.TAMR;UK.STED;XM.A106;YD.3B13;YD.3D08;YD.3D14;YD.3F11;YD.3H07;YD.6C04;YD.GROM;YD.MMNN;YD.OBS14;YF.PB49;YG.CBP2J;YG.CBP4F;YG.CBP4N;YI.BARR;YI.BOB;YI.GROG;YR.ED15;ZU.PA69
IC.LSA,52,IN.SHL;IO.EVN;K5.MONG;MM.MDY;MM.NGU;MM.SIM;X4.A01;X4.C13;X4.D08;X4.D11;X4.D26;X4.F06;X4.H01;X4.H05;X4.H13;X4.H19;XA.CHUK;XD.DCD;XE.ES03;XE.ES11;XE.ES18;XE.ES19;XE.ES28;XE.ES31;XE.SP18;XF.H0650;XF.H1210;XF.H1415;XF.H1630;XF.NG010;XF.NP100;XI.TANG;XO.JSO2;XR.BA07;XR.MS02;XR.MS05;XR.MS09;XR.ST05;XR.ST40;XR.W1;Y2.NOCO;Y2.PURG;Y2.WT06;Y2.WT12;YA.MC05;YA.MC08;YA.MC12;YA.MC14;YA.MC17;YA.MC21;YL.ILAM;Z6.BRDL
MN.DIVS,50,AC.VLO;CH.FUORN;CH.SLE;CZ.BEDC;CZ.MORC;CZ.PRIC;CZ.TREC;GE.APE;GE.PSZ;GE.RUE;GE.TIRR;GF.TEPE;HL.RDO;HT.AGG;HT.LKD;IU.KIEV;KO.DKL;MN.BNI;MN.CLTB;MN.PDG;MN.VSL;MN.VTS;MN.WDD;NI.ZOU2;PL.BEL;PL.KWP;PL.NIE;XM.A106;XS.N020;XS.N039;XS.S009;XS.S037;XS.S040;YD.3B13;YD.3D08;YD.3D14;YD.3F11;YD.3H07;YD.6C04;YF.PB49;YF.PB60;YG.CBP2J;YG.CBP4F;YG.CBP4N;YH.KO07;YI.BARR;YI.BOB;YI.GROG;YR.ED15;ZU.PA69
AK.FYU,50,7C.MM17;7C.MM26;7C.MM30;7C.MM40;AK.A19K;AK.A22K;AK.C16K;AK.C18K;AK.C27K;AK.D20K;AK.D22K;AK.DCPH;AK.E18K;AK.E19K;AK.E24K;AK.E27K;AK.F21K;AK.G19K;AK.G27K;AK.GLB;AK.H21K;AK.J17K;AK.J19K;AK.J26L;AK.K13K;AK.K15K;AK.M14K;AK.M16K;AK.PAX;AK.PPLA;AK.PS01;AK.PS06;AK.S31K;AK.TNA;AT.MID;AT.SVW2;EO.KLRS;NY.MAYO;NY.TGTN;NY.WGLY;PQ.KLONY;PQ.RICHY;PQ.TUKN;XF.GOAT;XO.EP16;XO.ET20;XO.KD02;YG.GLN4;ZE.BULG;ZE.HOLG
US.GLMI,50,4A.MN50;6E.SB04;7A.BDEG;7O.ABNH;GS.DEC08;KY.LLKY;LD.FRNY;N4.K43A;N4.K50A;N4.L34B;N4.N41A;N4.P38B;N4.P48A;N4.P51A;N4.R40B;N4.R50A;N4.R53A;N4.R61A;N4.V51A;NM.SCMO;NM.WADM;OH.CROH;PE.PAKC;PE.PBL2;PE.PN1;PE.PSSK;PO.ACTO;PO.LATQ;PO.MATQ;PO.MEDO;US.ECSD;WU.TOBO;X8.QM38;X8.QM58;X8.QM76;X8.QM90;XI.SC04;XI.SC09;XI.SC10;XI.SC14;XI.SM37;XI.SN44;XO.LE17;XO.MG05;XO.SOKY;XY.PACW;YM.MHCG;YU.B01A;ZN.DC34;ZT.WEST
NL.HGN,50,1K.GIAN;CA.CARA;CA.CPAL;CH.FUORN;CH.SLE;CZ.BEDC;CZ.MORC;CZ.PRIC;CZ.TREC;DK.MUD;EI.DSB;EI.IDGL;EI.IMAC;EI.IMAY;G.CLF;G.SSB;GB.CCA1;GB.DRUM;GB.GAL1;GB.GDLE;GB.HMNX;GB.JSA;GB.LAWE;GB.WACR;GE.HLG;GE.IBBN;GE.PSZ;GE.RGN;GE.RUE;MN.BNI;NI.ZOU2;PL.BEL;PL.NIE;UK.STED;WF.SPG;XM.A106;YD.6C04;YF.PB49;YG.CBP2J;YG.CBP4F;YG.CBP4N;YI.BARR;YI.BOB;YI.GROG;YR.ED15;YY.SN32;YY.SN34;YY.SW03;YY.SW05;ZU.PA69
WU.TOBO,48,4A.MN50;6E.SB04;7A.BDEG;7O.ABNH;C8.FORQ;GS.DEC08;KY.LLKY;LD.FRNY;N4.E62A;N4.G65A;N4.K43A;N4.K50A;N4.N41A;N4.P48A;N4.P51A;N4.R50A;N4.R53A;N4.R61A;N4.V51A;NM.SCMO;OH.CROH;PE.PAKC;PE.PBL2;PE.PN1;PE.PSSK;PO.ACTO;PO.LATQ;PO.MATQ;PO.MEDO;US.GLMI;X8.QM38;X8.QM58;X8.QM76;X8.QM90;XI.SC04;XI.SC09;XI.SC10;XI.SC14;XI.SM37;XI.SN44;XO.LE17;XO.SOKY;XY.PACW;YM.MHCG;YU.B01A;ZN.DC34;ZS.W05;ZT.WEST
US.HAWA,48,7D.FN16A;7D.G13B;7D.G26B;7D.G36D;7D.J20B;7D.J31C;7D.J36C;7D.J48C;7D.J53C;C8.BNKB;C8.MWAB;CC.YOCR;IE.BCYI;IE.IRCI;MB.HRY;NC.G005;NN.DIX;NN.RUB;NV.BACME;PB.B934;RV.KAKWA;RV.SWHSA;TD.TD009;UO.LAIR;UO.RSBO;WY.YHR;X1.NKF01;X4.LR13;X7.WA33;X9.BB240;X9.BB420;XC.OR061;XC.OR088;XC.OR100;XE.SNP22;XE.SNPG9;XK.UT65;XL.MG06;XP.TWRS;XQ.ME10;XQ.ME62;XR.FA27;XS.N08;XT.D58;XY.BS07;Y5.HON;Y5.PER;YH.L01
GE.TIRR,47,AC.VLO;CZ.MORC;GE.APE;GE.PSZ;GE.SKD;GE.ZKR;GF.TEPE;HL.ARG;HL.RDO;HT.AGG;HT.LKD;IU.KIEV;KO.DKL;KO.ELL;MN.DIVS;MN.PDG;MN.VTS;PL.BEL;PL.KWP;PL.NIE;RU.ANN;RU.ERBR;RU.VSLR;XS.N020;XS.N039;XS.S009;XS.S037;XS.S040;YB.AT06;YB.AT19;YB.AT44;YB.AT49;YB.AT56;YB.AT63;YB.SM05;YD.3B13;YD.3D08;YD.3D14;YD.3F11;YD.3H07;YD.6C04;YG.CBP2J;YG.CBP4F;YG.CBP4N;YH.KO07;YL.ARSL;YL.BEKI
NY.MAYO,45,7C.MM17;7C.MM26;7C.MM30;7C.MM40;AK.C27K;AK.D20K;AK.D22K;AK.DCPH;AK.E19K;AK.E24K;AK.E27K;AK.F21K;AK.FYU;AK.G19K;AK.G27K;AK.GLB;AK.H21K;AK.J19K;AK.J26L;AK.PAX;AK.PPLA;AK.PS01;AK.PS06;AK.S31K;AK.V35K;AT.MID;AT.SVW2;EO.KLRS;NY.TGTN;NY.WGLY;PQ.KLONY;PQ.NAB2;PQ.NBC3;PQ.NBC8;PQ.RICHY;PQ.TUKN;PQ.ULUN;XJ.SNOW;XO.KD02;XO.WD54;YG.GLN4;YI.QCB01;ZE.BULG;ZE.HOLG;ZQ.ETIP
CI.PDM,44,2D.OBS06;2D.OBS08;2D.OBS13;2D.OBS16;2D.OBS21;7P.PC53;AP.PVFF;BC.PIX;BC.SPX;BC.TJX;CI.CIA;EP.CHC4;IE.IRCI;JW.BRR;NC.G005;NN.DIX;NN.RUB;NN.SLVR;NR.NE74;NR.NE75;NR.NE80;NR.NE81;NR.NE82;PB.B934;PB.GUAX;RE.BRBY3;TO.CC08;US.MVCO;X2.CRAT;XC.OR088;XC.OR100;XD.C02;XE.SNP22;XE.SNPG9;XK.UT65;XP.N16;XP.N20;XP.S29;XQ.ME10;XQ.ME62;XR.SC25;YH.L01;ZL.I02;ZL.N06
IE.BCYI,44,7D.FN16A;7D.G26B;7D.G36D;7D.J20B;7D.J36C;C8.MWAB;CC.YOCR;I0.RD179;IE.IRCI;MB.HRY;NC.G005;NN.DIX;NN.RUB;NN.SLVR;NV.BACME;PB.B934;PQ.LHLYB;RV.ASHMA;TD.TD009;UO.LAIR;UO.RSBO;UO.TOMA;US.DGMT;US.HAWA;US.KNB;US.MVCO;WY.YHR;X2.CRAT;X4.LR13;X7.WA33;XC.OR061;XC.OR088;XC.OR100;XE.SNPG9;XK.UT65;XP.N16;XP.N20;XP.S29;XP.TWRS;XQ.ME10;XQ.ME62;XT.D58;Y5.PER;YH.L01
G.SSB,43,1K.GIAN;CA.CARA;CA.CFAR;CA.CPAL;CH.FUORN;CH.SLE;CZ.BEDC;CZ.MORC;CZ.PRIC;CZ.TREC;G.CLF;GB.CCA1;GB.GDLE;GB.HMNX;GB.JSA;GB.WACR;GE.CART;GE.HLG;GE.IBBN;GE.MAHO;GE.RUE;MN.BNI;MN.MEB;MN.VSL;NI.ZOU2;NL.HGN;TT.TAMR;UK.STED;WF.SPG;WM.UCM;XB.PS37;XM.A106;YD.GROM;YD.OBS14;YF.DUOK;YF.HVAR;YG.CBP2J;YG.CBP4F;YG.CBP4N;YI.BARR;YI.BOB;YI.GROG;YR.ED15
MN.BNI,43,1K.GIAN;CA.CARA;CA.CFAR;CA.CPAL;CH.FUORN;CH.SLE;G.CLF;G.SSB;GB.CCA1;GB.HMNX;GB.JSA;GB.WACR;GE.CART;GE.HLG;GE.IBBN;GE.MAHO;GE.PSZ;GE.RUE;MN.CLTB;MN.DIVS;MN.PDG;MN.VSL;NI.ZOU2;NL.HGN;TT.TAMR;TT.THTN;UK.STED;WM.UCM;XM.A106;YD.6C04;YD.GROM;YD.MMNN;YD.OBS10;YD.OBS14;YF.DUOK;YF.HVAR;YG.CBP2J;YG.CBP4F;YG.CBP4N;YI.BARR;YI.BOB;YI.GROG;YR.ED15
MB.HRY,43,7D.FN16A;C8.MWAB;CC.YOCR;I0.RD179;IE.BCYI;IE.IRCI;NN.DIX;NN.RUB;NN.SLVR;NV.BACME;PQ.LHLYB;RV.ASHMA;RV.KAKWA;RV.SWHSA;TD.TD009;UO.LAIR;UO.RSBO;UO.TOMA;US.DGMT;US.HAWA;US.KNB;US.MVCO;WY.YHR;X4.LR13;X7.WA33;XC.OR061;XC.OR088;XC.OR100;XE.SNPG9;XK.UT65;XP.N16;XP.N20;XP.TWRS;XQ.ME10;XR.FA23;XR.FA24;XR.FA27;XT.D58;Y5.DOR;Y5.FMC;Y5.HON;Y5.PER;YH.L01
PB.B934,43,2D.OBS06;2D.OBS08;2D.OBS13;2D.OBS16;2D.OBS21;7D.FN16A;7D.G13B;7D.G26B;7D.G36D;7D.J20B;7D.J31C;7D.J36C;7D.J48C;7D.J53C;BC.TJX;C8.MWAB;CC.YOCR;CI.CIA;CI.PDM;IE.BCYI;IE.IRCI;NC.G005;NN.DIX;NN.RUB;NN.SLVR;NV.BACME;PQ.LHLYB;RE.BRBY3;TO.CC08;UO.LAIR;UO.RSBO;UO.TOMA;US.HAWA;X4.LR13;X7.WA33;X9.BB240;X9.BB420;XC.OR100;XD.C02;XP.TWRS;XQ.ME10;XQ.ME62;XT.D58
GS.DEC08,43,4A.MN50;6E.SB04;7A.BDEG;GS.KS24;KY.LLKY;N4.237B;N4.K43A;N4.K50A;N4.L34B;N4.N41A;N4.P38B;N4.P48A;N4.P51A;N4.R32B;N4.R40B;N4.R50A;N4.R53A;N4.V51A;N4.X48A;N4.Z38B;NM.EUAL;NM.SCMO;NM.WADM;O2.SC12;OH.CROH;OK.HEWI;PE.PAKC;PE.PBL2;PE.PN1;PE.PSSK;US.ECSD;US.GLMI;WU.TOBO;XO.SOKY;XR.FG01;XY.PACW;YU.B01A;Z7.LA01;Z9.E31;Z9.W315;ZN.DC34;ZT.WEST;ZW.AZCF
US.MVCO,43,4O.GV01;7P.PC53;AP.PVFF;BC.PIX;BC.SPX;BC.TJX;CI.CIA;CI.PDM;EP.CHC4;GS.KS24;GS.OK006;IE.BCYI;IE.IRCI;IM.TX02;JW.BRR;MB.HRY;N4.R32B;NN.DIX;NN.RUB;NN.SLVR;NR.NE80;NR.NE81;O2.SC12;OK.HEWI;RE.BRBY3;TX.BRDY;TX.DKNS;US.AMTX;WY.YHR;X2.CRAT;XC.OR088;XC.OR100;XD.C02;XE.SNPG9;XP.N16;XP.N20;XP.S29;XP.TWRS;XR.FG01;XR.SC25;YH.L01;ZW.AZCF;ZZ.FWU17
NM.WADM,42,6E.SB04;GS.DEC08;GS.KS24;KY.LLKY;N4.237B;N4.257A;N4.K43A;N4.K50A;N4.L34B;N4.N41A;N4.P38B;N4.P48A;N4.P51A;N4.R32B;N4.R40B;N4.R50A;N4.R53A;N4.V51A;N4.X48A;N4.Y60A;N4.Z38B;NM.EUAL;NM.SCMO;O2.SC12;OH.CROH;PE.PBL2;PE.PN1;TX.435B;TX.BRDY;TX.DKNS;US.AMTX;US.ECSD;US.GLMI;XO.SOKY;XR.FG01;Z7.LA01;Z9.E07;Z9.E31;Z9.W315;ZT.WEST;ZW.AZCF;ZZ.FWU17
NN.RUB,42,2D.OBS06;2D.OBS08;2D.OBS13;2D.OBS16;2D.OBS21;7D.FN16A;7D.G13B;7D.G26B;7D.G36D;7D.J20B;7D.J31C;7D.J36C;7D.J53C;AP.PVFF;BC.PIX;BC.SPX;BC.TJX;CC.YOCR;CI.CIA;CI.PDM;IE.BCYI;IE.IRCI;MB.HRY;NC.G005;NN.DIX;NN.SLVR;PB.B934;PQ.LHLYB;RE.BRBY3;TO.CC08;UO.LAIR;UO.RSBO;UO.TOMA;US.HAWA;US.MVCO;WY.YHR;X2.CRAT;X7.WA33;X9.BB240;X9.BB420;XD.C02;XT.D58
US.AMTX,41,4O.GV01;4P.MBB03;7P.PC53;AP.PVFF;EP.CHC4;GS.KS24;GS.OK006;IM.TX02;JW.BRR;MX.HPIG;N4.237B;N4.L34B;N4.P38B;N4.R32B;N4.R40B;N4.Z38B;NM.SCMO;NM.WADM;NR.NE80;NR.NE81;O2.SC12;OK.HEWI;TX.435B;TX.BRDY;TX.DKNS;TX.ELG6;US.ECSD;US.MVCO;X2.CRAT;XK.UT65;XO.MG05;XP.N16;XP.N20;XP.S29;XR.FG01;XR.SC25;Z7.LA01;ZL.N06M;ZL.N07A;ZW.AZCF;ZZ.FWU17
XY.PACW,41,6E.SB04;7A.BDEG;GS.DEC08;KY.LLKY;LD.FRNY;N4.257A;N4.E62A;N4.G65A;N4.K43A;N4.K50A;N4.N41A;N4.P48A;N4.P51A;N4.R50A;N4.R53A;N4.R61A;N4.V51A;N4.X48A;N4.Y60A;NM.SCMO;PO.ACTO;PO.LATQ;PO.MATQ;PO.MEDO;US.GLMI;WU.TOBO;X8.QM38;X8.QM58;XI.SC14;XO.LE17;XO.SOKY;YO.D03;YO.X01;YO.X03;YO.X06;YO.X09;YO.X10;Z9.E07;Z9.E31;Z9.W14;Z9.W315
YT.FALL,41,XD.PSP03;XH.DR02;XH.DR15;XH.DR16;XH.RS02;XH.RS06;XH.RS08;XH.RS10;XH.RS12;XH.RS15;XH.RS17;YT.AGO1;YT.BENN;YT.CLRK;YT.DEVL;YT.DUFK;YT.HOWE;YT.KOLR;YT.MA06;YT.MA07;YT.MA09;YT.MILR;YT.MPAT;YT.PECA;YT.RMBO;YT.SILY;YT.SIPL;YT.ST01;YT.ST02;YT.ST04;YT.ST07;YT.ST10;YT.ST14;YT.STEW;YT.SURP;YT.SWEI;YT.UPTW;YT.WAIS;YT.WILS;YT.WNDY;ZM.P061
YT.WAIS,40,1D.ELSW;1D.FOWL;1D.PIG3;7U.TJTJ;XH.RS08;XH.RS10;XH.RS12;XH.RS15;XH.RS17;YT.BENN;YT.CLRK;YT.DUFK;YT.FALL;YT.HOWD;YT.HOWE;YT.KOLR;YT.LPLY;YT.MA06;YT.MA07;YT.MA09;YT.MCRG;YT.MECK;YT.MPAT;YT.MTAK;YT.PECA;YT.RMBO;YT.SILY;YT.SIPL;YT.ST01;YT.ST02;YT.ST04;YT.ST07;YT.ST10;YT.ST14;YT.STEW;YT.SURP;YT.THUR;YT.UPTW;YT.WILS;YT.WNDY
CI.CIA,39,2D.OBS06;2D.OBS08;2D.OBS13;2D.OBS16;2D.OBS21;AP.PVFF;BC.PIX;BC.SPX;BC.TJX;CI.PDM;JW.BRR;NC.G005;NN.DIX;NN.RUB;NN.SLVR;NR.NE74;NR.NE75;NR.NE80;NR.NE81;PB.B934;PB.GUAX;RE.BRBY3;TO.CC08;UO.TOMA;US.KNB;US.MVCO;X2.CRAT;XC.OR088;XC.OR100;XD.C02;XE.SNP22;XE.SNPG9;XK.UT65;XM.NM32;XM.UT52;XP.N16;XQ.ME10;XQ.ME62;ZL.N06
AK.J26L,39,AK.A19K;AK.A22K;AK.C16K;AK.C18K;AK.C27K;AK.D20K;AK.D22K;AK.DCPH;AK.E18K;AK.E19K;AK.E24K;AK.E27K;AK.F21K;AK.FYU;AK.G19K;AK.G27K;AK.GLB;AK.H21K;AK.J17K;AK.J19K;AK.K13K;AK.K15K;AK.M14K;AK.M16K;AK.O14K;AK.PAX;AK.PPLA;AK.PS01;AK.PS06;AK.S31K;AT.MID;EO.KLRS;NY.MAYO;NY.TGTN;NY.WGLY;PQ.KLONY;PQ.RICHY;PQ.TUKN;YI.QCB01
AK.J19K,39,AK.A19K;AK.A22K;AK.C16K;AK.C18K;AK.C27K;AK.D20K;AK.D22K;AK.DCPH;AK.E18K;AK.E19K;AK.E24K;AK.E27K;AK.F21K;AK.FALS;AK.FYU;AK.G19K;AK.G27K;AK.GAMB;AK.GLB;AK.H21K;AK.J17K;AK.J26L;AK.K13K;AK.K15K;AK.M11K;AK.M14K;AK.M16K;AK.O14K;AK.PAX;AK.PPLA;AK.PS01;AK.PS06;AK.SPIA;AK.TNA;AT.MID;EO.KLRS;NY.MAYO;PQ.KLONY;PQ.RICHY
NM.SCMO,39,4P.MBB03;6E.SB04;GS.DEC08;KY.LLKY;N4.237B;N4.K43A;N4.K50A;N4.L34B;N4.N41A;N4.P38B;N4.P48A;N4.P51A;N4.R32B;N4.R40B;N4.R50A;N4.R53A;N4.V51A;N4.X48A;N4.Z38B;NM.EUAL;NM.WADM;PO.ACTO;US.AMTX;US.ECSD;US.GLMI;WU.TOBO;XI.SC14;XI.SM37;XI.SN44;XO.LE17;XO.MG05;XO.SOKY;XY.PACW;Z9.E31;Z9.W14;Z9.W315;ZL.N06M;ZL.N07A;ZW.AZCF
YT.BENN,39,1D.FOWL;1D.PIG3;7U.TJTJ;XH.DR15;XH.DR16;XH.RS06;XH.RS08;XH.RS10;XH.RS12;XH.RS15;XH.RS17;YT.AGO1;YT.CLRK;YT.DEVL;YT.DUFK;YT.FALL;YT.HOWD;YT.HOWE;YT.KOLR;YT.MA06;YT.MA07;YT.MA09;YT.MILR;YT.MPAT;YT.MTAK;YT.PECA;YT.RMBO;YT.SILY;YT.SIPL;YT.ST02;YT.ST04;YT.ST07;YT.ST10;YT.ST14;YT.STEW;YT.SURP;YT.SWEI;YT.UPTW;YT.WAIS
YT.SIPL,38,XD.PSP03;XH.DR02;XH.DR15;XH.DR16;XH.RS02;XH.RS06;XH.RS08;XH.RS10;XH.RS12;XH.RS15;XH.RS17;YT.AGO1;YT.BENN;YT.CLRK;YT.DEVL;YT.FALL;YT.HOWE;YT.KOLR;YT.MA06;YT.MA07;YT.MA09;YT.MILR;YT.MPAT;YT.PECA;YT.RMBO;YT.SILY;YT.ST01;YT.ST02;YT.ST04;YT.ST07;YT.ST10;YT.ST14;YT.STEW;YT.SURP;YT.SWEI;YT.UPTW;YT.WAIS;YT.WNDY
IC.HIA,38,1A.NE00;1A.NE26;1A.NE48;1G.EA29;1G.NOP01;1U.SHRD;5G.D10;5G.D16;CB.HEH;CB.SNY;IU.ULN;XG.ELSH;XG.MJPU;XG.SQUAN;XI.DHAA;YP.NE32;YP.NE44;YP.NE57;YP.NE59;YP.NE5D;YP.NE61;YP.NE66;YP.NE6F;YP.NE7D;YP.NE81;YP.NE83;YP.NE8B;YP.NE8I;YP.NE9B;YP.NEA3;YP.NEA5;YP.NEA9;YP.NEAB;YP.NEAD;YP.NEP5;YP.NEP7;ZX.215;ZX.230
MN.VSL,38,1K.GIAN;AC.VLO;CA.CARA;CA.CFAR;CA.CPAL;CH.FUORN;CH.SLE;G.CLF;G.SSB;GE.CART;GE.GHAR;GE.MAHO;HT.LKD;MN.BNI;MN.CLTB;MN.DIVS;MN.GFA;MN.MEB;MN.PDG;MN.WDD;NI.ZOU2;TT.TAMR;TT.TATN;TT.THTN;WM.UCM;XM.A106;XS.N020;YD.MMNN;YD.OBS10;YD.OBS14;YF.DUOK;YF.HVAR;YG.CBP4F;YG.CBP4N;YI.BARR;YI.BOB;YI.GROG;YR.ED15
LD.FRNY,38,7A.BDEG;7K.AN4;7O.ABNH;C8.FORQ;C8.PCAQ;N4.E62A;N4.G65A;N4.K50A;N4.P51A;N4.R53A;N4.R61A;PE.PAKC;PE.PBL2;PE.PN1;PE.PSSK;PO.ACTO;PO.LATQ;PO.MATQ;PO.MEDO;US.GLMI;WU.TOBO;X8.COSY;X8.QM38;X8.QM58;X8.QM76;X8.QM90;X8.QMM5;XI.SC10;XI.SC14;XY.PACW;Y6.HOLY;Y6.MALY;YM.MHCG;YO.X01;YO.X03;YU.B01A;ZN.DC34;ZS.W05
IM.TX02,38,AP.PVFF;BC.PIX;EP.CHC4;GS.OK006;MG.JRQG;MX.HPIG;MX.MOIG;MX.ZAIG;N4.237B;N4.R32B;N4.Z38B;NR.NE74;NR.NE75;NR.NE78;NR.NE79;NR.NE80;NR.NE81;NR.NE82;NR.NE83;TO.SAFR;TX.BRDY;TX.DKNS;US.AMTX;US.MVCO;X2.CRAT;XF.MA28;XF.MA40;XM.NM24;XM.NM32;XM.UT52;XP.N20;XP.S29;XR.FG01;XR.SC25;ZL.I02;ZL.N06;ZL.S05;ZW.AZCF
AK.H21K,38,AK.A19K;AK.A22K;AK.C16K;AK.C18K;AK.C27K;AK.D20K;AK.D22K;AK.DCPH;AK.E18K;AK.E19K;AK.E24K;AK.E27K;AK.F21K;AK.FYU;AK.G19K;AK.G27K;AK.GAMB;AK.GLB;AK.J17K;AK.J19K;AK.J26L;AK.K13K;AK.K15K;AK.M11K;AK.M14K;AK.M16K;AK.O14K;AK.PAX;AK.PPLA;AK.PS01;AK.PS06;AK.TNA;AT.MID;EO.KLRS;NY.MAYO;PQ.KLONY;PQ.RICHY;PQ.TUKN
AF.BLWY,38,6H.FUNH;6H.MASS;8A.GAMM;8A.KANO;8A.NEPA;8A.OKAM;8A.WAND;AF.HARE;AF.KTWE;AF.LBB;AF.MONG;AF.MOPA;AF.POGA;AF.RUDU;AF.SNKL;AF.TEZI;BX.KGCAE;BX.KOOLE;BX.LKGWB;BX.PHPEN;IU.LSZ;NR.NE215;XK.B04KH;XK.B07DX;XK.B17CI;XK.W02NB;XK.W10LW;XK.W12MB;XK.W15SS;XK.Z04NN;XK.Z09CG;XV.SENA;XV.TETE;ZQ.AAM2;ZT.CRAIL;ZT.DULL;ZT.NHAM;ZT.WTBG
EO.KLRS,37,AK.C27K;AK.D22K;AK.DCPH;AK.E24K;AK.E27K;AK.F21K;AK.FYU;AK.G19K;AK.G27K;AK.GLB;AK.H21K;AK.J17K;AK.J19K;AK.J26L;AK.M16K;AK.PAX;AK.PPLA;AK.PS06;AK.S31K;AK.V35K;AT.MID;NY.MAYO;NY.TGTN;NY.WGLY;PQ.KLONY;PQ.NAB2;PQ.NBC3;PQ.NBC8;PQ.RICHY;PQ.TUKN;XO.EP16;XO.ET20;XO.KD02;XO.WD49;XO.WD54;XO.WD72;YI.QCB01
AK.PS06,37,AK.A19K;AK.A22K;AK.C16K;AK.C18K;AK.C27K;AK.D20K;AK.D22K;AK.DCPH;AK.E18K;AK.E19K;AK.E24K;AK.E27K;AK.F21K;AK.FYU;AK.G19K;AK.G27K;AK.GAMB;AK.GLB;AK.H21K;AK.J17K;AK.J19K;AK.J26L;AK.K13K;AK.K15K;AK.M11K;AK.M14K;AK.M16K;AK.O14K;AK.PAX;AK.PPLA;AK.PS01;AK.TNA;EO.KLRS;NY.MAYO;PQ.KLONY;PQ.RICHY;PQ.TUKN
AK.J17K,36,AK.A19K;AK.A22K;AK.C16K;AK.C18K;AK.C27K;AK.D20K;AK.D22K;AK.E18K;AK.E19K;AK.E24K;AK.E27K;AK.F21K;AK.FALS;AK.FYU;AK.G19K;AK.G27K;AK.GAMB;AK.GLB;AK.H21K;AK.J19K;AK.J26L;AK.K13K;AK.K15K;AK.M11K;AK.M14K;AK.M16K;AK.O14K;AK.PAX;AK.PPLA;AK.PS01;AK.PS06;AK.SPIA;AK.TNA;AT.MID;EO.KLRS;PQ.KLONY
YT.SURP,36,XD.PSP03;XH.DR02;XH.DR15;XH.DR16;XH.RS02;XH.RS06;XH.RS08;XH.RS10;XH.RS12;XH.RS15;XH.RS17;YT.AGO1;YT.BENN;YT.CLRK;YT.DEVL;YT.FALL;YT.HOWE;YT.MA09;YT.MILR;YT.MPAT;YT.PECA;YT.RMBO;YT.SILY;YT.SIPL;YT.ST01;YT.ST02;YT.ST04;YT.ST07;YT.ST14;YT.STEW;YT.SWEI;YT.WAIS;YT.WNDY;ZM.GM01;ZM.N140;ZM.P061
AT.MID,36,7C.MM17;7C.MM26;7C.MM30;AK.DCPH;AK.FYU;AK.GLB;AK.H21K;AK.J17K;AK.J19K;AK.J26L;AK.PAX;AK.PPLA;AK.S31K;AK.V35K;AT.SVW2;EO.KLRS;NY.MAYO;NY.TGTN;XF.GOAT;XJ.SNOW;XO.EP16;XO.EP23;XO.ET20;XO.KD02;XO.LA32;XO.LD42;XO.WD49;XO.WD54;XO.WD58;XO.WD60;XO.WD69;XO.WD72;YG.GLN4;ZE.BULG;ZE.HOLG;ZQ.ETIP
AK.F21K,36,AK.A19K;AK.A22K;AK.C16K;AK.C18K;AK.C27K;AK.D20K;AK.D22K;AK.E18K;AK.E19K;AK.E24K;AK.E27K;AK.FYU;AK.G19K;AK.G27K;AK.GAMB;AK.GLB;AK.H21K;AK.J17K;AK.J19K;AK.J26L;AK.K13K;AK.K15K;AK.M11K;AK.M14K;AK.M16K;AK.O14K;AK.PAX;AK.PPLA;AK.PS01;AK.PS06;AK.TNA;EO.KLRS;NY.MAYO;PQ.KLONY;PQ.RICHY;PQ.TUKN
AK.G19K,36,AK.A19K;AK.A22K;AK.C16K;AK.C18K;AK.C27K;AK.D20K;AK.D22K;AK.E18K;AK.E19K;AK.E24K;AK.E27K;AK.F21K;AK.FYU;AK.G27K;AK.GAMB;AK.GLB;AK.H21K;AK.J17K;AK.J19K;AK.J26L;AK.K13K;AK.K15K;AK.M11K;AK.M14K;AK.M16K;AK.O14K;AK.PAX;AK.PPLA;AK.PS01;AK.PS06;AK.TNA;EO.KLRS;NY.MAYO;PQ.KLONY;PQ.RICHY;PQ.TUKN
AK.G27K,35,AK.A19K;AK.A22K;AK.C16K;AK.C18K;AK.C27K;AK.D20K;AK.D22K;AK.DCPH;AK.E18K;AK.E19K;AK.E24K;AK.E27K;AK.F21K;AK.FYU;AK.G19K;AK.GLB;AK.H21K;AK.J17K;AK.J19K;AK.J26L;AK.K15K;AK.M16K;AK.PAX;AK.PPLA;AK.PS01;AK.PS06;AK.S31K;EO.KLRS;NY.MAYO;NY.TGTN;NY.WGLY;PQ.KLONY;PQ.RICHY;PQ.TUKN;PQ.ULUN
N4.R53A,35,6E.SB04;7A.BDEG;GS.DEC08;KY.LLKY;LD.FRNY;N4.257A;N4.K43A;N4.K50A;N4.N41A;N4.P38B;N4.P48A;N4.P51A;N4.R40B;N4.R50A;N4.R61A;N4.V51A;N4.X48A;N4.Y60A;NM.EUAL;NM.SCMO;NM.WADM;PE.PAKC;PE.PSSK;US.GLMI;WU.TOBO;XO.SOKY;XY.PACW;YM.MHCG;YO.D03;YO.X01;YO.X03;YO.X06;YO.X09;YO.X10;ZN.DC34
AK.E19K,35,AK.A19K;AK.A22K;AK.C16K;AK.C18K;AK.C27K;AK.D20K;AK.D22K;AK.E18K;AK.E24K;AK.E27K;AK.F21K;AK.FYU;AK.G19K;AK.G27K;AK.GAMB;AK.GLB;AK.H21K;AK.J17K;AK.J19K;AK.J26L;AK.K13K;AK.K15K;AK.M11K;AK.M14K;AK.M16K;AK.O14K;AK.PAX;AK.PPLA;AK.PS01;AK.PS06;AK.TNA;NY.MAYO;PQ.KLONY;PQ.RICHY;PQ.TUKN
AK.D20K,35,AK.A19K;AK.A22K;AK.C16K;AK.C18K;AK.C27K;AK.D22K;AK.E18K;AK.E19K;AK.E24K;AK.E27K;AK.F21K;AK.FYU;AK.G19K;AK.G27K;AK.GAMB;AK.GLB;AK.H21K;AK.J17K;AK.J19K;AK.J26L;AK.K13K;AK.K15K;AK.M11K;AK.M14K;AK.M16K;AK.O14K;AK.PAX;AK.PPLA;AK.PS01;AK.PS06;AK.TNA;NY.MAYO;PQ.KLONY;PQ.RICHY;PQ.TUKN
YT.SILY,35,1D.ELSW;1D.PIG3;7U.TJTJ;XH.RS06;XH.RS08;XH.RS10;XH.RS12;XH.RS15;XH.RS17;YT.BENN;YT.CLRK;YT.FALL;YT.HOWD;YT.KOLR;YT.LPLY;YT.MA06;YT.MA07;YT.MA09;YT.MCRG;YT.MPAT;YT.MTAK;YT.SIPL;YT.ST01;YT.ST02;YT.ST04;YT.ST07;YT.ST10;YT.ST14;YT.STEW;YT.SURP;YT.THUR;YT.UPTW;YT.WAIS;YT.WILS;YT.WNDY
IU.LSZ,35,6H.FUNH;6H.INCA;6H.MASS;AF.BLWY;AF.HARE;AF.KTWE;AF.LBB;AF.MONG;AF.MOPA;AF.PWET;AF.TEZI;XA.SA76;XD.RUNG;XK.B04KH;XK.B07DX;XK.B17CI;XK.Q05MJ;XK.Q07MR;XK.W02NB;XK.W10LW;XK.W12MB;XK.W15SS;XK.Z04NN;XK.Z09CG;XV.SENA;XV.TETE;ZP.ISOK;ZP.KAMZ;ZP.KASM;ZP.KISH;ZP.LAEL;ZP.MKUS;ZP.MPIK;ZP.MWEN;ZP.PNDA
N4.P51A,34,6E.SB04;7A.BDEG;GS.DEC08;KY.LLKY;LD.FRNY;N4.257A;N4.K43A;N4.K50A;N4.N41A;N4.P38B;N4.P48A;N4.R40B;N4.R50A;N4.R53A;N4.R61A;N4.V51A;N4.X48A;N4.Y60A;NM.EUAL;NM.SCMO;NM.WADM;PE.PAKC;PE.PSSK;US.GLMI;WU.TOBO;XO.SOKY;XY.PACW;YM.MHCG;YO.D03;YO.X01;YO.X03;YO.X09;YO.X10;ZN.DC34
N4.R50A,34,6E.SB04;7A.BDEG;GS.DEC08;KY.LLKY;N4.257A;N4.K43A;N4.K50A;N4.L34B;N4.N41A;N4.P38B;N4.P48A;N4.P51A;N4.R40B;N4.R53A;N4.R61A;N4.V51A;N4.X48A;N4.Y60A;NM.EUAL;NM.SCMO;NM.WADM;PE.PAKC;PE.PSSK;US.GLMI;WU.TOBO;XO.SOKY;XY.PACW;YM.MHCG;YO.D03;YO.X01;YO.X03;YO.X09;YO.X10;ZN.DC34
N4.V51A,34,6E.SB04;7A.BDEG;GS.DEC08;KY.LLKY;N4.060A;N4.257A;N4.K43A;N4.K50A;N4.N41A;N4.P38B;N4.P48A;N4.P51A;N4.R40B;N4.R50A;N4.R53A;N4.R61A;N4.X48A;N4.Y60A;N4.Z38B;NM.EUAL;NM.SCMO;NM.WADM;PE.PAKC;PE.PSSK;US.GLMI;WU.TOBO;XO.SOKY;XY.PACW;YO.D03;YO.X01;YO.X03;YO.X09;YO.X10;ZN.DC34
YT.HOWD,34,1D.ATOL;1D.BREN;1D.ELSW;1D.FOWL;1D.KIBB;1D.PIG3;1D.WELC;7U.TJTJ;YT.BENN;YT.DUFK;YT.KOLR;YT.LPLY;YT.MA06;YT.MA07;YT.MA09;YT.MCRG;YT.MECK;YT.MRTP;YT.MTAK;YT.PECA;YT.RMBO;YT.SILY;YT.ST01;YT.ST02;YT.ST04;YT.ST07;YT.ST10;YT.ST14;YT.STEW;YT.THUR;YT.UPTW;YT.WAIS;YT.WILS;YT.WNDY
US.ECSD,34,4A.MN50;4P.MBB03;6E.SB04;GS.DEC08;GS.KS24;GS.OK006;KY.LLKY;N4.K43A;N4.L34B;N4.N41A;N4.P38B;N4.P48A;N4.R32B;N4.R40B;NM.SCMO;NM.WADM;O2.SC12;OK.HEWI;US.AMTX;US.DGMT;US.GLMI;WY.YHR;XI.SC04;XI.SC09;XI.SC14;XI.SM37;XI.SN44;XO.LE17;XO.MG05;XP.N20;XR.FG01;ZL.N07A;ZT.WEST;ZZ.FWU17
AK.D22K,34,AK.A19K;AK.A22K;AK.C16K;AK.C18K;AK.C27K;AK.D20K;AK.E18K;AK.E19K;AK.E24K;AK.E27K;AK.F21K;AK.FYU;AK.G19K;AK.G27K;AK.GAMB;AK.GLB;AK.H21K;AK.J17K;AK.J19K;AK.J26L;AK.K13K;AK.K15K;AK.M14K;AK.M16K;AK.PAX;AK.PPLA;AK.PS01;AK.PS06;AK.TNA;EO.KLRS;NY.MAYO;PQ.KLONY;PQ.RICHY;PQ.TUKN
AF.KTWE,34,6H.INCA;6H.MASS;AF.BLWY;AF.HARE;AF.LBB;AF.MONG;AF.PWET;AF.TEZI;IU.LSZ;XK.B04KH;XK.B07DX;XK.B17CI;XK.Q05MJ;XK.Q07MR;XK.W02NB;XK.W10LW;XK.W12MB;XK.W15SS;XK.Z04NN;XK.Z09CG;XV.SENA;XV.TETE;YH.IFAK;YQ.MATA;YQ.MFRI;ZP.ISOK;ZP.KAMZ;ZP.KASM;ZP.KIBO;ZP.KISH;ZP.MKUS;ZP.MPIK;ZP.MWEN;ZV.CHAA
XO.SOKY,34,6E.SB04;7A.BDEG;GS.DEC08;KY.LLKY;N4.237B;N4.257A;N4.K43A;N4.K50A;N4.L34B;N4.N41A;N4.P38B;N4.P48A;N4.P51A;N4.R40B;N4.R50A;N4.R53A;N4.R61A;N4.V51A;N4.X48A;N4.Y60A;N4.Z38B;NM.EUAL;NM.SCMO;NM.WADM;US.GLMI;WU.TOBO;XY.PACW;YO.D03;YO.X01;YO.X10;Z9.E07;Z9.E31;Z9.W315;ZN.DC34
AK.E18K,33,AK.A19K;AK.A22K;AK.C16K;AK.C18K;AK.C27K;AK.D20K;AK.D22K;AK.E19K;AK.E24K;AK.E27K;AK.F21K;AK.FYU;AK.G19K;AK.G27K;AK.GAMB;AK.GLB;AK.H21K;AK.J17K;AK.J19K;AK.J26L;AK.K13K;AK.K15K;AK.M11K;AK.M14K;AK.M16K;AK.O14K;AK.PAX;AK.PPLA;AK.PS01;AK.PS06;AK.TNA;PQ.KLONY;PQ.RICHY
N4.K50A,33,6E.SB04;7A.BDEG;GS.DEC08;KY.LLKY;LD.FRNY;N4.K43A;N4.N41A;N4.P38B;N4.P48A;N4.P51A;N4.R40B;N4.R50A;N4.R53A;N4.R61A;N4.V51A;N4.X48A;N4.Y60A;NM.SCMO;NM.WADM;PE.PAKC;PE.PSSK;PO.LATQ;PO.MATQ;US.GLMI;WU.TOBO;X8.QM38;X8.QM58;X8.QM76;XO.SOKY;XY.PACW;YM.MHCG;YO.X01;ZN.DC34
N4.P48A,33,6E.SB04;7A.BDEG;GS.DEC08;KY.LLKY;N4.257A;N4.K43A;N4.K50A;N4.L34B;N4.N41A;N4.P38B;N4.P51A;N4.R40B;N4.R50A;N4.R53A;N4.R61A;N4.V51A;N4.X48A;N4.Y60A;N4.Z38B;NM.EUAL;NM.SCMO;NM.WADM;PE.PAKC;PE.PSSK;US.ECSD;US.GLMI;WU.TOBO;XO.SOKY;XY.PACW;YM.MHCG;YO.X01;YO.X10;ZN.DC34
AK.TNA,33,AK.A19K;AK.A22K;AK.C16K;AK.C18K;AK.D20K;AK.D22K;AK.E18K;AK.E19K;AK.E24K;AK.F21K;AK.FYU;AK.G19K;AK.GAMB;AK.H21K;AK.J17K;AK.J19K;AK.K13K;AK.K15K;AK.M11K;AK.M14K;AK.M16K;AK.O14K;AK.PPLA;AK.PS01;AK.PS06;AK.SPIA;AT.SVW2;XO.EP16;XO.ET20;XR.GTM;XR.NOM;YG.GLN4;ZE.BULG
PE.PAKC,33,7A.BDEG;7K.AN4;7O.ABNH;C8.FORQ;GS.DEC08;KY.LLKY;LD.FRNY;N4.257A;N4.E62A;N4.G65A;N4.K43A;N4.K50A;N4.N41A;N4.P48A;N4.P51A;N4.R50A;N4.R53A;N4.R61A;N4.V51A;N4.X48A;N4.Y60A;OH.CROH;PE.PBL2;PE.PN1;PE.PSSK;PO.LATQ;PO.MATQ;US.GLMI;WU.TOBO;X8.COSY;YM.MHCG;YU.B01A;ZT.WEST
CB.SNY,33,1G.EA29;1G.NOP01;1U.SHRD;5G.D10;5G.D16;CB.DL2;CB.HEH;IC.HIA;IU.INCN;JP.JTU;KG.TJN;KS.SH2B;YP.NE32;YP.NE44;YP.NE57;YP.NE59;YP.NE5D;YP.NE61;YP.NE66;YP.NE6F;YP.NE7D;YP.NE81;YP.NE83;YP.NE8B;YP.NE8I;YP.NE9B;YP.NEA3;YP.NEA5;YP.NEA9;YP.NEAB;YP.NEAD;YP.NEP5;YP.NEP7
MN.WDD,33,1K.GIAN;AC.VLO;GE.APE;GE.GHAR;GE.MAHO;GE.SKD;GE.ZKR;HT.AGG;HT.LKD;MN.CLTB;MN.DIVS;MN.GFA;MN.PDG;MN.VSL;MN.VTS;TT.TAMR;TT.TATN;TT.THTN;XS.N020;XS.N039;XS.S009;XS.S037;XS.S040;YD.3B13;YD.GROM;YD.MMNN;YD.OBS14;YF.DUOK;YF.HVAR;YF.MARJ;YI.BARR;YI.BOB;YI.GROG
AK.E24K,33,AK.A19K;AK.A22K;AK.C16K;AK.C18K;AK.C27K;AK.D20K;AK.D22K;AK.E18K;AK.E19K;AK.E27K;AK.F21K;AK.FYU;AK.G19K;AK.G27K;AK.GLB;AK.H21K;AK.J17K;AK.J19K;AK.J26L;AK.K13K;AK.K15K;AK.M14K;AK.M16K;AK.PAX;AK.PPLA;AK.PS01;AK.PS06;AK.TNA;EO.KLRS;NY.MAYO;PQ.KLONY;PQ.RICHY;PQ.TUKN
AK.C18K,32,AK.A19K;AK.A22K;AK.C16K;AK.C27K;AK.D20K;AK.D22K;AK.E18K;AK.E19K;AK.E24K;AK.E27K;AK.F21K;AK.FYU;AK.G19K;AK.G27K;AK.GAMB;AK.H21K;AK.J17K;AK.J19K;AK.J26L;AK.K13K;AK.K15K;AK.M11K;AK.M14K;AK.M16K;AK.O14K;AK.PAX;AK.PPLA;AK.PS01;AK.PS06;AK.TNA;PQ.KLONY;PQ.RICHY
II.AAK,32,CD.WMQ;CK.MNAS;II.NIL;KN.ULHL;KR.BTK;KR.SFK;KR.TRKS;KZ.MAKZ;KZ.OTUK;QZ.AKST;QZ.BRZS;QZ.CHM;QZ.SEM;QZ.TDK;QZ.USHN;QZ.ZHTS;QZ.ZSN;TF.KHO;TJ.CHGR;TJ.GEZN;TJ.MURGB;TJ.SHAA;XP.ORTK;XV.NW140;XV.NW300;XV.SW060;XW.AKSU;XW.ATUS;XW.BCHU;XW.KHA;XW.KSA;XW.PDG
PQ.KLONY,32,AK.A22K;AK.C18K;AK.C27K;AK.D20K;AK.D22K;AK.DCPH;AK.E18K;AK.E19K;AK.E24K;AK.E27K;AK.F21K;AK.FYU;AK.G19K;AK.G27K;AK.GLB;AK.H21K;AK.J17K;AK.J19K;AK.J26L;AK.PAX;AK.PPLA;AK.PS01;AK.PS06;AK.S31K;AK.V35K;EO.KLRS;NY.MAYO;NY.TGTN;PQ.RICHY;PQ.TUKN;PQ.ULUN;YI.QCB01
AK.E27K,32,AK.A19K;AK.A22K;AK.C16K;AK.C18K;AK.C27K;AK.D20K;AK.D22K;AK.DCPH;AK.E18K;AK.E19K;AK.E24K;AK.F21K;AK.FYU;AK.G19K;AK.G27K;AK.GLB;AK.H21K;AK.J17K;AK.J19K;AK.J26L;AK.PAX;AK.PPLA;AK.PS01;AK.PS06;EO.KLRS;NY.MAYO;NY.TGTN;NY.WGLY;PQ.KLONY;PQ.RICHY;PQ.TUKN;PQ.ULUN
PO.MATQ,32,4A.MN50;7O.ABNH;C8.FORQ;C8.PCAQ;LD.FRNY;N4.E62A;N4.G65A;N4.K50A;OH.CROH;PE.PAKC;PE.PBL2;PE.PN1;PE.PSSK;PO.ACTO;PO.KJKQ;PO.LATQ;PO.MEDO;US.GLMI;WU.TOBO;X8.QM38;X8.QM58;X8.QM76;X8.QM90;X8.QMM5;XI.SC04;XI.SC09;XI.SC10;XI.SC14;XY.PACW;Y6.HOLY;YM.MHCG;YU.B01A
AF.UPI,32,8A.AIAI;8A.AROB;8A.BAHE;8A.GAMM;8A.KANO;8A.MALT;8A.OKAM;8A.OTJO;8A.SOLI;8A.WAND;8A.WEWE;AF.CVNA;AF.GRM;AF.HVD;AF.PKA;AF.POGA;AF.SNKL;AF.WIN;BX.KGCAE;BX.KHWEE;BX.KOOLE;BX.LKGWB;BX.PHPEN;BX.XAUDM;XK.B04KH;XK.B07DX;XK.B17CI;ZQ.AAM2;ZT.CRAIL;ZT.DULL;ZT.NHAM;ZT.WTBG
AK.GAMB,32,AK.A19K;AK.A22K;AK.C16K;AK.C18K;AK.D20K;AK.D22K;AK.E18K;AK.E19K;AK.F21K;AK.FALS;AK.G19K;AK.H21K;AK.J17K;AK.J19K;AK.K13K;AK.K15K;AK.M11K;AK.M14K;AK.M16K;AK.O14K;AK.PPLA;AK.PS06;AK.SPIA;AK.TNA;AT.SVW2;IU.BILL;XO.EP16;XO.EP23;XO.ET20;XR.GTM;XR.NOM;ZE.BULG
N4.X48A,32,6E.SB04;7A.BDEG;GS.DEC08;KY.LLKY;N4.060A;N4.237B;N4.257A;N4.K43A;N4.K50A;N4.N41A;N4.P38B;N4.P48A;N4.P51A;N4.R40B;N4.R50A;N4.R53A;N4.V51A;N4.Y60A;N4.Z38B;NM.EUAL;NM.SCMO;NM.WADM;PE.PAKC;XO.SOKY;XR.FG01;XY.PACW;YO.X10;Z9.E07;Z9.E31;Z9.W315;ZN.DC34;ZW.AZCF
IU.INCN,31,1A.NE00;1A.NE26;1A.NE48;5G.D10;5G.D16;CB.DL2;CB.NJ2;CB.SNY;IC.SSE;JP.JNU;XG.MJPU;XG.SQUAN;XI.DHAA;XL.HMP;YP.NE32;YP.NE44;YP.NE57;YP.NE59;YP.NE5D;YP.NE66;YP.NE6F;YP.NE7D;YP.NE8B;YP.NE9B;YP.NEP5;YY.004;ZQ.103;ZQ.159;ZQ.184;ZX.215;ZX.230
YT.UPTW,31,1D.ELSW;1D.FOWL;1D.PIG3;7U.TJTJ;XH.RS10;XH.RS12;YT.BENN;YT.CLRK;YT.FALL;YT.HOWD;YT.KOLR;YT.LPLY;YT.MA06;YT.MA07;YT.MA09;YT.MCRG;YT.MECK;YT.MPAT;YT.MTAK;YT.PECA;YT.RMBO;YT.SILY;YT.SIPL;YT.ST02;YT.ST04;YT.ST07;YT.ST10;YT.ST14;YT.STEW;YT.THUR;YT.WAIS
YT.MILR,31,G.CCD;XD.PSP03;XH.DR02;XH.DR15;XH.DR16;XH.RS02;XH.RS06;XH.RS08;XH.RS10;XH.RS12;XH.RS15;XH.RS17;YT.AGO1;YT.BENN;YT.DEVL;YT.FALL;YT.HOWE;YT.MPAT;YT.SIPL;YT.SURP;YT.SWEI;YT.WNDY;ZJ.DONT;ZJ.RKST;ZM.GM01;ZM.GM02;ZM.GM03;ZM.N140;ZM.N156;ZM.P061;ZM.P080
HL.RDO,31,3K.NIKI;AC.VLO;GE.TIRR;GF.TEPE;HL.ARG;HT.AGG;IU.KIEV;KO.DKL;KO.ELL;MN.DIVS;MN.PDG;MN.VTS;PL.KWP;PL.NIE;RU.ANN;XS.N039;YB.AT06;YB.AT19;YB.AT44;YB.AT49;YB.AT56;YB.AT63;YB.SM05;YD.3B13;YD.3D08;YD.3D14;YD.3F11;YD.3H07;YD.6C04;YH.KO07;YR.ED15
IE.IRCI,31,CI.PDM;I0.RD179;IE.BCYI;MB.HRY;NN.DIX;NN.RUB;NN.SLVR;PB.B934;PQ.LHLYB;TD.TD009;UO.LAIR;UO.RSBO;UO.TOMA;US.DGMT;US.HAWA;US.KNB;US.MVCO;WY.YHR;XC.OR061;XC.OR088;XC.OR100;XE.SNPG9;XP.N16;XP.N20;XP.S29;XQ.ME10;XQ.ME62;XR.FA23;XR.FA24;XR.FA27;YH.L01
MN.CLTB,31,1K.GIAN;AC.VLO;CA.CPAL;CH.FUORN;GE.APE;GE.GHAR;GE.MAHO;GE.SKD;HT.AGG;MN.BNI;MN.DIVS;MN.PDG;MN.VSL;MN.VTS;MN.WDD;NI.ZOU2;TT.TAMR;TT.TATN;TT.THTN;XS.S009;XS.S037;XS.S040;YD.3B13;YD.GROM;YD.MMNN;YD.OBS14;YG.CBP4N;YI.BARR;YI.BOB;YI.GROG;YR.ED15
CB.DL2,31,1G.EA29;1G.NOP01;1U.SHRD;5G.D10;5G.D16;CB.NJ2;CB.SNY;IC.SSE;IU.INCN;JP.JHS;JP.JNU;JP.JTU;KG.TJN;KS.SH2B;YP.NE32;YP.NE44;YP.NE57;YP.NE59;YP.NE5D;YP.NE61;YP.NE66;YP.NE6F;YP.NE7D;YP.NE81;YP.NE83;YP.NE8B;YP.NEA3;YP.NEA5;YP.NEA9;YP.NEP5;YP.NEP7
IU.ULN,31,1A.NE48;1G.NOP01;1G.WA05;1G.WA08;IC.HIA;II.TLY;X2.260;X2.281;XG.ELSH;XG.MJPU;XL.HD03;XL.HD09;XL.HD21;XL.HD25;XL.HD41;XL.HD48;XL.HD54;XL.HD68;XL.HD72;XL.HD73;XL.HD74;XL.HD75;YP.NE32;YP.NE44;YP.NE61;YP.NE66;YP.NE81;YP.NE83;YP.NEA3;YP.NEP7;ZV.XWAN
5G.D10,31,1A.NE00;1A.NE26;1A.NE48;5G.D16;CB.DL2;CB.HEH;CB.SNY;IC.HIA;IU.INCN;IU.YSS;JP.ASAJ;JP.JNU;XG.SQUAN;YP.NE32;YP.NE44;YP.NE57;YP.NE59;YP.NE5D;YP.NE66;YP.NE6F;YP.NE7D;YP.NE83;YP.NE8B;YP.NE8I;YP.NE9B;YP.NEA3;YP.NEA5;YP.NEA9;YP.NEAB;YP.NEAD;ZX.215
AK.K15K,31,AK.A19K;AK.A22K;AK.C16K;AK.C18K;AK.D20K;AK.D22K;AK.E18K;AK.E19K;AK.E24K;AK.F21K;AK.FALS;AK.FYU;AK.G19K;AK.G27K;AK.GAMB;AK.GLB;AK.H21K;AK.J17K;AK.J19K;AK.J26L;AK.K13K;AK.M11K;AK.M14K;AK.M16K;AK.O14K;AK.PAX;AK.PPLA;AK.PS01;AK.PS06;AK.SPIA;AK.TNA
AK.FALS,31,9C.2A11;AK.ATKA;AK.GAMB;AK.J17K;AK.J19K;AK.K13K;AK.K15K;AK.M11K;AK.M14K;AK.M16K;AK.O14K;AK.PPLA;AK.SPIA;AT.SVW2;IU.ADK;XO.EP16;XO.EP23;XO.ET20;XO.KD02;XO.LA32;XO.LD42;XO.WD49;XO.WD54;XO.WD58;XO.WD60;XO.WD67;XO.WD69;XO.WD72;XR.NOM;ZE.BULG;ZE.HOLG
VE.BAUV,31,CM.LCBC;CM.RUS;CM.SJC;CU.BBGH;CU.GRGR;LO.LOBA2;TR.DLPL;TR.TOSP;VE.CAIV;VE.ELOV;VE.GUNV;VE.IMOV;VE.JACV;VE.LUEV;VE.PAYV;VE.RIOV;WI.SLBI;XT.ABPC;XT.B151;XT.CMPC;XT.MHTO;XT.MIPC;XT.PNCH;XT.SOMB;YU.GJ03;YU.MD04;YU.NL02;YU.NL10;YU.SL02;YU.SL09;ZC.HMDR
AK.A19K,30,AK.A22K;AK.C16K;AK.C18K;AK.C27K;AK.D20K;AK.D22K;AK.E18K;AK.E19K;AK.E24K;AK.E27K;AK.F21K;AK.FYU;AK.G19K;AK.G27K;AK.GAMB;AK.H21K;AK.J17K;AK.J19K;AK.J26L;AK.K13K;AK.K15K;AK.M14K;AK.M16K;AK.PAX;AK.PPLA;AK.PS01;AK.PS06;AK.TNA;PQ.RICHY;PQ.TUKN
AK.C16K,30,AK.A19K;AK.A22K;AK.C18K;AK.C27K;AK.D20K;AK.D22K;AK.E18K;AK.E19K;AK.E24K;AK.E27K;AK.F21K;AK.FYU;AK.G19K;AK.G27K;AK.GAMB;AK.H21K;AK.J17K;AK.J19K;AK.J26L;AK.K13K;AK.K15K;AK.M11K;AK.M14K;AK.M16K;AK.O14K;AK.PAX;AK.PPLA;AK.PS01;AK.PS06;AK.TNA
YT.MPAT,30,XH.DR02;XH.DR15;XH.DR16;XH.RS02;XH.RS06;XH.RS08;XH.RS10;XH.RS12;XH.RS15;XH.RS17;YT.BENN;YT.CLRK;YT.DEVL;YT.FALL;YT.HOWE;YT.KOLR;YT.MA09;YT.MILR;YT.SILY;YT.SIPL;YT.ST01;YT.ST02;YT.ST04;YT.ST07;YT.ST10;YT.ST14;YT.SURP;YT.UPTW;YT.WAIS;YT.WNDY
AC.VLO,30,1K.GIAN;CH.FUORN;CZ.MORC;CZ.TREC;GE.TIRR;GF.TEPE;HL.ARG;HL.RDO;HT.AGG;KO.DKL;KO.ELL;MN.CLTB;MN.DIVS;MN.PDG;MN.VSL;MN.VTS;MN.WDD;NI.ZOU2;PL.KWP;PL.NIE;TT.TAMR;TT.THTN;YD.3B13;YD.3D08;YD.3D14;YD.3F11;YD.3H07;YD.6C04;YH.KO07;YR.ED15
NY.TGTN,30,7C.MM17;7C.MM26;7C.MM30;7C.MM40;AK.E27K;AK.FYU;AK.G27K;AK.GLB;AK.J26L;AK.PAX;AK.S31K;AK.V35K;AT.MID;C8.BNKB;EO.KLRS;NY.MAYO;NY.WGLY;PQ.KLONY;PQ.NAB2;PQ.NBC3;PQ.NBC8;PQ.RICHY;PQ.TUKN;RV.DEDWA;RV.KAKWA;RV.SWHSA;XJ.SNOW;XL.MG06;YG.GLN4;ZQ.ETIP
AK.M16K,30,AK.A19K;AK.C16K;AK.C18K;AK.D20K;AK.D22K;AK.E18K;AK.E19K;AK.E24K;AK.F21K;AK.FALS;AK.FYU;AK.G19K;AK.G27K;AK.GAMB;AK.GLB;AK.H21K;AK.J17K;AK.J19K;AK.J26L;AK.K13K;AK.K15K;AK.M11K;AK.M14K;AK.O14K;AK.PAX;AK.PPLA;AK.PS06;AK.SPIA;AK.TNA;EO.KLRS
PO.LATQ,30,C8.FORQ;C8.PCAQ;LD.FRNY;N4.E62A;N4.G65A;N4.K50A;N4.R61A;PE.PAKC;PE.PBL2;PE.PSSK;PO.ACTO;PO.MATQ;PO.MEDO;US.GLMI;WU.TOBO;X8.COSY;X8.QM38;X8.QM58;X8.QM76;X8.QM90;X8.QMM5;XI.SC09;XI.SC10;XI.SC14;XY.PACW;Y6.HOLY;Y6.MALY;YM.MHCG;ZN.DC34;ZS.W05
CM.PRV,30,3C.NW09;6Q.FEC2;9R.OBS16;CM.LCBC;CM.MAP;CM.SJC;CW.CAIB;CW.CAMR;CW.CCCC;CW.CHIV;CW.GNEO;CW.SOR;CY.CBCY;GI.AVPA;GI.HUBA;GI.PETF;JM.CVJB;JM.NMIA0;NU.BILN;NU.CSGN;NU.ESPN;NU.SIUN;OV.CCOL;SV.RBDL;TC.ICC3;TC.TRT1;YG.INC37;YU.GJ03;YU.MD04;YU.SL09
PE.PSSK,30,7A.BDEG;7K.AN4;7O.ABNH;C8.FORQ;GS.DEC08;LD.FRNY;N4.257A;N4.E62A;N4.G65A;N4.K43A;N4.K50A;N4.P48A;N4.P51A;N4.R50A;N4.R53A;N4.R61A;N4.V51A;N4.Y60A;OH.CROH;PE.PAKC;PE.PBL2;PE.PN1;PO.LATQ;PO.MATQ;US.GLMI;WU.TOBO;X8.COSY;YM.MHCG;YU.B01A;ZT.WEST
AK.C27K,29,AK.A19K;AK.A22K;AK.C16K;AK.C18K;AK.D20K;AK.D22K;AK.E18K;AK.E19K;AK.E24K;AK.E27K;AK.F21K;AK.FYU;AK.G19K;AK.G27K;AK.GLB;AK.H21K;AK.J17K;AK.J19K;AK.J26L;AK.PAX;AK.PPLA;AK.PS01;AK.PS06;EO.KLRS;NY.MAYO;PQ.KLONY;PQ.RICHY;PQ.TUKN;PQ.ULUN
N4.N41A,29,6E.SB04;GS.DEC08;KY.LLKY;N4.237B;N4.K43A;N4.K50A;N4.L34B;N4.P38B;N4.P48A;N4.P51A;N4.R32B;N4.R40B;N4.R50A;N4.R53A;N4.V51A;N4.X48A;N4.Z38B;NM.EUAL;NM.SCMO;NM.WADM;PE.PAKC;US.ECSD;US.GLMI;WU.TOBO;XO.SOKY;XR.FG01;XY.PACW;Z9.W315;ZW.AZCF
YT.PECA,29,1D.FOWL;AI.BELA;XD.PSP03;XH.RS17;YT.AGO3;YT.BENN;YT.DUFK;YT.EAGL;YT.FALL;YT.HOWD;YT.HOWE;YT.MA06;YT.MA07;YT.MA09;YT.RMBO;YT.SIPL;YT.ST01;YT.ST02;YT.ST04;YT.ST07;YT.STEW;YT.SURP;YT.SWEI;YT.THRO;YT.UPTW;YT.WAIS;YT.WILS;YT.WNDY;ZM.P061
YT.STEW,29,1D.ELSW;1D.FOWL;1D.KIBB;1D.PIG3;7U.TJTJ;AI.BELA;XH.RS12;XH.RS17;YT.BENN;YT.DUFK;YT.EAGL;YT.FALL;YT.HOWD;YT.HOWE;YT.KOLR;YT.MA06;YT.MA07;YT.MA09;YT.MECK;YT.MTAK;YT.PECA;YT.RMBO;YT.SILY;YT.SIPL;YT.SURP;YT.SWEI;YT.THRO;YT.UPTW;YT.WAIS
AK.PS01,29,AK.A19K;AK.A22K;AK.C16K;AK.C18K;AK.C27K;AK.D20K;AK.D22K;AK.E18K;AK.E19K;AK.E24K;AK.E27K;AK.F21K;AK.FYU;AK.G19K;AK.G27K;AK.GLB;AK.H21K;AK.J17K;AK.J19K;AK.J26L;AK.K15K;AK.PAX;AK.PPLA;AK.PS06;AK.TNA;NY.MAYO;PQ.KLONY;PQ.RICHY;PQ.TUKN
IC.SSE,29,1A.NE00;8B.416;8B.430;CB.DL2;CB.NJ2;CB.WHN;IU.INCN;IU.TATO;JP.JMJ2;JP.JNU;JP.JOW;JP.JSU;JP.JTU;KG.TJN;KS.SH2B;TW.KMNB;TW.MATB;XG.SQUAN;XG.XZHOU;YM.12;YM.37;YM.39;YY.004;Z8.310;Z8.320;ZQ.103;ZQ.159;ZQ.184;ZX.215
AK.K13K,29,AK.A19K;AK.A22K;AK.C16K;AK.C18K;AK.D20K;AK.D22K;AK.E18K;AK.E19K;AK.E24K;AK.F21K;AK.FALS;AK.FYU;AK.G19K;AK.GAMB;AK.GLB;AK.H21K;AK.J17K;AK.J19K;AK.J26L;AK.K15K;AK.M11K;AK.M14K;AK.M16K;AK.O14K;AK.PAX;AK.PPLA;AK.PS06;AK.SPIA;AK.TNA
AK.A22K,29,AK.A19K;AK.C16K;AK.C18K;AK.C27K;AK.D20K;AK.D22K;AK.E18K;AK.E19K;AK.E24K;AK.E27K;AK.F21K;AK.FYU;AK.G19K;AK.G27K;AK.GAMB;AK.H21K;AK.J17K;AK.J19K;AK.J26L;AK.K13K;AK.K15K;AK.PAX;AK.PPLA;AK.PS01;AK.PS06;AK.TNA;PQ.KLONY;PQ.RICHY;PQ.TUKN
YP.NE7D,29,5G.D10;5G.D16;CB.DL2;CB.HEH;CB.SNY;IC.HIA;IU.INCN;IU.YSS;JP.ASAJ;YP.NE32;YP.NE44;YP.NE57;YP.NE59;YP.NE5D;YP.NE61;YP.NE66;YP.NE6F;YP.NE81;YP.NE83;YP.NE8B;YP.NE8I;YP.NE9B;YP.NEA3;YP.NEA5;YP.NEA9;YP.NEAB;YP.NEAD;YP.NEP5;YP.NEP7
TD.TD009,29,7D.J36C;7D.J53C;AK.V35K;C8.BNKB;C8.MWAB;CC.YOCR;I0.RD179;IE.BCYI;IE.IRCI;II.FFC;MB.HRY;NV.BACME;PQ.LHLYB;PQ.NAB2;PQ.NBC3;PQ.NBC8;RV.ASHMA;RV.DEDWA;RV.KAKWA;RV.SWHSA;UO.RSBO;US.DGMT;US.HAWA;WY.YHR;X4.LR13;X7.WA33;XL.MG06;XP.TWRS;Y5.PER
YT.KOLR,29,1D.ELSW;1D.FOWL;1D.PIG3;XH.RS08;XH.RS10;XH.RS12;XH.RS17;YT.BENN;YT.CLRK;YT.FALL;YT.HOWD;YT.MA06;YT.MA07;YT.MA09;YT.MPAT;YT.SILY;YT.SIPL;YT.ST01;YT.ST02;YT.ST04;YT.ST07;YT.ST10;YT.ST14;YT.STEW;YT.THUR;YT.UPTW;YT.WAIS;YT.WILS;YT.WNDY
PQ.RICHY,29,AK.A19K;AK.A22K;AK.C18K;AK.C27K;AK.D20K;AK.D22K;AK.E18K;AK.E19K;AK.E24K;AK.E27K;AK.F21K;AK.FYU;AK.G19K;AK.G27K;AK.GLB;AK.H21K;AK.J19K;AK.J26L;AK.PAX;AK.PPLA;AK.PS01;AK.PS06;AK.S31K;EO.KLRS;NY.MAYO;NY.TGTN;PQ.KLONY;PQ.TUKN;PQ.ULUN
AF.TEZI,29,6H.INCA;6H.MASS;AF.BLWY;AF.HARE;AF.KTWE;AF.LBB;AF.MONG;AF.MOPA;AF.PWET;IU.LSZ;XK.B04KH;XK.B07DX;XK.B17CI;XK.W02NB;XK.W10LW;XK.W12MB;XK.W15SS;XK.Z04NN;XK.Z09CG;XV.SENA;XV.TETE;ZP.ISOK;ZP.KAMZ;ZP.KASM;ZP.KISH;ZP.LAEL;ZP.MKUS;ZP.MPIK;ZP.MWEN
AT.SVW2,29,9C.2A11;AK.DCPH;AK.FALS;AK.FYU;AK.GAMB;AK.GLB;AK.PAX;AK.PPLA;AK.SPIA;AK.TNA;AT.MID;NY.MAYO;XF.GOAT;XO.EP16;XO.EP23;XO.ET20;XO.KD02;XO.LA32;XO.LD42;XO.WD49;XO.WD54;XO.WD58;XO.WD60;XO.WD67;XO.WD69;XO.WD72;YG.GLN4;ZE.BULG;ZE.HOLG
YP.NE66,29,1G.NOP01;5G.D10;5G.D16;CB.DL2;CB.HEH;CB.SNY;IC.HIA;IU.INCN;IU.ULN;YP.NE32;YP.NE44;YP.NE57;YP.NE59;YP.NE5D;YP.NE61;YP.NE6F;YP.NE7D;YP.NE81;YP.NE83;YP.NE8B;YP.NE8I;YP.NE9B;YP.NEA3;YP.NEA5;YP.NEA9;YP.NEAB;YP.NEAD;YP.NEP5;YP.NEP7
CH.SLE,29,1K.GIAN;CA.CARA;CA.CFAR;CA.CPAL;CH.FUORN;CZ.BEDC;CZ.MORC;CZ.PRIC;CZ.TREC;DK.MUD;G.CLF;G.SSB;GB.CCA1;GB.GDLE;GB.HMNX;GB.JSA;GB.WACR;MN.BNI;MN.DIVS;MN.PDG;MN.VSL;NI.ZOU2;NL.HGN;PL.BEL;PL.KWP;PL.NIE;UK.STED;WF.SPG;YR.ED15
MN.PDG,29,AC.VLO;CH.FUORN;CH.SLE;GE.TIRR;HL.ARG;HL.RDO;HT.AGG;KO.DKL;KO.ELL;MN.BNI;MN.CLTB;MN.DIVS;MN.VSL;MN.VTS;MN.WDD;NI.ZOU2;PL.BEL;PL.KWP;PL.NIE;TT.TAMR;XS.N020;XS.N039;YD.3B13;YD.3D08;YD.3D14;YD.3F11;YD.3H07;YD.6C04;YH.KO07
YP.NE5D,29,5G.D10;5G.D16;CB.DL2;CB.HEH;CB.SNY;IC.HIA;IU.INCN;IU.YSS;JP.ASAJ;YP.NE32;YP.NE44;YP.NE57;YP.NE59;YP.NE61;YP.NE66;YP.NE6F;YP.NE7D;YP.NE81;YP.NE83;YP.NE8B;YP.NE8I;YP.NE9B;YP.NEA3;YP.NEA5;YP.NEA9;YP.NEAB;YP.NEAD;YP.NEP5;YP.NEP7
YT.CLRK,29,XH.DR02;XH.DR15;XH.DR16;XH.RS02;XH.RS06;XH.RS08;XH.RS10;XH.RS12;XH.RS15;XH.RS17;YT.BENN;YT.FALL;YT.KOLR;YT.MA06;YT.MA07;YT.MA09;YT.MPAT;YT.SILY;YT.SIPL;YT.ST01;YT.ST02;YT.ST04;YT.ST07;YT.ST10;YT.ST14;YT.SURP;YT.UPTW;YT.WAIS;YT.WNDY
5G.D16,28,1A.NE00;1A.NE26;1A.NE48;5G.D10;CB.DL2;CB.HEH;CB.SNY;IC.HIA;IU.INCN;JP.JNU;XG.MJPU;XG.SQUAN;YP.NE32;YP.NE57;YP.NE59;YP.NE5D;YP.NE66;YP.NE6F;YP.NE7D;YP.NE81;YP.NE83;YP.NE8B;YP.NE8I;YP.NE9B;YP.NEA3;YP.NEA5;YP.NEA9;YP.NEAB
HT.AGG,28,1K.GIAN;3K.NIKI;AC.VLO;GE.TIRR;GF.TEPE;HL.ARG;HL.RDO;KO.DKL;KO.ELL;MN.CLTB;MN.DIVS;MN.PDG;MN.VTS;MN.WDD;XS.N020;XS.N039;YB.AT19;YB.AT44;YB.AT49;YB.AT63;YD.3B13;YD.3D08;YD.3D14;YD.3F11;YD.3H07;YD.6C04;YH.KO07;YR.ED15
YP.NE9B,28,5G.D10;5G.D16;CB.HEH;CB.SNY;IC.HIA;IU.INCN;IU.YSS;JP.ASAJ;YP.NE32;YP.NE44;YP.NE57;YP.NE59;YP.NE5D;YP.NE61;YP.NE66;YP.NE6F;YP.NE7D;YP.NE81;YP.NE83;YP.NE8B;YP.NE8I;YP.NEA3;YP.NEA5;YP.NEA9;YP.NEAB;YP.NEAD;YP.NEP5;YP.NEP7
GE.PSZ,28,CH.FUORN;GE.HLG;GE.IBBN;GE.MLR;GE.RGN;GE.RUE;GE.TIRR;HT.LKD;IU.KIEV;MN.BNI;MN.DIVS;MN.VTS;NL.HGN;XM.A106;XS.S037;YD.GROM;YD.MMNN;YD.OBS10;YD.OBS14;YF.DUOK;YF.HVAR;YG.CBP2J;YG.CBP4F;YG.CBP4N;YI.BARR;YI.BOB;YI.GROG;YY.SW05
7A.BDEG,28,6E.SB04;GS.DEC08;KY.LLKY;LD.FRNY;N4.257A;N4.K50A;N4.P48A;N4.P51A;N4.R50A;N4.R53A;N4.R61A;N4.V51A;N4.X48A;N4.Y60A;NM.EUAL;PE.PAKC;PE.PSSK;US.GLMI;WU.TOBO;XO.SOKY;XY.PACW;YO.D03;YO.X01;YO.X03;YO.X06;YO.X09;YO.X10;ZN.DC34
GT.CPUP,28,BL.AQDA;BL.CANB;BL.CDSB;BL.CMPA;BL.IBIB;BL.ITAB;BL.PP1A;BL.RCLB;ON.PET01;ON.TER01;ON.TIJ01;X6.NS10;XE.ROSL;XH.ESP03;XM.ANB03;XM.ANB07;XM.ANB09;XM.ANB10;XM.ANB11;XM.ANB16;XM.ANB17;XM.ANB18;XM.ANB19;XM.ANB20;XP.PLTP;ZL.CHUM;ZL.COLO;ZL.NOQE
AK.DCPH,28,AK.E27K;AK.FYU;AK.G27K;AK.GLB;AK.H21K;AK.J19K;AK.J26L;AK.PAX;AK.PPLA;AK.PS06;AK.S31K;AK.V35K;AT.MID;AT.SVW2;EO.KLRS;NY.MAYO;NY.WGLY;PQ.KLONY;PQ.NBC3;PQ.NBC8;XF.GOAT;XN.A06;XN.B07;XN.B11;XN.B15;XN.BC03;XY.BN23;XY.BS07
N4.K43A,28,6E.SB04;GS.DEC08;KY.LLKY;N4.K50A;N4.L34B;N4.N41A;N4.P38B;N4.P48A;N4.P51A;N4.R32B;N4.R40B;N4.R50A;N4.R53A;N4.V51A;N4.X48A;NM.EUAL;NM.SCMO;NM.WADM;PE.PAKC;PE.PSSK;US.ECSD;US.GLMI;WU.TOBO;XO.SOKY;XY.PACW;YM.MHCG;Z9.W315;ZN.DC34
N4.257A,28,6E.SB04;7A.BDEG;CW.SOR;KY.LLKY;N4.060A;N4.P48A;N4.P51A;N4.R50A;N4.R53A;N4.R61A;N4.V51A;N4.X48A;N4.Y60A;NM.EUAL;NM.WADM;PE.PAKC;PE.PSSK;XO.SOKY;XY.PACW;YO.D03;YO.X01;YO.X03;YO.X06;YO.X09;YO.X10;Z9.E31;Z9.W315;ZN.DC34
YP.NEA3,28,1G.NOP01;5G.D10;5G.D16;CB.DL2;CB.HEH;CB.SNY;IC.HIA;IU.ULN;YP.NE32;YP.NE44;YP.NE57;YP.NE59;YP.NE5D;YP.NE61;YP.NE66;YP.NE6F;YP.NE7D;YP.NE81;YP.NE83;YP.NE8B;YP.NE8I;YP.NE9B;YP.NEA5;YP.NEA9;YP.NEAB;YP.NEAD;YP.NEP5;YP.NEP7
AK.M14K,28,AK.A19K;AK.C16K;AK.C18K;AK.D20K;AK.D22K;AK.E18K;AK.E19K;AK.E24K;AK.F21K;AK.FALS;AK.FYU;AK.G19K;AK.GAMB;AK.GLB;AK.H21K;AK.J17K;AK.J19K;AK.J26L;AK.K13K;AK.K15K;AK.M11K;AK.M16K;AK.O14K;AK.PAX;AK.PPLA;AK.PS06;AK.SPIA;AK.TNA
GB.HMNX,28,CA.CARA;CA.CPAL;CH.FUORN;CH.SLE;CZ.BEDC;CZ.PRIC;CZ.TREC;DK.MUD;EI.DSB;EI.IDGL;EI.IMAC;EI.IMAY;G.CLF;G.SSB;GB.CCA1;GB.DRUM;GB.GAL1;GB.GDLE;GB.JSA;GB.LAWE;GB.LEWI;GB.LRW;GB.WACR;MN.BNI;NI.ZOU2;NL.HGN;UK.STED;WF.SPG
YP.NE57,28,1G.NOP01;5G.D10;5G.D16;CB.DL2;CB.HEH;CB.SNY;IC.HIA;IU.INCN;YP.NE32;YP.NE44;YP.NE59;YP.NE5D;YP.NE61;YP.NE66;YP.NE6F;YP.NE7D;YP.NE81;YP.NE83;YP.NE8B;YP.NE8I;YP.NE9B;YP.NEA3;YP.NEA5;YP.NEA9;YP.NEAB;YP.NEAD;YP.NEP5;YP.NEP7
AK.SPIA,27,9C.2A11;AK.ATKA;AK.FALS;AK.GAMB;AK.J17K;AK.J19K;AK.K13K;AK.K15K;AK.M11K;AK.M14K;AK.M16K;AK.O14K;AK.TNA;AT.SVW2;IU.ADK;XO.EP16;XO.EP23;XO.ET20;XO.KD02;XO.LA32;XO.LD42;XO.WD58;XO.WD60;XO.WD67;XO.WD69;XR.GTM;XR.NOM
GT.PLCA,27,1P.EIDA;1P.OHRS;1P.PMOR;3A.L107;3A.L201;3E.MEL15;C.COCH;C1.LL02;C1.LL05;C1.LR04;C1.VA04;IU.TRQA;XM.ASB04;XM.ASB08;XM.ASB11;XM.ASB13;XM.ASB19;XM.ASB20;XM.ASB22;XY.U06B;XY.U54B;XY.U72B;YC.HUER;YJ.BAK01;YJ.VMG01;Z4.CP02;ZL.BARR
XH.RS17,27,XH.DR02;XH.DR15;XH.DR16;XH.RS02;XH.RS06;XH.RS08;XH.RS10;XH.RS12;XH.RS15;YT.AGO1;YT.BENN;YT.CLRK;YT.DEVL;YT.FALL;YT.HOWE;YT.KOLR;YT.MA09;YT.MILR;YT.MPAT;YT.PECA;YT.SILY;YT.SIPL;YT.STEW;YT.SURP;YT.SWEI;YT.WAIS;ZJ.DONT
YP.NE8B,27,5G.D10;5G.D16;CB.DL2;CB.HEH;CB.SNY;IC.HIA;IU.INCN;YP.NE32;YP.NE44;YP.NE57;YP.NE59;YP.NE5D;YP.NE61;YP.NE66;YP.NE6F;YP.NE7D;YP.NE81;YP.NE83;YP.NE8I;YP.NE9B;YP.NEA3;YP.NEA5;YP.NEA9;YP.NEAB;YP.NEAD;YP.NEP5;YP.NEP7
YP.NE59,27,5G.D10;5G.D16;CB.DL2;CB.HEH;CB.SNY;IC.HIA;IU.INCN;YP.NE32;YP.NE44;YP.NE57;YP.NE5D;YP.NE61;YP.NE66;YP.NE6F;YP.NE7D;YP.NE81;YP.NE83;YP.NE8B;YP.NE8I;YP.NE9B;YP.NEA3;YP.NEA5;YP.NEA9;YP.NEAB;YP.NEAD;YP.NEP5;YP.NEP7
YS.MRKH,27,YS.NGOK;YS.PL03;YS.PL08;YS.PL14;YS.PL19;YS.PL21;YS.PL27;YS.PL37;YS.PL38;YS.PL39;YS.PL40;YS.PL41;YS.PL43;YS.PL44;YS.PL45;YS.PL46;YS.PL50;YS.PL57;YS.PL59;YS.PL61;YS.PL62;YS.PL63;YS.PL67;YS.PL68;YS.PL69;YS.PL70;YS.PL71
PQ.NBC8,27,7C.MM17;7C.MM26;7C.MM30;7C.MM40;AK.DCPH;AK.S31K;AK.V35K;C8.BNKB;EO.KLRS;I0.RD179;NV.BACME;NY.MAYO;NY.TGTN;NY.WGLY;PQ.LHLYB;PQ.NAB2;PQ.NBC3;RV.ASHMA;RV.DEDWA;RV.KAKWA;RV.SWHSA;TD.TD009;X4.LR13;XJ.SNOW;XL.MG06;Y5.PER;YI.QCB01
YT.DEVL,27,G.CCD;XD.PSP03;XH.DR02;XH.DR15;XH.DR16;XH.RS02;XH.RS06;XH.RS08;XH.RS10;XH.RS12;XH.RS15;XH.RS17;YT.AGO1;YT.BENN;YT.FALL;YT.HOWE;YT.MILR;YT.MPAT;YT.SIPL;YT.SURP;YT.SWEI;ZJ.BEBP;ZJ.DONT;ZJ.RKST;ZM.GM01;ZM.N140;ZM.P061
PL.NIE,26,1K.GIAN;AC.VLO;CH.FUORN;CH.SLE;CZ.BEDC;CZ.MORC;CZ.PRIC;CZ.TREC;DK.MUD;GE.TIRR;HL.RDO;IU.KIEV;MN.DIVS;MN.PDG;MN.VTS;NI.ZOU2;NL.HGN;PL.BEL;PL.KWP;YD.3B13;YD.3D08;YD.3D14;YD.3F11;YD.3H07;YD.6C04;YR.ED15
YT.HOWE,26,XH.DR15;XH.DR16;XH.RS02;XH.RS06;XH.RS08;XH.RS10;XH.RS12;XH.RS15;XH.RS17;YT.AGO1;YT.AGO3;YT.BENN;YT.DEVL;YT.DUFK;YT.FALL;YT.MA06;YT.MA09;YT.MILR;YT.MPAT;YT.PECA;YT.RMBO;YT.SIPL;YT.STEW;YT.SURP;YT.SWEI;YT.WAIS
DK.MUD,26,CH.FUORN;CH.SLE;CZ.BEDC;CZ.MORC;CZ.PRIC;CZ.TREC;EI.DSB;EI.IDGL;G.CLF;GB.DRUM;GB.GAL1;GB.GDLE;GB.HMNX;GB.JSA;GB.LAWE;GB.LEWI;GB.LRW;GB.WACR;NL.HGN;PL.BEL;PL.NIE;UK.STED;WF.SPG;YB.IF01;ZR.N1312;ZR.N1317
AF.WIN,26,8A.BAHE;8A.GAMM;8A.HAO;8A.KANO;8A.NEPA;8A.OKAM;8A.OMUT;8A.OTJO;8A.WEWE;A7.LUBAN;AF.CVNA;AF.MONG;AF.PKA;AF.RUDU;AF.UPI;BX.KGCAE;BX.KHWEE;BX.KOOLE;BX.LKGWB;BX.PHPEN;BX.XAUDM;NR.NE215;XK.B04KH;XK.B07DX;XK.B17CI;ZT.NHAM
ZT.NHAM,26,8A.AIAI;8A.AROB;8A.GAMM;8A.KANO;8A.MALT;8A.OKAM;8A.WAND;AF.BLWY;AF.CVNA;AF.HVD;AF.MOPA;AF.POGA;AF.RUDU;AF.SNKL;AF.UPI;AF.WIN;BX.KGCAE;BX.KHWEE;BX.KOOLE;BX.LKGWB;BX.PHPEN;BX.XAUDM;NR.NE215;ZT.CRAIL;ZT.DULL;ZT.WTBG
TM.PHRA,26,CB.GYA;IC.QIZ;IN.PBA;MM.KTN;MM.MDY;MM.NGU;MM.SIM;MM.TGI;MM.YGN;RM.SLV;TM.CHBT;TM.CMAI;TM.CRAI;TM.LOEI;TM.NAYO;TM.NONG;TM.PANO;TM.PRAC;TM.SRDT;TM.SRIT;TM.UBPT;XR.BA07;XR.MS02;XR.MS05;XR.MS09;Z6.BRDL
YT.DUFK,26,1D.ELSW;1D.FOWL;1D.KIBB;7U.TJTJ;AI.BELA;XD.PSP03;YT.AGO3;YT.BENN;YT.EAGL;YT.FALL;YT.HOWD;YT.HOWE;YT.MA06;YT.MA07;YT.MA09;YT.MECK;YT.PECA;YT.RMBO;YT.ST01;YT.ST02;YT.ST04;YT.STEW;YT.THRO;YT.WAIS;YT.WILS;YT.WNDY
YP.NEA5,26,5G.D10;5G.D16;CB.DL2;CB.HEH;CB.SNY;IC.HIA;YP.NE32;YP.NE44;YP.NE57;YP.NE59;YP.NE5D;YP.NE61;YP.NE66;YP.NE6F;YP.NE7D;YP.NE81;YP.NE83;YP.NE8B;YP.NE8I;YP.NE9B;YP.NEA3;YP.NEA9;YP.NEAB;YP.NEAD;YP.NEP5;YP.NEP7
YP.NEA9,26,5G.D10;5G.D16;CB.DL2;CB.HEH;CB.SNY;IC.HIA;YP.NE32;YP.NE44;YP.NE57;YP.NE59;YP.NE5D;YP.NE61;YP.NE66;YP.NE6F;YP.NE7D;YP.NE81;YP.NE83;YP.NE8B;YP.NE8I;YP.NE9B;YP.NEA3;YP.NEA5;YP.NEAB;YP.NEAD;YP.NEP5;YP.NEP7
GB.JSA,26,CA.CARA;CA.CFAR;CA.CPAL;CH.FUORN;CH.SLE;CZ.PRIC;DK.MUD;EI.DSB;EI.IDGL;EI.IMAC;EI.IMAY;G.CLF;G.SSB;GB.CCA1;GB.DRUM;GB.GAL1;GB.GDLE;GB.HMNX;GB.LAWE;GB.LEWI;GB.WACR;MN.BNI;NL.HGN;UK.STED;WF.SPG;WM.UCM
YP.NE83,26,1G.NOP01;5G.D10;5G.D16;CB.DL2;CB.HEH;CB.SNY;IC.HIA;IU.ULN;YP.NE32;YP.NE44;YP.NE57;YP.NE59;YP.NE5D;YP.NE61;YP.NE66;YP.NE6F;YP.NE7D;YP.NE81;YP.NE8B;YP.NE9B;YP.NEA3;YP.NEA5;YP.NEA9;YP.NEAB;YP.NEP5;YP.NEP7
N4.P38B,26,6E.SB04;GS.DEC08;KY.LLKY;N4.237B;N4.K43A;N4.K50A;N4.L34B;N4.N41A;N4.P48A;N4.P51A;N4.R32B;N4.R40B;N4.R50A;N4.R53A;N4.V51A;N4.X48A;N4.Z38B;NM.EUAL;NM.SCMO;NM.WADM;US.AMTX;US.ECSD;US.GLMI;XO.SOKY;XR.FG01;ZW.AZCF
YT.MA09,26,1D.FOWL;1D.KIBB;1D.PIG3;XH.RS10;XH.RS12;XH.RS17;YT.BENN;YT.CLRK;YT.DUFK;YT.FALL;YT.HOWD;YT.HOWE;YT.KOLR;YT.MA06;YT.MA07;YT.MECK;YT.MPAT;YT.PECA;YT.RMBO;YT.SILY;YT.SIPL;YT.STEW;YT.SURP;YT.THUR;YT.UPTW;YT.WAIS
6E.SB04,26,7A.BDEG;GS.DEC08;KY.LLKY;N4.237B;N4.257A;N4.K43A;N4.K50A;N4.L34B;N4.N41A;N4.P38B;N4.P48A;N4.P51A;N4.R32B;N4.R40B;N4.R50A;N4.R53A;N4.V51A;N4.X48A;N4.Z38B;NM.SCMO;NM.WADM;US.ECSD;US.GLMI;WU.TOBO;XO.SOKY;XY.PACW
N4.R40B,26,6E.SB04;GS.DEC08;KY.LLKY;N4.237B;N4.K43A;N4.K50A;N4.L34B;N4.N41A;N4.P38B;N4.P48A;N4.P51A;N4.R32B;N4.R50A;N4.R53A;N4.V51A;N4.X48A;N4.Z38B;NM.EUAL;NM.SCMO;NM.WADM;US.AMTX;US.ECSD;US.GLMI;XO.SOKY;XR.FG01;ZW.AZCF
YP.NE6F,26,5G.D10;5G.D16;CB.DL2;CB.HEH;CB.SNY;IC.HIA;IU.INCN;IU.YSS;JP.ASAJ;YP.NE44;YP.NE57;YP.NE59;YP.NE5D;YP.NE66;YP.NE7D;YP.NE83;YP.NE8B;YP.NE8I;YP.NE9B;YP.NEA3;YP.NEA5;YP.NEA9;YP.NEAB;YP.NEAD;YP.NEP5;YP.NEP7
IU.KIEV,26,GE.MHV;GE.MLR;GE.PSZ;GE.PUL;GE.RUE;GE.TIRR;GE.TRTE;HL.RDO;MN.DIVS;MN.VTS;PL.BEL;PL.KWP;PL.NIE;YD.3B13;YD.3D08;YD.3D14;YD.3F11;YD.3H07;YD.6C04;YF.PB49;YF.PB60;YG.CBP2J;YG.CBP4F;YG.CBP4N;YH.KO07;ZU.PA69
GE.RUE,25,CH.FUORN;G.SSB;GE.HLG;GE.IBBN;GE.PSZ;GE.RGN;GE.TRTE;IU.KIEV;MN.BNI;MN.DIVS;NL.HGN;UK.STED;XM.A106;YF.DUOK;YF.HVAR;YG.CBP2J;YG.CBP4F;YG.CBP4N;YI.BARR;YI.BOB;YI.GROG;YY.SN32;YY.SN34;YY.SW03;YY.SW05
YP.NE32,25,1G.NOP01;1G.WOP01;5G.D10;5G.D16;CB.DL2;CB.SNY;IC.HIA;IU.INCN;IU.ULN;YP.NE44;YP.NE57;YP.NE59;YP.NE5D;YP.NE61;YP.NE66;YP.NE7D;YP.NE81;YP.NE83;YP.NE8B;YP.NE9B;YP.NEA3;YP.NEA5;YP.NEA9;YP.NEP5;YP.NEP7
YS.NGOK,25,YS.MRKH;YS.PL03;YS.PL08;YS.PL14;YS.PL19;YS.PL21;YS.PL27;YS.PL37;YS.PL38;YS.PL39;YS.PL40;YS.PL41;YS.PL43;YS.PL44;YS.PL45;YS.PL46;YS.PL50;YS.PL57;YS.PL61;YS.PL63;YS.PL67;YS.PL68;YS.PL69;YS.PL70;YS.PL71
PQ.TUKN,25,AK.A19K;AK.A22K;AK.C27K;AK.D20K;AK.D22K;AK.E19K;AK.E24K;AK.E27K;AK.F21K;AK.FYU;AK.G19K;AK.G27K;AK.GLB;AK.H21K;AK.J26L;AK.PAX;AK.PS01;AK.PS06;EO.KLRS;NY.MAYO;NY.TGTN;PQ.CMBN;PQ.KLONY;PQ.RICHY;PQ.ULUN
TM.CRAI,25,CB.GYA;IC.QIZ;IN.SHL;MM.KTN;MM.MDY;MM.NGU;MM.SIM;MM.TGI;MM.YGN;RM.SLV;TM.CHBT;TM.CMAI;TM.LOEI;TM.NAYO;TM.NONG;TM.PANO;TM.PHRA;TM.PRAC;TM.SRDT;TM.UBPT;XR.BA07;XR.MS02;XR.MS05;XR.MS09;Z6.BRDL
YP.NEP5,25,1G.NOP01;CB.DL2;CB.HEH;CB.SNY;IC.HIA;IU.INCN;YP.NE32;YP.NE57;YP.NE59;YP.NE5D;YP.NE61;YP.NE66;YP.NE6F;YP.NE7D;YP.NE81;YP.NE83;YP.NE8B;YP.NE8I;YP.NE9B;YP.NEA3;YP.NEA5;YP.NEA9;YP.NEAB;YP.NEAD;YP.NEP7
XH.RS12,25,XH.DR02;XH.DR15;XH.DR16;XH.RS02;XH.RS06;XH.RS08;XH.RS10;XH.RS15;XH.RS17;YT.BENN;YT.CLRK;YT.DEVL;YT.FALL;YT.HOWE;YT.KOLR;YT.MA06;YT.MA09;YT.MILR;YT.MPAT;YT.SILY;YT.SIPL;YT.STEW;YT.SURP;YT.UPTW;YT.WAIS
CB.HEH,25,1U.SHRD;5G.D10;5G.D16;CB.SNY;IC.HIA;YP.NE44;YP.NE57;YP.NE59;YP.NE5D;YP.NE61;YP.NE66;YP.NE6F;YP.NE7D;YP.NE81;YP.NE83;YP.NE8B;YP.NE8I;YP.NE9B;YP.NEA3;YP.NEA5;YP.NEA9;YP.NEAB;YP.NEAD;YP.NEP5;YP.NEP7
MM.KTN,25,CB.GYA;IC.QIZ;IN.SHL;K5.MONG;MM.MDY;MM.NGU;MM.SIM;MM.TGI;MM.YGN;RM.SLV;TM.CHBT;TM.CMAI;TM.CRAI;TM.LOEI;TM.NAYO;TM.NONG;TM.PANO;TM.PHRA;TM.PRAC;TM.SRDT;TM.UBPT;XR.BA07;XR.MS02;XR.MS05;XR.MS09
XH.RS08,25,XH.DR02;XH.DR15;XH.DR16;XH.RS02;XH.RS06;XH.RS10;XH.RS12;XH.RS15;XH.RS17;YT.AGO1;YT.BENN;YT.CLRK;YT.DEVL;YT.FALL;YT.HOWE;YT.KOLR;YT.MILR;YT.MPAT;YT.SILY;YT.SIPL;YT.SURP;YT.SWEI;YT.WAIS;ZJ.DONT;ZJ.RKST
US.DGMT,24,4A.MN50;GS.KS24;I0.RD179;IE.BCYI;IE.IRCI;II.FFC;MB.HRY;N4.L34B;RV.ASHMA;TD.TD009;US.ECSD;WY.YHR;X7.WA33;XI.SC04;XI.SM37;XI.SN44;XP.N16;XP.N20;XP.TWRS;Y5.DOR;Y5.FMC;Y5.HON;Y5.PER;YH.L01
GB.WACR,24,CH.FUORN;CH.SLE;CZ.BEDC;CZ.PRIC;CZ.TREC;DK.MUD;EI.DSB;EI.IDGL;EI.IMAC;EI.IMAY;G.CLF;G.SSB;GB.CCA1;GB.DRUM;GB.GAL1;GB.GDLE;GB.HMNX;GB.JSA;GB.LAWE;GB.LEWI;GB.LRW;MN.BNI;NL.HGN;WF.SPG
AK.O14K,24,AK.C16K;AK.C18K;AK.D20K;AK.E18K;AK.E19K;AK.F21K;AK.FALS;AK.G19K;AK.GAMB;AK.GLB;AK.H21K;AK.J17K;AK.J19K;AK.J26L;AK.K13K;AK.K15K;AK.M11K;AK.M14K;AK.M16K;AK.PAX;AK.PPLA;AK.PS06;AK.SPIA;AK.TNA
YT.RMBO,24,1D.ELSW;1D.FOWL;1D.KIBB;7U.TJTJ;AI.BELA;YT.AGO3;YT.BENN;YT.DUFK;YT.EAGL;YT.FALL;YT.HOWD;YT.HOWE;YT.MA06;YT.MA07;YT.MA09;YT.MECK;YT.PECA;YT.SIPL;YT.STEW;YT.SURP;YT.SWEI;YT.THRO;YT.UPTW;YT.WAIS
KZ.MAKZ,24,CK.MNAS;II.AAK;KN.ULHL;KR.SFK;KR.TRKS;KZ.OTUK;QZ.BRZS;QZ.CHM;QZ.SEM;QZ.TDK;QZ.USHN;QZ.ZSN;X7.MC06;X7.MC14;XL.AT04;XL.HD75;XV.NW140;XV.NW300;XV.SW060;XW.AKSU;XW.BCHU;XW.KHA;XW.KSA;XW.PDG
YP.NEP7,24,1G.NOP01;CB.DL2;CB.HEH;CB.SNY;IC.HIA;II.TLY;IU.ULN;YP.NE32;YP.NE57;YP.NE59;YP.NE5D;YP.NE61;YP.NE66;YP.NE6F;YP.NE7D;YP.NE81;YP.NE83;YP.NE8B;YP.NE9B;YP.NEA3;YP.NEA5;YP.NEA9;YP.NEAB;YP.NEP5
YG.CBP4N,24,CH.FUORN;G.SSB;GE.IBBN;GE.PSZ;GE.RGN;GE.RUE;GE.TIRR;HT.LKD;IU.KIEV;MN.BNI;MN.CLTB;MN.DIVS;MN.VSL;MN.VTS;NL.HGN;XS.S009;XS.S037;XS.S040;YF.PB60;YG.CBP2J;YG.CBP4F;YI.BARR;YI.BOB;YI.GROG
XH.RS15,24,XH.DR02;XH.DR15;XH.DR16;XH.RS02;XH.RS06;XH.RS08;XH.RS10;XH.RS12;XH.RS17;YT.AGO1;YT.BENN;YT.CLRK;YT.DEVL;YT.FALL;YT.HOWE;YT.MILR;YT.MPAT;YT.SILY;YT.SIPL;YT.SURP;YT.SWEI;YT.WAIS;ZJ.DONT;ZJ.RKST
MM.YGN,24,IN.PBA;IN.SHL;MM.KTN;MM.MDY;MM.NGU;MM.SIM;MM.TGI;RM.SLV;TM.CHBT;TM.CMAI;TM.CRAI;TM.LOEI;TM.NAYO;TM.NONG;TM.PANO;TM.PHRA;TM.PRAC;TM.SRDT;TM.SRIT;TM.UBPT;XR.BA07;XR.MS02;XR.MS05;XR.MS09
YI.BOB,24,CH.FUORN;G.SSB;GE.HLG;GE.IBBN;GE.MAHO;GE.PSZ;GE.RUE;MN.BNI;MN.CLTB;MN.DIVS;MN.VSL;MN.WDD;NL.HGN;UK.STED;XM.A106;YD.GROM;YD.MMNN;YD.OBS10;YD.OBS14;YG.CBP2J;YG.CBP4F;YG.CBP4N;YI.BARR;YI.GROG
NY.WGLY,24,7C.MM17;7C.MM26;7C.MM30;7C.MM40;AK.DCPH;AK.E27K;AK.FYU;AK.G27K;AK.GLB;AK.J26L;AK.PAX;AK.S31K;AK.V35K;EO.KLRS;NY.MAYO;NY.TGTN;PQ.NAB2;PQ.NBC3;PQ.NBC8;RV.DEDWA;RV.SWHSA;XJ.SNOW;XL.MG06;ZQ.ETIP
G.CLF,24,CA.CARA;CA.CFAR;CA.CPAL;CH.FUORN;CH.SLE;DK.MUD;EI.DSB;EI.IDGL;G.SSB;GB.CCA1;GB.DRUM;GB.GAL1;GB.GDLE;GB.HMNX;GB.JSA;GB.LAWE;GB.WACR;MN.BNI;MN.VSL;NI.ZOU2;NL.HGN;UK.STED;WM.UCM;YR.ED15
Y5.PER,24,7D.FN16A;C8.BNKB;C8.MWAB;IE.BCYI;II.FFC;MB.HRY;NV.BACME;PQ.NAB2;PQ.NBC3;PQ.NBC8;RV.DEDWA;RV.SWHSA;TD.TD009;US.DGMT;US.HAWA;X4.LR13;X7.WA33;XJ.SNOW;XL.MG06;XT.D58;Y5.DOR;Y5.FMC;Y5.HON;Y5.RW1
TM.SRDT,24,IN.PBA;MM.KTN;MM.MDY;MM.NGU;MM.SIM;MM.TGI;MM.YGN;MY.KUM;RM.DLV;RM.SLV;TM.CHBT;TM.CMAI;TM.CRAI;TM.LOEI;TM.NAYO;TM.NONG;TM.PANO;TM.PHRA;TM.PRAC;TM.SKLT;TM.SRIT;TM.UBPT;XR.MS05;XR.MS09
YP.NEAB,24,5G.D10;5G.D16;CB.HEH;CB.SNY;IC.HIA;IU.YSS;JP.ASAJ;YP.NE44;YP.NE57;YP.NE59;YP.NE5D;YP.NE66;YP.NE6F;YP.NE7D;YP.NE83;YP.NE8B;YP.NE8I;YP.NE9B;YP.NEA3;YP.NEA5;YP.NEA9;YP.NEAD;YP.NEP5;YP.NEP7
S1.AUGRF,24,M8.MOGAR;M8.RUGBY;OZ.BOGA;OZ.CURRY;OZ.DTMM;OZ.GRASY;OZ.HKER;OZ.MARG;OZ.MILD;OZ.MRAT;OZ.ROBE;OZ.ROWM;OZ.TOT;S1.AUCAS;S1.AUDCS;S1.AUHPC;S1.AUJCS;S1.AUPHS;S1.AUROX;S1.AUTAR;S1.AUTKS;S1.AUUHS;Y2.KKVN5;YW.MSWL3
RV.SWHSA,24,AK.V35K;C8.BNKB;C8.MWAB;I0.RD179;II.FFC;MB.HRY;NV.BACME;NY.TGTN;NY.WGLY;PQ.LHLYB;PQ.NAB2;PQ.NBC3;PQ.NBC8;RV.ASHMA;RV.DEDWA;RV.KAKWA;TD.TD009;US.HAWA;X4.LR13;X7.WA33;XJ.SNOW;XL.MG06;XP.TWRS;Y5.PER
XH.RS06,24,XH.DR02;XH.DR15;XH.DR16;XH.RS02;XH.RS08;XH.RS10;XH.RS12;XH.RS15;XH.RS17;YT.AGO1;YT.BENN;YT.CLRK;YT.DEVL;YT.FALL;YT.HOWE;YT.MILR;YT.MPAT;YT.SILY;YT.SIPL;YT.SURP;YT.SWEI;ZJ.BEBP;ZJ.DONT;ZJ.RKST
PL.KWP,24,AC.VLO;CH.FUORN;CH.SLE;CZ.BEDC;CZ.MORC;CZ.PRIC;CZ.TREC;GE.TIRR;GF.TEPE;HL.RDO;IU.KIEV;MN.DIVS;MN.PDG;MN.VTS;NI.ZOU2;PL.BEL;PL.NIE;YD.3B13;YD.3D08;YD.3D14;YD.3F11;YD.3H07;YD.6C04;YR.ED15
YG.CBP4F,23,CH.FUORN;G.SSB;GE.HLG;GE.IBBN;GE.PSZ;GE.RGN;GE.RUE;GE.TIRR;HT.LKD;IU.KIEV;MN.BNI;MN.DIVS;MN.VSL;MN.VTS;NL.HGN;YF.PB49;YF.PB60;YG.CBP2J;YG.CBP4N;YI.BARR;YI.BOB;YI.GROG;YY.SW05
TM.LOEI,23,IC.QIZ;MM.KTN;MM.MDY;MM.NGU;MM.SIM;MM.TGI;MM.YGN;RM.DLV;RM.SLV;TM.CHBT;TM.CMAI;TM.CRAI;TM.NAYO;TM.NONG;TM.PANO;TM.PHRA;TM.PRAC;TM.SRDT;TM.SRIT;TM.UBPT;XR.MS02;XR.MS05;XR.MS09
N4.R61A,23,7A.BDEG;LD.FRNY;N4.257A;N4.E62A;N4.G65A;N4.K50A;N4.P48A;N4.P51A;N4.R50A;N4.R53A;N4.V51A;N4.Y60A;PE.PAKC;PE.PSSK;PO.LATQ;US.GLMI;WU.TOBO;X8.COSY;X8.QM38;XO.SOKY;XY.PACW;YM.MHCG;ZN.DC34
AF.LBB,23,AF.BLWY;AF.HARE;AF.KTWE;AF.MONG;AF.PWET;AF.TEZI;IU.LSZ;XV.TETE;YH.IFAK;YQ.KIMO;YQ.MATA;YQ.MFRI;YQ.VWZM;ZP.GEIT;ZP.ISOK;ZP.KASM;ZP.KIBO;ZP.KISH;ZP.LAEL;ZP.MPIK;ZP.MWEN;ZP.PNDA;ZV.CHAA
S1.AUHPC,23,M8.MOGAR;M8.RUGBY;OZ.BOGA;OZ.CURRY;OZ.DTMM;OZ.GRASY;OZ.HKER;OZ.MARG;OZ.MILD;OZ.MRAT;OZ.ROBE;OZ.ROWM;OZ.TOT;S1.AUCAS;S1.AUDCS;S1.AUGRF;S1.AUJCS;S1.AUPHS;S1.AUROX;S1.AUTAR;S1.AUTKS;S1.AUUHS;YW.MSWL3
OZ.ROWM,23,M8.MOGAR;M8.RUGBY;OZ.BOGA;OZ.CURRY;OZ.DTMM;OZ.GRASY;OZ.HKER;OZ.MARG;OZ.MILD;OZ.MRAT;OZ.ROBE;OZ.TOT;S1.AUCAS;S1.AUDCS;S1.AUGRF;S1.AUHPC;S1.AUJCS;S1.AUPHS;S1.AUROX;S1.AUTAR;S1.AUTKS;S1.AUUHS;YW.MSWL3
YP.NE61,23,1G.NOP01;1G.WOP01;CB.DL2;CB.HEH;CB.SNY;IC.HIA;IU.ULN;YP.NE32;YP.NE44;YP.NE57;YP.NE59;YP.NE5D;YP.NE66;YP.NE7D;YP.NE81;YP.NE83;YP.NE8B;YP.NE9B;YP.NEA3;YP.NEA5;YP.NEA9;YP.NEP5;YP.NEP7
XO.ET20,23,AK.FALS;AK.FYU;AK.GAMB;AK.GLB;AK.PAX;AK.PPLA;AK.SPIA;AK.TNA;AT.MID;AT.SVW2;EO.KLRS;XO.EP16;XO.EP23;XO.KD02;XO.LA32;XO.LD42;XO.WD49;XO.WD54;XO.WD58;XO.WD60;XO.WD67;XO.WD69;XO.WD72
XH.RS10,23,XH.DR02;XH.DR15;XH.DR16;XH.RS02;XH.RS06;XH.RS08;XH.RS12;XH.RS15;XH.RS17;YT.BENN;YT.CLRK;YT.DEVL;YT.FALL;YT.HOWE;YT.KOLR;YT.MA09;YT.MILR;YT.MPAT;YT.SILY;YT.SIPL;YT.SURP;YT.UPTW;YT.WAIS
CM.SJC,23,3C.GS02;3C.NW09;3C.SL09;CM.FLO2;CM.LCBC;CM.PRV;CM.RUS;CM.TUM;EC.TULM;JM.CVJB;JM.NMIA0;LO.LOBA2;NU.BILN;NU.ESPN;OV.CCOL;TC.TRT1;VE.BAUV;YU.GJ03;YU.MD04;YU.NL02;YU.NL10;YU.SL02;YU.SL09
S1.AUDCS,23,M8.MOGAR;M8.RUGBY;OZ.AWOON;OZ.BOGA;OZ.CURRY;OZ.DTMM;OZ.GRASY;OZ.HKER;OZ.MILD;OZ.MRAT;OZ.ROBE;OZ.ROWM;OZ.TOT;S1.AUGRF;S1.AUHPC;S1.AUJCS;S1.AUMOU;S1.AUMUL;S1.AUPHS;S1.AUTKS;S1.AUUHS;Y2.KKVN5;YW.MSWL3
YT.ST02,23,XD.PSP03;YT.BENN;YT.CLRK;YT.DUFK;YT.FALL;YT.HOWD;YT.KOLR;YT.MECK;YT.MPAT;YT.PECA;YT.SILY;YT.SIPL;YT.ST01;YT.ST04;YT.ST07;YT.ST10;YT.ST14;YT.SURP;YT.THUR;YT.UPTW;YT.WAIS;YT.WILS;YT.WNDY
TM.NAYO,23,IC.QIZ;IN.PBA;MM.KTN;MM.MDY;MM.NGU;MM.SIM;MM.TGI;MM.YGN;MY.KUM;RM.DLV;RM.SLV;TM.CHBT;TM.CMAI;TM.CRAI;TM.LOEI;TM.NONG;TM.PANO;TM.PHRA;TM.PRAC;TM.SKLT;TM.SRDT;TM.SRIT;TM.UBPT
RM.SLV,23,CB.GYA;CB.GZH;HK.HKPS;IC.QIZ;MM.KTN;MM.MDY;MM.NGU;MM.TGI;MM.YGN;TM.CHBT;TM.CMAI;TM.CRAI;TM.LOEI;TM.NAYO;TM.NONG;TM.PANO;TM.PHRA;TM.PRAC;TM.SRDT;TM.UBPT;XR.MS02;XR.MS05;XR.MS09
XH.DR15,23,XH.DR02;XH.DR16;XH.RS02;XH.RS06;XH.RS08;XH.RS10;XH.RS12;XH.RS15;XH.RS17;YT.AGO1;YT.BENN;YT.CLRK;YT.DEVL;YT.FALL;YT.HOWE;YT.MILR;YT.MPAT;YT.SIPL;YT.SURP;YT.SWEI;ZJ.BEBP;ZJ.DONT;ZJ.RKST
XH.DR16,23,XH.DR02;XH.DR15;XH.RS02;XH.RS06;XH.RS08;XH.RS10;XH.RS12;XH.RS15;XH.RS17;YT.AGO1;YT.BENN;YT.CLRK;YT.DEVL;YT.FALL;YT.HOWE;YT.MILR;YT.MPAT;YT.SIPL;YT.SURP;YT.SWEI;ZJ.BEBP;ZJ.DONT;ZJ.RKST
OZ.BOGA,23,M8.MOGAR;M8.RUGBY;OZ.CURRY;OZ.DTMM;OZ.GRASY;OZ.HKER;OZ.MARG;OZ.MILD;OZ.MRAT;OZ.ROBE;OZ.ROWM;OZ.TOT;S1.AUCAS;S1.AUDCS;S1.AUGRF;S1.AUHPC;S1.AUJCS;S1.AUPHS;S1.AUROX;S1.AUTAR;S1.AUTKS;S1.AUUHS;YW.MSWL3
YT.THUR,23,1D.ATOL;1D.ELSW;1D.FOWL;1D.KIBB;1D.PIG3;7U.TJTJ;YT.HOWD;YT.KOLR;YT.LPLY;YT.MA06;YT.MA07;YT.MA09;YT.MCRG;YT.MECK;YT.MRTP;YT.MTAK;YT.SILY;YT.ST02;YT.ST04;YT.ST07;YT.ST10;YT.UPTW;YT.WAIS
PQ.NAB2,23,7C.MM17;7C.MM26;7C.MM30;7C.MM40;AK.S31K;AK.V35K;C8.BNKB;C8.MWAB;EO.KLRS;NY.MAYO;NY.TGTN;NY.WGLY;PQ.NBC3;PQ.NBC8;RV.DEDWA;RV.KAKWA;RV.SWHSA;TD.TD009;XJ.SNOW;XL.MG06;Y5.PER;YI.QCB01;ZQ.ETIP
YP.NE81,23,1G.NOP01;5G.D16;CB.DL2;CB.HEH;CB.SNY;IC.HIA;IU.ULN;YP.NE32;YP.NE44;YP.NE57;YP.NE59;YP.NE5D;YP.NE61;YP.NE66;YP.NE7D;YP.NE83;YP.NE8B;YP.NE9B;YP.NEA3;YP.NEA5;YP.NEA9;YP.NEP5;YP.NEP7
XO.EP16,23,AK.FALS;AK.FYU;AK.GAMB;AK.GLB;AK.PAX;AK.PPLA;AK.SPIA;AK.TNA;AT.MID;AT.SVW2;EO.KLRS;XO.EP23;XO.ET20;XO.KD02;XO.LA32;XO.LD42;XO.WD49;XO.WD54;XO.WD58;XO.WD60;XO.WD67;XO.WD69;XO.WD72
YP.NE44,23,5G.D10;CB.DL2;CB.HEH;CB.SNY;IC.HIA;IU.INCN;IU.ULN;YP.NE32;YP.NE57;YP.NE59;YP.NE5D;YP.NE61;YP.NE66;YP.NE6F;YP.NE7D;YP.NE81;YP.NE83;YP.NE8B;YP.NE9B;YP.NEA3;YP.NEA5;YP.NEA9;YP.NEAB
GB.CCA1,22,CA.CARA;CA.CPAL;CH.SLE;EI.DSB;EI.IDGL;EI.IMAC;EI.IMAY;G.CLF;G.SSB;GB.DRUM;GB.GAL1;GB.GDLE;GB.HMNX;GB.JSA;GB.LAWE;GB.LEWI;GB.WACR;MN.BNI;NL.HGN;UK.STED;WF.SPG;WM.UCM
OZ.MILD,22,M8.MOGAR;OZ.BOGA;OZ.CURRY;OZ.DTMM;OZ.GRASY;OZ.HKER;OZ.MARG;OZ.MRAT;OZ.ROBE;OZ.ROWM;OZ.TOT;S1.AUCAS;S1.AUDCS;S1.AUGRF;S1.AUHPC;S1.AUJCS;S1.AUPHS;S1.AUROX;S1.AUTAR;S1.AUTKS;S1.AUUHS;YW.MSWL3
PO.ACTO,22,KY.LLKY;LD.FRNY;NM.SCMO;PO.LATQ;PO.MATQ;PO.MEDO;US.GLMI;WU.TOBO;X8.QM38;X8.QM58;X8.QM76;X8.QM90;XI.SC04;XI.SC09;XI.SC10;XI.SC14;XI.SM37;XI.SN44;XO.LE17;XY.PACW;Z9.W315;ZS.W05
YG.CBP2J,22,CH.FUORN;G.SSB;GE.HLG;GE.IBBN;GE.PSZ;GE.RGN;GE.RUE;GE.TIRR;HT.LKD;IU.KIEV;MN.BNI;MN.DIVS;MN.VTS;NL.HGN;XS.S037;YF.PB60;YG.CBP4F;YG.CBP4N;YI.BARR;YI.BOB;YI.GROG;YY.SW05
KN.ULHL,22,CD.WMQ;CK.MNAS;II.AAK;II.NIL;KR.BTK;KR.SFK;KR.TRKS;KZ.MAKZ;KZ.OTUK;TJ.CHGR;TJ.GEZN;TJ.SHAA;XG.HUB03;XG.SAB01;XP.ORTK;XW.AKSU;XW.ATUS;XW.BCHU;XW.KHA;XW.KSA;XW.PDG;Y2.NOCO
AF.HVD,22,6H.CHID;8A.AIAI;8A.AROB;8A.MALT;8A.WAND;AF.CVNA;AF.GRM;AF.MOPA;AF.PKA;AF.POGA;AF.SNKL;AF.UPI;BX.KGCAE;BX.KHWEE;BX.KOOLE;BX.LKGWB;BX.PHPEN;ZQ.AAM2;ZT.CRAIL;ZT.DULL;ZT.NHAM;ZT.WTBG
YT.MA06,22,1D.FOWL;1D.KIBB;1D.PIG3;XH.RS12;YT.BENN;YT.CLRK;YT.DUFK;YT.FALL;YT.HOWD;YT.HOWE;YT.KOLR;YT.MA07;YT.MA09;YT.MECK;YT.PECA;YT.RMBO;YT.SILY;YT.SIPL;YT.STEW;YT.THUR;YT.UPTW;YT.WAIS
CY.CBCY,22,9R.OBS16;CM.PRV;CU.GRTK;CW.CAIB;CW.CAMR;CW.CCCC;CW.CHIV;CW.GNEO;CW.SOR;IU.TEIG;JM.CVJB;JM.NMIA0;LO.LOBA2;N4.060A;NU.BILN;NU.ESPN;NU.SIUN;TC.TRT1;YG.INC37;ZC.HMDR;ZC.SODR;ZU.GGIL
OZ.TOT,22,M8.MOGAR;M8.RUGBY;OZ.BOGA;OZ.CURRY;OZ.DTMM;OZ.GRASY;OZ.HKER;OZ.MARG;OZ.MILD;OZ.MRAT;OZ.ROBE;OZ.ROWM;S1.AUCAS;S1.AUDCS;S1.AUGRF;S1.AUHPC;S1.AUJCS;S1.AUPHS;S1.AUTAR;S1.AUTKS;S1.AUUHS;YW.MSWL3
C1.CO05,22,2V.PO20;3E.MEL15;3Y.SC02;4Q.UT19;C1.AC02;C1.AF02;C1.VA04;XM.ANB03;XM.ANB07;XM.ANB09;XM.ANB10;XM.ANB11;XM.ANB19;XM.ANB20;XM.ASB04;XM.ASB08;XM.ASB13;XM.ASB19;XM.ASB20;XM.ASB22;XM.CB01;XM.CB22
GE.HLG,22,CH.FUORN;G.SSB;GE.IBBN;GE.PSZ;GE.RGN;GE.RUE;MN.BNI;NL.HGN;UK.STED;XK.HOYT;XK.NOVR;XM.A106;YF.N6002;YF.N6017;YF.N6029;YG.CBP2J;YG.CBP4F;YI.BOB;YY.SN32;YY.SN34;YY.SW03;YY.SW05
PL.BEL,22,CH.FUORN;CH.SLE;CZ.BEDC;CZ.MORC;CZ.PRIC;CZ.TREC;DK.MUD;GE.TIRR;IU.KIEV;MN.DIVS;MN.PDG;MN.VTS;NI.ZOU2;NL.HGN;PL.KWP;PL.NIE;YD.3B13;YD.3D08;YD.3D14;YD.3F11;YD.3H07;YD.6C04
YI.BARR,22,CH.FUORN;G.SSB;GE.IBBN;GE.MAHO;GE.PSZ;GE.RUE;HT.LKD;MN.BNI;MN.CLTB;MN.DIVS;MN.VSL;MN.VTS;MN.WDD;NL.HGN;XM.A106;YD.GROM;YD.MMNN;YG.CBP2J;YG.CBP4F;YG.CBP4N;YI.BOB;YI.GROG
KO.ELL,22,1F.ANIM;3K.NIKI;AC.VLO;GE.TIRR;GF.TEPE;HL.ARG;HL.RDO;HT.AGG;KO.DKL;MN.PDG;MN.VTS;MP.ANB2;RU.ANN;YB.AT06;YB.AT19;YB.AT39;YB.AT44;YB.AT49;YB.AT56;YB.AT63;YB.SM05;YH.KO07
MM.TGI,22,IN.SHL;MM.KTN;MM.MDY;MM.NGU;MM.SIM;MM.YGN;RM.SLV;TM.CHBT;TM.CMAI;TM.CRAI;TM.LOEI;TM.NAYO;TM.NONG;TM.PANO;TM.PHRA;TM.PRAC;TM.SRDT;TM.UBPT;XR.BA07;XR.MS02;XR.MS05;XR.MS09
YT.ST04,22,XD.PSP03;YT.BENN;YT.CLRK;YT.DUFK;YT.FALL;YT.HOWD;YT.KOLR;YT.MPAT;YT.PECA;YT.SILY;YT.SIPL;YT.ST01;YT.ST02;YT.ST07;YT.ST10;YT.ST14;YT.SURP;YT.THUR;YT.UPTW;YT.WAIS;YT.WILS;YT.WNDY
GE.APE,22,GE.MLR;GE.MRNI;GE.SKD;GE.TIRR;GE.ZKR;HT.LKD;MN.CLTB;MN.DIVS;MN.VTS;MN.WDD;XH.SAR;XS.S009;XS.S037;XS.S040;YD.GROM;YD.MMNN;YD.OBS10;YD.OBS14;YF.HVAR;YF.MARJ;YL.ARSL;YL.BEKI
ZT.CRAIL,22,8A.AROB;8A.GAMM;8A.KANO;8A.OKAM;8A.WAND;AF.BLWY;AF.HVD;AF.MOPA;AF.POGA;AF.RUDU;AF.SNKL;AF.UPI;BX.KGCAE;BX.KHWEE;BX.KOOLE;BX.LKGWB;BX.PHPEN;BX.XAUDM;NR.NE215;ZT.DULL;ZT.NHAM;ZT.WTBG
XO.KD02,22,AK.FALS;AK.FYU;AK.GLB;AK.PAX;AK.PPLA;AK.SPIA;AT.MID;AT.SVW2;EO.KLRS;NY.MAYO;XO.EP16;XO.EP23;XO.ET20;XO.LA32;XO.LD42;XO.WD49;XO.WD54;XO.WD58;XO.WD60;XO.WD67;XO.WD69;XO.WD72
XH.RS02,22,XH.DR02;XH.DR15;XH.DR16;XH.RS06;XH.RS08;XH.RS10;XH.RS12;XH.RS15;XH.RS17;YT.AGO1;YT.CLRK;YT.DEVL;YT.FALL;YT.HOWE;YT.MILR;YT.MPAT;YT.SIPL;YT.SURP;YT.SWEI;ZJ.BEBP;ZJ.DONT;ZJ.RKST
AK.M11K,22,AK.ATKA;AK.C16K;AK.C18K;AK.D20K;AK.E18K;AK.E19K;AK.F21K;AK.FALS;AK.G19K;AK.GAMB;AK.H21K;AK.J17K;AK.J19K;AK.K13K;AK.K15K;AK.M14K;AK.M16K;AK.O14K;AK.PPLA;AK.PS06;AK.SPIA;AK.TNA
1D.FOWL,22,1D.ATOL;1D.BREN;1D.ELSW;1D.KIBB;1D.PIG3;1D.ROTH;1D.WELC;AI.BELA;YT.BENN;YT.DUFK;YT.HOWD;YT.KOLR;YT.MA06;YT.MA07;YT.MA09;YT.MECK;YT.PECA;YT.RMBO;YT.STEW;YT.THUR;YT.UPTW;YT.WAIS
S1.AUTKS,22,M8.MOGAR;M8.RUGBY;OZ.AWOON;OZ.BOGA;OZ.CURRY;OZ.DTMM;OZ.GRASY;OZ.MARG;OZ.MILD;OZ.ROBE;OZ.ROWM;OZ.TOT;S1.AUDCS;S1.AUGRF;S1.AUHPC;S1.AUMOU;S1.AUMUL;S1.AUPHS;S1.AUTAR;S1.AUUHS;Y2.KKVN5;YW.MSWL3
II.NIL,22,CK.MNAS;II.AAK;KN.ULHL;KR.BTK;KR.SFK;KR.TRKS;QZ.CHM;QZ.ZHTS;TF.KHO;TJ.CHGR;TJ.GEZN;TJ.MURGB;TJ.SHAA;XF.H1415;XF.H1630;XP.ORTK;XW.AKSU;XW.ATUS;XW.BCHU;XW.KSA;Y2.GUGE;Y2.PURG
X4.D26,22,IC.LSA;X4.A01;X4.C13;X4.D08;X4.D11;X4.F06;X4.GS01;X4.GS09;X4.GS12;X4.GS18;X4.H01;X4.H05;X4.H13;X4.H19;X4.H22;XO.JSO2;Z8.356;Z8.365;Z8.373;ZV.GUNA;ZV.LORI;ZV.MAQU
OZ.DTMM,22,M8.MOGAR;M8.RUGBY;OZ.BOGA;OZ.CURRY;OZ.GRASY;OZ.HKER;OZ.MARG;OZ.MILD;OZ.MRAT;OZ.ROBE;OZ.ROWM;OZ.TOT;S1.AUCAS;S1.AUDCS;S1.AUGRF;S1.AUHPC;S1.AUJCS;S1.AUPHS;S1.AUTAR;S1.AUTKS;S1.AUUHS;YW.MSWL3
TM.NONG,22,CB.GYA;IC.QIZ;MM.KTN;MM.MDY;MM.NGU;MM.SIM;MM.TGI;MM.YGN;RM.DLV;RM.SLV;TM.CHBT;TM.CMAI;TM.CRAI;TM.LOEI;TM.NAYO;TM.PANO;TM.PHRA;TM.PRAC;TM.SRDT;TM.UBPT;XR.MS05;XR.MS09
AF.PWET,22,AF.KTWE;AF.LBB;AF.MONG;AF.TEZI;IU.LSZ;XK.Q05MJ;XK.W02NB;XK.W10LW;XK.W12MB;XK.W15SS;XK.Z04NN;XK.Z09CG;XV.TETE;YA.KV01;YH.IFAK;YH.WALE;ZP.ISOK;ZP.KAMZ;ZP.KASM;ZP.KISH;ZP.MPIK;ZP.MWEN
NC.G005,22,7D.G36D;7D.J31C;7D.J36C;7D.J53C;AP.PVFF;BC.SPX;BC.TJX;CC.YOCR;CI.CIA;CI.PDM;IE.BCYI;NN.DIX;NN.RUB;NV.BACME;PB.B934;RE.BRBY3;TO.CC08;UO.LAIR;UO.RSBO;US.HAWA;X4.LR13;X7.WA33
HL.ARG,22,1F.ANIM;3K.NIKI;AC.VLO;GE.TIRR;GF.TEPE;HL.RDO;HT.AGG;KO.DKL;KO.ELL;MN.PDG;MN.VTS;XS.N020;XS.N039;YB.AT06;YB.AT19;YB.AT39;YB.AT44;YB.AT49;YB.AT56;YB.AT63;YB.SM05;YH.KO07
KZ.OTUK,21,CK.MNAS;II.AAK;KN.ULHL;KR.BTK;KR.SFK;KR.TRKS;KZ.AB06;KZ.MAKZ;QZ.AKST;QZ.BRZS;QZ.CHM;QZ.SEM;QZ.TDK;QZ.USHN;QZ.ZHTS;QZ.ZSN;TJ.CHGR;TJ.GEZN;XV.NW140;XV.NW300;XV.SW060
YS.PL45,21,YS.MRKH;YS.NGOK;YS.PL37;YS.PL38;YS.PL39;YS.PL40;YS.PL41;YS.PL43;YS.PL44;YS.PL46;YS.PL50;YS.PL57;YS.PL59;YS.PL61;YS.PL62;YS.PL63;YS.PL67;YS.PL68;YS.PL69;YS.PL70;YS.PL71
8A.GAMM,21,8A.AIAI;8A.AROB;8A.BAHE;8A.HAO;8A.KANO;8A.MALT;8A.NEPA;8A.OKAM;8A.OMUT;8A.OTJO;8A.SOLI;8A.WAND;8A.WEWE;AF.BLWY;AF.PKA;AF.UPI;AF.WIN;NR.NE215;ZT.CRAIL;ZT.NHAM;ZT.WTBG
C1.AC02,21,2V.PO20;3E.MEL15;3Y.SC02;C1.AF02;C1.CO05;XM.ANB03;XM.ANB07;XM.ANB09;XM.ANB10;XM.ANB11;XM.ANB16;XM.ANB17;XM.ANB18;XM.ANB19;XM.ANB20;XM.ASB04;XM.ASB13;XM.ASB19;XM.ASB22;XM.CB01;XM.CB22
PQ.NBC3,21,7C.MM17;7C.MM26;7C.MM30;7C.MM40;AK.DCPH;AK.S31K;AK.V35K;C8.BNKB;EO.KLRS;NY.MAYO;NY.TGTN;NY.WGLY;PQ.NAB2;PQ.NBC8;RV.DEDWA;RV.SWHSA;TD.TD009;XJ.SNOW;XL.MG06;Y5.PER;ZQ.ETIP
YS.PL50,21,YS.MRKH;YS.NGOK;YS.PL37;YS.PL38;YS.PL39;YS.PL40;YS.PL41;YS.PL43;YS.PL44;YS.PL45;YS.PL46;YS.PL57;YS.PL59;YS.PL61;YS.PL62;YS.PL63;YS.PL67;YS.PL68;YS.PL69;YS.PL70;YS.PL71
MN.RTC,21,1L.ST30;3D.MM05;3D.MM15;CA.CFAR;GE.CART;GE.MELI;GE.MTE;IP.MTOR;PM.PESTR;PM.PFVI;PM.PMOZ;WM.UCM;XB.PM04;XB.PM18;XB.PM25;XB.PM35;XB.PS16;XB.PS37;XB.PS57;ZI.MB16;ZI.MB19
NM.EUAL,21,7A.BDEG;GS.DEC08;KY.LLKY;N4.060A;N4.237B;N4.257A;N4.K43A;N4.N41A;N4.P38B;N4.P48A;N4.P51A;N4.R40B;N4.R50A;N4.R53A;N4.V51A;N4.X48A;N4.Y60A;N4.Z38B;NM.SCMO;NM.WADM;XO.SOKY
NV.BACME,21,AK.V35K;CC.YOCR;I0.RD179;IE.BCYI;MB.HRY;NC.G005;PB.B934;PQ.LHLYB;PQ.NBC8;RV.DEDWA;RV.KAKWA;RV.SWHSA;TD.TD009;UO.LAIR;UO.RSBO;UO.TOMA;US.HAWA;XL.MG06;XP.TWRS;Y5.PER;YI.QCB01
GE.IBBN,21,CH.FUORN;G.SSB;GE.HLG;GE.PSZ;GE.RGN;GE.RUE;MN.BNI;NL.HGN;UK.STED;XK.HOYT;XK.NOVR;XM.A106;YF.DUOK;YG.CBP2J;YG.CBP4F;YG.CBP4N;YI.BARR;YI.BOB;YI.GROG;YY.SN32;YY.SN34
N4.L34B,21,6E.SB04;GS.DEC08;KY.LLKY;N4.237B;N4.K43A;N4.N41A;N4.P38B;N4.P48A;N4.R32B;N4.R40B;N4.R50A;N4.Z38B;NM.SCMO;NM.WADM;US.AMTX;US.DGMT;US.ECSD;US.GLMI;XO.SOKY;XR.FG01;ZW.AZCF
RV.DEDWA,21,7C.MM17;7C.MM26;7C.MM30;AK.V35K;C8.BNKB;I0.RD179;II.FFC;NV.BACME;NY.TGTN;NY.WGLY;PQ.LHLYB;PQ.NAB2;PQ.NBC3;PQ.NBC8;RV.ASHMA;RV.KAKWA;RV.SWHSA;TD.TD009;XJ.SNOW;XL.MG06;Y5.PER
N4.Z38B,21,6E.SB04;GS.DEC08;IM.TX02;KY.LLKY;N4.237B;N4.L34B;N4.N41A;N4.P38B;N4.P48A;N4.R32B;N4.R40B;N4.V51A;N4.X48A;NM.EUAL;NM.SCMO;NM.WADM;US.AMTX;XO.SOKY;XR.FG01;Z9.W315;ZW.AZCF
OZ.GRASY,21,M8.MOGAR;M8.RUGBY;OZ.BOGA;OZ.CURRY;OZ.DTMM;OZ.HKER;OZ.MARG;OZ.MILD;OZ.MRAT;OZ.ROBE;OZ.ROWM;OZ.TOT;S1.AUCAS;S1.AUDCS;S1.AUGRF;S1.AUHPC;S1.AUJCS;S1.AUTAR;S1.AUTKS;S1.AUUHS;YW.MSWL3
NN.DIX,21,AP.PVFF;BC.PIX;BC.TJX;CC.YOCR;CI.CIA;CI.PDM;IE.BCYI;IE.IRCI;MB.HRY;NC.G005;NN.RUB;NN.SLVR;PB.B934;PQ.LHLYB;RE.BRBY3;UO.LAIR;UO.RSBO;UO.TOMA;US.HAWA;US.MVCO;WY.YHR
YT.MECK,21,1D.ATOL;1D.BREN;1D.ELSW;1D.FOWL;1D.KIBB;1D.PIG3;1D.ROTH;1D.WELC;AI.BELA;YT.DUFK;YT.HOWD;YT.MA06;YT.MA07;YT.MA09;YT.RMBO;YT.ST02;YT.STEW;YT.THUR;YT.UPTW;YT.WAIS;YT.WILS
YM.MHCG,21,7K.AN4;7O.ABNH;C8.FORQ;LD.FRNY;N4.E62A;N4.G65A;N4.K43A;N4.K50A;N4.P48A;N4.P51A;N4.R50A;N4.R53A;N4.R61A;PE.PAKC;PE.PBL2;PE.PSSK;PO.LATQ;PO.MATQ;US.GLMI;WU.TOBO;X8.COSY
JP.JNU,21,1A.NE00;1U.SHRD;5G.D10;5G.D16;CB.DL2;IC.SSE;IU.INCN;JP.JGF;JP.JHJ2;JP.JHS;JP.JMJ2;JP.JMM;JP.JMN;JP.JMZ;JP.JOW;JP.JSD;JP.JSU;JP.JTU;JP.JWT;KG.TJN;KS.SH2B
GE.SUMG,21,9D.KNS;DK.ANGG;DK.DBG;DK.DY2G;DK.ICESG;DK.KULLO;DK.NEEM;DK.SCO;DK.SOEG;GE.DAG;GG.SE1;KP.UPNV;NO.JMIC;XF.NE1;XF.NE2;XF.NE3;XF.NE4;XF.NE5;XF.NE6;YM.KASE;ZN.SA2G
XV.NAPU,21,6H.FUNH;6H.MASS;AF.SKRH;XK.Q05MJ;XK.Q07MR;XK.W02NB;XK.W10LW;XK.W12MB;XK.W15SS;XK.Z04NN;XK.Z09CG;XV.ANTS;XV.BAND;XV.BANJ;XV.BITY;XV.MAJA;XV.MMBE;XV.SENA;XV.TETE;XV.VINA;XV.ZOBE
YP.NE8I,21,5G.D10;5G.D16;CB.HEH;CB.SNY;IC.HIA;IU.YSS;JP.ASAJ;YP.NE57;YP.NE59;YP.NE5D;YP.NE66;YP.NE6F;YP.NE7D;YP.NE8B;YP.NE9B;YP.NEA3;YP.NEA5;YP.NEA9;YP.NEAB;YP.NEAD;YP.NEP5
MM.NGU,21,IC.LSA;IN.PBA;IN.SHL;MM.KTN;MM.MDY;MM.SIM;MM.TGI;MM.YGN;RM.SLV;TM.CMAI;TM.CRAI;TM.LOEI;TM.NAYO;TM.NONG;TM.PHRA;TM.PRAC;TM.SRDT;XR.BA07;XR.MS02;XR.MS05;XR.MS09
X4.A01,21,IC.LSA;X4.C13;X4.D08;X4.D11;X4.D26;X4.F06;X4.GS01;X4.GS12;X4.GS18;X4.H01;X4.H05;X4.H13;X4.H19;X4.H22;XO.JSO2;Z8.356;Z8.365;Z8.373;ZV.GUNA;ZV.LORI;ZV.MAQU
DK.SOEG,21,8F.VIGR;9D.KNS;DK.ANGG;DK.DBG;DK.DY2G;DK.ICESG;DK.NRS;DK.SCO;G.IVI;GE.DAG;GE.SUMG;GG.SE1;KP.UPNV;NO.JMIC;XF.NE1;XF.NE2;XF.NE3;XF.NE4;XF.NE5;YM.KASE;Z7.FAG
Z9.W315,20,GS.DEC08;KY.LLKY;N4.060A;N4.257A;N4.K43A;N4.N41A;N4.X48A;N4.Z38B;NM.SCMO;NM.WADM;PO.ACTO;PO.MEDO;XO.LE17;XO.MG05;XO.SOKY;XY.PACW;Z9.E07;Z9.E31;Z9.W14;ZL.N07A
XD.PSP03,20,YT.DEVL;YT.DUFK;YT.FALL;YT.MILR;YT.PECA;YT.SIPL;YT.ST01;YT.ST02;YT.ST04;YT.SURP;YT.WNDY;ZM.GM01;ZM.GM03;ZM.GM04;ZM.N140;ZM.N156;ZM.N173;ZM.N190;ZM.P061;ZM.P080
XM.ANB19,20,4Q.UT19;C1.AC02;C1.CO05;GT.CPUP;XM.ANB03;XM.ANB07;XM.ANB09;XM.ANB10;XM.ANB11;XM.ANB16;XM.ANB17;XM.ANB18;XM.ANB20;XM.ASB04;XM.ASB13;XM.ASB19;XM.ASB20;XM.ASB22;XM.CB01;XM.CB22
GB.GDLE,20,CH.SLE;CZ.PRIC;DK.MUD;EI.DSB;EI.IDGL;EI.IMAC;EI.IMAY;G.CLF;G.SSB;GB.CCA1;GB.DRUM;GB.GAL1;GB.HMNX;GB.JSA;GB.LAWE;GB.LEWI;GB.LRW;GB.WACR;NL.HGN;WF.SPG
II.FFC,20,4A.MN50;I0.RD179;RV.ASHMA;RV.DEDWA;RV.KAKWA;RV.SWHSA;TD.TD009;US.DGMT;XI.SC04;XI.SN44;XK.5190;XR.FA23;XR.FA24;XR.FA27;XS.N08;Y5.DOR;Y5.FMC;Y5.HON;Y5.PER;Y5.RW1
XH.DR02,20,XH.DR15;XH.DR16;XH.RS02;XH.RS06;XH.RS08;XH.RS10;XH.RS12;XH.RS15;XH.RS17;YT.AGO1;YT.CLRK;YT.DEVL;YT.FALL;YT.MILR;YT.MPAT;YT.SIPL;YT.SURP;ZJ.BEBP;ZJ.DONT;ZJ.RKST
XO.WD54,20,AK.FALS;AK.GLB;AK.PAX;AK.PPLA;AT.MID;AT.SVW2;EO.KLRS;NY.MAYO;XO.EP16;XO.EP23;XO.ET20;XO.KD02;XO.LA32;XO.LD42;XO.WD49;XO.WD58;XO.WD60;XO.WD67;XO.WD69;XO.WD72
YT.ST07,20,YT.BENN;YT.CLRK;YT.FALL;YT.HOWD;YT.KOLR;YT.MPAT;YT.PECA;YT.SILY;YT.SIPL;YT.ST01;YT.ST02;YT.ST04;YT.ST10;YT.ST14;YT.SURP;YT.THUR;YT.UPTW;YT.WAIS;YT.WILS;YT.WNDY
KR.SFK,20,CK.MNAS;II.AAK;II.NIL;KN.ULHL;KR.BTK;KR.TRKS;KZ.MAKZ;KZ.OTUK;QZ.AKST;QZ.BRZS;QZ.CHM;QZ.TDK;QZ.ZHTS;TF.KHO;TJ.CHGR;TJ.GEZN;TJ.MURGB;TJ.SHAA;Y2.GUGE;Y2.WT12
GB.DRUM,20,DK.MUD;EI.DSB;EI.IDGL;EI.IMAC;EI.IMAY;G.CLF;GB.CCA1;GB.GAL1;GB.GDLE;GB.HMNX;GB.JSA;GB.LAWE;GB.LEWI;GB.LRW;GB.WACR;NL.HGN;UK.STED;WF.SPG;YB.IF01;Z7.FAG
EI.IDGL,20,DK.MUD;EI.DSB;EI.IMAC;EI.IMAY;G.CLF;GB.CCA1;GB.DRUM;GB.GAL1;GB.GDLE;GB.HMNX;GB.JSA;GB.LAWE;GB.LEWI;GB.LRW;GB.WACR;NL.HGN;UK.STED;WF.SPG;YB.IF01;Z7.FAG
YS.PL37,20,YS.MRKH;YS.NGOK;YS.PL38;YS.PL39;YS.PL40;YS.PL41;YS.PL43;YS.PL44;YS.PL45;YS.PL46;YS.PL50;YS.PL57;YS.PL61;YS.PL62;YS.PL63;YS.PL67;YS.PL68;YS.PL69;YS.PL70;YS.PL71
ZN.DC34,20,7A.BDEG;GS.DEC08;KY.LLKY;LD.FRNY;N4.257A;N4.K43A;N4.K50A;N4.P48A;N4.P51A;N4.R50A;N4.R53A;N4.R61A;N4.V51A;N4.X48A;N4.Y60A;PO.LATQ;US.GLMI;WU.TOBO;X8.QM38;XO.SOKY
YT.MA07,20,1D.FOWL;1D.KIBB;1D.PIG3;YT.BENN;YT.CLRK;YT.DUFK;YT.FALL;YT.HOWD;YT.KOLR;YT.MA06;YT.MA09;YT.MECK;YT.PECA;YT.RMBO;YT.SILY;YT.SIPL;YT.STEW;YT.THUR;YT.UPTW;YT.WAIS
YS.PL67,20,YS.MRKH;YS.NGOK;YS.PL37;YS.PL38;YS.PL39;YS.PL40;YS.PL41;YS.PL44;YS.PL45;YS.PL46;YS.PL50;YS.PL57;YS.PL59;YS.PL61;YS.PL62;YS.PL63;YS.PL68;YS.PL69;YS.PL70;YS.PL71
YT.WNDY,20,XD.PSP03;YT.CLRK;YT.DUFK;YT.FALL;YT.HOWD;YT.KOLR;YT.MILR;YT.MPAT;YT.PECA;YT.SILY;YT.SIPL;YT.ST01;YT.ST02;YT.ST04;YT.ST07;YT.ST10;YT.ST14;YT.SURP;YT.WAIS;YT.WILS
TM.CHBT,20,IC.QIZ;IN.PBA;MM.KTN;MM.TGI;MM.YGN;MY.KUM;RM.DLV;RM.SLV;TM.CMAI;TM.CRAI;TM.LOEI;TM.NAYO;TM.NONG;TM.PANO;TM.PHRA;TM.PRAC;TM.SKLT;TM.SRDT;TM.SRIT;TM.UBPT
OZ.ROBE,20,M8.MOGAR;OZ.BOGA;OZ.CURRY;OZ.DTMM;OZ.GRASY;OZ.HKER;OZ.MARG;OZ.MILD;OZ.MRAT;OZ.ROWM;OZ.TOT;S1.AUCAS;S1.AUDCS;S1.AUGRF;S1.AUHPC;S1.AUJCS;S1.AUROX;S1.AUTAR;S1.AUTKS;S1.AUUHS
XM.ANB20,20,4Q.UT19;C1.AC02;C1.CO05;GT.CPUP;XM.ANB03;XM.ANB07;XM.ANB09;XM.ANB10;XM.ANB11;XM.ANB16;XM.ANB17;XM.ANB18;XM.ANB19;XM.ASB04;XM.ASB13;XM.ASB19;XM.ASB20;XM.ASB22;XM.CB01;XM.CB22
XV.MMBE,20,6H.CHID;6H.FUNH;6H.MASS;AF.SKRH;G.FOMA;XV.AMPY;XV.ANLA;XV.ANTS;XV.BAND;XV.BANJ;XV.BITY;XV.LAHA;XV.MAHA;XV.MAJA;XV.NAPU;XV.SENA;XV.SOLA;XV.VATO;XV.VINA;XV.ZOBE
8A.WAND,20,8A.AIAI;8A.AROB;8A.BAHE;8A.GAMM;8A.HAO;8A.KANO;8A.MALT;8A.OKAM;8A.OMUT;8A.OTJO;8A.SOLI;AF.BLWY;AF.CVNA;AF.HVD;AF.SNKL;AF.UPI;ZT.CRAIL;ZT.DULL;ZT.NHAM;ZT.WTBG
KO.DKL,20,3K.NIKI;AC.VLO;GE.TIRR;GF.TEPE;HL.ARG;HL.RDO;HT.AGG;KO.ELL;MN.DIVS;MN.PDG;MN.VTS;RU.ANN;YB.AT06;YB.AT19;YB.AT44;YB.AT49;YB.AT56;YB.AT63;YB.SM05;YH.KO07
MX.HPIG,20,3U.AR2;4O.GV01;7P.PC53;AP.PVFF;BC.PIX;BC.SPX;IM.TX02;JW.BRR;MG.JRQG;MX.MOIG;MX.ZAIG;N4.237B;O2.SC12;TX.435B;TX.BRDY;TX.DKNS;TX.ELG6;US.AMTX;X2.CRAT;ZW.AZCF
XV.TETE,20,6H.CHID;6H.FUNH;6H.MASS;AF.BLWY;AF.KTWE;AF.LBB;AF.PWET;AF.TEZI;IU.LSZ;XK.B04KH;XK.Q05MJ;XK.Q07MR;XK.W02NB;XK.W10LW;XK.W12MB;XK.W15SS;XK.Z04NN;XK.Z09CG;XV.NAPU;XV.SENA
TM.PRAC,20,IN.PBA;MM.KTN;MM.NGU;MM.TGI;MM.YGN;MY.KUM;RM.DLV;RM.SLV;TM.CHBT;TM.CMAI;TM.CRAI;TM.LOEI;TM.NAYO;TM.NONG;TM.PANO;TM.PHRA;TM.SKLT;TM.SRDT;TM.SRIT;TM.UBPT
S1.AUUHS,20,M8.MOGAR;M8.RUGBY;OZ.BOGA;OZ.CURRY;OZ.DTMM;OZ.GRASY;OZ.MARG;OZ.MILD;OZ.ROBE;OZ.ROWM;OZ.TOT;S1.AUDCS;S1.AUGRF;S1.AUHPC;S1.AUMUL;S1.AUPHS;S1.AUTAR;S1.AUTKS;Y2.KKVN5;YW.MSWL3
NU.BILN,20,6Q.FEC2;9R.OBS16;CM.LCBC;CM.PRV;CM.SJC;CW.CAIB;CW.CAMR;CW.CCCC;CW.CHIV;CW.SOR;CY.CBCY;GI.AVPA;GI.HUBA;GI.PETF;JM.CVJB;NU.CSGN;NU.ESPN;NU.SIUN;SV.RBDL;YG.INC37
YI.GROG,20,CH.FUORN;G.SSB;GE.IBBN;GE.MAHO;GE.PSZ;GE.RUE;HT.LKD;MN.BNI;MN.CLTB;MN.DIVS;MN.VSL;MN.VTS;MN.WDD;NL.HGN;XM.A106;YG.CBP2J;YG.CBP4F;YG.CBP4N;YI.BARR;YI.BOB
UO.RSBO,20,CC.YOCR;I0.RD179;IE.BCYI;IE.IRCI;MB.HRY;NC.G005;NN.DIX;NN.RUB;NN.SLVR;NV.BACME;PB.B934;PQ.LHLYB;RE.BRBY3;TD.TD009;UO.LAIR;UO.TOMA;US.HAWA;WY.YHR;X7.WA33;XP.TWRS
XO.EP23,20,AK.FALS;AK.GAMB;AK.GLB;AK.PAX;AK.PPLA;AK.SPIA;AT.MID;AT.SVW2;XO.EP16;XO.ET20;XO.KD02;XO.LA32;XO.LD42;XO.WD49;XO.WD54;XO.WD58;XO.WD60;XO.WD67;XO.WD69;XO.WD72
BX.KGCAE,20,AF.BLWY;AF.CVNA;AF.HVD;AF.MOPA;AF.POGA;AF.RUDU;AF.SNKL;AF.UPI;AF.WIN;BX.KHWEE;BX.KOOLE;BX.LKGWB;BX.PHPEN;BX.XAUDM;Z1.Z21G;Z1.Z34S;ZT.CRAIL;ZT.DULL;ZT.NHAM;ZT.WTBG
AF.MOPA,20,AF.BLWY;AF.HARE;AF.HVD;AF.PKA;AF.POGA;AF.SNKL;AF.TEZI;BX.KGCAE;BX.KHWEE;BX.LKGWB;BX.PHPEN;IU.LSZ;MZ.MOCU;NR.NE215;Z1.Z34S;ZQ.AAM2;ZT.CRAIL;ZT.DULL;ZT.NHAM;ZT.WTBG
XJ.SNOW,20,7C.MM17;7C.MM26;7C.MM30;7C.MM40;AK.GLB;AK.PAX;AT.MID;C8.BNKB;C8.MWAB;NY.MAYO;NY.TGTN;NY.WGLY;PQ.NAB2;PQ.NBC3;PQ.NBC8;RV.DEDWA;RV.SWHSA;Y5.PER;YG.GLN4;ZQ.ETIP
YP.NEAD,20,5G.D10;CB.HEH;CB.SNY;IC.HIA;IU.YSS;JP.ASAJ;YP.NE57;YP.NE59;YP.NE5D;YP.NE66;YP.NE6F;YP.NE7D;YP.NE8B;YP.NE8I;YP.NE9B;YP.NEA3;YP.NEA5;YP.NEA9;YP.NEAB;YP.NEP5
N4.237B,20,6E.SB04;EP.CHC4;GS.DEC08;IM.TX02;KY.LLKY;MX.HPIG;N4.L34B;N4.N41A;N4.P38B;N4.R32B;N4.R40B;N4.X48A;N4.Z38B;NM.EUAL;NM.SCMO;NM.WADM;US.AMTX;XO.SOKY;XR.FG01;ZW.AZCF
DK.ICESG,20,9D.KNS;DK.ANGG;DK.DBG;DK.DY2G;DK.KULLO;DK.NEEM;DK.NRS;DK.SCO;DK.SOEG;G.IVI;GE.DAG;GE.SUMG;GG.SE1;KP.UPNV;XF.NE1;XF.NE2;XF.NE3;XF.NE4;XF.NE5;YM.KASE
AK.S31K,19,AK.DCPH;AK.FYU;AK.G27K;AK.GLB;AK.J26L;AK.PAX;AK.PPLA;AK.V35K;AT.MID;EO.KLRS;NY.MAYO;NY.TGTN;NY.WGLY;PQ.KLONY;PQ.NAB2;PQ.NBC3;PQ.NBC8;PQ.RICHY;YI.QCB01
XM.ASB22,19,C1.AC02;C1.CO05;C1.LL05;C1.LR04;C1.VA04;GT.PLCA;XM.ANB09;XM.ANB10;XM.ANB11;XM.ANB18;XM.ANB19;XM.ANB20;XM.ASB04;XM.ASB08;XM.ASB11;XM.ASB13;XM.ASB19;XM.ASB20;XM.CB22
YD.3B13,19,AC.VLO;CH.FUORN;GE.TIRR;HL.RDO;HT.AGG;IU.KIEV;MN.CLTB;MN.DIVS;MN.PDG;MN.VTS;MN.WDD;PL.BEL;PL.KWP;PL.NIE;YD.3D08;YD.3D14;YD.3F11;YD.3H07;YD.6C04
IC.QIZ,19,CB.GYA;CB.GZH;HK.HKPS;MM.KTN;RM.DLV;RM.SLV;TM.CHBT;TM.CRAI;TM.LOEI;TM.NAYO;TM.NONG;TM.PANO;TM.PHRA;TM.UBPT;TW.KMNB;TW.VDOS;TW.VNAS;YA.MC16;YM.37
7C.MM26,19,7C.MM17;7C.MM30;7C.MM40;AK.FYU;AK.GLB;AK.PAX;AK.PPLA;AT.MID;C8.BNKB;NY.MAYO;NY.TGTN;NY.WGLY;PQ.NAB2;PQ.NBC3;PQ.NBC8;RV.DEDWA;XJ.SNOW;YG.GLN4;ZE.BULG
YD.6C04,19,AC.VLO;CH.FUORN;GE.TIRR;HL.RDO;HT.AGG;IU.KIEV;MN.BNI;MN.DIVS;MN.PDG;MN.VTS;NL.HGN;PL.BEL;PL.KWP;PL.NIE;YD.3B13;YD.3D08;YD.3D14;YD.3F11;YD.3H07
XV.VINA,19,AF.SKRH;G.FOMA;XK.Q05MJ;XK.Q07MR;XV.AMPY;XV.ANLA;XV.ANTS;XV.BAND;XV.BANJ;XV.BITY;XV.DGOS;XV.LAHA;XV.MAHA;XV.MAJA;XV.MMBE;XV.NAPU;XV.SENA;XV.SOLA;XV.ZOBE
8A.KANO,19,8A.AIAI;8A.AROB;8A.BAHE;8A.GAMM;8A.HAO;8A.MALT;8A.NEPA;8A.OKAM;8A.OMUT;8A.OTJO;8A.SOLI;8A.WAND;8A.WEWE;AF.BLWY;AF.UPI;AF.WIN;NR.NE215;ZT.CRAIL;ZT.NHAM
YS.PL68,19,YS.MRKH;YS.NGOK;YS.PL37;YS.PL38;YS.PL39;YS.PL40;YS.PL41;YS.PL45;YS.PL46;YS.PL50;YS.PL57;YS.PL59;YS.PL61;YS.PL62;YS.PL63;YS.PL67;YS.PL69;YS.PL70;YS.PL71
DK.KULLO,19,1E.CNF;1E.TQF;1E.WHI;DK.DBG;DK.DY2G;DK.ICESG;DK.NEEM;GE.DAG;GE.SUMG;KP.UPNV;X5.MARN;X5.PNGN;XF.NE1;XF.NE2;XF.NE3;XF.NE4;XF.NE5;XF.NE6;YM.KASE
BX.PHPEN,19,AF.BLWY;AF.CVNA;AF.HVD;AF.MOPA;AF.POGA;AF.RUDU;AF.SNKL;AF.UPI;AF.WIN;BX.KGCAE;BX.KHWEE;BX.KOOLE;BX.LKGWB;BX.XAUDM;Z1.Z34S;ZT.CRAIL;ZT.DULL;ZT.NHAM;ZT.WTBG
ZG.CP12,19,II.NNA;IU.SAML;TO.PE03;TO.PG01;TO.PG20;TO.PH20;XP.PLTP;YS.OLC5;YS.PARW;ZD.FM03;ZD.FM06;ZD.FM09;ZD.FN11;ZD.FS07;ZG.CB14;ZG.CB34;ZG.CP07;ZG.CP13;ZG.CP19
QZ.TDK,19,II.AAK;KR.BTK;KR.SFK;KR.TRKS;KZ.MAKZ;KZ.OTUK;QZ.BRZS;QZ.CHM;QZ.SEM;QZ.USHN;QZ.ZHTS;QZ.ZSN;TF.KHO;TJ.CHGR;TJ.MURGB;X7.MC14;XV.NW140;XV.NW300;XV.SW060
ZT.WTBG,19,8A.AROB;8A.GAMM;8A.WAND;AF.BLWY;AF.HVD;AF.MOPA;AF.POGA;AF.SNKL;AF.UPI;BX.KGCAE;BX.KHWEE;BX.KOOLE;BX.LKGWB;BX.PHPEN;BX.XAUDM;NR.NE215;ZT.CRAIL;ZT.DULL;ZT.NHAM
XE.ES11,19,IC.LSA;XE.ES03;XE.ES18;XE.ES19;XE.ES28;XE.ES31;XE.SP18;XF.H0650;XF.H1210;XF.H1415;YA.MC02;YA.MC05;YA.MC08;YA.MC10;YA.MC12;YA.MC14;YA.MC16;YA.MC17;YA.MC21
XO.WD72,19,AK.FALS;AK.GLB;AK.PAX;AK.PPLA;AT.MID;AT.SVW2;EO.KLRS;XO.EP16;XO.EP23;XO.ET20;XO.KD02;XO.LA32;XO.LD42;XO.WD49;XO.WD54;XO.WD58;XO.WD60;XO.WD67;XO.WD69
MM.SIM,19,IC.LSA;IN.PBA;IN.SHL;IO.EVN;MM.KTN;MM.MDY;MM.NGU;MM.TGI;MM.YGN;TM.CRAI;TM.LOEI;TM.NAYO;TM.NONG;TM.PHRA;TM.SRDT;XR.BA07;XR.MS02;XR.MS05;XR.MS09
PM.PESTR,19,1L.ST30;3D.MM05;3D.MM15;CA.CARA;CA.CFAR;CA.CPAL;MN.RTC;PM.PFVI;PM.PMOZ;WM.UCM;XB.PM04;XB.PM18;XB.PM25;XB.PM35;XB.PS16;XB.PS37;XB.PS57;ZI.MB16;ZI.MB19
TM.UBPT,19,IC.QIZ;MM.KTN;MM.TGI;MM.YGN;RM.DLV;RM.SLV;TM.CHBT;TM.CMAI;TM.CRAI;TM.LOEI;TM.NAYO;TM.NONG;TM.PANO;TM.PHRA;TM.PRAC;TM.SKLT;TM.SRDT;TM.SRIT;TW.VNAS
N4.Y60A,19,7A.BDEG;KY.LLKY;N4.060A;N4.257A;N4.K50A;N4.P48A;N4.P51A;N4.R50A;N4.R53A;N4.R61A;N4.V51A;N4.X48A;NM.EUAL;NM.WADM;PE.PAKC;PE.PSSK;XO.SOKY;XY.PACW;ZN.DC34
II.NNA,19,AS.ZOBO;EC.BOSC;EC.MCRA;GE.RIOB;TO.PE03;TO.PG01;TO.PG20;TO.PH20;YS.PARW;ZD.FM03;ZD.FM06;ZD.FM09;ZD.FN11;ZD.FS07;ZG.CB34;ZG.CP07;ZG.CP12;ZG.CP13;ZG.CP19
PM.PFVI,19,1L.ST30;3D.MM05;3D.MM15;CA.CARA;CA.CFAR;IP.MTOR;MN.RTC;PM.PESTR;PM.PMOZ;WM.UCM;XB.PM04;XB.PM18;XB.PM25;XB.PM35;XB.PS16;XB.PS37;XB.PS57;ZI.MB16;ZI.MB19
II.TLY,19,IU.ULN;X7.MC06;X7.MC14;XL.AT04;XL.AT13;XL.HD03;XL.HD09;XL.HD21;XL.HD25;XL.HD41;XL.HD48;XL.HD54;XL.HD68;XL.HD72;XL.HD73;XL.HD74;XL.HD75;XL.HV10;YP.NEP7
ZG.CP13,19,II.NNA;IU.SAML;TO.PE03;TO.PG01;TO.PG20;TO.PH20;XP.PLTP;YS.OLC5;YS.PARW;ZD.FM03;ZD.FM06;ZD.FM09;ZD.FN11;ZD.FS07;ZG.CB14;ZG.CB34;ZG.CP07;ZG.CP12;ZG.CP19
PQ.LHLYB,19,AK.V35K;CC.YOCR;I0.RD179;IE.BCYI;IE.IRCI;MB.HRY;NN.DIX;NN.RUB;NV.BACME;PB.B934;PQ.NBC8;RV.ASHMA;RV.DEDWA;RV.KAKWA;RV.SWHSA;TD.TD009;UO.LAIR;UO.RSBO;UO.TOMA
YT.SWEI,19,XH.DR15;XH.DR16;XH.RS02;XH.RS06;XH.RS08;XH.RS15;XH.RS17;YT.AGO1;YT.AGO3;YT.BENN;YT.DEVL;YT.FALL;YT.HOWE;YT.MILR;YT.PECA;YT.RMBO;YT.SIPL;YT.STEW;YT.SURP
BX.LKGWB,19,AF.BLWY;AF.CVNA;AF.HVD;AF.MOPA;AF.POGA;AF.RUDU;AF.SNKL;AF.UPI;AF.WIN;BX.KGCAE;BX.KHWEE;BX.KOOLE;BX.PHPEN;BX.XAUDM;Z1.Z34S;ZT.CRAIL;ZT.DULL;ZT.NHAM;ZT.WTBG
YT.ST01,19,XD.PSP03;YT.CLRK;YT.DUFK;YT.FALL;YT.HOWD;YT.KOLR;YT.MPAT;YT.PECA;YT.SILY;YT.SIPL;YT.ST02;YT.ST04;YT.ST07;YT.ST10;YT.ST14;YT.SURP;YT.WAIS;YT.WILS;YT.WNDY
ZM.P061,19,XD.PSP03;YT.DEVL;YT.FALL;YT.MILR;YT.PECA;YT.SURP;ZM.GM01;ZM.GM02;ZM.GM03;ZM.GM04;ZM.GM06;ZM.GM07;ZM.N140;ZM.N156;ZM.N173;ZM.N190;ZM.N215;ZM.P080;ZM.P124
ZD.FS07,19,II.NNA;IU.SAML;TO.PE03;TO.PG01;TO.PG20;TO.PH20;XP.PLTP;YS.OLC5;YS.PARW;ZD.FM03;ZD.FM06;ZD.FM09;ZD.FN11;ZG.CB14;ZG.CB34;ZG.CP07;ZG.CP12;ZG.CP13;ZG.CP19
YS.PL70,19,YS.MRKH;YS.NGOK;YS.PL37;YS.PL38;YS.PL39;YS.PL40;YS.PL41;YS.PL45;YS.PL46;YS.PL50;YS.PL57;YS.PL59;YS.PL61;YS.PL62;YS.PL63;YS.PL67;YS.PL68;YS.PL69;YS.PL71
YH.KO07,19,AC.VLO;GE.TIRR;HL.ARG;HL.RDO;HT.AGG;IU.KIEV;KO.DKL;KO.ELL;KO.KARS;MN.DIVS;MN.PDG;MN.VTS;YB.AT06;YB.AT19;YB.AT39;YB.AT44;YB.AT49;YB.AT56;YB.AT63
8A.OKAM,19,8A.AIAI;8A.AROB;8A.BAHE;8A.GAMM;8A.HAO;8A.KANO;8A.MALT;8A.NEPA;8A.OMUT;8A.OTJO;8A.SOLI;8A.WAND;8A.WEWE;AF.BLWY;AF.UPI;AF.WIN;NR.NE215;ZT.CRAIL;ZT.NHAM
XK.Z04NN,19,AF.BLWY;AF.KTWE;AF.MONG;AF.PWET;AF.TEZI;IU.LSZ;XK.B04KH;XK.B17CI;XK.Q05MJ;XK.Q07MR;XK.W02NB;XK.W10LW;XK.W12MB;XK.W15SS;XK.Z09CG;XV.NAPU;XV.SENA;XV.TETE;YQ.MATA
XF.NE5,19,DK.ANGG;DK.DBG;DK.DY2G;DK.ICESG;DK.KULLO;DK.NEEM;DK.NOR;DK.SCO;DK.SOEG;GE.DAG;GE.SUMG;KP.UPNV;NO.JMIC;XF.NE1;XF.NE2;XF.NE3;XF.NE4;XF.NE6;YM.KASE
ZG.CP07,19,II.NNA;TO.PE03;TO.PG01;TO.PG20;TO.PH20;XP.LZAE;XP.PLTP;YS.OLC5;YS.PARW;ZD.FM03;ZD.FM06;ZD.FM09;ZD.FN11;ZD.FS07;ZG.CB14;ZG.CB34;ZG.CP12;ZG.CP13;ZG.CP19
YS.PL69,19,YS.MRKH;YS.NGOK;YS.PL37;YS.PL38;YS.PL39;YS.PL40;YS.PL41;YS.PL45;YS.PL46;YS.PL50;YS.PL57;YS.PL59;YS.PL61;YS.PL62;YS.PL63;YS.PL67;YS.PL68;YS.PL70;YS.PL71
AF.SNKL,19,8A.AIAI;8A.AROB;8A.WAND;AF.BLWY;AF.CVNA;AF.HVD;AF.MOPA;AF.POGA;AF.UPI;BX.KGCAE;BX.KHWEE;BX.KOOLE;BX.LKGWB;BX.PHPEN;NR.NE215;ZT.CRAIL;ZT.DULL;ZT.NHAM;ZT.WTBG
7C.MM17,19,7C.MM26;7C.MM30;7C.MM40;AK.FYU;AK.GLB;AK.PAX;AK.PPLA;AT.MID;C8.BNKB;NY.MAYO;NY.TGTN;NY.WGLY;PQ.NAB2;PQ.NBC3;PQ.NBC8;RV.DEDWA;XJ.SNOW;YG.GLN4;ZE.BULG
PE.PBL2,19,4A.MN50;7K.AN4;7O.ABNH;C8.FORQ;GS.DEC08;KY.LLKY;LD.FRNY;NM.WADM;OH.CROH;PE.PAKC;PE.PN1;PE.PSSK;PO.LATQ;PO.MATQ;US.GLMI;WU.TOBO;YM.MHCG;YU.B01A;ZT.WEST
GB.GAL1,19,DK.MUD;EI.DSB;EI.IDGL;EI.IMAC;EI.IMAY;G.CLF;GB.CCA1;GB.DRUM;GB.GDLE;GB.HMNX;GB.JSA;GB.LAWE;GB.LEWI;GB.LRW;GB.WACR;NL.HGN;UK.STED;WF.SPG;YB.IF01
ZG.CB34,19,II.NNA;IU.SAML;TO.PE03;TO.PG01;TO.PG20;TO.PH20;XP.PLTP;YS.OLC5;YS.PARW;ZD.FM03;ZD.FM06;ZD.FM09;ZD.FN11;ZD.FS07;ZG.CB14;ZG.CP07;ZG.CP12;ZG.CP13;ZG.CP19
XO.WD49,19,AK.FALS;AK.GLB;AK.PAX;AK.PPLA;AT.MID;AT.SVW2;EO.KLRS;XO.EP16;XO.EP23;XO.ET20;XO.KD02;XO.LA32;XO.LD42;XO.WD54;XO.WD58;XO.WD60;XO.WD67;XO.WD69;XO.WD72
MP.DHK1,19,1F.ANIM;3K.NIKI;AB.HASN;AB.PRLH;GO.GHRG;KO.KARS;MP.AMR2;MP.ANB2;MP.KAR2;MP.KUT1;MP.SAM2;MP.SLY1;RU.ANN;RU.ERBR;RU.R27;RU.VSLR;XA.AX08;XA.EP15;YB.SM05
UK.STED,19,CH.FUORN;CH.SLE;DK.MUD;EI.IDGL;G.CLF;G.SSB;GB.CCA1;GB.DRUM;GB.GAL1;GB.HMNX;GB.JSA;GB.LRW;GE.HLG;GE.IBBN;GE.RUE;MN.BNI;NL.HGN;YI.BOB;YY.SN34
XF.NE1,19,DK.ANGG;DK.DBG;DK.DY2G;DK.ICESG;DK.KULLO;DK.NEEM;DK.NOR;DK.SCO;DK.SOEG;GE.DAG;GE.SUMG;KP.UPNV;NO.JMIC;XF.NE2;XF.NE3;XF.NE4;XF.NE5;XF.NE6;YM.KASE
AK.V35K,19,AK.DCPH;AK.GLB;AK.S31K;AT.MID;EO.KLRS;NV.BACME;NY.MAYO;NY.TGTN;NY.WGLY;PQ.KLONY;PQ.LHLYB;PQ.NAB2;PQ.NBC3;PQ.NBC8;RV.DEDWA;RV.KAKWA;RV.SWHSA;TD.TD009;YI.QCB01
CM.TUM,19,3C.GS02;3C.NW09;3C.SL09;8G.EC17;CM.FLO2;CM.LCBC;CM.MAP;CM.RUS;CM.SJC;EC.BOSC;EC.MCRA;EC.MILO;EC.PUYO;EC.SALI;EC.TULM;OV.CCOL;TC.ICC3;YU.SL02;YU.SL09
TO.PE03,19,II.NNA;TO.PG01;TO.PG20;TO.PH20;XP.LZAE;XP.PLTP;YS.OLC5;YS.PARW;ZD.FM03;ZD.FM06;ZD.FM09;ZD.FN11;ZD.FS07;ZG.CB14;ZG.CB34;ZG.CP07;ZG.CP12;ZG.CP13;ZG.CP19
M8.MOGAR,19,M8.RUGBY;OZ.BOGA;OZ.CURRY;OZ.DTMM;OZ.GRASY;OZ.MARG;OZ.MILD;OZ.ROBE;OZ.ROWM;OZ.TOT;S1.AUDCS;S1.AUGRF;S1.AUHPC;S1.AUJCS;S1.AUPHS;S1.AUTAR;S1.AUTKS;S1.AUUHS;YW.MSWL3
XO.LD42,19,AK.FALS;AK.GLB;AK.PAX;AK.PPLA;AK.SPIA;AT.MID;AT.SVW2;XO.EP16;XO.EP23;XO.ET20;XO.KD02;XO.LA32;XO.WD49;XO.WD54;XO.WD58;XO.WD60;XO.WD67;XO.WD69;XO.WD72
II.RAYN,18,5H.TIOE;II.UOSS;KW.MIB;MP.AMR2;MP.KAR2;MP.KUT1;MP.SAM2;XI.AFIF;XI.HALM;XI.RIYD;XI.SODA;XI.UQSK;XW.DAMT;XW.MAWI;XW.MUKA;XW.SAUM;XW.SIMA;XW.TAMU
DK.DBG,18,DK.ICESG;DK.KULLO;DK.NEEM;DK.NOR;DK.SCO;DK.SOEG;GE.DAG;GE.SUMG;IU.KBS;NO.JMIC;PL.HSPB;XF.NE1;XF.NE2;XF.NE3;XF.NE4;XF.NE5;XF.NE6;YM.KASE
GB.LRW,18,DK.MUD;EI.DSB;EI.IDGL;EI.IMAC;EI.IMAY;GB.DRUM;GB.GAL1;GB.GDLE;GB.HMNX;GB.LAWE;GB.LEWI;GB.WACR;UK.STED;WF.SPG;YB.IF01;Z7.FAG;ZR.N1312;ZR.N1317
LO.LOBA2,18,CM.SJC;CU.ANWB;CU.GRTK;CW.CAIB;CW.CCCC;CW.CHIV;CW.GNEO;CY.CBCY;JM.CVJB;TR.DLPL;VE.BAUV;YU.GJ03;YU.MD04;YU.NL02;YU.NL10;YU.SL09;ZC.HMDR;ZC.SODR
TM.PANO,18,CB.GYA;IC.QIZ;MM.KTN;MM.TGI;MM.YGN;RM.DLV;RM.SLV;TM.CHBT;TM.CMAI;TM.CRAI;TM.LOEI;TM.NAYO;TM.NONG;TM.PHRA;TM.PRAC;TM.SRDT;TM.SRIT;TM.UBPT
YS.PL46,18,YS.MRKH;YS.NGOK;YS.PL37;YS.PL38;YS.PL39;YS.PL40;YS.PL41;YS.PL43;YS.PL44;YS.PL45;YS.PL50;YS.PL57;YS.PL61;YS.PL67;YS.PL68;YS.PL69;YS.PL70;YS.PL71
8A.AROB,18,8A.AIAI;8A.BAHE;8A.GAMM;8A.KANO;8A.MALT;8A.OKAM;8A.OMUT;8A.OTJO;8A.SOLI;8A.WAND;AF.CVNA;AF.HVD;AF.SNKL;AF.UPI;ZT.CRAIL;ZT.DULL;ZT.NHAM;ZT.WTBG
C1.LL02,18,1P.CURI;1P.EIDA;1P.GUMN;1P.LVAN;1P.MAMA;1P.OHRS;1P.PMOR;3E.MEL15;C1.LL05;C1.LR04;C1.MG02;GT.PLCA;XM.ASB04;XM.ASB08;XM.ASB11;XM.ASB13;XM.ASB19;XM.ASB20
N4.R32B,18,6E.SB04;GS.DEC08;IM.TX02;KY.LLKY;N4.237B;N4.K43A;N4.L34B;N4.N41A;N4.P38B;N4.R40B;N4.Z38B;NM.SCMO;NM.WADM;US.AMTX;US.ECSD;US.MVCO;XR.FG01;ZW.AZCF
XE.SP18,18,IC.LSA;XE.ES03;XE.ES11;XE.ES18;XE.ES19;XE.ES28;XE.ES31;XF.H1210;XF.H1415;YA.MC02;YA.MC05;YA.MC08;YA.MC10;YA.MC12;YA.MC14;YA.MC16;YA.MC17;YA.MC21
XE.ES19,18,IC.LSA;XE.ES03;XE.ES11;XE.ES18;XE.ES28;XE.ES31;XE.SP18;XF.H1210;XF.H1415;YA.MC02;YA.MC05;YA.MC08;YA.MC10;YA.MC12;YA.MC14;YA.MC16;YA.MC17;YA.MC21
XO.WD58,18,AK.FALS;AK.GLB;AK.PPLA;AK.SPIA;AT.MID;AT.SVW2;XO.EP16;XO.EP23;XO.ET20;XO.KD02;XO.LA32;XO.LD42;XO.WD49;XO.WD54;XO.WD60;XO.WD67;XO.WD69;XO.WD72
OZ.CURRY,18,M8.MOGAR;M8.RUGBY;OZ.BOGA;OZ.DTMM;OZ.GRASY;OZ.MARG;OZ.MILD;OZ.MRAT;OZ.ROBE;OZ.ROWM;OZ.TOT;S1.AUDCS;S1.AUGRF;S1.AUHPC;S1.AUTAR;S1.AUTKS;S1.AUUHS;YW.MSWL3
ZC.HMDR,18,CU.ANWB;CU.GRTK;CW.CCCC;CW.CHIV;CW.GNEO;CY.CBCY;JM.CVJB;LO.LOBA2;PR.IMPR;PR.SNC1;TR.DLPL;VE.BAUV;WI.SLBI;YU.GJ03;YU.MD04;YU.NL02;YU.NL10;ZC.SODR
XV.SENA,18,6H.FUNH;6H.MASS;AF.BLWY;AF.KTWE;AF.TEZI;IU.LSZ;XK.Q05MJ;XK.Q07MR;XK.W02NB;XK.W10LW;XK.W12MB;XK.W15SS;XK.Z04NN;XK.Z09CG;XV.MMBE;XV.NAPU;XV.TETE;XV.VINA
WY.YHR,18,CC.YOCR;GS.KS24;I0.RD179;IE.BCYI;IE.IRCI;MB.HRY;NN.DIX;NN.RUB;NN.SLVR;TD.TD009;UO.RSBO;UO.TOMA;US.DGMT;US.ECSD;US.HAWA;US.MVCO;X4.LR13;X7.WA33
CA.CARA,18,1K.GIAN;1L.ST30;CA.CFAR;CA.CPAL;CH.FUORN;CH.SLE;G.CLF;G.SSB;GB.CCA1;GB.HMNX;GB.JSA;MN.BNI;MN.VSL;NL.HGN;PM.PESTR;PM.PFVI;WF.SPG;WM.UCM
JP.JTU,18,1U.SHRD;CB.DL2;CB.NJ2;CB.SNY;IC.SSE;JP.JGF;JP.JHJ2;JP.JHS;JP.JMM;JP.JMN;JP.JMZ;JP.JNU;JP.JOW;JP.JSD;JP.JSU;JP.JWT;KG.TJN;KS.SH2B
EC.TULM,18,3C.GS02;3C.NW09;3C.SL09;8G.EC17;CM.FLO2;CM.LCBC;CM.MAP;CM.RUS;CM.SJC;CM.TUM;EC.BOSC;EC.MCRA;EC.MILO;EC.PUYO;EC.SALI;OV.CCOL;YU.SL02;YU.SL09
GE.RGN,18,CH.FUORN;GE.HLG;GE.IBBN;GE.PSZ;GE.RUE;GE.TRTE;NL.HGN;XM.A106;YF.N6002;YF.N6017;YF.N6029;YG.CBP2J;YG.CBP4F;YG.CBP4N;YY.SN32;YY.SN34;YY.SW03;YY.SW05
TM.CMAI,18,CB.GYA;IN.SHL;MM.KTN;MM.NGU;MM.TGI;MM.YGN;RM.SLV;TM.CHBT;TM.CRAI;TM.LOEI;TM.NAYO;TM.NONG;TM.PANO;TM.PHRA;TM.PRAC;TM.SRDT;TM.UBPT;XR.BA07
ZC.SODR,18,CU.ANWB;CU.GRTK;CW.CAIB;CW.CCCC;CW.CHIV;CW.GNEO;CY.CBCY;JM.CVJB;JM.NMIA0;LO.LOBA2;PR.IMPR;PR.SNC1;TR.DLPL;YU.GJ03;YU.MD04;YU.NL10;ZC.HMDR;ZZ.XSJN
NZ.URZ,18,1U.PAE;1U.RUC;2P.RD10;6K.AVIO;6K.BRIO;7S.GORG;IU.RAO;Y3.CROE;YH.LOBS4;ZU.NZ04;ZU.NZ05;ZU.NZ12;ZU.NZ18;ZU.NZ21;ZU.NZ22;ZU.NZ24;ZU.NZ26;ZU.NZ29
GE.DAG,18,DK.DBG;DK.ICESG;DK.KULLO;DK.NEEM;DK.NOR;DK.SCO;DK.SOEG;GE.SUMG;IU.KBS;NO.JMIC;PL.HSPB;XF.NE1;XF.NE2;XF.NE3;XF.NE4;XF.NE5;XF.NE6;YV.HJO
1D.KIBB,18,1D.ATOL;1D.BREN;1D.ELSW;1D.FOWL;1D.PIG3;1D.ROTH;1D.WELC;AI.BELA;YT.DUFK;YT.HOWD;YT.MA06;YT.MA07;YT.MA09;YT.MECK;YT.RMBO;YT.STEW;YT.THRO;YT.THUR
CM.RUS,18,3C.GS02;3C.NW09;3C.SL09;8G.EC17;CM.FLO2;CM.LCBC;CM.MAP;CM.SJC;CM.TUM;EC.PUYO;EC.TULM;VE.BAUV;YU.GJ03;YU.MD04;YU.NL02;YU.NL10;YU.SL02;YU.SL09
KR.TRKS,18,II.AAK;II.NIL;KN.ULHL;KR.BTK;KR.SFK;KZ.MAKZ;KZ.OTUK;QZ.AKST;QZ.BRZS;QZ.CHM;QZ.TDK;QZ.ZHTS;TF.KHO;TJ.CHGR;TJ.GEZN;TJ.MURGB;TJ.SHAA;XV.SW060
CC.YOCR,18,I0.RD179;IE.BCYI;MB.HRY;NC.G005;NN.DIX;NN.RUB;NN.SLVR;NV.BACME;PB.B934;PQ.LHLYB;RV.KAKWA;TD.TD009;UO.LAIR;UO.RSBO;UO.TOMA;US.HAWA;WY.YHR;XP.TWRS
WF.SPG,18,CA.CARA;CH.SLE;DK.MUD;EI.DSB;EI.IDGL;EI.IMAC;EI.IMAY;G.SSB;GB.CCA1;GB.DRUM;GB.GAL1;GB.GDLE;GB.HMNX;GB.JSA;GB.LAWE;GB.LRW;GB.WACR;NL.HGN
XF.NE2,18,DK.ANGG;DK.DBG;DK.DY2G;DK.ICESG;DK.KULLO;DK.NEEM;DK.NOR;DK.SCO;DK.SOEG;GE.DAG;GE.SUMG;KP.UPNV;XF.NE1;XF.NE3;XF.NE4;XF.NE5;XF.NE6;YM.KASE
AF.POGA,18,AF.BLWY;AF.GRM;AF.HARE;AF.HVD;AF.MOPA;AF.PKA;AF.SNKL;AF.UPI;BX.KGCAE;BX.KHWEE;BX.LKGWB;BX.PHPEN;XK.B04KH;ZQ.AAM2;ZT.CRAIL;ZT.DULL;ZT.NHAM;ZT.WTBG
XV.MAJA,18,AF.SKRH;G.FOMA;XK.Q07MR;XV.AMPY;XV.ANLA;XV.ANTS;XV.BAND;XV.BANJ;XV.BITY;XV.DGOS;XV.LAHA;XV.MAHA;XV.MMBE;XV.NAPU;XV.SOLA;XV.VATO;XV.VINA;XV.ZOBE
CA.CPAL,18,1K.GIAN;1L.ST30;CA.CARA;CA.CFAR;CH.FUORN;CH.SLE;CZ.PRIC;G.CLF;G.SSB;GB.CCA1;GB.HMNX;GB.JSA;MN.BNI;MN.CLTB;MN.VSL;NL.HGN;PM.PESTR;WM.UCM
UO.LAIR,18,CC.YOCR;IE.BCYI;IE.IRCI;MB.HRY;NC.G005;NN.DIX;NN.RUB;NN.SLVR;NV.BACME;PB.B934;PQ.LHLYB;RE.BRBY3;UO.RSBO;UO.TOMA;US.HAWA;X4.LR13;X7.WA33;XP.TWRS
NR.NE80,18,CI.CIA;CI.PDM;IM.TX02;NR.NE74;NR.NE75;NR.NE78;NR.NE79;NR.NE81;NR.NE82;NR.NE83;US.AMTX;US.KNB;US.MVCO;XE.SNP22;XK.UT65;ZL.I02;ZL.N06;ZL.S05
XM.ANB18,18,C1.AC02;GT.CPUP;ON.TER01;ON.TIJ01;XM.ANB03;XM.ANB07;XM.ANB09;XM.ANB10;XM.ANB11;XM.ANB16;XM.ANB17;XM.ANB19;XM.ANB20;XM.ASB13;XM.ASB19;XM.ASB20;XM.ASB22;XM.CB22
AF.MONG,18,AF.BLWY;AF.KTWE;AF.LBB;AF.PWET;AF.TEZI;AF.WIN;IU.LSZ;XK.B04KH;XK.B07DX;XK.B17CI;XK.Z04NN;XK.Z09CG;ZP.KAMZ;ZP.KASM;ZP.KISH;ZP.MKUS;ZP.MPIK;ZP.MWEN
PO.MEDO,18,KY.LLKY;LD.FRNY;PO.ACTO;PO.LATQ;PO.MATQ;US.GLMI;WU.TOBO;X8.QM38;X8.QM58;X8.QM76;X8.QM90;XI.SC09;XI.SC10;XI.SC14;XO.LE17;XY.PACW;Z9.W315;ZS.W05
XR.MS05,17,IC.LSA;IN.SHL;IO.EVN;MM.KTN;MM.NGU;MM.SIM;MM.TGI;MM.YGN;RM.SLV;TM.CRAI;TM.LOEI;TM.NONG;TM.PHRA;TM.SRDT;XR.BA07;XR.MS02;XR.MS09
CW.SOR,17,9R.OBS16;CM.PRV;CW.CAIB;CW.CAMR;CW.CCCC;CW.CHIV;CW.GNEO;CY.CBCY;GI.AVPA;GI.PETF;JM.CVJB;JM.NMIA0;N4.060A;N4.257A;NU.BILN;NU.SIUN;YG.INC37
XI.SM37,17,4P.MBB03;KY.LLKY;NM.SCMO;PO.ACTO;US.DGMT;US.ECSD;US.GLMI;WU.TOBO;XI.SC04;XI.SC09;XI.SC10;XI.SC14;XI.SN44;XO.LE17;XO.MG05;ZL.N06M;ZL.N07A
XR.MS09,17,IC.LSA;IN.SHL;IO.EVN;MM.KTN;MM.NGU;MM.SIM;MM.TGI;MM.YGN;RM.SLV;TM.CRAI;TM.LOEI;TM.NONG;TM.PHRA;TM.SRDT;XR.BA07;XR.MS02;XR.MS05
YA.MC12,17,IC.LSA;IC.XAN;XE.ES03;XE.ES11;XE.ES18;XE.ES19;XE.ES28;XE.ES31;XE.SP18;YA.MC02;YA.MC05;YA.MC08;YA.MC10;YA.MC14;YA.MC16;YA.MC17;YA.MC21
XK.Z09CG,17,AF.BLWY;AF.KTWE;AF.MONG;AF.PWET;AF.TEZI;IU.LSZ;XK.Q05MJ;XK.Q07MR;XK.W02NB;XK.W10LW;XK.W12MB;XK.W15SS;XK.Z04NN;XV.NAPU;XV.SENA;XV.TETE;YQ.MATA
YT.AGO1,17,G.CCD;XH.DR02;XH.DR15;XH.DR16;XH.RS02;XH.RS06;XH.RS08;XH.RS15;XH.RS17;YT.BENN;YT.DEVL;YT.FALL;YT.HOWE;YT.MILR;YT.SIPL;YT.SURP;YT.SWEI
CZ.PRIC,17,CA.CPAL;CH.FUORN;CH.SLE;CZ.BEDC;CZ.MORC;CZ.TREC;DK.MUD;G.SSB;GB.GDLE;GB.HMNX;GB.JSA;GB.WACR;MN.DIVS;NL.HGN;PL.BEL;PL.KWP;PL.NIE
YS.PL57,17,YS.MRKH;YS.NGOK;YS.PL37;YS.PL41;YS.PL43;YS.PL44;YS.PL45;YS.PL46;YS.PL50;YS.PL59;YS.PL61;YS.PL62;YS.PL63;YS.PL67;YS.PL68;YS.PL69;YS.PL70
S1.AUPHS,17,M8.MOGAR;M8.RUGBY;OZ.AWOON;OZ.BOGA;OZ.DTMM;OZ.MILD;OZ.ROWM;OZ.TOT;S1.AUDCS;S1.AUGRF;S1.AUHPC;S1.AUMOU;S1.AUMUL;S1.AUTKS;S1.AUUHS;Y2.KKVN5;YW.MSWL3
ZD.FM09,17,II.NNA;TO.PE03;TO.PG01;TO.PG20;TO.PH20;YS.OLC5;YS.PARW;ZD.FM03;ZD.FM06;ZD.FN11;ZD.FS07;ZG.CB14;ZG.CB34;ZG.CP07;ZG.CP12;ZG.CP13;ZG.CP19
YT.ST14,17,YT.BENN;YT.CLRK;YT.FALL;YT.HOWD;YT.KOLR;YT.MPAT;YT.SILY;YT.SIPL;YT.ST01;YT.ST02;YT.ST04;YT.ST07;YT.ST10;YT.SURP;YT.UPTW;YT.WAIS;YT.WNDY
1G.NOP01,17,1G.WOP01;1G.WOP11;1G.WOP23;CB.DL2;CB.SNY;IC.HIA;IC.XAN;IU.ULN;YP.NE32;YP.NE57;YP.NE61;YP.NE66;YP.NE81;YP.NE83;YP.NEA3;YP.NEP5;YP.NEP7
1D.PIG3,17,1D.ATOL;1D.BREN;1D.ELSW;1D.FOWL;1D.KIBB;YT.BENN;YT.HOWD;YT.KOLR;YT.MA06;YT.MA07;YT.MA09;YT.MECK;YT.SILY;YT.STEW;YT.THUR;YT.UPTW;YT.WAIS
XM.ASB13,17,C1.AC02;C1.CO05;C1.LL02;C1.LL05;C1.LR04;C1.VA04;GT.PLCA;XM.ANB09;XM.ANB18;XM.ANB19;XM.ANB20;XM.ASB04;XM.ASB08;XM.ASB11;XM.ASB19;XM.ASB20;XM.ASB22
ZW.AZCF,17,EP.CHC4;GS.DEC08;IM.TX02;KY.LLKY;MX.HPIG;N4.237B;N4.L34B;N4.N41A;N4.P38B;N4.R32B;N4.R40B;N4.X48A;N4.Z38B;NM.SCMO;NM.WADM;US.AMTX;US.MVCO
O2.SC12,17,4O.GV01;7P.PC53;GS.DEC08;JW.BRR;KY.LLKY;MX.HPIG;NM.WADM;OK.HEWI;TX.435B;TX.BRDY;TX.DKNS;TX.ELG6;US.AMTX;US.ECSD;US.MVCO;Z7.LA01;ZZ.FWU17
ZV.GUNA,17,8B.402;8B.416;8B.430;IC.XAN;X4.A01;X4.D08;X4.D11;X4.D26;X4.H01;X4.H05;X4.H13;X4.H19;X4.H22;XO.JSO2;ZV.LORI;ZV.MAQU;ZV.XWAN
ZM.GM01,17,G.CCD;XD.PSP03;YT.DEVL;YT.MILR;YT.SURP;ZM.GM02;ZM.GM03;ZM.GM04;ZM.GM06;ZM.N140;ZM.N156;ZM.N173;ZM.N190;ZM.N215;ZM.P061;ZM.P080;ZM.P124
YT.ST10,17,YT.BENN;YT.CLRK;YT.FALL;YT.HOWD;YT.KOLR;YT.MPAT;YT.SILY;YT.SIPL;YT.ST01;YT.ST02;YT.ST04;YT.ST07;YT.ST14;YT.THUR;YT.UPTW;YT.WAIS;YT.WNDY
NR.NE215,17,8A.BAHE;8A.GAMM;8A.HAO;8A.KANO;8A.NEPA;8A.OKAM;8A.OMUT;8A.OTJO;8A.WEWE;AF.BLWY;AF.MOPA;AF.SNKL;AF.WIN;ZT.CRAIL;ZT.DULL;ZT.NHAM;ZT.WTBG
AP.PVFF,17,7P.PC53;BC.PIX;BC.TJX;CI.CIA;CI.PDM;IM.TX02;JW.BRR;MX.HPIG;NC.G005;NN.DIX;NN.RUB;NN.SLVR;PB.GUAX;RE.BRBY3;TX.DKNS;US.AMTX;US.MVCO
ZT.DULL,17,8A.AROB;8A.WAND;AF.BLWY;AF.HVD;AF.MOPA;AF.POGA;AF.SNKL;AF.UPI;BX.KGCAE;BX.KHWEE;BX.KOOLE;BX.LKGWB;BX.PHPEN;NR.NE215;ZT.CRAIL;ZT.NHAM;ZT.WTBG
S1.AUJCS,17,M8.MOGAR;M8.RUGBY;OZ.BOGA;OZ.DTMM;OZ.GRASY;OZ.HKER;OZ.MILD;OZ.MRAT;OZ.ROBE;OZ.ROWM;OZ.TOT;S1.AUAPY;S1.AUCAS;S1.AUDCS;S1.AUGRF;S1.AUHPC;S1.AUROX
YD.3D08,17,AC.VLO;CH.FUORN;GE.TIRR;HL.RDO;HT.AGG;IU.KIEV;MN.DIVS;MN.PDG;MN.VTS;PL.BEL;PL.KWP;PL.NIE;YD.3B13;YD.3D14;YD.3F11;YD.3H07;YD.6C04
XE.ES18,17,IC.LSA;IC.XAN;XE.ES03;XE.ES11;XE.ES19;XE.ES28;XE.ES31;XE.SP18;YA.MC02;YA.MC05;YA.MC08;YA.MC10;YA.MC12;YA.MC14;YA.MC16;YA.MC17;YA.MC21
XO.LA32,17,AK.FALS;AK.PPLA;AK.SPIA;AT.MID;AT.SVW2;XO.EP16;XO.EP23;XO.ET20;XO.KD02;XO.LD42;XO.WD49;XO.WD54;XO.WD58;XO.WD60;XO.WD67;XO.WD69;XO.WD72
YS.PL41,17,YS.MRKH;YS.NGOK;YS.PL37;YS.PL38;YS.PL39;YS.PL40;YS.PL43;YS.PL44;YS.PL45;YS.PL46;YS.PL50;YS.PL57;YS.PL67;YS.PL68;YS.PL69;YS.PL70;YS.PL71
XV.ZOBE,17,AF.SKRH;G.FOMA;MR.MRIV;XV.AMPY;XV.ANLA;XV.ANTS;XV.BAND;XV.BANJ;XV.BITY;XV.DGOS;XV.LAHA;XV.MAHA;XV.MAJA;XV.MMBE;XV.NAPU;XV.SOLA;XV.VINA
XF.NE3,17,DK.DBG;DK.DY2G;DK.ICESG;DK.KULLO;DK.NEEM;DK.NOR;DK.SCO;DK.SOEG;GE.DAG;GE.SUMG;KP.UPNV;XF.NE1;XF.NE2;XF.NE4;XF.NE5;XF.NE6;YM.KASE
NN.SLVR,17,AP.PVFF;CC.YOCR;CI.CIA;CI.PDM;IE.BCYI;IE.IRCI;JW.BRR;MB.HRY;NN.DIX;NN.RUB;PB.B934;RE.BRBY3;UO.LAIR;UO.RSBO;UO.TOMA;US.MVCO;WY.YHR
CU.GRTK,17,CU.ANWB;CW.CAIB;CW.CAMR;CW.CCCC;CW.CHIV;CY.CBCY;GS.SJPH;JM.CVJB;JM.NMIA0;LO.LOBA2;PR.IMPR;PR.SNC1;YU.GJ03;ZC.HMDR;ZC.SODR;ZU.GGIL;ZZ.XSJN
EI.DSB,17,DK.MUD;EI.IDGL;EI.IMAC;EI.IMAY;G.CLF;GB.CCA1;GB.DRUM;GB.GAL1;GB.GDLE;GB.HMNX;GB.JSA;GB.LAWE;GB.LEWI;GB.LRW;GB.WACR;NL.HGN;WF.SPG
YO.X01,17,7A.BDEG;IM.I51H3;LD.FRNY;N4.257A;N4.K50A;N4.P48A;N4.P51A;N4.R50A;N4.R53A;N4.V51A;XO.SOKY;XY.PACW;YO.D03;YO.X03;YO.X06;YO.X09;YO.X10
NR.NE81,17,CI.CIA;CI.PDM;IM.TX02;NR.NE74;NR.NE75;NR.NE78;NR.NE79;NR.NE80;NR.NE82;NR.NE83;US.AMTX;US.KNB;US.MVCO;XK.UT65;ZL.I02;ZL.N06;ZL.S05
YO.X10,17,7A.BDEG;IM.I51H3;N4.060A;N4.257A;N4.P48A;N4.P51A;N4.R50A;N4.R53A;N4.V51A;N4.X48A;XO.SOKY;XY.PACW;YO.D03;YO.X01;YO.X03;YO.X06;YO.X09
M8.RUGBY,17,M8.MOGAR;OZ.BOGA;OZ.CURRY;OZ.DTMM;OZ.GRASY;OZ.MARG;OZ.ROWM;OZ.TOT;S1.AUDCS;S1.AUGRF;S1.AUHPC;S1.AUJCS;S1.AUMOU;S1.AUPHS;S1.AUTAR;S1.AUTKS;S1.AUUHS
XF.NE4,17,DK.DBG;DK.ICESG;DK.KULLO;DK.NEEM;DK.NOR;DK.SCO;DK.SOEG;GE.DAG;GE.SUMG;KP.UPNV;NO.JMIC;XF.NE1;XF.NE2;XF.NE3;XF.NE5;XF.NE6;YM.KASE
QZ.BRZS,17,II.AAK;KR.SFK;KR.TRKS;KZ.AB06;KZ.MAKZ;KZ.OTUK;QZ.AKST;QZ.ALGA;QZ.CHM;QZ.SEM;QZ.TDK;QZ.USHN;QZ.ZHTS;QZ.ZSN;XV.NW140;XV.NW300;XV.SW060
YS.PARW,17,II.NNA;TO.PE03;TO.PG01;TO.PG20;TO.PH20;XP.LZAE;XP.PLTP;ZD.FM03;ZD.FM06;ZD.FM09;ZD.FN11;ZD.FS07;ZG.CB14;ZG.CB34;ZG.CP07;ZG.CP12;ZG.CP13
XV.ANLA,17,AF.SKRH;G.FOMA;MR.MRIV;XV.AMPY;XV.ANTS;XV.BAND;XV.BANJ;XV.BITY;XV.DGOS;XV.LAHA;XV.MAHA;XV.MAJA;XV.MMBE;XV.SOLA;XV.VATO;XV.VINA;XV.ZOBE
XM.ANB09,17,4Q.UT19;C1.AC02;C1.CO05;GT.CPUP;XM.ANB03;XM.ANB07;XM.ANB10;XM.ANB11;XM.ANB16;XM.ANB17;XM.ANB18;XM.ANB19;XM.ANB20;XM.ASB13;XM.ASB22;XM.CB01;XM.CB22
YA.MC17,17,IC.LSA;IC.XAN;XE.ES03;XE.ES11;XE.ES18;XE.ES19;XE.ES28;XE.ES31;XE.SP18;YA.MC02;YA.MC05;YA.MC08;YA.MC10;YA.MC12;YA.MC14;YA.MC16;YA.MC21
XO.WD69,17,AK.ATKA;AK.FALS;AK.SPIA;AT.MID;AT.SVW2;XO.EP16;XO.EP23;XO.ET20;XO.KD02;XO.LA32;XO.LD42;XO.WD49;XO.WD54;XO.WD58;XO.WD60;XO.WD67;XO.WD72
ZP.MPIK,17,6H.INCA;AF.KTWE;AF.LBB;AF.MONG;AF.PWET;AF.TEZI;IU.LSZ;YH.IFAK;YH.MOHO;YH.MTWA;YH.WALE;ZP.ISOK;ZP.KAMZ;ZP.KASM;ZP.KISH;ZP.MKUS;ZP.MWEN
OZ.MRAT,17,OZ.BOGA;OZ.CURRY;OZ.DTMM;OZ.GRASY;OZ.HKER;OZ.MARG;OZ.MILD;OZ.ROBE;OZ.ROWM;OZ.TOT;S1.AUAPY;S1.AUCAS;S1.AUDCS;S1.AUGRF;S1.AUHPC;S1.AUJCS;S1.AUROX
YS.PL71,17,YS.MRKH;YS.NGOK;YS.PL37;YS.PL38;YS.PL39;YS.PL40;YS.PL41;YS.PL45;YS.PL46;YS.PL50;YS.PL61;YS.PL62;YS.PL63;YS.PL67;YS.PL68;YS.PL69;YS.PL70
QZ.CHM,17,II.AAK;II.NIL;KR.BTK;KR.SFK;KR.TRKS;KZ.AB06;KZ.MAKZ;KZ.OTUK;QZ.AKST;QZ.BRZS;QZ.TDK;QZ.ZHTS;TF.KHO;TJ.CHGR;TJ.MURGB;XV.NW140;XV.SW060
YD.3D14,17,AC.VLO;CH.FUORN;GE.TIRR;HL.RDO;HT.AGG;IU.KIEV;MN.DIVS;MN.PDG;MN.VTS;PL.BEL;PL.KWP;PL.NIE;YD.3B13;YD.3D08;YD.3F11;YD.3H07;YD.6C04
YD.3H07,17,AC.VLO;CH.FUORN;GE.TIRR;HL.RDO;HT.AGG;IU.KIEV;MN.DIVS;MN.PDG;MN.VTS;PL.BEL;PL.KWP;PL.NIE;YD.3B13;YD.3D08;YD.3D14;YD.3F11;YD.6C04
DK.SCO,17,8F.VIGR;DK.ANGG;DK.DBG;DK.DY2G;DK.ICESG;DK.SOEG;GE.DAG;GE.SUMG;NO.JMIC;XF.NE1;XF.NE2;XF.NE3;XF.NE4;XF.NE5;XF.NE6;YM.KASE;Z7.FAG
YA.MC08,17,IC.LSA;IC.XAN;XE.ES03;XE.ES11;XE.ES18;XE.ES19;XE.ES28;XE.ES31;XE.SP18;YA.MC02;YA.MC05;YA.MC10;YA.MC12;YA.MC14;YA.MC16;YA.MC17;YA.MC21
XE.ES03,17,IC.LSA;XE.ES11;XE.ES18;XE.ES19;XE.ES28;XE.ES31;XE.SP18;XF.H1210;XF.H1415;YA.MC02;YA.MC05;YA.MC08;YA.MC10;YA.MC12;YA.MC14;YA.MC17;YA.MC21
ZG.CB14,17,IU.SAML;TO.PE03;TO.PG01;TO.PG20;TO.PH20;XP.LZAE;XP.PLTP;YS.OLC5;YS.PARW;ZD.FM06;ZD.FM09;ZD.FS07;ZG.CB34;ZG.CP07;ZG.CP12;ZG.CP13;ZG.CP19
CW.CHIV,17,9R.OBS16;CM.PRV;CU.GRTK;CW.CAIB;CW.CAMR;CW.CCCC;CW.GNEO;CW.SOR;CY.CBCY;JM.CVJB;LO.LOBA2;NU.BILN;PR.IMPR;YU.GJ03;YU.MD04;ZC.HMDR;ZC.SODR
YD.3F11,17,AC.VLO;CH.FUORN;GE.TIRR;HL.RDO;HT.AGG;IU.KIEV;MN.DIVS;MN.PDG;MN.VTS;PL.BEL;PL.KWP;PL.NIE;YD.3B13;YD.3D08;YD.3D14;YD.3H07;YD.6C04
ZM.N140,17,G.CCD;XD.PSP03;YT.DEVL;YT.MILR;YT.SURP;ZM.GM01;ZM.GM02;ZM.GM03;ZM.GM04;ZM.GM06;ZM.N156;ZM.N173;ZM.N190;ZM.N215;ZM.P061;ZM.P080;ZM.P124
YA.MC05,17,IC.LSA;IC.XAN;XE.ES03;XE.ES11;XE.ES18;XE.ES19;XE.ES28;XE.ES31;XE.SP18;YA.MC02;YA.MC08;YA.MC10;YA.MC12;YA.MC14;YA.MC16;YA.MC17;YA.MC21
GB.LAWE,17,DK.MUD;EI.DSB;EI.IDGL;EI.IMAC;EI.IMAY;G.CLF;GB.CCA1;GB.DRUM;GB.GAL1;GB.GDLE;GB.HMNX;GB.JSA;GB.LEWI;GB.LRW;GB.WACR;NL.HGN;WF.SPG
XE.ES28,17,IC.LSA;IC.XAN;XE.ES03;XE.ES11;XE.ES18;XE.ES19;XE.ES31;XE.SP18;YA.MC02;YA.MC05;YA.MC08;YA.MC10;YA.MC12;YA.MC14;YA.MC16;YA.MC17;YA.MC21
XV.BITY,17,AF.SKRH;G.FOMA;MR.MRIV;XV.AMPY;XV.ANLA;XV.ANTS;XV.BAND;XV.BANJ;XV.DGOS;XV.LAHA;XV.MAHA;XV.MAJA;XV.MMBE;XV.NAPU;XV.SOLA;XV.VINA;XV.ZOBE
TX.DKNS,17,4O.GV01;7P.PC53;AP.PVFF;GS.KS24;IM.TX02;JW.BRR;MX.HPIG;NM.WADM;O2.SC12;OK.HEWI;TX.435B;TX.BRDY;TX.ELG6;US.AMTX;US.MVCO;Z7.LA01;ZZ.FWU17
AF.CVNA,17,8A.AIAI;8A.AROB;8A.MALT;8A.SOLI;8A.WAND;AF.GRM;AF.HVD;AF.PKA;AF.SNKL;AF.UPI;AF.WIN;BX.KGCAE;BX.KOOLE;BX.LKGWB;BX.PHPEN;ZQ.AAM2;ZT.NHAM
TX.BRDY,17,4O.GV01;7P.PC53;GS.KS24;IM.TX02;JW.BRR;MX.HPIG;MX.ZAIG;NM.WADM;O2.SC12;OK.HEWI;TX.435B;TX.DKNS;TX.ELG6;US.AMTX;US.MVCO;Z7.LA01;ZZ.FWU17
NU.ESPN,17,CM.LCBC;CM.MAP;CM.PRV;CM.SJC;CY.CBCY;GI.AVPA;GI.PETF;IU.TEIG;JM.CVJB;JM.NMIA0;NU.BILN;NU.CSGN;NU.SIUN;OV.CCOL;TC.ICC3;TC.TRT1;ZB.B01
X8.QM38,17,LD.FRNY;N4.K50A;N4.R61A;PO.ACTO;PO.LATQ;PO.MATQ;PO.MEDO;US.GLMI;WU.TOBO;X8.QM58;X8.QM76;X8.QM90;X8.QMM5;XY.PACW;Y6.HOLY;Y6.MALY;ZN.DC34
TO.PH20,17,II.NNA;TO.PE03;TO.PG01;TO.PG20;XP.LZAE;XP.PLTP;YS.PARW;ZD.FM03;ZD.FM06;ZD.FM09;ZD.FN11;ZD.FS07;ZG.CB14;ZG.CB34;ZG.CP07;ZG.CP12;ZG.CP13
DK.NEEM,17,1E.CNF;1E.TQF;1E.WHI;DK.DBG;DK.ICESG;DK.KULLO;DK.NOR;GE.DAG;GE.SUMG;KP.UPNV;XF.NE1;XF.NE2;XF.NE3;XF.NE4;XF.NE5;XF.NE6;YM.KASE
KO.KARS,17,3K.NIKI;MP.AMR2;MP.DHK1;MP.KAR2;RU.ANN;RU.ERBR;RU.R27;RU.VSLR;XA.GP03;YB.AT06;YB.AT19;YB.AT39;YB.AT44;YB.AT49;YB.AT56;YB.AT63;YH.KO07
XK.W10LW,16,AF.BLWY;AF.KTWE;AF.PWET;AF.TEZI;IU.LSZ;XK.Q05MJ;XK.Q07MR;XK.W02NB;XK.W12MB;XK.W15SS;XK.Z04NN;XK.Z09CG;XV.NAPU;XV.SENA;XV.TETE;YQ.MATA
ZV.MAQU,16,8B.402;8B.416;8B.430;IC.XAN;X4.A01;X4.D08;X4.D11;X4.D26;X4.H01;X4.H05;X4.H13;X4.H19;X4.H22;XO.JSO2;ZV.GUNA;ZV.LORI
ZM.N156,16,G.CCD;XD.PSP03;YT.MILR;ZM.GM01;ZM.GM02;ZM.GM03;ZM.GM04;ZM.GM06;ZM.GM07;ZM.N140;ZM.N173;ZM.N190;ZM.N215;ZM.P061;ZM.P080;ZM.P124
AF.RUDU,16,A7.LUBAN;AF.BLWY;AF.WIN;BX.KGCAE;BX.KHWEE;BX.KOOLE;BX.LKGWB;BX.PHPEN;BX.XAUDM;Z1.Z01J;Z1.Z09L;Z1.Z16N;Z1.Z21G;Z1.Z34S;ZT.CRAIL;ZT.NHAM
RV.KAKWA,16,AK.V35K;CC.YOCR;I0.RD179;II.FFC;MB.HRY;NV.BACME;NY.TGTN;PQ.LHLYB;PQ.NAB2;PQ.NBC8;RV.ASHMA;RV.DEDWA;RV.SWHSA;TD.TD009;US.HAWA;YI.QCB01
S1.AUKAL,16,IM.H01W2;IM.I04H3;M8.AI45;M8.AM37;M8.AQ41;M8.AU41;M8.AU52;M8.AY41;M8.AY52;M8.MUKOZ;M8.TEFOZ;M8.WATNG;S1.AUALB;S1.AUBUS;S1.AUCAR;S1.AUMAZ
XE.ES31,16,IC.LSA;XE.ES03;XE.ES11;XE.ES18;XE.ES19;XE.ES28;XE.SP18;YA.MC02;YA.MC05;YA.MC08;YA.MC10;YA.MC12;YA.MC14;YA.MC16;YA.MC17;YA.MC21
NU.SIUN,16,6Q.FEC2;9R.OBS16;CM.LCBC;CM.PRV;CW.CAMR;CW.SOR;CY.CBCY;GI.AVPA;GI.HUBA;GI.PETF;JM.CVJB;NU.BILN;NU.CSGN;NU.ESPN;SV.RBDL;YG.INC37
XT.PNCH,16,VE.BAUV;VE.CAIV;VE.ELOV;VE.GUNV;VE.IMOV;VE.JACV;VE.LUEV;VE.PAYV;VE.RIOV;XT.ABPC;XT.B151;XT.CMPC;XT.MHTO;XT.MIPC;XT.RPPC2;XT.SOMB
XO.WD60,16,AK.FALS;AK.SPIA;AT.MID;AT.SVW2;XO.EP16;XO.EP23;XO.ET20;XO.KD02;XO.LA32;XO.LD42;XO.WD49;XO.WD54;XO.WD58;XO.WD67;XO.WD69;XO.WD72
TO.PG20,16,II.NNA;TO.PE03;TO.PG01;TO.PH20;YS.PARW;ZD.FM03;ZD.FM06;ZD.FM09;ZD.FN11;ZD.FS07;ZG.CB14;ZG.CB34;ZG.CP07;ZG.CP12;ZG.CP13;ZG.CP19
XT.CMPC,16,VE.BAUV;VE.CAIV;VE.ELOV;VE.GUNV;VE.IMOV;VE.JACV;VE.LUEV;VE.PAYV;VE.RIOV;XT.ABPC;XT.B151;XT.MHTO;XT.MIPC;XT.PNCH;XT.RPPC2;XT.SOMB
XI.SC14,16,LD.FRNY;NM.SCMO;PO.ACTO;PO.LATQ;PO.MATQ;PO.MEDO;US.ECSD;US.GLMI;WU.TOBO;X8.QM90;XI.SC04;XI.SC09;XI.SC10;XI.SM37;XI.SN44;XY.PACW
XT.SOMB,16,VE.BAUV;VE.CAIV;VE.ELOV;VE.GUNV;VE.IMOV;VE.JACV;VE.LUEV;VE.PAYV;VE.RIOV;XT.ABPC;XT.B151;XT.CMPC;XT.MHTO;XT.MIPC;XT.PNCH;XT.RPPC2
NO.JMIC,16,8F.VIGR;DK.DBG;DK.SCO;DK.SOEG;GE.DAG;GE.SUMG;IU.KBS;PL.HSPB;XF.NE1;XF.NE4;XF.NE5;Y1.N7001;YB.IF01;Z7.FAG;ZR.N1306;ZR.N1312
XT.ABPC,16,VE.BAUV;VE.CAIV;VE.ELOV;VE.GUNV;VE.IMOV;VE.JACV;VE.LUEV;VE.PAYV;VE.RIOV;XT.B151;XT.CMPC;XT.MHTO;XT.MIPC;XT.PNCH;XT.RPPC2;XT.SOMB
YU.MD04,16,CM.PRV;CM.RUS;CM.SJC;CW.CHIV;CW.GNEO;LO.LOBA2;OV.CCOL;TC.TRT1;VE.BAUV;YU.GJ03;YU.NL02;YU.NL10;YU.SL02;YU.SL09;ZC.HMDR;ZC.SODR
TO.PG01,16,II.NNA;TO.PE03;TO.PG20;TO.PH20;YS.PARW;ZD.FM03;ZD.FM06;ZD.FM09;ZD.FN11;ZD.FS07;ZG.CB14;ZG.CB34;ZG.CP07;ZG.CP12;ZG.CP13;ZG.CP19
X8.QM90,16,LD.FRNY;PO.ACTO;PO.LATQ;PO.MATQ;PO.MEDO;US.GLMI;WU.TOBO;X8.QM38;X8.QM58;X8.QM76;X8.QMM5;XI.SC04;XI.SC09;XI.SC10;XI.SC14;Y6.HOLY
XT.B151,16,VE.BAUV;VE.CAIV;VE.ELOV;VE.GUNV;VE.IMOV;VE.JACV;VE.LUEV;VE.PAYV;VE.RIOV;XT.ABPC;XT.CMPC;XT.MHTO;XT.MIPC;XT.PNCH;XT.RPPC2;XT.SOMB
BX.XAUDM,16,A7.LUBAN;AF.RUDU;AF.UPI;AF.WIN;BX.KGCAE;BX.KHWEE;BX.KOOLE;BX.LKGWB;BX.PHPEN;Z1.Z01J;Z1.Z16N;Z1.Z21G;Z1.Z34S;ZT.CRAIL;ZT.NHAM;ZT.WTBG
7C.MM30,16,7C.MM17;7C.MM26;7C.MM40;AK.FYU;AK.GLB;AK.PAX;AT.MID;NY.MAYO;NY.TGTN;NY.WGLY;PQ.NAB2;PQ.NBC3;PQ.NBC8;RV.DEDWA;XJ.SNOW;YG.GLN4
ZP.ISOK,16,6H.INCA;AF.KTWE;AF.LBB;AF.PWET;AF.TEZI;IU.LSZ;YH.IFAK;YH.MOHO;YH.MTWA;YH.WALE;ZP.KAMZ;ZP.KASM;ZP.KISH;ZP.MKUS;ZP.MPIK;ZP.MWEN
XM.ANB10,16,4Q.UT19;C1.AC02;C1.CO05;GT.CPUP;XM.ANB03;XM.ANB07;XM.ANB09;XM.ANB11;XM.ANB16;XM.ANB17;XM.ANB18;XM.ANB19;XM.ANB20;XM.ASB22;XM.CB01;XM.CB22
IN.SHL,16,IC.LSA;IO.EVN;K5.MONG;MM.KTN;MM.MDY;MM.NGU;MM.SIM;MM.TGI;MM.YGN;TM.CMAI;TM.CRAI;XR.BA07;XR.MS02;XR.MS05;XR.MS09;Z6.BRDL
YS.PL61,16,YS.MRKH;YS.NGOK;YS.PL37;YS.PL44;YS.PL45;YS.PL46;YS.PL50;YS.PL57;YS.PL59;YS.PL62;YS.PL63;YS.PL67;YS.PL68;YS.PL69;YS.PL70;YS.PL71
ZP.KASM,16,AF.KTWE;AF.LBB;AF.MONG;AF.PWET;AF.TEZI;IU.LSZ;YH.IFAK;YH.MOHO;YH.MTWA;YH.WALE;ZP.ISOK;ZP.KAMZ;ZP.KISH;ZP.MKUS;ZP.MPIK;ZP.MWEN
C8.FORQ,16,7K.AN4;7O.ABNH;C8.PCAQ;LD.FRNY;N4.E62A;N4.G65A;PE.PAKC;PE.PBL2;PE.PSSK;PO.LATQ;PO.MATQ;PO.NANL;PO.NWRL;WU.TOBO;X8.COSY;YM.MHCG
OZ.MARG,16,M8.MOGAR;M8.RUGBY;OZ.BOGA;OZ.CURRY;OZ.DTMM;OZ.GRASY;OZ.MILD;OZ.MRAT;OZ.ROBE;OZ.ROWM;OZ.TOT;S1.AUGRF;S1.AUHPC;S1.AUTAR;S1.AUTKS;S1.AUUHS
YA.MC16,16,IC.QIZ;IC.XAN;XE.ES11;XE.ES18;XE.ES19;XE.ES28;XE.ES31;XE.SP18;YA.MC02;YA.MC05;YA.MC08;YA.MC10;YA.MC12;YA.MC14;YA.MC17;YA.MC21
XT.MHTO,16,VE.BAUV;VE.CAIV;VE.ELOV;VE.GUNV;VE.IMOV;VE.JACV;VE.LUEV;VE.PAYV;VE.RIOV;XT.ABPC;XT.B151;XT.CMPC;XT.MIPC;XT.PNCH;XT.RPPC2;XT.SOMB
CW.CCCC,16,9R.OBS16;CM.PRV;CU.GRTK;CW.CAIB;CW.CAMR;CW.CHIV;CW.SOR;CY.CBCY;JM.CVJB;JM.NMIA0;LO.LOBA2;N4.060A;NU.BILN;PR.IMPR;ZC.HMDR;ZC.SODR
YS.PL39,16,YS.MRKH;YS.NGOK;YS.PL37;YS.PL38;YS.PL40;YS.PL41;YS.PL43;YS.PL44;YS.PL45;YS.PL46;YS.PL50;YS.PL67;YS.PL68;YS.PL69;YS.PL70;YS.PL71
HT.LKD,16,GE.APE;GE.PSZ;GE.TIRR;GE.ZKR;MN.DIVS;MN.VSL;MN.VTS;MN.WDD;XS.S009;XS.S037;XS.S040;YG.CBP2J;YG.CBP4F;YG.CBP4N;YI.BARR;YI.GROG
M8.AY41,16,M8.AI45;M8.AM37;M8.AQ41;M8.AU41;M8.AU52;M8.AY52;M8.MUKOZ;M8.TEFOZ;M8.WATNG;S1.AUALB;S1.AUAPY;S1.AUBUS;S1.AUCAR;S1.AUKAL;S1.AUKAR;S1.AUMAZ
I0.RD179,16,CC.YOCR;IE.BCYI;IE.IRCI;II.FFC;MB.HRY;NV.BACME;PQ.LHLYB;PQ.NBC8;RV.ASHMA;RV.DEDWA;RV.KAKWA;RV.SWHSA;TD.TD009;UO.RSBO;US.DGMT;WY.YHR
XM.ANB11,16,C1.AC02;C1.CO05;GT.CPUP;XM.ANB03;XM.ANB07;XM.ANB09;XM.ANB10;XM.ANB16;XM.ANB17;XM.ANB18;XM.ANB19;XM.ANB20;XM.ASB20;XM.ASB22;XM.CB01;XM.CB22
JM.CVJB,16,CM.LCBC;CM.PRV;CM.SJC;CU.GRTK;CW.CAIB;CW.CAMR;CW.CCCC;CW.CHIV;CW.SOR;CY.CBCY;LO.LOBA2;NU.BILN;NU.ESPN;NU.SIUN;ZC.HMDR;ZC.SODR
BX.KOOLE,16,AF.BLWY;AF.CVNA;AF.HVD;AF.RUDU;AF.SNKL;AF.UPI;AF.WIN;BX.KGCAE;BX.KHWEE;BX.LKGWB;BX.PHPEN;BX.XAUDM;ZT.CRAIL;ZT.DULL;ZT.NHAM;ZT.WTBG
GE.MAHO,16,CH.FUORN;G.SSB;GE.CART;GE.MELI;GE.MTE;MN.BNI;MN.CLTB;MN.VSL;MN.WDD;YD.GROM;YD.MMNN;YF.DUOK;YF.HVAR;YI.BARR;YI.BOB;YI.GROG
8A.BAHE,16,8A.AIAI;8A.AROB;8A.GAMM;8A.HAO;8A.KANO;8A.MALT;8A.NEPA;8A.OKAM;8A.OMUT;8A.OTJO;8A.SOLI;8A.WAND;8A.WEWE;AF.UPI;AF.WIN;NR.NE215
XK.W12MB,16,AF.BLWY;AF.KTWE;AF.PWET;AF.TEZI;IU.LSZ;XK.Q05MJ;XK.Q07MR;XK.W02NB;XK.W10LW;XK.W15SS;XK.Z04NN;XK.Z09CG;XV.NAPU;XV.SENA;XV.TETE;YQ.MATA
XV.MAHA,16,AF.SKRH;G.FOMA;MR.MRIV;XV.AMPY;XV.ANLA;XV.ANTS;XV.BAND;XV.BANJ;XV.BITY;XV.LAHA;XV.MAJA;XV.MMBE;XV.SOLA;XV.VATO;XV.VINA;XV.ZOBE
OZ.HKER,16,OZ.BOGA;OZ.DTMM;OZ.GRASY;OZ.MILD;OZ.MRAT;OZ.ROBE;OZ.ROWM;OZ.TOT;S1.AUALC;S1.AUAPY;S1.AUCAS;S1.AUDCS;S1.AUGRF;S1.AUHPC;S1.AUJCS;S1.AUROX
NU.CSGN,16,6Q.FEC2;9R.OBS16;CM.PRV;GI.AVPA;GI.HUBA;GI.PETF;IU.TEIG;NU.BILN;NU.ESPN;NU.SIUN;OV.CCOL;SV.RBDL;TC.ICC3;TC.TRT1;YG.INC37;ZB.B01
JP.JHS,16,1U.SHRD;CB.DL2;JP.JGF;JP.JHJ2;JP.JMM;JP.JMN;JP.JMZ;JP.JNU;JP.JOW;JP.JSD;JP.JSU;JP.JTM;JP.JTU;JP.JWT;KG.TJN;KS.SH2B
BX.KHWEE,16,AF.HVD;AF.MOPA;AF.POGA;AF.RUDU;AF.SNKL;AF.UPI;AF.WIN;BX.KGCAE;BX.KOOLE;BX.LKGWB;BX.PHPEN;BX.XAUDM;ZT.CRAIL;ZT.DULL;ZT.NHAM;ZT.WTBG
1D.ELSW,16,1D.ATOL;1D.BREN;1D.FOWL;1D.KIBB;1D.PIG3;1D.WELC;YT.DUFK;YT.HOWD;YT.KOLR;YT.MECK;YT.RMBO;YT.SILY;YT.STEW;YT.THUR;YT.UPTW;YT.WAIS
KR.BTK,16,CK.MNAS;II.AAK;II.NIL;KN.ULHL;KR.SFK;KR.TRKS;KZ.OTUK;QZ.AKST;QZ.CHM;QZ.TDK;QZ.ZHTS;TF.KHO;TJ.CHGR;TJ.GEZN;TJ.MURGB;TJ.SHAA
YS.PL40,16,YS.MRKH;YS.NGOK;YS.PL37;YS.PL38;YS.PL39;YS.PL41;YS.PL43;YS.PL44;YS.PL45;YS.PL46;YS.PL50;YS.PL67;YS.PL68;YS.PL69;YS.PL70;YS.PL71
XA.SA38,16,XA.SA01;XA.SA03;XA.SA04;XA.SA10;XA.SA18;XA.SA20;XA.SA26;XA.SA29;XA.SA35;XA.SA60;XA.SA64;XA.SA71;XA.SA73;XA.SA76;XA.SA80;XA.SA81
NI.ZOU2,16,AC.VLO;CH.FUORN;CH.SLE;G.CLF;G.SSB;GB.HMNX;MN.BNI;MN.CLTB;MN.DIVS;MN.PDG;MN.VSL;MN.VTS;NL.HGN;PL.BEL;PL.KWP;PL.NIE
C1.LL05,16,1P.EIDA;1P.GUMN;1P.LVAN;1P.OHRS;1P.PMOR;3E.MEL15;C1.LL02;C1.LR04;C1.VA04;GT.PLCA;XM.ASB04;XM.ASB08;XM.ASB11;XM.ASB13;XM.ASB20;XM.ASB22
YA.MC21,16,IC.LSA;XE.ES03;XE.ES11;XE.ES18;XE.ES19;XE.ES28;XE.ES31;XE.SP18;YA.MC02;YA.MC05;YA.MC08;YA.MC10;YA.MC12;YA.MC14;YA.MC16;YA.MC17
XK.W02NB,16,AF.BLWY;AF.KTWE;AF.PWET;AF.TEZI;IU.LSZ;XK.Q05MJ;XK.Q07MR;XK.W10LW;XK.W12MB;XK.W15SS;XK.Z04NN;XK.Z09CG;XV.NAPU;XV.SENA;XV.TETE;YQ.MATA
8A.OTJO,16,8A.AIAI;8A.AROB;8A.BAHE;8A.GAMM;8A.HAO;8A.KANO;8A.MALT;8A.NEPA;8A.OKAM;8A.OMUT;8A.SOLI;8A.WAND;8A.WEWE;AF.UPI;AF.WIN;NR.NE215
DK.DY2G,16,9D.KNS;DK.ANGG;DK.ICESG;DK.KULLO;DK.NRS;DK.SCO;DK.SOEG;G.IVI;GE.SUMG;GG.SE1;KP.UPNV;XF.NE1;XF.NE2;XF.NE3;XF.NE5;YM.KASE
XO.WD67,16,AK.ATKA;AK.FALS;AK.SPIA;AT.SVW2;XO.EP16;XO.EP23;XO.ET20;XO.KD02;XO.LA32;XO.LD42;XO.WD49;XO.WD54;XO.WD58;XO.WD60;XO.WD69;XO.WD72
YA.MC02,16,IC.XAN;XE.ES03;XE.ES11;XE.ES18;XE.ES19;XE.ES28;XE.ES31;XE.SP18;YA.MC05;YA.MC08;YA.MC10;YA.MC12;YA.MC14;YA.MC16;YA.MC17;YA.MC21
YM.KASE,16,DK.ANGG;DK.DBG;DK.DY2G;DK.ICESG;DK.KULLO;DK.NEEM;DK.SCO;DK.SOEG;GE.SUMG;KP.UPNV;XF.NE1;XF.NE2;XF.NE3;XF.NE4;XF.NE5;XF.NE6
YA.MC14,16,IC.LSA;XE.ES03;XE.ES11;XE.ES18;XE.ES19;XE.ES28;XE.ES31;XE.SP18;YA.MC02;YA.MC05;YA.MC08;YA.MC10;YA.MC12;YA.MC16;YA.MC17;YA.MC21
DK.ANGG,16,8F.VIGR;9D.KNS;DK.DY2G;DK.ICESG;DK.NRS;DK.SCO;DK.SOEG;G.IVI;GE.SUMG;GG.SE1;KP.UPNV;XF.NE1;XF.NE2;XF.NE5;YM.KASE;Z7.FAG
XK.W15SS,16,AF.BLWY;AF.KTWE;AF.PWET;AF.TEZI;IU.LSZ;XK.Q05MJ;XK.Q07MR;XK.W02NB;XK.W10LW;XK.W12MB;XK.Z04NN;XK.Z09CG;XV.NAPU;XV.SENA;XV.TETE;YQ.MATA
YW.MSWL3,16,M8.MOGAR;OZ.AWOON;OZ.BOGA;OZ.CURRY;OZ.DTMM;OZ.GRASY;OZ.MILD;OZ.ROWM;OZ.TOT;S1.AUDCS;S1.AUGRF;S1.AUHPC;S1.AUMOU;S1.AUPHS;S1.AUTKS;S1.AUUHS
ZM.GM03,16,G.CCD;XD.PSP03;YT.MILR;ZM.GM01;ZM.GM02;ZM.GM04;ZM.GM06;ZM.GM07;ZM.N140;ZM.N156;ZM.N173;ZM.N190;ZM.N215;ZM.P061;ZM.P080;ZM.P124
YS.PL38,16,YS.MRKH;YS.NGOK;YS.PL37;YS.PL39;YS.PL40;YS.PL41;YS.PL43;YS.PL45;YS.PL46;YS.PL50;YS.PL63;YS.PL67;YS.PL68;YS.PL69;YS.PL70;YS.PL71
YA.MC10,16,IC.XAN;XE.ES03;XE.ES11;XE.ES18;XE.ES19;XE.ES28;XE.ES31;XE.SP18;YA.MC02;YA.MC05;YA.MC08;YA.MC12;YA.MC14;YA.MC16;YA.MC17;YA.MC21
XV.BAND,16,AF.SKRH;G.FOMA;XV.AMPY;XV.ANLA;XV.ANTS;XV.BANJ;XV.BITY;XV.DGOS;XV.LAHA;XV.MAHA;XV.MAJA;XV.MMBE;XV.NAPU;XV.SOLA;XV.VINA;XV.ZOBE
XM.ANB07,15,4Q.UT19;C1.AC02;C1.CO05;GT.CPUP;XM.ANB03;XM.ANB09;XM.ANB10;XM.ANB11;XM.ANB16;XM.ANB17;XM.ANB18;XM.ANB19;XM.ANB20;XM.CB01;XM.CB22
XT.MIPC,15,VE.BAUV;VE.CAIV;VE.ELOV;VE.GUNV;VE.IMOV;VE.JACV;VE.LUEV;VE.PAYV;VE.RIOV;XT.ABPC;XT.B151;XT.CMPC;XT.MHTO;XT.PNCH;XT.SOMB
VE.GUNV,15,VE.BAUV;VE.CAIV;VE.ELOV;VE.IMOV;VE.JACV;VE.LUEV;VE.PAYV;VE.RIOV;XT.ABPC;XT.B151;XT.CMPC;XT.MHTO;XT.MIPC;XT.PNCH;XT.SOMB
3D.MM15,15,3D.MM05;IU.MACI;MN.RTC;PM.PESTR;PM.PFVI;PM.PMOZ;XB.PM04;XB.PM18;XB.PM25;XB.PM35;XB.PS16;XB.PS37;XB.PS57;ZI.MB16;ZI.MB19
VE.RIOV,15,VE.BAUV;VE.CAIV;VE.ELOV;VE.GUNV;VE.IMOV;VE.JACV;VE.LUEV;VE.PAYV;XT.ABPC;XT.B151;XT.CMPC;XT.MHTO;XT.MIPC;XT.PNCH;XT.SOMB
MM.MDY,15,IC.LSA;IN.SHL;K5.MONG;MM.KTN;MM.NGU;MM.SIM;MM.TGI;MM.YGN;RM.SLV;TM.CRAI;TM.LOEI;TM.NAYO;TM.NONG;TM.PHRA;TM.SRDT
YU.GJ03,15,CM.PRV;CM.RUS;CM.SJC;CU.GRTK;CW.CHIV;CW.GNEO;LO.LOBA2;VE.BAUV;YU.MD04;YU.NL02;YU.NL10;YU.SL02;YU.SL09;ZC.HMDR;ZC.SODR
XR.FG01,15,GS.DEC08;IM.TX02;KY.LLKY;N4.237B;N4.L34B;N4.N41A;N4.P38B;N4.R32B;N4.R40B;N4.X48A;N4.Z38B;NM.WADM;US.AMTX;US.ECSD;US.MVCO
UO.TOMA,15,CC.YOCR;CI.CIA;IE.BCYI;IE.IRCI;MB.HRY;NN.DIX;NN.RUB;NN.SLVR;NV.BACME;PB.B934;PQ.LHLYB;RE.BRBY3;UO.LAIR;UO.RSBO;WY.YHR
ZP.KISH,15,6H.INCA;AF.KTWE;AF.LBB;AF.MONG;AF.PWET;AF.TEZI;IU.LSZ;YH.IFAK;YH.WALE;ZP.ISOK;ZP.KAMZ;ZP.KASM;ZP.MKUS;ZP.MPIK;ZP.MWEN
XI.SN44,15,4P.MBB03;II.FFC;NM.SCMO;PO.ACTO;US.DGMT;US.ECSD;US.GLMI;WU.TOBO;XI.SC04;XI.SC09;XI.SC10;XI.SC14;XI.SM37;XO.LE17;XO.MG05
YR.ED15,15,AC.VLO;CH.FUORN;CH.SLE;G.CLF;G.SSB;HL.RDO;HT.AGG;MN.BNI;MN.CLTB;MN.DIVS;MN.VSL;MN.VTS;NL.HGN;PL.KWP;PL.NIE
XS.S037,15,GE.APE;GE.PSZ;GE.TIRR;GE.ZKR;HT.LKD;MN.CLTB;MN.DIVS;MN.VTS;MN.WDD;XS.S009;XS.S040;YG.CBP2J;YG.CBP4N;YL.ARSL;YL.BEKI
JP.JOW,15,CB.NJ2;IC.SSE;IU.TATO;JP.JHS;JP.JMJ2;JP.JMN;JP.JMZ;JP.JNU;JP.JSU;JP.JTU;KG.TJN;TW.KMNB;YM.12;YM.37;YM.39
YS.PL63,15,YS.MRKH;YS.NGOK;YS.PL37;YS.PL38;YS.PL45;YS.PL50;YS.PL57;YS.PL59;YS.PL61;YS.PL62;YS.PL67;YS.PL68;YS.PL69;YS.PL70;YS.PL71
Z9.E31,15,GS.DEC08;KY.LLKY;N4.060A;N4.257A;N4.X48A;NM.SCMO;NM.WADM;XO.LE17;XO.MG05;XO.SOKY;XY.PACW;Z9.E07;Z9.W14;Z9.W315;ZL.N07A
X8.QM58,15,LD.FRNY;N4.K50A;PO.ACTO;PO.LATQ;PO.MATQ;PO.MEDO;US.GLMI;WU.TOBO;X8.QM38;X8.QM76;X8.QM90;X8.QMM5;XY.PACW;Y6.HOLY;Y6.MALY
S1.AUMAZ,15,IM.H01W2;IM.I04H3;M8.AI45;M8.AM37;M8.AQ41;M8.AU41;M8.AU52;M8.AY41;M8.AY52;M8.MUKOZ;M8.WATNG;S1.AUALB;S1.AUBUS;S1.AUCAR;S1.AUKAL
VE.ELOV,15,VE.BAUV;VE.CAIV;VE.GUNV;VE.IMOV;VE.JACV;VE.LUEV;VE.PAYV;VE.RIOV;XT.ABPC;XT.B151;XT.CMPC;XT.MHTO;XT.MIPC;XT.PNCH;XT.SOMB
NR.NE83,15,IM.TX02;NR.NE74;NR.NE75;NR.NE78;NR.NE79;NR.NE80;NR.NE81;NR.NE82;TO.MULU;XF.MA28;XF.MA36;XF.MA40;ZL.I02;ZL.N06;ZL.S05
M8.AU41,15,M8.AI45;M8.AM37;M8.AQ41;M8.AU52;M8.AY41;M8.AY52;M8.MUKOZ;M8.TEFOZ;M8.WATNG;S1.AUALB;S1.AUBUS;S1.AUCAR;S1.AUKAL;S1.AUKAR;S1.AUMAZ
KG.TJN,15,1U.SHRD;CB.DL2;CB.NJ2;CB.SNY;IC.SSE;JP.JGF;JP.JHS;JP.JMN;JP.JNU;JP.JOW;JP.JSD;JP.JSU;JP.JTU;JP.JWT;KS.SH2B
XV.LAHA,15,AF.SKRH;MR.MRIV;XV.ANLA;XV.ANTS;XV.BAND;XV.BANJ;XV.BITY;XV.DGOS;XV.MAHA;XV.MAJA;XV.MMBE;XV.SOLA;XV.VATO;XV.VINA;XV.ZOBE
VE.CAIV,15,VE.BAUV;VE.ELOV;VE.GUNV;VE.IMOV;VE.JACV;VE.LUEV;VE.PAYV;VE.RIOV;XT.ABPC;XT.B151;XT.CMPC;XT.MHTO;XT.MIPC;XT.PNCH;XT.SOMB
IU.TRQA,15,3A.L107;3A.L201;C.COCH;GT.PLCA;XH.ESP03;XY.U06B;XY.U54B;XY.U72B;YC.HEDI;YC.HUER;Z4.CP02;ZL.BARR;ZL.CHUM;ZL.COLO;ZL.NOQE
ZM.P080,15,XD.PSP03;YT.MILR;ZM.GM01;ZM.GM02;ZM.GM03;ZM.GM04;ZM.GM06;ZM.GM07;ZM.N140;ZM.N156;ZM.N173;ZM.N190;ZM.N215;ZM.P061;ZM.P124
XV.ANTS,15,AF.SKRH;XV.ANLA;XV.BAND;XV.BANJ;XV.BITY;XV.DGOS;XV.LAHA;XV.MAHA;XV.MAJA;XV.MMBE;XV.NAPU;XV.SOLA;XV.VATO;XV.VINA;XV.ZOBE
XO.LE17,15,KY.LLKY;NM.SCMO;PO.ACTO;PO.MEDO;US.ECSD;US.GLMI;WU.TOBO;XI.SM37;XI.SN44;XO.MG05;XY.PACW;Z9.E07;Z9.E31;Z9.W14;Z9.W315
XM.ASB04,15,C1.AC02;C1.CO05;C1.LL02;C1.LL05;C1.LR04;C1.VA04;GT.PLCA;XM.ANB19;XM.ANB20;XM.ASB08;XM.ASB11;XM.ASB13;XM.ASB19;XM.ASB20;XM.ASB22
XB.PS57,15,3D.MM05;3D.MM15;MN.RTC;PM.PESTR;PM.PFVI;TT.TAMR;TT.THTN;XB.PM04;XB.PM18;XB.PM25;XB.PM35;XB.PS16;XB.PS37;ZI.MB16;ZI.MB19
XK.Q07MR,15,AF.KTWE;IU.LSZ;XK.Q05MJ;XK.W02NB;XK.W10LW;XK.W12MB;XK.W15SS;XK.Z04NN;XK.Z09CG;XV.MAJA;XV.NAPU;XV.SENA;XV.TETE;XV.VINA;YQ.MATA
8A.AIAI,15,8A.AROB;8A.BAHE;8A.GAMM;8A.KANO;8A.MALT;8A.OKAM;8A.OMUT;8A.OTJO;8A.SOLI;8A.WAND;AF.CVNA;AF.HVD;AF.SNKL;AF.UPI;ZT.NHAM
CA.CFAR,15,1K.GIAN;1L.ST30;CA.CARA;CA.CPAL;CH.FUORN;CH.SLE;G.CLF;G.SSB;GB.JSA;MN.BNI;MN.RTC;MN.VSL;PM.PESTR;PM.PFVI;WM.UCM
M8.AM37,15,M8.AI45;M8.AU41;M8.AU52;M8.AY41;M8.AY52;M8.MUKOZ;M8.TEFOZ;M8.WATNG;S1.AUALB;S1.AUBRM;S1.AUBUS;S1.AUCAR;S1.AUKAL;S1.AUKAR;S1.AUMAZ
Z8.310,15,1A.NE00;1A.NE26;1A.NE48;IC.SSE;IC.XAN;X4.GS01;X4.GS09;X4.GS12;X4.GS18;XG.SQUAN;Z8.320;Z8.341;Z8.356;Z8.365;Z8.373
M8.AI45,15,M8.AM37;M8.AQ41;M8.AU41;M8.AU52;M8.AY41;M8.AY52;M8.MUKOZ;M8.TEFOZ;M8.WATNG;S1.AUALB;S1.AUBUS;S1.AUCAR;S1.AUKAL;S1.AUKAR;S1.AUMAZ
JP.JSU,15,CB.NJ2;IC.SSE;JP.JGF;JP.JHJ2;JP.JHS;JP.JMJ2;JP.JMN;JP.JMZ;JP.JNU;JP.JOW;JP.JSD;JP.JTU;JP.JWT;KG.TJN;KS.SH2B
XM.A106,15,CH.FUORN;G.SSB;GE.HLG;GE.IBBN;GE.PSZ;GE.RGN;GE.RUE;MN.BNI;MN.DIVS;MN.VSL;MN.VTS;NL.HGN;YI.BARR;YI.BOB;YI.GROG
S1.AUBUS,15,IM.H01W2;IM.I04H3;M8.AI45;M8.AM37;M8.AQ41;M8.AU41;M8.AU52;M8.AY41;M8.AY52;M8.MUKOZ;M8.WATNG;S1.AUALB;S1.AUCAR;S1.AUKAL;S1.AUMAZ
JP.JMN,15,1U.SHRD;JP.JGF;JP.JHJ2;JP.JHS;JP.JMM;JP.JMZ;JP.JNU;JP.JOW;JP.JSD;JP.JSU;JP.JTM;JP.JTU;JP.JWT;KG.TJN;KS.SH2B
XO.MG05,15,4P.MBB03;KY.LLKY;NM.SCMO;US.AMTX;US.ECSD;US.GLMI;XI.SM37;XI.SN44;XO.LE17;Z9.E07;Z9.E31;Z9.W14;Z9.W315;ZL.N06M;ZL.N07A
MY.KUM,15,MY.KOM;TM.CHBT;TM.NAYO;TM.PRAC;TM.SKLT;TM.SRDT;TM.SRIT;ZB.L10S;ZB.LAIS;ZB.LUNG;ZB.N60B;ZB.PPNG;ZB.PUTR;ZB.TIKU;ZB.Y30S
YB.AT49,15,GE.TIRR;HL.ARG;HL.RDO;HT.AGG;KO.DKL;KO.ELL;KO.KARS;MN.VTS;YB.AT06;YB.AT19;YB.AT39;YB.AT44;YB.AT56;YB.AT63;YH.KO07
CZ.TREC,15,AC.VLO;CH.FUORN;CH.SLE;CZ.BEDC;CZ.MORC;CZ.PRIC;DK.MUD;G.SSB;GB.HMNX;GB.WACR;MN.DIVS;NL.HGN;PL.BEL;PL.KWP;PL.NIE
TX.435B,15,4O.GV01;7P.PC53;JW.BRR;KY.LLKY;MX.HPIG;MX.ZAIG;NM.WADM;O2.SC12;OK.HEWI;TX.BRDY;TX.DKNS;TX.ELG6;US.AMTX;Z7.LA01;ZZ.FWU17
YO.D03,15,7A.BDEG;IM.I51H3;N4.060A;N4.257A;N4.P51A;N4.R50A;N4.R53A;N4.V51A;XO.SOKY;XY.PACW;YO.X01;YO.X03;YO.X06;YO.X09;YO.X10
YB.AT63,15,GE.TIRR;HL.ARG;HL.RDO;HT.AGG;KO.DKL;KO.ELL;KO.KARS;MN.VTS;YB.AT06;YB.AT19;YB.AT39;YB.AT44;YB.AT49;YB.AT56;YH.KO07
NR.NE82,15,CI.PDM;IM.TX02;NR.NE74;NR.NE75;NR.NE78;NR.NE79;NR.NE80;NR.NE81;NR.NE83;XF.MA28;XF.MA36;XF.MA40;ZL.I02;ZL.N06;ZL.S05
VE.JACV,15,VE.BAUV;VE.CAIV;VE.ELOV;VE.GUNV;VE.IMOV;VE.LUEV;VE.PAYV;VE.RIOV;XT.ABPC;XT.B151;XT.CMPC;XT.MHTO;XT.MIPC;XT.PNCH;XT.SOMB
HV.ANDI,15,3J.OBS01;3J.OBS04;3J.OBS10;3J.OBS11;3J.OBS13;3J.OBS17;3J.OBS19;3J.OBS23;3J.OBS26;3J.OBS28;3J.OBS30;G.FUTU;MH.P0006;MH.P0009;MH.P0010
XM.ASB20,15,C1.CO05;C1.LL02;C1.LL05;C1.LR04;GT.PLCA;XM.ANB11;XM.ANB18;XM.ANB19;XM.ANB20;XM.ASB04;XM.ASB08;XM.ASB11;XM.ASB13;XM.ASB19;XM.ASB22
XM.ANB03,15,4Q.UT19;C1.AC02;C1.CO05;GT.CPUP;XM.ANB07;XM.ANB09;XM.ANB10;XM.ANB11;XM.ANB16;XM.ANB17;XM.ANB18;XM.ANB19;XM.ANB20;XM.CB01;XM.CB22
XR.MS02,15,IC.LSA;IN.SHL;IO.EVN;MM.KTN;MM.NGU;MM.SIM;MM.TGI;MM.YGN;RM.SLV;TM.CRAI;TM.LOEI;TM.PHRA;XR.BA07;XR.MS05;XR.MS09
ZL.S05,15,IM.TX02;NR.NE74;NR.NE75;NR.NE79;NR.NE80;NR.NE81;NR.NE82;NR.NE83;TO.MULU;TO.SAFR;XF.MA28;XF.MA36;XF.MA40;ZL.I02;ZL.N06
VE.PAYV,15,VE.BAUV;VE.CAIV;VE.ELOV;VE.GUNV;VE.IMOV;VE.JACV;VE.LUEV;VE.RIOV;XT.ABPC;XT.B151;XT.CMPC;XT.MHTO;XT.MIPC;XT.PNCH;XT.SOMB
C8.BNKB,15,7C.MM17;7C.MM26;C8.MWAB;NY.TGTN;PQ.NAB2;PQ.NBC3;PQ.NBC8;RV.DEDWA;RV.SWHSA;TD.TD009;US.HAWA;X4.LR13;XJ.SNOW;Y5.PER;ZQ.ETIP
TJ.CHGR,15,II.AAK;II.NIL;KN.ULHL;KR.BTK;KR.SFK;KR.TRKS;KZ.OTUK;QZ.AKST;QZ.CHM;QZ.TDK;QZ.ZHTS;TF.KHO;TJ.GEZN;TJ.MURGB;TJ.SHAA
M8.MUKOZ,15,M8.AI45;M8.AM37;M8.AQ41;M8.AU41;M8.AU52;M8.AY41;M8.AY52;M8.TEFOZ;M8.WATNG;S1.AUALB;S1.AUBUS;S1.AUCAR;S1.AUKAL;S1.AUKAR;S1.AUMAZ
3D.MM05,15,3D.MM15;IU.MACI;MN.RTC;PM.PESTR;PM.PFVI;PM.PMOZ;XB.PM04;XB.PM18;XB.PM25;XB.PM35;XB.PS16;XB.PS37;XB.PS57;ZI.MB16;ZI.MB19
YB.AT44,15,GE.TIRR;HL.ARG;HL.RDO;HT.AGG;KO.DKL;KO.ELL;KO.KARS;MN.VTS;YB.AT06;YB.AT19;YB.AT39;YB.AT49;YB.AT56;YB.AT63;YH.KO07
S1.AUTAR,15,M8.MOGAR;M8.RUGBY;OZ.BOGA;OZ.CURRY;OZ.DTMM;OZ.GRASY;OZ.MARG;OZ.MILD;OZ.ROBE;OZ.ROWM;OZ.TOT;S1.AUGRF;S1.AUHPC;S1.AUTKS;S1.AUUHS
ZD.FM06,15,II.NNA;TO.PE03;TO.PG01;TO.PG20;TO.PH20;YS.PARW;ZD.FM03;ZD.FM09;ZD.FN11;ZD.FS07;ZG.CB14;ZG.CB34;ZG.CP07;ZG.CP12;ZG.CP13
XA.SA18,15,XA.SA01;XA.SA03;XA.SA04;XA.SA10;XA.SA20;XA.SA26;XA.SA29;XA.SA35;XA.SA38;XA.SA60;XA.SA64;XA.SA71;XA.SA73;XA.SA76;XA.SA81
TW.KMNB,15,CB.GZH;CB.NJ2;CB.WHN;HK.HKPS;IC.QIZ;IC.SSE;IU.TATO;JP.JMJ2;JP.JOW;RM.SZP;TW.MATB;TW.VDOS;YM.12;YM.37;YM.39
N4.060A,15,CW.CCCC;CW.SOR;CY.CBCY;JM.NMIA0;N4.257A;N4.V51A;N4.X48A;N4.Y60A;NM.EUAL;YO.D03;YO.X06;YO.X09;YO.X10;Z9.E31;Z9.W315
RE.BRBY3,15,AP.PVFF;BC.PIX;BC.TJX;CI.CIA;CI.PDM;NC.G005;NN.DIX;NN.RUB;NN.SLVR;PB.B934;PB.GUAX;UO.LAIR;UO.RSBO;UO.TOMA;US.MVCO
YB.AT19,15,GE.TIRR;HL.ARG;HL.RDO;HT.AGG;KO.DKL;KO.ELL;KO.KARS;MN.VTS;YB.AT06;YB.AT39;YB.AT44;YB.AT49;YB.AT56;YB.AT63;YH.KO07
8A.OMUT,15,8A.AIAI;8A.AROB;8A.BAHE;8A.GAMM;8A.HAO;8A.KANO;8A.MALT;8A.NEPA;8A.OKAM;8A.OTJO;8A.SOLI;8A.WAND;8A.WEWE;AF.WIN;NR.NE215
ZI.MB16,14,3D.MM05;3D.MM15;IU.MACI;MN.RTC;PM.PESTR;PM.PFVI;PM.PMOZ;XB.PM04;XB.PM18;XB.PM25;XB.PM35;XB.PS16;XB.PS57;ZI.MB19
EI.IMAY,14,EI.DSB;EI.IDGL;EI.IMAC;GB.CCA1;GB.DRUM;GB.GAL1;GB.GDLE;GB.HMNX;GB.JSA;GB.LAWE;GB.LRW;GB.WACR;NL.HGN;WF.SPG
3J.OBS23,14,3J.OBS01;3J.OBS04;3J.OBS10;3J.OBS11;3J.OBS13;3J.OBS17;3J.OBS19;3J.OBS26;3J.OBS28;3J.OBS30;G.FUTU;HV.ANDI;MH.P0006;MH.P0010
ZD.FN11,14,II.NNA;TO.PE03;TO.PG01;TO.PG20;TO.PH20;YS.PARW;ZD.FM03;ZD.FM06;ZD.FM09;ZD.FS07;ZG.CB34;ZG.CP07;ZG.CP12;ZG.CP13
MH.P0010,14,3J.OBS01;3J.OBS04;3J.OBS11;3J.OBS13;3J.OBS17;3J.OBS19;3J.OBS23;3J.OBS26;3J.OBS28;3J.OBS30;HV.ANDI;MH.P0008;MH.P0009;MH.P0011
YO.X03,14,7A.BDEG;IM.I51H3;LD.FRNY;N4.257A;N4.P51A;N4.R50A;N4.R53A;N4.V51A;XY.PACW;YO.D03;YO.X01;YO.X06;YO.X09;YO.X10
Z8.365,14,IC.XAN;X4.A01;X4.D26;X4.F06;X4.GS01;X4.GS09;X4.GS12;X4.GS18;XO.JSO2;Z8.310;Z8.320;Z8.341;Z8.356;Z8.373
PE.PN1,14,7O.ABNH;GS.DEC08;KY.LLKY;LD.FRNY;NM.WADM;OH.CROH;PE.PAKC;PE.PBL2;PE.PSSK;PO.MATQ;US.GLMI;WU.TOBO;YU.B01A;ZT.WEST
X8.QM76,14,LD.FRNY;N4.K50A;PO.ACTO;PO.LATQ;PO.MATQ;PO.MEDO;US.GLMI;WU.TOBO;X8.QM38;X8.QM58;X8.QM90;X8.QMM5;Y6.HOLY;Y6.MALY
G.FUTU,14,3J.OBS01;3J.OBS04;3J.OBS10;3J.OBS11;3J.OBS13;3J.OBS17;3J.OBS19;3J.OBS23;3J.OBS26;3J.OBS28;HV.ANDI;MH.P0006;MH.P0008;MH.P0009
XM.ANB16,14,4Q.UT19;C1.AC02;GT.CPUP;XM.ANB03;XM.ANB07;XM.ANB09;XM.ANB10;XM.ANB11;XM.ANB17;XM.ANB18;XM.ANB19;XM.ANB20;XM.CB01;XM.CB22
XI.SC10,14,LD.FRNY;PO.ACTO;PO.LATQ;PO.MATQ;PO.MEDO;US.GLMI;WU.TOBO;X8.QM90;X8.QMM5;XI.SC04;XI.SC09;XI.SC14;XI.SM37;XI.SN44
XB.PM25,14,3D.MM05;3D.MM15;IP.MTOR;MN.RTC;PM.PESTR;PM.PFVI;XB.PM04;XB.PM18;XB.PM35;XB.PS16;XB.PS37;XB.PS57;ZI.MB16;ZI.MB19
CZ.MORC,14,AC.VLO;CH.FUORN;CH.SLE;CZ.BEDC;CZ.PRIC;CZ.TREC;DK.MUD;G.SSB;GE.TIRR;MN.DIVS;NL.HGN;PL.BEL;PL.KWP;PL.NIE
ZM.GM02,14,G.CCD;YT.MILR;ZM.GM01;ZM.GM03;ZM.GM04;ZM.GM06;ZM.N140;ZM.N156;ZM.N173;ZM.N190;ZM.N215;ZM.P061;ZM.P080;ZM.P124
MP.KAR2,14,1F.ANIM;3K.NIKI;AB.HASN;AB.PRLH;GO.GHRG;II.RAYN;KO.KARS;MP.AMR2;MP.DHK1;MP.KUT1;MP.SAM2;MP.SLY1;XA.AX08;XA.EP15
KP.UPNV,14,DK.ANGG;DK.DY2G;DK.ICESG;DK.KULLO;DK.NEEM;DK.SOEG;GE.SUMG;XF.NE1;XF.NE2;XF.NE3;XF.NE4;XF.NE5;XF.NE6;YM.KASE
ZM.N190,14,XD.PSP03;ZM.GM01;ZM.GM02;ZM.GM03;ZM.GM04;ZM.GM06;ZM.GM07;ZM.N140;ZM.N156;ZM.N173;ZM.N215;ZM.P061;ZM.P080;ZM.P124
XR.BA07,14,IC.LSA;IN.SHL;IO.EVN;MM.KTN;MM.NGU;MM.SIM;MM.TGI;MM.YGN;TM.CMAI;TM.CRAI;TM.PHRA;XR.MS02;XR.MS05;XR.MS09
BC.PIX,14,7P.PC53;AP.PVFF;BC.SPX;BC.TJX;CI.CIA;CI.PDM;IM.TX02;MX.HPIG;NN.DIX;NN.RUB;PB.GUAX;RE.BRBY3;TO.CC08;US.MVCO
JP.JSD,14,1U.SHRD;JP.JEW;JP.JGF;JP.JHJ2;JP.JHS;JP.JMM;JP.JMN;JP.JNU;JP.JSU;JP.JTM;JP.JTU;JP.JWT;KG.TJN;KS.SH2B
3J.OBS19,14,3J.OBS01;3J.OBS04;3J.OBS10;3J.OBS11;3J.OBS13;3J.OBS17;3J.OBS23;3J.OBS26;3J.OBS28;3J.OBS30;G.FUTU;HV.ANDI;MH.P0006;MH.P0010
JP.JGF,14,1U.SHRD;JP.JEW;JP.JHJ2;JP.JHS;JP.JMM;JP.JMN;JP.JNU;JP.JSD;JP.JSU;JP.JTM;JP.JTU;JP.JWT;KG.TJN;KS.SH2B
XL.HD75,14,II.TLY;IU.ULN;KZ.MAKZ;XL.HD03;XL.HD09;XL.HD21;XL.HD25;XL.HD41;XL.HD48;XL.HD54;XL.HD68;XL.HD72;XL.HD73;XL.HD74
YO.X09,14,7A.BDEG;IM.I51H3;N4.060A;N4.257A;N4.P51A;N4.R50A;N4.R53A;N4.V51A;XY.PACW;YO.D03;YO.X01;YO.X03;YO.X06;YO.X10
JP.JWT,14,1U.SHRD;JP.JEW;JP.JGF;JP.JHJ2;JP.JHS;JP.JMM;JP.JMN;JP.JNU;JP.JSD;JP.JSU;JP.JTM;JP.JTU;KG.TJN;KS.SH2B
AF.SKRH,14,G.FOMA;XV.AMPY;XV.ANLA;XV.ANTS;XV.BAND;XV.BANJ;XV.BITY;XV.LAHA;XV.MAHA;XV.MAJA;XV.MMBE;XV.NAPU;XV.VINA;XV.ZOBE
ZL.N06,14,CI.CIA;CI.PDM;IM.TX02;NR.NE74;NR.NE75;NR.NE79;NR.NE80;NR.NE81;NR.NE82;NR.NE83;XF.MA36;XF.MA40;ZL.I02;ZL.S05
ZI.MB19,14,3D.MM05;3D.MM15;IU.MACI;MN.RTC;PM.PESTR;PM.PFVI;PM.PMOZ;XB.PM04;XB.PM18;XB.PM25;XB.PM35;XB.PS16;XB.PS57;ZI.MB16
X4.LR13,14,C8.BNKB;C8.MWAB;IE.BCYI;MB.HRY;NC.G005;PB.B934;PQ.NBC8;RV.SWHSA;TD.TD009;UO.LAIR;US.HAWA;WY.YHR;X7.WA33;Y5.PER
NR.NE74,14,CI.CIA;CI.PDM;IM.TX02;NR.NE75;NR.NE78;NR.NE79;NR.NE80;NR.NE81;NR.NE82;NR.NE83;US.KNB;ZL.I02;ZL.N06;ZL.S05
GF.TEPE,14,3K.NIKI;AC.VLO;GE.TIRR;HL.ARG;HL.RDO;HT.AGG;KO.DKL;KO.ELL;MN.DIVS;MN.VTS;PL.KWP;RU.ANN;RU.ERBR;RU.VSLR
TM.SRIT,14,IN.PBA;MM.YGN;MY.KOM;MY.KUM;RM.DLV;TM.CHBT;TM.LOEI;TM.NAYO;TM.PANO;TM.PHRA;TM.PRAC;TM.SKLT;TM.SRDT;TM.UBPT
NR.NE75,14,CI.CIA;CI.PDM;IM.TX02;NR.NE74;NR.NE78;NR.NE79;NR.NE80;NR.NE81;NR.NE82;NR.NE83;US.KNB;ZL.I02;ZL.N06;ZL.S05
VE.LUEV,14,VE.BAUV;VE.CAIV;VE.ELOV;VE.GUNV;VE.JACV;VE.PAYV;VE.RIOV;XT.ABPC;XT.B151;XT.CMPC;XT.MHTO;XT.MIPC;XT.PNCH;XT.SOMB
ZE.BULG,14,7C.MM17;7C.MM26;AK.FALS;AK.FYU;AK.GAMB;AK.GLB;AK.PAX;AK.PPLA;AK.TNA;AT.MID;AT.SVW2;NY.MAYO;YG.GLN4;ZE.HOLG
S1.AUCAS,14,OZ.BOGA;OZ.DTMM;OZ.GRASY;OZ.HKER;OZ.MILD;OZ.MRAT;OZ.ROBE;OZ.ROWM;OZ.TOT;S1.AUAPY;S1.AUGRF;S1.AUHPC;S1.AUJCS;S1.AUROX
XM.ASB19,14,C1.AC02;C1.CO05;C1.LL02;C1.LR04;GT.PLCA;XM.ANB18;XM.ANB19;XM.ANB20;XM.ASB04;XM.ASB08;XM.ASB11;XM.ASB13;XM.ASB20;XM.ASB22
X4.D08,14,IC.LSA;X4.A01;X4.D11;X4.D26;X4.GS12;X4.H01;X4.H05;X4.H13;X4.H19;X4.H22;XO.JSO2;ZV.GUNA;ZV.LORI;ZV.MAQU
S1.AUALB,14,IM.H01W2;IM.I04H3;M8.AI45;M8.AM37;M8.AQ41;M8.AU41;M8.AU52;M8.AY41;M8.AY52;M8.MUKOZ;M8.WATNG;S1.AUBUS;S1.AUKAL;S1.AUMAZ
3J.OBS04,14,3J.OBS01;3J.OBS10;3J.OBS11;3J.OBS13;3J.OBS17;3J.OBS19;3J.OBS23;3J.OBS26;3J.OBS28;3J.OBS30;G.FUTU;HV.ANDI;MH.P0006;MH.P0010
XM.CB22,14,C1.AC02;C1.CO05;XM.ANB03;XM.ANB07;XM.ANB09;XM.ANB10;XM.ANB11;XM.ANB16;XM.ANB17;XM.ANB18;XM.ANB19;XM.ANB20;XM.ASB22;XM.CB01
XB.PM35,14,3D.MM05;3D.MM15;IP.MTOR;MN.RTC;PM.PESTR;PM.PFVI;XB.PM04;XB.PM18;XB.PM25;XB.PS16;XB.PS37;XB.PS57;ZI.MB16;ZI.MB19
3J.OBS01,14,3J.OBS04;3J.OBS10;3J.OBS11;3J.OBS13;3J.OBS17;3J.OBS19;3J.OBS23;3J.OBS26;3J.OBS28;3J.OBS30;G.FUTU;HV.ANDI;MH.P0006;MH.P0010
ZV.LORI,14,8B.402;8B.416;8B.430;IC.XAN;X4.A01;X4.D08;X4.D11;X4.D26;X4.H01;X4.H05;X4.H13;XO.JSO2;ZV.GUNA;ZV.MAQU
XV.SOLA,14,G.FOMA;MR.MRIV;XV.AMPY;XV.ANLA;XV.ANTS;XV.BAND;XV.BITY;XV.DGOS;XV.LAHA;XV.MAHA;XV.MAJA;XV.MMBE;XV.VINA;XV.ZOBE
ZM.N173,14,XD.PSP03;ZM.GM01;ZM.GM02;ZM.GM03;ZM.GM04;ZM.GM06;ZM.GM07;ZM.N140;ZM.N156;ZM.N190;ZM.N215;ZM.P061;ZM.P080;ZM.P124
CB.NJ2,14,CB.DL2;CB.GZH;CB.WHN;IC.SSE;IC.XAN;IU.INCN;IU.TATO;JP.JMJ2;JP.JOW;JP.JSU;JP.JTU;KG.TJN;KS.SH2B;TW.KMNB
YS.PL44,14,YS.MRKH;YS.NGOK;YS.PL37;YS.PL39;YS.PL40;YS.PL41;YS.PL43;YS.PL45;YS.PL46;YS.PL50;YS.PL57;YS.PL59;YS.PL61;YS.PL67
GE.SKD,14,GE.APE;GE.GHAR;GE.MRNI;GE.TIRR;GE.ZKR;MN.CLTB;MN.KEG;MN.VTS;MN.WDD;XH.SAR;YD.GROM;YD.MMNN;YF.HVAR;YF.MARJ
1U.SHRD,14,CB.DL2;CB.HEH;CB.SNY;IC.HIA;JP.JEW;JP.JGF;JP.JHS;JP.JMN;JP.JNU;JP.JSD;JP.JTM;JP.JTU;JP.JWT;KG.TJN
KS.SH2B,14,CB.DL2;CB.NJ2;CB.SNY;IC.SSE;JP.JGF;JP.JHS;JP.JMM;JP.JMN;JP.JNU;JP.JSD;JP.JSU;JP.JTU;JP.JWT;KG.TJN
YT.WILS,14,AI.BELA;YT.DUFK;YT.FALL;YT.HOWD;YT.KOLR;YT.MECK;YT.PECA;YT.SILY;YT.ST01;YT.ST02;YT.ST04;YT.ST07;YT.WAIS;YT.WNDY
XB.PM18,14,3D.MM05;3D.MM15;IP.MTOR;MN.RTC;PM.PESTR;PM.PFVI;XB.PM04;XB.PM25;XB.PM35;XB.PS16;XB.PS37;XB.PS57;ZI.MB16;ZI.MB19
CZ.BEDC,14,CH.FUORN;CH.SLE;CZ.MORC;CZ.PRIC;CZ.TREC;DK.MUD;G.SSB;GB.HMNX;GB.WACR;MN.DIVS;NL.HGN;PL.BEL;PL.KWP;PL.NIE
YB.AT06,14,GE.TIRR;HL.ARG;HL.RDO;KO.DKL;KO.ELL;KO.KARS;MN.VTS;YB.AT19;YB.AT39;YB.AT44;YB.AT49;YB.AT56;YB.AT63;YH.KO07
3J.OBS17,14,3J.OBS01;3J.OBS04;3J.OBS10;3J.OBS11;3J.OBS13;3J.OBS19;3J.OBS23;3J.OBS26;3J.OBS28;3J.OBS30;G.FUTU;HV.ANDI;MH.P0006;MH.P0010
XB.PM04,14,3D.MM05;3D.MM15;IP.MTOR;MN.RTC;PM.PESTR;PM.PFVI;XB.PM18;XB.PM25;XB.PM35;XB.PS16;XB.PS37;XB.PS57;ZI.MB16;ZI.MB19
3J.OBS26,14,3J.OBS01;3J.OBS04;3J.OBS10;3J.OBS11;3J.OBS13;3J.OBS17;3J.OBS19;3J.OBS23;3J.OBS28;3J.OBS30;G.FUTU;HV.ANDI;MH.P0010;MH.P0011
3J.OBS28,14,3J.OBS01;3J.OBS04;3J.OBS10;3J.OBS11;3J.OBS13;3J.OBS17;3J.OBS19;3J.OBS23;3J.OBS26;3J.OBS30;G.FUTU;HV.ANDI;MH.P0010;MH.P0011
C1.LR04,14,1P.EIDA;1P.OHRS;3E.MEL15;C1.LL02;C1.LL05;C1.VA04;GT.PLCA;XM.ASB04;XM.ASB08;XM.ASB11;XM.ASB13;XM.ASB19;XM.ASB20;XM.ASB22
YD.MMNN,14,CH.FUORN;GE.APE;GE.MAHO;GE.PSZ;GE.SKD;GE.ZKR;MN.BNI;MN.CLTB;MN.VSL;MN.VTS;MN.WDD;YD.GROM;YI.BARR;YI.BOB
1K.GIAN,14,AC.VLO;CA.CARA;CA.CFAR;CA.CPAL;CH.FUORN;CH.SLE;G.SSB;HT.AGG;MN.BNI;MN.CLTB;MN.VSL;MN.WDD;NL.HGN;PL.NIE
Z8.320,14,1A.NE26;1A.NE48;IC.SSE;IC.XAN;X4.GS01;X4.GS09;X4.GS12;X4.GS18;XG.SQUAN;Z8.310;Z8.341;Z8.356;Z8.365;Z8.373
3J.OBS13,14,3J.OBS01;3J.OBS04;3J.OBS10;3J.OBS11;3J.OBS17;3J.OBS19;3J.OBS23;3J.OBS26;3J.OBS28;3J.OBS30;G.FUTU;HV.ANDI;MH.P0006;MH.P0010
8A.MALT,14,8A.AIAI;8A.AROB;8A.BAHE;8A.GAMM;8A.KANO;8A.OKAM;8A.OMUT;8A.OTJO;8A.SOLI;8A.WAND;AF.CVNA;AF.HVD;AF.UPI;ZT.NHAM
ZD.FM03,14,II.NNA;TO.PE03;TO.PG01;TO.PG20;TO.PH20;YS.PARW;ZD.FM06;ZD.FM09;ZD.FN11;ZD.FS07;ZG.CB34;ZG.CP07;ZG.CP12;ZG.CP13
XF.NE6,14,DK.DBG;DK.KULLO;DK.NEEM;DK.NOR;DK.SCO;GE.DAG;GE.SUMG;KP.UPNV;XF.NE1;XF.NE2;XF.NE3;XF.NE4;XF.NE5;YM.KASE
ZL.I02,14,CI.PDM;IM.TX02;NR.NE74;NR.NE75;NR.NE79;NR.NE80;NR.NE81;NR.NE82;NR.NE83;XF.MA28;XF.MA36;XF.MA40;ZL.N06;ZL.S05
YQ.MATA,14,AF.KTWE;AF.LBB;XJ.LN25;XK.Q07MR;XK.W02NB;XK.W10LW;XK.W12MB;XK.W15SS;XK.Z04NN;XK.Z09CG;YQ.KIMO;YQ.MFRI;YQ.VWZM;ZV.CHAA
NR.NE79,14,IM.TX02;NR.NE74;NR.NE75;NR.NE78;NR.NE80;NR.NE81;NR.NE82;NR.NE83;XF.MA28;XF.MA36;XF.MA40;ZL.I02;ZL.N06;ZL.S05
Z8.373,14,IC.XAN;X4.A01;X4.D26;X4.F06;X4.GS01;X4.GS09;X4.GS12;X4.GS18;XO.JSO2;Z8.310;Z8.320;Z8.341;Z8.356;Z8.365
X7.WA33,14,IE.BCYI;MB.HRY;NC.G005;NN.RUB;PB.B934;RV.SWHSA;TD.TD009;UO.LAIR;UO.RSBO;US.DGMT;US.HAWA;WY.YHR;X4.LR13;Y5.PER
XK.Q05MJ,14,AF.KTWE;AF.PWET;IU.LSZ;XK.Q07MR;XK.W02NB;XK.W10LW;XK.W12MB;XK.W15SS;XK.Z04NN;XK.Z09CG;XV.NAPU;XV.SENA;XV.TETE;XV.VINA
XB.PS16,14,3D.MM05;3D.MM15;IP.MTOR;MN.RTC;PM.PESTR;PM.PFVI;XB.PM04;XB.PM18;XB.PM25;XB.PM35;XB.PS37;XB.PS57;ZI.MB16;ZI.MB19
XM.ANB17,14,4Q.UT19;C1.AC02;GT.CPUP;ON.TIJ01;XM.ANB03;XM.ANB07;XM.ANB09;XM.ANB10;XM.ANB11;XM.ANB16;XM.ANB18;XM.ANB19;XM.ANB20;XM.CB22
3J.OBS11,14,3J.OBS01;3J.OBS04;3J.OBS10;3J.OBS13;3J.OBS17;3J.OBS19;3J.OBS23;3J.OBS26;3J.OBS28;3J.OBS30;G.FUTU;HV.ANDI;MH.P0006;MH.P0010
YG.GLN4,14,7C.MM17;7C.MM26;7C.MM30;AK.FYU;AK.GLB;AK.PAX;AK.PPLA;AK.TNA;AT.MID;AT.SVW2;NY.MAYO;NY.TGTN;XJ.SNOW;ZE.BULG
M8.WATNG,14,M8.AI45;M8.AM37;M8.AQ41;M8.AU41;M8.AU52;M8.AY41;M8.AY52;M8.MUKOZ;M8.TEFOZ;S1.AUALB;S1.AUBUS;S1.AUCAR;S1.AUKAL;S1.AUMAZ
EI.IMAC,14,EI.DSB;EI.IDGL;EI.IMAY;GB.CCA1;GB.DRUM;GB.GAL1;GB.GDLE;GB.HMNX;GB.JSA;GB.LAWE;GB.LRW;GB.WACR;NL.HGN;WF.SPG
ZM.GM04,14,XD.PSP03;ZM.GM01;ZM.GM02;ZM.GM03;ZM.GM06;ZM.GM07;ZM.N140;ZM.N156;ZM.N173;ZM.N190;ZM.N215;ZM.P061;ZM.P080;ZM.P124
VE.IMOV,14,VE.BAUV;VE.CAIV;VE.ELOV;VE.GUNV;VE.JACV;VE.PAYV;VE.RIOV;XT.ABPC;XT.B151;XT.CMPC;XT.MHTO;XT.MIPC;XT.PNCH;XT.SOMB
ZM.N215,13,ZM.GM01;ZM.GM02;ZM.GM03;ZM.GM04;ZM.GM06;ZM.GM07;ZM.N140;ZM.N156;ZM.N173;ZM.N190;ZM.P061;ZM.P080;ZM.P124
XL.HD41,13,II.TLY;IU.ULN;XL.HD03;XL.HD09;XL.HD21;XL.HD25;XL.HD48;XL.HD54;XL.HD68;XL.HD72;XL.HD73;XL.HD74;XL.HD75
N4.E62A,13,C8.FORQ;C8.PCAQ;LD.FRNY;N4.G65A;N4.R61A;PE.PAKC;PE.PSSK;PO.LATQ;PO.MATQ;WU.TOBO;X8.COSY;XY.PACW;YM.MHCG
XG.MJPU,13,5G.D16;IC.HIA;IC.XAN;IU.INCN;IU.ULN;X2.260;X2.281;XG.ELSH;XG.XZHOU;ZQ.103;ZQ.184;ZX.215;ZX.230
XL.HD73,13,II.TLY;IU.ULN;XL.HD03;XL.HD09;XL.HD21;XL.HD25;XL.HD41;XL.HD48;XL.HD54;XL.HD68;XL.HD72;XL.HD74;XL.HD75
3H.G56,13,3H.G01;3H.G06;3H.G08;3H.G15;3H.G18;3H.G23;3H.G27;3H.G30;3H.G33;3H.G39;3H.G44;3H.G52;8W.CBHM
3J.OBS10,13,3J.OBS01;3J.OBS04;3J.OBS11;3J.OBS13;3J.OBS17;3J.OBS19;3J.OBS23;3J.OBS26;3J.OBS28;3J.OBS30;G.FUTU;HV.ANDI;MH.P0006
3H.G06,13,3H.G01;3H.G08;3H.G15;3H.G18;3H.G23;3H.G27;3H.G30;3H.G33;3H.G39;3H.G44;3H.G52;3H.G56;8W.CBHM
3H.G30,13,3H.G01;3H.G06;3H.G08;3H.G15;3H.G18;3H.G23;3H.G27;3H.G33;3H.G39;3H.G44;3H.G52;3H.G56;8W.CBHM
X4.D11,13,IC.LSA;IC.XAN;X4.A01;X4.D08;X4.D26;X4.H01;X4.H05;X4.H13;X4.H19;X4.H22;ZV.GUNA;ZV.LORI;ZV.MAQU
XL.HD25,13,II.TLY;IU.ULN;XL.HD03;XL.HD09;XL.HD21;XL.HD41;XL.HD48;XL.HD54;XL.HD68;XL.HD72;XL.HD73;XL.HD74;XL.HD75
YH.L01,13,CI.PDM;IE.BCYI;IE.IRCI;MB.HRY;US.DGMT;US.HAWA;US.MVCO;XC.OR100;XP.N16;XP.N20;XP.S29;XQ.ME10;XQ.ME62
XL.HD54,13,II.TLY;IU.ULN;XL.HD03;XL.HD09;XL.HD21;XL.HD25;XL.HD41;XL.HD48;XL.HD68;XL.HD72;XL.HD73;XL.HD74;XL.HD75
XL.HD74,13,II.TLY;IU.ULN;XL.HD03;XL.HD09;XL.HD21;XL.HD25;XL.HD41;XL.HD48;XL.HD54;XL.HD68;XL.HD72;XL.HD73;XL.HD75
ZP.MWEN,13,AF.KTWE;AF.LBB;AF.MONG;AF.PWET;AF.TEZI;IU.LSZ;YH.IFAK;YH.WALE;ZP.ISOK;ZP.KAMZ;ZP.KASM;ZP.KISH;ZP.MPIK
3H.G01,13,3H.G06;3H.G08;3H.G15;3H.G18;3H.G23;3H.G27;3H.G30;3H.G33;3H.G39;3H.G44;3H.G52;3H.G56;8W.CBHM
BC.TJX,13,AP.PVFF;BC.PIX;BC.SPX;CI.CIA;CI.PDM;NC.G005;NN.DIX;NN.RUB;PB.B934;PB.GUAX;RE.BRBY3;TO.CC08;US.MVCO
XP.N20,13,CI.PDM;IE.BCYI;IE.IRCI;IM.TX02;MB.HRY;US.AMTX;US.DGMT;US.ECSD;US.MVCO;XP.N16;XP.S29;XR.SC25;YH.L01
3H.G15,13,3H.G01;3H.G06;3H.G08;3H.G18;3H.G23;3H.G27;3H.G30;3H.G33;3H.G39;3H.G44;3H.G52;3H.G56;8W.CBHM
3H.G18,13,3H.G01;3H.G06;3H.G08;3H.G15;3H.G23;3H.G27;3H.G30;3H.G33;3H.G39;3H.G44;3H.G52;3H.G56;8W.CBHM
XC.OR088,13,CI.CIA;CI.PDM;IE.BCYI;IE.IRCI;MB.HRY;US.HAWA;US.MVCO;XC.OR061;XE.SNP22;XE.SNPG9;XK.UT65;XQ.ME10;XQ.ME62
XL.HD03,13,II.TLY;IU.ULN;XL.HD09;XL.HD21;XL.HD25;XL.HD41;XL.HD48;XL.HD54;XL.HD68;XL.HD72;XL.HD73;XL.HD74;XL.HD75
ZM.P124,13,ZM.GM01;ZM.GM02;ZM.GM03;ZM.GM04;ZM.GM06;ZM.GM07;ZM.N140;ZM.N156;ZM.N173;ZM.N190;ZM.N215;ZM.P061;ZM.P080
XS.I12D,13,GT.DBIC;IM.H10S2;XS.I04D;XS.I14D;XS.L02A;XS.L16D;XS.L18D;XS.L37D;XS.L39D;XS.S15D;XS.S24D;XS.S32D;XS.S38D
X4.H05,13,IC.LSA;IC.XAN;X4.A01;X4.D08;X4.D11;X4.D26;X4.H01;X4.H13;X4.H19;X4.H22;ZV.GUNA;ZV.LORI;ZV.MAQU
YS.PL62,13,YS.MRKH;YS.PL37;YS.PL45;YS.PL50;YS.PL57;YS.PL59;YS.PL61;YS.PL63;YS.PL67;YS.PL68;YS.PL69;YS.PL70;YS.PL71
YH.WALE,13,AF.PWET;YH.IFAK;YH.MOHO;YH.MTWA;ZP.ISOK;ZP.KASM;ZP.KISH;ZP.LAEL;ZP.MGOR;ZP.MKUS;ZP.MPIK;ZP.MWEN;ZP.PNDA
7P.PC53,13,AP.PVFF;BC.PIX;CI.PDM;MX.HPIG;MX.ZAIG;O2.SC12;TX.435B;TX.BRDY;TX.DKNS;US.AMTX;US.MVCO;Z7.LA01;ZZ.FWU17
RM.DLV,13,IC.QIZ;TM.CHBT;TM.LOEI;TM.NAYO;TM.NONG;TM.PANO;TM.PRAC;TM.SKLT;TM.SRDT;TM.SRIT;TM.UBPT;TW.VNAS;YC.SBE1
8W.CBHM,13,3H.G01;3H.G06;3H.G08;3H.G15;3H.G18;3H.G23;3H.G27;3H.G30;3H.G33;3H.G39;3H.G44;3H.G52;3H.G56
IU.TATO,13,CB.GZH;CB.NJ2;CB.WHN;HK.HKPS;IC.SSE;JP.JMJ2;JP.JOW;RM.SZP;TW.KMNB;TW.MATB;YM.12;YM.37;YM.39
XL.HD72,13,II.TLY;IU.ULN;XL.HD03;XL.HD09;XL.HD21;XL.HD25;XL.HD41;XL.HD48;XL.HD54;XL.HD68;XL.HD73;XL.HD74;XL.HD75
3H.G52,13,3H.G01;3H.G06;3H.G08;3H.G15;3H.G18;3H.G23;3H.G27;3H.G30;3H.G33;3H.G39;3H.G44;3H.G56;8W.CBHM
JP.JHJ2,13,JP.CBIJ;JP.JEW;JP.JGF;JP.JHS;JP.JMM;JP.JMN;JP.JNU;JP.JSD;JP.JSU;JP.JTM;JP.JTU;JP.JWT;Z6.01
ZM.GM06,13,ZM.GM01;ZM.GM02;ZM.GM03;ZM.GM04;ZM.GM07;ZM.N140;ZM.N156;ZM.N173;ZM.N190;ZM.N215;ZM.P061;ZM.P080;ZM.P124
XL.HD48,13,II.TLY;IU.ULN;XL.HD03;XL.HD09;XL.HD21;XL.HD25;XL.HD41;XL.HD54;XL.HD68;XL.HD72;XL.HD73;XL.HD74;XL.HD75
XL.HD09,13,II.TLY;IU.ULN;XL.HD03;XL.HD21;XL.HD25;XL.HD41;XL.HD48;XL.HD54;XL.HD68;XL.HD72;XL.HD73;XL.HD74;XL.HD75
DK.NOR,13,1E.TQF;1E.WHI;DK.DBG;DK.NEEM;GE.DAG;IU.KBS;PL.HSPB;XF.NE1;XF.NE2;XF.NE3;XF.NE4;XF.NE5;XF.NE6
3H.G27,13,3H.G01;3H.G06;3H.G08;3H.G15;3H.G18;3H.G23;3H.G30;3H.G33;3H.G39;3H.G44;3H.G52;3H.G56;8W.CBHM
WM.UCM,13,1L.ST30;CA.CARA;CA.CFAR;CA.CPAL;G.CLF;G.SSB;GB.CCA1;GB.JSA;MN.BNI;MN.RTC;MN.VSL;PM.PESTR;PM.PFVI
XK.B04KH,13,AF.BLWY;AF.KTWE;AF.MONG;AF.PKA;AF.POGA;AF.TEZI;AF.UPI;AF.WIN;IU.LSZ;XK.B07DX;XK.B17CI;XK.Z04NN;XV.TETE
JW.BRR,13,4O.GV01;AP.PVFF;CI.CIA;CI.PDM;MX.HPIG;NN.SLVR;O2.SC12;TX.435B;TX.BRDY;TX.DKNS;TX.ELG6;US.AMTX;US.MVCO
XV.BANJ,13,AF.SKRH;XV.ANLA;XV.ANTS;XV.BAND;XV.BITY;XV.DGOS;XV.LAHA;XV.MAHA;XV.MAJA;XV.MMBE;XV.NAPU;XV.VINA;XV.ZOBE
3H.G44,13,3H.G01;3H.G06;3H.G08;3H.G15;3H.G18;3H.G23;3H.G27;3H.G30;3H.G33;3H.G39;3H.G52;3H.G56;8W.CBHM
7C.MM40,13,7C.MM17;7C.MM26;7C.MM30;AK.FYU;AK.GLB;AK.PAX;NY.MAYO;NY.TGTN;NY.WGLY;PQ.NAB2;PQ.NBC3;PQ.NBC8;XJ.SNOW
AB.HASN,13,A0.LUS3;AB.PRLH;GO.GHRG;MP.ANB2;MP.DHK1;MP.KAR2;MP.KUT1;MP.SAM2;MP.SLY1;QZ.INDER;XA.AX08;XA.EP15;YB.SM05
YD.GROM,13,CH.FUORN;G.SSB;GE.APE;GE.MAHO;GE.PSZ;GE.SKD;MN.BNI;MN.CLTB;MN.VTS;MN.WDD;YD.MMNN;YI.BARR;YI.BOB
3H.G39,13,3H.G01;3H.G06;3H.G08;3H.G15;3H.G18;3H.G23;3H.G27;3H.G30;3H.G33;3H.G44;3H.G52;3H.G56;8W.CBHM
YB.AT56,13,GE.TIRR;HL.ARG;HL.RDO;KO.DKL;KO.ELL;KO.KARS;YB.AT06;YB.AT19;YB.AT39;YB.AT44;YB.AT49;YB.AT63;YH.KO07
XI.SC09,13,PO.ACTO;PO.LATQ;PO.MATQ;PO.MEDO;US.ECSD;US.GLMI;WU.TOBO;X8.QM90;XI.SC04;XI.SC10;XI.SC14;XI.SM37;XI.SN44
ZG.CP19,13,II.NNA;IU.SAML;TO.PE03;TO.PG01;TO.PG20;YS.OLC5;ZD.FM09;ZD.FS07;ZG.CB14;ZG.CB34;ZG.CP07;ZG.CP12;ZG.CP13
CM.LCBC,13,3C.GS02;3C.NW09;3C.SL09;CM.PRV;CM.RUS;CM.SJC;CM.TUM;EC.TULM;JM.CVJB;NU.BILN;NU.ESPN;NU.SIUN;VE.BAUV
N4.G65A,13,C8.FORQ;C8.PCAQ;LD.FRNY;N4.E62A;N4.R61A;PE.PAKC;PE.PSSK;PO.LATQ;PO.MATQ;WU.TOBO;X8.COSY;XY.PACW;YM.MHCG
CW.CAMR,13,9R.OBS16;CM.PRV;CU.GRTK;CW.CAIB;CW.CCCC;CW.CHIV;CW.GNEO;CW.SOR;CY.CBCY;JM.CVJB;NU.BILN;NU.SIUN;YG.INC37
XL.HD21,13,II.TLY;IU.ULN;XL.HD03;XL.HD09;XL.HD25;XL.HD41;XL.HD48;XL.HD54;XL.HD68;XL.HD72;XL.HD73;XL.HD74;XL.HD75
3H.G23,13,3H.G01;3H.G06;3H.G08;3H.G15;3H.G18;3H.G27;3H.G30;3H.G33;3H.G39;3H.G44;3H.G52;3H.G56;8W.CBHM
XL.HD68,13,II.TLY;IU.ULN;XL.HD03;XL.HD09;XL.HD21;XL.HD25;XL.HD41;XL.HD48;XL.HD54;XL.HD72;XL.HD73;XL.HD74;XL.HD75
XS.S040,13,GE.APE;GE.TIRR;GE.ZKR;HT.LKD;MN.CLTB;MN.DIVS;MN.VTS;MN.WDD;XS.S009;XS.S037;YG.CBP4N;YL.ARSL;YL.BEKI
Z8.356,13,IC.XAN;X4.A01;X4.D26;X4.F06;X4.GS01;X4.GS09;X4.GS12;X4.GS18;Z8.310;Z8.320;Z8.341;Z8.365;Z8.373
XP.N16,13,CI.CIA;CI.PDM;IE.BCYI;IE.IRCI;MB.HRY;US.AMTX;US.DGMT;US.MVCO;XC.OR100;XP.N20;XP.S29;XR.SC25;YH.L01
QZ.AKST,13,II.AAK;KR.BTK;KR.SFK;KR.TRKS;KZ.AB06;KZ.OTUK;QZ.ALGA;QZ.BRZS;QZ.CHM;QZ.FDRN;QZ.INDER;QZ.ZHTS;TJ.CHGR
X4.H13,13,IC.LSA;IC.XAN;X4.A01;X4.D08;X4.D11;X4.D26;X4.H01;X4.H05;X4.H19;X4.H22;ZV.GUNA;ZV.LORI;ZV.MAQU
8A.SOLI,13,8A.AIAI;8A.AROB;8A.BAHE;8A.GAMM;8A.HAO;8A.KANO;8A.MALT;8A.OKAM;8A.OMUT;8A.OTJO;8A.WAND;AF.CVNA;AF.UPI
XI.SC04,13,II.FFC;PO.ACTO;PO.MATQ;US.DGMT;US.ECSD;US.GLMI;WU.TOBO;X8.QM90;XI.SC09;XI.SC10;XI.SC14;XI.SM37;XI.SN44
3H.G33,13,3H.G01;3H.G06;3H.G08;3H.G15;3H.G18;3H.G23;3H.G27;3H.G30;3H.G39;3H.G44;3H.G52;3H.G56;8W.CBHM
3J.OBS30,13,3J.OBS01;3J.OBS04;3J.OBS10;3J.OBS11;3J.OBS13;3J.OBS17;3J.OBS19;3J.OBS23;3J.OBS26;3J.OBS28;HV.ANDI;MH.P0010;MH.P0011
QZ.ZHTS,13,II.AAK;II.NIL;KR.BTK;KR.SFK;KR.TRKS;KZ.OTUK;QZ.AKST;QZ.BRZS;QZ.CHM;QZ.TDK;TF.KHO;TJ.CHGR;TJ.MURGB
3H.G08,13,3H.G01;3H.G06;3H.G15;3H.G18;3H.G23;3H.G27;3H.G30;3H.G33;3H.G39;3H.G44;3H.G52;3H.G56;8W.CBHM
GB.LEWI,12,DK.MUD;EI.DSB;EI.IDGL;GB.CCA1;GB.DRUM;GB.GAL1;GB.GDLE;GB.HMNX;GB.JSA;GB.LAWE;GB.LRW;GB.WACR
YI.QCB01,12,AK.GLB;AK.J26L;AK.PAX;AK.S31K;AK.V35K;EO.KLRS;NV.BACME;NY.MAYO;PQ.KLONY;PQ.NAB2;PQ.NBC8;RV.KAKWA
XS.S38D,12,GT.DBIC;XS.I04D;XS.I12D;XS.I14D;XS.L02A;XS.L16D;XS.L18D;XS.L37D;XS.L39D;XS.S15D;XS.S24D;XS.S32D
1P.EIDA,12,1P.CURI;1P.GUMN;1P.LVAN;1P.MAMA;1P.OHRS;1P.PMOR;C1.LL02;C1.LL05;C1.LR04;C1.MG02;GT.PLCA;II.EFI
XV.SW060,12,II.AAK;KR.TRKS;KZ.MAKZ;KZ.OTUK;QZ.BRZS;QZ.CHM;QZ.SEM;QZ.TDK;QZ.USHN;QZ.ZSN;XV.NW140;XV.NW300
YU.B01A,12,7O.ABNH;GS.DEC08;LD.FRNY;OH.CROH;PE.PAKC;PE.PBL2;PE.PN1;PE.PSSK;PO.MATQ;US.GLMI;WU.TOBO;ZT.WEST
C8.MWAB,12,7D.G36D;C8.BNKB;IE.BCYI;MB.HRY;PB.B934;PQ.NAB2;RV.SWHSA;TD.TD009;US.HAWA;X4.LR13;XJ.SNOW;Y5.PER
S1.AUCAR,12,M8.AI45;M8.AM37;M8.AQ41;M8.AU41;M8.AY41;M8.MUKOZ;M8.TEFOZ;M8.WATNG;S1.AUBUS;S1.AUKAL;S1.AUKAR;S1.AUMAZ
8A.HAO,12,8A.BAHE;8A.GAMM;8A.KANO;8A.NEPA;8A.OKAM;8A.OMUT;8A.OTJO;8A.SOLI;8A.WAND;8A.WEWE;AF.WIN;NR.NE215
CW.CAIB,12,9R.OBS16;CM.PRV;CU.GRTK;CW.CAMR;CW.CCCC;CW.CHIV;CW.SOR;CY.CBCY;JM.CVJB;LO.LOBA2;NU.BILN;ZC.SODR
XP.TWRS,12,CC.YOCR;IE.BCYI;MB.HRY;NV.BACME;PB.B934;RV.SWHSA;TD.TD009;UO.LAIR;UO.RSBO;US.DGMT;US.HAWA;US.MVCO
XS.S32D,12,IM.H10S2;XS.I04D;XS.I12D;XS.I14D;XS.L02A;XS.L16D;XS.L18D;XS.L37D;XS.L39D;XS.S15D;XS.S24D;XS.S38D
YU.NL02,12,CM.RUS;CM.SJC;CU.GRGR;LO.LOBA2;TR.TOSP;VE.BAUV;YU.GJ03;YU.MD04;YU.NL10;YU.SL02;YU.SL09;ZC.HMDR
XT.D58,12,7D.FN16A;7D.G13B;7D.G26B;7D.J20B;IE.BCYI;MB.HRY;NN.RUB;PB.B934;US.HAWA;X9.BB240;X9.BB420;Y5.PER
GT.DBIC,12,AF.IFE;GH.KLEF;GH.MRON;GH.WEIJ;IU.KOWA;XS.I12D;XS.I14D;XS.L16D;XS.L18D;XS.L39D;XS.S15D;XS.S38D
QZ.ZSN,12,II.AAK;KZ.MAKZ;KZ.OTUK;QZ.BRZS;QZ.SEM;QZ.TDK;QZ.USHN;X7.MC06;X7.MC14;XV.NW140;XV.NW300;XV.SW060
YS.PL59,12,YS.MRKH;YS.PL44;YS.PL45;YS.PL50;YS.PL57;YS.PL61;YS.PL62;YS.PL63;YS.PL67;YS.PL68;YS.PL69;YS.PL70
G.FOMA,12,AF.SKRH;XV.AMPY;XV.ANLA;XV.BAND;XV.BITY;XV.MAHA;XV.MAJA;XV.MMBE;XV.SOLA;XV.VATO;XV.VINA;XV.ZOBE
G.CCD,12,G.DRV;IU.CASY;YT.AGO1;YT.DEVL;YT.MILR;ZJ.BEBP;ZJ.RKST;ZM.GM01;ZM.GM02;ZM.GM03;ZM.N140;ZM.N156
YU.SL09,12,CM.PRV;CM.RUS;CM.SJC;CM.TUM;EC.TULM;LO.LOBA2;VE.BAUV;YU.GJ03;YU.MD04;YU.NL02;YU.NL10;YU.SL02
MY.KOM,12,MY.KSM;MY.KUM;MY.SBM;TM.SKLT;TM.SRIT;ZB.L10S;ZB.LAIS;ZB.LUNG;ZB.N60B;ZB.PPNG;ZB.TIKU;ZB.Y30S
CU.ANWB,12,CU.BBGH;CU.GRGR;CU.GRTK;LO.LOBA2;PR.IMPR;PR.SNC1;TR.DLPL;TR.TOSP;WI.SLBI;ZC.HMDR;ZC.SODR;ZZ.XSJN
XO.JSO2,12,IC.LSA;X4.A01;X4.C13;X4.D08;X4.D26;X4.F06;X4.GS01;Z8.365;Z8.373;ZV.GUNA;ZV.LORI;ZV.MAQU
XS.L39D,12,GT.DBIC;XS.I04D;XS.I12D;XS.I14D;XS.L02A;XS.L16D;XS.L18D;XS.L37D;XS.S15D;XS.S24D;XS.S32D;XS.S38D
7U.TJTJ,12,YT.BENN;YT.DUFK;YT.HOWD;YT.LPLY;YT.MCRG;YT.MTAK;YT.RMBO;YT.SILY;YT.STEW;YT.THUR;YT.UPTW;YT.WAIS
7O.ABNH,12,C8.FORQ;C8.PCAQ;LD.FRNY;PE.PAKC;PE.PBL2;PE.PN1;PE.PSSK;PO.MATQ;US.GLMI;WU.TOBO;YM.MHCG;YU.B01A
XM.ASB08,12,C1.CO05;C1.LL02;C1.LL05;C1.LR04;C1.VA04;GT.PLCA;XM.ASB04;XM.ASB11;XM.ASB13;XM.ASB19;XM.ASB20;XM.ASB22
XS.I04D,12,IM.H10S2;XS.I12D;XS.I14D;XS.L02A;XS.L16D;XS.L18D;XS.L37D;XS.L39D;XS.S15D;XS.S24D;XS.S32D;XS.S38D
XS.L18D,12,GT.DBIC;XS.I04D;XS.I12D;XS.I14D;XS.L02A;XS.L16D;XS.L37D;XS.L39D;XS.S15D;XS.S24D;XS.S32D;XS.S38D
X4.GS01,12,IC.XAN;X4.A01;X4.D26;X4.GS09;X4.GS12;X4.GS18;XO.JSO2;Z8.310;Z8.320;Z8.356;Z8.365;Z8.373
M8.AU52,12,M8.AI45;M8.AM37;M8.AQ41;M8.AU41;M8.AY41;M8.AY52;M8.MUKOZ;M8.WATNG;S1.AUALB;S1.AUBUS;S1.AUKAL;S1.AUMAZ
OH.CROH,12,4A.MN50;GS.DEC08;KY.LLKY;NM.WADM;PE.PAKC;PE.PBL2;PE.PN1;PE.PSSK;PO.MATQ;US.GLMI;WU.TOBO;YU.B01A
XA.SA76,12,IU.LSZ;XA.SA18;XA.SA20;XA.SA26;XA.SA29;XA.SA35;XA.SA38;XA.SA60;XA.SA64;XA.SA71;XA.SA73;XA.SA80
M8.AQ41,12,M8.AI45;M8.AU41;M8.AU52;M8.AY41;M8.MUKOZ;M8.WATNG;S1.AUALB;S1.AUBUS;S1.AUCAR;S1.AUKAL;S1.AUKAR;S1.AUMAZ
XC.OR100,12,CI.CIA;CI.PDM;IE.BCYI;IE.IRCI;MB.HRY;PB.B934;US.HAWA;US.MVCO;XP.N16;XQ.ME10;XQ.ME62;YH.L01
GE.ZKR,12,GE.APE;GE.SKD;GE.TIRR;HT.LKD;MN.VTS;MN.WDD;XS.S009;XS.S037;XS.S040;YD.MMNN;YL.ARSL;YL.BEKI
ZJ.RKST,12,G.CCD;XH.DR02;XH.DR15;XH.DR16;XH.RS02;XH.RS06;XH.RS08;XH.RS15;YT.DEVL;YT.MILR;ZJ.BEBP;ZJ.DONT
X4.GS12,12,IC.XAN;X4.A01;X4.D08;X4.D26;X4.GS01;X4.GS09;X4.GS18;Z8.310;Z8.320;Z8.356;Z8.365;Z8.373
XS.S24D,12,IM.H10S2;XS.I04D;XS.I12D;XS.I14D;XS.L02A;XS.L16D;XS.L18D;XS.L37D;XS.L39D;XS.S15D;XS.S32D;XS.S38D
OV.CCOL,12,8G.EC17;CM.MAP;CM.PRV;CM.SJC;CM.TUM;EC.TULM;GI.AVPA;NU.CSGN;NU.ESPN;TC.ICC3;TC.TRT1;YU.MD04
CU.GRGR,12,CU.ANWB;CU.BBGH;PR.IMPR;PR.SNC1;TR.DLPL;TR.TOSP;VE.BAUV;WI.SLBI;YI.D35;YU.NL02;YU.NL10;ZZ.XSJN
XS.L16D,12,GT.DBIC;XS.I04D;XS.I12D;XS.I14D;XS.L02A;XS.L18D;XS.L37D;XS.L39D;XS.S15D;XS.S24D;XS.S32D;XS.S38D
YU.NL10,12,CM.RUS;CM.SJC;CU.GRGR;LO.LOBA2;VE.BAUV;YU.GJ03;YU.MD04;YU.NL02;YU.SL02;YU.SL09;ZC.HMDR;ZC.SODR
XQ.ME10,12,CI.CIA;CI.PDM;IE.BCYI;IE.IRCI;MB.HRY;PB.B934;US.HAWA;XC.OR061;XC.OR088;XC.OR100;XQ.ME62;YH.L01
YH.IFAK,12,AF.KTWE;AF.LBB;AF.PWET;YH.MOHO;YH.MTWA;YH.WALE;ZP.ISOK;ZP.KASM;ZP.KISH;ZP.MKUS;ZP.MPIK;ZP.MWEN
XB.PS37,12,3D.MM05;3D.MM15;G.SSB;MN.RTC;PM.PESTR;PM.PFVI;XB.PM04;XB.PM18;XB.PM25;XB.PM35;XB.PS16;XB.PS57
ZJ.DONT,12,XH.DR02;XH.DR15;XH.DR16;XH.RS02;XH.RS06;XH.RS08;XH.RS15;XH.RS17;YT.DEVL;YT.MILR;ZJ.BEBP;ZJ.RKST
CB.GYA,12,CB.GZH;CB.WHN;HK.HKPS;IC.QIZ;IC.XAN;MM.KTN;RM.SLV;TM.CMAI;TM.CRAI;TM.NONG;TM.PANO;TM.PHRA
US.KNB,12,CI.CIA;IE.BCYI;IE.IRCI;MB.HRY;NR.NE74;NR.NE75;NR.NE80;NR.NE81;XM.NM24;XM.NM32;XM.UT52;XS.N08
YS.PL43,12,YS.MRKH;YS.NGOK;YS.PL37;YS.PL38;YS.PL39;YS.PL40;YS.PL41;YS.PL44;YS.PL45;YS.PL46;YS.PL50;YS.PL57
YF.HVAR,12,G.SSB;GE.APE;GE.MAHO;GE.MLR;GE.PSZ;GE.RUE;GE.SKD;MN.BNI;MN.VSL;MN.VTS;MN.WDD;YF.DUOK
S1.AUROX,12,OZ.BOGA;OZ.HKER;OZ.MILD;OZ.MRAT;OZ.ROBE;OZ.ROWM;S1.AUALC;S1.AUAPY;S1.AUCAS;S1.AUGRF;S1.AUHPC;S1.AUJCS
QZ.USHN,12,II.AAK;KZ.MAKZ;KZ.OTUK;QZ.BRZS;QZ.SEM;QZ.TDK;QZ.ZSN;X7.MC06;X7.MC14;XV.NW140;XV.NW300;XV.SW060
XS.I14D,12,GT.DBIC;XS.I04D;XS.I12D;XS.L02A;XS.L16D;XS.L18D;XS.L37D;XS.L39D;XS.S15D;XS.S24D;XS.S32D;XS.S38D
X4.H01,12,IC.LSA;X4.A01;X4.D08;X4.D11;X4.D26;X4.H05;X4.H13;X4.H19;X4.H22;ZV.GUNA;ZV.LORI;ZV.MAQU
XJ.ZUP,11,IU.MA2;XJ.APA;XJ.BNG;XJ.ESS;XJ.KGB;XJ.OSO;XJ.PAN;XJ.PZT;XJ.SBL;XJ.TIG;XJ.TKI
8Q.P03,11,8Q.P09;8Q.P11;8Q.P12;8Q.P13;8Q.P15;8Q.P17;8Q.P18;8Q.P19;8Q.P20;8Q.P21;8Q.P22
AI.BELA,11,1D.BREN;1D.FOWL;1D.KIBB;YT.DUFK;YT.EAGL;YT.MECK;YT.PECA;YT.RMBO;YT.STEW;YT.THRO;YT.WILS
ZU.NZ12,11,NZ.URZ;Y3.CROE;ZU.NZ01;ZU.NZ04;ZU.NZ05;ZU.NZ18;ZU.NZ21;ZU.NZ22;ZU.NZ24;ZU.NZ26;ZU.NZ29
XS.L37D,11,XS.I04D;XS.I12D;XS.I14D;XS.L02A;XS.L16D;XS.L18D;XS.L39D;XS.S15D;XS.S24D;XS.S32D;XS.S38D
M8.TEFOZ,11,M8.AI45;M8.AM37;M8.AU41;M8.AY41;M8.MUKOZ;M8.WATNG;S1.AUAPY;S1.AUBRM;S1.AUCAR;S1.AUKAL;S1.AUKAR
PM.PMOZ,11,1L.ST30;3D.MM05;3D.MM15;II.CMLA;IP.MTOR;IU.MACI;MN.RTC;PM.PESTR;PM.PFVI;ZI.MB16;ZI.MB19
XW.ADEN,11,2H.BTIE;XW.DAMT;XW.GHDI;XW.MAWI;XW.MOKA;XW.MUKA;XW.SAUM;XW.SIMA;XW.TAMU;ZF.HYNE;ZF.LYDE
9D.KNS,11,DK.ANGG;DK.DY2G;DK.ICESG;DK.NRS;DK.SOEG;G.IVI;GE.SUMG;X5.JENN;X5.KIMN;X5.MNGN;X5.PNGN
XV.NW140,11,II.AAK;KZ.MAKZ;KZ.OTUK;QZ.BRZS;QZ.CHM;QZ.SEM;QZ.TDK;QZ.USHN;QZ.ZSN;XV.NW300;XV.SW060
AF.PKA,11,8A.GAMM;AF.CVNA;AF.GRM;AF.HVD;AF.MOPA;AF.POGA;AF.UPI;AF.WIN;XK.B04KH;XK.B07DX;ZQ.AAM2
TT.TAMR,11,AC.VLO;CH.FUORN;G.SSB;MN.BNI;MN.CLTB;MN.PDG;MN.VSL;MN.WDD;TT.TATN;TT.THTN;XB.PS57
XB.CM02,11,IU.MSKU;XB.CM01;XB.CM03;XB.CM06;XB.CM11;XB.CM16;XB.CM17;XB.CM24;XB.CM27;XB.CM29;XB.CM31
Y3.CROE,11,NZ.URZ;ZU.NZ01;ZU.NZ04;ZU.NZ05;ZU.NZ12;ZU.NZ18;ZU.NZ21;ZU.NZ22;ZU.NZ24;ZU.NZ26;ZU.NZ29
XW.TAMU,11,II.RAYN;II.UOSS;XW.ADEN;XW.DAMT;XW.GHDI;XW.MAWI;XW.MOKA;XW.MUKA;XW.SAUM;XW.SIMA;ZF.LYDE
XV.AMPY,11,AF.SKRH;G.FOMA;XV.ANLA;XV.BAND;XV.BITY;XV.MAHA;XV.MAJA;XV.MMBE;XV.SOLA;XV.VINA;XV.ZOBE
XB.CM16,11,IU.MSKU;XB.CM01;XB.CM02;XB.CM03;XB.CM06;XB.CM11;XB.CM17;XB.CM24;XB.CM27;XB.CM29;XB.CM31
XF.MA28,11,IM.TX02;NR.NE79;NR.NE82;NR.NE83;TO.CARR;TO.MULU;TO.SAFR;XF.MA36;XF.MA40;ZL.I02;ZL.S05
ON.VAS01,11,BL.PMNB;BL.RCLB;ON.ABR01;ON.ALF01;ON.ANA01;ON.GDU01;ON.NAN01;ON.PET01;ON.RIB01;ON.TER01;ON.TIJ01
Z9.W14,11,4P.MBB03;KY.LLKY;NM.SCMO;XO.LE17;XO.MG05;XY.PACW;Z9.E07;Z9.E31;Z9.W315;ZL.N06M;ZL.N07A
TX.ELG6,11,4O.GV01;JW.BRR;MX.HPIG;MX.MOIG;MX.ZAIG;O2.SC12;OK.HEWI;TX.435B;TX.BRDY;TX.DKNS;US.AMTX
8Q.P17,11,8Q.P03;8Q.P09;8Q.P11;8Q.P12;8Q.P13;8Q.P15;8Q.P18;8Q.P19;8Q.P20;8Q.P21;8Q.P22
IU.MA2,11,XJ.APA;XJ.BNG;XJ.ESS;XJ.KGB;XJ.OSO;XJ.PAN;XJ.PZT;XJ.SBL;XJ.TIG;XJ.TKI;XJ.ZUP
YO.X06,11,7A.BDEG;IM.I51H3;N4.060A;N4.257A;N4.R53A;XY.PACW;YO.D03;YO.X01;YO.X03;YO.X09;YO.X10
XV.DGOS,11,XV.ANLA;XV.ANTS;XV.BAND;XV.BANJ;XV.BITY;XV.LAHA;XV.MAJA;XV.SOLA;XV.VATO;XV.VINA;XV.ZOBE
YF.DUOK,11,G.SSB;GE.IBBN;GE.MAHO;GE.MLR;GE.PSZ;GE.RUE;MN.BNI;MN.VSL;MN.VTS;MN.WDD;YF.HVAR
XB.CM01,11,IU.MSKU;XB.CM02;XB.CM03;XB.CM06;XB.CM11;XB.CM16;XB.CM17;XB.CM24;XB.CM27;XB.CM29;XB.CM31
MH.P0006,11,3J.OBS01;3J.OBS04;3J.OBS10;3J.OBS11;3J.OBS13;3J.OBS17;3J.OBS19;3J.OBS23;G.FUTU;HV.ANDI;MH.P0008
ZQ.ETIP,11,AK.GLB;AK.PAX;AK.PPLA;AT.MID;C8.BNKB;NY.MAYO;NY.TGTN;NY.WGLY;PQ.NAB2;PQ.NBC3;XJ.SNOW
OK.HEWI,11,4O.GV01;GS.DEC08;KY.LLKY;O2.SC12;TX.435B;TX.BRDY;TX.DKNS;TX.ELG6;US.AMTX;US.ECSD;US.MVCO
8Q.P18,11,8Q.P03;8Q.P09;8Q.P11;8Q.P12;8Q.P13;8Q.P15;8Q.P17;8Q.P19;8Q.P20;8Q.P21;8Q.P22
XB.CM17,11,IU.MSKU;XB.CM01;XB.CM02;XB.CM03;XB.CM06;XB.CM11;XB.CM16;XB.CM24;XB.CM27;XB.CM29;XB.CM31
XS.S15D,11,GT.DBIC;XS.I04D;XS.I12D;XS.I14D;XS.L16D;XS.L18D;XS.L37D;XS.L39D;XS.S24D;XS.S32D;XS.S38D
C1.VA04,11,2V.PO20;3E.MEL15;3Y.SC02;C1.CO05;C1.LL05;C1.LR04;GT.PLCA;XM.ASB04;XM.ASB08;XM.ASB13;XM.ASB22
ZT.WEST,11,GS.DEC08;KY.LLKY;NM.WADM;PE.PAKC;PE.PBL2;PE.PN1;PE.PSSK;US.ECSD;US.GLMI;WU.TOBO;YU.B01A
M8.AY52,11,M8.AI45;M8.AM37;M8.AU41;M8.AU52;M8.AY41;M8.MUKOZ;M8.WATNG;S1.AUALB;S1.AUBUS;S1.AUKAL;S1.AUMAZ
XJ.TKI,11,IU.BILL;IU.MA2;XJ.APA;XJ.BNG;XJ.ESS;XJ.KGB;XJ.OSO;XJ.PAN;XJ.SBL;XJ.TIG;XJ.ZUP
XW.SAUM,11,II.RAYN;XW.ADEN;XW.DAMT;XW.GHDI;XW.MAWI;XW.MOKA;XW.MUKA;XW.SIMA;XW.TAMU;ZF.HYNE;ZF.LYDE
S1.AUDHS,11,2O.BTL04;2O.BTL07;IM.I07H8;S1.AUBRM;S1.AUKAT;S1.AUNHS;YS.HADA;YS.MTNG;YS.ONIX;YS.SAVU;YS.TL06
4P.MBB03,11,GS.OK006;KY.LLKY;NM.SCMO;US.AMTX;US.ECSD;XI.SM37;XI.SN44;XO.MG05;XR.SC25;Z9.W14;ZL.N06M
MX.ZAIG,11,3U.AR2;4O.GV01;7P.PC53;EP.CHC4;IM.TX02;MG.JRQG;MX.HPIG;MX.MOIG;TX.435B;TX.BRDY;TX.ELG6
8Q.P12,11,8Q.P03;8Q.P09;8Q.P11;8Q.P13;8Q.P15;8Q.P17;8Q.P18;8Q.P19;8Q.P20;8Q.P21;8Q.P22
ZU.NZ29,11,NZ.URZ;Y3.CROE;ZU.NZ01;ZU.NZ04;ZU.NZ05;ZU.NZ12;ZU.NZ18;ZU.NZ21;ZU.NZ22;ZU.NZ24;ZU.NZ26
8Q.P09,11,8Q.P03;8Q.P11;8Q.P12;8Q.P13;8Q.P15;8Q.P17;8Q.P18;8Q.P19;8Q.P20;8Q.P21;8Q.P22
RV.ASHMA,11,I0.RD179;IE.BCYI;II.FFC;MB.HRY;PQ.LHLYB;PQ.NBC8;RV.DEDWA;RV.KAKWA;RV.SWHSA;TD.TD009;US.DGMT
ZU.NZ05,11,NZ.URZ;Y3.CROE;ZU.NZ01;ZU.NZ04;ZU.NZ12;ZU.NZ18;ZU.NZ21;ZU.NZ22;ZU.NZ24;ZU.NZ26;ZU.NZ29
8Q.P21,11,8Q.P03;8Q.P09;8Q.P11;8Q.P12;8Q.P13;8Q.P15;8Q.P17;8Q.P18;8Q.P19;8Q.P20;8Q.P22
C8.PCAQ,11,7K.AN4;7O.ABNH;C8.FORQ;LD.FRNY;N4.E62A;N4.G65A;PO.LATQ;PO.MATQ;PO.NANL;PO.NWRL;X8.COSY
XQ.ME62,11,CI.CIA;CI.PDM;IE.BCYI;IE.IRCI;PB.B934;US.HAWA;XC.OR061;XC.OR088;XC.OR100;XQ.ME10;YH.L01
XW.MUKA,11,II.RAYN;XW.ADEN;XW.DAMT;XW.GHDI;XW.MAWI;XW.MOKA;XW.SAUM;XW.SIMA;XW.TAMU;ZF.HYNE;ZF.LYDE
G.TAOE,11,MH.P0013;MH.P0016;MH.P0017;MH.P0018;XE.CC07;XE.EC01;XE.EE02;XE.EE04;XE.WC02;XE.WW01;XE.WW03
4O.GV01,11,JW.BRR;MX.HPIG;MX.ZAIG;O2.SC12;OK.HEWI;TX.435B;TX.BRDY;TX.DKNS;TX.ELG6;US.AMTX;US.MVCO
8A.NEPA,11,8A.BAHE;8A.GAMM;8A.HAO;8A.KANO;8A.OKAM;8A.OMUT;8A.OTJO;8A.WEWE;AF.BLWY;AF.WIN;NR.NE215
1P.OHRS,11,1P.CURI;1P.EIDA;1P.GUMN;1P.LVAN;1P.MAMA;1P.PMOR;C1.LL02;C1.LL05;C1.LR04;C1.MG02;GT.PLCA
EC.PUYO,11,3C.GS02;3C.NW09;3C.SL09;8G.EC17;CM.RUS;CM.TUM;EC.BOSC;EC.MCRA;EC.MILO;EC.SALI;EC.TULM
XS.S009,11,GE.APE;GE.TIRR;GE.ZKR;HT.LKD;MN.CLTB;MN.DIVS;MN.VTS;MN.WDD;XS.S037;XS.S040;YG.CBP4N
XW.DAMT,11,II.RAYN;XW.ADEN;XW.GHDI;XW.MAWI;XW.MOKA;XW.MUKA;XW.SAUM;XW.SIMA;XW.TAMU;ZF.HYNE;ZF.LYDE
XJ.PAN,11,IU.BILL;IU.MA2;XJ.APA;XJ.BNG;XJ.ESS;XJ.KGB;XJ.PZT;XJ.SBL;XJ.TIG;XJ.TKI;XJ.ZUP
XS.N039,11,GE.TIRR;HL.ARG;HL.RDO;HT.AGG;MN.DIVS;MN.PDG;MN.VTS;MN.WDD;XS.N020;YL.ARSL;YL.BEKI
ZU.NZ22,11,NZ.URZ;Y3.CROE;ZU.NZ01;ZU.NZ04;ZU.NZ05;ZU.NZ12;ZU.NZ18;ZU.NZ21;ZU.NZ24;ZU.NZ26;ZU.NZ29
ZU.NZ26,11,NZ.URZ;Y3.CROE;ZU.NZ01;ZU.NZ04;ZU.NZ05;ZU.NZ12;ZU.NZ18;ZU.NZ21;ZU.NZ22;ZU.NZ24;ZU.NZ29
XF.MA36,11,NR.NE79;NR.NE82;NR.NE83;TO.CARR;TO.MULU;TO.SAFR;XF.MA28;XF.MA40;ZL.I02;ZL.N06;ZL.S05
YT.MTAK,11,7U.TJTJ;YT.BENN;YT.HOWD;YT.LPLY;YT.MCRG;YT.MRTP;YT.SILY;YT.STEW;YT.THUR;YT.UPTW;YT.WAIS
ZU.NZ04,11,NZ.URZ;Y3.CROE;ZU.NZ01;ZU.NZ05;ZU.NZ12;ZU.NZ18;ZU.NZ21;ZU.NZ22;ZU.NZ24;ZU.NZ26;ZU.NZ29
XA.SA81,11,XA.SA01;XA.SA03;XA.SA04;XA.SA18;XA.SA20;XA.SA26;XA.SA29;XA.SA35;XA.SA38;XA.SA60;XA.SA64
ZU.NZ21,11,NZ.URZ;Y3.CROE;ZU.NZ01;ZU.NZ04;ZU.NZ05;ZU.NZ12;ZU.NZ18;ZU.NZ22;ZU.NZ24;ZU.NZ26;ZU.NZ29
MY.KSM,11,MY.KOM;MY.SBM;TW.VNAS;YC.SBA2;YC.SBA8;YC.SBC5;YC.SBE1;YC.SBF4;ZB.L10S;ZB.LAIS;ZB.LUNG
XJ.TIG,11,IU.MA2;XJ.APA;XJ.BNG;XJ.ESS;XJ.KGB;XJ.OSO;XJ.PAN;XJ.PZT;XJ.SBL;XJ.TKI;XJ.ZUP
XS.L02A,11,IM.H10S2;XS.I04D;XS.I12D;XS.I14D;XS.L16D;XS.L18D;XS.L37D;XS.L39D;XS.S24D;XS.S32D;XS.S38D
XM.CB01,11,C1.AC02;C1.CO05;XM.ANB03;XM.ANB07;XM.ANB09;XM.ANB10;XM.ANB11;XM.ANB16;XM.ANB19;XM.ANB20;XM.CB22
ZU.NZ18,11,NZ.URZ;Y3.CROE;ZU.NZ01;ZU.NZ04;ZU.NZ05;ZU.NZ12;ZU.NZ21;ZU.NZ22;ZU.NZ24;ZU.NZ26;ZU.NZ29
8Q.P15,11,8Q.P03;8Q.P09;8Q.P11;8Q.P12;8Q.P13;8Q.P17;8Q.P18;8Q.P19;8Q.P20;8Q.P21;8Q.P22
QZ.SEM,11,II.AAK;KZ.MAKZ;KZ.OTUK;QZ.BRZS;QZ.TDK;QZ.USHN;QZ.ZSN;X7.MC14;XV.NW140;XV.NW300;XV.SW060
XW.MAWI,11,II.RAYN;XW.ADEN;XW.DAMT;XW.GHDI;XW.MOKA;XW.MUKA;XW.SAUM;XW.SIMA;XW.TAMU;ZF.HYNE;ZF.LYDE
1P.PMOR,11,1P.CURI;1P.EIDA;1P.GUMN;1P.LVAN;1P.MAMA;1P.OHRS;C1.LL02;C1.LL05;C1.MG02;GT.PLCA;II.EFI
XL.MG06,11,NV.BACME;NY.TGTN;NY.WGLY;PQ.NAB2;PQ.NBC3;PQ.NBC8;RV.DEDWA;RV.SWHSA;TD.TD009;US.HAWA;Y5.PER
XF.MA40,11,IM.TX02;NR.NE79;NR.NE82;NR.NE83;TO.CARR;TO.MULU;XF.MA28;XF.MA36;ZL.I02;ZL.N06;ZL.S05
XJ.BNG,11,IU.MA2;XJ.APA;XJ.ESS;XJ.KGB;XJ.OSO;XJ.PAN;XJ.PZT;XJ.SBL;XJ.TIG;XJ.TKI;XJ.ZUP
8A.WEWE,11,8A.BAHE;8A.GAMM;8A.HAO;8A.KANO;8A.NEPA;8A.OKAM;8A.OMUT;8A.OTJO;AF.UPI;AF.WIN;NR.NE215
XJ.APA,11,IU.MA2;XJ.BNG;XJ.ESS;XJ.KGB;XJ.OSO;XJ.PAN;XJ.PZT;XJ.SBL;XJ.TIG;XJ.TKI;XJ.ZUP
8Q.P19,11,8Q.P03;8Q.P09;8Q.P11;8Q.P12;8Q.P13;8Q.P15;8Q.P17;8Q.P18;8Q.P20;8Q.P21;8Q.P22
8Q.P22,11,8Q.P03;8Q.P09;8Q.P11;8Q.P12;8Q.P13;8Q.P15;8Q.P17;8Q.P18;8Q.P19;8Q.P20;8Q.P21
XB.CM11,11,IU.MSKU;XB.CM01;XB.CM02;XB.CM03;XB.CM06;XB.CM16;XB.CM17;XB.CM24;XB.CM27;XB.CM29;XB.CM31
Z9.E07,11,KY.LLKY;N4.X48A;NM.WADM;XO.LE17;XO.MG05;XO.SOKY;XY.PACW;Z9.E31;Z9.W14;Z9.W315;ZL.N07A
JP.JMM,11,JP.JEW;JP.JGF;JP.JHJ2;JP.JHS;JP.JMN;JP.JNU;JP.JSD;JP.JTM;JP.JTU;JP.JWT;KS.SH2B
X4.GS18,11,IC.XAN;X4.A01;X4.D26;X4.GS01;X4.GS09;X4.GS12;Z8.310;Z8.320;Z8.356;Z8.365;Z8.373
8Q.P11,11,8Q.P03;8Q.P09;8Q.P12;8Q.P13;8Q.P15;8Q.P17;8Q.P18;8Q.P19;8Q.P20;8Q.P21;8Q.P22
8Q.P13,11,8Q.P03;8Q.P09;8Q.P11;8Q.P12;8Q.P15;8Q.P17;8Q.P18;8Q.P19;8Q.P20;8Q.P21;8Q.P22
XP.PLTP,11,GT.CPUP;TO.PE03;TO.PH20;XP.LZAE;YS.PARW;ZD.FS07;ZG.CB14;ZG.CB34;ZG.CP07;ZG.CP12;ZG.CP13
8Q.P20,11,8Q.P03;8Q.P09;8Q.P11;8Q.P12;8Q.P13;8Q.P15;8Q.P17;8Q.P18;8Q.P19;8Q.P21;8Q.P22
X4.H19,11,IC.LSA;X4.A01;X4.D08;X4.D11;X4.D26;X4.H01;X4.H05;X4.H13;X4.H22;ZV.GUNA;ZV.MAQU
ZU.NZ24,11,NZ.URZ;Y3.CROE;ZU.NZ01;ZU.NZ04;ZU.NZ05;ZU.NZ12;ZU.NZ18;ZU.NZ21;ZU.NZ22;ZU.NZ26;ZU.NZ29
X8.COSY,10,C8.FORQ;C8.PCAQ;LD.FRNY;N4.E62A;N4.G65A;N4.R61A;PE.PAKC;PE.PSSK;PO.LATQ;YM.MHCG
XA.SA26,10,XA.SA01;XA.SA03;XA.SA04;XA.SA10;XA.SA18;XA.SA20;XA.SA35;XA.SA38;XA.SA76;XA.SA81
9R.OBS16,10,CM.PRV;CW.CAIB;CW.CAMR;CW.CCCC;CW.CHIV;CW.SOR;CY.CBCY;NU.BILN;NU.CSGN;NU.SIUN
GS.KS24,10,GS.DEC08;KY.LLKY;NM.WADM;TX.BRDY;TX.DKNS;US.AMTX;US.DGMT;US.ECSD;US.MVCO;WY.YHR
IU.YSS,10,5G.D10;ID.ERM;JP.ASAJ;YP.NE5D;YP.NE6F;YP.NE7D;YP.NE8I;YP.NE9B;YP.NEAB;YP.NEAD
XM.ASB11,10,C1.LL02;C1.LL05;C1.LR04;GT.PLCA;XM.ASB04;XM.ASB08;XM.ASB13;XM.ASB19;XM.ASB20;XM.ASB22
ZL.N07A,10,KY.LLKY;NM.SCMO;US.AMTX;US.ECSD;XI.SM37;XO.MG05;Z9.E07;Z9.E31;Z9.W14;Z9.W315
XP.S29,10,CI.PDM;IE.BCYI;IE.IRCI;IM.TX02;US.AMTX;US.MVCO;XP.N16;XP.N20;XR.SC25;YH.L01
XA.SA20,10,XA.SA01;XA.SA03;XA.SA04;XA.SA10;XA.SA18;XA.SA26;XA.SA35;XA.SA38;XA.SA76;XA.SA81
XJ.ESS,10,IU.MA2;XJ.APA;XJ.BNG;XJ.KGB;XJ.OSO;XJ.PAN;XJ.SBL;XJ.TIG;XJ.TKI;XJ.ZUP
RU.ANN,10,GE.TIRR;GF.TEPE;HL.RDO;KO.DKL;KO.ELL;KO.KARS;MP.DHK1;RU.ERBR;RU.VSLR;XA.GP03
CU.BBGH,10,CU.ANWB;CU.GRGR;PR.IMPR;PR.SNC1;TR.DLPL;TR.TOSP;VE.BAUV;WI.SLBI;YI.D35;ZZ.XSJN
1P.LVAN,10,1P.CURI;1P.EIDA;1P.GUMN;1P.MAMA;1P.OHRS;1P.PMOR;C1.LL02;C1.LL05;C1.MG02;II.EFI
BL.PMNB,10,BL.RCLB;ON.ABR01;ON.ALF01;ON.ANA01;ON.GDU01;ON.NAN01;ON.PET01;ON.RIB01;ON.TIJ01;ON.VAS01
XW.MOKA,10,XW.ADEN;XW.DAMT;XW.GHDI;XW.MAWI;XW.MUKA;XW.SAUM;XW.SIMA;XW.TAMU;ZF.HYNE;ZF.LYDE
TF.KHO,10,II.AAK;II.NIL;KR.BTK;KR.SFK;KR.TRKS;QZ.CHM;QZ.TDK;QZ.ZHTS;TJ.CHGR;TJ.MURGB
4Q.UT19,10,C1.AF02;C1.CO05;XM.ANB03;XM.ANB07;XM.ANB09;XM.ANB10;XM.ANB16;XM.ANB17;XM.ANB19;XM.ANB20
XG.SQUAN,10,1A.NE00;1A.NE26;1A.NE48;5G.D10;5G.D16;IC.HIA;IC.SSE;IU.INCN;Z8.310;Z8.320
1D.ATOL,10,1D.BREN;1D.ELSW;1D.FOWL;1D.KIBB;1D.PIG3;1D.WELC;AI.ESPZ;YT.HOWD;YT.MECK;YT.THUR
X8.QMM5,10,LD.FRNY;PO.LATQ;PO.MATQ;X8.QM38;X8.QM58;X8.QM76;X8.QM90;XI.SC10;Y6.HOLY;Y6.MALY
JP.JMJ2,10,CB.NJ2;IC.SSE;IU.TATO;JP.JMZ;JP.JNU;JP.JOW;JP.JSU;RM.SZP;TW.KMNB;TW.VDOS
1A.NE00,10,1A.NE26;1A.NE48;5G.D10;5G.D16;IC.HIA;IC.SSE;IU.INCN;JP.JNU;XG.SQUAN;Z8.310
XW.SIMA,10,II.RAYN;II.UOSS;XW.ADEN;XW.DAMT;XW.GHDI;XW.MAWI;XW.MOKA;XW.MUKA;XW.SAUM;XW.TAMU
IN.PBA,10,MM.NGU;MM.SIM;MM.YGN;TM.CHBT;TM.NAYO;TM.PHRA;TM.PRAC;TM.SKLT;TM.SRDT;TM.SRIT
XB.CM03,10,XB.CM01;XB.CM02;XB.CM06;XB.CM11;XB.CM16;XB.CM17;XB.CM24;XB.CM27;XB.CM29;XB.CM31
XK.B17CI,10,AF.BLWY;AF.KTWE;AF.MONG;AF.TEZI;AF.UPI;AF.WIN;IU.LSZ;XK.B04KH;XK.B07DX;XK.Z04NN
TR.DLPL,10,CU.ANWB;CU.BBGH;CU.GRGR;LO.LOBA2;TR.TOSP;VE.BAUV;WI.SLBI;ZC.HMDR;ZC.SODR;ZZ.XSJN
1D.BREN,10,1D.ATOL;1D.ELSW;1D.FOWL;1D.KIBB;1D.PIG3;1D.WELC;AI.BELA;AI.ESPZ;YT.HOWD;YT.MECK
TJ.MURGB,10,II.AAK;II.NIL;KR.BTK;KR.SFK;KR.TRKS;QZ.CHM;QZ.TDK;QZ.ZHTS;TF.KHO;TJ.CHGR
3C.NW09,10,3C.GS02;3C.SL09;CM.LCBC;CM.PRV;CM.RUS;CM.SJC;CM.TUM;EC.MILO;EC.PUYO;EC.TULM
BL.RCLB,10,BL.PMNB;GT.CPUP;ON.ABR01;ON.ALF01;ON.NAN01;ON.PET01;ON.RIB01;ON.TER01;ON.TIJ01;ON.VAS01
X5.MARN,10,1E.CNF;DK.KULLO;X5.CHIN;X5.CTSN;X5.JENN;X5.KIMN;X5.MNGN;X5.NOTN;X5.PNGN;X5.SHMN
XB.CM31,10,XB.CM01;XB.CM02;XB.CM03;XB.CM06;XB.CM11;XB.CM16;XB.CM17;XB.CM24;XB.CM27;XB.CM29
XB.CM24,10,XB.CM01;XB.CM02;XB.CM03;XB.CM06;XB.CM11;XB.CM16;XB.CM17;XB.CM27;XB.CM29;XB.CM31
ZZ.FWU17,10,7P.PC53;NM.WADM;O2.SC12;TX.435B;TX.BRDY;TX.DKNS;US.AMTX;US.ECSD;US.MVCO;Z7.LA01
S1.AUMOU,10,M8.RUGBY;OZ.AWOON;S1.AUAYR;S1.AUCSH;S1.AUDCS;S1.AUMUL;S1.AUPHS;S1.AUTKS;Y2.KKVN5;YW.MSWL3
YU.SL02,10,CM.RUS;CM.SJC;CM.TUM;EC.TULM;VE.BAUV;YU.GJ03;YU.MD04;YU.NL02;YU.NL10;YU.SL09
XB.CM06,10,XB.CM01;XB.CM02;XB.CM03;XB.CM11;XB.CM16;XB.CM17;XB.CM24;XB.CM27;XB.CM29;XB.CM31
JM.NMIA0,10,CM.PRV;CM.SJC;CU.GRTK;CW.CCCC;CW.SOR;CY.CBCY;N4.060A;NU.ESPN;ZC.SODR;ZZ.XSJN
PR.IMPR,10,CU.ANWB;CU.BBGH;CU.GRGR;CU.GRTK;CW.CCCC;CW.CHIV;PR.SNC1;WI.SLBI;ZC.HMDR;ZC.SODR
Z7.LA01,10,7P.PC53;GS.DEC08;KY.LLKY;NM.WADM;O2.SC12;TX.435B;TX.BRDY;TX.DKNS;US.AMTX;ZZ.FWU17
ZM.GM07,10,ZM.GM03;ZM.GM04;ZM.GM06;ZM.N156;ZM.N173;ZM.N190;ZM.N215;ZM.P061;ZM.P080;ZM.P124
XJ.SBL,10,IU.MA2;XJ.APA;XJ.BNG;XJ.ESS;XJ.KGB;XJ.OSO;XJ.PAN;XJ.TIG;XJ.TKI;XJ.ZUP
X5.PNGN,10,9D.KNS;DK.KULLO;X5.CHIN;X5.CTSN;X5.JENN;X5.KIMN;X5.MARN;X5.MNGN;X5.NOTN;X5.SHMN
KZ.AB06,10,II.ARTI;KZ.CHKZ6;KZ.OTUK;QZ.AKST;QZ.ALGA;QZ.BRZS;QZ.CHM;QZ.FDRN;QZ.INDER;YL.WKZ15
XJ.KGB,10,IU.MA2;XJ.APA;XJ.BNG;XJ.ESS;XJ.PAN;XJ.PZT;XJ.SBL;XJ.TIG;XJ.TKI;XJ.ZUP
CB.GZH,10,CB.GYA;CB.NJ2;CB.WHN;HK.HKPS;IC.QIZ;IU.TATO;RM.SLV;RM.SZP;TW.KMNB;TW.VDOS
WI.SLBI,10,CU.ANWB;CU.BBGH;CU.GRGR;PR.IMPR;PR.SNC1;TR.DLPL;TR.TOSP;VE.BAUV;ZC.HMDR;ZZ.XSJN
ON.ALF01,10,BL.PMNB;BL.RCLB;ON.ABR01;ON.ANA01;ON.GDU01;ON.NAN01;ON.PET01;ON.RIB01;ON.TIJ01;ON.VAS01
XB.CM29,10,XB.CM01;XB.CM02;XB.CM03;XB.CM06;XB.CM11;XB.CM16;XB.CM17;XB.CM24;XB.CM27;XB.CM31
X2.CRAT,10,CI.CIA;CI.PDM;EP.CHC4;IE.BCYI;IM.TX02;MX.HPIG;NN.RUB;TO.CC08;US.AMTX;US.MVCO
XK.UT65,10,CI.CIA;CI.PDM;IE.BCYI;MB.HRY;NR.NE80;NR.NE81;US.AMTX;US.HAWA;XC.OR088;XE.SNP22
XB.CM27,10,XB.CM01;XB.CM02;XB.CM03;XB.CM06;XB.CM11;XB.CM16;XB.CM17;XB.CM24;XB.CM29;XB.CM31
II.LVZ,10,GE.PUL;IU.KEV;Y1.N7001;Y1.N7027;YF.N6017;YF.N6029;YV.NSS;ZR.N1306;ZR.N1312;ZR.N1317
TO.CC08,10,7D.G36D;BC.PIX;BC.SPX;BC.TJX;CI.CIA;CI.PDM;NC.G005;NN.RUB;PB.B934;X2.CRAT
X4.GS09,10,IC.XAN;X4.D26;X4.GS01;X4.GS12;X4.GS18;Z8.310;Z8.320;Z8.356;Z8.365;Z8.373
QZ.INDER,10,A0.LUS3;AB.HASN;AB.PRLH;GO.GHRG;II.ARTI;KZ.AB06;QZ.AKST;QZ.ALGA;QZ.FDRN;XA.EP15
X4.H22,10,X4.A01;X4.D08;X4.D11;X4.D26;X4.H01;X4.H05;X4.H13;X4.H19;ZV.GUNA;ZV.MAQU
XV.NW300,10,II.AAK;KZ.MAKZ;KZ.OTUK;QZ.BRZS;QZ.SEM;QZ.TDK;QZ.USHN;QZ.ZSN;XV.NW140;XV.SW060
ZP.MKUS,10,AF.KTWE;AF.MONG;AF.TEZI;IU.LSZ;YH.IFAK;YH.WALE;ZP.ISOK;ZP.KASM;ZP.KISH;ZP.MPIK
1A.NE48,10,1A.NE00;1A.NE26;5G.D10;5G.D16;IC.HIA;IU.INCN;IU.ULN;XG.SQUAN;Z8.310;Z8.320
ZU.NZ01,10,Y3.CROE;ZU.NZ04;ZU.NZ05;ZU.NZ12;ZU.NZ18;ZU.NZ21;ZU.NZ22;ZU.NZ24;ZU.NZ26;ZU.NZ29
XK.B07DX,10,AF.BLWY;AF.KTWE;AF.MONG;AF.PKA;AF.TEZI;AF.UPI;AF.WIN;IU.LSZ;XK.B04KH;XK.B17CI
YB.AT39,10,HL.ARG;KO.ELL;KO.KARS;YB.AT06;YB.AT19;YB.AT44;YB.AT49;YB.AT56;YB.AT63;YH.KO07
XD.C02,10,2D.OBS06;2D.OBS08;2D.OBS13;2D.OBS16;2D.OBS21;CI.CIA;CI.PDM;NN.RUB;PB.B934;US.MVCO
CW.GNEO,10,CM.PRV;CW.CAMR;CW.CHIV;CW.SOR;CY.CBCY;LO.LOBA2;YU.GJ03;YU.MD04;ZC.HMDR;ZC.SODR
TM.SKLT,10,IN.PBA;MY.KOM;MY.KUM;RM.DLV;TM.CHBT;TM.NAYO;TM.PRAC;TM.SRDT;TM.SRIT;TM.UBPT
YD.OBS14,10,CH.FUORN;G.SSB;GE.APE;GE.PSZ;MN.BNI;MN.CLTB;MN.VSL;MN.VTS;MN.WDD;YI.BOB
ZP.KAMZ,10,AF.KTWE;AF.MONG;AF.PWET;AF.TEZI;IU.LSZ;ZP.ISOK;ZP.KASM;ZP.KISH;ZP.MPIK;ZP.MWEN
YL.F01,9,IU.RAO;YL.A14W;YL.B14W;YL.N01W;YL.S02W;Z1.LBSA;Z1.MOAL;Z1.VABL;Z1.VAVP
IO.EVN,9,IC.LSA;IN.SHL;K5.MONG;MM.SIM;XR.BA07;XR.MS02;XR.MS05;XR.MS09;Z6.BRDL
7D.J36C,9,7D.J31C;7D.J48C;7D.J53C;IE.BCYI;NC.G005;NN.RUB;PB.B934;TD.TD009;US.HAWA
X5.MNGN,9,9D.KNS;X5.CHIN;X5.CTSN;X5.JENN;X5.KIMN;X5.MARN;X5.NOTN;X5.PNGN;X5.SHMN
XA.SA01,9,XA.SA03;XA.SA04;XA.SA10;XA.SA18;XA.SA20;XA.SA26;XA.SA29;XA.SA38;XA.SA81
XA.SA64,9,XA.SA18;XA.SA29;XA.SA38;XA.SA60;XA.SA71;XA.SA73;XA.SA76;XA.SA80;XA.SA81
JP.ASAJ,9,5G.D10;IU.YSS;YP.NE5D;YP.NE6F;YP.NE7D;YP.NE8I;YP.NE9B;YP.NEAB;YP.NEAD
IP.MTOR,9,IU.MACI;MN.RTC;PM.PFVI;PM.PMOZ;XB.PM04;XB.PM18;XB.PM25;XB.PM35;XB.PS16
YS.OLC5,9,TO.PE03;ZD.FM09;ZD.FS07;ZG.CB14;ZG.CB34;ZG.CP07;ZG.CP12;ZG.CP13;ZG.CP19
2D.OBS16,9,2D.OBS06;2D.OBS08;2D.OBS13;2D.OBS21;CI.CIA;CI.PDM;NN.RUB;PB.B934;XD.C02
GE.PUL,9,GE.MHV;GE.TRTE;II.LVZ;IU.KIEV;YF.N6017;YF.N6029;YV.NSS;YY.SW03;YY.SW05
XR.SC25,9,4P.MBB03;CI.PDM;GS.OK006;IM.TX02;US.AMTX;US.MVCO;XP.N16;XP.N20;XP.S29
ZE.HOLG,9,AK.FALS;AK.FYU;AK.GLB;AK.PAX;AK.PPLA;AT.MID;AT.SVW2;NY.MAYO;ZE.BULG
YS.MTNG,9,II.KAPI;S1.AUDHS;S1.AUKAT;YS.BULE;YS.HADA;YS.ONIX;YS.SARA;YS.SAVU;YS.TL06
YL.S02W,9,IU.RAO;YL.A14W;YL.B14W;YL.F01;YL.N01W;Z1.LBSA;Z1.MOAL;Z1.VABL;Z1.VAVP
HK.HKPS,9,CB.GYA;CB.GZH;CB.WHN;IC.QIZ;IU.TATO;RM.SLV;RM.SZP;TW.KMNB;TW.VDOS
6H.MASS,9,6H.FUNH;AF.BLWY;AF.KTWE;AF.TEZI;IU.LSZ;XV.MMBE;XV.NAPU;XV.SENA;XV.TETE
XH.ESP03,9,GT.CPUP;IU.TRQA;X6.NS10;XY.U54B;XY.U72B;ZL.BARR;ZL.CHUM;ZL.COLO;ZL.NOQE
XJ.OSO,9,IU.BILL;IU.MA2;XJ.APA;XJ.BNG;XJ.ESS;XJ.SBL;XJ.TIG;XJ.TKI;XJ.ZUP
YS.ONIX,9,II.KAPI;S1.AUDHS;S1.AUKAT;YS.BULE;YS.HADA;YS.MTNG;YS.SARA;YS.SAVU;YS.TL06
YH.MOHO,9,YH.IFAK;YH.MTWA;YH.WALE;ZP.ISOK;ZP.KASM;ZP.LAEL;ZP.MGOR;ZP.MPIK;ZP.PNDA
1P.MAMA,9,1P.CURI;1P.EIDA;1P.GUMN;1P.LVAN;1P.OHRS;1P.PMOR;C1.LL02;C1.MG02;II.EFI
7D.J20B,9,7D.G13B;7D.G26B;IE.BCYI;NN.RUB;PB.B934;US.HAWA;X9.BB240;X9.BB420;XT.D58
ON.PET01,9,BL.PMNB;BL.RCLB;GT.CPUP;ON.ALF01;ON.NAN01;ON.RIB01;ON.TER01;ON.TIJ01;ON.VAS01
XA.SA60,9,XA.SA18;XA.SA29;XA.SA38;XA.SA64;XA.SA71;XA.SA73;XA.SA76;XA.SA80;XA.SA81
1P.GUMN,9,1P.CURI;1P.EIDA;1P.LVAN;1P.MAMA;1P.OHRS;1P.PMOR;C1.LL02;C1.LL05;C1.MG02
XA.SA03,9,XA.SA01;XA.SA04;XA.SA10;XA.SA18;XA.SA20;XA.SA26;XA.SA35;XA.SA38;XA.SA81
XA.EP15,9,AB.HASN;AB.PRLH;MP.AMR2;MP.DHK1;MP.KAR2;MP.SLY1;QZ.INDER;XA.AX08;YL.WKZ15
2D.OBS06,9,2D.OBS08;2D.OBS13;2D.OBS16;2D.OBS21;CI.CIA;CI.PDM;NN.RUB;PB.B934;XD.C02
YT.MCRG,9,7U.TJTJ;YT.HOWD;YT.LPLY;YT.MRTP;YT.MTAK;YT.SILY;YT.THUR;YT.UPTW;YT.WAIS
XA.SA29,9,XA.SA01;XA.SA18;XA.SA38;XA.SA60;XA.SA64;XA.SA71;XA.SA73;XA.SA76;XA.SA81
ON.RIB01,9,BL.PMNB;BL.RCLB;ON.ABR01;ON.ALF01;ON.ANA01;ON.GDU01;ON.NAN01;ON.PET01;ON.VAS01
3C.GS02,9,3C.NW09;3C.SL09;CM.LCBC;CM.RUS;CM.SJC;CM.TUM;EC.MILO;EC.PUYO;EC.TULM
YG.INC37,9,CM.PRV;CW.CAMR;CW.SOR;CY.CBCY;GI.HUBA;NU.BILN;NU.CSGN;NU.SIUN;SV.RBDL
3C.SL09,9,3C.GS02;3C.NW09;CM.LCBC;CM.RUS;CM.SJC;CM.TUM;EC.MILO;EC.PUYO;EC.TULM
YT.THRO,9,1D.KIBB;AI.BELA;GE.SNAA;YT.AGO3;YT.DUFK;YT.EAGL;YT.PECA;YT.RMBO;YT.STEW
MP.KUT1,9,A0.LUS3;AB.HASN;AB.PRLH;GO.GHRG;II.RAYN;MP.ANB2;MP.DHK1;MP.KAR2;MP.SAM2
ZJ.BEBP,9,G.CCD;XH.DR02;XH.DR15;XH.DR16;XH.RS02;XH.RS06;YT.DEVL;ZJ.DONT;ZJ.RKST
BL.PTMB,9,BL.AGVB;BL.IBIB;BL.NAVB;BL.PPDB;BL.TRIB;XE.CRUZ;XE.ROSL;XE.SALI;XE.UYUN
Z1.Z34S,9,AF.MOPA;AF.RUDU;BX.KGCAE;BX.LKGWB;BX.PHPEN;BX.XAUDM;Z1.Z01J;Z1.Z16N;Z1.Z21G
GO.GHRG,9,A0.LUS3;AB.HASN;AB.PRLH;MP.ANB2;MP.DHK1;MP.KAR2;MP.KUT1;QZ.INDER;YB.SM05
IU.KEV,9,II.LVZ;IU.KBS;PL.HSPB;Y1.N7001;Y1.N7027;YF.N6002;YF.N6017;YF.N6029;YV.NSS
ON.TIJ01,9,BL.PMNB;BL.RCLB;GT.CPUP;ON.ALF01;ON.PET01;ON.TER01;ON.VAS01;XM.ANB17;XM.ANB18
7D.G26B,9,7D.G13B;7D.J20B;IE.BCYI;NN.RUB;PB.B934;US.HAWA;X9.BB240;X9.BB420;XT.D58
XW.KSA,9,II.AAK;II.NIL;KN.ULHL;KZ.MAKZ;XW.AKSU;XW.ATUS;XW.BCHU;XW.KHA;XW.PDG
TJ.GEZN,9,II.AAK;II.NIL;KN.ULHL;KR.BTK;KR.SFK;KR.TRKS;KZ.OTUK;TJ.CHGR;TJ.SHAA
XW.KHA,9,II.AAK;KN.ULHL;KZ.CHKZ6;KZ.MAKZ;XW.AKSU;XW.ATUS;XW.BCHU;XW.KSA;XW.PDG
AB.PRLH,9,A0.LUS3;AB.HASN;GO.GHRG;MP.DHK1;MP.KAR2;MP.KUT1;MP.SLY1;QZ.INDER;XA.EP15
2D.OBS13,9,2D.OBS06;2D.OBS08;2D.OBS16;2D.OBS21;CI.CIA;CI.PDM;NN.RUB;PB.B934;XD.C02
ZQ.AAM2,9,AF.BLWY;AF.CVNA;AF.GRM;AF.HARE;AF.HVD;AF.MOPA;AF.PKA;AF.POGA;AF.UPI
YS.TL06,9,II.KAPI;S1.AUDHS;S1.AUKAT;YS.BULE;YS.HADA;YS.MTNG;YS.ONIX;YS.SARA;YS.SAVU
XE.SNPG9,9,CI.CIA;CI.PDM;IE.BCYI;IE.IRCI;MB.HRY;US.HAWA;US.MVCO;XC.OR061;XC.OR088
JP.JTM,9,1U.SHRD;JP.JEW;JP.JGF;JP.JHJ2;JP.JHS;JP.JMM;JP.JMN;JP.JSD;JP.JWT
1A.NE26,9,1A.NE00;1A.NE48;5G.D10;5G.D16;IC.HIA;IU.INCN;XG.SQUAN;Z8.310;Z8.320
YL.A14W,9,IU.RAO;YL.B14W;YL.F01;YL.N01W;YL.S02W;Z1.LBSA;Z1.MOAL;Z1.VABL;Z1.VAVP
YY.SW05,9,GE.HLG;GE.PSZ;GE.PUL;GE.RGN;GE.RUE;NL.HGN;YG.CBP2J;YG.CBP4F;YY.SW03
GI.PETF,9,CM.PRV;CW.SOR;GI.AVPA;NU.BILN;NU.CSGN;NU.ESPN;NU.SIUN;TC.TRT1;ZB.B01
C1.MG02,9,1P.CURI;1P.EIDA;1P.GUMN;1P.LVAN;1P.MAMA;1P.OHRS;1P.PMOR;C1.LL02;II.EFI
Y6.HOLY,9,LD.FRNY;PO.LATQ;PO.MATQ;X8.QM38;X8.QM58;X8.QM76;X8.QM90;X8.QMM5;Y6.MALY
2D.OBS08,9,2D.OBS06;2D.OBS13;2D.OBS16;2D.OBS21;CI.CIA;CI.PDM;NN.RUB;PB.B934;XD.C02
CB.WHN,9,1G.WOP01;CB.GYA;CB.GZH;CB.NJ2;HK.HKPS;IC.SSE;IC.XAN;IU.TATO;TW.KMNB
ZX.215,9,5G.D10;IC.HIA;IC.SSE;IC.XAN;IU.INCN;XG.ELSH;XG.MJPU;XG.XZHOU;ZX.230
S1.AUKAR,9,M8.AI45;M8.AM37;M8.AQ41;M8.AU41;M8.AY41;M8.MUKOZ;M8.TEFOZ;S1.AUBRM;S1.AUCAR
XS.N020,9,GE.TIRR;HL.ARG;HT.AGG;MN.DIVS;MN.PDG;MN.VSL;MN.VTS;MN.WDD;XS.N039
4A.MN50,9,GS.DEC08;II.FFC;OH.CROH;PE.PBL2;PO.MATQ;US.DGMT;US.ECSD;US.GLMI;WU.TOBO
YB.SM05,9,AB.HASN;GE.TIRR;GO.GHRG;HL.ARG;HL.RDO;KO.DKL;KO.ELL;MP.ANB2;MP.DHK1
2D.OBS21,9,2D.OBS06;2D.OBS08;2D.OBS13;2D.OBS16;CI.CIA;CI.PDM;NN.RUB;PB.B934;XD.C02
ZZ.XSJN,9,CU.ANWB;CU.BBGH;CU.GRGR;CU.GRTK;JM.NMIA0;TR.DLPL;TR.TOSP;WI.SLBI;ZC.SODR
XV.VATO,9,G.FOMA;MR.MRIV;XV.ANLA;XV.ANTS;XV.DGOS;XV.LAHA;XV.MAHA;XV.MAJA;XV.MMBE
BC.SPX,9,BC.PIX;BC.TJX;CI.CIA;CI.PDM;MX.HPIG;NC.G005;NN.RUB;TO.CC08;US.MVCO
YT.LPLY,9,7U.TJTJ;YT.HOWD;YT.MCRG;YT.MRTP;YT.MTAK;YT.SILY;YT.THUR;YT.UPTW;YT.WAIS
3K.NIKI,9,GF.TEPE;HL.ARG;HL.RDO;HT.AGG;KO.DKL;KO.ELL;KO.KARS;MP.DHK1;MP.KAR2
OZ.AWOON,8,S1.AUAYR;S1.AUCSH;S1.AUDCS;S1.AUMOU;S1.AUPHS;S1.AUTKS;Y2.KKVN5;YW.MSWL3
XP.N076,8,XP.DIHI;XP.E006;XP.MINN;XP.N028;XP.N044;XP.N060;XP.N100;XP.N116
X5.KIMN,8,9D.KNS;X5.CHIN;X5.CTSN;X5.MARN;X5.MNGN;X5.NOTN;X5.PNGN;X5.SHMN
XA.SA35,8,XA.SA03;XA.SA10;XA.SA18;XA.SA20;XA.SA26;XA.SA38;XA.SA76;XA.SA81
Z1.VABL,8,YL.A14W;YL.B14W;YL.F01;YL.N01W;YL.S02W;Z1.LBSA;Z1.MOAL;Z1.VAVP
7D.J53C,8,7D.J31C;7D.J36C;7D.J48C;NC.G005;NN.RUB;PB.B934;TD.TD009;US.HAWA
G.IVI,8,9D.KNS;DK.ANGG;DK.DY2G;DK.ICESG;DK.NRS;DK.SOEG;GG.SE1;PO.NANL
TJ.SHAA,8,II.AAK;II.NIL;KN.ULHL;KR.BTK;KR.SFK;KR.TRKS;TJ.CHGR;TJ.GEZN
Z1.VAVP,8,YL.A14W;YL.B14W;YL.F01;YL.N01W;YL.S02W;Z1.LBSA;Z1.MOAL;Z1.VABL
1L.ST30,8,CA.CARA;CA.CFAR;CA.CPAL;MN.RTC;PM.PESTR;PM.PFVI;PM.PMOZ;WM.UCM
X5.CHIN,8,X5.CTSN;X5.JENN;X5.KIMN;X5.MARN;X5.MNGN;X5.NOTN;X5.PNGN;X5.SHMN
YL.BEKI,8,GE.APE;GE.TIRR;GE.ZKR;MN.VTS;XS.N039;XS.S037;XS.S040;YL.ARSL
EP.CHC4,8,CI.PDM;IM.TX02;MX.ZAIG;N4.237B;US.AMTX;US.MVCO;X2.CRAT;ZW.AZCF
1D.WELC,8,1D.ATOL;1D.BREN;1D.ELSW;1D.FOWL;1D.KIBB;AI.ESPZ;YT.HOWD;YT.MECK
XA.SA04,8,XA.SA01;XA.SA03;XA.SA10;XA.SA18;XA.SA20;XA.SA26;XA.SA38;XA.SA81
1G.EA29,8,1G.WA05;1G.WA08;1G.WA17;1G.WA20;CB.DL2;CB.SNY;IC.HIA;IC.XAN
TC.TRT1,8,CM.PRV;CM.SJC;CY.CBCY;GI.PETF;NU.CSGN;NU.ESPN;OV.CCOL;YU.MD04
GE.MRNI,8,GE.APE;GE.SKD;MN.KEG;XG.BYBT;XG.DGSU;XG.ERGN;XG.KTLN;XG.MSDY
XF.H1415,8,IC.LSA;II.NIL;XE.ES03;XE.ES11;XE.ES19;XE.SP18;XF.H1210;XF.H1630
II.KAPI,8,YC.SBA8;YS.BULE;YS.HADA;YS.MTNG;YS.ONIX;YS.SARA;YS.SAVU;YS.TL06
XE.ROSL,8,BL.NAVB;BL.PTMB;GT.CPUP;XE.CRUZ;XE.LAJO;XE.PACH;XE.SALI;XE.UYUN
8B.416,8,8B.402;8B.430;IC.SSE;IC.XAN;ZV.GUNA;ZV.LORI;ZV.MAQU;ZV.XWAN
XC.OR061,8,IE.BCYI;IE.IRCI;MB.HRY;US.HAWA;XC.OR088;XE.SNPG9;XQ.ME10;XQ.ME62
YS.SAVU,8,II.KAPI;S1.AUDHS;YS.BULE;YS.HADA;YS.MTNG;YS.ONIX;YS.SARA;YS.TL06
YL.ARSL,8,GE.APE;GE.TIRR;GE.ZKR;MN.VTS;XS.N039;XS.S037;XS.S040;YL.BEKI
GI.AVPA,8,CM.PRV;CW.SOR;GI.PETF;NU.BILN;NU.CSGN;NU.ESPN;NU.SIUN;OV.CCOL
XP.N100,8,XP.DIHI;XP.E006;XP.MINN;XP.N028;XP.N044;XP.N060;XP.N076;XP.N116
Y2.PURG,8,IC.LSA;II.NIL;X4.C13;XI.TANG;Y2.GUGE;Y2.NOCO;Y2.WT06;Y2.WT12
3E.MEL15,8,C1.AC02;C1.AF02;C1.CO05;C1.LL02;C1.LL05;C1.LR04;C1.VA04;GT.PLCA
XW.PDG,8,II.AAK;KN.ULHL;KZ.MAKZ;XW.AKSU;XW.ATUS;XW.BCHU;XW.KHA;XW.KSA
8B.430,8,8B.402;8B.416;IC.SSE;IC.XAN;ZV.GUNA;ZV.LORI;ZV.MAQU;ZV.XWAN
Z1.LBSA,8,YL.A14W;YL.B14W;YL.F01;YL.N01W;YL.S02W;Z1.MOAL;Z1.VABL;Z1.VAVP
TC.ICC3,8,8G.EC17;CM.MAP;CM.PRV;CM.TUM;EC.SALI;NU.CSGN;NU.ESPN;OV.CCOL
PQ.ULUN,8,AK.C27K;AK.E27K;AK.G27K;NY.MAYO;PQ.CMBN;PQ.KLONY;PQ.RICHY;PQ.TUKN
YL.B14W,8,YL.A14W;YL.F01;YL.N01W;YL.S02W;Z1.LBSA;Z1.MOAL;Z1.VABL;Z1.VAVP
XW.GHDI,8,XW.ADEN;XW.DAMT;XW.MAWI;XW.MOKA;XW.MUKA;XW.SAUM;XW.SIMA;XW.TAMU
TT.THTN,8,AC.VLO;MN.BNI;MN.CLTB;MN.VSL;MN.WDD;TT.TAMR;TT.TATN;XB.PS57
MY.SBM,8,MY.KOM;MY.KSM;TW.VNAS;YC.SBA2;YC.SBA8;YC.SBC5;YC.SBE1;YC.SBF4
YS.HADA,8,II.KAPI;S1.AUDHS;YS.BULE;YS.MTNG;YS.ONIX;YS.SARA;YS.SAVU;YS.TL06
ZF.LYDE,8,XW.ADEN;XW.DAMT;XW.MAWI;XW.MOKA;XW.MUKA;XW.SAUM;XW.TAMU;ZF.HYNE
PR.SNC1,8,CU.ANWB;CU.BBGH;CU.GRGR;CU.GRTK;PR.IMPR;WI.SLBI;ZC.HMDR;ZC.SODR
RU.ERBR,8,GE.TIRR;GF.TEPE;KO.KARS;MP.DHK1;RU.ANN;RU.R27;RU.VSLR;XA.GP03
XN.B15,8,AK.DCPH;AK.PAX;AK.PPLA;XN.A06;XN.A16;XN.B07;XN.B11;XN.BC03
XA.SA73,8,XA.SA18;XA.SA29;XA.SA38;XA.SA60;XA.SA64;XA.SA71;XA.SA76;XA.SA80
Y5.HON,8,II.FFC;MB.HRY;US.DGMT;US.HAWA;Y5.DOR;Y5.FMC;Y5.PER;Y5.RW1
YY.NGLE,8,XJ.LN25;YY.ABMD;YY.CHGE;YY.DAQU;YY.GORE;YY.MGNA;YY.NEKE;YY.SHER
XW.BCHU,8,II.AAK;II.NIL;KN.ULHL;KZ.MAKZ;XR.ST40;XW.KHA;XW.KSA;XW.PDG
S1.AUAPY,8,M8.AY41;M8.TEFOZ;OZ.HKER;OZ.MRAT;S1.AUALC;S1.AUCAS;S1.AUJCS;S1.AUROX
Z1.MOAL,8,YL.A14W;YL.B14W;YL.F01;YL.N01W;YL.S02W;Z1.LBSA;Z1.VABL;Z1.VAVP
YL.N01W,8,YL.A14W;YL.B14W;YL.F01;YL.S02W;Z1.LBSA;Z1.MOAL;Z1.VABL;Z1.VAVP
MR.MRIV,8,G.ROCAM;XV.ANLA;XV.BITY;XV.LAHA;XV.MAHA;XV.SOLA;XV.VATO;XV.ZOBE
CM.MAP,8,CM.PRV;CM.RUS;CM.TUM;EC.SALI;EC.TULM;NU.ESPN;OV.CCOL;TC.ICC3
IU.TEIG,8,CY.CBCY;NU.CSGN;NU.ESPN;TO.EGIP;TO.MONT;TO.SAFR;YO.F6;YO.N11
S1.AUKAT,8,2O.BTL04;IM.I07H8;S1.AUALC;S1.AUDHS;S1.AUNHS;YS.MTNG;YS.ONIX;YS.TL06
7D.G13B,8,7D.G26B;7D.J20B;NN.RUB;PB.B934;US.HAWA;X9.BB240;X9.BB420;XT.D58
ZB.LUNG,8,MY.KOM;MY.KSM;MY.KUM;ZB.L10S;ZB.LAIS;ZB.PPNG;ZB.TIKU;ZB.Y30S
ZB.TIKU,8,MY.KOM;MY.KUM;ZB.L10S;ZB.LAIS;ZB.LUNG;ZB.N60B;ZB.PPNG;ZB.Y30S
XA.SA10,8,XA.SA01;XA.SA03;XA.SA04;XA.SA18;XA.SA20;XA.SA26;XA.SA35;XA.SA38
X9.BB240,8,7D.G13B;7D.G26B;7D.J20B;NN.RUB;PB.B934;US.HAWA;X9.BB420;XT.D58
RU.VSLR,8,GE.TIRR;GF.TEPE;KO.KARS;MP.DHK1;RU.ANN;RU.ERBR;RU.R27;XA.GP03
TR.TOSP,8,CU.ANWB;CU.BBGH;CU.GRGR;TR.DLPL;VE.BAUV;WI.SLBI;YU.NL02;ZZ.XSJN
AF.HARE,8,AF.BLWY;AF.KTWE;AF.LBB;AF.MOPA;AF.POGA;AF.TEZI;IU.LSZ;ZQ.AAM2
X9.BB420,8,7D.G13B;7D.G26B;7D.J20B;NN.RUB;PB.B934;US.HAWA;X9.BB240;XT.D58
XN.BC03,8,AK.DCPH;XN.A06;XN.A16;XN.B07;XN.B11;XN.B15;XY.BN23;XY.BS07
XA.SA71,8,XA.SA18;XA.SA29;XA.SA38;XA.SA60;XA.SA64;XA.SA73;XA.SA76;XA.SA80
AK.ATKA,8,9C.2A11;AK.FALS;AK.M11K;AK.SPIA;AT.SMY;IU.ADK;XO.WD67;XO.WD69
1P.CURI,8,1P.EIDA;1P.GUMN;1P.LVAN;1P.MAMA;1P.OHRS;1P.PMOR;C1.LL02;C1.MG02
NR.NE78,8,IM.TX02;NR.NE74;NR.NE75;NR.NE79;NR.NE80;NR.NE81;NR.NE82;NR.NE83
XN.A06,8,AK.DCPH;XN.A16;XN.B07;XN.B11;XN.B15;XN.BC03;XY.BN23;XY.BS07
DK.NRS,8,9D.KNS;DK.ANGG;DK.DY2G;DK.ICESG;DK.SOEG;G.IVI;GG.SE1;PO.NANL
X4.F06,8,IC.LSA;X4.A01;X4.C13;X4.D26;XO.JSO2;Z8.356;Z8.365;Z8.373
YY.SHER,7,YY.ABMD;YY.CHGE;YY.DAQU;YY.GORE;YY.MGNA;YY.NEKE;YY.NGLE
YY.ABMD,7,YY.CHGE;YY.DAQU;YY.GORE;YY.MGNA;YY.NEKE;YY.NGLE;YY.SHER
ZV.CHAA,7,AF.KTWE;AF.LBB;XJ.LN25;YQ.KIMO;YQ.MATA;YQ.MFRI;YQ.VWZM
1G.WOP01,7,1G.NOP01;1G.WOP11;1G.WOP23;CB.WHN;IC.XAN;YP.NE32;YP.NE61
YS.PL19,7,YS.MRKH;YS.NGOK;YS.PL03;YS.PL08;YS.PL14;YS.PL21;YS.PL27
YT.AGO3,7,YT.DUFK;YT.EAGL;YT.HOWE;YT.PECA;YT.RMBO;YT.SWEI;YT.THRO
XD.RUNG,7,IU.LSZ;XD.HALE;XD.INZA;XD.KIBA;XD.KOMO;XD.SING;XD.URAM
BL.TRIB,7,BL.AGVB;BL.CDCB;BL.FURB;BL.IBIB;BL.NAVB;BL.PPDB;BL.PTMB
ZL.CHUM,7,GT.CPUP;IU.TRQA;X6.NS10;XH.ESP03;ZL.BARR;ZL.COLO;ZL.NOQE
XE.WW01,7,G.TAOE;XE.CC07;XE.EC01;XE.EE02;XE.EE04;XE.WC02;XE.WW03
XE.EE02,7,G.TAOE;XE.CC07;XE.EC01;XE.EE04;XE.WC02;XE.WW01;XE.WW03
YF.N6029,7,GE.HLG;GE.PUL;GE.RGN;II.LVZ;IU.KEV;YF.N6002;YF.N6017
Z7.FAG,7,DK.ANGG;DK.SCO;DK.SOEG;EI.IDGL;GB.DRUM;GB.LRW;NO.JMIC
XW.AKSU,7,II.AAK;II.NIL;KN.ULHL;KZ.MAKZ;XW.KHA;XW.KSA;XW.PDG
XP.DIHI,7,XP.E006;XP.E026;XP.MINN;XP.N028;XP.N044;XP.N076;XP.N100
IU.SAML,7,IU.PTGA;ZD.FS07;ZG.CB14;ZG.CB34;ZG.CP12;ZG.CP13;ZG.CP19
TO.MULU,7,NR.NE83;TO.CARR;TO.SAFR;XF.MA28;XF.MA36;XF.MA40;ZL.S05
YS.PL14,7,YS.MRKH;YS.NGOK;YS.PL03;YS.PL08;YS.PL19;YS.PL21;YS.PL27
XP.E006,7,XP.DIHI;XP.E026;XP.MINN;XP.N028;XP.N044;XP.N076;XP.N100
X7.MC14,7,II.TLY;KZ.MAKZ;QZ.SEM;QZ.TDK;QZ.USHN;QZ.ZSN;X7.MC06
EC.BOSC,7,8G.EC17;CM.TUM;EC.MCRA;EC.PUYO;EC.SALI;EC.TULM;II.NNA
Z1.Z21G,7,AF.RUDU;BX.KGCAE;BX.XAUDM;Z1.Z01J;Z1.Z09L;Z1.Z16N;Z1.Z34S
CK.MNAS,7,II.AAK;II.NIL;KN.ULHL;KR.BTK;KR.SFK;KZ.MAKZ;KZ.OTUK
YY.NEKE,7,YY.ABMD;YY.CHGE;YY.DAQU;YY.GORE;YY.MGNA;YY.NGLE;YY.SHER
XE.WC02,7,G.TAOE;XE.CC07;XE.EC01;XE.EE02;XE.EE04;XE.WW01;XE.WW03
GE.MLR,7,GE.APE;GE.PSZ;IU.KIEV;MN.VTS;XH.SAR;YF.DUOK;YF.HVAR
ON.GDU01,7,BL.PMNB;ON.ABR01;ON.ALF01;ON.ANA01;ON.NAN01;ON.RIB01;ON.VAS01
XE.WW03,7,G.TAOE;XE.CC07;XE.EC01;XE.EE02;XE.EE04;XE.WC02;XE.WW01
ON.ABR01,7,BL.PMNB;BL.RCLB;ON.ALF01;ON.ANA01;ON.GDU01;ON.RIB01;ON.VAS01
ZF.HYNE,7,XW.ADEN;XW.DAMT;XW.MAWI;XW.MOKA;XW.MUKA;XW.SAUM;ZF.LYDE
6H.FUNH,7,6H.MASS;AF.BLWY;IU.LSZ;XV.MMBE;XV.NAPU;XV.SENA;XV.TETE
X5.SHMN,7,X5.CHIN;X5.CTSN;X5.KIMN;X5.MARN;X5.MNGN;X5.NOTN;X5.PNGN
YS.PL21,7,YS.MRKH;YS.NGOK;YS.PL03;YS.PL08;YS.PL14;YS.PL19;YS.PL27
YY.CHGE,7,YY.ABMD;YY.DAQU;YY.GORE;YY.MGNA;YY.NEKE;YY.NGLE;YY.SHER
ZL.COLO,7,GT.CPUP;IU.TRQA;X6.NS10;XH.ESP03;ZL.BARR;ZL.CHUM;ZL.NOQE
EC.SALI,7,CM.MAP;CM.TUM;EC.BOSC;EC.MCRA;EC.PUYO;EC.TULM;TC.ICC3
YY.GORE,7,YY.ABMD;YY.CHGE;YY.DAQU;YY.MGNA;YY.NEKE;YY.NGLE;YY.SHER
ZL.NOQE,7,GT.CPUP;IU.TRQA;X6.NS10;XH.ESP03;ZL.BARR;ZL.CHUM;ZL.COLO
7D.G36D,7,C8.MWAB;IE.BCYI;NC.G005;NN.RUB;PB.B934;TO.CC08;US.HAWA
YS.PL08,7,YS.MRKH;YS.NGOK;YS.PL03;YS.PL14;YS.PL19;YS.PL21;YS.PL27
X4.C13,7,IC.LSA;X4.A01;X4.D26;X4.F06;XO.JSO2;Y2.NOCO;Y2.PURG
Y5.FMC,7,II.FFC;MB.HRY;US.DGMT;Y5.DOR;Y5.HON;Y5.PER;Y5.RW1
YS.BULE,7,II.KAPI;YS.HADA;YS.MTNG;YS.ONIX;YS.SARA;YS.SAVU;YS.TL06
YS.PL03,7,YS.MRKH;YS.NGOK;YS.PL08;YS.PL14;YS.PL19;YS.PL21;YS.PL27
XP.N044,7,XP.DIHI;XP.E006;XP.E026;XP.MINN;XP.N028;XP.N076;XP.N100
Y6.MALY,7,LD.FRNY;PO.LATQ;X8.QM38;X8.QM58;X8.QM76;X8.QMM5;Y6.HOLY
II.EFI,7,1P.EIDA;1P.LVAN;1P.MAMA;1P.PMOR;C1.MG02;XB.ELEF;XB.HAMB
YT.EAGL,7,AI.BELA;YT.AGO3;YT.DUFK;YT.PECA;YT.RMBO;YT.STEW;YT.THRO
7D.FN16A,7,IE.BCYI;MB.HRY;NN.RUB;PB.B934;US.HAWA;XT.D58;Y5.PER
ZL.BARR,7,GT.PLCA;IU.TRQA;X6.NS10;XH.ESP03;ZL.CHUM;ZL.COLO;ZL.NOQE
GS.OK006,7,4P.MBB03;IM.TX02;KY.LLKY;US.AMTX;US.ECSD;US.MVCO;XR.SC25
ZB.LAIS,7,MY.KOM;MY.KSM;MY.KUM;ZB.LUNG;ZB.PPNG;ZB.TIKU;ZB.Y30S
ZB.Y30S,7,MY.KOM;MY.KUM;ZB.L10S;ZB.LAIS;ZB.LUNG;ZB.N60B;ZB.TIKU
XA.AX08,7,AB.HASN;MP.AMR2;MP.DHK1;MP.KAR2;MP.SLY1;XA.EP15;YL.WKZ15
XP.MINN,7,XP.DIHI;XP.E006;XP.E026;XP.N028;XP.N044;XP.N076;XP.N100
7K.AN4,7,C8.FORQ;C8.PCAQ;LD.FRNY;PE.PAKC;PE.PBL2;PE.PSSK;YM.MHCG
XP.N028,7,XP.DIHI;XP.E006;XP.E026;XP.MINN;XP.N044;XP.N076;XP.N100
8G.EC17,7,CM.RUS;CM.TUM;EC.BOSC;EC.PUYO;EC.TULM;OV.CCOL;TC.ICC3
XJ.PZT,7,IU.MA2;XJ.APA;XJ.BNG;XJ.KGB;XJ.PAN;XJ.TIG;XJ.ZUP
YF.N6017,7,GE.HLG;GE.PUL;GE.RGN;II.LVZ;IU.KEV;YF.N6002;YF.N6029
X5.CTSN,7,X5.CHIN;X5.KIMN;X5.MARN;X5.MNGN;X5.NOTN;X5.PNGN;X5.SHMN
ZL.N06M,7,4P.MBB03;KY.LLKY;NM.SCMO;US.AMTX;XI.SM37;XO.MG05;Z9.W14
XE.EC01,7,G.TAOE;XE.CC07;XE.EE02;XE.EE04;XE.WC02;XE.WW01;XE.WW03
MP.ANB2,7,AB.HASN;GO.GHRG;KO.ELL;MP.DHK1;MP.KUT1;MP.SAM2;YB.SM05
XF.H1210,7,IC.LSA;XE.ES03;XE.ES11;XE.ES19;XE.SP18;XF.H1415;XF.H1630
GG.SE1,7,DK.ANGG;DK.DY2G;DK.ICESG;DK.NRS;DK.SOEG;G.IVI;GE.SUMG
YC.SBE1,7,MY.KSM;MY.SBM;RM.DLV;YC.SBA2;YC.SBA8;YC.SBC5;YC.SBF4
XR.NOM,7,AK.FALS;AK.GAMB;AK.PAX;AK.PPLA;AK.SPIA;AK.TNA;XR.GTM
YC.SBA8,7,II.KAPI;MY.KSM;MY.SBM;YC.SBA2;YC.SBC5;YC.SBE1;YC.SBF4
YY.SN34,7,GE.HLG;GE.IBBN;GE.RGN;GE.RUE;NL.HGN;UK.STED;YY.SN32
ON.NAN01,7,BL.PMNB;BL.RCLB;ON.ALF01;ON.GDU01;ON.PET01;ON.RIB01;ON.VAS01
YF.PB49,7,CH.FUORN;IU.KIEV;MN.DIVS;NL.HGN;YF.PB60;YG.CBP4F;ZU.PA69
YF.PB60,7,IU.KIEV;MN.DIVS;YF.PB49;YG.CBP2J;YG.CBP4F;YG.CBP4N;ZU.PA69
7D.J31C,7,7D.J36C;7D.J48C;7D.J53C;NC.G005;NN.RUB;PB.B934;US.HAWA
S1.AUALC,7,2O.BTL04;2O.BTL07;IM.I07H8;OZ.HKER;S1.AUAPY;S1.AUKAT;S1.AUROX
JP.JMZ,7,JP.JHS;JP.JMJ2;JP.JMN;JP.JNU;JP.JOW;JP.JSU;JP.JTU
ZP.LAEL,7,AF.LBB;AF.TEZI;IU.LSZ;YH.MOHO;YH.WALE;ZP.MGOR;ZP.PNDA
JP.JEW,7,1U.SHRD;JP.JGF;JP.JHJ2;JP.JMM;JP.JSD;JP.JTM;JP.JWT
BL.AGVB,7,BL.CDCB;BL.FURB;BL.IBIB;BL.NAVB;BL.PPDB;BL.PTMB;BL.TRIB
YM.37,7,IC.QIZ;IC.SSE;IU.TATO;JP.JOW;TW.KMNB;YM.12;YM.39
X5.NOTN,7,X5.CHIN;X5.CTSN;X5.KIMN;X5.MARN;X5.MNGN;X5.PNGN;X5.SHMN
MP.SLY1,7,1F.ANIM;AB.HASN;AB.PRLH;MP.DHK1;MP.KAR2;XA.AX08;XA.EP15
Y2.KKVN5,7,OZ.AWOON;S1.AUDCS;S1.AUGRF;S1.AUMOU;S1.AUPHS;S1.AUTKS;S1.AUUHS
XG.ELSH,7,IC.HIA;IC.XAN;IU.ULN;XG.MJPU;XG.XZHOU;ZX.215;ZX.230
RM.SZP,7,CB.GZH;HK.HKPS;IU.TATO;JP.JMJ2;TW.KMNB;TW.VDOS;TW.VNAS
YS.SARA,7,II.KAPI;YS.BULE;YS.HADA;YS.MTNG;YS.ONIX;YS.SAVU;YS.TL06
XE.CC07,7,G.TAOE;XE.EC01;XE.EE02;XE.EE04;XE.WC02;XE.WW01;XE.WW03
GE.CART,7,G.SSB;GE.MAHO;GE.MELI;GE.MTE;MN.BNI;MN.RTC;MN.VSL
XE.EE04,7,G.TAOE;XE.CC07;XE.EC01;XE.EE02;XE.WC02;XE.WW01;XE.WW03
YS.PL27,7,YS.MRKH;YS.NGOK;YS.PL03;YS.PL08;YS.PL14;YS.PL19;YS.PL21
XN.B11,7,AK.DCPH;AK.PAX;XN.A06;XN.A16;XN.B07;XN.B15;XN.BC03
XY.U54B,6,3A.L107;GT.PLCA;IU.TRQA;XH.ESP03;XY.U06B;XY.U72B
XW.ATUS,6,II.AAK;II.NIL;KN.ULHL;XW.KHA;XW.KSA;XW.PDG
Y2.GUGE,6,II.NIL;KR.SFK;Y2.NOCO;Y2.PURG;Y2.WT06;Y2.WT12
7B.SS03,6,7B.MM04;7B.MM12;7B.NM04;7B.NN01;7B.NN04;7B.SS01
7B.MM12,6,7B.MM04;7B.NM04;7B.NN01;7B.NN04;7B.SS01;7B.SS03
XG.XZHOU,6,IC.SSE;IC.XAN;XG.ELSH;XG.MJPU;ZX.215;ZX.230
XI.SODA,6,II.RAYN;XI.AFIF;XI.HALM;XI.RANI;XI.RIYD;XI.UQSK
ZP.PNDA,6,AF.LBB;IU.LSZ;YH.MOHO;YH.WALE;ZP.LAEL;ZP.MGOR
MP.AMR2,6,II.RAYN;KO.KARS;MP.DHK1;MP.KAR2;XA.AX08;XA.EP15
YQ.VWZM,6,AF.LBB;XJ.LN25;YQ.KIMO;YQ.MATA;YQ.MFRI;ZV.CHAA
XT.RPPC2,6,XT.ABPC;XT.B151;XT.CMPC;XT.MHTO;XT.PNCH;XT.SOMB
7B.SA05,6,7B.SA01;7B.SA03;7B.SA04;7B.SA06;7B.SA07;7B.SA08
BL.IBIB,6,BL.AGVB;BL.NAVB;BL.PPDB;BL.PTMB;BL.TRIB;GT.CPUP
TW.VNAS,6,IC.QIZ;MY.KSM;MY.SBM;RM.DLV;RM.SZP;TM.UBPT
XD.URAM,6,XD.HALE;XD.INZA;XD.KIBA;XD.KOMO;XD.RUNG;XD.SING
XI.AFIF,6,II.RAYN;XI.HALM;XI.RANI;XI.RIYD;XI.SODA;XI.UQSK
2A.46,6,2A.30;2A.32;2A.34;2A.39;2A.44;2A.48
X6.NS10,6,GT.CPUP;XH.ESP03;ZL.BARR;ZL.CHUM;ZL.COLO;ZL.NOQE
YY.SN32,6,GE.HLG;GE.IBBN;GE.RGN;GE.RUE;NL.HGN;YY.SN34
ZQ.103,6,IC.SSE;IC.XAN;IU.INCN;XG.MJPU;ZQ.159;ZQ.184
IM.I51H3,6,YO.D03;YO.X01;YO.X03;YO.X06;YO.X09;YO.X10
PB.GUAX,6,AP.PVFF;BC.PIX;BC.TJX;CI.CIA;CI.PDM;RE.BRBY3
ZU.PA69,6,CH.FUORN;IU.KIEV;MN.DIVS;NL.HGN;YF.PB49;YF.PB60
2A.48,6,2A.30;2A.32;2A.34;2A.39;2A.44;2A.46
ZB.L10S,6,MY.KOM;MY.KSM;MY.KUM;ZB.LUNG;ZB.TIKU;ZB.Y30S
7B.NN04,6,7B.MM04;7B.MM12;7B.NM04;7B.NN01;7B.SS01;7B.SS03
YM.39,6,IC.SSE;IU.TATO;JP.JOW;TW.KMNB;YM.12;YM.37
7B.NM04,6,7B.MM04;7B.MM12;7B.NN01;7B.NN04;7B.SS01;7B.SS03
XE.SALI,6,BL.PTMB;XE.CRUZ;XE.LAJO;XE.PACH;XE.ROSL;XE.UYUN
6H.INCA,6,AF.KTWE;AF.TEZI;IU.LSZ;ZP.ISOK;ZP.KISH;ZP.MPIK
Z1.Z01J,6,AF.RUDU;BX.XAUDM;Z1.Z09L;Z1.Z16N;Z1.Z21G;Z1.Z34S
Z8.341,6,IC.XAN;Z8.310;Z8.320;Z8.356;Z8.365;Z8.373
IU.MACI,6,3D.MM05;3D.MM15;IP.MTOR;PM.PMOZ;ZI.MB16;ZI.MB19
YY.DAQU,6,YY.ABMD;YY.CHGE;YY.GORE;YY.NEKE;YY.NGLE;YY.SHER
YC.SBC5,6,MY.KSM;MY.SBM;YC.SBA2;YC.SBA8;YC.SBE1;YC.SBF4
XA.SA80,6,XA.SA38;XA.SA60;XA.SA64;XA.SA71;XA.SA73;XA.SA76
TW.VDOS,6,CB.GZH;HK.HKPS;IC.QIZ;JP.JMJ2;RM.SZP;TW.KMNB
7B.NN01,6,7B.MM04;7B.MM12;7B.NM04;7B.NN04;7B.SS01;7B.SS03
YY.MGNA,6,YY.ABMD;YY.CHGE;YY.GORE;YY.NEKE;YY.NGLE;YY.SHER
YQ.KIMO,6,AF.LBB;XJ.LN25;YQ.MATA;YQ.MFRI;YQ.VWZM;ZV.CHAA
XR.GTM,6,AK.GAMB;AK.PAX;AK.PPLA;AK.SPIA;AK.TNA;XR.NOM
2A.34,6,2A.30;2A.32;2A.39;2A.44;2A.46;2A.48
XD.KIBA,6,XD.HALE;XD.INZA;XD.KOMO;XD.RUNG;XD.SING;XD.URAM
Y5.DOR,6,II.FFC;MB.HRY;US.DGMT;Y5.FMC;Y5.HON;Y5.PER
XD.HALE,6,XD.INZA;XD.KIBA;XD.KOMO;XD.RUNG;XD.SING;XD.URAM
XD.INZA,6,XD.HALE;XD.KIBA;XD.KOMO;XD.RUNG;XD.SING;XD.URAM
ON.TER01,6,BL.RCLB;GT.CPUP;ON.PET01;ON.TIJ01;ON.VAS01;XM.ANB18
YD.OBS10,6,GE.APE;GE.PSZ;MN.BNI;MN.VSL;MN.VTS;YI.BOB
XD.KOMO,6,XD.HALE;XD.INZA;XD.KIBA;XD.RUNG;XD.SING;XD.URAM
QZ.ALGA,6,II.ARTI;KZ.AB06;QZ.AKST;QZ.BRZS;QZ.FDRN;QZ.INDER
EC.MCRA,6,CM.TUM;EC.BOSC;EC.PUYO;EC.SALI;EC.TULM;II.NNA
II.UOSS,6,II.RAYN;KW.MIB;XW.SAWQ;XW.SIMA;XW.SUYR;XW.TAMU
2A.39,6,2A.30;2A.32;2A.34;2A.44;2A.46;2A.48
TO.SAFR,6,IM.TX02;IU.TEIG;TO.MULU;XF.MA28;XF.MA36;ZL.S05
XD.SING,6,XD.HALE;XD.INZA;XD.KIBA;XD.KOMO;XD.RUNG;XD.URAM
7B.SS01,6,7B.MM04;7B.MM12;7B.NM04;7B.NN01;7B.NN04;7B.SS03
YQ.MFRI,6,AF.KTWE;AF.LBB;YQ.KIMO;YQ.MATA;YQ.VWZM;ZV.CHAA
YC.SBF4,6,MY.KSM;MY.SBM;YC.SBA2;YC.SBA8;YC.SBC5;YC.SBE1
EC.MILO,6,3C.GS02;3C.NW09;3C.SL09;CM.TUM;EC.PUYO;EC.TULM
MP.SAM2,6,AB.HASN;II.RAYN;MP.ANB2;MP.DHK1;MP.KAR2;MP.KUT1
Z1.Z16N,6,AF.RUDU;BX.XAUDM;Z1.Z01J;Z1.Z09L;Z1.Z21G;Z1.Z34S
AF.GRM,6,AF.CVNA;AF.HVD;AF.PKA;AF.POGA;AF.UPI;ZQ.AAM2
7B.MM04,6,7B.MM12;7B.NM04;7B.NN01;7B.NN04;7B.SS01;7B.SS03
8B.402,6,8B.416;8B.430;IC.XAN;ZV.GUNA;ZV.LORI;ZV.MAQU
IU.RCBR,6,BL.PDCB;BL.TRSB;NB.AGBR;NB.OCBR;NB.PFBR;NB.SBBR
ON.ANA01,6,BL.PMNB;ON.ABR01;ON.ALF01;ON.GDU01;ON.RIB01;ON.VAS01
1G.WA05,6,1G.EA29;1G.WA08;1G.WA17;1G.WA20;IC.XAN;IU.ULN
YC.SBA2,6,MY.KSM;MY.SBM;YC.SBA8;YC.SBC5;YC.SBE1;YC.SBF4
XN.B07,6,AK.DCPH;AK.PAX;XN.A06;XN.B11;XN.B15;XN.BC03
YH.MTWA,6,YH.IFAK;YH.MOHO;YH.WALE;ZP.ISOK;ZP.KASM;ZP.MPIK
PL.HSPB,6,DK.DBG;DK.NOR;GE.DAG;IU.KBS;IU.KEV;NO.JMIC
XP.LZAE,6,TO.PE03;TO.PH20;XP.PLTP;YS.PARW;ZG.CB14;ZG.CP07
MH.P0011,6,3J.OBS26;3J.OBS28;3J.OBS30;MH.P0009;MH.P0010;MH.P0012
2A.30,6,2A.32;2A.34;2A.39;2A.44;2A.46;2A.48
XR.FA23,6,IE.IRCI;II.FFC;MB.HRY;XR.FA14;XR.FA24;XR.FA27
GE.TRTE,6,GE.MHV;GE.PUL;GE.RGN;GE.RUE;IU.KIEV;YV.NSS
ZX.230,6,IC.HIA;IU.INCN;XG.ELSH;XG.MJPU;XG.XZHOU;ZX.215
XI.UQSK,6,II.RAYN;XI.AFIF;XI.HALM;XI.RANI;XI.RIYD;XI.SODA
1G.WA08,6,1G.EA29;1G.WA05;1G.WA17;1G.WA20;IC.XAN;IU.ULN
2A.44,6,2A.30;2A.32;2A.34;2A.39;2A.46;2A.48
XI.RIYD,6,II.RAYN;XI.AFIF;XI.HALM;XI.RANI;XI.SODA;XI.UQSK
YM.12,6,IC.SSE;IU.TATO;JP.JOW;TW.KMNB;YM.37;YM.39
7B.SA03,6,7B.SA01;7B.SA04;7B.SA05;7B.SA06;7B.SA07;7B.SA08
XM.UT52,6,CI.CIA;IM.TX02;US.KNB;XM.NM24;XM.NM32;XS.N08
Z6.BRDL,6,IC.LSA;IN.SHL;IO.EVN;TM.CRAI;TM.PHRA;XR.ST05
IU.KBS,6,DK.DBG;DK.NOR;GE.DAG;IU.KEV;NO.JMIC;PL.HSPB
YY.SW03,6,GE.HLG;GE.PUL;GE.RGN;GE.RUE;NL.HGN;YY.SW05
2A.32,6,2A.30;2A.34;2A.39;2A.44;2A.46;2A.48
XR.FA24,6,IE.IRCI;II.FFC;MB.HRY;XR.FA14;XR.FA23;XR.FA27
XY.U72B,6,3A.L107;GT.PLCA;IU.TRQA;XH.ESP03;XY.U06B;XY.U54B
XJ.LN25,6,1C.NASO;YQ.KIMO;YQ.MATA;YQ.VWZM;YY.NGLE;ZV.CHAA
MX.MOIG,6,3U.AR2;IM.TX02;MG.JRQG;MX.HPIG;MX.ZAIG;TX.ELG6
BL.PPDB,6,BL.AGVB;BL.CDCB;BL.FURB;BL.IBIB;BL.PTMB;BL.TRIB
XF.GOAT,6,AK.DCPH;AK.FYU;AK.PAX;AK.PPLA;AT.MID;AT.SVW2
XI.HALM,6,II.RAYN;XI.AFIF;XI.RANI;XI.RIYD;XI.SODA;XI.UQSK
AI.ESPZ,6,1D.ATOL;1D.BREN;1D.ROTH;1D.WELC;AI.ORCD;IU.PMSA
XR.FA27,6,IE.IRCI;II.FFC;MB.HRY;US.HAWA;XR.FA23;XR.FA24
XE.SNP22,6,CI.CIA;CI.PDM;NR.NE80;US.HAWA;XC.OR088;XK.UT65
IU.MSKU,6,AF.YNDE;XB.CM01;XB.CM02;XB.CM11;XB.CM16;XB.CM17
YB.IF01,6,DK.MUD;EI.IDGL;GB.DRUM;GB.GAL1;GB.LRW;NO.JMIC
ZQ.184,6,IC.SSE;IC.XAN;IU.INCN;XG.MJPU;ZQ.103;ZQ.159
ZR.N1312,6,DK.MUD;GB.LRW;II.LVZ;NO.JMIC;ZR.N1306;ZR.N1317
IM.H01W2,5,IM.I04H3;S1.AUALB;S1.AUBUS;S1.AUKAL;S1.AUMAZ
ZP.KIBO,5,AF.KTWE;AF.LBB;ZP.BKBA;ZP.GEIT;ZP.JNJA
MH.P0009,5,G.FUTU;HV.ANDI;MH.P0008;MH.P0010;MH.P0011
ZB.PPNG,5,MY.KOM;MY.KUM;ZB.LAIS;ZB.LUNG;ZB.TIKU
7B.SA06,5,7B.SA03;7B.SA04;7B.SA05;7B.SA07;7B.SA08
1F.ANIM,5,HL.ARG;KO.ELL;MP.DHK1;MP.KAR2;MP.SLY1
XY.BN23,5,AK.DCPH;XN.A06;XN.A16;XN.BC03;XY.BS07
GH.KLEF,5,GH.MRON;GH.WEIJ;GT.DBIC;IU.KOWA;NJ.TORO
1G.WA17,5,1G.EA29;1G.WA05;1G.WA08;1G.WA20;IC.XAN
BL.POPB,5,BL.CANB;BL.COR2;BL.PAZB;BL.PORB;BL.SLMB
XG.KTLN,5,GE.MRNI;XG.BYBT;XG.DGSU;XG.ERGN;XG.MSDY
X7.MC06,5,II.TLY;KZ.MAKZ;QZ.USHN;QZ.ZSN;X7.MC14
S1.AUNHS,5,2O.BTL04;IM.I07H8;S1.AUCSH;S1.AUDHS;S1.AUKAT
7D.J48C,5,7D.J31C;7D.J36C;7D.J53C;PB.B934;US.HAWA
BL.NAVB,5,BL.AGVB;BL.IBIB;BL.PTMB;BL.TRIB;XE.ROSL
S1.AUMUL,5,S1.AUDCS;S1.AUMOU;S1.AUPHS;S1.AUTKS;S1.AUUHS
A0.LUS3,5,AB.HASN;AB.PRLH;GO.GHRG;MP.KUT1;QZ.INDER
IM.H10S2,5,XS.I04D;XS.I12D;XS.L02A;XS.S24D;XS.S32D
GI.HUBA,5,CM.PRV;NU.BILN;NU.CSGN;NU.SIUN;YG.INC37
XY.BS07,5,AK.DCPH;US.HAWA;XN.A06;XN.BC03;XY.BN23
1E.CNF,5,1E.TQF;1E.WHI;DK.KULLO;DK.NEEM;X5.MARN
PO.NANL,5,C8.FORQ;C8.PCAQ;DK.NRS;G.IVI;PO.NWRL
ZV.XWAN,5,8B.416;8B.430;IC.XAN;IU.ULN;ZV.GUNA
YV.NSS,5,GE.PUL;GE.TRTE;II.LVZ;IU.KEV;XK.HOYT
TT.TATN,5,MN.CLTB;MN.VSL;MN.WDD;TT.TAMR;TT.THTN
X5.JENN,5,9D.KNS;X5.CHIN;X5.MARN;X5.MNGN;X5.PNGN
XG.DGSU,5,GE.MRNI;XG.BYBT;XG.ERGN;XG.KTLN;XG.MSDY
ZS.W05,5,LD.FRNY;PO.ACTO;PO.LATQ;PO.MEDO;WU.TOBO
XE.UYUN,5,BL.PTMB;XE.CRUZ;XE.LAJO;XE.ROSL;XE.SALI
XG.MSDY,5,GE.MRNI;XG.BYBT;XG.DGSU;XG.ERGN;XG.KTLN
SV.RBDL,5,CM.PRV;NU.BILN;NU.CSGN;NU.SIUN;YG.INC37
XE.CRUZ,5,BL.PTMB;XE.LAJO;XE.ROSL;XE.SALI;XE.UYUN
BL.CANB,5,BL.COR2;BL.PAZB;BL.POPB;BL.PORB;GT.CPUP
MG.JRQG,5,IM.TX02;MX.HPIG;MX.MOIG;MX.ZAIG;ZB.B01
XG.BYBT,5,GE.MRNI;XG.DGSU;XG.ERGN;XG.KTLN;XG.MSDY
XN.A16,5,XN.A06;XN.B11;XN.B15;XN.BC03;XY.BN23
7B.SA07,5,7B.SA03;7B.SA04;7B.SA05;7B.SA06;7B.SA08
1E.WHI,5,1E.CNF;1E.TQF;DK.KULLO;DK.NEEM;DK.NOR
Z6.01,5,JP.CBIJ;JP.JHJ2;Z6.08L;Z6.13;Z6.16
IU.PMSA,5,AI.ESPZ;AI.ORCD;XB.ELEF;XB.FREI;XB.LOWI
7B.SA04,5,7B.SA01;7B.SA03;7B.SA05;7B.SA06;7B.SA07
ZQ.159,5,IC.SSE;IC.XAN;IU.INCN;ZQ.103;ZQ.184
XP.E026,5,XP.DIHI;XP.E006;XP.MINN;XP.N028;XP.N044
QZ.FDRN,5,II.ARTI;KZ.AB06;QZ.AKST;QZ.ALGA;QZ.INDER
XI.RANI,5,XI.AFIF;XI.HALM;XI.RIYD;XI.SODA;XI.UQSK
2O.BTL04,5,2O.BTL07;S1.AUALC;S1.AUDHS;S1.AUKAT;S1.AUNHS
ZR.N1317,5,DK.MUD;GB.LRW;II.LVZ;ZR.N1306;ZR.N1312
YF.N6002,5,GE.HLG;GE.RGN;IU.KEV;YF.N6017;YF.N6029
1G.WA20,5,1G.EA29;1G.WA05;1G.WA08;1G.WA17;IC.XAN
IM.I04H3,5,IM.H01W2;S1.AUALB;S1.AUBUS;S1.AUKAL;S1.AUMAZ
YT.MRTP,5,YT.HOWD;YT.LPLY;YT.MCRG;YT.MTAK;YT.THUR
XG.ERGN,5,GE.MRNI;XG.BYBT;XG.DGSU;XG.KTLN;XG.MSDY
XM.NM32,5,CI.CIA;IM.TX02;US.KNB;XM.NM24;XM.UT52
Y2.WT12,5,IC.LSA;KR.SFK;Y2.GUGE;Y2.PURG;Y2.WT06
K5.MONG,5,IC.LSA;IN.SHL;IO.EVN;MM.KTN;MM.MDY
1E.TQF,5,1E.CNF;1E.WHI;DK.KULLO;DK.NEEM;DK.NOR
Y2.NOCO,5,IC.LSA;KN.ULHL;X4.C13;Y2.GUGE;Y2.PURG
ZP.GEIT,4,AF.LBB;ZP.BKBA;ZP.JNJA;ZP.KIBO
IU.BILL,4,AK.GAMB;XJ.OSO;XJ.PAN;XJ.TKI
BL.FURB,4,BL.AGVB;BL.CDCB;BL.PPDB;BL.TRIB
Y1.KERK,4,6R.MAGE;6R.YABE;Y1.KAEK;Y1.TURK
7B.SA08,4,7B.SA03;7B.SA05;7B.SA06;7B.SA07
XS.N08,4,II.FFC;US.HAWA;US.KNB;XM.UT52
BL.CRJB,4,BL.IGCB;BL.SNVB;BL.STMB;BL.TRSB
ZB.B01,4,GI.PETF;MG.JRQG;NU.CSGN;NU.ESPN
XB.ELEF,4,II.EFI;IU.PMSA;XB.FREI;XB.LOWI
BL.CDCB,4,BL.AGVB;BL.FURB;BL.PPDB;BL.TRIB
Y1.KAEK,4,6R.MAGE;6R.YABE;Y1.KERK;Y1.TURK
5A.LIHIR,4,5A.ARAWA;5A.KAVI;5A.KIMBE;5A.LASU
MH.P0008,4,G.FUTU;MH.P0006;MH.P0009;MH.P0010
6R.MAGE,4,6R.YABE;Y1.KAEK;Y1.KERK;Y1.TURK
GH.WEIJ,4,GH.KLEF;GH.MRON;GT.DBIC;IU.KOWA
TO.CARR,4,TO.MULU;XF.MA28;XF.MA36;XF.MA40
ZA.B21,4,ZA.B02;ZA.B06;ZA.B20;ZA.B26
AF.IFE,4,AF.NSU;AF.YNDE;GT.DBIC;NJ.TORO
RU.R27,4,KO.KARS;MP.DHK1;RU.ERBR;RU.VSLR
GE.GHAR,4,GE.SKD;MN.CLTB;MN.VSL;MN.WDD
ZA.B20,4,ZA.B02;ZA.B06;ZA.B21;ZA.B26
BL.PDCB,4,BL.ITPB;BL.TRMB;BL.TRSB;IU.RCBR
XM.NM24,4,IM.TX02;US.KNB;XM.NM32;XM.UT52
BL.PAZB,4,BL.CANB;BL.POPB;BL.PORB;BL.SLMB
ZA.B06,4,ZA.B02;ZA.B20;ZA.B21;ZA.B26
Y1.N7001,4,II.LVZ;IU.KEV;NO.JMIC;Y1.N7027
1G.WOP11,4,1G.NOP01;1G.WOP01;1G.WOP23;IC.XAN
Z6.08L,4,JP.CBIJ;Z6.01;Z6.13;Z6.16
C1.AF02,4,3E.MEL15;4Q.UT19;C1.AC02;C1.CO05
IU.RAO,4,NZ.URZ;YL.A14W;YL.F01;YL.S02W
Y2.WT06,4,IC.LSA;Y2.GUGE;Y2.PURG;Y2.WT12
BL.PORB,4,BL.CANB;BL.PAZB;BL.POPB;BL.SLMB
1G.WOP23,4,1G.NOP01;1G.WOP01;1G.WOP11;IC.XAN
ZA.B02,4,ZA.B06;ZA.B20;ZA.B21;ZA.B26
II.ARTI,4,KZ.AB06;QZ.ALGA;QZ.FDRN;QZ.INDER
Z1.Z09L,4,AF.RUDU;Z1.Z01J;Z1.Z16N;Z1.Z21G
NB.AGBR,4,IU.RCBR;NB.OCBR;NB.PFBR;NB.SBBR
XL.AT04,4,II.TLY;KZ.MAKZ;XL.AT13;XL.HV10
IU.KOWA,4,GH.KLEF;GH.MRON;GH.WEIJ;GT.DBIC
5A.KAVI,4,5A.ARAWA;5A.KIMBE;5A.LASU;5A.LIHIR
3A.L107,4,GT.PLCA;IU.TRQA;XY.U54B;XY.U72B
6R.YABE,4,6R.MAGE;Y1.KAEK;Y1.KERK;Y1.TURK
NB.PFBR,4,IU.RCBR;NB.AGBR;NB.OCBR;NB.SBBR
ZA.B26,4,ZA.B02;ZA.B06;ZA.B20;ZA.B21
NB.SBBR,4,IU.RCBR;NB.AGBR;NB.OCBR;NB.PFBR
XF.H1630,4,IC.LSA;II.NIL;XF.H1210;XF.H1415
X2.260,4,IC.XAN;IU.ULN;X2.281;XG.MJPU
5A.ARAWA,4,5A.KAVI;5A.KIMBE;5A.LASU;5A.LIHIR
GE.MELI,4,GE.CART;GE.MAHO;GE.MTE;MN.RTC
5A.LASU,4,5A.ARAWA;5A.KAVI;5A.KIMBE;5A.LIHIR
IU.ADK,4,AK.ATKA;AK.FALS;AK.SPIA;AT.SMY
ZB.N60B,4,MY.KOM;MY.KUM;ZB.TIKU;ZB.Y30S
XY.U06B,4,GT.PLCA;IU.TRQA;XY.U54B;XY.U72B
BL.CDSB,4,BL.AQDA;BL.CMPA;BL.PP1A;GT.CPUP
GH.MRON,4,GH.KLEF;GH.WEIJ;GT.DBIC;IU.KOWA
IM.I07H8,4,S1.AUALC;S1.AUDHS;S1.AUKAT;S1.AUNHS
XA.GP03,4,KO.KARS;RU.ANN;RU.ERBR;RU.VSLR
ZR.N1306,4,II.LVZ;NO.JMIC;ZR.N1312;ZR.N1317
5A.KIMBE,4,5A.ARAWA;5A.KAVI;5A.LASU;5A.LIHIR
S1.AUCSH,4,OZ.AWOON;S1.AUAYR;S1.AUMOU;S1.AUNHS
Y5.RW1,4,II.FFC;Y5.FMC;Y5.HON;Y5.PER
GE.MTE,4,GE.CART;GE.MAHO;GE.MELI;MN.RTC
ZP.MGOR,4,YH.MOHO;YH.WALE;ZP.LAEL;ZP.PNDA
NB.OCBR,4,IU.RCBR;NB.AGBR;NB.PFBR;NB.SBBR
BL.CMPA,4,BL.AQDA;BL.CDSB;BL.PP1A;GT.CPUP
Y1.TURK,4,6R.MAGE;6R.YABE;Y1.KAEK;Y1.KERK
AF.YNDE,4,AF.IFE;AF.NSU;IU.MSKU;NJ.TORO
XR.ST40,4,IC.LSA;XR.ST05;XR.W1;XW.BCHU
XR.ST05,4,IC.LSA;XR.ST40;XR.W1;Z6.BRDL
8F.VIGR,4,DK.ANGG;DK.SCO;DK.SOEG;NO.JMIC
BL.TRSB,4,BL.CRJB;BL.IGCB;BL.PDCB;IU.RCBR
CM.FLO2,4,CM.RUS;CM.SJC;CM.TUM;EC.TULM
XK.HOYT,4,GE.HLG;GE.IBBN;XK.NOVR;YV.NSS
XE.LAJO,4,XE.CRUZ;XE.ROSL;XE.SALI;XE.UYUN
1D.ROTH,4,1D.FOWL;1D.KIBB;AI.ESPZ;YT.MECK
9C.2A11,4,AK.ATKA;AK.FALS;AK.SPIA;AT.SVW2
X2.281,4,IC.XAN;IU.ULN;X2.260;XG.MJPU
BL.PP1A,4,BL.AQDA;BL.CDSB;BL.CMPA;GT.CPUP
S1.AUBRM,4,M8.AM37;M8.TEFOZ;S1.AUDHS;S1.AUKAR
BL.AQDA,4,BL.CDSB;BL.CMPA;BL.PP1A;GT.CPUP
6Q.FEC2,4,CM.PRV;NU.BILN;NU.CSGN;NU.SIUN
C.COCH,3,3A.L201;GT.PLCA;IU.TRQA
ZP.BKBA,3,ZP.GEIT;ZP.JNJA;ZP.KIBO
Z6.16,3,Z6.01;Z6.08L;Z6.13
3A.L201,3,C.COCH;GT.PLCA;IU.TRQA
Z6.13,3,Z6.01;Z6.08L;Z6.16
XB.PAPL,3,XB.CHAZ;XB.KAPU;XB.POP2
Z5.NTGM,3,Z5.KAGD;Z5.LAMW;Z5.MASD
2V.PO20,3,C1.AC02;C1.CO05;C1.VA04
3Y.SC02,3,C1.AC02;C1.CO05;C1.VA04
BL.ITPB,3,BL.NUPA;BL.PDCB;BL.TRMB
6H.CHID,3,AF.HVD;XV.MMBE;XV.TETE
XB.LOWI,3,IU.PMSA;XB.ELEF;XB.FREI
XP.N060,3,XP.N076;XP.N100;XP.N116
BL.TRMB,3,BL.ITPB;BL.NUPA;BL.PDCB
YW.MAIO,3,YW.PATM;YW.PJOR;YW.SALA
7B.SA01,3,7B.SA03;7B.SA04;7B.SA05
NJ.TORO,3,AF.IFE;AF.YNDE;GH.KLEF
BL.SLMB,3,BL.PAZB;BL.POPB;BL.PORB
XI.KR42,3,XI.CHEF;XI.HOSA;XI.KITU
MH.P0017,3,G.TAOE;MH.P0016;MH.P0018
YC.HUER,3,GT.PLCA;IU.TRQA;YC.HEDI
XP.ORTK,3,II.AAK;II.NIL;KN.ULHL
XR.W1,3,IC.LSA;XR.ST05;XR.ST40
YW.SALA,3,YW.MAIO;YW.PATM;YW.PJOR
AI.ORCD,3,AI.ESPZ;II.HOPE;IU.PMSA
YH.LOBS4,3,6K.AVIO;6K.BRIO;NZ.URZ
TW.MATB,3,IC.SSE;IU.TATO;TW.KMNB
YL.WKZ15,3,KZ.AB06;XA.AX08;XA.EP15
Z5.LAMW,3,Z5.KAGD;Z5.MASD;Z5.NTGM
Z5.KAGD,3,Z5.LAMW;Z5.MASD;Z5.NTGM
YF.MARJ,3,GE.APE;GE.SKD;MN.WDD
2O.BTL07,3,2O.BTL04;S1.AUALC;S1.AUDHS
BL.IGCB,3,BL.CRJB;BL.SNVB;BL.TRSB
XH.SAR,3,GE.APE;GE.MLR;GE.SKD
XL.HV10,3,II.TLY;XL.AT04;XL.AT13
XP.N116,3,XP.N060;XP.N076;XP.N100
YY.004,3,IC.SSE;IC.XAN;IU.INCN
BL.NUPA,3,BL.ITAB;BL.ITPB;BL.TRMB
MH.P0024,3,G.PPTF;MH.P0022;MH.P0023
A7.LUBAN,3,AF.RUDU;AF.WIN;BX.XAUDM
XD.DCD,3,IC.LSA;XD.JYG;XD.ZHY
Y1.N7027,3,II.LVZ;IU.KEV;Y1.N7001
YW.PJOR,3,YW.MAIO;YW.PATM;YW.SALA
XK.NOVR,3,GE.HLG;GE.IBBN;XK.HOYT
XL.AT13,3,II.TLY;XL.AT04;XL.HV10
XD.EBM,3,GE.PMG;XD.KUL2;XD.MISC
JP.CBIJ,3,JP.JHJ2;Z6.01;Z6.08L
YW.PATM,3,YW.MAIO;YW.PJOR;YW.SALA
PO.NWRL,3,C8.FORQ;C8.PCAQ;PO.NANL
Z5.MASD,3,Z5.KAGD;Z5.LAMW;Z5.NTGM
XB.CHAZ,3,XB.KAPU;XB.PAPL;XB.POP2
3U.AR2,3,MX.HPIG;MX.MOIG;MX.ZAIG
ZP.JNJA,3,ZP.BKBA;ZP.GEIT;ZP.KIBO
XB.FREI,3,IU.PMSA;XB.ELEF;XB.LOWI
XD.ZHY,3,IC.XAN;XD.DCD;XD.JYG
S1.AUAYR,3,OZ.AWOON;S1.AUCSH;S1.AUMOU
XI.HOSA,3,XI.CHEF;XI.KITU;XI.KR42
GE.MHV,3,GE.PUL;GE.TRTE;IU.KIEV
G.PPTF,3,MH.P0012;MH.P0013;MH.P0024
MH.P0022,3,MH.P0021;MH.P0023;MH.P0024
6K.AVIO,2,NZ.URZ;YH.LOBS4
AF.NSU,2,AF.IFE;AF.YNDE
YA.KV01,2,1C.NASO;AF.PWET
ZU.GGIL,2,CU.GRTK;CY.CBCY
XB.POP2,2,XB.CHAZ;XB.PAPL
ZD.D03,2,ZD.G01;ZD.Q10
ZD.Q10,2,ZD.D03;ZD.G01
G.SANVU,2,IU.HNR;VU.RTV
MH.P0016,2,G.TAOE;MH.P0017
XF.H0650,2,IC.LSA;XE.ES11
YC.HEDI,2,IU.TRQA;YC.HUER
ZL.A01,2,ZL.B01;ZL.B07
SR.MAIO,2,AS.KAAO;IL.IR3
II.CMLA,2,8S.FL01;PM.PMOZ
MN.KEG,2,GE.MRNI;GE.SKD
XW.LIRA,2,XW.AMDT;XW.KABG
1U.RUC,2,1U.PAE;NZ.URZ
XW.SUYR,2,II.UOSS;XW.SAWQ
BL.ITAB,2,BL.NUPA;GT.CPUP
XI.CHEF,2,XI.HOSA;XI.KR42
YI.D35,2,CU.BBGH;CU.GRGR
ZD.G01,2,ZD.D03;ZD.Q10
AT.SMY,2,AK.ATKA;IU.ADK
XW.SAWQ,2,II.UOSS;XW.SUYR
XI.KITU,2,XI.HOSA;XI.KR42
CD.WMQ,2,II.AAK;KN.ULHL
MN.GFA,2,MN.VSL;MN.WDD
XW.AMDT,2,XW.KABG;XW.LIRA
5H.TIOE,2,5H.EITE;II.RAYN
ZL.B01,2,ZL.A01;ZL.B07
ZL.B07,2,ZL.A01;ZL.B01
IU.PTGA,2,G.KOG;IU.SAML
ZN.KAW2,2,IU.HNR;ZN.PMNI
1U.PAE,2,1U.RUC;NZ.URZ
XD.JYG,2,XD.DCD;XD.ZHY
BL.SNVB,2,BL.CRJB;BL.IGCB
BL.COR2,2,BL.CANB;BL.POPB
XV.HNJO,2,XV.HRAU;XV.SKOT
Z4.CP02,2,GT.PLCA;IU.TRQA
YJ.VMG01,2,GT.PLCA;YJ.BAK01
CD.ENH,2,CD.KMI;IC.XAN
XR.FA14,2,XR.FA23;XR.FA24
XW.KABG,2,XW.AMDT;XW.LIRA
XC.MAQI,2,CD.KMI;XC.AMDO
1C.NASO,2,XJ.LN25;YA.KV01
XD.MISC,2,GE.PMG;XD.EBM
TO.EGIP,2,IU.TEIG;TO.MONT
KW.MIB,2,II.RAYN;II.UOSS
YJ.BAK01,2,GT.PLCA;YJ.VMG01
6K.BRIO,2,NZ.URZ;YH.LOBS4
XB.KAPU,2,XB.CHAZ;XB.PAPL
KZ.CHKZ6,2,KZ.AB06;XW.KHA
CD.KMI,2,CD.ENH;XC.MAQI
MH.P0018,2,G.TAOE;MH.P0017
IU.HNR,2,G.SANVU;ZN.KAW2
ID.ERM,2,DT.SWU;IU.YSS
XF.NG010,2,IC.LSA;XF.NP100
TO.MONT,2,IU.TEIG;TO.EGIP
7B.SD08,2,7B.SD03;7B.SD05
YL.ILAM,2,IC.LSA;XA.CHUK
MH.P0013,2,G.PPTF;G.TAOE
GE.PMG,2,XD.EBM;XD.MISC
MH.P0012,2,G.PPTF;MH.P0011
XE.PACH,2,XE.ROSL;XE.SALI
MN.MEB,2,G.SSB;MN.VSL
7B.SD05,2,7B.SD03;7B.SD08
XI.TANG,2,IC.LSA;Y2.PURG
YO.N11,2,IU.TEIG;YO.F6
XF.NP100,2,IC.LSA;XF.NG010
XA.CHUK,2,IC.LSA;YL.ILAM
7B.SD03,2,7B.SD05;7B.SD08
YO.F6,2,IU.TEIG;YO.N11
XI.DHAA,2,IC.HIA;IU.INCN
MH.P0023,2,MH.P0022;MH.P0024
PQ.CMBN,2,PQ.TUKN;PQ.ULUN
GE.RIOB,1,II.NNA
II.HOPE,1,AI.ORCD
XT.NAU,1,XT.KOS
G.ROCAM,1,MR.MRIV
XD.HOT28,1,XD.HOT16
XA.S14,1,XA.S12
XB.ALIE5,1,XH.S22
4J.XB07,1,G.EDA
XD.HOT16,1,XD.HOT28
2P.RD10,1,NZ.URZ
AS.KAAO,1,SR.MAIO
XO.SARI,1,XO.GUA3
XT.LIAH,1,XT.TAUF
GE.SNAA,1,YT.THRO
7B.SC08,1,7B.SC06
XT.TAUF,1,XT.LIAH
IN.MNC,1,II.PALK
8S.FL01,1,II.CMLA
XF.B01,1,XF.B18
XB.NIUE,1,ID.RAR
XL.HMP,1,IU.INCN
XD.KUL2,1,XD.EBM
MH.P0021,1,MH.P0022
DT.SWU,1,ID.ERM
XB.HAMB,1,II.EFI
XH.S22,1,XB.ALIE5
X1.NKF01,1,US.HAWA
XG.SAB01,1,KN.ULHL
XT.KOS,1,XT.NAU
XG.HUB03,1,KN.ULHL
GS.SJPH,1,CU.GRTK
YQ.N002,1,YQ.N009
ZN.SA2G,1,GE.SUMG
XV.HRAU,1,XV.HNJO
PO.KJKQ,1,PO.MATQ
VU.RTV,1,G.SANVU
XA.S12,1,XA.S14
XO.GUA3,1,XO.SARI
AS.ZOBO,1,II.NNA
XV.SKOT,1,XV.HNJO
XF.B18,1,XF.B01
7S.GORG,1,NZ.URZ
BL.STMB,1,BL.CRJB
IU.TARA,1,II.KWAJ
IU.YAK,1,IU.TIXI
YV.HJO,1,GE.DAG
2H.BTIE,1,XW.ADEN
7B.SC06,1,7B.SC08
ZN.PMNI,1,ZN.KAW2
ID.RAR,1,XB.NIUE
IL.IR3,1,SR.MAIO
YQ.N009,1,YQ.N002
ZB.PUTR,1,MY.KUM
XK.5190,1,II.FFC
IU.TIXI,1,IU.YAK
MZ.MOCU,1,AF.MOPA
G.EDA,1,4J.XB07
II.PALK,1,IN.MNC
5H.EITE,1,5H.TIOE
IU.CASY,1,G.CCD
G.KOG,1,IU.PTGA
G.DRV,1,G.CCD
7B.SB09,1,7B.SB06
XC.AMDO,1,XC.MAQI
7B.SB06,1,7B.SB09
II.KWAJ,1,IU.TARA
4P.MTB15,0,
7B.SA02,0,
4P.UTQ13,0,
HG.EIL,0,
XW.SS20,0,
4P.WYJ23,0,
XY.BONG,0,
IU.XMAS,0,
XT.PNI,0,
NJ.KAD,0,
ZU.214,0,
XF.L02,0,
4P.NHC60,0,
ZU.MSW46,0,
XC.FL014,0,
XU.COVA,0,
XA.MM01,0,
ZC.TIN1,0,
8P.CAS04,0,
PS.TSK,0,
XG.CES,0,
ZU.NMA25,0,
3R.E05,0,
ZL.JYCE,0,
YL.LBA60,0,
7B.SD04,0,
4P.MTB18,0,
4P.MIC41,0,
4P.UTQ17,0,
12.OBS21,0,
4P.KSQ35,0,
XG.WSG,0,
YM.NTW4,0,
QC.00877,0,
7D.KA05,0,
NP.7210,0,
G.SOK,0,
ZU.ARY40,0,
IU.JOHN,0,
YH.G03,0,
4P.UTN19,0,
DW.BER,0,
IM.CY301,0,
G.PAF,0,
II.NRIL,0,
4P.NCT60,0,
XW.SS61,0,
5C.IL17,0,
YY.TABO,0,
Z5.GIMR,0,
IU.DAV,0,
X4.A07,0,
PS.TGY,0,
4P.NYG58,0,
XD.DELB,0,
IU.FUNA,0,
XU.MACQ,0,
PS.SYO,0,
4P.WIF39,0,
4P.ALY50,0,
XA.S16,0,
YR.S021,0,
4P.MTE22,0,
XB.NRT6,0,
ZU.TXC24,0,
ZU.FLD53,0,
2F.S04,0,
X9.YA03,0,
4P.RET57,0,
ZV.WKZ09,0,
1J.TI4A,0,
YN.OBS27,0,
ZU.ALB50,0,
II.NVS,0,
G.PCR,0,
X6.RB1,0,
4P.WYK20,0,
BL.CAMB,0,
ZA.A20,0,
SN.WG02,0,
X1.LW2,0,
4P.NDC26,0,
ZU.TXE30,0,
7B.SB03,0,
ZU.MSB45,0,
GY.A11,0,
BL.CRTA,0,
ZU.TXJ34,0,
N4.ABTX,0,
4P.MOO36,0,
MH.P0019,0,
7D.KA09,0,
ZU.REY18,0,
9G.SA015,0,
BL.BRSB,0,
9G.AB317,0,
XF.STC5,0,
BL.JNRB,0,
XN.A01,0,
XN.BABAY,0,
7B.SB04,0,
XT.ST119,0,
NQ.SANFE,0,
8P.CAX09,0,
9G.SA155,0,
PS.PSI,0,
PS.JAY,0,
8E.03023,0,
4P.WII40,0,
XF.NJANA,0,
YY.OBS10,0,
MU.OXET,0,
4P.MAH64,0,
X9.T2S4A,0,
4P.NEL26,0,
4P.VAQ55,0,
7B.SC05,0,
7B.SD06,0,
8P.CAV08,0,
ZU.LAB43,0,
IM.WK31,0,
C8.LR4Q,0,
YF.CDLV,0,
IM.I52H2,0,
ZV.OBS02,0,
PS.CHUK,0,
DA.URKR,0,
SR.BCAO,0,
7E.KB03,0,
X2.PG1,0,
7S.RR06,0,
IM.WK30,0,
4P.NEN31,0,
A7.CAXIT,0,
EM.PA834,0,
XA.S11,0,
ZU.LAD42,0,
ZU.TXD38,0,
DW.GDH,0,
ZO.HVU2,0,
6H.MAMB,0,
ZU.E118,0,
ZU.COS28,0,
EM.PA765,0,
YI.ISDE,0,
ZU.TXF37,0,
XB.KDVU,0,
4P.NYJ61,0,
4P.SDJ31,0,
OW.PHRD,0,
4P.MIK47,0,
ZU.ARV39,0,
nan.SABA,0,
PN.PPRMH,0,
XR.BB23,0,
MU.OXNC,0,
Y2.IFM03,0,
SP.DFORK,0,
YY.OBS57,0,
RS.RSON,0,
EM.PA878,0,
2C.GS18,0,
ZU.TXH36,0,
IM.I18H7,0,
XM.ASB06,0,
XV.C16D,0,
MH.P0007,0,
YF.STN05,0,
AL.A032,0,
8P.CAU10,0,
4P.SCX58,0,
4P.NDD30,0,
XE.CC12,0,
XL.KITT2,0,
XE.RAUL,0,
Y3.NWM01,0,
17.S20,0,
EM.TS414,0,
GS.WWHL,0,
4P.COO21,0,
ZU.227,0,
XF.E06,0,
8A.KONI,0,
YY.OBS43,0,
ID.SEY,0,
II.SHEL,0,
XW.ESG8,0,
ZF.B001,0,
GE.SOCY,0,
ZA.A11,0,
4P.TNT53,0,
BL.UNIA,0,
7B.SB05,0,
XJ.SHO,0,
PS.MCSJ,0,
4P.OHM48,0,
ZU.ALD48,0,
IM.CY101,0,
4P.KSR37,0,
4P.MIJ45,0,
YL.ONRN,0,
4P.SDI28,0,
4P.IDI11,0,
1R.BHP8,0,
HV.HSSD,0,
4P.IAL39,0,
XF.ET14,0,
XC.FL022,0,
7E.KB06,0,
EM.GT003,0,
XC.FL006,0,
XM.1346,0,
4P.SDJ26,0,
4P.GAW50,0,
4P.NDB29,0,
ZU.134,0,
ZI.2299,0,
CS.GUM,0,
4P.IDC11,0,
4P.NJL60,0,
4P.MED63,0,
4P.OHN52,0,
XW.SS21A,0,
4P.WAC06,0,
ZU.ARY43,0,
ZV.WKZ05,0,
IU.MBWA,0,
YT.GM05,0,
G.HYB,0,
4P.TNU48,0,
PS.VIVO,0,
XU.LUMA,0,
4P.UTO17,0,
G.AIS,0,
YR.BANO,0,
ZL.A21,0,
8P.CAW11,0,
4P.WYM22,0,
ZU.TXF39,0,
ZV.WKZ07,0,
4P.SDH25,0,
XA.S15,0,
ID.RPN,0,
XI.D55,0,
XI.NDEI,0,
IU.KNTN,0,
4P.MTB13,0,
4P.MII47,0,
8L.MG58,0,
YY.OBS55,0,
DW.LEM,0,
EM.TB750,0,
Y3.MEL01,0,
4P.SDG32,0,
7B.SB01,0,
XU.CHTA,0,
G.NOC,0,
4P.MNF34,0,
YM.UCM,0,
YB.CUST,0,
8P.AZV14,0,
4P.KYS51,0,
7D.RIMM,0,
ZU.NMY20,0,
MU.OXBV,0,
XJ.E40,0,
ZU.AZB19,0,
4P.MTG16,0,
IM.CY602,0,
X3.OBS01,0,
7B.SC09,0,
XB.ELYH0,0,
4P.NEN28,0,
RS.RSNT,0,
ZU.NMV26,0,
4P.NEK29,0,
7B.SD09,0,
7F.A15,0,
4P.UTO15,0,
4P.IAJ36,0,
XA.O07H,0,
4P.WVO55,0,
4P.MIE44,0,
SR.NWAO,0,
MH.P0020,0,
ZM.D21,0,
4P.NVM10,0,
BL.GNSA,0,
ZB.MLKN,0,
EM.PA970,0,
ZU.MSY45,0,
4P.WAC09,0,
XF.DN3W,0,
ID.ALE,0,
YC.MATA,0,
4P.NEL31,0,
G.CRZF,0,
YA.LIQ1,0,
2A.REF03,0,
G.TRIS,0,
9G.BC009,0,
MH.P0025,0,
4P.MTB21,0,
7B.SD07,0,
7B.SB10,0,
ZU.TXE33,0,
3R.A06,0,
ZU.TXK37,0,
7D.KA07,0,
II.COCO,0,
4P.MNB36,0,
XB.HT12,0,
4P.IAL41,0,
XF.MA66,0,
G.SEY,0,
ZO.A07,0,
XO.SCCC,0,
ZU.101,0,
YF.STN10,0,
PS.GTC1,0,
XI.TAIF,0,
BL.CCUB,0,
4P.WIG42,0,
4P.ILM43,0,
XI.CX111,0,
9G.AB717,0,
4P.NDE32,0,
9G.BC410,0,
7D.KA08,0,
2P.OBS01,0,
XM.1026,0,
ZT.ALST0,0,
2A.28,0,
7B.SC07,0,
4P.NVM07,0,
ZU.NMX25,0,
G.TAM,0,
YQ.109,0,
7B.SD10,0,
9G.SA235,0,
9G.RC030,0,
ZM.ALYS,0,
ZU.NMW20,0,
4P.COP26,0,
7B.SC10,0,
ZU.OKU37,0,
XZ.S11,0,
4P.MTG18,0,
XM.HB01,0,
IU.TBT,0,
7E.KB08,0,
3A.OBS2,0,
3B.EOC03,0,
M8.BK45,0,
XN.NUMFO,0,
XV.EH,0,
4P.MNB33,0,
A7.LUENA,0,
ZU.TXC31,0,
4P.MIE41,0,
1L.TIS1,0,
IU.PTCN,0,
IU.MIDW,0,
PS.KOR,0,
4P.TTL24,0,
G.MATO,0,
XN.SARMI,0,
