rank,network,station,lat,lon,days,key,total_days,total_bytes,year_min,year_max,in_fixed_2000_network
0,G,SSB,45.279,4.542,14934,G.SSB,15050,372581788160,1982.0,2026.0,True
1,ZU,NZ24,-45.498402,176.002594,364,ZU.NZ24,364,7457800192,2009.0,2010.0,True
2,3H,G08,0.7564,-90.4024,444,3H.G08,444,15630708736,2023.0,2024.0,True
3,JP,JGF,35.604,137.354172,4435,JP.JGF,4551,23541027840,2013.0,2026.0,True
4,G,ROCAM,-19.75553,63.37014,4260,G.ROCAM,4376,63694407168,2012.0,2026.0,True
5,II,HOPE,-54.2836,-36.4879,10522,II.HOPE,10639,227579232768,1996.0,2026.0,True
6,XN,BC03,61.229599,-120.422997,426,XN.BC03,426,2803940352,2004.0,2005.0,True
7,ZA,B21,7.9484,-147.358002,396,ZA.B21,396,27717189632,2011.0,2013.0,True
8,XA,S14,-3.6445,-17.47753,2294,XA.S14,2295,14368546816,1971.0,1977.0,True
9,S1,AUBRM,-17.9565,122.2321,1816,S1.AUBRM,1930,126447903232,2021.0,2026.0,True
10,II,NIL,33.6506,73.2686,8344,II.NIL,8503,140915682304,1994.0,2026.0,True
11,2A,REF03,-68.686546,78.499031,27,2A.REF03,27,7433256960,2017.0,2018.0,True
12,XT,NAU,-0.506318,166.932632,463,XT.NAU,464,3175172096,1994.0,1996.0,True
13,XA,SA01,-34.294456,19.245956,509,XA.SA01,510,5444233216,1997.0,1999.0,True
14,3A,OBS2,38.64385,-62.89055,65,3A.OBS2,65,4898131968,2023.0,2023.0,True
15,YY,SHER,10.5942,34.786201,684,YY.SHER,684,19022209024,2014.0,2016.0,True
16,1L,TIS1,75.0483,105.5827,17,1L.TIS1,17,6936641536,2019.0,2020.0,True
17,BL,PP1A,-17.6003,-54.879601,354,BL.PP1A,355,1281040384,2005.0,2006.0,True
18,IU,PTCN,-25.0713,-130.0953,9436,IU.PTCN,5382,170241587200,1996.0,2013.0,True
19,YT,MRTP,-74.188,-115.081,739,YT.MRTP,739,15485132800,2023.0,2025.0,True
20,TM,SRIT,8.59549,99.601994,4362,TM.SRIT,4455,144272797184,2009.0,2026.0,True
21,NR,NE75,27.293341,-112.856491,2117,NR.NE75,2117,13090680832,2002.0,2008.0,True
22,IU,MIDW,28.2154,-177.3697,9183,IU.MIDW,4373,69669648896,1999.0,2013.0,True
23,DK,ICESG,69.092201,-39.6474,2948,DK.ICESG,2948,80674664448,2011.0,2019.0,True
24,3J,OBS30,-14.95702,-167.2441,617,3J.OBS30,617,43323162624,2023.0,2025.0,True
25,VE,GUNV,10.1449,-62.9426,689,VE.GUNV,689,15495126016,2003.0,2006.0,True
26,PS,KOR,7.3436,134.4741,1196,PS.KOR,0,0,,,True
27,OZ,AWOON,-24.07732,151.31468,702,OZ.AWOON,818,31352433152,2025.0,2026.0,True
28,XJ,BNG,55.192932,165.983902,275,XJ.BNG,276,5818564608,1998.0,1999.0,True
29,C1,LL05,-41.405341,-73.47445,3432,C1.LL05,3548,277733001216,2015.0,2026.0,True
30,AF,NSU,6.86685,7.41742,660,AF.NSU,660,14196658176,2009.0,2011.0,True
31,XG,ERGN,38.258743,39.728668,644,XG.ERGN,645,9341336576,1999.0,2001.0,True
32,XL,HD72,48.7351,103.635696,645,XL.HD72,645,11574882304,2012.0,2014.0,True
33,G,CRZF,-46.43096,51.855308,14513,G.CRZF,14985,139375611392,1986.0,2026.0,True
34,8S,FL01,38.584427,-28.796553,147,8S.FL01,148,8854781952,2022.0,2022.0,True
35,IN,MNC,8.281517,73.059799,3243,IN.MNC,3354,166706255872,2011.0,2026.0,True
36,XK,W12MB,-14.0852,34.911201,685,XK.W12MB,685,11704262656,2012.0,2014.0,True
37,G,TRIS,-37.0681,-12.3152,5757,G.TRIS,5873,160174899712,2004.0,2026.0,True
38,7B,SS03,-36.54219,-154.34819,367,7B.SS03,367,25712099328,2019.0,2020.0,True
39,Y1,N7027,65.917526,23.97368,430,Y1.N7027,431,18227855360,2008.0,2009.0,True
40,XI,SM37,44.381001,-93.380997,852,XI.SM37,852,11618301440,2011.0,2013.0,True
41,CW,SOR,22.7932,-83.008598,4064,CW.SOR,4105,127652137984,2015.0,2026.0,True
42,8Q,P21,29.6944,-139.63128,439,8Q.P21,439,30800887808,2021.0,2023.0,True
43,ZJ,BEBP,-73.032547,156.869019,961,ZJ.BEBP,961,38460035072,2012.0,2015.0,True
44,GE,SNAA,-71.6707,-2.8379,9756,GE.SNAA,9754,84205681664,1997.0,2026.0,True
45,YW,PJOR,16.984131,-25.19426,604,YW.PJOR,604,14488977408,2002.0,2004.0,True
46,XO,WD60,52.644867,-156.579823,420,XO.WD60,420,22003777536,2018.0,2019.0,True
47,II,COCO,-12.1901,96.8349,10191,II.COCO,10308,324008716288,1996.0,2026.0,True
48,G,AIS,-37.79635,77.569186,9740,G.AIS,9854,113890019840,1994.0,2026.0,True
49,NB,OCBR,-4.58127,-38.392159,321,NB.OCBR,322,6925242368,2007.0,2008.0,True
50,TW,VDOS,20.701,116.730598,641,TW.VDOS,641,23577174016,2014.0,2015.0,True
51,ZD,FM03,-13.7229,-75.889503,559,ZD.FM03,559,13768655360,2011.0,2013.0,True
52,YR,BANO,17.688869,54.438431,150,YR.BANO,151,2884845568,2005.0,2006.0,True
53,XE,EC01,-4.72613,-131.48519,320,XE.EC01,320,22417145856,2018.0,2019.0,True
54,KZ,CHKZ6,53.697498,70.600197,3519,KZ.CHKZ6,3519,19621359616,1995.0,2008.0,True
55,A7,LUBAN,-14.90583,13.44833,365,A7.LUBAN,365,19405329408,2022.0,2023.0,True
56,XE,ES31,29.506283,96.755737,428,XE.ES31,429,8227775488,2003.0,2004.0,True
57,ZL,A21,31.995399,160.351196,38,ZL.A21,38,2609557504,2010.0,2010.0,True
58,XA,S15,26.13407,3.62981,2253,XA.S15,2254,17562001408,1971.0,1977.0,True
59,S1,AUTAR,-42.9425,147.3551,4012,S1.AUTAR,4128,240623512576,2013.0,2026.0,True
60,ID,RPN,-27.1273,-109.334396,1000,ID.RPN,1000,14680064,1987.0,1990.0,True
61,IM,H01W2,-34.897079,114.134033,1465,IM.H01W2,898,32534160384,2014.0,2017.0,True
62,XI,D55,26.105801,-44.840599,278,XI.D55,278,7628611584,2003.0,2004.0,True
63,UO,LAIR,43.16148,-123.93143,3371,UO.LAIR,3487,206738464256,1999.0,2026.0,True
64,ZU,227,22.674228,-158.1445,35,ZU.227,35,9571155968,2018.0,2018.0,True
65,AK,A19K,70.2043,-161.0713,1302,AK.A19K,1392,32074597376,2020.0,2026.0,True
66,X5,CTSN,62.851799,-82.484642,1057,X5.CTSN,1055,6612021248,2007.0,2010.0,True
67,XF,E06,17.3333,149.300003,41,XF.E06,41,2710147072,2012.0,2012.0,True
68,5A,KIMBE,-5.53671,150.126236,491,5A.KIMBE,492,12571840512,2014.0,2016.0,True
69,8A,KONI,-67.962303,-62.674702,60,8A.KONI,60,2273521664,2008.0,2009.0,True
70,G,PPTF,-17.5896,-149.56525,6312,G.PPTF,6428,75665793536,2009.0,2026.0,True
71,VU,RTV,-17.7882,168.430603,373,VU.RTV,373,11849900032,2012.0,2014.0,True
72,ID,SEY,-4.673032,55.461128,823,ID.SEY,823,18112512,1980.0,1983.0,True
73,IU,RAO,-29.245,-177.929,7081,IU.RAO,3159,120050598400,2004.0,2013.0,True
74,II,SHEL,-15.9594,-5.7455,11033,II.SHEL,11150,276787240448,1995.0,2026.0,True
75,ZD,G01,-4.4516,-106.260498,162,ZD.G01,162,3965407232,2007.0,2009.0,True
76,YC,SBA8,4.43208,118.095222,667,YC.SBA8,668,12531224576,2018.0,2020.0,True
77,YF,MARJ,32.522598,20.8776,306,YF.MARJ,306,9364443136,2000.0,2001.0,True
78,TO,CARR,17.2064,-99.510902,604,TO.CARR,604,22237675520,2005.0,2007.0,True
79,XD,PSP03,-89.929001,144.360992,915,XD.PSP03,915,11065408000,2008.0,2010.0,True
80,G,FOMA,-24.97565,46.978877,5092,G.FOMA,5208,40502427648,2008.0,2026.0,True
81,ZQ,103,36.419701,117.088501,432,ZQ.103,432,4155994112,2001.0,2003.0,True
82,1E,WHI,83.088333,-74.146667,366,1E.WHI,367,11978846208,2010.0,2012.0,True
83,IM,WK31,17.9275,167.499298,56,IM.WK31,56,3153338368,2000.0,2000.0,True
84,IU,YAK,62.031,129.6805,11516,IU.YAK,6800,117501591040,1993.0,2013.0,True
85,YF,CDLV,29.163099,-13.4439,535,YF.CDLV,535,17015029760,1999.0,2001.0,True
86,IM,I52H2,-7.37058,72.482361,3947,IM.I52H2,920,2379665920,2014.0,2017.0,True
87,7B,SD05,-29.001301,133.585098,101,7B.SD05,102,2684043264,1995.0,1995.0,True
88,X6,NS10,-27.051001,-67.688004,610,X6.NS10,610,9939763200,2008.0,2009.0,True
89,XA,S11,0.67416,23.473146,21,XA.S11,22,125382656,1969.0,1969.0,True
90,PO,NWRL,53.5253,-60.1424,201,PO.NWRL,201,12612036608,2019.0,2019.0,True
91,2A,46,-14.85,-118.3703,248,2A.46,248,1751752704,2002.0,2002.0,True
92,BL,STMB,-2.7515,-54.957199,113,BL.STMB,113,1445318656,2002.0,2003.0,True
93,CM,FLO2,1.582667,-75.652667,170,CM.FLO2,170,988713472,2015.0,2016.0,True
94,S1,AUNHS,-12.1874,136.7832,1911,S1.AUNHS,2027,122722265088,2013.0,2026.0,True
95,GB,LEWI,58.1445,-6.869,731,GB.LEWI,731,15093160448,2018.0,2020.0,True
96,IU,KIEV,50.7012,29.2242,9041,IU.KIEV,5793,104230067200,1995.0,2013.0,True
97,XD,DELB,-7.56202,110.462578,49,XD.DELB,50,798168064,2001.0,2001.0,True
98,IU,FUNA,-8.5259,179.1966,7233,IU.FUNA,2893,84389853696,2004.0,2013.0,True
99,ON,RIB01,-19.314217,-40.394363,3428,ON.RIB01,3544,66652082176,2014.0,2026.0,True
100,YP,NEA9,47.6717,127.988297,691,YP.NEA9,691,9400832000,2009.0,2011.0,True
101,XU,MACQ,-54.497299,158.938599,400,XU.MACQ,400,1149566976,1996.0,1997.0,True
102,PS,SYO,-69.0067,39.585,10960,PS.SYO,0,0,,,True
103,TX,435B,30.7827,-97.585,2738,TX.435B,2854,34203495936,2019.0,2026.0,True
104,IU,KOWA,14.4967,-4.014,1642,IU.KOWA,698,19246622720,1998.0,2013.0,True
105,X9,YA03,-54.85568,-68.66536,39,X9.YA03,40,1127301120,2024.0,2024.0,True
106,4P,RET57,35.807823,-79.336545,23,4P.RET57,24,19030016,2016.0,2016.0,True
107,ZV,WKZ09,44.8806,55.337601,20,ZV.WKZ09,20,812175360,2016.0,2016.0,True
108,1J,TI4A,-67.39725,114.135036,36,1J.TI4A,37,6355200000,2018.0,2019.0,True
109,AF,POGA,-27.346,31.707,5604,AF.POGA,5720,115125895168,2006.0,2026.0,True
110,XI,UQSK,25.789,42.360001,261,XI.UQSK,261,1815351296,1996.0,1997.0,True
111,IU,KBS,78.9154,11.9385,11238,IU.KBS,6516,108183222784,1994.0,2013.0,True
112,G,PAF,-49.351,70.210708,14359,G.PAF,14475,113879218688,1983.0,2026.0,True
113,XI,KITU,-1.373014,38.002075,179,XI.KITU,180,1170588672,2001.0,2002.0,True
114,IU,JOHN,16.7329,-169.5292,7182,IU.JOHN,3587,135130519040,1998.0,2013.0,True
115,XP,N16,39.146099,-108.593597,361,XP.N16,361,6418379776,2008.0,2009.0,True
116,ON,TER01,-28.531839,-49.12907,983,ON.TER01,1047,25238227456,2019.0,2026.0,True
117,CD,WMQ,43.821098,87.695,3149,CD.WMQ,3149,7651430400,1986.0,1995.0,True
118,ZC,SODR,19.7524,-70.5763,3871,ZC.SODR,3987,80058430464,2014.0,2026.0,True
119,TC,TRT1,10.598402,-83.699265,205,TC.TRT1,205,1306911232,2015.0,2020.0,True
120,JP,JOW,26.836,128.272507,7185,JP.JOW,7301,48047525888,2007.0,2026.0,True
121,II,FFC,54.725,-101.9783,11479,II.FFC,11595,199343414272,1993.0,2026.0,True
122,IU,XMAS,2.0448,-157.4457,8973,IU.XMAS,5139,162113554944,1997.0,2013.0,True
123,IU,BILL,68.0653,166.4531,10523,IU.BILL,5953,128321059840,1995.0,2013.0,True
124,XT,PNI,7.006,158.15184,223,XT.PNI,224,1987213312,1995.0,1996.0,True
125,XS,S15D,0.1814,-6.6228,371,XS.S15D,371,26002276352,2016.0,2017.0,True
126,PO,MATQ,49.7589,-77.6376,3439,PO.MATQ,3439,99543840768,2012.0,2024.0,True
127,XV,BANJ,-13.6426,48.453701,234,XV.BANJ,234,4838313984,2012.0,2013.0,True
128,AK,GLB,61.4417,-143.8123,4873,AK.GLB,4989,137488753664,2013.0,2026.0,True
129,XF,NG010,27.461399,84.2799,153,XF.NG010,153,4179614208,2002.0,2003.0,True
130,ZM,N215,-78.904503,59.994301,874,ZM.N215,874,8479793152,2009.0,2011.0,True
131,Z1,Z01J,-11.10908,24.020639,522,Z1.Z01J,522,26617360384,2022.0,2023.0,True
132,PM,PESTR,38.867168,-7.590169,6895,PM.PESTR,7011,227607482880,2007.0,2026.0,True
133,IU,ADK,51.8823,-176.6842,9063,IU.ADK,4889,50323809280,1993.0,2013.0,True
134,IU,KNTN,-2.7744,-171.7186,2997,IU.KNTN,1899,46610639360,2007.0,2013.0,True
135,ZB,LUNG,-2.2853,101.155602,276,ZB.LUNG,276,6573023232,2007.0,2008.0,True
136,PS,VIVO,18.6498,105.6965,1603,PS.VIVO,0,0,,,True
137,G,HYB,17.41867,78.55213,6332,G.HYB,6332,21856530432,1989.0,2007.0,True
138,XH,RS08,-79.3899,-163.539398,719,XH.RS08,719,16842715136,2014.0,2016.0,True
139,YY,SW05,56.7528,12.6313,249,YY.SW05,249,2475831296,2006.0,2007.0,True
140,2D,OBS13,32.654999,-123.828598,389,2D.OBS13,389,54507667456,2010.0,2011.0,True
141,IU,HNR,-9.4387,159.9475,10864,IU.HNR,6068,138767861760,1993.0,2013.0,True
142,Z6,01,27.766001,149.092804,378,Z6.01,378,26526744576,2009.0,2010.0,True
143,YS,TL06,-8.4718,126.4576,1516,YS.TL06,1516,30844795392,2014.0,2018.0,True
144,BX,KOOLE,-22.993059,20.195551,1138,BX.KOOLE,1138,52731996672,2018.0,2022.0,True
145,IU,SAML,-8.9489,-63.1831,5723,IU.SAML,2983,59507147776,2003.0,2013.0,True
146,XW,ADEN,12.77592,44.982441,761,XW.ADEN,762,13486841856,2009.0,2011.0,True
147,TT,THTN,35.5616,8.6881,712,TT.THTN,712,20511692288,2010.0,2013.0,True
148,YL,B14W,-19.0427,-177.987701,326,YL.B14W,326,10655903744,2009.0,2010.0,True
149,ZV,XWAN,38.452499,102.6717,492,ZV.XWAN,492,10442974208,2009.0,2010.0,True
150,AI,BELA,-77.875,-34.6269,6118,AI.BELA,6234,127428263424,2009.0,2026.0,True
151,XN,SARMI,-1.854546,138.753006,15,XN.SARMI,16,779997184,1996.0,1996.0,True
152,PQ,CMBN,69.1206,-105.0419,857,PQ.CMBN,973,19575121408,2024.0,2026.0,True
153,IU,MSKU,-1.6557,13.6116,1286,IU.MSKU,1286,25730525184,1999.0,2010.0,True
154,YA,LIQ1,23.48757,69.9161,15,YA.LIQ1,16,384948224,2001.0,2001.0,True
155,MH,P0023,-24.176133,-141.1115,408,MH.P0023,408,14770176,2018.0,2025.0,True
156,IU,YSS,46.9587,142.7604,12271,IU.YSS,7559,167568858624,1992.0,2013.0,True
157,S1,AUCAR,-24.8851,113.6586,2038,S1.AUCAR,2160,149818642432,2004.0,2026.0,True
158,MM,SIM,20.1332,92.885201,869,MM.SIM,869,88260620288,2017.0,2020.0,True
159,MN,PDG,42.4297,19.2608,1914,MN.PDG,1914,72263466496,2008.0,2013.0,True
160,XW,KHA,44.208099,73.997299,786,XW.KHA,786,3939917824,1997.0,2000.0,True
161,MN,KEG,29.9275,31.8292,2324,MN.KEG,2324,15113809920,1990.0,1999.0,True
162,MH,P0019,-15.399867,-130.741183,120,MH.P0019,120,4247552,2018.0,2024.0,True
163,S1,AUTKS,-33.7846,151.0254,3236,S1.AUTKS,3352,206386013184,2014.0,2026.0,True
164,G,TAOE,-8.85493,-140.14819,7580,G.TAOE,7696,238837780992,2005.0,2026.0,True
165,1U,RUC,-36.124113,174.011005,345,1U.RUC,345,17812426240,2024.0,2025.0,True
166,ID,RAR,-21.212999,-159.7733,5404,ID.RAR,5404,1010462720,1976.0,1994.0,True
167,IL,IR3,35.476112,51.02375,775,IL.IR3,775,608395264,1976.0,1979.0,True
168,IU,TRQA,-38.0568,-61.9787,8531,IU.TRQA,4401,106524303872,2000.0,2013.0,True
169,XY,BS07,52.390099,-126.834999,416,XY.BS07,416,6228893696,2005.0,2006.0,True
170,NO,JMIC,70.986603,-8.5057,4292,NO.JMIC,4292,224339812352,2009.0,2021.0,True
171,YU,MD04,10.8953,-74.1514,737,YU.MD04,737,19463553024,2016.0,2018.0,True
172,AK,M11K,60.3849,-166.2011,1887,AK.M11K,2003,62616448512,2020.0,2026.0,True
173,ZU,E118,46.122799,169.574997,26,ZU.E118,26,2579542016,2019.0,2019.0,True
174,IU,MA2,59.5756,150.77,9996,IU.MA2,5292,101220838912,1993.0,2013.0,True
175,YS,PL59,16.989,-149.0009,363,YS.PL59,363,7645937664,2006.0,2007.0,True
176,1D,FOWL,-76.892838,-79.301125,677,1D.FOWL,682,12706299904,2016.0,2018.0,True
177,PQ,TUKN,69.4382,-132.9945,1577,PQ.TUKN,1693,66438146560,2022.0,2026.0,True
178,XU,COVA,-45.471199,161.161407,105,XU.COVA,105,963641344,1997.0,1997.0,True
179,II,KWAJ,8.8019,167.613,5674,II.KWAJ,5674,146649544192,1999.0,2017.0,True
180,4P,MTB15,48.3131,-112.447,36,4P.MTB15,37,19443712,2008.0,2008.0,True
181,7B,SA02,-17.3633,144.484695,40,7B.SA02,41,1075802112,1993.0,1993.0,True
182,XE,LAJO,-17.77766,-67.477753,183,XE.LAJO,183,2141659136,1994.0,1995.0,True
183,XP,N076,-80.806198,135.434006,246,XP.N076,247,1816283136,2001.0,2003.0,True
184,M8,AY41,-27.9822,122.9615,389,M8.AY41,505,10438371328,2025.0,2026.0,True
185,C1,VA04,-33.6427,-78.8299,3914,C1.VA04,4030,346131250688,2015.0,2026.0,True
186,CD,ENH,30.271799,109.486801,1770,CD.ENH,1770,3642396672,1986.0,1997.0,True
187,G,SOK,14.494418,-16.456223,2429,G.SOK,2545,21628909056,2020.0,2026.0,True
188,12,OBS21,9.82879,-104.29892,366,12.OBS21,367,23349926400,2022.0,2023.0,True
189,GI,PETF,16.916298,-89.866737,2709,GI.PETF,2709,152934689280,2013.0,2021.0,True
190,8F,VIGR,63.89593,-22.12951,472,8F.VIGR,473,11578900480,2020.0,2021.0,True
191,G,IVI,61.205808,-48.171178,5017,G.IVI,5038,45851251712,2011.0,2026.0,True
192,G,DRV,-66.664908,140.002069,13758,G.DRV,14230,90361182208,1986.0,2026.0,True
193,X5,MARN,71.326279,-79.373581,589,X5.MARN,589,3808186368,2009.0,2011.0,True
194,XB,CM31,10.327,15.262,359,XB.CM31,359,5782247424,2006.0,2007.0,True
195,YP,NE61,44.849098,115.991798,266,YP.NE61,589,7740932096,2009.0,2011.0,True
196,NM,WADM,36.366,-89.796,4022,NM.WADM,4022,103350585856,2013.0,2024.0,True
197,XD,INZA,-5.1168,30.3988,193,XD.INZA,193,1549934592,1994.0,1995.0,True
198,MY,KSM,1.4733,110.308296,7203,MY.KSM,7319,50234701824,2005.0,2026.0,True
199,XH,SAR,38.234528,28.685875,319,XH.SAR,320,3837333504,2002.0,2003.0,True
200,XB,PM35,31.046301,-3.9958,1305,XB.PM35,1305,23734162432,2009.0,2013.0,True
201,G,KOG,5.207,-52.732,1939,G.KOG,1939,7456866304,1994.0,1999.0,True
202,7B,SB06,-35.036659,140.146194,140,7B.SB06,141,3717869568,1993.0,1994.0,True
203,XA,MM01,42.317501,-72.7117,363,XA.MM01,364,1912221696,1995.0,1996.0,True
204,GH,MRON,6.4647,-1.4371,526,GH.MRON,526,17206714880,2012.0,2014.0,True
205,KG,TJN,36.38052,127.36174,4962,KG.TJN,5078,38876212224,2013.0,2026.0,True
206,IM,I07H8,-19.943291,134.322906,1892,IM.I07H8,1108,2627597312,2014.0,2017.0,True
207,YS,PL68,14.6596,-157.8591,387,YS.PL68,387,6237249536,2006.0,2007.0,True
208,GB,CCA1,50.18667,-5.22767,5296,GB.CCA1,5410,200189009920,2011.0,2026.0,True
209,Z5,GIMR,3.272,31.501,35,Z5.GIMR,36,411193344,2022.0,2022.0,True
210,IU,DAV,7.0697,125.5791,11436,IU.DAV,6568,128754920960,1994.0,2013.0,True
211,X4,A07,36.812099,92.948601,33,X4.A07,33,253120000,2008.0,2009.0,True
212,AI,ORCD,-60.738098,-44.736099,7918,AI.ORCD,8030,160975626752,2004.0,2026.0,True
213,AF,BLWY,-20.143,28.611,928,AF.BLWY,1841,24938512384,2007.0,2020.0,True
214,PS,TGY,14.1,120.940002,231,PS.TGY,0,0,,,True
215,XF,NE4,76.657433,-34.27758,564,XF.NE4,565,15009128960,2014.0,2016.0,True
216,GE,TRTE,58.378601,26.720501,2370,GE.TRTE,2369,29644816384,1996.0,2003.0,True
217,II,PALK,7.2728,80.7022,8845,II.PALK,8959,153320619008,2000.0,2026.0,True
218,CU,ANWB,17.6684,-61.78562,6517,CU.ANWB,6633,210553316352,2007.0,2026.0,True
219,GT,CPUP,-26.33064,-57.33087,9156,GT.CPUP,9272,141238363648,1994.0,2026.0,True
220,II,NRIL,69.5049,88.4414,1395,II.NRIL,1395,8314150912,1992.0,1999.0,True
221,BL,IGCB,-1.1272,-47.608501,391,BL.IGCB,391,6324211712,2003.0,2004.0,True
222,II,KAPI,-5.0142,119.7517,8408,II.KAPI,8525,179795424256,1999.0,2026.0,True
223,II,ARTI,56.3879,58.3849,2836,II.ARTI,3136,56293590528,2018.0,2026.0,True
224,RU,ERBR,45.7146,40.4835,1006,RU.ERBR,1006,20444463616,2017.0,2020.0,True
225,II,NVS,54.8404,83.2346,492,II.NVS,492,1678450688,1992.0,1993.0,True
226,G,PCR,-21.20842,55.5721,302,G.PCR,302,26271744,1982.0,1986.0,True
227,CZ,MORC,49.7768,17.5425,1212,CZ.MORC,1328,104168139264,2023.0,2026.0,True
228,II,UOSS,24.9453,56.2042,6317,II.UOSS,6434,146362527232,2009.0,2026.0,True
229,IU,TIXI,71.6341,128.8667,10031,IU.TIXI,5372,138816647168,1995.0,2013.0,True
230,IN,PBA,11.655733,92.743919,4614,IN.PBA,4721,258610514944,2011.0,2026.0,True
231,YT,WNDY,-82.3695,-119.4135,323,YT.WNDY,323,2653356032,2010.0,2010.0,True
232,EC,MCRA,-4.3697,-79.954399,575,EC.MCRA,575,15158043136,2016.0,2018.0,True
233,N4,K50A,42.7749,-82.6231,4332,N4.K50A,1009,57237908992,2014.0,2017.0,True
234,XK,5190,51.352074,-90.222374,152,XK.5190,153,910798848,1997.0,1997.0,True
235,ZU,TXC24,31.493786,-106.042888,26,ZU.TXC24,27,13488128,2021.0,2021.0,True
236,3E,MEL15,-34.017221,-70.126983,286,3E.MEL15,286,28109049856,2025.0,2026.0,True
237,ZU,FLD53,30.16414,-84.734619,71,ZU.FLD53,72,38838272,2022.0,2022.0,True
238,RM,DLV,11.952,108.481499,4253,RM.DLV,4253,291660752896,2009.0,2023.0,True
239,MH,P0011,-14.000417,-159.5934,628,MH.P0011,628,20303872,2018.0,2025.0,True
240,NN,SLVR,37.7414,-117.6143,810,NN.SLVR,926,59313099776,2024.0,2026.0,True
241,N4,R32B,38.4225,-98.7111,4642,N4.R32B,1158,63053309440,2014.0,2017.0,True
242,Y6,MALY,45.793499,-63.355103,697,Y6.MALY,697,10068566016,2013.0,2015.0,True
243,X5,PNGN,66.143471,-65.711548,1058,X5.PNGN,1058,25239146496,2008.0,2011.0,True
244,BL,CRTA,-13.43211,-44.58189,50,BL.CRTA,50,331898880,2003.0,2003.0,True
245,3J,OBS04,-12.90699,-174.27149,619,3J.OBS04,619,43412062208,2023.0,2025.0,True
246,II,EFI,-51.6753,-58.0637,10605,II.EFI,10722,279324454912,1996.0,2026.0,True
247,BL,NUPA,-20.662781,-47.68594,172,BL.NUPA,173,363737088,2002.0,2003.0,True
248,ZB,PUTR,2.58091,96.048767,97,ZB.PUTR,97,2748215296,2005.0,2006.0,True
249,1P,OHRS,-48.7078,-73.9807,673,1P.OHRS,673,16237178880,2018.0,2020.0,True
250,SR,MAIO,36.299999,59.494499,990,SR.MAIO,990,880578560,1975.0,1978.0,True
251,CD,KMI,25.123301,102.739998,3395,CD.KMI,3395,4288860160,1986.0,1996.0,True
252,YY,NGLE,5.3316,39.573601,662,YY.NGLE,662,23607713792,2014.0,2016.0,True
253,4P,NDC26,47.845129,-102.105529,15,4P.NDC26,16,8400896,2018.0,2018.0,True
254,YH,MOHO,-8.1426,39.183201,420,YH.MOHO,420,8036820480,2010.0,2011.0,True
255,Y5,HON,55.080002,-114.050003,1409,Y5.HON,1410,13010620416,2006.0,2012.0,True
256,TJ,GEZN,39.283298,67.715401,2189,TJ.GEZN,2189,97159559680,2009.0,2024.0,True
257,7B,SB04,-29.3367,145.006104,22,7B.SB04,23,594714624,1993.0,1993.0,True
258,YF,N6002,63.53149,9.06231,150,YF.N6002,150,4722462720,2006.0,2006.0,True
259,JM,CVJB,18.226,-77.535,1059,JM.CVJB,1059,66411570688,2018.0,2023.0,True
260,GE,MHV,54.959499,37.766399,2834,GE.MHV,2833,18564743168,1995.0,2004.0,True
261,XA,SA18,-28.632814,24.305628,615,XA.SA18,616,3472030720,1997.0,1999.0,True
262,VE,PAYV,5.4205,-67.656097,596,VE.PAYV,596,12804587520,2003.0,2006.0,True
263,XJ,PZT,51.466999,156.809998,189,XJ.PZT,190,4057665536,1998.0,1999.0,True
264,XF,H1630,34.065399,84.227402,302,XF.H1630,302,4576784384,2004.0,2005.0,True
265,ZU,NZ05,-40.6493,167.251007,361,ZU.NZ05,361,7470854144,2009.0,2010.0,True
266,ZM,GM02,-79.425102,97.581497,896,ZM.GM02,896,10994577408,2008.0,2011.0,True
267,MP,KAR2,32.5398,44.0224,1761,MP.KAR2,1761,60329207296,2017.0,2025.0,True
268,KP,UPNV,72.782898,-56.1395,2892,KP.UPNV,2892,108077636096,2013.0,2021.0,True
269,IM,I51H3,32.34124,-64.70222,3990,IM.I51H3,1082,3058525696,2014.0,2017.0,True
270,QZ,FDRN,51.26934,51.769418,1593,QZ.FDRN,1710,180595076608,2022.0,2026.0,True
271,CM,MAP,4.003667,-81.606,272,CM.MAP,272,2729443840,2013.0,2015.0,True
272,3U,AR2,21.195819,-104.808545,260,3U.AR2,260,7006855168,2021.0,2021.0,True
273,XS,S38D,1.921838,-12.762288,313,XS.S38D,313,21883740160,2016.0,2017.0,True
274,A7,CAXIT,-8.553669,13.66417,28,A7.CAXIT,28,859322368,2023.0,2023.0,True
275,EM,PA834,-31.716999,-61.580002,20,EM.PA834,21,51781632,2003.0,2003.0,True
276,IC,SSE,31.09455,121.18863,10314,IC.SSE,10342,396046147584,1996.0,2026.0,True
277,YI,QCB01,56.170532,-135.481313,308,YI.QCB01,308,16225751040,2021.0,2022.0,True
278,IU,TARA,1.3549,172.9229,6733,IU.TARA,2293,156989834240,2007.0,2013.0,True
279,PS,CHUK,7.4638,151.8554,878,PS.CHUK,0,0,,,True
280,YO,X06,33.6507,-72.205704,361,YO.X06,361,24075862016,2014.0,2015.0,True
281,XL,AT13,44.992001,96.270103,659,XL.AT13,659,17873690624,2014.0,2016.0,True
282,GE,TIRR,44.458099,28.4128,8359,GE.TIRR,8490,410815051776,1975.0,2026.0,True
283,DA,URKR,42.1649,47.631,34,DA.URKR,34,550470656,2017.0,2017.0,True
284,G,CCD,-75.1065,123.305,5757,G.CCD,5873,98258379264,2008.0,2026.0,True
285,SR,BCAO,4.4335,18.5354,2938,SR.BCAO,2938,3552124928,1979.0,1990.0,True
286,7E,KB03,-16.039301,129.263306,58,7E.KB03,59,1541222400,1998.0,1998.0,True
287,7B,SA04,-22.941799,140.143997,142,7B.SA04,143,3785859072,1993.0,1993.0,True
288,YT,RMBO,-83.8714,-66.3959,4255,YT.RMBO,4255,57852399616,2014.0,2025.0,True
289,CB,SNY,41.827801,123.578003,3152,CB.SNY,3152,11193928704,2009.0,2025.0,True
290,YT,AGO3,-82.7541,28.581,1837,YT.AGO3,1837,20522176512,2012.0,2017.0,True
291,9C,2A11,53.6955,-166.7401,404,9C.2A11,404,6625357824,2015.0,2016.0,True
292,JP,CBIJ,27.095699,142.184494,2167,JP.CBIJ,2167,19158962176,2007.0,2013.0,True
293,X2,281,39.6814,110.487,368,X2.281,368,2480504832,2005.0,2006.0,True
294,IU,TATO,24.9735,121.4971,12051,IU.TATO,7165,139444797952,1992.0,2013.0,True
295,XV,SW060,49.53487,78.41968,144,XV.SW060,145,5703421952,2024.0,2024.0,True
296,XI,SODA,18.292101,42.3769,388,XI.SODA,388,3851739136,1995.0,1997.0,True
297,YY,OBS57,19.599899,143.400299,46,YY.OBS57,46,1223024640,2003.0,2003.0,True
298,IM,H10S2,-8.9591,-14.64531,4223,IM.H10S2,949,47084836352,2014.0,2017.0,True
299,6H,MAMB,-21.0061,34.959801,84,6H.MAMB,84,3888824320,2011.0,2012.0,True
300,XO,GUA3,13.266417,144.717209,374,XO.GUA3,375,5277483008,2003.0,2004.0,True
301,TW,VNAS,10.3774,114.364998,721,TW.VNAS,721,28692275200,2014.0,2015.0,True
302,AK,J19K,63.994,-155.6214,2407,AK.J19K,2523,76992481792,2019.0,2026.0,True
303,XB,FREI,-62.194698,-58.9841,835,XB.FREI,835,11233262592,1997.0,1999.0,True
304,XA,S12,-3.01084,-23.42456,2872,XA.S12,2873,11070840832,1969.0,1977.0,True
305,TM,NAYO,14.3152,101.3209,3715,TM.NAYO,3831,149984869888,2009.0,2026.0,True
306,JP,JTM,40.789501,141.064667,4438,JP.JTM,4554,27424804864,2013.0,2026.0,True
307,XR,ST05,31.040247,90.174088,317,XR.ST05,408,4701666304,1998.0,2013.0,True
308,AP,PVFF,33.39,-112.86,2324,AP.PVFF,2324,777359887872,2017.0,2025.0,True
309,7D,J48C,47.129501,-130.650696,285,7D.J48C,285,18370695168,2013.0,2014.0,True
310,TM,CMAI,19.932507,99.045281,1612,TM.CMAI,1715,70847055360,2009.0,2026.0,True
311,XE,RAUL,-19.29986,-60.706451,59,XE.RAUL,59,600207360,1994.0,1995.0,True
312,XD,MISC,-10.674984,152.784119,121,XD.MISC,122,3512621056,1999.0,2000.0,True
313,M8,AU52,-33.4865,120.9751,772,M8.AU52,888,23148835840,2024.0,2026.0,True
314,X8,QMM5,50.8438,-68.798203,1006,X8.QMM5,1006,28565979136,2012.0,2015.0,True
315,XV,VATO,-19.3314,48.982399,177,XV.VATO,177,4019298304,2011.0,2012.0,True
316,YS,PL44,25.5928,-152.765793,393,YS.PL44,393,7616409600,2006.0,2007.0,True
317,ZV,LORI,32.489201,102.437401,281,ZV.LORI,281,5049233920,2008.0,2009.0,True
318,XO,WD54,56.331433,-149.066665,416,XO.WD54,416,20571205632,2018.0,2019.0,True
319,IM,I18H7,77.47177,-69.27995,553,IM.I18H7,0,0,,,True
320,XW,BCHU,39.793301,78.782501,348,XW.BCHU,348,1696714752,1998.0,2000.0,True
321,XP,MINN,-78.550446,166.880066,292,XP.MINN,293,3440629760,2001.0,2003.0,True
322,BL,CRJB,-6.1702,-50.154598,555,BL.CRJB,555,8263716864,2002.0,2004.0,True
323,TC,ICC3,5.54345,-87.05687,893,TC.ICC3,893,26496783872,2015.0,2018.0,True
324,XJ,SHO,42.848701,-114.429703,78,XJ.SHO,79,454557696,2000.0,2001.0,True
325,1K,GIAN,42.25078,11.10161,367,1K.GIAN,367,9492094976,2020.0,2021.0,True
326,3H,G39,-0.9632,-95.7405,445,3H.G39,445,16194789376,2023.0,2024.0,True
327,PS,MCSJ,24.29,153.978,4308,PS.MCSJ,0,0,,,True
328,XW,ESG8,30.011152,-91.177429,40,XW.ESG8,40,3689022976,2013.0,2013.0,True
329,NL,HGN,50.764,5.9317,8437,NL.HGN,8553,255193709056,2000.0,2026.0,True
330,ZF,B001,-84.374199,170.981598,28,ZF.B001,28,4535531520,2012.0,2012.0,True
331,ZP,KISH,-12.0219,29.612301,367,ZP.KISH,367,6875151872,2010.0,2011.0,True
332,7C,MM17,62.0789,-131.9483,757,7C.MM17,757,20185559040,2016.0,2018.0,True
333,GE,SOCY,12.18703,53.987419,1056,GE.SOCY,1056,63341210112,2012.0,2016.0,True
334,PO,KJKQ,55.2769,-77.7455,128,PO.KJKQ,128,7200190464,2019.0,2021.0,True
335,IN,SHL,25.566816,91.855949,4855,IN.SHL,4967,275029494272,2011.0,2026.0,True
336,CA,CFAR,40.5604,0.6614,3467,CA.CFAR,3583,168156975104,2017.0,2026.0,True
337,8A,AIAI,-27.915554,17.491323,522,8A.AIAI,522,4512765952,2017.0,2018.0,True
338,ZM,P061,-84.499603,77.223801,1586,ZM.P061,1586,18854064128,2007.0,2012.0,True
339,8A,NEPA,-17.7703,18.4597,757,8A.NEPA,757,8523366912,2015.0,2017.0,True
340,DK,NOR,81.604718,-16.66103,5240,DK.NOR,5272,162017027584,2010.0,2026.0,True
341,XF,ET14,37.737228,15.061717,60,XF.ET14,60,4174336000,2017.0,2017.0,True
342,XT,B151,12.9915,-67.651299,366,XT.B151,366,5198929920,2004.0,2005.0,True
343,YQ,N002,13.54526,39.416191,382,YQ.N002,382,19033120768,2017.0,2018.0,True
344,IU,PTGA,-0.7308,-59.9666,3260,IU.PTGA,2595,61858487296,1995.0,2013.0,True
345,KZ,AB06,49.261101,59.969299,7481,KZ.AB06,7481,28313255936,2003.0,2025.0,True
346,BL,PDCB,-12.5306,-39.123798,489,BL.PDCB,489,5891170304,2002.0,2004.0,True
347,ZG,CP19,-13.089,-70.393303,244,ZG.CP19,244,3612041216,2010.0,2012.0,True
348,ZN,SA2G,66.327003,-51.860298,318,ZN.SA2G,318,2479427584,2006.0,2007.0,True
349,AT,SMY,52.730801,174.103104,7664,AT.SMY,7664,130348692992,2003.0,2026.0,True
350,8Q,P19,26.723123,-144.689908,445,8Q.P19,445,31247515648,2021.0,2023.0,True
351,XB,CM11,3.98,13.188,358,XB.CM11,358,7817907200,2006.0,2007.0,True
352,XW,SS21A,-20.31518,-72.438164,35,XW.SS21A,35,9430466560,2016.0,2016.0,True
353,YT,THUR,-72.5301,-97.5606,5003,YT.THUR,5003,43750301696,2011.0,2025.0,True
354,XJ,TKI,60.44611,166.148788,316,XJ.TKI,317,7103082496,1998.0,1999.0,True
355,4P,WAC06,47.88108,-120.666119,20,4P.WAC06,21,10981376,2007.0,2007.0,True
356,AK,TNA,65.5598,-167.9267,6591,AK.TNA,6681,120353544192,2002.0,2026.0,True
357,5A,ARAWA,-6.22292,155.563797,448,5A.ARAWA,449,12400611328,2014.0,2016.0,True
358,YQ,MATA,-8.9593,33.968899,791,YQ.MATA,791,14290124800,2013.0,2015.0,True
359,YL,BEKI,41.314999,34.263,671,YL.BEKI,671,8337533952,2006.0,2008.0,True
360,MH,P0017,-9.9899,-135.034383,175,MH.P0017,175,5787648,2018.0,2025.0,True
361,OZ,TOT,-37.82313,146.40738,710,OZ.TOT,826,33478338560,2025.0,2026.0,True
362,XW,SAUM,16.141451,49.29332,189,XW.SAUM,189,4311396352,2009.0,2009.0,True
363,ZI,2299,44.351398,-107.611,15,ZI.2299,15,243159040,2010.0,2010.0,True
364,YT,ST14,-77.8378,-134.0802,719,YT.ST14,719,5897981952,2010.0,2012.0,True
365,XS,S009,37.548,22.212,489,XS.S009,489,6102429696,2006.0,2007.0,True
366,Z6,13,29.351299,155.244003,367,Z6.13,367,25689636864,2009.0,2010.0,True
367,BL,POPB,-22.456499,-52.8368,783,BL.POPB,784,2376257536,1999.0,2002.0,True
368,XT,KOS,5.3238,163.008698,465,XT.KOS,466,3002127360,1994.0,1996.0,True
369,IC,HIA,49.270115,119.741363,11556,IC.HIA,11672,353337736704,1994.0,2026.0,True
370,XU,LUMA,-45.722801,168.449402,33,XU.LUMA,33,237961216,1996.0,1997.0,True
371,YS,PL14,18.7976,-153.992294,370,YS.PL14,370,6565978112,2005.0,2006.0,True
372,S1,AUKAR,-20.752,116.8178,2366,S1.AUKAR,2475,161164298752,2003.0,2026.0,True
373,PB,GUAX,28.88406,-118.28968,1925,PB.GUAX,1925,38587867648,2016.0,2023.0,True
374,AF,GRM,-33.313,26.507999,2066,AF.GRM,2066,20892455936,2006.0,2013.0,True
375,XI,SC14,47.723,-84.814003,835,XI.SC14,835,11678669312,2011.0,2013.0,True
376,JP,JSU,31.509331,130.452667,4437,JP.JSU,4553,30333547520,2013.0,2026.0,True
377,AK,FYU,66.5657,-145.2342,5577,AK.FYU,5693,114384663552,2009.0,2026.0,True
378,AF,TEZI,-15.747,26.016001,2006,AF.TEZI,2006,16725937152,2006.0,2015.0,True
379,GE,GHAR,32.122398,13.0885,301,GE.GHAR,301,1706188800,2002.0,2002.0,True
380,CM,RUS,5.8925,-73.083167,4835,CM.RUS,4951,34836349952,2012.0,2026.0,True
381,5G,D10,42.9305,130.3004,1812,5G.D10,1812,61817151488,2004.0,2010.0,True
382,GB,GDLE,54.42183,-0.81567,3121,GB.GDLE,3235,105854292480,2018.0,2026.0,True
383,ZA,B20,9.8252,-142.660507,391,ZA.B20,391,27309039616,2011.0,2012.0,True
384,YF,PB60,53.950298,22.0117,203,YF.PB60,203,2844369920,2007.0,2007.0,True
385,YS,SAVU,-10.5476,121.8613,723,YS.SAVU,723,10936156160,2014.0,2016.0,True
386,IM,CY602,34.34664,34.51679,2320,IM.CY602,0,0,,,True
387,NR,NE79,23.11937,-109.756111,1604,NR.NE79,1604,10171510784,2002.0,2008.0,True
388,M8,AI45,-29.9886,114.9982,772,M8.AI45,888,19642702336,2024.0,2026.0,True
389,X3,OBS01,36.117802,-34.2104,16,X3.OBS01,16,4404621312,2013.0,2013.0,True
390,YH,LOBS4,-39.120098,178.981506,320,YH.LOBS4,320,14574497792,2014.0,2015.0,True
391,S1,AUMUL,-28.5585,153.4949,465,S1.AUMUL,465,38304051200,2013.0,2014.0,True
392,MY,KOM,1.7922,103.846703,6682,MY.KOM,6798,53413149184,2006.0,2026.0,True
393,XM,ANB07,-23.7691,-63.6877,650,XM.ANB07,651,16254468096,2022.0,2024.0,True
394,N4,060A,27.0361,-80.3618,4374,N4.060A,1175,70440827904,2014.0,2017.0,True
395,PM,PMOZ,32.823002,-17.19717,6052,PM.PMOZ,6052,173925066240,2008.0,2026.0,True
396,G,NOC,-22.284,166.432,588,G.NOC,588,67448832,1985.0,1987.0,True
397,XO,EP16,59.1126,-156.8567,383,XO.EP16,383,15043338240,2018.0,2019.0,True
398,M8,TEFOZ,-22.8162,122.5786,77,M8.TEFOZ,193,6328557568,2026.0,2026.0,True
399,GE,PMG,-9.4092,147.1539,3153,GE.PMG,3153,22700290048,1993.0,2004.0,True
400,7B,NN01,-31.70961,-154.60328,370,7B.NN01,370,25953402880,2019.0,2020.0,True
401,8B,416,34.9002,111.4011,433,8B.416,433,5146824704,2008.0,2009.0,True
402,MH,P0006,-14.433683,-179.48985,618,MH.P0006,618,17506304,2018.0,2025.0,True
403,MH,P0020,-20.2983,-130.667133,109,MH.P0020,109,4554752,2018.0,2023.0,True
404,ZM,D21,30.187901,-41.987301,208,ZM.D21,208,5409083392,2005.0,2006.0,True
405,PQ,NBC8,56.57308,-122.40441,3741,PQ.NBC8,3857,123492041728,2016.0,2026.0,True
406,XB,NIUE,-18.979219,-169.876144,654,XB.NIUE,655,6597103616,1993.0,1995.0,True
407,BL,GNSA,-15.2644,-49.085499,57,BL.GNSA,58,179150848,2001.0,2001.0,True
408,7U,TJTJ,-77.29887,-100.476063,727,7U.TJTJ,728,14585491456,2019.0,2021.0,True
409,1D,BREN,-72.67498,-63.020939,364,1D.BREN,364,7649054720,2017.0,2018.0,True
410,N4,R50A,38.2816,-84.3274,4629,N4.R50A,1100,49403219968,2014.0,2017.0,True
411,ZU,NMV26,35.783683,-103.857885,41,ZU.NMV26,42,22069248,2020.0,2020.0,True
412,4P,NEK29,42.886919,-100.444528,23,4P.NEK29,24,12955648,2018.0,2018.0,True
413,7B,SD09,-30.4324,139.421494,67,7B.SD09,68,1779793920,1995.0,1995.0,True
414,PQ,ULUN,70.7363,-117.762,1577,PQ.ULUN,1693,54455585792,2022.0,2026.0,True
415,7C,MM40,66.0246,-124.6709,585,7C.MM40,585,17142190080,2016.0,2018.0,True
416,3R,A06,16.596106,-94.705902,21,3R.A06,22,163147776,2022.0,2022.0,True
417,Y2,GUGE,31.4769,79.664101,1419,Y2.GUGE,1419,30107996160,2007.0,2011.0,True
418,ZU,TXK37,26.160578,-97.364209,35,ZU.TXK37,36,16453632,2023.0,2023.0,True
419,II,LVZ,67.8979,34.6514,11745,II.LVZ,12046,239032854016,1992.0,2026.0,True
420,MH,P0013,-11.499367,-144.00305,94,MH.P0013,94,7143424,2018.0,2023.0,True
421,XV,MMBE,-21.750099,43.372101,702,XV.MMBE,702,10994704384,2011.0,2013.0,True
422,XT,TAUF,-17.971741,177.280457,328,XT.TAUF,329,3807442944,2001.0,2002.0,True
423,ZT,NHAM,-24.91566,27.31703,1037,ZT.NHAM,1038,13483549184,2017.0,2020.0,True
424,MH,P0012,-15.005483,-154.98335,223,MH.P0012,223,9658368,2018.0,2024.0,True
425,8A,BAHE,-21.3521,15.4405,1306,8A.BAHE,1306,13100528640,2015.0,2018.0,True
426,YS,PL71,17.746901,-161.367599,414,YS.PL71,414,7695122432,2006.0,2007.0,True
427,MX,HPIG,26.936794,-105.664017,4279,MX.HPIG,4393,26386077184,2014.0,2026.0,True
428,NC,G005,38.592064,-123.319794,1747,NC.G005,1753,1252257280,2013.0,2026.0,True
429,NB,AGBR,-8.42954,-35.936161,240,NB.AGBR,241,5502902272,2007.0,2008.0,True
430,MN,MEB,36.303,2.73,345,MN.MEB,345,2979086336,1992.0,1993.0,True
431,MH,P0025,-22.024383,-148.47345,70,MH.P0025,70,2891776,2018.0,2025.0,True
432,VE,LUEV,5.8433,-61.4613,651,VE.LUEV,651,14956569088,2003.0,2006.0,True
433,XJ,TIG,57.759483,158.685638,250,XJ.TIG,250,5940995072,1998.0,1999.0,True
434,TO,SAFR,21.570499,-98.369598,188,TO.SAFR,188,3970408448,2005.0,2006.0,True
435,2A,39,-12.37,-114.524902,190,2A.39,190,1707769856,2001.0,2002.0,True
436,XK,B17CI,-19.2938,22.909401,627,XK.B17CI,627,10399555584,2012.0,2014.0,True
437,4P,ILM43,41.206753,-88.744317,42,4P.ILM43,43,26050560,2012.0,2012.0,True
438,ZF,HYNE,9.31476,42.096199,710,ZF.HYNE,711,19512397824,2007.0,2009.0,True
439,CU,BBGH,13.1434,-59.5588,7352,CU.BBGH,7469,200436059136,2006.0,2026.0,True
440,XI,CX111,21.3447,-89.2341,45,XI.CX111,45,2753474560,2005.0,2005.0,True
441,NU,CSGN,12.9763,-87.558701,3637,NU.CSGN,3672,66772246016,2006.0,2026.0,True
442,ZM,GM07,-77.313599,39.613201,322,ZM.GM07,322,3694149632,2009.0,2010.0,True
443,DK,SCO,70.485536,-21.949715,5801,DK.SCO,5909,170213633536,2009.0,2026.0,True
444,YD,3H07,47.673592,23.49605,683,YD.3H07,686,18792841216,2009.0,2011.0,True
445,YF,STN10,20.3675,-65.524498,45,YF.STN10,45,1521180672,2005.0,2005.0,True
446,PS,GTC1,31.4007,140.917297,1079,PS.GTC1,0,0,,,True
447,4Q,UT19,-22.621085,-68.369201,689,4Q.UT19,690,19437641728,2023.0,2025.0,True
448,3B,EOC03,34.914823,-95.331186,49,3B.EOC03,49,468549632,2021.0,2021.0,True
449,NI,ZOU2,46.558399,12.9729,866,NI.ZOU2,866,19417071104,2013.0,2015.0,True
450,X4,D11,34.0555,97.205399,159,X4.D11,159,1173318656,2007.0,2009.0,True
451,XL,HD68,44.403,102.444702,650,XL.HD68,650,18994647040,2012.0,2014.0,True
452,CI,CIA,33.401898,-118.415021,10006,CI.CIA,10122,356614135296,1998.0,2026.0,True
453,XB,ALIE5,-41.710701,172.907394,369,XB.ALIE5,369,2712670208,2000.0,2001.0,True
454,BL,SNVB,0.9051,-51.877102,481,BL.SNVB,481,7932502016,2002.0,2004.0,True
455,XR,MS09,23.478138,96.080143,398,XR.MS09,399,11457552384,2018.0,2020.0,True
456,8G,EC17,-0.0268,-79.847702,166,8G.EC17,166,6592417792,2016.0,2016.0,True
457,XD,SING,-4.6403,34.731499,372,XD.SING,372,2213580800,1994.0,1995.0,True
458,GE,MELI,35.289902,-2.9392,1442,GE.MELI,2399,29830844416,1999.0,2006.0,True
459,XY,PACW,39.9962,-77.9247,853,XY.PACW,853,29993312768,2013.0,2016.0,True
460,XL,HD75,49.3102,96.357101,640,XL.HD75,640,12927115264,2012.0,2014.0,True
461,XV,NAPU,-15.08,39.25,518,XV.NAPU,518,9465653248,2011.0,2013.0,True
462,BL,TRSB,-4.873,-42.705898,604,BL.TRSB,604,9479225344,2002.0,2004.0,True
463,ZM,ALYS,-84.354897,-23.7342,42,ZM.ALYS,42,1532993536,2012.0,2012.0,True
464,XB,PAPL,45.319138,-77.809006,132,XB.PAPL,133,855726080,1996.0,1996.0,True
465,Z5,NTGM,-0.832,30.272,726,Z5.NTGM,727,10646073344,2022.0,2024.0,True
466,Y1,KERK,2.61653,36.255065,603,Y1.KERK,604,19073945600,2019.0,2020.0,True
467,XV,EH,9.058173,-79.664642,166,XV.EH,167,31562752,1997.0,1998.0,True
468,4P,MNB33,48.381253,-95.504593,23,4P.MNB33,24,17760256,2012.0,2012.0,True
469,N4,E62A,46.6201,-69.5227,2767,N4.E62A,530,36744205824,2015.0,2017.0,True
470,EI,IMAY,54.160708,-9.379619,1355,EI.IMAY,1471,56796547072,2023.0,2026.0,True
471,YB,IF01,62.359459,-6.52752,462,YB.IF01,462,8334548992,2011.0,2012.0,True
472,A7,LUENA,-12.370829,19.91033,28,A7.LUENA,28,1537401344,2023.0,2023.0,True
473,YL,F01,-20.795,-173.913193,369,YL.F01,369,8107069440,2009.0,2010.0,True
474,CB,WHN,30.542801,114.353897,3120,CB.WHN,3120,14027360256,2009.0,2025.0,True
475,YU,NL02,9.2491,-70.2202,636,YU.NL02,636,9668714496,2016.0,2018.0,True
476,C1,CO05,-29.91864,-71.23841,3586,C1.CO05,3702,323295933952,2016.0,2026.0,True
477,3D,MM15,31.1991,-8.8973,862,3D.MM15,862,37439872512,2010.0,2013.0,True
478,KZ,OTUK,48.244301,72.337502,3842,KZ.OTUK,3842,57650921472,2010.0,2025.0,True
479,XY,U06B,-37.2244,-73.550003,148,XY.U06B,148,4986131456,2010.0,2010.0,True
480,QZ,ZSN,47.462283,84.866045,1535,QZ.ZSN,1651,161749236736,2022.0,2026.0,True
481,M8,BK45,-30.00289,128.97015,31,M8.BK45,31,741312512,2024.0,2024.0,True
482,ZX,215,40.438499,118.3479,392,ZX.215,392,3605053440,2003.0,2004.0,True
483,2O,BTL04,-15.84238,133.93432,1923,2O.BTL04,1960,25204423168,2021.0,2026.0,True
484,MM,YGN,16.864799,96.153397,2943,MM.YGN,2943,285214128128,2016.0,2026.0,True
485,ON,VAS01,-22.280081,-43.442623,2954,ON.VAS01,3070,56013560320,2014.0,2026.0,True
486,MH,P0022,-24.142517,-136.613917,454,MH.P0022,454,31170560,2018.0,2025.0,True
487,CB,GZH,23.6525,113.652496,2505,CB.GZH,2505,12114251264,2009.0,2023.0,True
488,XM,ASB08,-37.6872,-67.8793,470,XM.ASB08,471,16750518272,2023.0,2024.0,True
489,9R,OBS16,18.39057,-81.81344,201,9R.OBS16,201,28008136704,2022.0,2023.0,True
490,XM,ANB19,-27.7766,-62.9698,638,XM.ANB19,639,26409926656,2022.0,2024.0,True
491,KR,SFK,40.017151,73.506289,4066,KR.SFK,4182,219801897984,2010.0,2026.0,True
492,3H,G33,2.8879,-94.4777,452,3H.G33,452,16060796928,2023.0,2024.0,True
493,XN,NUMFO,-0.966673,134.806885,17,XN.NUMFO,18,721203200,1996.0,1996.0,True
494,Z9,W315,34.177898,-83.853104,749,Z9.W315,749,13295749632,2012.0,2014.0,True
495,YF,N6029,62.73584,17.815901,168,YF.N6029,168,4507340800,2006.0,2006.0,True
496,QZ,AKST,45.734274,62.857266,1581,QZ.AKST,1698,182042565632,2022.0,2026.0,True
497,XI,RIYD,24.722,46.643002,336,XI.RIYD,336,3794841600,1996.0,1997.0,True
498,ZL,NOQE,-31.1994,-66.747002,710,ZL.NOQE,710,6012280832,2007.0,2009.0,True
499,Z8,356,36.036201,106.672401,472,Z8.356,472,10954616832,2007.0,2008.0,True
500,Y1,N7001,68.400002,15.95431,810,Y1.N7001,811,13860454400,2007.0,2009.0,True
501,N4,P38B,39.6248,-93.5321,4674,N4.P38B,1145,55927465472,2014.0,2017.0,True
502,YP,NEP5,45.733601,122.619797,314,YP.NEP5,314,4115173376,2010.0,2011.0,True
503,XM,HB01,55.8022,-160.905197,48,XM.HB01,48,1779286016,2011.0,2011.0,True
504,GO,GHRG,41.7348,42.341,1206,GO.GHRG,1322,132858819584,2023.0,2026.0,True
505,ZB,N60B,1.63527,99.883049,224,ZB.N60B,224,11876667392,2008.0,2009.0,True
506,IC,QIZ,19.02928,109.84398,9352,IC.QIZ,9468,374965981184,2001.0,2026.0,True
507,IU,TBT,28.6794,-17.9145,740,IU.TBT,740,4919668736,1993.0,1996.0,True
508,KW,MIB,29.8032,47.338799,477,KW.MIB,477,15524474880,2010.0,2012.0,True
509,XD,HOT16,65.540825,-13.753478,749,XD.HOT16,750,7246088704,1996.0,1998.0,True
510,7D,G13B,40.683998,-128.028305,286,7D.G13B,286,13057384448,2012.0,2013.0,True
511,GE,RIOB,-10.1501,-67.747002,200,GE.RIOB,200,1909534720,2002.0,2004.0,True
512,S1,AUDHS,-12.44,130.833,3955,S1.AUDHS,4069,262897172992,2013.0,2026.0,True
513,C8,PCAQ,49.7311,-62.9416,3261,C8.PCAQ,3261,84591129088,2015.0,2024.0,True
514,AK,PS01,70.258,-148.6141,2387,AK.PS01,2502,211822416384,2020.0,2026.0,True
515,YP,NE8I,45.994301,133.655807,656,YP.NE8I,656,9945251840,2009.0,2011.0,True
516,ZU,NMW20,35.273922,-108.735317,32,ZU.NMW20,33,16523264,2020.0,2020.0,True
517,YT,FALL,-85.3066,-143.6284,2843,YT.FALL,2843,21644414976,2009.0,2019.0,True
518,4P,COP26,39.709203,-103.653028,30,4P.COP26,31,16732160,2018.0,2018.0,True
519,DK,DBG,74.307055,-20.219193,4674,DK.DBG,4781,89873894912,2010.0,2026.0,True
520,AF,MOPA,-23.517,31.398,4768,AF.MOPA,4883,135903610880,2006.0,2026.0,True
521,XE,WW03,-6.01551,-135.112,385,XE.WW03,385,26973110272,2018.0,2019.0,True
522,YY,SN32,59.712399,7.9995,346,YY.SN32,346,16543793152,2005.0,2006.0,True
523,AK,SPIA,57.1766,-170.2478,7599,AK.SPIA,7715,239931757568,2002.0,2026.0,True
524,DK,NEEM,77.444702,-51.073799,3917,DK.NEEM,3917,123201150464,2011.0,2022.0,True
525,7B,SC10,-25.190001,133.324097,71,7B.SC10,72,1896361984,1994.0,1994.0,True
526,7B,SC07,-19.369101,138.329407,71,7B.SC07,72,1882103808,1994.0,1994.0,True
527,4P,NVM07,41.388492,-119.171245,30,4P.NVM07,63,33521664,2010.0,2011.0,True
528,7B,SA05,-23.2005,144.272293,141,7B.SA05,142,3717156864,1993.0,1993.0,True
529,Y5,RW1,58.852901,-113.175903,577,Y5.RW1,577,10640594944,2010.0,2012.0,True
530,TO,PH20,-16.4125,-73.124496,547,TO.PH20,547,24022794240,2011.0,2013.0,True
531,HL,RDO,41.145031,25.53553,5980,HL.RDO,6096,127762556928,2008.0,2026.0,True
532,4O,GV01,32.4065,-101.6023,346,4O.GV01,463,15035220992,2026.0,2026.0,True
533,G,MATO,-15.49678,-58.1596,811,G.MATO,894,30450011136,2024.0,2026.0,True
534,X5,CHIN,62.636665,-74.236,662,X5.CHIN,662,4112785408,2009.0,2011.0,True
535,CB,GYA,26.459999,106.664001,2304,CB.GYA,2304,9820894720,2009.0,2021.0,True
536,YS,PL63,14.7313,-153.967499,390,YS.PL63,390,5020729344,2006.0,2007.0,True
537,G,TAM,22.79149,5.52838,13786,G.TAM,13902,66964592640,1983.0,2026.0,True
538,4J,XB07,3.338652,8.69917,836,4J.XB07,836,27916454400,2019.0,2021.0,True
539,YJ,VMG01,-45.175499,-72.142502,153,YJ.VMG01,153,3121373184,2004.0,2005.0,True
540,XV,VINA,-18.176901,45.224701,363,XV.VINA,363,4923826176,2012.0,2013.0,True
541,7B,SD10,-32.843601,136.065704,64,7B.SD10,65,1698336768,1995.0,1995.0,True
542,M8,AQ41,-27.9997,118.5997,312,M8.AQ41,312,6218132480,2025.0,2026.0,True
543,BL,PTMB,-21.4631,-57.475601,257,BL.PTMB,258,544428032,1994.0,1995.0,True
544,9G,SA235,52.112999,-110.266998,27,9G.SA235,28,14938112,2010.0,2010.0,True
545,9G,BC410,50.82,-117.184998,37,9G.BC410,38,21078016,2009.0,2009.0,True
546,XD,JYG,39.807545,98.222244,143,XD.JYG,143,3268298752,2002.0,2003.0,True
547,7D,KA08,-18.868,126.016121,78,7D.KA08,79,2073563136,1997.0,1997.0,True
548,GE,ZKR,35.1147,26.216999,1128,GE.ZKR,1128,25954970624,2003.0,2006.0,True
549,NM,EUAL,32.97143,-88.08669,110,NM.EUAL,110,2762467840,2015.0,2015.0,True
550,AF,PWET,-8.28,28.530001,735,AF.PWET,735,7716339712,2010.0,2014.0,True
551,2P,OBS01,-1.3847,-14.3458,117,2P.OBS01,117,16401694720,2024.0,2025.0,True
552,XM,1026,9.800467,38.416504,53,XM.1026,53,3343081472,2002.0,2003.0,True
553,BL,TRMB,-18.092199,-44.929001,435,BL.TRMB,435,6262120448,2003.0,2004.0,True
554,ZT,ALST0,39.272598,-70.055199,62,ZT.ALST0,62,1205477376,2003.0,2004.0,True
555,ON,PET01,-24.290108,-47.275345,2859,ON.PET01,2934,60155213312,2014.0,2026.0,True
556,XT,RPPC2,8.9494,-66.436501,168,XT.RPPC2,168,1366085632,2004.0,2005.0,True
557,7B,SA07,-26.0327,146.781693,138,7B.SA07,139,3666382848,1993.0,1993.0,True
558,7B,SA01,-13.9586,143.180099,103,7B.SA01,104,2702336000,1993.0,1993.0,True
559,US,KNB,37.0166,-112.8224,2266,US.KNB,2266,6495473664,1995.0,2003.0,True
560,GE,HLG,54.1847,7.8839,1801,GE.HLG,1800,16868093440,2001.0,2006.0,True
561,ZD,Q10,-3.7113,-102.714302,347,ZD.Q10,347,8458424320,2007.0,2009.0,True
562,AS,KAAO,34.540699,69.042801,1426,AS.KAAO,1426,1083277312,1977.0,1982.0,True
563,YG,CBP4N,45.978298,18.12705,456,YG.CBP4N,456,22878711808,2006.0,2007.0,True
564,NJ,TORO,10.055,9.12,740,NJ.TORO,740,9120120832,2012.0,2019.0,True
565,XW,SUYR,19.560699,57.690399,354,XW.SUYR,355,6572343296,2010.0,2011.0,True
566,CM,PRV,13.376167,-81.3635,4058,CM.PRV,4174,69085090304,2013.0,2026.0,True
567,PQ,KLONY,64.4525,-138.2164,1824,PQ.KLONY,1824,66958079488,2021.0,2026.0,True
568,GE,RUE,52.475899,13.78,2493,GE.RUE,2493,23681212928,2000.0,2006.0,True
569,BL,CCUB,-18.424999,-51.212002,84,BL.CCUB,85,200994816,2006.0,2006.0,True
570,YA,MC08,28.995899,101.511803,344,YA.MC08,344,7106374656,2003.0,2004.0,True
571,XW,PDG,43.327499,79.487602,906,XW.PDG,906,7418208256,1997.0,2000.0,True
572,4P,WIG42,45.046331,-88.246908,35,4P.WIG42,36,24530944,2012.0,2012.0,True
573,MH,P0024,-24.272183,-145.46665,178,MH.P0024,178,6500352,2018.0,2025.0,True
574,DK,ANGG,65.616388,-37.63704,5740,DK.ANGG,5847,225633198080,2010.0,2026.0,True
575,ZL,A01,33.629501,156.598007,34,ZL.A01,697,21609410560,2010.0,2015.0,True
576,S1,AUAYR,-19.5774,147.4088,3964,S1.AUAYR,4069,283927528960,2013.0,2026.0,True
577,S1,AUGRF,-34.2858,146.059,2816,S1.AUGRF,2973,176880883712,2019.0,2026.0,True
578,XI,TAIF,21.281,40.348999,70,XI.TAIF,70,684834816,1996.0,1996.0,True
579,3J,OBS19,-16.28387,-173.17295,618,3J.OBS19,618,43359879168,2023.0,2025.0,True
580,GB,HMNX,50.86733,0.33633,5367,GB.HMNX,5482,316659149312,2011.0,2026.0,True
581,XP,N116,-82.009804,112.571198,120,XP.N116,121,973154304,2001.0,2002.0,True
582,JP,JHS,35.001831,133.113663,4437,JP.JHS,4553,22400947200,2013.0,2026.0,True
583,5A,LIHIR,-3.05528,152.611496,586,5A.LIHIR,587,16288460800,2014.0,2016.0,True
584,ZE,BULG,61.126701,-151.091202,517,ZE.BULG,517,17326292992,2015.0,2017.0,True
585,GE,SUMG,72.5742,-38.4626,1574,GE.SUMG,8318,96694566400,2002.0,2026.0,True
586,XA,SA81,-30.925116,21.268124,503,XA.SA81,504,3280219136,1997.0,1998.0,True
587,XE,EE04,-8.20435,-131.2551,405,XE.EE04,405,28365225984,2018.0,2019.0,True
588,3H,G52,-2.3945,-91.89,450,3H.G52,450,17203179520,2023.0,2024.0,True
589,RM,SZP,17.552,120.455002,3268,RM.SZP,3268,235423009280,2009.0,2021.0,True
590,CW,GNEO,20.3274,-74.592934,179,CW.GNEO,179,10644454400,2017.0,2018.0,True
591,YB,AT44,37.846699,34.612,367,YB.AT44,367,6417219584,2013.0,2014.0,True
592,1P,MAMA,-52.0337,-72.3827,341,1P.MAMA,341,10862034944,2018.0,2019.0,True
593,YT,EAGL,-80.894402,-22.309799,439,YT.EAGL,439,12785254400,2016.0,2018.0,True
594,MY,KUM,5.2902,100.6492,6384,MY.KUM,6445,34949641216,2005.0,2026.0,True
595,7D,FN16A,46.799599,-125.516098,279,7D.FN16A,279,32624521216,2011.0,2012.0,True
596,XF,MA66,18.181801,-103.006401,24,XF.MA66,24,419561472,2006.0,2006.0,True
597,XL,HV10,51.572102,100.448601,661,XL.HV10,661,12599480320,2014.0,2016.0,True
598,XA,AX08,38.8984,46.1815,562,XA.AX08,562,18968440832,2021.0,2022.0,True
599,G,SEY,62.933,152.373,1062,G.SEY,1062,992227328,1990.0,1994.0,True
600,ZO,A07,69.625099,-49.2952,54,ZO.A07,54,68773888,2006.0,2006.0,True
601,XN,B07,59.6548,-126.950104,98,XN.B07,98,1137285120,2004.0,2004.0,True
602,XO,SARI,16.709562,145.769669,353,XO.SARI,354,8220326912,2003.0,2004.0,True
603,ZU,101,18.84335,-157.61711,28,ZU.101,28,7314128896,2018.0,2018.0,True
604,YD,3D14,44.176979,23.319521,647,YD.3D14,650,16335122432,2009.0,2011.0,True
605,MH,P0018,-12.273467,-132.196487,141,MH.P0018,141,5259264,2018.0,2025.0,True
606,BX,KHWEE,-21.9464,25.446911,943,BX.KHWEE,1052,36136000512,2019.0,2026.0,True
607,XS,I12D,-0.868283,-10.77656,373,XS.I12D,374,9738928128,2016.0,2017.0,True
608,7B,SC08,-22.274799,131.367203,135,7B.SC08,136,3567710208,1994.0,1994.0,True
609,XB,CM27,7.359,12.667,154,XB.CM27,154,2137430016,2006.0,2007.0,True
610,BX,PHPEN,-25.475531,22.857294,1658,BX.PHPEN,1716,81770071040,2018.0,2026.0,True
611,BL,ITPB,-15.9887,-39.628201,499,BL.ITPB,499,6500937728,2002.0,2004.0,True
612,GT,DBIC,6.67015,-4.85653,5372,GT.DBIC,10170,141382840320,1994.0,2026.0,True
613,GB,LRW,60.136,-1.17783,6770,GB.LRW,6885,313365803008,2008.0,2026.0,True
614,1G,WA20,41.14854,106.47017,139,1G.WA20,140,3164090368,2011.0,2011.0,True
615,ZM,P124,-78.871803,77.656998,369,ZM.P124,369,3314618368,2008.0,2010.0,True
616,8Q,P17,25.826362,-141.048872,428,8Q.P17,428,29992861696,2021.0,2023.0,True
617,TM,UBPT,15.2773,105.4695,3546,TM.UBPT,3661,140652576256,2009.0,2026.0,True
618,JP,JMJ2,24.740801,125.327797,4857,JP.JMJ2,4973,41521611264,2013.0,2026.0,True
619,YM,39,21.599701,121.364098,385,YM.39,385,11431673856,2008.0,2009.0,True
620,7B,NN04,-33.35722,-158.09491,370,7B.NN04,370,25953370112,2019.0,2020.0,True
621,QZ,CHM,42.348271,69.573528,1595,QZ.CHM,1712,152380696576,2022.0,2026.0,True
622,XP,E026,-76.424698,154.759064,92,XP.E026,93,1162292224,2001.0,2003.0,True
623,XF,H1210,30.782101,85.109398,402,XF.H1210,402,6340910080,2004.0,2005.0,True
624,XV,SENA,-17.445,35.032001,609,XV.SENA,609,6932094464,2011.0,2013.0,True
625,XT,D58,45.032299,-118.073799,694,XT.D58,694,6308205056,2011.0,2013.0,True
626,X9,BB420,43.6297,-130.208206,372,X9.BB420,373,12004724736,2012.0,2013.0,True
627,4P,MTB21,48.3517,-107.056,15,4P.MTB21,16,7995392,2009.0,2009.0,True
628,AF,HARE,-17.704,31.009001,234,AF.HARE,234,1534513152,2008.0,2008.0,True
629,IU,KEV,69.7565,27.0035,11761,IU.KEV,6988,137414606848,1993.0,2013.0,True
630,7B,SD07,-31.0807,125.321602,70,7B.SD07,71,1850167296,1995.0,1995.0,True
631,TX,ELG6,28.481656,-100.326356,615,TX.ELG6,731,45648899584,2023.0,2026.0,True
632,AK,F21K,67.2221,-153.483,1928,AK.F21K,2044,65632086528,2020.0,2026.0,True
633,XE,ES11,31.906748,94.135582,455,XE.ES11,456,6993674240,2003.0,2004.0,True
634,7B,SB10,-28.6597,149.012497,86,7B.SB10,87,2289725440,1993.0,1994.0,True
635,YL,ILAM,26.9102,87.922699,366,YL.ILAM,366,5104771072,2001.0,2002.0,True
636,XE,ROSL,-19.485266,-64.18029,394,XE.ROSL,394,2003230720,1994.0,1995.0,True
637,CW,CAIB,22.497055,-79.47097,3001,CW.CAIB,3113,105429140480,2018.0,2026.0,True
638,MN,RTC,33.9881,-6.8569,6320,MN.RTC,6320,74995521536,2003.0,2026.0,True
639,CH,SLE,47.7645,8.49236,5266,CH.SLE,5382,459591937024,2012.0,2026.0,True
640,YT,SIPL,-81.6405,-148.9553,3097,YT.SIPL,3097,24628293632,2007.0,2017.0,True
641,YO,X10,33.047501,-76.059898,358,YO.X10,358,24743079936,2014.0,2015.0,True
642,YS,PL50,22.319901,-152.742706,390,YS.PL50,390,3374153728,2006.0,2007.0,True
643,NR,NE81,28.918341,-109.636261,1952,NR.NE81,1952,12044222464,2002.0,2008.0,True
644,AK,DCPH,59.0905,-138.2139,401,AK.DCPH,2860,71062292992,2003.0,2026.0,True
645,ZB,MLKN,-5.3526,102.2715,36,ZB.MLKN,36,491220992,2008.0,2008.0,True
646,4A,MN50,47.99548,-90.242653,601,4A.MN50,602,15146390528,2022.0,2024.0,True
647,ZA,B02,11.0639,-145.714005,394,ZA.B02,394,27553660928,2011.0,2012.0,True
648,XJ,ZUP,54.081619,159.987518,325,XJ.ZUP,326,7960301568,1998.0,1999.0,True
649,EM,PA970,-34.130001,-65.107002,17,EM.PA970,18,44572672,2004.0,2004.0,True
650,8A,HAO,-17.8869,15.0599,854,8A.HAO,854,11153755648,2015.0,2018.0,True
651,HV,ANDI,-14.247084,-170.564072,1563,HV.ANDI,1673,128928996352,2022.0,2026.0,True
652,MP,SLY1,35.5784,45.3667,335,MP.SLY1,335,13858365440,2022.0,2023.0,True
653,S1,AUHPC,-38.1068,142.3183,3479,S1.AUHPC,3594,246338984448,2013.0,2026.0,True
654,IU,PMSA,-64.7744,-64.0489,12271,IU.PMSA,7380,60633092608,1993.0,2013.0,True
655,N4,257A,31.9746,-81.0261,4413,N4.257A,1182,112418605056,2014.0,2017.0,True
656,7B,SA03,-20.337999,142.667801,145,7B.SA03,146,3850297344,1993.0,1993.0,True
657,YO,X01,36.225201,-74.5793,362,YO.X01,362,25697755136,2014.0,2015.0,True
658,2A,44,-16.002001,-115.2491,344,2A.44,344,3003387904,2001.0,2002.0,True
659,BC,SPX,31.0451,-115.466,300,BC.SPX,300,19858542592,2014.0,2015.0,True
660,TM,LOEI,17.5093,101.6244,4884,TM.LOEI,5000,105141740544,2009.0,2026.0,True
661,TO,CC08,35.992199,-120.961197,652,TO.CC08,652,21370769408,2013.0,2015.0,True
662,XL,HMP,40.110897,128.286041,180,XL.HMP,181,1054784512,1995.0,1996.0,True
663,XR,ST40,33.81459,88.306976,326,XR.ST40,327,2442333184,1998.0,1999.0,True
664,YD,GROM,41.072701,15.0594,268,YD.GROM,268,8618170368,2003.0,2004.0,True
665,VE,IMOV,12.3585,-70.902298,708,VE.IMOV,708,29135910400,2003.0,2006.0,True
666,SR,NWAO,-32.926601,117.233299,5501,SR.NWAO,5501,3706908672,1976.0,1991.0,True
667,ZP,JNJA,0.446,33.181999,453,ZP.JNJA,453,10662819328,2007.0,2008.0,True
668,X4,GS09,32.869499,106.458702,362,X4.GS09,362,2227253248,2007.0,2008.0,True
669,RM,SLV,21.325247,103.906708,4384,RM.SLV,4384,260478774272,2009.0,2023.0,True
670,YT,WILS,-80.0396,-80.5587,749,YT.WILS,749,5547876352,2008.0,2010.0,True
671,MP,ANB2,33.0375,40.32,380,MP.ANB2,380,12796460032,2023.0,2024.0,True
672,1E,CNF,79.65667,-80.778328,557,1E.CNF,558,6865063936,2010.0,2012.0,True
673,ZB,B01,14.5593,-92.216599,150,ZB.B01,150,15880622080,2017.0,2018.0,True
674,N4,L34B,41.9666,-96.3762,4661,N4.L34B,1132,65794075648,2014.0,2017.0,True
675,PO,NANL,56.5371,-61.6884,259,PO.NANL,259,13530935296,2019.0,2019.0,True
676,DK,SOEG,68.203499,-31.3755,3829,DK.SOEG,3829,103582130688,2011.0,2022.0,True
677,ZV,GUNA,35.5835,101.088799,486,ZV.GUNA,486,12094124032,2008.0,2009.0,True
678,O2,SC12,34.921667,-99.3547,2848,O2.SC12,2964,113682578432,2019.0,2026.0,True
679,XO,LD42,55.549885,-154.671428,458,XO.LD42,459,7233536,2018.0,2019.0,True
680,X8,QM58,49.048401,-72.740601,516,X8.QM58,516,15934124032,2013.0,2015.0,True
681,G,CLF,48.02579,2.26,4331,G.CLF,4331,35917195776,2008.0,2020.0,True
682,YT,WAIS,-79.4181,-111.7779,5378,YT.WAIS,5378,100546797568,2009.0,2024.0,True
683,8A,MALT,-24.846022,16.996233,392,8A.MALT,392,3174930944,2017.0,2018.0,True
684,XH,DR16,-80.869499,178.430405,738,XH.DR16,738,28765749248,2014.0,2016.0,True
685,BL,ITAB,-27.308201,-52.341099,514,BL.ITAB,514,7420739584,2002.0,2004.0,True
686,XH,DR02,-77.824303,-178.424896,752,XH.DR02,752,41046679552,2014.0,2016.0,True
687,ZG,CB34,-14.4346,-67.538803,642,ZG.CB34,642,12062650368,2010.0,2012.0,True
688,7F,A15,22.881012,58.700784,22,7F.A15,23,5526364160,2020.0,2020.0,True
689,XG,ELSH,41.9869,114.455597,818,XG.ELSH,818,16992792576,2003.0,2005.0,True
690,4P,UTO15,40.125864,-112.533033,23,4P.UTO15,24,12525568,2011.0,2011.0,True
691,AF,SNKL,-28.27528,27.7714,3948,AF.SNKL,4064,142306136576,2015.0,2026.0,True
692,7B,SC09,-22.3969,136.295303,49,7B.SC09,50,1291620352,1994.0,1994.0,True
693,XB,ELYH0,4.502384,135.623447,20,XB.ELYH0,20,1774592,2018.0,2018.0,True
694,6R,MAGE,5.670603,36.418926,777,6R.MAGE,777,16038772736,2019.0,2021.0,True
695,XY,BN23,55.410999,-127.640999,469,XY.BN23,469,4689059840,2005.0,2006.0,True
696,YC,SBE1,6.20282,115.596382,665,YC.SBE1,666,18148335616,2018.0,2020.0,True
697,MH,P0021,-23.647167,-133.3218,171,MH.P0021,171,7643136,2018.0,2025.0,True
698,3C,GS02,4.619993,-75.925355,1001,3C.GS02,1002,26166436608,2022.0,2025.0,True
699,MN,VSL,39.496,9.378,9952,MN.VSL,9952,60942728704,1990.0,2025.0,True
700,1F,ANIM,31.26756,34.99689,593,1F.ANIM,594,68546256896,2019.0,2023.0,True
701,M8,MOGAR,-36.6965,149.9761,651,M8.MOGAR,757,26545136640,2024.0,2026.0,True
702,YH,KO07,41.045898,30.1702,396,YH.KO07,396,10327842816,2012.0,2013.0,True
703,GG,SE1,63.24852,-42.03487,1202,GG.SE1,1202,22255258624,2016.0,2019.0,True
704,YP,NE44,43.370701,119.677299,317,YP.NE44,317,4580777984,2009.0,2011.0,True
705,XW,MAWI,15.46748,43.52317,209,XW.MAWI,210,2928660480,2009.0,2009.0,True
706,RU,R27,44.37622,44.36501,584,RU.R27,585,11797147136,2018.0,2020.0,True
707,RS,RSNT,62.479698,-114.591698,1243,RS.RSNT,1243,1847685120,1982.0,1986.0,True
708,YS,PL39,21.956301,-161.314896,393,YS.PL39,393,6801899520,2006.0,2007.0,True
709,Z7,LA01,31.9874,-93.8349,905,Z7.LA01,906,38105501696,2019.0,2022.0,True
710,AF,IFE,7.546667,4.45692,499,AF.IFE,499,6094139392,2008.0,2012.0,True
711,PR,IMPR,18.076971,-67.931123,751,PR.IMPR,751,38120036864,2012.0,2023.0,True
712,MH,P0009,-12.099433,-168.399733,531,MH.P0009,531,15192064,2018.0,2023.0,True
713,7B,SA06,-22.892,148.308594,118,7B.SA06,119,3106185216,1993.0,1993.0,True
714,ZN,KAW2,-8.5224,150.299393,313,ZN.KAW2,313,3741266432,2010.0,2011.0,True
715,CM,LCBC,8.857167,-76.367667,1992,CM.LCBC,2104,26384678912,2019.0,2026.0,True
716,WM,UCM,40.307499,-3.2441,2920,WM.UCM,2984,112185345536,2016.0,2026.0,True
717,ZU,AZB19,32.148583,-109.466373,28,ZU.AZB19,29,17747968,2021.0,2021.0,True
718,4P,MTG16,45.24855,-111.615,30,4P.MTG16,31,20307968,2008.0,2008.0,True
719,IM,TX02,29.329901,-103.657997,9570,IM.TX02,6161,23906660864,2000.0,2017.0,True
720,X4,H22,39.755901,93.488998,287,X4.H22,287,3142919680,2008.0,2009.0,True
721,C1,AF02,-25.418768,-70.45536,516,C1.AF02,632,32608507392,2025.0,2026.0,True
722,XL,HD25,47.003502,99.406097,648,XL.HD25,648,12336680960,2012.0,2014.0,True
723,ZD,FN11,-10.8687,-75.082703,425,ZD.FN11,425,10272507904,2011.0,2013.0,True
724,XH,S22,-39.107071,175.168839,121,XH.S22,121,4470538240,2001.0,2001.0,True
725,YM,UCM,63.911201,-148.8862,48,YM.UCM,49,1490356224,2002.0,2003.0,True
726,CB,DL2,38.905998,121.627998,3144,CB.DL2,3144,12956875264,2009.0,2025.0,True
727,X7,MC14,45.76957,92.21965,379,X7.MC14,380,13441287424,2024.0,2025.0,True
728,TF,KHO,37.488477,71.565355,291,TF.KHO,431,22313240064,2026.0,2026.0,True
729,YT,SWEI,-86.9858,129.3615,1713,YT.SWEI,1713,17158352896,2012.0,2017.0,True
730,AK,K15K,62.2938,-161.5308,2054,AK.K15K,2170,64147523584,2020.0,2026.0,True
731,YS,PL43,26.776699,-155.765305,392,YS.PL43,392,7667187712,2006.0,2007.0,True
732,YL,S02W,-21.799101,-176.897995,274,YL.S02W,274,8262381568,2009.0,2010.0,True
733,8L,MG58,50.64865,-123.03358,23,8L.MG58,24,5791911936,2019.0,2019.0,True
734,JP,JMM,37.868999,140.789673,4432,JP.JMM,4548,33312061440,2013.0,2026.0,True
735,YY,OBS55,19.4498,146.849701,44,YY.OBS55,44,1079918592,2003.0,2003.0,True
736,DW,LEM,-6.8333,107.616699,1004,DW.LEM,1004,703045632,1982.0,1988.0,True
737,EM,TB750,28.705,92.186996,41,EM.TB750,42,4628480,2001.0,2001.0,True
738,X1,NKF01,49.311901,-127.721001,417,X1.NKF01,417,8720584704,2004.0,2005.0,True
739,6H,CHID,-24.9242,34.188702,90,6H.CHID,90,2491117568,2011.0,2012.0,True
740,4P,SDG32,45.250353,-97.284757,17,4P.SDG32,18,9695232,2017.0,2017.0,True
741,XD,HALE,-5.3018,38.617001,277,XD.HALE,277,1789779968,1994.0,1995.0,True
742,RV,KAKWA,54.421,-118.981742,1577,RV.KAKWA,1693,53410228736,2022.0,2026.0,True
743,7B,SB01,-25.792299,139.588699,70,7B.SB01,71,1880420352,1993.0,1994.0,True
744,CZ,PRIC,49.6693,12.6782,1207,CZ.PRIC,1323,44378585600,2023.0,2026.0,True
745,XU,CHTA,-43.771198,151.158401,339,XU.CHTA,340,1257332736,1996.0,1997.0,True
746,AF,MONG,-15.15,23.09,554,AF.MONG,554,10733399040,2010.0,2015.0,True
747,XV,NW300,51.63364,75.30625,146,XV.NW300,147,8042930176,2024.0,2024.0,True
748,ZM,N156,-81.6726,86.504501,700,ZM.N156,700,7538724864,2007.0,2009.0,True
749,XP,N044,-79.069191,148.615921,216,XP.N044,217,2324397056,2001.0,2003.0,True
750,X4,H13,36.972698,97.653999,283,X4.H13,283,2315305472,2008.0,2009.0,True
751,TW,KMNB,24.4638,118.388199,10323,TW.KMNB,10439,114535774720,1998.0,2026.0,True
752,3H,G56,-2.4299,-89.0249,450,3H.G56,450,16650559488,2023.0,2024.0,True
753,YP,NE59,44.095901,125.961098,702,YP.NE59,702,12775272448,2009.0,2011.0,True
754,ZV,WKZ07,42.024502,55.4767,18,ZV.WKZ07,18,792788992,2016.0,2016.0,True
755,X8,COSY,43.438499,-65.625298,351,X8.COSY,351,16529090048,2016.0,2017.0,True
756,3J,OBS10,-16.02551,-176.12563,467,3J.OBS10,467,32685244416,2023.0,2025.0,True
757,JP,ASAJ,44.118801,142.593002,2169,JP.ASAJ,2169,12206156800,2007.0,2013.0,True
758,XI,HALM,22.8454,44.317299,431,XI.HALM,431,3003019264,1995.0,1997.0,True
759,JP,JMZ,25.81983,131.223663,4381,JP.JMZ,4497,37804758016,2013.0,2026.0,True
760,GE,MAHO,39.895901,4.2665,2186,GE.MAHO,2185,17427153408,1999.0,2006.0,True
761,4P,SDH25,44.873759,-103.702928,20,4P.SDH25,21,10891264,2017.0,2017.0,True
762,ZQ,184,39.180099,115.048599,449,ZQ.184,449,4137787392,2001.0,2003.0,True
763,IP,MTOR,28.494801,-9.8487,200,IP.MTOR,200,695562240,2010.0,2011.0,True
764,QZ,USHN,49.969499,82.743909,1048,QZ.USHN,1164,114920023552,2023.0,2026.0,True
765,ZP,GEIT,-2.881,32.216999,295,ZP.GEIT,295,5246653440,2007.0,2008.0,True
766,YA,MC21,25.4876,99.643303,224,YA.MC21,224,3154296832,2003.0,2004.0,True
767,ZR,N1312,65.628799,13.44193,289,ZR.N1312,289,15942483968,2013.0,2014.0,True
768,8P,CAW11,35.088283,-115.571401,24,8P.CAW11,25,12955648,2019.0,2019.0,True
769,NU,SIUN,13.71616,-84.773499,2636,NU.SIUN,2740,146978524672,2019.0,2026.0,True
770,XS,N020,40.349899,21.960501,296,XS.N020,296,4577464320,2008.0,2009.0,True
771,YF,DUOK,44.113098,14.9318,562,YF.DUOK,562,17923690496,1999.0,2001.0,True
772,XF,NE6,79.326187,-38.454979,728,XF.NE6,729,19072941056,2014.0,2016.0,True
773,XB,CM16,5.48,10.572,353,XB.CM16,353,7209628672,2006.0,2007.0,True
774,XW,GHDI,15.63811,52.161732,128,XW.GHDI,129,2520801280,2009.0,2009.0,True
775,Z6,BRDL,22.677999,91.642998,1008,Z6.BRDL,1008,44825751552,2012.0,2015.0,True
776,YI,BOB,44.767921,9.44782,1002,YI.BOB,1002,35498610688,2003.0,2006.0,True
777,XE,PACH,-19.868052,-69.415749,138,XE.PACH,138,1438605312,1994.0,1995.0,True
778,4P,WYM22,41.451249,-106.557096,41,4P.WYM22,42,24039424,2018.0,2018.0,True
779,YH,L01,42.4263,-110.368103,220,YH.L01,220,6324287488,2008.0,2009.0,True
780,YT,AGO1,-83.8615,129.6152,1822,YT.AGO1,1822,18680266752,2012.0,2017.0,True
781,GE,CART,37.5868,-1.0012,3079,GE.CART,3079,22951993344,1997.0,2006.0,True
782,YU,B01A,42.554493,-76.505821,2136,YU.B01A,2136,78528871424,2019.0,2026.0,True
783,QZ,INDER,48.501565,51.694986,1587,QZ.INDER,1704,181390724096,2022.0,2026.0,True
784,ZU,TXF39,29.194367,-94.967993,25,ZU.TXF39,26,13430784,2023.0,2023.0,True
785,ZU,NZ12,-43.001701,169.598602,363,ZU.NZ12,363,7060037632,2009.0,2010.0,True
786,2A,34,-11.7336,-117.275101,345,2A.34,345,3488313344,2001.0,2002.0,True
787,XR,GTM,65.401497,-161.277802,763,XR.GTM,763,7695851520,2005.0,2007.0,True
788,YS,BULE,-9.41579,119.30487,318,YS.BULE,318,4559421440,2014.0,2015.0,True
789,XM,ANB18,-28.4534,-59.3139,628,XM.ANB18,629,21564751872,2022.0,2024.0,True
790,NR,NE80,30.5,-112.319931,1812,NR.NE80,1812,11740622848,2002.0,2008.0,True
791,PR,SNC1,17.699398,-64.793793,715,PR.SNC1,715,39257656320,2020.0,2024.0,True
792,S1,AUKAL,-30.7637,121.4789,2871,S1.AUKAL,2987,210797054976,2013.0,2026.0,True
793,IU,MBWA,-21.159,119.7313,8700,IU.MBWA,4060,93134200320,2001.0,2013.0,True
794,ZF,LYDE,12.05456,41.925701,647,ZF.LYDE,647,36034871296,2008.0,2009.0,True
795,YT,GM05,-81.1841,51.1587,70,YT.GM05,70,643960832,2013.0,2013.0,True
796,YS,HADA,-8.3722,123.5454,711,YS.HADA,711,13207298048,2014.0,2016.0,True
797,XG,HUB03,36.332462,74.661621,97,XG.HUB03,98,1467937792,1996.0,1996.0,True
798,XK,Z09CG,-13.3058,32.221001,683,XK.Z09CG,683,10143244288,2012.0,2014.0,True
799,4P,TNU48,36.020782,-86.443872,23,4P.TNU48,24,19894272,2015.0,2015.0,True
800,ZU,NZ01,-44.4981,165.001602,370,ZU.NZ01,370,6093606912,2009.0,2010.0,True
801,YS,PL03,21.2055,-155.679398,374,YS.PL03,374,6341013504,2005.0,2006.0,True
802,ZU,ARY43,33.775818,-91.189773,25,ZU.ARY43,26,13099008,2022.0,2022.0,True
803,YT,ST01,-83.228,-98.7418,361,YT.ST01,361,2979545088,2010.0,2011.0,True
804,YY,MGNA,12.7864,36.404301,198,YY.MGNA,198,8332218368,2014.0,2015.0,True
805,XV,MAJA,-15.7323,46.4263,705,XV.MAJA,705,7672696832,2011.0,2013.0,True
806,X4,C13,33.996498,91.553497,310,X4.C13,310,2398868992,2007.0,2008.0,True
807,II,CMLA,37.7637,-25.5243,9924,II.CMLA,10041,543997048832,1996.0,2026.0,True
808,6E,SB04,38.573502,-87.751999,201,6E.SB04,201,6287011840,2014.0,2015.0,True
809,1D,KIBB,-75.276108,-65.604904,753,1D.KIBB,753,12232290304,2016.0,2018.0,True
810,AB,PRLH,40.401754,50.332841,1361,AB.PRLH,1477,221126607872,2022.0,2026.0,True
811,S1,AUPHS,-31.099,150.8943,4792,S1.AUPHS,4908,282139209728,2013.0,2026.0,True
812,YQ,KIMO,-10.6922,36.046299,390,YQ.KIMO,390,6846828544,2014.0,2015.0,True
813,ZG,CP07,-16.8862,-70.373901,620,ZG.CP07,620,7683424256,2010.0,2012.0,True
814,XT,CMPC,7.6508,-64.073097,511,XT.CMPC,511,8123371520,2003.0,2005.0,True
815,ZV,WKZ05,43.336399,52.296799,19,ZV.WKZ05,19,761409536,2016.0,2016.0,True
816,XG,MSDY,40.461639,37.776543,647,XG.MSDY,648,8687563776,1999.0,2001.0,True
817,4P,OHN52,39.887555,-81.399164,49,4P.OHN52,50,27959296,2014.0,2014.0,True
818,XT,SOMB,12.7209,-64.931297,360,XT.SOMB,360,5188632576,2004.0,2005.0,True
819,PQ,NAB2,58.59503,-119.16559,3027,PQ.NAB2,3027,101147061760,2016.0,2025.0,True
820,PQ,RICHY,66.9808,-136.2216,1056,PQ.RICHY,1056,33728440832,2021.0,2025.0,True
821,ZB,Y30S,-0.08943,97.860863,287,ZB.Y30S,287,7997734912,2008.0,2009.0,True
822,8Q,P12,29.909498,-142.683938,440,8Q.P12,440,30871109632,2021.0,2023.0,True
823,GB,DRUM,56.91267,-2.4865,5459,GB.DRUM,5573,214528184320,2011.0,2026.0,True
824,YS,PL57,18.9142,-150.914993,451,YS.PL57,451,7767920640,2006.0,2007.0,True
825,8A,OKAM,-20.407301,18.2187,853,8A.OKAM,853,9642806784,2015.0,2018.0,True
826,Z4,CP02,-34.586201,-73.293198,314,Z4.CP02,314,9430167552,2012.0,2013.0,True
827,ZU,NZ29,-45.247398,172.253494,362,ZU.NZ29,362,7335870464,2009.0,2010.0,True
828,XF,NE2,73.990723,-46.23497,724,XF.NE2,725,18374940672,2014.0,2016.0,True
829,Z1,Z16N,-13.10831,25.87236,549,Z1.Z16N,549,25116971008,2022.0,2023.0,True
830,XH,RS12,-79.017899,-147.632095,778,XH.RS12,778,18484699136,2014.0,2017.0,True
831,4P,MBB03,37.028999,-93.024002,838,4P.MBB03,839,731992064,2008.0,2012.0,True
832,ZV,CHAA,-7.59109,31.270399,432,ZV.CHAA,432,11731419136,2014.0,2015.0,True
833,G,SANVU,-15.447148,167.203231,4685,G.SANVU,4801,271043063296,2011.0,2026.0,True
834,ZD,FM09,-12.65027,-73.041481,561,ZD.FM09,561,8170139648,2010.0,2012.0,True
835,YW,MAIO,15.23057,-23.17725,690,YW.MAIO,690,10689011712,2002.0,2004.0,True
836,GS,SJPH,18.19029,-73.003403,98,GS.SJPH,98,5684897280,2010.0,2010.0,True
837,CB,HEH,50.252998,127.410004,3167,CB.HEH,3167,11341849600,2009.0,2025.0,True
838,CC,YOCR,45.379178,-121.743539,2196,CC.YOCR,2308,42858057216,2020.0,2026.0,True
839,MX,ZAIG,22.769176,-102.567123,4404,MX.ZAIG,4453,24315165696,2014.0,2026.0,True
840,IU,RCBR,-5.8274,-35.9014,9673,IU.RCBR,5052,110904428544,1999.0,2013.0,True
841,XF,NE5,74.117332,-31.150419,727,XF.NE5,728,18930563584,2014.0,2016.0,True
842,4P,IDC11,47.839025,-116.273,31,4P.IDC11,32,17526784,2008.0,2008.0,True
843,LD,FRNY,44.835,-73.5883,5349,LD.FRNY,5349,146553803264,2003.0,2020.0,True
844,7K,AN4,40.332022,-66.973035,239,7K.AN4,239,9466191872,2018.0,2019.0,True
845,4P,NJL60,40.068568,-74.426009,24,4P.NJL60,25,16326656,2016.0,2016.0,True
846,YT,DEVL,-81.4755,161.973,3085,YT.DEVL,3085,26334363648,2008.0,2018.0,True
847,ZL,I02,25.684299,-110.099602,355,ZL.I02,355,3632050176,2005.0,2006.0,True
848,4P,MED63,44.041383,-69.098008,17,4P.MED63,18,12185600,2017.0,2017.0,True
849,XI,KR42,0.037997,35.726284,186,XI.KR42,187,1457981440,2000.0,2002.0,True
850,WU,TOBO,45.225804,-81.523445,5182,WU.TOBO,5298,311603827200,2012.0,2026.0,True
851,XE,UYUN,-20.461914,-66.74688,244,XE.UYUN,244,3109830656,1994.0,1995.0,True
852,XB,PS16,37.2131,-5.0491,900,XB.PS16,900,17661562880,2010.0,2012.0,True
853,AF,UPI,-28.362,21.253,6324,AF.UPI,6441,142469657600,2006.0,2026.0,True
854,7E,KB06,-16.101999,126.600998,58,7E.KB06,59,1538961408,1998.0,1998.0,True
855,X8,QM90,52.2915,-77.098801,540,X8.QM90,540,10899730432,2012.0,2015.0,True
856,KN,ULHL,42.245602,76.241699,7738,KN.ULHL,7738,108518337024,1994.0,2016.0,True
857,CA,CPAL,42.310533,3.16244,3454,CA.CPAL,3570,109648637952,2017.0,2026.0,True
858,YY,GORE,8.1501,35.533001,675,YY.GORE,675,29936164864,2014.0,2016.0,True
859,EM,GT003,39.9039,-115.874603,29,EM.GT003,30,3555328,1996.0,1996.0,True
860,XK,Q07MR,-13.1967,37.4986,681,XK.Q07MR,681,15369220096,2012.0,2014.0,True
861,XC,FL006,29.119425,-81.99487,21,XC.FL006,22,103833600,2015.0,2015.0,True
862,YD,OBS10,39.655998,17.802401,97,YD.OBS10,97,1093955584,2004.0,2005.0,True
863,XG,DGSU,39.131145,42.729748,259,XG.DGSU,260,3390486528,1999.0,2001.0,True
864,GE,DAG,76.771301,-18.655001,8204,GE.DAG,8319,114623876096,1998.0,2026.0,True
865,ZJ,DONT,-73.876846,165.12001,1089,ZJ.DONT,1089,35123728384,2012.0,2015.0,True
866,XB,CM06,2.385,11.268,622,XB.CM06,622,13733466112,2005.0,2007.0,True
867,BL,COR2,-17.743299,-48.689201,229,BL.COR2,230,721813504,1999.0,2000.0,True
868,JP,JTU,34.5275,129.396332,4436,JP.JTU,4552,27956965888,2013.0,2026.0,True
869,XM,1346,7.794967,39.897858,46,XM.1346,46,2789879808,2002.0,2003.0,True
870,7C,MM30,64.2803,-128.8747,636,7C.MM30,636,8538882048,2016.0,2018.0,True
871,XM,ANB17,-25.2429,-59.8069,558,XM.ANB17,559,16384954368,2022.0,2024.0,True
872,XS,L02A,-1.1667,-17.4085,384,XS.L02A,384,11906498560,2016.0,2017.0,True
873,XO,KD02,57.8618,-152.6575,465,XO.KD02,465,11422810112,2018.0,2019.0,True
874,XM,NM24,34.046871,-106.119606,429,XM.NM24,430,2657871872,1999.0,2001.0,True
875,YH,IFAK,-8.1397,36.6828,351,YH.IFAK,351,5985021952,2010.0,2011.0,True
876,WF,SPG,52.32553,-3.01928,787,WF.SPG,904,14037527552,1970.0,2026.0,True
877,M8,AM37,-25.9866,116.9921,77,M8.AM37,193,4399495680,2026.0,2026.0,True
878,4P,IAL39,42.093177,-92.115706,25,4P.IAL39,26,14483456,2012.0,2012.0,True
879,XQ,ME10,40.959099,-122.461899,591,XQ.ME10,591,7142543360,2007.0,2009.0,True
880,AK,C16K,68.2746,-165.3436,2276,AK.C16K,2392,71708671488,2020.0,2026.0,True
881,YF,PB49,52.4916,17.804701,247,YF.PB49,247,3867129344,2007.0,2008.0,True
882,XP,S29,36.959099,-106.535202,454,XP.S29,454,6090860544,2008.0,2009.0,True
883,NY,WGLY,63.22815,-123.45841,2470,NY.WGLY,2470,96065789440,2014.0,2021.0,True
884,3H,G27,-0.183,-93.4209,450,3H.G27,450,17598304256,2023.0,2024.0,True
885,YT,KOLR,-76.1544,-120.727,2825,YT.KOLR,2825,27054301184,2010.0,2018.0,True
886,3A,L107,-39.333099,-71.788849,128,3A.L107,128,6691352576,2010.0,2010.0,True
887,IU,ULN,47.8651,107.0532,10928,IU.ULN,6020,115955281920,1994.0,2013.0,True
888,ZA,B26,7.5382,-144.945801,394,ZA.B26,394,27565080576,2011.0,2013.0,True
889,YS,PL37,19.8234,-160.047501,417,YS.PL37,417,7145353216,2006.0,2007.0,True
890,EC,SALI,-2.1863,-80.991203,1190,EC.SALI,1190,45145777152,2013.0,2018.0,True
891,YU,SL09,8.9599,-72.6846,698,YU.SL09,698,16360402944,2016.0,2018.0,True
892,7B,MM04,-34.0909,-154.12547,371,7B.MM04,371,25992347648,2019.0,2020.0,True
893,Z8,310,35.938099,114.070801,381,Z8.310,381,3338285056,2006.0,2008.0,True
894,8B,402,37.397598,111.457901,295,8B.402,295,6280216576,2008.0,2009.0,True
895,AK,GAMB,63.7758,-171.7036,7554,AK.GAMB,7669,189670554624,2002.0,2026.0,True
896,XB,POP2,47.593006,-79.220634,133,XB.POP2,134,850269184,1996.0,1996.0,True
897,4P,OHM48,40.798366,-84.460195,29,4P.OHM48,30,18661376,2013.0,2013.0,True
898,Z1,LBSA,-16.540899,179.300201,431,Z1.LBSA,431,6184077824,2009.0,2010.0,True
899,ZU,ALD48,30.583397,-88.365967,46,ZU.ALD48,47,24547328,2024.0,2024.0,True
900,Y2,KKVN5,-26.343691,152.185039,224,Y2.KKVN5,225,3828361728,2025.0,2026.0,True
901,ZU,NZ21,-39.5005,170.000107,354,ZU.NZ21,354,7321055232,2009.0,2010.0,True
902,XJ,LN25,-2.5006,35.886398,685,XJ.LN25,685,13196718080,2013.0,2014.0,True
903,8B,430,32.674801,110.334099,434,8B.430,434,6058954752,2008.0,2009.0,True
904,OZ,BOGA,-35.547,143.57532,628,OZ.BOGA,744,30099812352,2025.0,2026.0,True
905,YP,NE83,46.2132,118.801102,703,YP.NE83,703,10693251072,2009.0,2011.0,True
906,TR,DLPL,15.3325,-61.246799,1790,TR.DLPL,1790,16389143040,2010.0,2017.0,True
907,IM,CY101,34.20406,31.62915,1605,IM.CY101,0,0,,,True
908,XI,SC09,49.740002,-86.754997,860,XI.SC09,860,11899706880,2011.0,2013.0,True
909,8Q,P22,26.902167,-138.673857,428,8Q.P22,428,29989273600,2021.0,2023.0,True
910,NN,RUB,39.051701,-120.1549,3619,NN.RUB,3735,189709973504,2011.0,2026.0,True
911,XV,HRAU,66.1186,-20.0987,91,XV.HRAU,91,275175424,1995.0,1995.0,True
912,RU,ANN,44.881,37.314,486,RU.ANN,486,4616192512,2017.0,2019.0,True
913,OZ,GRASY,-40.08652,144.01093,710,OZ.GRASY,826,33213056000,2025.0,2026.0,True
914,MH,P0008,-12.008233,-172.023102,603,MH.P0008,603,21663744,2018.0,2022.0,True
915,4P,MIJ45,43.140395,-86.281774,20,4P.MIJ45,21,11186176,2013.0,2013.0,True
916,AT,MID,59.427799,-146.338806,4286,AT.MID,4286,109222837248,2007.0,2020.0,True
917,YL,ONRN,29.302,87.244003,21,YL.ONRN,21,189714432,2002.0,2002.0,True
918,TM,PRAC,12.472649,99.792871,5274,TM.PRAC,5386,136875369984,2009.0,2026.0,True
919,4P,TNT53,36.174247,-82.298692,31,4P.TNT53,32,22867968,2015.0,2015.0,True
920,XJ,SBL,54.30431,155.961823,186,XJ.SBL,187,3907111936,1998.0,1999.0,True
921,CY,CBCY,19.73797,-79.758278,4866,CY.CBCY,4902,203616628224,2011.0,2026.0,True
922,VE,ELOV,7.0011,-69.4832,648,VE.ELOV,648,18049707520,2003.0,2006.0,True
923,BL,UNIA,-16.23217,-46.791672,54,BL.UNIA,54,259051520,2004.0,2004.0,True
924,I0,RD179,52.227003,-114.108056,573,I0.RD179,689,70027832832,2025.0,2026.0,True
925,SV,RBDL,14.113,-89.6827,645,SV.RBDL,761,110308056576,2025.0,2026.0,True
926,YH,MTWA,-10.2776,40.194,355,YH.MTWA,355,5481189376,2010.0,2011.0,True
927,7B,SB05,-31.878901,141.595306,71,7B.SB05,72,1835749376,1993.0,1994.0,True
928,7D,J20B,44.354198,-127.0952,243,7D.J20B,243,32685703168,2012.0,2013.0,True
929,ZW,AZCF,33.184074,-97.446251,274,ZW.AZCF,274,20053863936,2014.0,2014.0,True
930,ZP,KASM,-10.2174,31.1401,258,ZP.KASM,258,4330795008,2010.0,2011.0,True
931,XM,ASB13,-35.20574,-67.67386,645,XM.ASB13,646,21498843136,2022.0,2024.0,True
932,M8,WATNG,-30.73225,118.19848,772,M8.WATNG,888,28974225920,2024.0,2026.0,True
933,Y5,DOR,54.220001,-108.57,474,Y5.DOR,475,4724940800,2007.0,2010.0,True
934,EC,PUYO,-1.493,-78.024902,3477,EC.PUYO,3540,136383392256,2016.0,2026.0,True
935,NR,NE83,24.730881,-107.739326,1425,NR.NE83,1425,16278024192,2002.0,2008.0,True
936,YP,NE7D,45.342098,128.742905,594,YP.NE7D,594,9373040640,2009.0,2011.0,True
937,Y2,WT06,32.226398,82.261299,616,Y2.WT06,616,23590092800,2009.0,2011.0,True
938,1D,PIG3,-75.084061,-97.474449,718,1D.PIG3,718,14338793472,2016.0,2018.0,True
939,BL,CANB,-22.96814,-50.37785,706,BL.CANB,706,1698598912,1999.0,2001.0,True
940,EI,IMAC,51.845801,-9.070097,1355,EI.IMAC,1471,58390781952,2023.0,2026.0,True
941,ZL,BARR,-31.6495,-69.415901,708,ZL.BARR,708,8380850176,2007.0,2009.0,True
942,2V,PO20,-27.73141,-70.24283,104,2V.PO20,105,2971459584,2019.0,2020.0,True
943,YS,PL45,24.2006,-154.811996,327,YS.PL45,327,3845201920,2006.0,2007.0,True
944,X4,GS01,34.271999,104.242104,363,X4.GS01,363,5102471680,2007.0,2008.0,True
945,7B,SS01,-35.53273,-151.77364,367,7B.SS01,367,25712099328,2019.0,2020.0,True
946,XI,SN44,46.716999,-93.125999,899,XI.SN44,899,12178209280,2011.0,2013.0,True
947,GE,PUL,59.766998,30.316999,2401,GE.PUL,2400,28213203456,1998.0,2006.0,True
948,CW,CCCC,21.193399,-77.417297,3482,CW.CCCC,3568,91897400320,2015.0,2026.0,True
949,YL,N01W,-19.0243,-175.485504,318,YL.N01W,318,9278611456,2009.0,2010.0,True
950,OV,CCOL,8.4075,-82.973396,1256,OV.CCOL,1256,70428343808,2014.0,2018.0,True
951,PE,PBL2,41.9981,-79.528809,3219,PE.PBL2,3335,481140078592,2017.0,2026.0,True
952,Y3,NWM01,-46.440899,-74.893898,40,Y3.NWM01,40,403845120,2007.0,2007.0,True
953,GB,GAL1,54.86633,-4.71133,6517,GB.GAL1,6629,207097510912,2008.0,2026.0,True
954,1G,NOP01,41.97177,110.49863,377,1G.NOP01,378,5773198848,2010.0,2011.0,True
955,XW,KABG,3.5104,34.143299,521,XW.KABG,521,6959468544,2017.0,2018.0,True
956,7A,BDEG,37.331501,-77.208298,722,7A.BDEG,722,8691230720,2013.0,2016.0,True
957,17,S20,49.160267,-66.391147,33,17.S20,33,9196502016,2023.0,2023.0,True
958,GE,PSZ,47.918201,19.8934,3089,GE.PSZ,3089,49916829696,1995.0,2006.0,True
959,ZQ,ETIP,58.443645,-133.990631,130,ZQ.ETIP,130,7845071872,2016.0,2016.0,True
960,YS,PL61,16.737801,-151.637604,387,YS.PL61,387,7745024000,2006.0,2007.0,True
961,OK,HEWI,37.048825,-96.408082,666,OK.HEWI,782,19814051840,2025.0,2026.0,True
962,CU,GRGR,12.13237,-61.65407,7074,CU.GRGR,7191,263396021760,2006.0,2026.0,True
963,XS,S037,38.921001,24.530001,453,XS.S037,453,5845495808,2006.0,2007.0,True
964,7B,MM12,-35.50344,-157.16479,342,7B.MM12,342,23935352832,2019.0,2020.0,True
965,YG,CBP4F,47.720261,15.97801,498,YG.CBP4F,498,21027860480,2006.0,2007.0,True
966,4P,NDD30,47.258204,-98.844029,21,4P.NDD30,22,12120064,2017.0,2017.0,True
967,ZT,CRAIL,-22.80259,28.24304,1190,ZT.CRAIL,1190,25152724992,2017.0,2020.0,True
968,RU,VSLR,43.4612,40.0324,660,RU.VSLR,660,7065010176,2017.0,2019.0,True
969,XP,TWRS,45.103471,-114.849947,168,XP.TWRS,169,5619670528,2020.0,2021.0,True
970,XA,SA80,-19.959257,31.317909,338,XA.SA80,339,2036944896,1997.0,1998.0,True
971,MP,DHK1,36.8606,42.8665,1615,MP.DHK1,1615,85838908928,2018.0,2025.0,True
972,XA,SA10,-30.972401,23.913601,259,XA.SA10,260,1534080000,1998.0,1999.0,True
973,XE,CC12,-7.9544,-133.5317,19,XE.CC12,19,1257226240,2018.0,2018.0,True
974,ZM,GM04,-82.999702,61.1124,463,ZM.GM04,463,5222866944,2007.0,2009.0,True
975,YB,AT39,36.932098,37.222599,179,YB.AT39,179,2187710464,2013.0,2013.0,True
976,ON,TIJ01,-25.908848,-49.024242,2307,ON.TIJ01,2378,90451687936,2014.0,2026.0,True
977,NM,SCMO,38.761799,-90.641296,2047,NM.SCMO,2047,83798028288,2011.0,2017.0,True
978,AK,O14K,59.2533,-161.2638,2160,AK.O14K,2276,61644470784,2020.0,2026.0,True
979,XE,WW01,-3.78521,-134.73696,251,XE.WW01,251,17585127424,2018.0,2019.0,True
980,AK,V35K,55.3279,-131.615,2620,AK.V35K,2736,83942946816,2019.0,2026.0,True
981,XM,ASB06,-37.1992,-70.6547,77,XM.ASB06,78,2062802944,2023.0,2023.0,True
982,VE,RIOV,8.069,-61.814499,345,VE.RIOV,345,8091353088,2003.0,2004.0,True
983,XV,C16D,-76.300003,167.199997,76,XV.C16D,76,1598607360,2003.0,2004.0,True
984,XV,SOLA,-15.8636,48.826302,112,XV.SOLA,112,1031213056,2012.0,2013.0,True
985,BL,TRIB,-20.6724,-51.326,455,BL.TRIB,455,325541888,1993.0,1995.0,True
986,YQ,VWZM,-11.1753,33.574402,370,YQ.VWZM,370,7048069120,2014.0,2015.0,True
987,TO,MULU,19.4368,-99.129601,607,TO.MULU,607,28174053376,2005.0,2007.0,True
988,3H,G15,2.5843,-92.2501,449,3H.G15,449,15692492800,2023.0,2024.0,True
989,MH,P0007,-13.51175,-176.492667,33,MH.P0007,33,1687552,2018.0,2018.0,True
990,YT,ST07,-78.6388,-123.7953,725,YT.ST07,725,5832937472,2010.0,2012.0,True
991,RS,RSON,50.858898,-93.702202,1343,RS.RSON,1343,1543790592,1982.0,1986.0,True
992,XM,ANB03,-23.50208,-66.11349,638,XM.ANB03,639,16839864320,2022.0,2024.0,True
993,S1,AUDCS,-32.2334,148.6278,4636,S1.AUDCS,4752,306787660800,2013.0,2026.0,True
994,XS,L37D,1.5657,-14.9718,355,XS.L37D,355,10659229696,2016.0,2017.0,True
995,EM,PA878,-31.805,-58.958,38,EM.PA878,39,194260992,2005.0,2005.0,True
996,9D,KNS,64.290802,-49.683102,821,9D.KNS,821,9372422144,2010.0,2012.0,True
997,2C,GS18,-83.767303,-160.796906,21,2C.GS18,21,3559714816,2011.0,2011.0,True
998,DK,DY2G,66.479599,-46.309399,2888,DK.DY2G,2888,120933231616,2011.0,2021.0,True
999,VE,JACV,11.0873,-68.82987,584,VE.JACV,584,12997015040,2003.0,2006.0,True
1000,YT,LPLY,-73.1142,-90.2834,2181,YT.LPLY,2181,38958694400,2018.0,2024.0,True
1001,NR,NE215,-18.78417,25.196014,278,NR.NE215,278,1699352576,2015.0,2017.0,True
1002,YT,MA06,-79.4397,-97.5587,702,YT.MA06,702,13913554944,2015.0,2016.0,True
1003,YO,F6,11.3652,-85.8209,439,YO.F6,439,7431658496,2004.0,2006.0,True
1004,XS,N08,46.5,-108.861,307,XS.N08,307,3127312384,1999.0,2000.0,True
1005,YT,BENN,-84.5731,-117.3923,3954,YT.BENN,3954,32800296960,2010.0,2022.0,True
1006,GB,JSA,49.18783,-2.17167,6430,GB.JSA,6545,236278410752,2008.0,2026.0,True
1007,1D,ATOL,-71.389671,-68.870117,385,1D.ATOL,385,7305805824,2017.0,2018.0,True
1008,ZU,TXH36,28.344834,-97.816395,24,ZU.TXH36,25,12005376,2024.0,2024.0,True
1009,TT,TATN,32.578701,10.5292,511,TT.TATN,511,4132774400,2010.0,2013.0,True
1010,YA,MC16,27.1824,103.633003,307,YA.MC16,307,5079403520,2003.0,2004.0,True
1011,YT,ST10,-75.8143,-129.7489,691,YT.ST10,691,2914144256,2010.0,2011.0,True
1012,CB,NJ2,32.051701,118.854401,3128,CB.NJ2,3128,12178238976,2009.0,2025.0,True
1013,XR,BB23,28.485666,89.658524,129,XR.BB23,130,1980192768,1994.0,1994.0,True
1014,MU,OXNC,17.399599,-97.217903,25,MU.OXNC,25,253246464,2006.0,2006.0,True
1015,Y2,IFM03,52.763,-170.063,18,Y2.IFM03,18,402599936,2015.0,2015.0,True
1016,XV,BAND,-20.3428,45.596401,404,XV.BAND,404,4832309248,2012.0,2013.0,True
1017,1P,EIDA,-49.5393,-70.8801,816,1P.EIDA,816,29838917632,2018.0,2021.0,True
1018,ZM,GM01,-83.985802,104.729103,684,ZM.GM01,684,7722500096,2007.0,2009.0,True
1019,EC,TULM,0.7161,-77.786903,4399,EC.TULM,4515,156524309504,2013.0,2026.0,True
1020,MP,AMR2,31.9899,47.1902,896,MP.AMR2,896,24153211392,2017.0,2022.0,True
1021,YS,PL67,16.162001,-156.206604,387,YS.PL67,387,6000070656,2006.0,2007.0,True
1022,SP,DFORK,34.153099,-81.200302,555,SP.DFORK,556,5237362688,2001.0,2004.0,True
1023,MM,NGU,21.205721,94.916618,3404,MM.NGU,3520,421135173632,2017.0,2026.0,True
1024,ZU,COS28,37.869652,-102.146964,16,ZU.COS28,17,8802304,2021.0,2021.0,True
1025,8A,GAMM,-20.2505,20.8253,1306,8A.GAMM,1306,10358721024,2015.0,2018.0,True
1026,7B,SD03,-27.0515,125.185699,137,7B.SD03,138,3632115712,1995.0,1995.0,True
1027,ZM,GM06,-79.332802,44.3148,203,ZM.GM06,203,2422108160,2009.0,2009.0,True
1028,EM,PA765,-31.674999,-64.141998,15,EM.PA765,16,37126144,2001.0,2001.0,True
1029,X4,D08,34.924198,94.780502,387,X4.D08,387,2946842624,2008.0,2009.0,True
1030,S1,AUROX,-30.5601,136.8971,1433,S1.AUROX,1552,86969177088,2013.0,2026.0,True
1031,X5,MNGN,64.663498,-72.434334,1315,X5.MNGN,1315,7589789696,2007.0,2011.0,True
1032,ZL,CHUM,-28.8195,-66.2481,217,ZL.CHUM,217,2566279168,2009.0,2009.0,True
1033,XI,TANG,24.275999,89.921997,513,XI.TANG,513,27531462656,2008.0,2010.0,True
1034,AK,J26L,64.5012,-143.5636,2325,AK.J26L,2441,60800991744,2019.0,2026.0,True
1035,AK,A22K,71.0033,-154.9742,1500,AK.A22K,1590,36547132416,2020.0,2026.0,True
1036,RV,DEDWA,56.644562,-117.389069,3571,RV.DEDWA,3687,108255291392,2016.0,2026.0,True
1037,YD,3D08,45.97826,21.517321,648,YD.3D08,651,15850557440,2009.0,2011.0,True
1038,YI,ISDE,-80.0,-134.992996,610,YI.ISDE,611,9739070464,1999.0,2001.0,True
1039,Y2,NOCO,33.719398,80.389801,111,Y2.NOCO,111,3062607872,2007.0,2007.0,True
1040,YA,MC02,30.3811,103.428902,300,YA.MC02,300,5519589376,2003.0,2004.0,True
1041,8Q,P03,27.897,-141.755108,438,8Q.P03,438,30664818688,2021.0,2023.0,True
1042,S1,AUJCS,-33.2047,138.6098,3197,S1.AUJCS,3313,221184120320,2013.0,2027.0,True
1043,XO,WD67,52.162563,-160.035832,418,XO.WD67,418,21812051968,2018.0,2019.0,True
1044,XC,OR061,43.3922,-120.561302,426,XC.OR061,426,3665842176,2007.0,2008.0,True
1045,7S,RR06,40.37447,-125.21833,45,7S.RR06,45,63862915072,2024.0,2025.0,True
1046,ZT,DULL,-25.36478,30.17588,1127,ZT.DULL,1127,16870560256,2017.0,2020.0,True
1047,XM,UT52,37.234776,-110.131325,573,XM.UT52,574,3433458688,1999.0,2001.0,True
1048,A0,LUS3,40.916392,45.189975,452,A0.LUS3,568,17991120896,2025.0,2026.0,True
1049,BL,CDCB,-20.2365,-44.718201,475,BL.CDCB,475,313860096,1992.0,1994.0,True
1050,IM,WK30,19.4104,165.855698,56,IM.WK30,56,3811336192,2000.0,2000.0,True
1051,4P,NEN31,40.92382,-99.273701,26,4P.NEN31,27,13877248,2018.0,2018.0,True
1052,YP,NEA5,47.648602,124.036697,623,YP.NEA5,623,10444685312,2009.0,2011.0,True
1053,X5,JENN,64.085503,-67.16217,291,X5.JENN,291,1736388608,2010.0,2011.0,True
1054,S1,AUALB,-34.9995,117.9046,4426,S1.AUALB,4542,324121154048,2013.0,2026.0,True
1055,IU,LSZ,-15.2779,28.1882,9042,IU.LSZ,4811,130645958144,1994.0,2013.0,True
1056,NB,SBBR,-3.74516,-40.371651,304,NB.SBBR,304,7959982080,2007.0,2008.0,True
1057,MY,SBM,2.4529,112.213997,6835,MY.SBM,6951,43630544384,2006.0,2026.0,True
1058,AK,E27K,68.1861,-141.5951,1920,AK.E27K,2010,49673076736,2020.0,2026.0,True
1059,YT,HOWE,-87.4158,-149.4267,1834,YT.HOWE,1834,13500256256,2012.0,2017.0,True
1060,X2,PG1,-41.137699,176.038101,25,X2.PG1,25,654722048,2010.0,2010.0,True
1061,XM,ANB20,-26.7962,-65.316,637,XM.ANB20,638,16503271424,2022.0,2024.0,True
1062,XJ,KGB,56.25845,162.711456,246,XJ.KGB,247,5197795328,1998.0,1999.0,True
1063,Y5,FMC,56.650002,-111.5,1427,Y5.FMC,1428,17020077056,2007.0,2012.0,True
1064,Z6,08L,27.813601,151.491699,373,Z6.08L,373,5153288192,2009.0,2010.0,True
1065,OZ,ROBE,-37.1472,139.87424,519,OZ.ROBE,519,20692827648,2025.0,2026.0,True
1066,1D,ROTH,-67.520012,-68.148849,369,1D.ROTH,369,7814643712,2016.0,2017.0,True
1067,AF,LBB,-11.631,27.485001,1098,AF.LBB,1098,13528590848,2008.0,2016.0,True
1068,8A,AROB,-26.798342,19.647346,413,8A.AROB,413,3371707904,2017.0,2018.0,True
1069,XL,HD03,46.515701,102.547203,617,XL.HD03,617,14323216384,2012.0,2014.0,True
1070,PQ,LHLYB,48.536332,-123.729633,856,PQ.LHLYB,972,31324359168,2024.0,2026.0,True
1071,5G,D16,41.745,126.4048,1443,5G.D16,1443,41586384896,2005.0,2010.0,True
1072,4P,VAQ55,37.882941,-79.808136,18,4P.VAQ55,19,9523200,2016.0,2016.0,True
1073,S1,AUKAT,-14.4624,132.2829,1753,S1.AUKAT,1868,110680148480,2013.0,2026.0,True
1074,YP,NEAB,47.602501,131.668396,609,YP.NEAB,609,11323486208,2009.0,2011.0,True
1075,Y6,HOLY,46.525902,-66.463997,696,Y6.HOLY,696,9840238592,2013.0,2015.0,True
1076,XR,MS02,23.605983,93.696263,421,XR.MS02,422,9461071872,2018.0,2020.0,True
1077,7B,SC05,-16.966999,135.783905,84,7B.SC05,85,2209497088,1994.0,1994.0,True
1078,ON,ABR01,-17.964609,-38.695862,1749,ON.ABR01,1806,65650449920,2019.0,2026.0,True
1079,XC,OR088,42.965599,-117.302299,929,XC.OR088,929,7980937216,2006.0,2008.0,True
1080,XM,ASB19,-36.2284,-65.4205,361,XM.ASB19,362,15421227008,2023.0,2024.0,True
1081,XI,RANI,21.3116,42.7761,311,XI.RANI,311,2790232064,1995.0,1997.0,True
1082,XD,EBM,-10.604326,150.653549,218,XD.EBM,219,6380072960,1999.0,2000.0,True
1083,7B,SD06,-28.4963,135.9021,67,7B.SD06,68,1778753536,1995.0,1995.0,True
1084,2D,OBS08,32.654499,-121.342499,389,2D.OBS08,389,54363701248,2010.0,2011.0,True
1085,XB,CM29,9.347,13.385,561,XB.CM29,561,9837427200,2005.0,2007.0,True
1086,8P,CAV08,35.695485,-118.154066,29,8P.CAV08,30,16314368,2020.0,2020.0,True
1087,BL,CMPA,-19.57917,-54.168831,634,BL.CMPA,634,6840352768,2004.0,2006.0,True
1088,GE,RGN,54.547699,13.3214,3900,GE.RGN,3899,40061715456,1995.0,2006.0,True
1089,AT,SVW2,61.1082,-155.621704,3754,AT.SVW2,3754,66083857408,2008.0,2018.0,True
1090,X2,CRAT,35.318199,-111.317902,418,X2.CRAT,418,7059365888,2013.0,2014.0,True
1091,3D,MM05,30.680401,-6.3895,820,3D.MM05,820,37995742208,2010.0,2013.0,True
1092,YV,HJO,70.352203,-28.164,467,YV.HJO,466,4402126848,2000.0,2002.0,True
1093,Y1,TURK,3.127577,38.27457,867,Y1.TURK,868,29295890432,2019.0,2021.0,True
1094,4P,MAH64,41.746854,-70.019214,20,4P.MAH64,21,15826944,2017.0,2017.0,True
1095,C8,BNKB,53.3318,-129.9017,945,C8.BNKB,945,15688609792,2015.0,2018.0,True
1096,ZM,N190,-80.327499,69.431,355,ZM.N190,355,4227227648,2008.0,2009.0,True
1097,TO,MONT,18.6387,-95.094398,611,TO.MONT,611,23254724608,2007.0,2009.0,True
1098,Z7,FAG,63.874779,-16.653641,296,Z7.FAG,297,10116304896,2013.0,2014.0,True
1099,X9,T2S4A,-69.020897,72.818298,54,X9.T2S4A,54,1777303552,2004.0,2005.0,True
1100,XE,ES18,31.301319,97.962425,359,XE.ES18,360,5703681024,2003.0,2004.0,True
1101,4P,NEL26,42.209447,-103.106243,19,4P.NEL26,20,10588160,2018.0,2018.0,True
1102,XT,PNCH,11.2493,-66.5009,364,XT.PNCH,364,5146435584,2004.0,2005.0,True
1103,6H,INCA,-19.2197,33.8419,99,6H.INCA,99,2220187648,2011.0,2011.0,True
1104,KZ,MAKZ,46.807999,81.976997,6225,KZ.MAKZ,6225,63358554112,1997.0,2025.0,True
1105,XF,NE1,74.87175,-38.55117,727,XF.NE1,728,19968391680,2014.0,2016.0,True
1106,XD,RUNG,-6.9372,33.518002,357,XD.RUNG,357,2116460544,1994.0,1995.0,True
1107,XB,ELEF,-61.21981,-55.13903,461,XB.ELEF,461,4821089280,1997.0,1999.0,True
1108,C1,MG02,-52.7808,-69.2242,3770,C1.MG02,3886,287746797568,2015.0,2026.0,True
1109,US,GLMI,44.8245,-84.6175,6324,US.GLMI,6387,159259592704,2006.0,2026.0,True
1110,X8,QM76,50.764801,-74.817596,585,X8.QM76,585,10558382080,2013.0,2015.0,True
1111,MP,SAM2,30.5295,44.5586,489,MP.SAM2,489,15760864768,2024.0,2025.0,True
1112,KR,BTK,40.06675,70.81572,5746,KR.BTK,5875,201739448832,1998.0,2046.0,True
1113,M8,MUKOZ,-26.7575,114.6094,364,M8.MUKOZ,480,10266533888,2025.0,2026.0,True
1114,XA,SA38,-25.933359,25.084627,705,XA.SA38,706,4771702784,1997.0,1999.0,True
1115,Z9,W14,32.0938,-83.898697,1107,Z9.W14,1107,16180196864,2010.0,2013.0,True
1116,PS,JAY,-2.5147,140.703,1526,PS.JAY,0,0,,,True
1117,8E,03023,66.464441,19.065859,23,8E.03023,24,13179509760,2021.0,2021.0,True
1118,4P,WII40,43.855541,-90.613957,16,4P.WII40,17,11821056,2011.0,2011.0,True
1119,PL,HSPB,77.001877,15.53318,5984,PL.HSPB,6100,229843627008,2010.0,2026.0,True
1120,2H,BTIE,11.1949,40.021801,131,2H.BTIE,131,3203649536,2009.0,2010.0,True
1121,1D,ELSW,-75.519371,-85.707581,381,1D.ELSW,381,7496220672,2017.0,2018.0,True
1122,YS,PL40,23.9972,-161.095001,393,YS.PL40,393,4479279104,2006.0,2007.0,True
1123,YH,WALE,-9.7896,37.917,421,YH.WALE,421,6549342720,2010.0,2011.0,True
1124,YS,PL62,14.6891,-151.6866,391,YS.PL62,391,6941106176,2006.0,2007.0,True
1125,YY,OBS10,17.561399,143.196396,49,YY.OBS10,49,1234808832,2003.0,2003.0,True
1126,XV,AMPY,-24.7033,44.743599,384,XV.AMPY,384,3718164480,2012.0,2013.0,True
1127,TO,EGIP,17.264799,-91.975197,277,TO.EGIP,277,7762505728,2008.0,2009.0,True
1128,Z8,341,36.0462,109.201599,279,Z8.341,279,4836470784,2007.0,2008.0,True
1129,XE,SP18,29.483082,94.414757,350,XE.SP18,351,8103106560,2003.0,2004.0,True
1130,BL,JNRB,-15.46783,-44.505169,255,BL.JNRB,255,1170776064,2004.0,2004.0,True
1131,XN,A01,58.992599,-123.176598,73,XN.A01,73,425011200,2003.0,2003.0,True
1132,XI,HOSA,7.563968,37.857258,361,XI.HOSA,362,4208092160,2001.0,2002.0,True
1133,ZB,TIKU,-0.399,99.944199,237,ZB.TIKU,237,10798747648,2008.0,2008.0,True
1134,XF,MA28,20.1786,-102.597,505,XF.MA28,505,6592749568,2006.0,2007.0,True
1135,XN,BABAY,-1.814066,136.719955,21,XN.BABAY,22,896036864,1996.0,1996.0,True
1136,YS,PL41,24.573799,-158.933105,392,YS.PL41,392,6904385536,2006.0,2007.0,True
1137,CK,MNAS,42.49321,72.49757,252,CK.MNAS,252,5262523904,2012.0,2012.0,True
1138,YP,NE32,42.670799,117.070099,497,YP.NE32,497,6849818624,2009.0,2011.0,True
1139,TM,SRDT,14.3948,99.1213,4835,TM.SRDT,4911,194453140992,2009.0,2026.0,True
1140,GE,MLR,45.491199,25.945601,2866,GE.MLR,2865,27139038208,1994.0,2003.0,True
1141,XF,STC5,-82.396378,-134.74556,51,XF.STC5,52,421067776,1995.0,1996.0,True
1142,PL,KWP,49.631401,22.7075,5565,PL.KWP,5681,340492858880,2010.0,2026.0,True
1143,MM,TGI,20.768545,97.034073,3405,MM.TGI,3520,402439592960,2017.0,2026.0,True
1144,N4,Y60A,34.0046,-78.2163,4326,N4.Y60A,815,71281560576,2015.0,2017.0,True
1145,XW,ATUS,39.716,76.157204,123,XW.ATUS,123,679182336,1998.0,1999.0,True
1146,XD,C02,33.070999,-115.560501,446,XD.C02,446,8398328320,2011.0,2013.0,True
1147,MR,MRIV,-20.298,57.497002,1747,MR.MRIV,1747,10412098048,2008.0,2013.0,True
1148,XH,RS17,-81.401604,-162.973801,713,XH.RS17,713,18497359872,2014.0,2017.0,True
1149,GE,APE,37.068901,25.5306,2226,GE.APE,2226,43925426688,2000.0,2006.0,True
1150,XS,L18D,0.5769,-9.3765,369,XS.L18D,369,12023214080,2016.0,2017.0,True
1151,YJ,BAK01,-47.183998,-71.973503,485,YJ.BAK01,485,11161501696,2005.0,2006.0,True
1152,XR,SC25,33.580601,-103.548203,697,XR.SC25,697,14462848512,2008.0,2010.0,True
1153,XD,DCD,37.829437,95.366997,221,XD.DCD,221,4397774848,2002.0,2003.0,True
1154,Z1,MOAL,-18.566299,179.951599,345,Z1.MOAL,345,5620019200,2009.0,2010.0,True
1155,7B,SC06,-19.1437,128.117905,138,7B.SC06,139,3665842176,1994.0,1994.0,True
1156,JP,JSD,38.040001,138.257172,4438,JP.JSD,4554,27142298624,2013.0,2026.0,True
1157,7P,PC53,31.4616,-103.6937,276,7P.PC53,276,86099660800,2019.0,2020.0,True
1158,XO,LA32,54.4982,-157.8522,462,XO.LA32,462,27341832192,2018.0,2019.0,True
1159,XS,S24D,-0.1383,-12.7806,366,XS.S24D,366,25637666816,2016.0,2017.0,True
1160,9G,SA015,50.222,-114.181999,18,9G.SA015,19,10240000,2009.0,2009.0,True
1161,YC,SBF4,6.37312,117.620827,642,YC.SBF4,643,17874808832,2018.0,2020.0,True
1162,BL,BRSB,-22.535299,-45.5854,542,BL.BRSB,542,518488064,1996.0,1998.0,True
1163,C1,LL02,-43.19055,-71.84838,3887,C1.LL02,3950,240419321856,2015.0,2026.0,True
1164,TO,PG20,-14.6049,-73.997299,712,TO.PG20,712,27858968576,2011.0,2013.0,True
1165,9G,AB317,50.155998,-110.862,17,9G.AB317,18,9195520,2008.0,2008.0,True
1166,ID,ERM,42.0158,143.157196,4070,ID.ERM,4070,731041792,1980.0,1994.0,True
1167,YF,N6017,63.380829,13.65691,175,YF.N6017,175,4899876864,2006.0,2006.0,True
1168,Z1,Z34S,-17.164391,27.52483,286,Z1.Z34S,286,10347139072,2022.0,2023.0,True
1169,YY,004,36.4473,119.562599,325,YY.004,325,3404619776,2000.0,2001.0,True
1170,PM,PFVI,37.132832,-8.826829,6480,PM.PFVI,6596,223751240192,2008.0,2026.0,True
1171,ZU,TXE30,30.241536,-101.386563,24,ZU.TXE30,25,13475840,2021.0,2021.0,True
1172,6H,MASS,-21.588499,32.921299,197,6H.MASS,197,6476345344,2011.0,2012.0,True
1173,II,TLY,51.6807,103.6438,10167,II.TLY,10194,170685434880,1990.0,2026.0,True
1174,ZG,CP13,-14.7893,-71.444702,636,ZG.CP13,636,8534122496,2010.0,2012.0,True
1175,XN,B15,60.433998,-134.247406,412,XN.B15,412,3030939648,2004.0,2005.0,True
1176,AK,E18K,67.4213,-160.6027,1551,AK.E18K,1667,19141137408,2020.0,2026.0,True
1177,XB,PM25,32.875702,-4.888,993,XB.PM25,993,17189916160,2009.0,2012.0,True
1178,7B,SB03,-28.600201,140.264999,66,7B.SB03,66,1715798016,1993.0,1994.0,True
1179,ZU,MSB45,31.959723,-90.094485,31,ZU.MSB45,32,13996032,2022.0,2023.0,True
1180,YP,NE8B,46.207199,126.056297,687,YP.NE8B,687,11978719232,2009.0,2011.0,True
1181,YB,AT49,38.513699,32.252998,731,YB.AT49,731,9531527168,2013.0,2015.0,True
1182,II,NNA,-11.9875,-76.8422,12762,II.NNA,12879,231520192512,1988.0,2026.0,True
1183,GY,A11,37.929298,58.112499,345,GY.A11,345,1492971520,1993.0,1994.0,True
1184,YM,KASE,71.4776,-51.349701,775,YM.KASE,775,26640818176,2013.0,2015.0,True
1185,XO,WD49,54.399083,-151.89947,425,XO.WD49,425,19771023360,2018.0,2019.0,True
1186,AK,E24K,68.0748,-148.4868,2275,AK.E24K,2391,54192314880,2020.0,2026.0,True
1187,AF,WIN,-22.5667,17.1,4747,AF.WIN,4863,109454421504,2005.0,2026.0,True
1188,XA,SA73,-21.853668,30.277611,327,XA.SA73,328,1995431936,1997.0,1998.0,True
1189,XA,SA60,-23.851931,24.959381,339,XA.SA60,340,2188854272,1997.0,1998.0,True
1190,1G,WA05,39.46912,107.78784,153,1G.WA05,154,3113668608,2011.0,2011.0,True
1191,XD,KIBA,-5.3223,36.5695,274,XD.KIBA,274,1620226048,1994.0,1995.0,True
1192,JP,JHJ2,33.115299,139.813797,7174,JP.JHJ2,7290,76053128704,2007.0,2026.0,True
1193,AK,PS06,65.8545,-149.7369,2387,AK.PS06,2502,234949480960,2020.0,2026.0,True
1194,XF,NE3,76.394577,-43.458302,724,XF.NE3,725,18806639104,2014.0,2016.0,True
1195,MN,WDD,35.8373,14.5242,9447,MN.WDD,9564,143326440960,1995.0,2026.0,True
1196,YS,ONIX,-10.1033,124.4498,713,YS.ONIX,713,17170995200,2014.0,2016.0,True
1197,PL,BEL,51.837002,20.792,5698,PL.BEL,5814,403591135744,2010.0,2026.0,True
1198,EO,KLRS,61.03095,-138.40663,2132,EO.KLRS,2248,73282483200,2018.0,2026.0,True
1199,XJ,OSO,59.261375,163.084213,139,XJ.OSO,140,3264082944,1998.0,1999.0,True
1200,YI,BARR,44.282799,12.0797,919,YI.BARR,920,10090209280,2003.0,2006.0,True
1201,XH,ESP03,-29.7428,-64.014297,728,XH.ESP03,728,8765515264,2008.0,2010.0,True
1202,BL,PORB,-13.33043,-49.078739,459,BL.PORB,459,1090031616,2000.0,2002.0,True
1203,BL,CAMB,-21.784,-41.429001,241,BL.CAMB,241,313413632,1999.0,1999.0,True
1204,ZA,A20,9.4403,-144.620102,19,ZA.A20,19,1340030976,2011.0,2011.0,True
1205,QZ,ALGA,49.986897,57.210083,1595,QZ.ALGA,1712,183340313600,2022.0,2026.0,True
1206,YA,MC14,27.864599,99.735199,345,YA.MC14,345,4882822144,2003.0,2004.0,True
1207,1G,WOP23,37.3256,100.06438,234,1G.WOP23,235,5653442560,2010.0,2011.0,True
1208,DK,MUD,56.455,9.1733,5933,DK.MUD,6040,229489249792,2009.0,2026.0,True
1209,XW,SIMA,17.55549,52.316299,212,XW.SIMA,213,2452041728,2009.0,2009.0,True
1210,XV,TETE,-16.129999,33.57,458,XV.TETE,458,6922779648,2011.0,2013.0,True
1211,1A,NE00,39.990002,124.306999,264,1A.NE00,264,2724151296,2007.0,2008.0,True
1212,XV,MAHA,-23.1714,47.689899,691,XV.MAHA,691,11460362240,2011.0,2013.0,True
1213,3C,NW09,6.289741,-74.985709,469,3C.NW09,470,12486725120,2022.0,2023.0,True
1214,XG,BYBT,40.235348,40.265499,459,XG.BYBT,460,5712071680,1999.0,2001.0,True
1215,US,AMTX,34.8837,-101.6808,7579,US.AMTX,7695,97494029312,2004.0,2026.0,True
1216,1G,WOP11,37.52923,104.79038,359,1G.WOP11,360,8099700736,2010.0,2011.0,True
1217,SN,WG02,37.240501,-115.197701,17,SN.WG02,17,603176960,2016.0,2016.0,True
1218,YM,12,23.405899,122.687202,385,YM.12,385,9741508608,2008.0,2009.0,True
1219,X1,LW2,-80.972198,148.032104,18,X1.LW2,18,1336315904,2011.0,2012.0,True
1220,XV,ZOBE,-18.1369,47.228901,395,XV.ZOBE,395,6268379136,2012.0,2013.0,True
1221,YG,INC37,15.691732,-88.351567,590,YG.INC37,591,19741679616,2024.0,2025.0,True
1222,YI,D35,20.112801,-63.517601,180,YI.D35,180,5795749888,2007.0,2007.0,True
1223,YT,MILR,-83.3063,156.2517,3091,YT.MILR,3091,32743022592,2008.0,2016.0,True
1224,XB,CM03,3.519,15.034,271,XB.CM03,271,5221479424,2006.0,2007.0,True
1225,XI,SC10,49.752998,-83.817001,871,XI.SC10,871,9506066944,2011.0,2013.0,True
1226,7D,G36D,42.4618,-126.8965,416,7D.G36D,416,15180828672,2014.0,2015.0,True
1227,ZU,ALB50,31.520683,-86.43978,33,ZU.ALB50,34,17117184,2022.0,2022.0,True
1228,HL,ARG,36.213558,28.12122,5790,HL.ARG,5906,195852374528,2008.0,2026.0,True
1229,AK,D20K,68.7132,-156.6132,1855,AK.D20K,1945,38932709376,2020.0,2026.0,True
1230,Z5,KAGD,1.024,30.662,725,Z5.KAGD,726,12675629056,2022.0,2024.0,True
1231,XM,ANB16,-24.0911,-61.4628,561,XM.ANB16,562,16462336000,2022.0,2024.0,True
1232,EI,DSB,53.24519,-6.37619,3739,EI.DSB,3855,127208607232,2016.0,2026.0,True
1233,GE,SKD,35.411999,23.927999,2145,GE.SKD,2143,36232726528,1998.0,2004.0,True
1234,YT,MTAK,-76.3157,-112.7986,2483,YT.MTAK,2483,53263568896,2019.0,2025.0,True
1235,X5,NOTN,63.293659,-78.135452,1076,X5.NOTN,1076,7088607232,2007.0,2010.0,True
1236,YS,SARA,-8.7873,121.1043,727,YS.SARA,727,11659816960,2014.0,2016.0,True
1237,Y2,PURG,30.198799,81.275299,1418,Y2.PURG,1418,33529225216,2007.0,2011.0,True
1238,ZU,NZ04,-41.999298,165.502396,370,ZU.NZ04,370,6726643712,2009.0,2010.0,True
1239,XO,EP23,56.9071,-157.0201,351,XO.EP23,351,12505726976,2018.0,2019.0,True
1240,XP,N20,38.917702,-106.187599,452,XP.N20,452,5753674752,2008.0,2009.0,True
1241,XR,FA23,45.550365,-99.9841,376,XR.FA23,377,5947762688,2001.0,2002.0,True
1242,GE,IBBN,52.306301,7.7592,2622,GE.IBBN,2622,52952521216,1999.0,2006.0,True
1243,2F,S04,23.52549,120.185242,74,2F.S04,74,4380273152,2009.0,2009.0,True
1244,XM,ANB11,-25.951,-62.49889,585,XM.ANB11,586,20886114304,2022.0,2024.0,True
1245,GH,KLEF,6.6142,0.4407,526,GH.KLEF,526,17022280192,2012.0,2014.0,True
1246,OZ,CURRY,-41.09589,146.95012,710,OZ.CURRY,826,51828901376,2025.0,2026.0,True
1247,X5,SHMN,64.576668,-84.114517,560,X5.SHMN,558,4126068736,2007.0,2010.0,True
1248,4P,WIF39,45.842041,-90.735261,33,4P.WIF39,34,20590592,2011.0,2011.0,True
1249,5A,KAVI,-2.56941,150.804428,621,5A.KAVI,622,9295462400,2014.0,2016.0,True
1250,YS,PL38,19.9863,-162.025604,416,YS.PL38,416,3469078528,2006.0,2007.0,True
1251,GB,WACR,52.72433,0.62833,3619,GB.WACR,3731,137358067200,2015.0,2026.0,True
1252,TM,CHBT,12.7441,102.3526,2899,TM.CHBT,2921,105555093504,2009.0,2026.0,True
1253,4P,ALY50,33.397383,-85.88498,21,4P.ALY50,22,18182144,2015.0,2015.0,True
1254,XA,S16,-8.97577,15.49649,1988,XA.S16,1989,13023186944,1972.0,1977.0,True
1255,XE,CC07,-6.15879,-133.0464,395,XE.CC07,395,27709505536,2018.0,2019.0,True
1256,BX,KGCAE,-22.853821,22.206787,2439,BX.KGCAE,2554,63874354176,2018.0,2026.0,True
1257,XP,LZAE,-25.3074,-68.3992,455,XP.LZAE,455,17462833152,2011.0,2013.0,True
1258,YR,S021,45.09969,-124.34912,33,YR.S021,33,9110421504,2021.0,2021.0,True
1259,4P,MTE22,46.618758,-106.077252,25,4P.MTE22,26,13545472,2018.0,2018.0,True
1260,2A,30,-14.3692,-116.1567,354,2A.30,354,2542915584,2001.0,2002.0,True
1261,YP,NEA3,47.562302,121.292,695,YP.NEA3,695,9472421888,2009.0,2011.0,True
1262,YO,D03,34.3559,-74.488701,364,YO.D03,364,25547771904,2014.0,2015.0,True
1263,XB,NRT6,12.4478,-83.000801,20,XB.NRT6,20,2269319168,2008.0,2008.0,True
1264,QZ,TDK,45.002246,78.40445,1394,QZ.TDK,1510,104027722240,2023.0,2026.0,True
1265,1P,GUMN,-50.3199,-75.3644,823,1P.GUMN,823,22063964160,2018.0,2021.0,True
1266,XA,SA03,-33.6619,21.3354,260,XA.SA03,261,1654602752,1998.0,1999.0,True
1267,KS,SH2B,38.2686,128.2524,1127,KS.SH2B,1175,6999299584,2023.0,2026.0,True
1268,5C,IL17,-32.128165,-71.50888,51,5C.IL17,52,1335783424,2015.0,2016.0,True
1269,XN,B11,60.087002,-130.606995,335,XN.B11,335,2686496768,2004.0,2005.0,True
1270,XF,MA36,19.3594,-104.893204,506,XF.MA36,506,6040002560,2006.0,2007.0,True
1271,XW,SAWQ,18.1618,56.4314,357,XW.SAWQ,357,6133796864,2010.0,2011.0,True
1272,ZG,CP12,-15.2374,-69.531097,631,ZG.CP12,631,6525091840,2010.0,2012.0,True
1273,YR,ED15,42.527802,13.55816,274,YR.ED15,274,10987044864,2016.0,2017.0,True
1274,6H,FUNH,-23.0973,34.378201,242,6H.FUNH,242,4665057280,2011.0,2012.0,True
1275,CU,GRTK,21.511472,-71.13425,6366,CU.GRTK,6482,288917167104,2007.0,2026.0,True
1276,XL,HD54,47.499901,96.803398,644,XL.HD54,644,20435468288,2012.0,2014.0,True
1277,C8,FORQ,48.7542,-69.1135,1320,C8.FORQ,1320,37185069568,2015.0,2019.0,True
1278,YY,TABO,11.8548,38.019001,41,YY.TABO,41,1656791040,2014.0,2014.0,True
1279,XA,EP15,40.33766,47.79234,367,XA.EP15,368,8460812288,2021.0,2023.0,True
1280,TW,MATB,26.151501,119.945602,1971,TW.MATB,1971,18759512064,2000.0,2006.0,True
1281,XL,HD74,49.500999,99.152298,648,XL.HD74,648,20412628992,2012.0,2014.0,True
1282,XJ,ESS,55.932159,158.694794,249,XJ.ESS,250,3622668288,1998.0,1999.0,True
1283,3J,OBS17,-14.43021,-173.2349,619,3J.OBS17,619,43380834304,2023.0,2025.0,True
1284,ZU,NZ26,-46.997898,174.498398,362,ZU.NZ26,362,7609126912,2009.0,2010.0,True
1285,CZ,BEDC,50.78933,15.16976,1060,CZ.BEDC,1149,310835939328,2023.0,2026.0,True
1286,DK,KULLO,74.580498,-57.2201,4651,DK.KULLO,4651,123948237824,2009.0,2024.0,True
1287,TM,PANO,17.147614,104.6122,2504,TM.PANO,2599,91258414080,2009.0,2026.0,True
1288,NY,TGTN,61.5267,-128.27268,2941,NY.TGTN,2941,73697288704,2014.0,2025.0,True
1289,YT,DUFK,-82.8619,-53.2006,6027,YT.DUFK,6027,78677966848,2008.0,2025.0,True
1290,M8,RUGBY,-34.36646,148.94292,77,M8.RUGBY,193,6392813056,2026.0,2026.0,True
1291,YS,PL27,18.000299,-155.714996,369,YS.PL27,369,6635106304,2005.0,2006.0,True
1292,4P,NCT60,35.472862,-76.910764,22,4P.NCT60,23,12959744,2016.0,2016.0,True
1293,Y5,PER,53.68,-116.040001,1756,Y5.PER,3189,59037040128,2006.0,2018.0,True
1294,MZ,MOCU,-16.868499,36.833328,820,MZ.MOCU,820,23678942720,2023.0,2026.0,True
1295,TJ,MURGB,38.254,74.058,702,TJ.MURGB,820,79173849088,2025.0,2026.0,True
1296,XB,CM24,6.523,14.288,451,XB.CM24,451,7378584064,2005.0,2007.0,True
1297,ZQ,159,38.216702,117.391502,434,ZQ.159,434,7482114048,2001.0,2003.0,True
1298,ON,ANA01,-14.531001,-40.74522,507,ON.ANA01,623,11654814208,2019.0,2026.0,True
1299,YS,PL46,24.312099,-156.9646,392,YS.PL46,392,7092588544,2006.0,2007.0,True
1300,XB,PM04,35.402599,-5.1525,1095,XB.PM04,1095,18216009728,2009.0,2012.0,True
1301,NP,7210,46.84859,-114.04056,87,NP.7210,87,78210048,2024.0,2024.0,True
1302,ZD,D03,-4.0416,-104.491798,374,ZD.D03,374,8550490112,2007.0,2009.0,True
1303,IU,CASY,-66.2792,110.5354,10560,IU.CASY,5653,110391558656,1996.0,2013.0,True
1304,ZU,ARY40,33.924108,-93.505624,60,ZU.ARY40,61,33013760,2022.0,2022.0,True
1305,ZA,B06,9.7074,-147.748093,392,ZA.B06,392,27488976896,2011.0,2012.0,True
1306,ZL,B01,32.136501,158.233002,36,ZL.B01,604,17120358400,2010.0,2015.0,True
1307,5H,EITE,15.2359,38.777901,447,5H.EITE,447,6518992896,2011.0,2012.0,True
1308,5H,TIOE,14.6651,40.8666,479,5H.TIOE,479,8496283648,2011.0,2012.0,True
1309,YB,AT06,39.6731,35.6665,660,YB.AT06,660,6625357824,2013.0,2015.0,True
1310,YH,G03,-1.2782,-90.4813,945,YH.G03,945,5210124288,1999.0,2003.0,True
1311,IC,XAN,34.03107,108.92321,11226,IC.XAN,11255,528589715456,1992.0,2026.0,True
1312,ZL,N07A,35.485802,-91.857803,214,ZL.N07A,214,6403268608,2012.0,2012.0,True
1313,4P,UTN19,40.900575,-109.103315,23,4P.UTN19,24,13266944,2011.0,2011.0,True
1314,AK,PPLA,62.8962,-152.1894,7169,AK.PPLA,7285,138962541056,2002.0,2026.0,True
1315,3J,OBS26,-15.36052,-169.11661,449,3J.OBS26,449,29260214272,2023.0,2025.0,True
1316,XB,PS37,38.999699,-4.9555,727,XB.PS37,727,7740559360,2010.0,2012.0,True
1317,AK,G19K,66.1434,-157.087,1995,AK.G19K,2110,47249131520,2020.0,2026.0,True
1318,4P,KSQ35,39.102871,-96.591728,15,4P.KSQ35,16,8650752,2013.0,2013.0,True
1319,YU,NL10,10.6679,-71.4911,699,YU.NL10,699,14540013568,2016.0,2018.0,True
1320,ZP,MWEN,-10.0582,28.7017,146,ZP.MWEN,146,1835274240,2010.0,2010.0,True
1321,XM,CB01,-22.09872,-70.21211,624,XM.CB01,658,30332346880,2011.0,2024.0,True
1322,N4,R61A,38.3303,-75.339,4338,N4.R61A,809,55125022720,2015.0,2017.0,True
1323,BL,SLMB,-16.570499,-50.345501,350,BL.SLMB,351,1087246336,2001.0,2003.0,True
1324,XG,WSG,37.776501,-104.3983,31,XG.WSG,31,201101312,1992.0,1992.0,True
1325,XR,FG01,36.6308,-98.7392,130,XR.FG01,130,10559594496,2016.0,2016.0,True
1326,YM,NTW4,62.672298,-141.066803,27,YM.NTW4,28,382157824,2002.0,2003.0,True
1327,X2,260,39.795799,112.886002,278,X2.260,278,5465055232,2005.0,2006.0,True
1328,3C,SL09,4.380633,-74.023873,672,3C.SL09,673,14987724544,2023.0,2025.0,True
1329,YC,SBA2,4.43506,115.745598,663,YC.SBA2,664,17711992832,2018.0,2020.0,True
1330,YT,THRO,-79.127296,-28.317499,294,YT.THRO,294,7814184960,2016.0,2017.0,True
1331,CA,CARA,42.707643,0.818132,3205,CA.CARA,3321,104282496000,2017.0,2026.0,True
1332,QC,00877,-43.489498,172.565002,19,QC.00877,19,95392256,2013.0,2013.0,True
1333,7D,KA05,-16.8195,124.9123,77,7D.KA05,78,2045399040,1997.0,1997.0,True
1334,MG,JRQG,20.69875,-100.451583,2392,MG.JRQG,2392,194675736576,2006.0,2020.0,True
1335,YT,HOWD,-77.5286,-86.7694,5485,YT.HOWD,6263,89257910272,2008.0,2026.0,True
1336,YT,MPAT,-78.0297,-155.0221,3637,YT.MPAT,3637,28272214016,2007.0,2017.0,True
1337,2O,BTL07,-17.60978,133.9562,471,2O.BTL07,471,6030010880,2021.0,2022.0,True
1338,4P,MTB18,48.4444,-109.796,16,4P.MTB18,17,8835072,2009.0,2009.0,True
1339,XW,MOKA,13.31374,43.25631,202,XW.MOKA,203,4587339776,2009.0,2009.0,True
1340,1D,WELC,-70.731812,-63.82737,354,1D.WELC,354,6921134080,2017.0,2018.0,True
1341,BL,RCLB,-22.4191,-47.530998,5190,BL.RCLB,5306,162955598336,2007.0,2026.0,True
1342,EP,CHC4,28.667999,-106.035896,197,EP.CHC4,197,6961062912,2014.0,2014.0,True
1343,4P,MIC41,47.432262,-87.76179,29,4P.MIC41,30,17764352,2012.0,2012.0,True
1344,Z8,373,35.941299,103.562599,500,Z8.373,500,7915134976,2007.0,2008.0,True
1345,YG,GLN4,61.789501,-147.679596,733,YG.GLN4,733,8818188288,2016.0,2018.0,True
1346,ZC,TIN1,14.9603,145.641205,229,ZC.TIN1,229,3989420544,2006.0,2007.0,True
1347,XC,AMDO,32.247002,91.688004,316,XC.AMDO,316,488448000,1991.0,1992.0,True
1348,OZ,MILD,-34.25915,142.05571,531,OZ.MILD,531,7896949760,2025.0,2026.0,True
1349,YT,PECA,-85.6124,-68.5525,3597,YT.PECA,3597,31443906560,2008.0,2019.0,True
1350,QZ,BRZS,49.981769,72.677469,1542,QZ.BRZS,1658,164594949632,2022.0,2026.0,True
1351,MN,DIVS,44.0981,19.9917,5452,MN.DIVS,5556,43842933760,2005.0,2026.0,True
1352,TJ,SHAA,37.562,68.122803,2645,TJ.SHAA,2645,138318689280,2009.0,2024.0,True
1353,XA,GP03,42.6352,44.6162,24,XA.GP03,510,10362713088,2017.0,2018.0,True
1354,XV,HNJO,65.5626,-24.1531,337,XV.HNJO,337,1247770624,1995.0,1996.0,True
1355,XY,U54B,-35.545898,-71.359703,185,XY.U54B,185,5455556096,2010.0,2010.0,True
1356,YT,CLRK,-77.3231,-141.8485,2179,YT.CLRK,2179,17012285440,2010.0,2017.0,True
1357,PS,TSK,36.2108,140.1097,12001,PS.TSK,0,0,,,True
1358,M8,AU41,-28.0108,120.9861,322,M8.AU41,419,7578119168,2025.0,2026.0,True
1359,XG,CES,39.393501,-101.065498,123,XG.CES,123,1001668608,1992.0,1992.0,True
1360,LO,LOBA2,18.0814,-71.0936,937,LO.LOBA2,937,23280718336,2016.0,2019.0,True
1361,XF,GOAT,60.136902,-141.453003,505,XF.GOAT,505,14895894528,2009.0,2011.0,True
1362,TM,SKLT,7.175815,100.615686,3803,TM.SKLT,3919,260398716928,2009.0,2026.0,True
1363,YM,37,21.6698,119.495399,262,YM.37,262,2280747008,2008.0,2009.0,True
1364,ZU,214,20.959118,-158.64342,33,ZU.214,33,8764473344,2018.0,2018.0,True
1365,MH,P0016,-9.0,-138.39755,223,MH.P0016,223,6647808,2018.0,2024.0,True
1366,X4,D26,32.459202,96.394203,525,X4.D26,525,4066745856,2007.0,2009.0,True
1367,XB,CM17,5.546,12.312,373,XB.CM17,373,7303809024,2006.0,2007.0,True
1368,XR,FA27,49.942284,-108.108139,357,XR.FA27,358,6389396480,2001.0,2002.0,True
1369,XB,LOWI,-63.247002,-62.180801,362,XB.LOWI,362,3776389120,1998.0,1999.0,True
1370,X5,KIMN,62.850731,-69.879456,360,X5.KIMN,361,2804404224,2009.0,2010.0,True
1371,XF,L02,17.2999,147.470795,42,XF.L02,265,13358612480,2000.0,2012.0,True
1372,4P,NHC60,45.156504,-71.184871,18,4P.NHC60,19,13578240,2017.0,2017.0,True
1373,YP,NE6F,45.295898,131.201401,636,YP.NE6F,636,11115544576,2009.0,2011.0,True
1374,1U,PAE,-37.246692,175.650908,187,1U.PAE,187,7487921664,2024.0,2025.0,True
1375,ZU,MSW46,34.942353,-88.592052,22,ZU.MSW46,23,12455936,2022.0,2022.0,True
1376,EC,BOSC,-3.1512,-78.495102,479,EC.BOSC,479,27897029120,2016.0,2018.0,True
1377,XC,FL014,27.189183,-82.290182,22,XC.FL014,23,91992064,2015.0,2015.0,True
1378,XR,W1,32.092289,88.306221,302,XR.W1,303,1800211456,1998.0,1999.0,True
1379,JW,BRR,32.772406,-107.564169,1089,JW.BRR,1205,38661803008,2024.0,2026.0,True
1380,4P,UTQ13,38.853336,-114.035881,32,4P.UTQ13,33,18030592,2011.0,2011.0,True
1381,YY,CHGE,10.9614,36.518398,688,YY.CHGE,688,31012560896,2014.0,2016.0,True
1382,HG,EIL,29.549999,34.950001,1221,HG.EIL,1221,631119872,1972.0,1979.0,True
1383,XW,SS20,-18.908386,-70.926254,42,XW.SS20,42,11354537984,2016.0,2016.0,True
1384,7D,J31C,45.551899,-129.672394,282,7D.J31C,282,11324157952,2013.0,2014.0,True
1385,XA,SA35,-27.018299,29.088301,263,XA.SA35,264,1731311616,1998.0,1999.0,True
1386,1G,WOP01,37.66651,107.33679,355,1G.WOP01,356,6213936640,2010.0,2011.0,True
1387,AK,FALS,54.8564,-163.4176,7121,AK.FALS,7237,290917927424,2002.0,2026.0,True
1388,1E,TQF,81.41333,-76.845001,453,1E.TQF,454,5460217856,2010.0,2012.0,True
1389,XK,B04KH,-20.474199,24.513901,740,XK.B04KH,740,11245629440,2012.0,2014.0,True
1390,4P,WYJ23,43.415405,-105.625944,44,4P.WYJ23,45,29257728,2018.0,2018.0,True
1391,XY,BONG,9.753544,-85.207817,486,XY.BONG,487,8435144704,1999.0,2001.0,True
1392,8A,WAND,-24.649982,19.743595,519,8A.WAND,519,5425038336,2017.0,2018.0,True
1393,K5,MONG,27.260258,91.156708,133,K5.MONG,133,7596771840,2017.0,2018.0,True
1394,XF,H0650,28.8955,85.3274,252,XF.H0650,252,3962819584,2003.0,2004.0,True
1395,3H,G44,-1.8313,-93.8518,439,3H.G44,439,16190853120,2023.0,2024.0,True
1396,NN,DIX,39.8021,-118.083,1852,NN.DIX,1968,116301675008,2021.0,2026.0,True
1397,BL,AQDA,-20.48,-55.700001,934,BL.AQDA,935,6267510784,2004.0,2007.0,True
1398,M8,AY52,-33.46036,123.00861,295,M8.AY52,386,8406996992,2025.0,2026.0,True
1399,YS,PL19,16.711901,-153.407806,365,YS.PL19,365,8391204864,2005.0,2006.0,True
1400,ZR,N1317,64.797462,16.955721,383,ZR.N1317,383,14843887616,2013.0,2014.0,True
1401,8P,CAS04,37.633351,-121.468382,41,8P.CAS04,42,23236608,2020.0,2020.0,True
1402,XV,LAHA,-14.9344,50.2911,702,XV.LAHA,702,8546217984,2011.0,2013.0,True
1403,GT,PLCA,-40.73277,-70.55083,2444,GT.PLCA,10851,163114324480,1994.0,2026.0,True
1404,YU,SL02,7.6943,-71.0365,590,YU.SL02,590,10259701760,2016.0,2018.0,True
1405,HT,LKD,38.707199,20.6506,195,HT.LKD,195,1300985344,2006.0,2006.0,True
1406,ZT,WEST,40.416389,-86.7725,326,ZT.WEST,327,10478444544,2021.0,2022.0,True
1407,XV,ANLA,-17.7062,49.4599,700,XV.ANLA,700,8389349376,2011.0,2013.0,True
1408,XW,AKSU,41.1441,80.109802,413,XW.AKSU,413,3340566528,1999.0,2000.0,True
1409,YC,HEDI,-30.138674,-68.543419,471,YC.HEDI,472,5789448192,2000.0,2002.0,True
1410,4P,UTQ17,39.008854,-110.896235,26,4P.UTQ17,27,15384576,2011.0,2011.0,True
1411,7D,J53C,47.164299,-127.922302,285,7D.J53C,285,38260834304,2013.0,2014.0,True
1412,Z1,VABL,-17.2465,-178.955994,306,Z1.VABL,306,4105350656,2009.0,2010.0,True
1413,RV,ASHMA,54.208146,-111.571623,769,RV.ASHMA,885,29595197440,2024.0,2026.0,True
1414,XD,URAM,-5.0878,32.083199,275,XD.URAM,275,1740558336,1994.0,1995.0,True
1415,ZL,JYCE,-75.597504,160.9189,50,ZL.JYCE,50,1613398016,2003.0,2004.0,True
1416,XK,HOYT,58.826122,-3.239107,553,XK.HOYT,554,4050345984,2001.0,2003.0,True
1417,US,HAWA,46.3925,-119.5327,8901,US.HAWA,8901,88042194944,1999.0,2024.0,True
1418,N4,V51A,35.803299,-84.351097,1459,N4.V51A,1145,84245288960,2014.0,2017.0,True
1419,XP,DIHI,-79.849022,159.480042,306,XP.DIHI,307,3808292864,2000.0,2003.0,True
1420,XT,ABPC,9.4608,-64.820702,326,XT.ABPC,326,6517170176,2004.0,2005.0,True
1421,N4,237B,32.001499,-95.808403,1854,N4.237B,1177,62734567936,2014.0,2017.0,True
1422,YP,NE57,44.122898,123.258499,704,YP.NE57,704,13401120768,2009.0,2011.0,True
1423,YS,PARW,-18.201099,-69.2677,266,YS.PARW,266,6851059712,2011.0,2012.0,True
1424,XW,MUKA,14.48724,49.037788,208,XW.MUKA,209,4255424512,2009.0,2009.0,True
1425,ZM,P080,-82.805397,77.363998,642,ZM.P080,642,6657490944,2007.0,2009.0,True
1426,YT,MECK,-75.2808,-72.185,2935,YT.MECK,2935,23435292672,2008.0,2019.0,True
1427,XI,SC04,49.624001,-89.675003,816,XI.SC04,816,9649515008,2011.0,2013.0,True
1428,N4,N41A,40.7077,-90.8552,4796,N4.N41A,1267,74747964416,2013.0,2017.0,True
1429,8A,KANO,-19.194901,19.4398,1150,8A.KANO,1150,13358731264,2015.0,2018.0,True
1430,XW,LIRA,2.1096,33.064301,677,XW.LIRA,677,8969666560,2017.0,2018.0,True
1431,XL,HD09,45.413898,100.5718,646,XL.HD09,646,17493532672,2012.0,2014.0,True
1432,X4,LR13,46.9506,-122.9639,306,X4.LR13,306,11676422144,2016.0,2017.0,True
1433,YT,STEW,-84.1863,-86.2349,4235,YT.STEW,4235,34714857472,2014.0,2025.0,True
1434,BX,XAUDM,-18.53956,21.338223,600,BX.XAUDM,600,20976162304,2018.0,2022.0,True
1435,N4,ABTX,32.6238,-99.6431,2997,N4.ABTX,0,0,,,True
1436,PO,LATQ,47.3835,-72.7819,2229,PO.LATQ,2229,120022931456,2012.0,2018.0,True
1437,ZU,TXJ34,27.016254,-99.433312,57,ZU.TXJ34,58,28471296,2023.0,2023.0,True
1438,CH,FUORN,46.620334,10.263551,7087,CH.FUORN,7203,547362546176,2004.0,2026.0,True
1439,4P,WYK20,42.6972,-108.034,46,4P.WYK20,47,25522176,2009.0,2009.0,True
1440,ZI,MB19,29.741051,-7.979389,443,ZI.MB19,443,15812157440,2011.0,2013.0,True
1441,X6,RB1,46.1689,7.8317,25,X6.RB1,25,12674994176,2013.0,2013.0,True
1442,PO,ACTO,43.6087,-80.062401,1540,PO.ACTO,1540,50081360896,2009.0,2013.0,True
1443,XF,H1415,32.307899,84.218903,162,XF.H1415,162,2445913088,2004.0,2004.0,True
1444,XB,PS57,37.011501,-2.9864,770,XB.PS57,770,8238399488,2010.0,2012.0,True
1445,AF,SKRH,-22.827,44.733002,2532,AF.SKRH,2532,24809648128,2012.0,2021.0,True
1446,TM,PHRA,18.4989,100.229,2816,TM.PHRA,2868,73328728576,2009.0,2026.0,True
1447,JP,JNU,33.125,130.876694,7180,JP.JNU,7296,38797457408,2007.0,2026.0,True
1448,ZV,OBS02,59.468201,-153.401398,47,ZV.OBS02,47,2606030848,2006.0,2006.0,True
1449,C8,LR4Q,51.3445,-63.4948,62,C8.LR4Q,62,81335808,2018.0,2018.0,True
1450,GS,OK006,35.477982,-97.278709,205,GS.OK006,205,80415744,2010.0,2011.0,True
1451,MU,OXET,15.8269,-96.705902,31,MU.OXET,31,905888256,2006.0,2006.0,True
1452,YM,MHCG,44.2571,-75.7522,986,YM.MHCG,986,17378006528,2016.0,2019.0,True
1453,XF,NJANA,26.7106,85.924202,87,XF.NJANA,87,2374181888,2002.0,2003.0,True
1454,ZU,REY18,33.794371,-110.573079,15,ZU.REY18,16,8839168,2023.0,2023.0,True
1455,OZ,MRAT,-34.62973,137.6256,531,OZ.MRAT,531,21706481664,2025.0,2026.0,True
1456,AF,PKA,-29.67,22.757,1240,AF.PKA,1240,10970227200,2006.0,2016.0,True
1457,XL,HD21,47.967701,101.433296,399,XL.HD21,399,7815364608,2012.0,2014.0,True
1458,ZP,MGOR,-6.8279,37.669601,467,ZP.MGOR,467,9666565632,2009.0,2010.0,True
1459,1A,NE26,42.306,121.470001,336,1A.NE26,336,3108147200,2007.0,2008.0,True
1460,IE,IRCI,43.515301,-112.033302,1500,IE.IRCI,1557,48201964032,2002.0,2026.0,True
1461,XM,A106,48.146099,13.5743,330,XM.A106,330,5702109184,2005.0,2006.0,True
1462,ZP,MPIK,-11.821,31.4517,310,ZP.MPIK,310,6326953472,2010.0,2011.0,True
1463,XR,FA14,41.544838,-94.264229,156,XR.FA14,157,3167722496,2002.0,2002.0,True
1464,YL,A14W,-20.6658,-178.155304,326,YL.A14W,326,11310796800,2009.0,2010.0,True
1465,AS,ZOBO,-16.27,-68.125,5006,AS.ZOBO,5006,3183865856,1976.0,1993.0,True
1466,AK,C27K,69.626,-143.7114,2277,AK.C27K,2393,64389557760,2020.0,2026.0,True
1467,VE,CAIV,7.3262,-66.321602,707,VE.CAIV,707,13864306688,2003.0,2006.0,True
1468,3H,G23,0.9001,-92.0216,443,3H.G23,443,23030755328,2023.0,2024.0,True
1469,XO,WD69,53.782065,-160.34289,412,XO.WD69,412,20936601600,2018.0,2019.0,True
1470,ZO,HVU2,41.778999,-112.7752,36,ZO.HVU2,36,708060672,2007.0,2007.0,True
1471,JP,JWT,35.285671,135.398666,4438,JP.JWT,4554,20309892608,2013.0,2026.0,True
1472,KO,DKL,39.0713,26.9053,4680,KO.DKL,4767,109886043136,2012.0,2026.0,True
1473,XV,DGOS,-12.2825,49.3606,621,XV.DGOS,621,9774292992,2011.0,2013.0,True
1474,3H,G30,1.2999,-94.808,453,3H.G30,453,19878350848,2023.0,2024.0,True
1475,RE,BRBY3,34.582365,-119.980601,1713,RE.BRBY3,1829,121913768448,2022.0,2026.0,True
1476,CS,GUM,43.775501,42.228001,332,CS.GUM,332,202326016,1992.0,1994.0,True
1477,MH,P0010,-14.043483,-165.862533,815,MH.P0010,815,28319744,2018.0,2024.0,True
1478,XD,ZHY,38.923222,100.401505,138,XD.ZHY,138,2805308416,2002.0,2003.0,True
1479,YA,MC17,26.4706,101.743698,309,YA.MC17,309,4865640448,2003.0,2004.0,True
1480,XJ,SNOW,56.8922,-132.3526,307,XJ.SNOW,307,10813313024,2016.0,2017.0,True
1481,AK,M16K,61.0224,-158.9593,2020,AK.M16K,2136,58206117888,2020.0,2026.0,True
1482,XC,FL022,25.430755,-80.568892,15,XC.FL022,16,53936128,2015.0,2015.0,True
1483,XG,SQUAN,40.473,122.138702,367,XG.SQUAN,367,8749072384,2006.0,2008.0,True
1484,BL,NAVB,-21.433599,-54.1842,154,BL.NAVB,154,105496576,1994.0,1995.0,True
1485,N4,R53A,38.3307,-81.952202,1187,N4.R53A,871,39704320000,2014.0,2017.0,True
1486,HV,HSSD,19.602683,-155.483002,5430,HV.HSSD,5436,277663693312,2011.0,2026.0,True
1487,4P,KSR37,38.24314,-94.845077,22,4P.KSR37,23,12574720,2013.0,2013.0,True
1488,S1,AUBUS,-33.6601,115.3828,4196,S1.AUBUS,4312,272723654144,2013.0,2026.0,True
1489,ZA,A11,9.1184,-146.218796,22,ZA.A11,22,1624514560,2011.0,2011.0,True
1490,YY,OBS43,18.276199,145.382401,44,YY.OBS43,44,1055326208,2003.0,2003.0,True
1491,XP,E006,-77.370201,161.625702,418,XP.E006,419,5305216000,2002.0,2003.0,True
1492,XL,KITT2,31.976999,-111.575996,75,XL.KITT2,75,768524288,2004.0,2005.0,True
1493,XN,A06,60.631199,-123.493202,757,XN.A06,757,4511668224,2003.0,2005.0,True
1494,1A,NE48,44.651001,118.269997,361,1A.NE48,361,5535637504,2007.0,2008.0,True
1495,4P,NEN28,41.055641,-101.616032,20,4P.NEN28,21,10842112,2018.0,2018.0,True
1496,XM,ANB09,-25.4413,-66.2624,348,XM.ANB09,349,10868838400,2023.0,2024.0,True
1497,XJ,E40,9.36161,40.217209,121,XJ.E40,121,7244365824,2002.0,2003.0,True
1498,YB,AT19,39.735199,33.5811,720,YB.AT19,720,7721394176,2013.0,2015.0,True
1499,ZP,MKUS,-13.6035,29.379101,122,ZP.MKUS,122,1572213760,2010.0,2011.0,True
1500,XI,AFIF,23.931,43.040001,343,XI.AFIF,343,2532569088,1995.0,1997.0,True
1501,8P,AZV14,35.488803,-113.39142,23,8P.AZV14,24,13946880,2021.0,2021.0,True
1502,ZG,CB14,-17.249399,-65.900902,499,ZG.CB14,499,5378072576,2010.0,2012.0,True
1503,4P,MNF34,45.984562,-95.175876,30,4P.MNF34,31,21639168,2012.0,2012.0,True
1504,ID,ALE,82.483597,-62.400002,3793,ID.ALE,3793,927621120,1982.0,1995.0,True
1505,US,ECSD,43.7337,-96.6141,7496,US.ECSD,7612,175654481408,2006.0,2026.0,True
1506,XI,DHAA,43.344456,128.19812,217,XI.DHAA,218,4317847552,1998.0,1999.0,True
1507,XE,ES19,30.813387,95.711105,364,XE.ES19,365,5325300736,2003.0,2004.0,True
1508,4P,NVM10,41.4667,-116.592,31,4P.NVM10,32,16470016,2010.0,2010.0,True
1509,4P,MIE44,46.163002,-85.837399,21,4P.MIE44,22,12193792,2012.0,2012.0,True
1510,XE,ES03,30.752544,92.85878,227,XE.ES03,228,2835091456,2003.0,2004.0,True
1511,2D,OBS21,34.032799,-122.286301,385,2D.OBS21,385,53866496000,2010.0,2011.0,True
1512,XD,KUL2,-9.088606,152.715454,105,XD.KUL2,106,1661027328,1999.0,2000.0,True
1513,8A,OMUT,-18.4093,16.6364,1029,8A.OMUT,1029,16788599808,2015.0,2018.0,True
1514,VE,BAUV,8.9433,-68.041496,2599,VE.BAUV,2599,22635536896,2003.0,2019.0,True
1515,OZ,ROWM,-37.80614,144.29176,710,OZ.ROWM,826,33985300480,2025.0,2026.0,True
1516,C8,MWAB,49.7411,-125.3032,489,C8.MWAB,489,18707132416,2015.0,2016.0,True
1517,S1,AUALC,-23.6899,133.8835,3441,S1.AUALC,3554,234140181504,2015.0,2026.0,True
1518,XA,SA26,-27.545601,26.1803,329,XA.SA26,330,1942153216,1998.0,1999.0,True
1519,XA,SA71,-20.925777,27.140787,285,XA.SA71,286,1536576512,1997.0,1998.0,True
1520,7O,ABNH,43.4819,-71.2471,1042,7O.ABNH,1042,34226061312,2018.0,2022.0,True
1521,X4,H19,38.2561,92.136803,290,X4.H19,290,2592765952,2008.0,2009.0,True
1522,4P,MNB36,48.27194,-92.709114,20,4P.MNB36,21,16519168,2012.0,2012.0,True
1523,7D,KA07,-18.182199,124.077721,77,7D.KA07,78,2048077824,1997.0,1997.0,True
1524,ZB,PPNG,-1.99397,99.603699,198,ZB.PPNG,198,6558592000,2007.0,2008.0,True
1525,NR,NE78,24.398199,-111.10643,684,NR.NE78,684,4969193472,2002.0,2004.0,True
1526,XP,PLTP,-22.0413,-66.786499,309,XP.PLTP,309,5792472576,2011.0,2012.0,True
1527,AK,J17K,63.3965,-159.0777,2597,AK.J17K,2687,69542550528,2019.0,2026.0,True
1528,ZP,BKBA,-1.364,31.812,482,ZP.BKBA,482,7242454016,2007.0,2008.0,True
1529,XE,SNP22,37.010502,-119.360199,328,XE.SNP22,328,4105562624,2005.0,2006.0,True
1530,ZU,TXE33,30.094019,-99.582373,56,ZU.TXE33,57,33959936,2024.0,2024.0,True
1531,ZP,KIBO,-3.583,30.712999,476,ZP.KIBO,476,10612265984,2007.0,2008.0,True
1532,8Q,P20,29.158303,-137.94284,442,8Q.P20,442,30912069632,2021.0,2023.0,True
1533,XG,MJPU,40.666698,115.683701,1222,XG.MJPU,1222,33905221632,2002.0,2006.0,True
1534,9G,BC009,49.287998,-117.674004,35,9G.BC009,36,20377600,2009.0,2009.0,True
1535,2P,RD10,-39.646616,177.076505,211,2P.RD10,212,8167855616,2017.0,2018.0,True
1536,XO,WD58,53.906227,-155.035345,422,XO.WD58,422,21374386176,2018.0,2019.0,True
1537,AK,PAX,62.9699,-145.4699,7954,AK.PAX,8070,193893447168,2003.0,2026.0,True
1538,AK,ATKA,52.2016,-174.1975,7095,AK.ATKA,7211,190919993856,2002.0,2026.0,True
1539,XS,I04D,-2.123817,-16.17326,381,XS.I04D,382,9706852352,2016.0,2017.0,True
1540,MN,VTS,42.618,23.235,5987,MN.VTS,5987,35013312000,1996.0,2017.0,True
1541,2A,28,-15.6994,-117.000801,16,2A.28,16,165089280,2001.0,2001.0,True
1542,ZU,GGIL,19.57,-72.220001,108,ZU.GGIL,108,1474314240,2013.0,2014.0,True
1543,Z6,16,27.7988,155.108505,365,Z6.16,365,25536430080,2009.0,2010.0,True
1544,XK,W10LW,-12.6208,34.165199,685,XK.W10LW,685,11739615232,2012.0,2014.0,True
1545,XO,SCCC,41.764851,-74.670135,597,XO.SCCC,598,3704479744,1997.0,1999.0,True
1546,YT,SILY,-77.1332,-125.966,4976,YT.SILY,4976,41202835456,2010.0,2023.0,True
1547,Z9,E07,30.718,-82.0979,675,Z9.E07,675,11091307520,2012.0,2014.0,True
1548,8Q,P11,28.19732,-143.482162,446,8Q.P11,446,31245123584,2021.0,2023.0,True
1549,7B,NM04,-34.07651,-156.41882,368,7B.NM04,368,25769803776,2019.0,2020.0,True
1550,6K,AVIO,-44.62935,170.24124,170,6K.AVIO,170,6025808384,2014.0,2015.0,True
1551,XM,ASB22,-33.66389,-67.46128,638,XM.ASB22,639,18837962752,2022.0,2024.0,True
1552,XT,MIPC,10.9455,-64.294403,240,XT.MIPC,240,2609561600,2004.0,2005.0,True
1553,TM,NONG,18.063498,103.1458,3761,TM.NONG,3875,71638303744,2009.0,2026.0,True
1554,YA,KV01,-2.0783,29.351101,301,YA.KV01,301,11136161792,2012.0,2013.0,True
1555,ZV,MAQU,34.0023,102.046799,282,ZV.MAQU,282,4652585472,2008.0,2009.0,True
1556,QZ,ZHTS,40.764944,68.290297,1420,QZ.ZHTS,1536,192200012800,2023.0,2026.0,True
1557,OZ,DTMM,-36.52813,147.46539,710,OZ.DTMM,826,40013238272,2025.0,2026.0,True
1558,NB,PFBR,-6.12163,-38.270802,232,NB.PFBR,233,4632879104,2007.0,2008.0,True
1559,6R,YABE,4.889818,38.088238,830,6R.YABE,830,27172052992,2019.0,2021.0,True
1560,ZZ,XSJN,18.9669,-66.213501,384,ZZ.XSJN,384,11795582976,2015.0,2016.0,True
1561,Y3,MEL01,-43.8955,-73.742699,27,Y3.MEL01,27,458579968,2007.0,2007.0,True
1562,3J,OBS23,-15.39963,-171.86155,619,3J.OBS23,619,43359830016,2023.0,2025.0,True
1563,GI,HUBA,15.816578,-91.294484,421,GI.HUBA,421,28437386240,2021.0,2024.0,True
1564,YO,X03,35.893299,-72.719002,360,YO.X03,360,24469016576,2014.0,2015.0,True
1565,YB,SM05,38.70424,37.21084,239,YB.SM05,240,5675810816,2023.0,2023.0,True
1566,YD,3F11,45.865082,23.72257,620,YD.3F11,623,12322816000,2009.0,2011.0,True
1567,YT,ST04,-80.7152,-116.5792,586,YT.ST04,586,5179863040,2010.0,2011.0,True
1568,CW,CHIV,19.97648,-76.415131,3154,CW.CHIV,3252,136014156288,2017.0,2026.0,True
1569,XF,B18,18.6635,148.492706,370,XF.B18,370,51729842176,2012.0,2013.0,True
1570,DW,GDH,69.25,-53.533298,3130,DW.GDH,3130,2220318720,1982.0,1993.0,True
1571,KO,ELL,36.7483,29.9085,5117,KO.ELL,5204,144876261888,2012.0,2026.0,True
1572,GE,MTE,40.3997,-7.5442,3148,GE.MTE,3147,29896912896,1997.0,2006.0,True
1573,CW,CAMR,23.061737,-81.370857,2758,CW.CAMR,2874,109707392000,2017.0,2026.0,True
1574,S1,AUAPY,-26.2844,132.1353,650,S1.AUAPY,767,39766237696,2018.0,2026.0,True
1575,N4,G65A,45.2002,-67.5632,4127,N4.G65A,598,45977703424,2015.0,2017.0,True
1576,YP,NE66,45.004101,120.704201,686,YP.NE66,686,9520553984,2009.0,2011.0,True
1577,ZU,LAD42,30.713307,-92.843487,25,ZU.LAD42,26,12562432,2022.0,2022.0,True
1578,YO,X09,32.516899,-74.3536,359,YO.X09,359,23425183744,2014.0,2015.0,True
1579,AC,VLO,40.468601,19.495501,4005,AC.VLO,4094,304395353600,2009.0,2026.0,True
1580,N4,K43A,42.7044,-88.332,4777,N4.K43A,1248,65717593088,2013.0,2017.0,True
1581,US,DGMT,48.4702,-104.1959,7030,US.DGMT,7146,251810430976,2004.0,2026.0,True
1582,WY,YHR,44.106,-110.0816,3209,WY.YHR,3287,140417036288,2014.0,2026.0,True
1583,ZQ,AAM2,-26.473,27.490999,570,ZQ.AAM2,570,73167115776,2006.0,2009.0,True
1584,ZT,WTBG,-24.2119,28.88291,1245,ZT.WTBG,1245,10935966208,2017.0,2020.0,True
1585,PL,NIE,49.4189,20.313101,5922,PL.NIE,6038,230411446784,2010.0,2026.0,True
1586,XO,WD72,56.257748,-151.81063,399,XO.WD72,400,6098944,2018.0,2019.0,True
1587,TT,TAMR,37.046902,9.1091,630,TT.TAMR,630,23429828096,2010.0,2013.0,True
1588,ZB,LAIS,-3.5291,102.034698,251,ZB.LAIS,251,4732747776,2007.0,2008.0,True
1589,YT,UPTW,-77.5781,-109.0374,4484,YT.UPTW,4484,96490790912,2011.0,2024.0,True
1590,XW,SS61,-20.591789,-70.841278,34,XW.SS61,34,9341648896,2016.0,2016.0,True
1591,GE,MRNI,33.01178,35.391998,924,GE.MRNI,923,6561685504,1998.0,2002.0,True
1592,YW,SALA,16.73283,-22.935659,761,YW.SALA,761,15864705024,2002.0,2004.0,True
1593,ZL,N06,27.174299,-111.153603,356,ZL.N06,356,3586887680,2005.0,2006.0,True
1594,YP,NEP7,48.1744,118.1474,317,YP.NEP7,317,5069541376,2010.0,2011.0,True
1595,OH,CROH,41.293858,-82.152496,946,OH.CROH,946,47073611776,2023.0,2026.0,True
1596,BL,PAZB,-15.1369,-50.8634,607,BL.PAZB,608,880046080,2000.0,2002.0,True
1597,XM,ASB04,-35.77723,-69.39981,616,XM.ASB04,617,14163832832,2022.0,2024.0,True
1598,G,EDA,3.778868,10.153427,2625,G.EDA,2771,16364275200,2019.0,2026.0,True
1599,YS,PL08,20.892599,-153.292099,370,YS.PL08,370,6492172288,2005.0,2006.0,True
1600,2D,OBS16,34.011398,-124.638397,389,2D.OBS16,389,54567698432,2010.0,2011.0,True
1601,YS,OLC5,-21.009501,-68.352997,119,YS.OLC5,119,1618427904,2010.0,2011.0,True
1602,JP,JEW,42.84267,141.446167,4436,JP.JEW,4552,19758247424,2013.0,2026.0,True
1603,X7,WA33,46.507801,-117.348701,639,X7.WA33,639,20824858624,2016.0,2018.0,True
1604,8Q,P18,25.762145,-143.392715,436,8Q.P18,436,30524227584,2021.0,2023.0,True
1605,ZZ,FWU17,36.2869,-101.0,387,ZZ.FWU17,387,50236570624,2019.0,2021.0,True
1606,AI,ESPZ,-63.398102,-56.996399,7401,AI.ESPZ,7485,120640856064,2005.0,2026.0,True
1607,ZP,KAMZ,-14.7948,24.804399,167,ZP.KAMZ,167,3218284544,2010.0,2011.0,True
1608,YD,OBS14,39.169399,14.4694,128,YD.OBS14,128,1429680128,2004.0,2005.0,True
1609,AK,K13K,61.9331,-164.6555,2159,AK.K13K,2275,71509276672,2020.0,2026.0,True
1610,NJ,KAD,10.435,7.6414,102,NJ.KAD,102,1182515200,2011.0,2012.0,True
1611,Z1,VAVP,-18.601999,-173.961395,356,Z1.VAVP,356,7931981312,2009.0,2010.0,True
1612,BL,PMNB,-18.540001,-46.439999,4513,BL.PMNB,4629,187306932224,2010.0,2026.0,True
1613,ZU,NMA25,32.801077,-105.083331,33,ZU.NMA25,34,17068032,2020.0,2021.0,True
1614,YS,NGOK,22.122999,-159.664993,552,YS.NGOK,552,4825493504,2004.0,2007.0,True
1615,YA,MC05,29.9921,100.220703,345,YA.MC05,345,5352540160,2003.0,2004.0,True
1616,YC,HUER,-32.419113,-65.717194,164,YC.HUER,165,1707399168,2000.0,2002.0,True
1617,XM,ANB10,-25.0271,-64.5865,644,XM.ANB10,645,16769191936,2022.0,2024.0,True
1618,XN,A16,61.576599,-117.147697,409,XN.A16,409,2747724800,2004.0,2005.0,True
1619,ZU,NZ18,-41.000198,170.0,356,ZU.NZ18,356,7280984064,2009.0,2010.0,True
1620,3R,E05,16.130194,-92.996735,21,3R.E05,22,162607104,2022.0,2022.0,True
1621,7B,SB09,-32.2892,146.857498,115,7B.SB09,116,3051511808,1993.0,1994.0,True
1622,XH,RS06,-79.283501,-171.620193,729,XH.RS06,729,17215131648,2014.0,2016.0,True
1623,BL,CDSB,-18.765471,-52.83926,580,BL.CDSB,580,2575220736,2005.0,2007.0,True
1624,XP,ORTK,41.039398,75.056801,624,XP.ORTK,624,11546210304,2005.0,2007.0,True
1625,3J,OBS11,-14.79489,-175.24356,618,3J.OBS11,618,43396038656,2023.0,2025.0,True
1626,XO,SOKY,37.5256,-85.961899,710,XO.SOKY,710,6855277056,2013.0,2015.0,True
1627,XJ,PAN,59.094879,159.968002,281,XJ.PAN,282,6162026496,1998.0,1999.0,True
1628,ZS,W05,39.379101,-71.982002,123,ZS.W05,123,5627789312,2012.0,2013.0,True
1629,YL,LBA60,-20.306999,-176.297806,17,YL.LBA60,17,1124380672,2009.0,2009.0,True
1630,ZM,N140,-82.008598,96.769203,1807,ZM.N140,1807,23933915136,2007.0,2012.0,True
1631,7B,SD04,-28.510401,128.988693,19,7B.SD04,20,523296768,1995.0,1995.0,True
1632,YL,WKZ15,43.36841,54.59763,375,YL.WKZ15,376,13276045312,2021.0,2022.0,True
1633,DW,BER,60.383801,5.3339,728,DW.BER,728,498786304,1981.0,1984.0,True
1634,IM,CY301,33.30031,33.05407,204,IM.CY301,0,0,,,True
1635,XO,JSO2,35.168579,92.985191,460,XO.JSO2,461,6598856704,2007.0,2008.0,True
1636,1P,PMOR,-50.4904,-73.0428,807,1P.PMOR,807,38285422592,2018.0,2021.0,True
1637,XL,MG06,55.87212,-120.041481,469,XL.MG06,469,27428846592,2018.0,2019.0,True
1638,3H,G01,1.0132,-88.9369,443,3H.G01,443,14161821696,2023.0,2024.0,True
1639,XD,KOMO,-3.8422,36.7192,316,XD.KOMO,316,1853943808,1994.0,1995.0,True
1640,AK,M14K,60.7515,-161.96,2241,AK.M14K,2357,70378454016,2020.0,2026.0,True
1641,ZC,HMDR,18.7879,-69.381,2462,ZC.HMDR,2462,30599896064,2017.0,2025.0,True
1642,NV,BACME,48.314654,-126.058199,2641,NV.BACME,2757,145243646464,2018.0,2026.0,True
1643,YU,GJ03,11.7273,-72.5457,738,YU.GJ03,738,15179427840,2016.0,2018.0,True
1644,XT,MHTO,13.9497,-66.490997,368,XT.MHTO,368,5060739072,2004.0,2005.0,True
1645,XM,ASB11,-37.8946,-63.8453,471,XM.ASB11,472,13737484288,2023.0,2024.0,True
1646,1G,EA29,41.62461,112.42881,142,1G.EA29,143,3581161472,2011.0,2011.0,True
1647,UO,TOMA,42.44142,-122.10751,515,UO.TOMA,631,38504011776,2025.0,2026.0,True
1648,XW,AMDT,1.9487,34.935799,588,XW.AMDT,588,5134733312,2017.0,2018.0,True
1649,XA,SA04,-32.850498,19.6206,357,XA.SA04,358,2142119936,1998.0,1999.0,True
1650,XA,SA20,-29.0221,26.195299,446,XA.SA20,447,2659928064,1998.0,1999.0,True
1651,XR,NOM,64.569504,-165.338303,565,XR.NOM,565,6847848448,2005.0,2007.0,True
1652,1G,WA08,39.78198,105.74621,150,1G.WA08,151,4744548352,2011.0,2011.0,True
1653,KY,LLKY,36.92159,-88.096558,7332,KY.LLKY,7448,122386202624,2005.0,2026.0,True
1654,XJ,APA,52.925709,157.132874,397,XJ.APA,398,5537467392,1998.0,1999.0,True
1655,MB,HRY,46.711285,-111.831786,9175,MB.HRY,9291,157179527168,2001.0,2026.0,True
1656,MN,CLTB,37.578,13.216,5222,MN.CLTB,5222,77787020288,2001.0,2022.0,True
1657,XE,ES28,29.720207,98.426933,279,XE.ES28,280,5358885888,2003.0,2004.0,True
1658,XP,N100,-81.652496,122.610001,283,XP.N100,284,2188901376,2001.0,2003.0,True
1659,QZ,SEM,50.403587,80.257129,1622,QZ.SEM,1698,113161510400,2022.0,2026.0,True
1660,YY,SN34,58.248798,8.1688,248,YY.SN34,248,9482113024,2005.0,2006.0,True
1661,1U,SHRD,41.945759,128.791214,714,1U.SHRD,714,19421282304,2013.0,2015.0,True
1662,4P,NYG58,43.271217,-74.22728,17,4P.NYG58,18,11300864,2016.0,2016.0,True
1663,XA,SA29,-26.931738,23.03492,349,XA.SA29,350,2201138176,1997.0,1998.0,True
1664,ZM,N173,-81.112198,77.473602,501,ZM.N173,501,4798169088,2007.0,2009.0,True
1665,UK,STED,50.737,-1.9645,3062,UK.STED,3062,30625938432,2006.0,2016.0,True
1666,XL,AT04,46.271099,95.267097,666,XL.AT04,666,18361577472,2014.0,2016.0,True
1667,ZM,GM03,-80.216904,85.943901,354,ZM.GM03,354,3371372544,2009.0,2009.0,True
1668,XS,L16D,0.8933,-7.8953,370,XS.L16D,370,8924110848,2016.0,2017.0,True
1669,NR,NE82,26.915661,-109.230843,1821,NR.NE82,1821,10098483200,2002.0,2008.0,True
1670,YA,MC10,28.976101,103.870499,316,YA.MC10,316,5442904064,2003.0,2004.0,True
1671,CM,TUM,1.823667,-78.726667,3796,CM.TUM,3822,50830804992,2012.0,2026.0,True
1672,YB,AT63,36.712502,33.472,736,YB.AT63,736,12956422144,2013.0,2015.0,True
1673,Y1,KAEK,4.142727,35.453087,861,Y1.KAEK,862,26580365312,2019.0,2021.0,True
1674,X4,A01,36.432701,94.873199,646,X4.A01,646,9051313152,2007.0,2009.0,True
1675,YN,OBS27,48.295799,-129.367401,17,YN.OBS27,17,1402679296,2009.0,2009.0,True
1676,S1,AUCAS,-34.2637,135.7219,4097,S1.AUCAS,4213,290115850240,2013.0,2026.0,True
1677,JM,NMIA0,18.025,-76.02654,255,JM.NMIA0,255,7347721728,2014.0,2016.0,True
1678,GB,LAWE,56.26,-5.399,3227,GB.LAWE,3341,64397721600,2018.0,2026.0,True
1679,HK,HKPS,22.277599,114.141502,6197,HK.HKPS,6313,584140551680,2009.0,2026.0,True
1680,YS,PL69,16.3484,-157.700806,390,YS.PL69,390,5927550976,2006.0,2007.0,True
1681,ZE,HOLG,59.835098,-149.769608,117,ZE.HOLG,117,3199148032,2015.0,2015.0,True
1682,YQ,N009,13.2014,40.860081,128,YQ.N009,128,5929758720,2017.0,2018.0,True
1683,MM,KTN,21.2857,99.589798,3104,MM.KTN,3104,314200262656,2016.0,2026.0,True
1684,X4,H05,35.6605,98.407898,342,X4.H05,342,3111328256,2008.0,2009.0,True
1685,XS,N039,41.1087,23.5846,516,XS.N039,516,6776590336,2007.0,2009.0,True
1686,XE,CRUZ,-19.103399,-66.221199,309,XE.CRUZ,309,2933211136,1994.0,1995.0,True
1687,ZU,NZ22,-44.500599,173.998703,368,ZU.NZ22,368,7649685504,2009.0,2010.0,True
1688,PE,PSSK,40.642586,-76.164978,3860,PE.PSSK,3976,138130362368,2016.0,2026.0,True
1689,4P,MOO36,40.244931,-95.232452,26,4P.MOO36,27,15372288,2013.0,2013.0,True
1690,XR,BA07,24.1371,91.4975,1501,XR.BA07,1501,48367828992,2018.0,2022.0,True
1691,BC,PIX,31.5629,-113.4599,2702,BC.PIX,2702,166696093696,2014.0,2023.0,True
1692,ZN,PMNI,-9.7562,149.467102,426,ZN.PMNI,426,5130664960,2010.0,2011.0,True
1693,YF,HVAR,43.177601,16.449,484,YF.HVAR,484,15302352896,1999.0,2001.0,True
1694,OZ,HKER,-31.7642,138.55251,531,OZ.HKER,531,15140478464,2025.0,2026.0,True
1695,XP,N028,-78.029579,153.650864,206,XP.N028,207,3004821504,2001.0,2003.0,True
1696,7D,KA09,-17.2813,127.4645,78,7D.KA09,79,2067726336,1997.0,1997.0,True
1697,ZU,PA69,53.238701,19.841999,147,ZU.PA69,147,7023075328,2007.0,2007.0,True
1698,XQ,ME62,39.534,-121.918999,538,XQ.ME62,538,8161755648,2007.0,2009.0,True
1699,2A,48,-13.1701,-117.201202,290,2A.48,290,2507501568,2002.0,2002.0,True
1700,XT,ST119,13.3311,-69.815498,15,XT.ST119,15,488407040,2004.0,2004.0,True
1701,NQ,SANFE,35.619492,-105.887451,35,NQ.SANFE,35,5488640,2019.0,2020.0,True
1702,XW,KSA,41.5425,77.925697,698,XW.KSA,698,3549319168,1998.0,2000.0,True
1703,8P,CAX09,34.385515,-117.15355,29,8P.CAX09,30,15757312,2019.0,2019.0,True
1704,7B,SD08,-30.7208,130.410904,136,7B.SD08,137,3600949248,1995.0,1995.0,True
1705,PE,PN1,40.52588,-79.716735,2336,PE.PN1,2452,358171484160,2020.0,2026.0,True
1706,XV,NW140,50.82925,77.20242,107,XV.NW140,108,4057780224,2024.0,2024.0,True
1707,EC,MILO,-2.1848,-79.5557,944,EC.MILO,1060,51901865984,2022.0,2026.0,True
1708,IU,TEIG,20.22624,-88.27633,8109,IU.TEIG,3916,74837923840,1996.0,2013.0,True
1709,XL,HD73,49.4953,101.357101,646,XL.HD73,646,17107152896,2012.0,2014.0,True
1710,AK,D22K,68.8799,-152.6821,2275,AK.D22K,2369,56833771008,2020.0,2026.0,True
1711,9G,SA155,51.318001,-112.188004,31,9G.SA155,32,16556032,2009.0,2009.0,True
1712,PS,PSI,2.6938,98.923698,10451,PS.PSI,0,0,,,True
1713,XS,S32D,-0.7968,-15.647,363,XS.S32D,363,25430867968,2016.0,2017.0,True
1714,8A,OTJO,-20.018,15.9799,1129,8A.OTJO,1129,9408138752,2015.0,2018.0,True
1715,XB,CM01,2.389,9.834,358,XB.CM01,358,6687055360,2006.0,2007.0,True
1716,YT,MA07,-78.2496,-93.4991,704,YT.MA07,704,13681831936,2015.0,2016.0,True
1717,XG,KTLN,37.953327,41.705223,405,XG.KTLN,406,7174510592,1999.0,2001.0,True
1718,YP,NE9B,46.946201,129.7948,694,YP.NE9B,694,9974857728,2009.0,2011.0,True
1719,XK,W15SS,-15.6818,34.974701,680,XK.W15SS,680,10620456960,2012.0,2014.0,True
1720,YT,ST02,-82.069,-109.1247,615,YT.ST02,615,5423239168,2010.0,2011.0,True
1721,CM,SJC,9.896667,-75.1795,7227,CM.SJC,7312,275141232640,2015.0,2026.0,True
1722,KR,TRKS,41.472454,71.167327,3782,KR.TRKS,3899,183858532864,2014.0,2026.0,True
1723,ZL,S05,23.347799,-108.094299,356,ZL.S05,356,3941814272,2005.0,2006.0,True
1724,ZU,LAB43,31.816204,-91.757171,28,ZU.LAB43,29,13320192,2022.0,2022.0,True
1725,YS,PL70,15.574,-158.982498,377,YS.PL70,377,4887158784,2006.0,2007.0,True
1726,CZ,TREC,49.2948,15.4871,1211,CZ.TREC,1328,55294543360,2000.0,2026.0,True
1727,JP,JMN,33.731499,133.876328,4437,JP.JMN,4553,27111632896,2013.0,2026.0,True
1728,3K,NIKI,35.06884,32.992168,727,3K.NIKI,727,38268915712,2017.0,2019.0,True
1729,EI,IDGL,55.073,-7.51,4607,EI.IDGL,4723,160108498944,2011.0,2026.0,True
1730,ZU,TXD38,30.611722,-95.523681,39,ZU.TXD38,40,21032960,2024.0,2024.0,True
1731,YT,SURP,-84.7199,-171.2017,3560,YT.SURP,3560,27688644608,2008.0,2018.0,True
1732,7S,GORG,-44.174,168.374533,550,7S.GORG,550,35839052288,2019.0,2020.0,True
1733,AF,HVD,-30.605,25.497,6278,AF.HVD,6392,124279496192,2006.0,2026.0,True
1734,YO,N11,13.1963,-86.130402,509,YO.N11,509,9101400064,2004.0,2006.0,True
1735,XF,NP100,28.7796,83.719101,141,XF.NP100,141,2398436352,2002.0,2003.0,True
1736,N4,P48A,39.4605,-85.4258,4571,N4.P48A,1092,53695961600,2014.0,2017.0,True
1737,XV,SKOT,65.3412,-17.2467,437,XV.SKOT,437,2216347648,1995.0,1996.0,True
1738,XA,CHUK,27.082701,89.550301,215,XA.CHUK,215,3497811968,2002.0,2002.0,True
1739,X4,GS18,32.865501,104.784698,364,X4.GS18,364,4334452224,2007.0,2008.0,True
1740,XH,DR15,-79.492798,-179.919296,725,XH.DR15,725,29522595840,2014.0,2016.0,True
1741,ZU,TXF37,29.532851,-96.844231,42,ZU.TXF37,43,19116032,2024.0,2024.0,True
1742,XB,KDVU,-19.099176,178.162888,442,XB.KDVU,443,4471160832,1994.0,1995.0,True
1743,4P,NYJ61,40.918588,-72.869379,20,4P.NYJ61,21,15867904,2016.0,2016.0,True
1744,XL,HD48,46.209202,97.608299,581,XL.HD48,581,13540626432,2012.0,2014.0,True
1745,4P,SDJ31,43.472086,-98.696039,27,4P.SDJ31,28,16920576,2018.0,2018.0,True
1746,OW,PHRD,50.70615,-127.514717,43,OW.PHRD,43,1157638400,2019.0,2024.0,True
1747,N4,Z38B,33.2599,-94.9852,4676,N4.Z38B,1164,65447181312,2014.0,2017.0,True
1748,NU,BILN,14.0488,-83.374641,2307,NU.BILN,2324,88556152320,2019.0,2026.0,True
1749,GS,KS24,39.78655,-98.20952,129,GS.KS24,129,4147737600,2017.0,2017.0,True
1750,IO,EVN,27.958651,86.811653,3412,IO.EVN,3528,72561699328,2014.0,2026.0,True
1751,S1,AUUHS,-35.3589,150.4696,4247,S1.AUUHS,4442,296985296384,2013.0,2026.0,True
1752,ZB,L10S,0.6458,100.867378,102,ZB.L10S,102,1911644160,2008.0,2008.0,True
1753,4P,MIK47,42.168608,-84.79754,26,4P.MIK47,27,14618624,2013.0,2013.0,True
1754,ZU,ARV39,35.741458,-93.680646,59,ZU.ARV39,60,32972800,2023.0,2023.0,True
1755,1P,CURI,-51.6131,-74.556,824,1P.CURI,824,21510402048,2018.0,2021.0,True
1756,,SABA,17.620501,-63.242599,5687,nan.SABA,0,0,,,True
1757,8W,CBHM,-0.46906,-91.60975,332,8W.CBHM,332,14885081088,2022.0,2023.0,True
1758,PN,PPRMH,40.548,-105.099998,80,PN.PPRMH,80,199294976,2001.0,2001.0,True
1759,NZ,URZ,-38.259249,177.110894,7662,NZ.URZ,7778,468757870592,2005.0,2026.0,True
1760,UO,RSBO,44.043361,-122.267036,3220,UO.RSBO,3336,127682401792,2017.0,2026.0,True
1761,BL,AGVB,-19.7393,-50.233101,561,BL.AGVB,561,393740288,1992.0,1995.0,True
1762,YF,STN05,19.240499,-64.666901,57,YF.STN05,57,1584390144,2005.0,2005.0,True
1763,X7,MC06,45.17868,94.04808,379,X7.MC06,380,14960929280,2024.0,2025.0,True
1764,XE,EE02,-5.97635,-130.88959,358,XE.EE02,358,25023086592,2018.0,2019.0,True
1765,OZ,MARG,-41.99952,145.55162,710,OZ.MARG,826,46744481792,2025.0,2026.0,True
1766,7D,G26B,41.9249,-125.177498,325,7D.G26B,325,39810752512,2012.0,2013.0,True
1767,TO,PE03,-17.1644,-71.789101,1583,TO.PE03,1583,71726866432,2008.0,2013.0,True
1768,AL,A032,65.148064,-146.879166,74,AL.A032,74,16617472,1970.0,1970.0,True
1769,YI,GROG,43.426182,9.89201,403,YI.GROG,403,15864086528,2005.0,2006.0,True
1770,AF,KTWE,-12.814,28.209,1428,AF.KTWE,1428,18566514688,2006.0,2015.0,True
1771,MN,BNI,45.052,6.678,9486,MN.BNI,9486,153527220224,1990.0,2024.0,True
1772,AK,G27K,66.8088,-141.6549,1629,AK.G27K,1719,24225504256,2020.0,2026.0,True
1773,3H,G18,1.5202,-93.2519,451,3H.G18,451,26427613184,2023.0,2024.0,True
1774,YD,MMNN,39.8909,15.9904,308,YD.MMNN,308,10551588864,2004.0,2005.0,True
1775,TR,TOSP,11.2984,-60.535198,1656,TR.TOSP,1656,2963426304,2010.0,2017.0,True
1776,XG,XZHOU,38.423,113.002502,305,XG.XZHOU,305,7456448512,2003.0,2004.0,True
1777,MM,MDY,22.016199,96.112297,706,MM.MDY,706,49790682112,2016.0,2018.0,True
1778,BC,TJX,32.51017,-117.0543,3331,BC.TJX,3331,223569649152,2014.0,2023.0,True
1779,8P,CAU10,36.299895,-116.449604,23,8P.CAU10,24,11403264,2019.0,2019.0,True
1780,C1,LR04,-39.88019,-73.425822,3657,C1.LR04,3773,288621683200,2016.0,2026.0,True
1781,AF,CVNA,-31.482,19.762,6464,AF.CVNA,6464,143509646848,2006.0,2026.0,True
1782,3J,OBS28,-13.46713,-168.51582,619,3J.OBS28,619,43344461824,2023.0,2025.0,True
1783,4P,SCX58,33.276455,-79.613258,17,4P.SCX58,18,9596928,2015.0,2015.0,True
1784,EM,TS414,43.696999,75.765999,27,EM.TS414,28,3383296,1999.0,1999.0,True
1785,GS,WWHL,41.096401,-114.834534,61,GS.WWHL,61,1404090880,2008.0,2008.0,True
1786,X4,GS12,34.853199,105.749802,351,X4.GS12,351,4499325440,2007.0,2008.0,True
1787,4P,COO21,40.255679,-107.442303,23,4P.COO21,24,12963840,2011.0,2011.0,True
1788,YG,CBP2J,47.367298,18.03178,457,YG.CBP2J,457,24609759232,2006.0,2007.0,True
1789,YQ,MFRI,-9.2944,35.312901,316,YQ.MFRI,316,6196797440,2014.0,2015.0,True
1790,TX,DKNS,33.66653,-100.92365,3351,TX.DKNS,3467,222227368960,2017.0,2026.0,True
1791,AB,HASN,39.336076,49.217978,1605,AB.HASN,1721,87101235200,2022.0,2026.0,True
1792,XY,U72B,-33.978699,-71.812401,152,XY.U72B,152,4908092416,2010.0,2010.0,True
1793,1G,WA17,40.77207,108.32398,139,1G.WA17,140,4552175616,2011.0,2011.0,True
1794,ON,NAN01,-17.844168,-40.125668,1550,ON.NAN01,1550,25018583552,2014.0,2018.0,True
1795,YT,MCRG,-73.6681,-94.6493,2028,YT.MCRG,2028,39172468736,2019.0,2024.0,True
1796,S1,AUMAZ,-32.0069,116.0384,3477,S1.AUMAZ,3593,235245556736,2013.0,2026.0,True
1797,4P,SDI28,44.125693,-101.231956,22,4P.SDI28,23,12161024,2017.0,2017.0,True
1798,N4,X48A,34.4517,-87.0452,4751,N4.X48A,1229,64586961920,2013.0,2017.0,True
1799,Z9,E31,32.986599,-82.107002,743,Z9.E31,743,11726905344,2012.0,2014.0,True
1800,4P,IDI11,43.917462,-115.962003,21,4P.IDI11,22,12296192,2007.0,2007.0,True
1801,YB,AT56,36.7019,35.546902,549,YB.AT56,549,7091806208,2013.0,2014.0,True
1802,ZD,FS07,-13.46172,-71.9198,521,ZD.FS07,521,6231699456,2010.0,2012.0,True
1803,1R,BHP8,28.572783,-80.572114,84,1R.BHP8,84,17120940032,2018.0,2019.0,True
1804,IC,LSA,29.70317,91.12757,10523,IC.LSA,10523,551763880448,1995.0,2026.0,True
1805,Z8,320,36.0107,112.366096,501,Z8.320,501,6266273792,2006.0,2008.0,True
1806,3J,OBS13,-16.1503,-174.71751,619,3J.OBS13,619,43378659328,2023.0,2025.0,True
1807,TD,TD009,52.32058,-116.323372,4694,TD.TD009,4811,166800693760,2013.0,2026.0,True
1808,N4,R40B,38.2909,-92.2684,4297,N4.R40B,1142,88399280640,2014.0,2017.0,True
1809,ZP,ISOK,-10.1708,32.645699,367,ZP.ISOK,367,7545029632,2010.0,2011.0,True
1810,YY,NEKE,9.089,36.523701,688,YY.NEKE,688,25938259968,2014.0,2016.0,True
1811,XE,WC02,-4.97259,-133.70537,393,XE.WC02,393,27495432192,2018.0,2019.0,True
1812,TO,PG01,-15.3626,-75.160202,738,TO.PG01,738,28114788352,2011.0,2013.0,True
1813,4P,SDJ26,43.564262,-103.105346,17,4P.SDJ26,18,9269248,2018.0,2018.0,True
1814,4P,GAW50,34.688985,-85.374215,38,4P.GAW50,39,20971520,2015.0,2015.0,True
1815,GS,DEC08,39.861045,-88.924888,4563,GS.DEC08,4679,685815347712,2013.0,2026.0,True
1816,1L,ST30,37.734164,-6.621247,139,1L.ST30,140,4875309056,2022.0,2023.0,True
1817,YS,MTNG,-8.2969,125.1025,723,YS.MTNG,723,12197060096,2014.0,2016.0,True
1818,BL,IBIB,-21.777201,-48.8139,193,BL.IBIB,193,147054592,1994.0,1995.0,True
1819,XK,Q05MJ,-13.3953,36.125702,158,XK.Q05MJ,158,2572234752,2012.0,2013.0,True
1820,4P,NDB29,48.587595,-99.198715,24,4P.NDB29,25,13672448,2017.0,2017.0,True
1821,ZR,N1306,66.741959,15.73804,433,ZR.N1306,433,9843335168,2013.0,2014.0,True
1822,Z1,Z21G,-14.29531,26.53437,549,Z1.Z21G,549,17090961408,2022.0,2023.0,True
1823,HT,AGG,39.021099,22.336,5624,HT.AGG,5740,179932272640,2008.0,2026.0,True
1824,II,AAK,42.6375,74.4942,11968,II.AAK,12085,193488100864,1990.0,2026.0,True
1825,XV,BITY,-20.060801,47.000099,394,XV.BITY,394,8618004480,2012.0,2013.0,True
1826,ZU,134,21.950873,-154.18751,23,ZU.134,23,6050250752,2018.0,2018.0,True
1827,ZN,DC34,38.8634,-76.985199,145,ZN.DC34,145,7892328448,2015.0,2015.0,True
1828,PE,PAKC,41.37471,-77.932533,3844,PE.PAKC,3960,112304514048,2016.0,2026.0,True
1829,8Q,P15,27.844793,-139.753242,441,8Q.P15,441,30939660288,2021.0,2023.0,True
1830,XW,DAMT,14.08737,44.68227,213,XW.DAMT,214,4412907520,2009.0,2009.0,True
1831,5A,LASU,-4.303918,153.108185,632,5A.LASU,633,16787267584,2014.0,2016.0,True
1832,4P,UTO17,40.361792,-110.802649,67,4P.UTO17,68,40243200,2011.0,2011.0,True
1833,XB,KAPU,48.128166,-82.90554,99,XB.KAPU,100,623099904,1996.0,1996.0,True
1834,N4,P51A,39.4818,-83.060097,1396,N4.P51A,879,49374959616,2014.0,2017.0,True
1835,ON,ALF01,-20.616865,-40.725212,3064,ON.ALF01,3180,72000362496,2014.0,2026.0,True
1836,ZL,N06M,34.904999,-90.221199,157,ZL.N06M,157,2993606656,2011.0,2012.0,True
1837,WI,SLBI,14.023,-60.974,2462,WI.SLBI,3178,129413111808,2014.0,2023.0,True
1838,CI,PDM,34.30336,-114.14152,8118,CI.PDM,8234,389330674176,2002.0,2026.0,True
1839,X8,QM38,47.675201,-70.853104,735,X8.QM38,735,19805392896,2013.0,2015.0,True
1840,ZD,FM06,-13.3499,-74.462502,737,ZD.FM06,737,16863335424,2011.0,2013.0,True
1841,8Q,P13,29.966537,-141.146892,441,8Q.P13,441,30874292224,2021.0,2023.0,True
1842,7D,J36C,45.686501,-127.125198,285,7D.J36C,285,12188667904,2013.0,2014.0,True
1843,G,FUTU,-14.307673,-178.12107,3439,G.FUTU,3555,33648951808,2016.0,2026.0,True
1844,NY,MAYO,63.59581,-135.89209,4051,NY.MAYO,4165,194330359808,2014.0,2026.0,True
1845,XI,NDEI,-2.692823,38.168716,16,XI.NDEI,17,80587776,2001.0,2001.0,True
1846,3H,G06,2.0564,-90.6769,442,3H.G06,442,16628912128,2023.0,2024.0,True
1847,XG,SAB01,34.73164,72.336189,90,XG.SAB01,91,1262915584,1996.0,1996.0,True
1848,DK,NRS,61.159566,-45.418535,5949,DK.NRS,6056,188991029248,2009.0,2026.0,True
1849,4P,MTB13,48.3728,-114.454,27,4P.MTB13,28,15187968,2008.0,2008.0,True
1850,4P,MII47,43.453601,-84.18429,20,4P.MII47,21,11948032,2013.0,2013.0,True
1851,XK,Z04NN,-13.075,30.6276,675,XK.Z04NN,675,14219046912,2012.0,2014.0,True
1852,7B,SA08,-25.708401,150.892593,152,7B.SA08,153,3999256576,1993.0,1993.0,True
1853,XP,N060,-80.000099,142.595001,121,XP.N060,122,993526784,2001.0,2002.0,True
1854,3A,L201,-38.507801,-73.145233,113,3A.L201,113,3954106368,2010.0,2010.0,True
1855,YY,SW03,58.074699,12.6033,153,YY.SW03,153,1464135680,2006.0,2007.0,True
1856,2A,32,-12.9996,-115.8554,345,2A.32,345,2371964928,2001.0,2002.0,True
1857,YB,CUST,45.307598,-106.283699,50,YB.CUST,50,1207668736,1996.0,1997.0,True
1858,XB,HAMB,-53.613998,-70.930901,578,XB.HAMB,578,4302632960,1997.0,1998.0,True
1859,4P,KYS51,37.003046,-83.670698,22,4P.KYS51,23,12341248,2015.0,2015.0,True
1860,BX,LKGWB,-24.11351,21.782303,2391,BX.LKGWB,2512,57910770176,2018.0,2026.0,True
1861,7D,RIMM,-45.937489,166.583193,662,7D.RIMM,663,18659946496,2022.0,2024.0,True
1862,ZU,NMY20,33.957069,-108.787672,35,ZU.NMY20,36,18415616,2020.0,2020.0,True
1863,BL,FURB,-20.6782,-46.277901,325,BL.FURB,325,209391616,1993.0,1994.0,True
1864,MU,OXBV,18.2591,-98.266701,31,MU.OXBV,31,338548736,2006.0,2006.0,True
1865,DT,SWU,39.49,140.79,1097,DT.SWU,1097,313315667968,1984.0,1991.0,True
1866,8A,SOLI,-23.861238,16.039537,527,8A.SOLI,527,3912212992,2017.0,2018.0,True
1867,ZJ,RKST,-74.201065,159.001755,1084,ZJ.RKST,1084,51684392960,2012.0,2015.0,True
1868,S1,AUMOU,-24.5752,149.9814,2279,S1.AUMOU,2395,130774961664,2013.0,2026.0,True
1869,XR,FA24,46.531807,-101.240036,463,XR.FA24,464,7771101184,2001.0,2002.0,True
1870,YC,SBC5,5.28637,116.88076,669,YC.SBC5,670,13342781440,2018.0,2020.0,True
1871,4P,IAJ36,43.310219,-94.425679,44,4P.IAJ36,45,27066368,2012.0,2012.0,True
1872,IU,MACI,28.2502,-16.508199,6419,IU.MACI,1732,96308073472,2008.0,2013.0,True
1873,6K,BRIO,-45.9395,170.30144,211,6K.BRIO,211,6721926656,2014.0,2014.0,True
1874,YT,MA09,-79.8993,-104.9977,717,YT.MA09,717,14414430208,2015.0,2016.0,True
1875,XA,O07H,-32.191299,-68.014503,259,XA.O07H,259,735784960,1987.0,1988.0,True
1876,XM,CB22,-24.00541,-68.52551,623,XM.CB22,624,13548191744,2022.0,2024.0,True
1877,S1,AUCSH,-16.9159,145.7682,3066,S1.AUCSH,3182,233606651904,2013.0,2026.0,True
1878,US,MVCO,37.19956,-108.49251,7474,US.MVCO,7590,80233474560,2006.0,2026.0,True
1879,XW,TAMU,17.294781,49.928551,211,XW.TAMU,212,4293738496,2009.0,2009.0,True
1880,AF,YNDE,3.87,11.456,1384,AF.YNDE,1384,21233093632,2007.0,2013.0,True
1881,C1,AC02,-26.835517,-69.129067,2759,C1.AC02,3030,172484903424,2014.0,2026.0,True
1882,XC,MAQI,34.478001,100.249001,273,XC.MAQI,273,303775744,1991.0,1992.0,True
1883,YP,NE81,46.069698,116.634697,703,YP.NE81,703,8871571456,2009.0,2011.0,True
1884,1C,NASO,1.17194,36.359058,219,1C.NASO,219,6275006464,2012.0,2013.0,True
1885,4P,WVO55,39.129289,-79.346076,19,4P.WVO55,20,10473472,2016.0,2016.0,True
1886,X9,BB240,43.427502,-128.355698,376,X9.BB240,376,23871524864,2012.0,2013.0,True
1887,PQ,NBC3,59.63716,-120.66875,2034,PQ.NBC3,2034,66027929088,2014.0,2020.0,True
1888,3J,OBS01,-13.155,-171.40391,620,3J.OBS01,620,43489878016,2023.0,2025.0,True
1889,XE,SNPG9,40.345299,-120.6017,406,XE.SNPG9,406,5094162432,2006.0,2007.0,True
1890,YY,DAQU,13.1448,37.897598,154,YY.DAQU,154,5085966336,2014.0,2015.0,True
1891,ZU,MSY45,33.601275,-89.647607,26,ZU.MSY45,27,12705792,2023.0,2023.0,True
1892,YW,MSWL3,-32.3933,150.92683,379,YW.MSWL3,379,6891717632,2024.0,2025.0,True
1893,NU,ESPN,12.195,-84.300308,3124,NU.ESPN,3124,270788642816,2010.0,2019.0,True
1894,4P,WAC09,47.8214,-118.2,20,4P.WAC09,21,12460032,2007.0,2007.0,True
1895,XF,DN3W,-82.82045,-152.881699,53,XF.DN3W,54,87130112,1995.0,1996.0,True
1896,TX,BRDY,31.285872,-98.999447,3561,TX.BRDY,3677,218777455616,2017.0,2026.0,True
1897,XF,B01,16.040501,149.281494,373,XF.B01,373,52201242624,2012.0,2013.0,True
1898,XO,MG05,37.482498,-90.870102,714,XO.MG05,714,6124032000,2011.0,2013.0,True
1899,XK,NOVR,57.691681,-4.410162,532,XK.NOVR,533,3842273280,2001.0,2003.0,True
1900,YS,MRKH,21.108999,-157.270004,481,YS.MRKH,481,2810998784,2004.0,2006.0,True
1901,YC,MATA,9.332191,-83.949112,64,YC.MATA,65,751380480,1999.0,1999.0,True
1902,4P,NEL31,42.189154,-98.878054,19,4P.NEL31,20,10792960,2018.0,2018.0,True
1903,Z1,Z09L,-11.820822,25.11821,143,Z1.Z09L,143,4965634048,2023.0,2023.0,True
1904,YP,NEAD,47.581402,133.5802,594,YP.NEAD,594,9709330432,2009.0,2011.0,True
1905,RV,SWHSA,54.899441,-116.751793,3831,RV.SWHSA,3947,125341269504,2014.0,2026.0,True
1906,7C,MM26,63.081,-130.1928,704,7C.MM26,704,20173606912,2016.0,2018.0,True
1907,XH,RS02,-78.492897,173.345795,734,XH.RS02,734,18455490560,2014.0,2016.0,True
1908,MP,KUT1,32.5091,45.7974,596,MP.KUT1,686,16446542336,2024.0,2026.0,True
1909,XB,CM02,2.698,13.289,258,XB.CM02,258,5465812480,2006.0,2007.0,True
1910,3Y,SC02,-29.066857,-70.132088,688,3Y.SC02,689,19571118080,2020.0,2022.0,True
1911,TJ,CHGR,38.656898,69.158203,3389,TJ.CHGR,3467,163199009280,2009.0,2026.0,True
1912,XT,LIAH,-21.162054,-175.273041,336,XT.LIAH,337,6633881600,2001.0,2002.0,True
1913,XB,HT12,11.282,-82.4506,22,XB.HT12,22,1391304704,2008.0,2008.0,True
1914,Y3,CROE,-42.336498,171.398407,188,Y3.CROE,188,5360636928,2009.0,2009.0,True
1915,4P,IAL41,41.951988,-90.398566,32,4P.IAL41,33,20021248,2012.0,2012.0,True
1916,II,RAYN,23.5225,45.5032,8610,II.RAYN,8727,143561797120,1996.0,2026.0,True
1917,8A,WEWE,-21.209,16.809099,832,8A.WEWE,832,10488249344,2015.0,2018.0,True
1918,YD,3B13,43.635109,21.70591,598,YD.3B13,599,16697004032,2009.0,2011.0,True
1919,PB,B934,39.844501,-123.691399,6653,PB.B934,6765,205994698240,2008.0,2026.0,True
1920,GH,WEIJ,5.5885,-0.3333,509,GH.WEIJ,509,16326567424,2012.0,2014.0,True
1921,TM,CRAI,20.2289,100.3734,5120,TM.CRAI,5236,118576368640,2009.0,2026.0,True
1922,1P,LVAN,-51.0252,-71.1152,811,1P.LVAN,811,27769720832,2018.0,2021.0,True
1923,MX,MOIG,19.646708,-101.227303,4426,MX.MOIG,4517,38156272640,2014.0,2026.0,True
1924,9G,AB717,52.945999,-111.913002,36,9G.AB717,37,19927040,2010.0,2010.0,True
1925,XS,L39D,2.0557,-11.4905,353,XS.L39D,353,9830146048,2016.0,2017.0,True
1926,GI,AVPA,15.3972,-89.6417,338,GI.AVPA,338,25163868672,2014.0,2021.0,True
1927,XI,CHEF,6.16128,38.210144,209,XI.CHEF,210,2291979264,2001.0,2002.0,True
1928,AK,E19K,67.4572,-157.2316,2166,AK.E19K,2280,50637347328,2020.0,2026.0,True
1929,XM,ASB20,-35.8086,-63.9305,470,XM.ASB20,471,14341677056,2023.0,2024.0,True
1930,XB,PM18,34.150002,-4.8195,950,XB.PM18,950,13349994496,2010.0,2012.0,True
1931,AK,S31K,57.9616,-136.232,2606,AK.S31K,2722,139213397504,2019.0,2026.0,True
1932,AK,H21K,65.6571,-152.805,2139,AK.H21K,2229,60529116160,2019.0,2026.0,True
1933,YL,ARSL,40.955002,35.887001,661,YL.ARSL,661,9424473088,2006.0,2008.0,True
1934,YS,PL21,17.180099,-154.691299,365,YS.PL21,365,4834234368,2005.0,2006.0,True
1935,BL,PPDB,-22.0326,-51.313599,557,BL.PPDB,557,403771392,1992.0,1995.0,True
1936,Z5,LAMW,3.563,32.743,743,Z5.LAMW,744,10834677760,2022.0,2024.0,True
1937,4P,NDE32,46.516699,-97.103976,20,4P.NDE32,21,14274560,2017.0,2017.0,True
1938,ZX,230,41.803101,118.326897,317,ZX.230,317,3546656768,2003.0,2004.0,True
1939,ZU,OKU37,36.355606,-95.057238,28,ZU.OKU37,29,19435520,2023.0,2023.0,True
1940,XC,OR100,42.770699,-119.013199,480,XC.OR100,480,4300775424,2008.0,2009.0,True
1941,YP,NE5D,44.107601,129.6008,465,YP.NE5D,465,6826569728,2009.0,2011.0,True
1942,IE,BCYI,44.310799,-113.405197,6957,IE.BCYI,7073,133066289152,2002.0,2026.0,True
1943,ON,GDU01,-13.72,-39.575279,2036,ON.GDU01,2145,44546494464,2014.0,2026.0,True
1944,XZ,S11,16.823,53.470001,245,XZ.S11,245,3783950336,2003.0,2004.0,True
1945,XS,S040,37.722,24.009001,496,XS.S040,496,7662047232,2006.0,2007.0,True
1946,4P,MTG18,45.3061,-109.518,24,4P.MTG18,25,13606912,2009.0,2009.0,True
1947,XR,MS05,22.585486,94.508708,317,XR.MS05,318,11797434368,2018.0,2020.0,True
1948,XK,UT65,38.584999,-112.425003,551,XK.UT65,551,3605733376,2004.0,2006.0,True
1949,XK,B07DX,-20.549,22.749399,742,XK.B07DX,742,9231671296,2012.0,2014.0,True
1950,MN,GFA,34.338,9.073,458,MN.GFA,458,2856636416,1990.0,1996.0,True
1951,XV,ANTS,-14.8843,47.999298,700,XV.ANTS,700,9961074688,2011.0,2013.0,True
1952,XO,LE17,37.9874,-89.1763,411,XO.LE17,411,5630949888,2012.0,2013.0,True
1953,YA,MC12,27.662901,102.208397,248,YA.MC12,248,7877124096,2003.0,2004.0,True
1954,YV,NSS,64.530701,11.9673,602,YV.NSS,602,8548442112,2001.0,2003.0,True
1955,YD,6C04,46.661442,19.74328,728,YD.6C04,730,19825115136,2009.0,2011.0,True
1956,8Q,P09,26.612795,-142.356315,434,8Q.P09,434,30424334336,2021.0,2023.0,True
1957,ZL,B07,33.2645,158.8983,37,ZL.B07,690,26651865088,2010.0,2015.0,True
1958,XA,SA76,-20.636091,29.846441,699,XA.SA76,700,3530350592,1997.0,1999.0,True
1959,ZL,COLO,-29.935699,-67.109596,484,ZL.COLO,484,4008099840,2008.0,2009.0,True
1960,YW,PATM,14.86933,-24.42407,683,YW.PATM,683,11480641536,2002.0,2004.0,True
1961,ZP,PNDA,-6.3519,31.0613,546,ZP.PNDA,546,10016337920,2008.0,2010.0,True
1962,ZU,TXC31,31.531997,-100.539838,35,ZU.TXC31,36,18915328,2021.0,2021.0,True
1963,XO,ET20,58.1304,-154.9716,429,XO.ET20,429,10025312256,2018.0,2019.0,True
1964,2D,OBS06,32.777,-119.857803,389,2D.OBS06,389,54387343360,2010.0,2011.0,True
1965,KO,KARS,40.6152,43.0937,2612,KO.KARS,2612,100302161920,2012.0,2020.0,True
1966,4P,MIE41,46.278794,-88.577997,36,4P.MIE41,37,20205568,2012.0,2012.0,True
1967,X4,F06,33.102501,95.114601,147,X4.F06,147,1117053952,2007.0,2008.0,True
1968,C,COCH,-36.131302,-72.788399,135,C.COCH,135,1447202816,2010.0,2011.0,True
1969,XH,RS10,-79.278801,-155.467697,800,XH.RS10,800,18009157632,2014.0,2017.0,True
1970,Z5,MASD,1.687,31.723,740,Z5.MASD,741,11758596096,2022.0,2024.0,True
1971,XK,W02NB,-13.724,33.559898,686,XK.W02NB,686,12877434880,2012.0,2014.0,True
1972,7E,KB08,-17.346201,126.098503,60,7E.KB08,61,1590767616,1998.0,1998.0,True
1973,AF,RUDU,-17.909599,19.764799,2684,AF.RUDU,2800,91613515776,2015.0,2026.0,True
1974,9G,RC030,53.723,-113.553001,31,9G.RC030,32,18034688,2008.0,2008.0,True
1975,PO,MEDO,43.1646,-78.454597,1371,PO.MEDO,1371,50482516480,2009.0,2013.0,True
1976,YQ,109,-10.218,34.3922,53,YQ.109,53,14647885824,2015.0,2015.0,True
1977,ZU,NMX25,34.623024,-104.776556,40,ZU.NMX25,41,21381120,2020.0,2020.0,True
1978,NR,NE74,28.007509,-114.013802,2085,NR.NE74,2085,20207869952,2002.0,2008.0,True
1979,ZP,LAEL,-8.566,32.059101,453,ZP.LAEL,453,6666764800,2009.0,2010.0,True
1980,GF,TEPE,41.056,28.5147,2319,GF.TEPE,2319,12843967488,2015.0,2026.0,True
1981,4P,TTL24,42.327362,-104.79123,15,4P.TTL24,16,8560640,2018.0,2018.0,True
1982,YY,ABMD,11.8317,35.5825,683,YY.ABMD,683,12770590720,2014.0,2016.0,True
1983,XS,I14D,-0.3522,-7.952395,371,XS.I14D,372,9280520192,2016.0,2017.0,True
1984,AK,C18K,68.6483,-161.1943,1079,AK.C18K,1169,21809313792,2020.0,2026.0,True
1985,XH,RS15,-80.496597,-169.978806,721,XH.RS15,721,16608419840,2014.0,2016.0,True
1986,6Q,FEC2,14.41163,-90.93146,253,6Q.FEC2,265,15271256064,2022.0,2024.0,True
1987,XE,SALI,-19.62011,-67.724533,375,XE.SALI,375,3881148416,1994.0,1995.0,True
1988,XD,HOT28,64.532478,-19.484184,613,XD.HOT28,614,4248846848,1996.0,1998.0,True
1989,IU,INCN,37.4776,126.6239,5725,IU.INCN,5725,184970706944,1995.0,2012.0,True
1990,XB,CHAZ,48.832191,-79.052155,160,XB.CHAZ,161,1042707456,1996.0,1996.0,True
1991,Z8,365,35.987999,105.131699,499,Z8.365,499,12014850048,2007.0,2008.0,True
1992,XF,MA40,20.219801,-103.942001,486,XF.MA40,486,6465105920,2006.0,2007.0,True
1993,IM,I04H3,-34.607571,116.351547,1915,IM.I04H3,1161,2683954688,2014.0,2017.0,True
1994,ZI,MB16,29.7026,-9.5269,741,ZI.MB16,741,21611798528,2011.0,2013.0,True
1995,XL,HD41,48.242298,99.400002,644,XL.HD41,644,13124128768,2012.0,2014.0,True
1996,Y2,WT12,32.461102,80.8218,621,Y2.WT12,621,12558753792,2009.0,2011.0,True
1997,X4,H01,36.209301,96.385002,340,X4.H01,340,3056610816,2008.0,2009.0,True
1998,XM,NM32,34.980724,-107.264282,470,XM.NM32,471,3229968384,1999.0,2000.0,True
1999,XA,SA64,-22.969448,26.201714,314,XA.SA64,315,1860091904,1997.0,1998.0,True
