lat,lon,n_paths,n_ge_90d,n_ge_180d,n_ge_365d,n_ge_730d,sum_traverse_km,R,A,kappa,az_gap_deg,az_bins_occupied,rho,median_shared_days,median_path_km,fresnel_km,resolution_matched,resolved
88.52058823754055,111.24611797498106,80,80,80,80,23,27222.806159623455,0.062069697147545386,0.9379303028524546,1.1323546045133153,15.0,12,0.0,529.592306307031,13817.578135434554,831.1912576367293,False,True
87.43744126687686,-26.26164607505683,76,76,76,76,22,25586.105770305126,0.17121444565062083,0.8287855543493792,1.4131694737006586,15.0,12,0.0,529.592306307031,10762.73160517834,733.577930596959,False,True
86.69156701434724,-163.76941012509462,72,72,72,72,23,21983.931351054027,0.2844754702723069,0.7155245297276931,1.7951522511200828,15.0,12,0.0,529.592306307031,10762.73160517834,733.577930596959,False,True
86.08519165704037,58.722825824867506,69,69,69,69,22,23571.792657429363,0.1908639517842926,0.8091360482157074,1.4717722123620187,15.0,12,0.0,529.592306307031,10762.73160517834,733.577930596959,False,True
85.56077772515712,-78.78493822517049,68,68,68,68,18,21150.844682862567,0.323703745737561,0.676296254262439,1.9572838639793697,15.0,12,0.0,529.592306307031,10762.73160517834,733.577930596959,False,True
85.09198212399686,143.70729772479157,83,83,83,83,22,26193.889594301967,0.2159522065829932,0.7840477934170068,1.5508649049105503,15.0,12,0.0,529.592306307031,10762.73160517834,733.577930596959,False,True
84.66412518135817,6.1995336747539955,75,75,75,75,27,26574.167995721775,0.3662094179599397,0.6337905820400602,2.1556164712362125,15.0,12,0.0,679.7681833982128,10762.73160517834,733.577930596959,False,True
84.26803203480227,-131.30823037528418,72,72,72,72,17,24704.463885472058,0.33322041777869865,0.6667795822213014,1.9994919660515462,15.0,12,0.0,529.592306307031,10762.73160517834,733.577930596959,False,True
83.89751443962652,91.18400557467825,71,71,71,71,26,24882.18891178783,0.28402034186839725,0.7159796581316027,1.7933754503851898,15.0,12,0.0,529.592306307031,10762.73160517834,733.577930596959,False,True
83.54816457245725,-46.32375847535974,101,101,101,100,31,32105.926943720806,0.4192255895813311,0.580774410418669,2.4436778964800445,15.0,12,0.0,529.592306307031,10762.73160517834,733.577930596959,False,False
83.21671109376665,176.16847747460272,78,78,78,78,22,27869.531756611672,0.38746429660763326,0.6125357033923667,2.2651157947586236,30.0,11,0.08333333333333337,529.592306307031,10762.73160517834,733.577930596959,False,True
82.90064689272307,38.660713424564335,76,76,76,76,25,25624.52715283141,0.2852843131824384,0.7147156868175616,1.7983155216663382,15.0,12,0.0,529.592306307031,10762.73160517834,733.577930596959,False,True
82.59800031228691,-98.84705062547323,72,72,72,72,24,24480.105735319805,0.2583737770422202,0.7416262229577798,1.6967762709677787,15.0,12,0.0,529.592306307031,10762.73160517834,733.577930596959,False,True
82.30718754844013,123.6451853244888,74,74,74,74,23,26283.27028846752,0.24959928089889516,0.7504007191011048,1.665242648482232,15.0,12,0.0,529.592306307031,10762.73160517834,733.577930596959,False,True
82.02691357250518,-13.862578725548758,97,97,97,94,31,31025.01182695741,0.4515236837340176,0.5484763162659825,2.646465564121285,30.0,11,0.08333333333333337,529.592306307031,8383.263005261933,647.4281043197744,False,False
81.7561033971654,-151.37034277558715,76,76,76,76,17,24820.764388536263,0.44958558780564406,0.5504144121943559,2.6336257839371098,15.0,12,0.0,529.592306307031,10762.73160517834,733.577930596959,False,False
81.49385304652293,71.12189317437529,77,77,77,77,31,28156.240944141486,0.30974127841548643,0.6902587215845135,1.8974642948500944,15.0,12,0.0,679.7681833982128,10762.73160517834,733.577930596959,False,True
81.23939373707465,-66.3858708756631,104,104,103,100,29,32529.93098667115,0.14990433587870786,0.8500956641212921,1.35267639209443,15.0,12,0.0,529.592306307031,10762.73160517834,733.577930596959,False,True
80.9920651631905,156.10636507429936,79,79,79,79,19,27344.4889809257,0.338119931677011,0.6618800683229891,2.021695463752846,15.0,12,0.0,529.592306307031,10762.73160517834,733.577930596959,False,True
80.75129520897107,18.598601024261782,137,137,136,131,42,35840.40050638096,0.3140073203856726,0.6859926796143274,1.9154830065015007,15.0,12,0.0,529.592306307031,8383.263005261933,647.4281043197744,False,True
80.51658429238176,-118.90916302577659,74,74,74,74,13,25187.178593827593,0.2761523217069125,0.7238476782930875,1.763012246880753,15.0,12,0.0,529.592306307031,10762.73160517834,733.577930596959,False,True
80.28749311106205,103.58307292418584,77,77,77,77,28,24240.816905205134,0.2821470442454844,0.7178529557545156,1.7860859023668083,15.0,12,0.0,529.592306307031,10762.73160517834,733.577930596959,False,True
80.06363292785927,-33.92469112585172,120,120,120,117,38,38170.38872597035,0.4719944546518887,0.5280055453481113,2.78783900589796,30.0,11,0.08333333333333337,529.592306307031,8383.263005261933,647.4281043197744,False,False
79.84465778094399,-171.4324551758893,69,69,69,69,21,23036.85324631221,0.3596035417846586,0.6403964582153414,2.123065367309503,15.0,12,0.0,529.592306307031,13817.578135434554,831.1912576367293,False,True
79.63025817205383,51.05978077407233,80,80,80,80,31,29318.226516969582,0.3264602765698315,0.6735397234301685,1.9693868534056205,15.0,12,0.0,679.7681833982128,10762.73160517834,733.577930596959,False,True
79.4201559038775,-86.44798327596521,80,80,80,80,23,27443.644812517246,0.09133816926970381,0.9086618307302962,1.2010388599602448,15.0,12,0.0,529.592306307031,8383.263005261933,647.4281043197744,False,True
79.21409982077556,136.0442526739964,79,79,79,79,21,28373.33892037619,0.415027854965361,0.584972145034639,2.4189662139922414,15.0,12,0.0,529.592306307031,10762.73160517834,733.577930596959,False,False
79.0118622668548,-1.4635113760411969,124,124,123,118,35,45327.21870655488,0.6010518537499175,0.39894814625008246,4.013182837917715,15.0,12,0.0,529.592306307031,8383.263005261933,647.4281043197744,False,False
78.81323611904004,-138.97127542607956,72,72,72,72,20,24995.363727967975,0.41716802084502136,0.5828319791549786,2.4315206981259134,15.0,12,0.0,529.592306307031,13817.578135434554,831.1912576367293,False,False
78.618032285015,83.52096052388288,84,84,84,84,23,29620.5298418221,0.2735401534463834,0.7264598465536166,1.7530771445774453,15.0,12,0.0,529.592306307031,10762.73160517834,733.577930596959,False,True
78.42607757999542,-53.98680352615469,142,142,141,138,43,50083.797488840675,0.4013977517857788,0.5986022482142213,2.341116753180422,15.0,12,0.0,529.592306307031,8383.263005261933,647.4281043197744,False,False
78.23721291450586,168.50543242380775,79,79,79,79,24,27687.111480023977,0.2820450433097718,0.7179549566902281,1.7856900789709687,30.0,11,0.08333333333333337,529.592306307031,13817.578135434554,831.1912576367293,False,True
78.05129173923324,30.99766837376937,92,92,92,92,33,32066.846985308868,0.327840284117814,0.6721597158821859,1.9754832858066638,15.0,12,0.0,679.7681833982128,10762.73160517834,733.577930596959,False,True
77.86817870374377,-106.510095676269,86,86,86,86,14,29686.25709472738,0.12936560105594183,0.8706343989440581,1.297175487696884,30.0,11,0.08333333333333337,529.592306307031,10762.73160517834,733.577930596959,False,True
77.6877484941811,115.98214027369342,69,69,69,69,22,26859.00888293249,0.30466328748465843,0.6953367125153416,1.8763043342916732,15.0,12,0.0,529.592306307031,10762.73160517834,733.577930596959,False,True
77.50988482159438,-21.525623776344162,126,126,124,121,34,43125.31316236811,0.6037005740629479,0.39629942593705214,4.0466891171264985,15.0,12,0.0,529.592306307031,8383.263005261933,647.4281043197744,False,False
77.3344795377036,-159.0333878263817,68,68,68,68,21,20016.03103430795,0.3541891702195656,0.6458108297804344,2.0968821019616053,15.0,12,0.0,529.592306307031,13817.578135434554,831.1912576367293,False,True
77.16143185901595,63.45884812358073,100,100,100,100,44,33185.48808111707,0.32437439135781465,0.6756256086421853,1.9602193499139697,15.0,12,0.0,679.7681833982128,10762.73160517834,733.577930596959,False,True
76.99064768349524,-74.04891592645686,89,89,89,89,21,30486.23697096118,0.22386445857258014,0.7761355414274198,1.576869494111461,15.0,12,0.0,529.592306307031,8383.263005261933,647.4281043197744,False,True
76.82203898663869,148.4433200235056,77,77,77,77,25,24318.50048454939,0.41613811851161747,0.5838618814883825,2.425467672082983,30.0,11,0.08333333333333337,529.592306307031,10762.73160517834,733.577930596959,False,False
76.65552328596685,10.935555973466405,110,110,108,107,46,35239.77776891514,0.4612601123434519,0.5387398876565481,2.7123666649220137,15.0,12,0.0,529.592306307031,8383.263005261933,647.4281043197744,False,False
76.49102316468652,-126.57220807657117,86,86,86,86,18,31324.14868081208,0.21906291241388612,0.7809370875861139,1.561025762244209,30.0,11,0.08333333333333337,529.592306307031,10762.73160517834,733.577930596959,False,True
76.32846584672706,95.92002787339128,85,85,85,85,33,28404.49818112224,0.16220881703720605,0.837791182962794,1.387229706723733,15.0,12,0.0,679.7681833982128,10762.73160517834,733.577930596959,False,True
76.16778281653644,-41.58773617664792,146,146,144,139,35,44008.29084061292,0.4555137059259404,0.5444862940740596,2.6731870421112296,15.0,12,0.0,529.592306307031,8383.263005261933,647.4281043197744,False,False
76.00890947800686,-179.09550022668387,79,79,79,79,23,26085.280625860207,0.45915555606970143,0.5408444439302986,2.6979209501831365,15.0,12,0.0,529.592306307031,13817.578135434554,831.1912576367293,False,False
75.85178484771785,43.396735723276954,90,90,90,90,42,28455.13158687303,0.08385166141486051,0.9161483385851394,1.1830525863188432,15.0,12,0.0,679.7681833982128,8383.263005261933,647.4281043197744,False,True
75.69635127836945,-94.11102832676227,83,83,83,83,26,27254.9834261109,0.16217270972908576,0.8378272902709143,1.3871268258083278,30.0,11,0.08333333333333337,529.592306307031,10762.73160517834,733.577930596959,False,True
75.54255420885119,128.38120762320182,78,78,78,78,20,27025.285561728964,0.5207250608122744,0.47927493918772557,3.1729701189667816,30.0,11,0.08333333333333337,529.592306307031,10762.73160517834,733.577930596959,False,False
75.39034193787764,-9.126556426837396,92,92,92,92,19,32301.02963567867,0.4480912257890185,0.5519087742109815,2.6237872877800053,30.0,11,0.08333333333333337,529.592306307031,10762.73160517834,733.577930596959,False,False
75.23966541853052,-146.6343204768733,60,60,60,60,23,21414.859955965432,0.2912421384231323,0.7087578615768677,1.8218381882217636,30.0,11,0.08333333333333337,529.592306307031,13817.578135434554,831.1912576367293,False,True
75.0904780713945,75.8579154730875,114,114,114,114,38,37296.974112603784,0.29164999345092146,0.7083500065490785,1.8234629512372686,15.0,12,0.0,529.592306307031,10762.73160517834,733.577930596959,False,True
74.94273561427097,-61.64984857695009,255,255,249,246,87,64600.846568795765,0.3548960934336412,0.6451039065663589,2.1002757534754894,15.0,12,0.0,529.592306307031,8383.263005261933,647.4281043197744,False,True
74.79639590670699,160.84238737301237,80,80,80,80,32,26918.985925133253,0.41034711054722833,0.5896528894527717,2.391825997590045,30.0,11,0.08333333333333337,679.7681833982128,10762.73160517834,733.577930596959,False,False
74.65141880779393,23.334623322974803,90,90,89,89,27,31070.653274717988,0.4921568910512317,0.5078431089487683,2.938224157732466,15.0,12,0.0,529.592306307031,8383.263005261933,647.4281043197744,False,False
74.50776604587722,-114.17314072706438,89,89,89,89,17,30544.71592515825,0.27593112935170794,0.7240688706482921,1.7621681874119353,45.0,10,0.16666666666666663,529.592306307031,10762.73160517834,733.577930596959,False,True
74.36540109898051,108.31909522289968,74,74,74,74,29,25658.2980241782,0.22262517917122374,0.7773748208287763,1.5727614870105469,15.0,12,0.0,529.592306307031,10762.73160517834,733.577930596959,False,True
74.22428908488634,-29.18866882713951,114,114,113,108,25,37362.22034287907,0.3543915387662723,0.6456084612337277,2.097852832006094,30.0,11,0.08333333333333337,529.592306307031,10762.73160517834,733.577930596959,False,True
74.08439665993708,-166.69643287717545,82,82,82,82,22,28397.03446760529,0.44617131131781684,0.5538286886821832,2.6112249886493477,30.0,11,0.08333333333333337,529.592306307031,10762.73160517834,733.577930596959,False,False
73.94569192572577,55.79580307278535,92,92,92,92,37,31316.196775024317,0.33205557040869843,0.6679444295913015,1.9942610663341411,15.0,12,0.0,679.7681833982128,8383.263005261933,647.4281043197744,False,True
73.80814434293717,-81.71196097725385,94,94,94,94,27,30562.15417042117,0.3368445369979569,0.6631554630020431,2.0158840748233997,60.0,9,0.25,529.592306307031,8383.263005261933,647.4281043197744,False,True
73.67172465168103,140.78027497271023,77,77,76,76,18,28045.87217649709,0.5245675341370349,0.47543246586296506,3.2066963104208037,30.0,11,0.08333333333333337,529.592306307031,10762.73160517834,733.577930596959,False,False
73.5364047977297,3.2725109226710267,86,86,86,86,22,29729.169067374743,0.5357982518653948,0.46420174813460524,3.3084714955016867,15.0,12,0.0,529.592306307031,10762.73160517834,733.577930596959,False,False
73.40215786413346,-134.23525312736655,64,64,64,64,22,22700.27630911998,0.2240266040816464,0.7759733959183536,1.5774079504788023,45.0,10,0.16666666666666663,529.592306307031,10762.73160517834,733.577930596959,False,True
73.26895800774233,88.2569828225959,106,106,106,106,37,35713.233905633184,0.3027295786173709,0.6972704213826291,1.8683276081526117,15.0,12,0.0,679.7681833982128,10762.73160517834,733.577930596959,False,True
73.13678040021118,-49.250781227443326,144,144,140,137,34,46810.55698698363,0.29850389803930405,0.701496101960696,1.8510493421274314,15.0,12,0.0,529.592306307031,8383.263005261933,647.4281043197744,False,True
73.00560117310641,173.24145472252076,83,83,83,83,24,26482.858532862534,0.4161682486954041,0.5838317513045959,2.4256444524144474,30.0,10,0.16666666666666663,529.592306307031,10762.73160517834,733.577930596959,False,False
72.87539736677175,35.73369067248157,109,109,109,109,47,34976.26981050177,0.27901480291556224,0.7209851970844378,1.773982056896199,15.0,12,0.0,679.7681833982128,8383.263005261933,647.4281043197744,False,True
72.74614688264272,-101.77407337755761,78,78,78,78,18,26641.518163742327,0.2764730870526962,0.7235269129473039,1.764237188984378,45.0,10,0.16666666666666663,529.592306307031,10762.73160517834,733.577930596959,False,True
72.61782843873023,120.71816257240644,96,96,96,96,30,31314.2495649795,0.19366628250347406,0.8063337174965259,1.4803626049640135,15.0,12,0.0,529.592306307031,10762.73160517834,733.577930596959,False,True
72.49042152801898,-16.789601477632743,89,89,89,89,17,29262.80446010417,0.4249289560259604,0.5750710439740396,2.477831167048442,30.0,11,0.08333333333333337,529.592306307031,10762.73160517834,733.577930596959,False,False
72.36390637955162,-154.2973655276687,83,83,79,79,18,29309.461900391972,0.4626605205270021,0.537339479472998,2.7220417936934833,45.0,10,0.16666666666666663,529.592306307031,10762.73160517834,733.577930596959,False,False
72.23826392198892,68.19487042229213,101,101,101,101,36,34497.86416050843,0.29549952453548367,0.7045004754645163,1.8388909158383306,15.0,12,0.0,529.592306307031,10762.73160517834,733.577930596959,False,True
72.1134757494566,-69.31289362774379,106,106,106,106,36,35826.27593591359,0.5118328896315772,0.48816711036842275,3.0969576964957506,60.0,9,0.25,529.592306307031,8383.263005261933,647.4281043197744,False,False
71.98952408950598,153.179342322217,67,67,66,66,19,21618.829360915668,0.5348287666287818,0.46517123337121824,3.2994920075032885,30.0,11,0.08333333333333337,529.592306307031,10762.73160517834,733.577930596959,False,False
71.86639177303017,15.671578272177797,121,121,120,120,32,42279.0299689787,0.4731906153829098,0.5268093846170903,2.7964395821340458,15.0,12,0.0,529.592306307031,8383.263005261933,647.4281043197744,False,False
71.74406220599248,-121.83618577785813,74,74,74,74,17,26472.18741919644,0.3804923809274697,0.6195076190725304,2.228370303167886,45.0,10,0.16666666666666663,412.5936131601795,10762.73160517834,733.577930596959,False,True
71.62251934283502,100.65605017210267,88,88,88,88,35,28211.1865303616,0.3662935320353179,0.6337064679646821,2.1560353272447026,30.0,11,0.08333333333333337,529.592306307031,10762.73160517834,733.577930596959,False,True
71.50174766144731,-36.851713877933264,137,137,137,135,32,41084.592802155035,0.24622567974757972,0.7537743202524203,1.6533140573563845,15.0,12,0.0,529.592306307031,10762.73160517834,733.577930596959,False,True
71.38173213958419,-174.35947792797248,78,78,78,78,18,26335.021432552843,0.42627343785454086,0.5737265621454591,2.4859811833026693,15.0,12,0.0,529.592306307031,10762.73160517834,733.577930596959,False,False
71.2624582326321,48.1327580219916,105,105,105,105,38,33770.348234823556,0.391512836988518,0.608487163011482,2.2868400873105363,30.0,11,0.08333333333333337,529.592306307031,8383.263005261933,647.4281043197744,False,True
71.14391185263057,-89.37500602804761,89,89,89,89,21,32245.63596891481,0.3427331601050678,0.6572668398949322,2.0429041579516034,45.0,10,0.16666666666666663,529.592306307031,8383.263005261933,647.4281043197744,False,True
71.02607934846314,133.1172299219132,143,143,142,142,46,35665.11307870155,0.42077543959541575,0.5792245604045843,2.4528922575434544,15.0,12,0.0,529.592306307031,8383.263005261933,647.4281043197744,False,False
70.90894748713963,-4.390534128125978,78,78,78,78,27,26501.378387440796,0.3801046206693705,0.6198953793306294,2.2263508757874986,15.0,12,0.0,529.592306307031,10762.73160517834,733.577930596959,False,True
70.7925034360965,-141.89829817815865,78,78,78,78,16,26827.241477247422,0.40080049039813814,0.5991995096018619,2.3377864433315376,45.0,10,0.16666666666666663,529.592306307031,10762.73160517834,733.577930596959,False,False
70.6767347464487,80.59393777180215,114,114,114,114,31,39979.281480982114,0.3812651009884779,0.6187348990115221,2.2324021211590908,15.0,12,0.0,529.592306307031,10762.73160517834,733.577930596959,False,True
70.56162933713165,-56.913826278237025,146,146,144,144,37,50763.68443404159,0.44044946528977885,0.5595505347102212,2.574297361784768,30.0,11,0.08333333333333337,529.592306307031,10762.73160517834,733.577930596959,False,False
70.44717547987534,165.57840967172376,83,83,82,82,18,29216.22463856153,0.5183426320037129,0.4816573679962871,3.152329296487409,30.0,10,0.16666666666666663,529.592306307031,10762.73160517834,733.577930596959,False,False
70.33336178495858,28.070645621684566,276,276,273,273,107,77334.33517390536,0.20312757871134196,0.796872421288658,1.5098120433954918,15.0,12,0.0,529.592306307031,8383.263005261933,647.4281043197744,False,True
70.22017718769419,-109.4371184283481,71,71,71,71,13,25219.812240284442,0.37770217511164617,0.6222978248883538,2.2138952122463533,45.0,10,0.16666666666666663,529.592306307031,10762.73160517834,733.577930596959,False,True
70.10761093559961,113.05511752161269,87,87,87,87,27,30927.26920140704,0.27584367406161775,0.7241563259383823,1.7618346044389561,30.0,11,0.08333333333333337,529.592306307031,10762.73160517834,733.577930596959,False,True
69.99565257621136,-24.4526465284265,99,99,98,97,30,34674.04730865307,0.28848499314367504,0.711515006856325,1.8109034675692466,30.0,11,0.08333333333333337,529.592306307031,10762.73160517834,733.577930596959,False,True
69.88429194550388,-161.96041057846568,79,79,77,77,13,26966.522934349276,0.35013124427486225,0.6498687557251377,2.077544477066537,15.0,12,0.0,529.592306307031,10762.73160517834,733.577930596959,False,True
69.77351915687663,60.53182537149511,106,106,106,106,32,37480.05683909188,0.29199319762990034,0.7080068023700996,1.824831616454627,15.0,12,0.0,529.592306307031,10762.73160517834,733.577930596959,False,True
69.66332459067614,-76.97593867853755,100,100,100,100,35,33288.570117727126,0.4803480447898717,0.5196519552101283,2.848729866110622,45.0,10,0.16666666666666663,529.592306307031,10762.73160517834,733.577930596959,False,False
69.55369888422085,145.51629727142324,77,77,76,76,23,26436.555358093327,0.503003410857612,0.496996589142388,3.024172486678789,30.0,11,0.08333333333333337,529.592306307031,10762.73160517834,733.577930596959,False,False
69.44463292230016,8.008533221384047,72,72,72,72,25,26704.603633277555,0.3333659008707932,0.6666340991292068,2.0001465610782696,15.0,12,0.0,529.592306307031,10762.73160517834,733.577930596959,False,True
69.33611782812038,-129.49923082865516,77,77,77,77,22,24785.619946204668,0.3089330847371899,0.6910669152628102,1.8940757484235915,30.0,11,0.08333333333333337,529.592306307031,10762.73160517834,733.577930596959,False,True
69.22814495467175,92.99300512130891,99,99,99,99,24,34885.73077351136,0.3465973167677402,0.6534026832322598,2.060899582025555,15.0,12,0.0,529.592306307031,10762.73160517834,733.577930596959,False,True
69.12070587649326,-44.51475892873026,101,101,100,100,21,32454.507768866795,0.269549850990927,0.730450149009073,1.738037637083373,15.0,12,0.0,529.592306307031,10762.73160517834,733.577930596959,False,True
69.01379238181303,177.9774770212338,80,80,80,80,14,27857.455914194277,0.5958967904843768,0.4041032095156232,3.9492306740084855,45.0,8,0.33333333333333337,529.592306307031,10762.73160517834,733.577930596959,False,False
68.90739646504328,40.469712971194596,160,160,160,160,60,52927.11931505056,0.4670517378205069,0.5329482621794931,2.7527094878234437,15.0,12,0.0,529.592306307031,8383.263005261933,647.4281043197744,False,False
68.80151031961074,-97.0380510788446,72,72,72,72,11,24368.646241026276,0.3832063396341655,0.6167936603658345,2.242575481099715,30.0,11,0.08333333333333337,529.592306307031,10762.73160517834,733.577930596959,False,True
68.69612633110457,125.45418487111947,97,97,97,97,28,32382.558681481056,0.6045160425565951,0.3954839574434049,4.057095142187169,15.0,12,0.0,529.592306307031,10762.73160517834,733.577930596959,False,False
68.5912370707241,-12.053579178919733,73,73,72,72,26,24037.222968059054,0.35077518176678657,0.6492248182332134,2.080596957834664,30.0,11,0.08333333333333337,529.592306307031,10762.73160517834,733.577930596959,False,True
68.48683528901137,-149.56134322895568,99,99,95,91,16,30178.22047400626,0.2569083653483463,0.7430916346516536,1.691458101176929,30.0,11,0.08333333333333337,529.592306307031,8383.263005261933,647.4281043197744,False,True
68.3829139098527,72.93089272100514,95,95,95,95,34,32395.028866640132,0.3636206730609429,0.6363793269390571,2.142779652538163,15.0,12,0.0,529.592306307031,10762.73160517834,733.577930596959,False,True
68.27946602473607,-64.57687132903078,136,136,135,135,30,44709.26747416354,0.6022120210825879,0.39778797891741213,4.027804021235231,60.0,9,0.25,529.592306307031,10762.73160517834,733.577930596959,False,False
68.1764848872502,157.91536462093,89,89,88,88,14,32217.096353292058,0.6771765394591401,0.32282346054085986,5.195336598675917,30.0,11,0.08333333333333337,529.592306307031,10762.73160517834,733.577930596959,False,False
68.07396390781398,20.407600570890818,148,148,144,144,50,51946.357805336724,0.3078066985967541,0.692193301403246,1.8893663026578102,15.0,12,0.0,529.592306307031,10762.73160517834,733.577930596959,False,True
67.97189664862397,-117.10016347914512,81,81,81,81,20,29455.049758759495,0.4029159645312853,0.5970840354687147,2.349612250861786,15.0,12,0.0,529.592306307031,10762.73160517834,733.577930596959,False,False
67.8702768188089,105.39207247081895,103,103,103,103,28,35380.97626373175,0.24987233581079332,0.7501276641892067,1.6662128268016185,15.0,12,0.0,529.592306307031,10762.73160517834,733.577930596959,False,True
67.76909826978174,-32.115691579220254,102,102,102,102,30,35069.93894947362,0.25707033642815863,0.7429296635718414,1.692044884012899,15.0,12,0.0,529.592306307031,10762.73160517834,733.577930596959,False,True
67.6683549907785,-169.62345562925944,109,109,109,109,24,33587.87243255812,0.46991480143901254,0.5300851985609875,2.7729783918309043,30.0,11,0.08333333333333337,529.592306307031,10762.73160517834,733.577930596959,False,False
67.56804110457549,52.86878032070136,124,124,124,124,42,40229.50941923149,0.4282375089127842,0.5717624910872158,2.497955936558495,15.0,12,0.0,529.592306307031,8383.263005261933,647.4281043197744,False,False
67.46815086337607,-84.63898372933784,98,98,98,98,35,32230.718377825004,0.44133756211355646,0.5586624378864435,2.579979365655025,30.0,11,0.08333333333333337,679.7681833982128,10762.73160517834,733.577930596959,False,False
67.36867864485878,137.85325222062949,86,86,86,86,23,30921.377072845855,0.5469967786193125,0.4530032213806875,3.4149796416552904,15.0,12,0.0,529.592306307031,10762.73160517834,733.577930596959,False,False
67.26961894837908,0.3454881705902969,78,78,78,78,32,25765.96262622225,0.12721029191829344,0.8727897080817065,1.291502731391935,15.0,12,0.0,679.7681833982128,10762.73160517834,733.577930596959,False,True
67.17096639131788,-137.16227587944888,89,89,88,88,18,33447.12632470702,0.37677834117497616,0.6232216588250239,2.2091310879192685,15.0,12,0.0,529.592306307031,10762.73160517834,733.577930596959,False,True
67.07271570556942,85.32996007051192,105,105,105,105,24,36805.769084801505,0.415073126050965,0.584926873949035,2.41923082879974,30.0,11,0.08333333333333337,529.592306307031,10762.73160517834,733.577930596959,False,False
66.97486173416242,-52.17780397952731,86,86,86,86,18,28176.43247323753,0.4226689294069219,0.5773310705930781,2.464216810547627,30.0,11,0.08333333333333337,529.592306307031,10762.73160517834,733.577930596959,False,False
66.87739942800832,170.31443197044004,102,102,100,100,30,29758.489233744687,0.530681030224379,0.46931896977562104,3.261494055857554,30.0,11,0.08333333333333337,529.592306307031,10762.73160517834,733.577930596959,False,False
66.78032384277078,32.80666792040084,245,245,245,245,86,61981.9975650003,0.10951592315255035,0.8904840768474497,1.2459694137154385,15.0,12,0.0,529.592306307031,8383.263005261933,647.4281043197744,False,True
66.68363013585086,-104.70109612963836,74,74,74,74,12,23875.205812002845,0.5314249106744698,0.46857508932553016,3.2682593367880743,60.0,9,0.25,529.592306307031,10762.73160517834,733.577930596959,False,False
66.58731356348298,117.79113982032246,109,109,109,109,36,37059.494513329875,0.26813866100851064,0.7318613389914894,1.7327580969859886,30.0,11,0.08333333333333337,529.592306307031,10762.73160517834,733.577930596959,False,True
66.49136947793632,-19.71662422971673,88,88,88,88,29,31547.809004205297,0.3917316406158347,0.6082683593841653,2.288022415015764,30.0,11,0.08333333333333337,529.592306307031,10762.73160517834,733.577930596959,False,True
66.39579332481746,-157.2243882797494,110,110,103,101,17,35167.484533167255,0.33576993474510736,0.6642300652548927,2.0110049282886897,30.0,11,0.08333333333333337,529.592306307031,8383.263005261933,647.4281043197744,False,True
66.30058064046945,65.2678476702114,101,101,101,101,27,32438.635745190517,0.398605639360651,0.601394360639349,2.325604845834899,30.0,11,0.08333333333333337,529.592306307031,8383.263005261933,647.4281043197744,False,True
66.20572704946336,-72.23991637982783,107,107,106,106,24,34168.19810718183,0.5103645505923528,0.48963544940764725,3.0846715702867646,30.0,11,0.08333333333333337,529.592306307031,10762.73160517834,733.577930596959,False,False
66.11122826217826,150.252319570133,84,84,84,84,15,31151.263148359034,0.5872213857181727,0.41277861428182727,3.8452122537396933,30.0,11,0.08333333333333337,529.592306307031,10762.73160517834,733.577930596959,False,False
66.01708007246572,12.744555520097066,113,113,112,112,39,40300.856992698886,0.3661973168623976,0.6338026831376025,2.1555562215343094,15.0,12,0.0,529.592306307031,10762.73160517834,733.577930596959,False,True
65.92327835539561,-124.76320852994212,101,101,95,95,11,30688.073495518052,0.42941717479879976,0.5705828252012002,2.5051878739861397,30.0,11,0.08333333333333337,529.592306307031,10762.73160517834,733.577930596959,False,False
65.8298190650792,97.72902742002194,97,97,97,97,21,31495.033277891285,0.3650645935806612,0.6349354064193389,2.149926716607001,15.0,12,0.0,529.592306307031,10762.73160517834,733.577930596959,False,True
65.73669823256705,-39.77873663001725,86,86,85,85,21,28383.854148075807,0.2689866467463475,0.7310133532536525,1.7359281346889777,15.0,12,0.0,529.592306307031,10762.73160517834,733.577930596959,False,True
65.6439119638178,-177.28650068005646,109,109,109,109,31,34660.314598179364,0.6626246073519534,0.3373753926480466,4.928114627157826,45.0,8,0.33333333333333337,529.592306307031,10762.73160517834,733.577930596959,False,False
65.55145643773571,45.20573526990436,115,115,115,115,35,41189.6389237589,0.5257722746385743,0.47422772536142566,3.2173831116173766,30.0,11,0.08333333333333337,529.592306307031,8383.263005261933,647.4281043197744,False,False
65.45932790427354,-92.30202878013483,89,89,89,89,26,30652.37154302752,0.5166787431930863,0.48332125680691373,3.13803442706638,60.0,9,0.25,529.592306307031,8383.263005261933,647.4281043197744,False,False
65.3675226825985,130.1902071698325,110,110,110,110,39,35808.823322231416,0.49880170883574904,0.501198291164251,2.9904365901849554,30.0,10,0.16666666666666663,679.7681833982128,10762.73160517834,733.577930596959,False,False
65.2760371593185,-7.317556880206723,84,84,83,83,30,27343.511681115204,0.29057644850266573,0.7094235514973343,1.819190307086267,15.0,12,0.0,529.592306307031,10762.73160517834,733.577930596959,False,True
65.18486778676645,-144.8253209302459,129,129,116,113,26,32315.721470908582,0.2494635889337838,0.7505364110662163,1.664760790430925,15.0,12,0.0,529.592306307031,8383.263005261933,647.4281043197744,False,True
65.09401108134024,77.6669150197149,88,88,88,88,27,29757.495761373553,0.471435906194269,0.528564093805731,2.7838362905049734,30.0,11,0.08333333333333337,529.592306307031,10762.73160517834,733.577930596959,False,False
65.00346362189616,-59.84084903031777,114,114,114,114,30,36679.408558124174,0.514433380313497,0.48556661968650305,3.118899279549452,45.0,10,0.16666666666666663,529.592306307031,10762.73160517834,733.577930596959,False,False
64.9132220481938,162.65138691964302,85,85,84,84,30,29258.716091945593,0.665830976455786,0.33416902354421396,4.984995194311838,15.0,12,0.0,529.592306307031,10762.73160517834,733.577930596959,False,False
64.82328305939028,25.14362286960384,129,129,128,128,45,42832.884872947274,0.23881387889101618,0.7611861211089839,1.6274782796698513,15.0,12,0.0,679.7681833982128,10762.73160517834,733.577930596959,False,True
64.73364341258203,-112.36414118043535,85,85,85,85,23,29660.161989915574,0.5132972725261341,0.4867027274738659,3.109284553182194,30.0,11,0.08333333333333337,529.592306307031,10762.73160517834,733.577930596959,False,False
64.6442999213922,110.12809476952545,95,95,95,95,18,29775.431936022112,0.34496638300254845,0.6550336169974516,2.0532784090801575,15.0,12,0.0,529.592306307031,10762.73160517834,733.577930596959,False,True
64.5552494546022,-27.379669280507244,82,82,82,82,28,27944.146482590942,0.3064502670251233,0.6935497329748768,1.883715334185628,30.0,11,0.08333333333333337,529.592306307031,10762.73160517834,733.577930596959,False,True
64.46648893482515,-164.88743333054643,149,149,144,143,40,50599.850011498136,0.577532927731316,0.42246707226868396,3.734096764653942,45.0,9,0.25,529.592306307031,10762.73160517834,733.577930596959,False,False
64.37801533722043,57.604802619414386,106,106,106,106,35,35084.19776661718,0.4142249916667023,0.5857750083332978,2.4142801784777204,15.0,12,0.0,679.7681833982128,8383.263005261933,647.4281043197744,False,False
64.28982568824728,-79.90296143062483,103,103,103,103,33,34140.3232026235,0.43716145100713727,0.5628385489928627,2.553416878745741,60.0,9,0.25,529.592306307031,10762.73160517834,733.577930596959,False,False
64.20191706445588,142.5892745193425,78,78,78,78,17,27554.033596534493,0.6225372051240885,0.3774627948759115,4.2985354507786315,30.0,11,0.08333333333333337,529.592306307031,10762.73160517834,733.577930596959,False,False
64.11428659131529,5.081510469303317,109,109,106,106,32,36690.53967466332,0.37767114483370356,0.6223288551662964,2.213734962467018,15.0,12,0.0,529.592306307031,10762.73160517834,733.577930596959,False,True
64.02693144207593,-132.42625358073587,78,78,70,70,11,26234.85826032808,0.48871347388431313,0.5112865261156869,2.9117009696975025,15.0,12,0.0,529.592306307031,8383.263005261933,647.4281043197744,False,False
63.939848836666066,90.06598236922493,101,101,101,101,19,33109.07890857596,0.4847580551348935,0.5152419448651064,2.881671552426914,15.0,12,0.0,529.592306307031,10762.73160517834,733.577930596959,False,False
63.853036040620815,-47.441781680807765,81,81,80,80,18,26182.909075329568,0.4643876039733359,0.5356123960266641,2.734043526319796,15.0,12,0.0,529.592306307031,10762.73160517834,733.577930596959,False,False
63.76649036404241,175.05045426915305,113,113,113,113,36,38550.70232825016,0.6397054640172333,0.36029453598276673,4.551013962908564,45.0,8,0.33333333333333337,529.592306307031,10762.73160517834,733.577930596959,False,False
63.68020916059087,37.542690219113865,91,91,91,91,23,30414.37232797985,0.16985598085092285,0.8301440191490772,1.4092205133876177,15.0,12,0.0,529.592306307031,10762.73160517834,733.577930596959,False,True
63.5941898265037,-99.96507383092535,82,82,82,82,20,28075.786544897317,0.4855015529452771,0.5144984470547229,2.887280926597776,45.0,10,0.16666666666666663,529.592306307031,8383.263005261933,647.4281043197744,False,False
63.50842979964393,122.52716211903548,133,133,133,133,44,45362.68078161859,0.3028630715297109,0.6971369284702891,1.8688768566435754,30.0,10,0.16666666666666663,529.592306307031,10762.73160517834,733.577930596959,False,True
63.42292655857515,-14.980601930997182,93,93,93,93,26,31824.441766215517,0.379988146998663,0.620011853001337,2.2257447826496426,15.0,12,0.0,529.592306307031,10762.73160517834,733.577930596959,False,True
63.33767762166291,-152.4883659810364,157,157,145,143,25,48539.34784994782,0.652629041281911,0.347370958718089,4.757533696485872,30.0,10,0.16666666666666663,412.5936131601795,8383.263005261933,647.4281043197744,False,False
63.25268054620149,70.0038699689244,85,85,85,85,20,27054.756838397036,0.5301941596089129,0.4698058403910871,3.257077771394055,15.0,12,0.0,529.592306307031,8383.263005261933,647.4281043197744,False,False
63.167932927564884,-67.50389408111477,113,113,112,112,27,38320.94109962082,0.4949778394331649,0.505022160566835,2.960222255901023,45.0,9,0.25,529.592306307031,10762.73160517834,733.577930596959,False,False
63.083432398381795,154.98834186884602,88,88,87,87,32,32576.320454439185,0.7411966014254625,0.2588033985745375,6.727873787654236,30.0,10,0.16666666666666663,529.592306307031,10762.73160517834,733.577930596959,False,False
62.99917662773315,17.480577818813344,119,119,118,118,55,39708.652675624966,0.24496009654874132,0.7550399034512587,1.6488666239467293,15.0,12,0.0,679.7681833982128,10762.73160517834,733.577930596959,False,True
62.91516332037182,-120.02718623122584,96,96,95,95,15,31486.94325062805,0.5450433099084062,0.4549566900915938,3.3960228381241118,45.0,10,0.16666666666666663,529.592306307031,10762.73160517834,733.577930596959,False,False
62.83139021596371,102.46504971873496,94,94,94,94,20,30789.245698758292,0.4133649038023894,0.5866350961976106,2.4092743733939357,45.0,10,0.16666666666666663,529.592306307031,10762.73160517834,733.577930596959,False,False
62.747855088349354,-35.04271433130424,77,77,77,77,24,25994.917116609005,0.39159809869298023,0.6084019013070198,2.2873007064958757,15.0,12,0.0,529.592306307031,10762.73160517834,733.577930596959,False,True
62.66455574482552,-172.55047838134342,118,118,114,114,37,38344.22740654304,0.6089355994614604,0.39106440053853964,4.114247160431313,60.0,9,0.25,529.592306307031,10762.73160517834,733.577930596959,False,False
62.58149002544616,49.941757568617376,111,111,111,111,32,37471.48024503526,0.30640317076351903,0.6935968292364809,1.8835195256034,15.0,12,0.0,529.592306307031,10762.73160517834,733.577930596959,False,True
62.498655802341816,-87.56600648142182,84,84,84,84,28,27020.08677116609,0.41552069455306645,0.5844793054469335,2.421849125129693,60.0,9,0.25,529.592306307031,10762.73160517834,733.577930596959,False,False
62.4160509790574,134.926229468539,95,95,95,94,27,34622.51952455929,0.4963870453421554,0.5036129546578446,2.971303719458136,15.0,12,0.0,529.592306307031,10762.73160517834,733.577930596959,False,False
62.33367348990715,-2.581534581487176,130,130,129,129,43,42697.424199904286,0.10733316815263091,0.8926668318473691,1.2404775540511697,15.0,12,0.0,529.592306307031,10762.73160517834,733.577930596959,False,True
62.2515212993466,-140.08929863152636,108,108,96,94,16,37442.48462135095,0.5200256346427131,0.4799743653572869,3.166889201491469,30.0,11,0.08333333333333337,412.5936131601795,8383.263005261933,647.4281043197744,False,False
62.169592401361015,82.40293731843444,93,93,93,93,26,32285.310246791014,0.4567161022190663,0.5432838977809338,2.681316542178197,15.0,12,0.0,529.592306307031,10762.73160517834,733.577930596959,False,False
62.08788481886959,-55.10482673160476,96,96,96,96,25,32487.106811180405,0.4484904132852117,0.5515095867147883,2.6264102169348047,45.0,10,0.16666666666666663,529.592306307031,10762.73160517834,733.577930596959,False,False
62.0063966031449,167.38740921835605,103,103,101,95,27,33284.539069453356,0.6589086936221473,0.3410913063778527,4.8635326160569115,45.0,10,0.16666666666666663,529.592306307031,10762.73160517834,733.577930596959,False,False
61.92512583324753,29.879645168316856,113,113,113,113,33,39509.55006478402,0.06693145440109159,0.9330685455989084,1.1434652463997281,15.0,12,0.0,529.592306307031,10762.73160517834,733.577930596959,False,True
61.84407061547482,-107.62811888172234,94,94,94,94,24,32825.11456530801,0.39043185665206415,0.6095681433479359,2.2810113550478284,15.0,12,0.0,529.592306307031,10762.73160517834,733.577930596959,False,True
61.76322908282365,114.86411706823847,93,93,93,93,18,32671.55103680138,0.31779431685926757,0.6822056831407324,1.9316671634754168,45.0,10,0.16666666666666663,529.592306307031,10762.73160517834,733.577930596959,False,True
61.682599394466884,-22.643646981800714,97,97,97,97,31,35116.02057248053,0.3170630912176129,0.6829369087823871,1.9285282055787754,30.0,11,0.08333333333333337,529.592306307031,10762.73160517834,733.577930596959,False,True
61.602179735242835,-160.15141103183993,188,188,177,174,49,50222.955704101325,0.5003671436678766,0.4996328563321234,3.002939307639388,15.0,12,0.0,529.592306307031,10762.73160517834,733.577930596959,False,False
61.521968315157395,62.34082491813392,95,95,95,95,28,32750.83735551525,0.37981983196624336,0.6201801680337566,2.2248693252170217,15.0,12,0.0,529.592306307031,8383.263005261933,647.4281043197744,False,True
61.44196336889863,-75.16693913190528,95,95,95,95,25,32014.593759884356,0.42421416598547396,0.5757858340145261,2.473513730019178,60.0,9,0.25,529.592306307031,10762.73160517834,733.577930596959,False,False
61.36216315536328,147.32529681805553,93,93,93,92,34,36356.727332216724,0.6433355572228899,0.35666444277711007,4.607511599494817,30.0,11,0.08333333333333337,529.592306307031,10762.73160517834,733.577930596959,False,False
61.28256595719481,9.817532768016337,107,107,105,105,47,38377.33272862587,0.239950170939527,0.760049829060473,1.631406420382039,15.0,12,0.0,679.7681833982128,10762.73160517834,733.577930596959,False,True
61.20317008033289,-127.69023128202286,80,80,79,79,13,25633.930319782037,0.6180569242590321,0.38194307574096786,4.236382401016196,30.0,10,0.16666666666666663,529.592306307031,8383.263005261933,647.4281043197744,False,False
61.12397385357354,94.80200466793795,100,100,100,100,27,32610.249661688984,0.49129344353612187,0.5087065564638782,2.9315396559902887,30.0,10,0.16666666666666663,529.592306307031,10762.73160517834,733.577930596959,False,False
61.04497562814016,-42.705759382101235,74,74,73,73,19,25957.52559716635,0.4527972384335683,0.5472027615664317,2.654952314704639,30.0,11,0.08333333333333337,529.592306307031,10762.73160517834,733.577930596959,False,False
60.966173777264636,179.78647656785955,88,88,88,88,26,28323.34894490373,0.5535424333112035,0.44645756668879655,3.4797090456618935,60.0,7,0.41666666666666663,529.592306307031,10762.73160517834,733.577930596959,False,False
60.88756669577861,42.27871251782037,95,95,95,95,24,33250.85502997914,0.25770642538158617,0.7422935746184138,1.6943517610645187,15.0,12,0.0,529.592306307031,10762.73160517834,733.577930596959,False,True
60.8091527997143,-95.22905153221882,91,91,91,91,26,32358.155689168303,0.46165271116597156,0.5383472888340284,2.7150739708036253,15.0,12,0.0,529.592306307031,8383.263005261933,647.4281043197744,False,False
60.73093052591482,127.26318441774849,168,168,168,167,71,46987.372979487,0.4157955309413587,0.5842044690586413,2.4234589187972198,15.0,12,0.0,679.7681833982128,8383.263005261933,647.4281043197744,False,False
60.65289833165374,-10.244579632284172,102,102,102,102,24,35943.156590621504,0.3785140409237938,0.6214859590762062,2.2180936202852513,15.0,12,0.0,529.592306307031,10762.73160517834,733.577930596959,False,True
60.57505469426333,-147.75234368232339,166,166,154,154,37,50382.26750601105,0.6531099081895744,0.3468900918104256,4.765514920192629,15.0,12,0.0,412.5936131601795,10762.73160517834,733.577930596959,False,False
60.49739811077164,74.73989226763743,82,82,82,82,21,28307.413211070227,0.43167965165965133,0.5683203483403487,2.5191419871566247,30.0,11,0.08333333333333337,529.592306307031,8383.263005261933,647.4281043197744,False,False
60.41992709754789,-62.767871782401755,115,115,115,115,34,38783.85511737343,0.5595592275278387,0.4404407724721613,3.54090566768864,75.0,8,0.33333333333333337,529.592306307031,10762.73160517834,733.577930596959,False,False
60.342640189956015,159.72436416755903,82,82,81,80,22,27736.11618042423,0.7142353865764267,0.2857646134235733,5.998767188278519,30.0,11,0.08333333333333337,529.592306307031,10762.73160517834,733.577930596959,False,False
60.26553594201614,22.21660011751985,116,116,116,116,44,40019.89240932849,0.16624923036237552,0.8337507696376245,1.3987983853607306,15.0,12,0.0,529.592306307031,10762.73160517834,733.577930596959,False,True
60.188612926073816,-115.29116393251934,114,114,113,113,17,36684.4441551819,0.35780266766337887,0.6421973323366211,2.1143075489321066,15.0,12,0.0,529.592306307031,10762.73160517834,733.577930596959,False,True
60.11186973247668,107.20107201744797,96,96,96,96,23,32142.3813034719,0.38261434384667126,0.6173856561533287,2.2394662559236664,30.0,10,0.16666666666666663,529.592306307031,10762.73160517834,733.577930596959,False,True
60.03530496925853,-30.30669203259123,77,77,77,77,21,26761.929287924504,0.42175232070937063,0.5782476792906294,2.458725510932475,30.0,11,0.08333333333333337,529.592306307031,10762.73160517834,733.577930596959,False,False
59.95891726183025,-167.81445608263041,86,86,86,86,29,30213.904364950053,0.5196915812208106,0.4803084187791894,3.1639911394504487,60.0,9,0.25,529.592306307031,10762.73160517834,733.577930596959,False,False
59.882705252677944,54.67777986733039,120,120,120,120,38,39900.55394880494,0.4000458217981872,0.5999541782018127,2.333587918321388,15.0,12,0.0,679.7681833982128,8383.263005261933,647.4281043197744,False,False
59.806667601067545,-82.82998418270228,85,85,85,85,23,31216.979906026194,0.467007932804453,0.532992067195547,2.7524010639096983,30.0,10,0.16666666666666663,529.592306307031,10762.73160517834,733.577930596959,False,False
59.730802982755996,139.6622517672585,94,94,94,93,33,35329.47857479324,0.5481507423741176,0.45184925762588235,3.4262549207415987,15.0,12,0.0,529.592306307031,10762.73160517834,733.577930596959,False,False
59.65511008970894,2.15448771721933,224,224,223,221,87,50000.22422034449,0.11538541777894792,0.884614582221052,1.2608716159510807,15.0,12,0.0,679.7681833982128,8383.263005261933,647.4281043197744,False,True
59.57958762982436,-135.35327633281986,125,125,116,114,21,37754.17499677293,0.6798097546369576,0.3201902453630424,5.246286478004142,45.0,9,0.25,529.592306307031,8383.263005261933,647.4281043197744,False,False
59.50423432666237,87.13895961714094,101,101,101,101,27,31992.47820173366,0.4831305030171791,0.5168694969828209,2.869448693867252,30.0,11,0.08333333333333337,529.592306307031,8383.263005261933,647.4281043197744,False,False
59.42904891918091,-50.36880443289175,71,71,71,71,18,25483.37401465587,0.4399787813055595,0.5600212186944404,2.571293253249468,30.0,11,0.08333333333333337,529.592306307031,10762.73160517834,733.577930596959,False,False
59.35403016147702,172.12343151706906,73,73,73,73,21,26387.9144360187,0.44914319565646244,0.5508568043435376,2.630707625339081,30.0,11,0.08333333333333337,529.592306307031,10762.73160517834,733.577930596959,False,False
59.27917682253373,34.61566746702988,117,117,117,117,30,40323.29526016296,0.2736061948449561,0.7263938051550439,1.7533274455350196,15.0,12,0.0,529.592306307031,8383.263005261933,647.4281043197744,False,True
59.20448768597239,-102.89209658300933,116,116,116,116,37,39998.225285584704,0.3856068129235996,0.6143931870764003,2.2552444299016914,15.0,12,0.0,529.592306307031,10762.73160517834,733.577930596959,False,True
59.12996154981026,119.6001393669515,105,105,105,105,27,38223.40066908578,0.419039786654761,0.580960213345239,2.442576538045108,45.0,9,0.25,529.592306307031,10762.73160517834,733.577930596959,False,False
59.05559722622312,-17.907624683081167,97,97,97,97,30,32784.24517362871,0.19250635795447257,0.8074936420455274,1.4767996871574596,15.0,12,0.0,529.592306307031,10762.73160517834,733.577930596959,False,True
58.981393541313096,-155.41538873312038,100,100,97,96,26,32313.00478521865,0.6644561269653868,0.3355438730346132,4.960472417249857,30.0,11,0.08333333333333337,529.592306307031,10762.73160517834,733.577930596959,False,False
58.907349334881175,67.07684721684042,99,99,99,99,29,34546.6469424484,0.5468315425546256,0.4531684574453744,3.4133698344198704,30.0,11,0.08333333333333337,679.7681833982128,8383.263005261933,647.4281043197744,False,False
58.83346346020448,-70.43091683319227,109,109,109,109,29,35786.63920538792,0.5227156248766588,0.4772843751233412,3.1903739243153604,45.0,10,0.16666666666666663,529.592306307031,10762.73160517834,733.577930596959,False,False
58.759734783818324,152.06131911676854,87,87,86,84,19,28504.570888262635,0.7019774149450051,0.2980225850549949,5.7109007850225,30.0,10,0.16666666666666663,529.592306307031,10762.73160517834,733.577930596959,False,False
58.68616218530267,14.553555066729357,104,104,101,101,36,36870.73895334441,0.32698246672098147,0.6730175332790185,1.9716907823422831,15.0,12,0.0,529.592306307031,10762.73160517834,733.577930596959,False,True
58.61274455707286,-122.95420898330983,116,116,111,109,20,37105.38515437815,0.4146027924834396,0.5853972075165603,2.416483670095782,15.0,12,0.0,529.592306307031,8383.263005261933,647.4281043197744,False,False
58.53948080417492,99.53802696665097,94,94,94,94,24,32219.642078091638,0.41992288883493384,0.5800771111650662,2.4478174737545917,30.0,11,0.08333333333333337,529.592306307031,8383.263005261933,647.4281043197744,False,False
58.46636984408482,-37.969737083388225,72,72,72,72,20,25581.224047429194,0.41512319206470577,0.5848768079352942,2.419523518226531,15.0,12,0.0,529.592306307031,10762.73160517834,733.577930596959,False,False
58.393410606511885,-175.4775011334274,80,80,79,79,30,26358.074459291078,0.42670187645171465,0.5732981235482854,2.488586335537783,60.0,8,0.33333333333333337,529.592306307031,10762.73160517834,733.577930596959,False,False
58.32060203320617,47.01473481653339,115,115,115,115,29,39773.028052392416,0.4453427454441919,0.5546572545558082,2.6058304179248144,30.0,11,0.08333333333333337,529.592306307031,10762.73160517834,733.577930596959,False,False
58.247943077769776,-90.49302923349927,77,77,77,77,28,26131.450417486896,0.324649755388253,0.675350244611747,1.9614263353821433,15.0,12,0.0,529.592306307031,10762.73160517834,733.577930596959,False,True
58.17543270547177,131.99920671646802,108,108,108,108,43,38795.75901605693,0.4674253494456878,0.5325746505543122,2.7553420875709502,45.0,8,0.33333333333333337,679.7681833982128,10762.73160517834,733.577930596959,False,False
58.103069893067065,-5.5085573335711615,119,119,117,116,35,41216.11885110053,0.1661873351061469,0.8338126648938531,1.3986203186954542,15.0,12,0.0,529.592306307031,10762.73160517834,733.577930596959,False,True
58.030853628618715,-143.01632138361035,135,135,134,134,35,45554.44964347246,0.7116146651383738,0.2883853348616262,5.935165413177633,30.0,10,0.16666666666666663,529.592306307031,10762.73160517834,733.577930596959,False,False
57.958782911323645,79.47591456635045,92,92,92,92,25,30075.455797240524,0.49864265389565693,0.501357346104343,2.98917062957278,30.0,10,0.16666666666666663,529.592306307031,8383.263005261933,647.4281043197744,False,False
57.886856751342116,-58.031849483688745,87,87,87,87,24,32330.70858975108,0.48524420587798067,0.5147557941220193,2.885337518951586,60.0,9,0.25,529.592306307031,10762.73160517834,733.577930596959,False,False
57.81507416963023,164.46038646627207,88,88,77,69,22,28547.35329923172,0.5846367938984934,0.41536320610150657,3.8150629873346062,30.0,11,0.08333333333333337,529.592306307031,10762.73160517834,733.577930596959,False,False
57.74343419777586,26.95262241623287,131,131,131,130,35,41383.829874856616,0.18198732280395136,0.8180126771960486,1.4449498837298225,15.0,12,0.0,529.592306307031,8383.263005261933,647.4281043197744,False,True
57.671935877837726,-110.55514163380633,143,143,140,137,26,45645.99954990629,0.24171428922884539,0.7582857107711546,1.6375282714559636,15.0,12,0.0,529.592306307031,10762.73160517834,733.577930596959,False,True
57.600578262187675,111.93709431615449,107,107,107,107,22,37947.80378999589,0.3070753153992847,0.6929246846007153,1.8863165715512964,45.0,10,0.16666666666666663,529.592306307031,10762.73160517834,733.577930596959,False,True
57.52936041335574,-25.5706697338847,75,75,75,75,17,25567.074678290483,0.22768438123939228,0.7723156187606077,1.5896148561769974,30.0,11,0.08333333333333337,529.592306307031,10762.73160517834,733.577930596959,False,True
57.45828140387855,-163.07843378391087,80,80,78,78,24,26622.08802133461,0.4675677033041671,0.5324322966958329,2.7563461352956895,60.0,9,0.25,529.592306307031,10762.73160517834,733.577930596959,False,False
57.38734031615032,59.41380216604993,182,182,182,180,68,48144.36922967576,0.3493299577305466,0.6506700422694534,2.0737545454286743,15.0,12,0.0,679.7681833982128,8383.263005261933,647.4281043197744,False,True
57.316536242276875,-78.09396188398927,84,84,84,84,19,30744.483498015805,0.3097177722972688,0.6902822277027312,1.8973656277607316,45.0,10,0.16666666666666663,529.592306307031,10762.73160517834,733.577930596959,False,True
57.24586828393224,144.39827406597155,94,94,94,94,29,32673.526072602304,0.6780402923473938,0.3219597076526062,5.211957435860253,30.0,11,0.08333333333333337,529.592306307031,10762.73160517834,733.577930596959,False,False
57.175335552218236,6.8905100159323505,101,101,100,100,33,36259.265776701395,0.12417992061746594,0.875820079382534,1.28357404343827,15.0,12,0.0,529.592306307031,10762.73160517834,733.577930596959,False,True
57.104937167526366,-130.61725403410685,126,126,120,118,27,36842.893389360994,0.6269563713336942,0.3730436286663058,4.361303199709747,30.0,11,0.08333333333333337,529.592306307031,8383.263005261933,647.4281043197744,False,False
57.03467225940256,91.87498191585397,107,107,107,107,26,35887.785313276836,0.4477113248505266,0.5522886751494733,2.621294605504473,30.0,11,0.08333333333333337,529.592306307031,8383.263005261933,647.4281043197744,False,False
56.96453996641434,-45.63278213418522,73,73,73,73,19,25491.72055098974,0.4603399519955615,0.5396600480044385,2.7060368048285666,30.0,10,0.16666666666666663,529.592306307031,10762.73160517834,733.577930596959,False,False
56.89453943602036,176.85945381577557,71,71,71,71,25,24492.148323147907,0.41411855118674223,0.5858814488132578,2.4136598864004557,45.0,10,0.16666666666666663,529.592306307031,10762.73160517834,733.577930596959,False,False
56.82466982444252,39.35168976573638,128,128,128,128,37,42920.35317293524,0.3192203429121249,0.680779657087875,1.9378081133553025,30.0,11,0.08333333333333337,679.7681833982128,8383.263005261933,647.4281043197744,False,True
56.75493029654037,-98.15607428428979,104,104,104,104,32,35858.98947549959,0.3812825898305775,0.6187174101694225,2.232493489155805,15.0,12,0.0,529.592306307031,10762.73160517834,733.577930596959,False,True
56.68532002568774,124.33616166567103,117,117,117,117,36,40664.05351879656,0.6179463234835554,0.3820536765164446,4.234866519898323,45.0,9,0.25,529.592306307031,10762.73160517834,733.577930596959,False,False
56.615838193651726,-13.171602384368157,106,106,106,106,30,39293.78298208775,0.15654453792091294,0.8434554620790871,1.371198112903404,15.0,12,0.0,529.592306307031,10762.73160517834,733.577930596959,False,True
56.54648399047387,-150.67936643440737,82,82,82,82,27,28245.91825776738,0.5451866740108305,0.45481332598916946,3.3974085316216662,30.0,11,0.08333333333333337,529.592306307031,10762.73160517834,733.577930596959,False,False
56.47725661435337,71.81286951555344,111,111,111,111,32,38987.81614873334,0.5198804301679334,0.4801195698320666,3.1656289925852183,30.0,10,0.16666666666666663,679.7681833982128,8383.263005261933,647.4281043197744,False,False
56.40815527153261,-65.69489453448574,127,127,127,127,35,45825.03834402049,0.5276615936725083,0.4723384063274917,3.2342523352067154,60.0,9,0.25,529.592306307031,10762.73160517834,733.577930596959,False,False
56.33917917618453,156.79734141547505,76,76,64,56,20,23385.077416617845,0.6241890895549672,0.3758109104450328,4.321825270138148,30.0,11,0.08333333333333337,529.592306307031,10762.73160517834,733.577930596959,False,False
56.27032755030211,19.289577365435864,110,110,110,109,24,37746.899290847534,0.36521012595288704,0.634789874047113,2.150648871017693,15.0,12,0.0,529.592306307031,8383.263005261933,647.4281043197744,False,True
56.20159962358991,-118.21818668460332,135,135,129,127,24,42008.527978758815,0.25719461407258876,0.7428053859274113,1.6924952859663902,15.0,12,0.0,529.592306307031,8383.263005261933,647.4281043197744,False,True
56.13299463335733,104.27404926536398,94,94,94,94,26,32980.20062541834,0.32943223397716936,0.6705677660228306,1.9825471806706356,45.0,10,0.16666666666666663,529.592306307031,10762.73160517834,733.577930596959,False,True
56.064511824413934,-33.233714784675215,63,63,63,63,17,21667.08699900806,0.40811380412456505,0.5918861958754349,2.379027951550519,45.0,10,0.16666666666666663,529.592306307031,10762.73160517834,733.577930596959,False,False
55.996150448966574,-170.7414788347079,81,81,79,79,23,26799.507408332665,0.4097950103451653,0.5902049896548347,2.388653154507632,75.0,8,0.33333333333333337,529.592306307031,10762.73160517834,733.577930596959,False,False
55.927909766518276,51.750757115252924,112,112,112,112,30,36989.66694631471,0.4211138424738927,0.5788861575261073,2.45491073503481,15.0,12,0.0,529.592306307031,10762.73160517834,733.577930596959,False,False
55.859789043768906,-85.75700693478626,90,90,90,90,25,31562.91025120463,0.35235432912809705,0.647645670871903,2.0881083437297887,15.0,12,0.0,529.592306307031,10762.73160517834,733.577930596959,False,True
55.791787554517626,136.73522901517453,100,100,100,100,39,34934.78617306628,0.41782660218892353,0.5821733978110765,2.4354025922857927,60.0,9,0.25,679.7681833982128,10762.73160517834,733.577930596959,False,False
55.72390457956695,-0.7725350348646316,107,107,105,103,38,36355.43319902283,0.2616497333913072,0.7383502666086927,1.7087414882182879,15.0,12,0.0,529.592306307031,10762.73160517834,733.577930596959,False,True
55.65613940662853,-138.28029908490385,129,129,129,129,34,43036.598329837296,0.7293467716771301,0.27065322832286987,6.389529444718626,30.0,11,0.08333333333333337,529.592306307031,10762.73160517834,733.577930596959,False,False
55.58849133023055,84.21193686506346,104,104,104,104,25,37044.74999759137,0.40557030964641116,0.5944296903535888,2.3645694898085017,30.0,11,0.08333333333333337,529.592306307031,10762.73160517834,733.577930596959,False,False
55.52095965162667,-53.295827184975735,76,76,76,76,17,25430.360229111742,0.5102813919066227,0.4897186080933773,3.083977955803242,60.0,9,0.25,529.592306307031,10762.73160517834,733.577930596959,False,False
55.453543678706545,169.19640876497857,67,67,67,67,24,22906.533970537475,0.5068297011937102,0.4931702988062898,3.0553942620651844,15.0,12,0.0,529.592306307031,10762.73160517834,733.577930596959,False,False
55.38624272590792,31.688644714939375,112,112,112,112,34,36076.066848749455,0.24923212938919828,0.7507678706108017,1.6639392524521077,15.0,12,0.0,679.7681833982128,10762.73160517834,733.577930596959,False,True
55.319056114130134,-105.81911933509983,157,157,154,153,43,51975.406895777625,0.2655628813916001,0.7344371186083999,1.723173910095352,15.0,12,0.0,529.592306307031,10762.73160517834,733.577930596959,False,True
55.251983170649105,116.67311661487402,99,99,99,99,31,31107.765902402803,0.47888827604083795,0.521111723959162,2.837948578099413,45.0,10,0.16666666666666663,529.592306307031,10762.73160517834,733.577930596959,False,False
55.185023229033796,-20.834647435165152,93,93,93,93,25,32275.064969832274,0.23831514295724973,0.7616848570427502,1.625757859707257,15.0,12,0.0,529.592306307031,10762.73160517834,733.577930596959,False,True
55.11817562906405,-158.34241148520437,68,68,67,67,16,23582.308841697093,0.5025743365865845,0.49742566341341554,3.0207012768011925,45.0,9,0.25,529.592306307031,10762.73160517834,733.577930596959,False,False
55.05143971664974,64.14982446475643,112,112,112,111,45,36428.35374564387,0.6322303183360684,0.36776968166393165,4.438186179326229,30.0,11,0.08333333333333337,679.7681833982128,8383.263005261933,647.4281043197744,False,False
54.98481484375137,-73.35793958528274,117,117,117,117,26,41571.69606135419,0.38093470061968787,0.6190652993803121,2.230676960898974,30.0,11,0.08333333333333337,529.592306307031,10762.73160517834,733.577930596959,False,True
54.91830036830197,149.13429636467805,63,63,63,62,21,21193.580495892973,0.5682667950868153,0.4317332049131847,3.632490568804341,45.0,10,0.16666666666666663,529.592306307031,10762.73160517834,733.577930596959,False,False
54.85189565413012,11.626532314638856,141,141,138,138,37,49588.39649951142,0.1950841477439768,0.8049158522560231,1.4847317820793164,15.0,12,0.0,529.592306307031,10762.73160517834,733.577930596959,False,True
54.78560007088452,-125.88123173540035,102,102,98,97,16,33016.85656384339,0.3844020955288995,0.6155979044711005,2.2488739572925085,15.0,12,0.0,412.5936131601795,8383.263005261933,647.4281043197744,False,True
54.71941299395961,96.61100421456047,116,116,116,116,27,37616.0922224375,0.5383540829067844,0.46164591709321556,3.3323246799043167,45.0,10,0.16666666666666663,529.592306307031,8383.263005261933,647.4281043197744,False,False
54.65333380442235,-40.89675983547875,69,69,69,69,23,23823.728046066175,0.44495297027256964,0.5550470297274304,2.6032982664228466,30.0,11,0.08333333333333337,529.592306307031,10762.73160517834,733.577930596959,False,False
54.58736188894043,-178.4045238855049,82,82,82,82,22,28611.531512948193,0.39595782076532376,0.6040421792346762,2.3110270586302564,15.0,12,0.0,529.592306307031,10762.73160517834,733.577930596959,False,True
54.52149663971142,44.087712064455914,93,93,93,93,25,29792.547617158947,0.353856703920564,0.646143296079436,2.0952886335512217,15.0,12,0.0,529.592306307031,8383.263005261933,647.4281043197744,False,True
54.45573745439316,-93.42005198558326,85,85,85,85,20,28670.70312594657,0.12711372125916146,0.8728862787408386,1.291249213912553,15.0,12,0.0,529.592306307031,10762.73160517834,733.577930596959,False,True
54.39008373603525,129.07218396437753,114,114,114,114,37,44331.33337337755,0.553522540463314,0.44647745953668605,3.479509451777071,30.0,10,0.16666666666666663,529.592306307031,10762.73160517834,733.577930596959,False,False
54.32453489301171,-8.435580085661684,86,86,86,84,26,27576.352762492745,0.0922905794276971,0.9077094205723029,1.2033482904022494,15.0,12,0.0,529.592306307031,13817.578135434554,831.1912576367293,False,True
54.259090338954536,-145.94334413570087,78,78,78,78,22,27069.05133511639,0.6525480051201731,0.3474519948798269,4.756190868012541,30.0,11,0.08333333333333337,529.592306307031,10762.73160517834,733.577930596959,False,False
54.19374949268855,76.54889181425995,109,109,109,109,29,37076.32586048498,0.5701164627494514,0.4298835372505486,3.6524228696721224,30.0,10,0.16666666666666663,529.592306307031,8383.263005261933,647.4281043197744,False,False
54.128511778167145,-60.95887223577927,101,101,101,101,23,32899.75969323399,0.4002380960331475,0.5997619039668525,2.334656614186245,45.0,10,0.16666666666666663,529.592306307031,10762.73160517834,733.577930596959,False,False
54.06337662440899,161.5333637141946,80,80,70,62,16,24757.33819864162,0.6459690174295832,0.35403098257041676,4.649223086293585,30.0,11,0.08333333333333337,412.5936131601795,10762.73160517834,733.577930596959,False,False
53.998343465435916,24.025599664155397,121,121,121,121,31,38473.0113318972,0.31538188949769314,0.6846181105023068,1.9213366829174192,15.0,12,0.0,679.7681833982128,10762.73160517834,733.577930596959,False,True
53.933411740211646,-113.4821643858838,100,100,97,95,18,34261.9875650033,0.28251694213916745,0.7174830578608326,1.7875222670246416,15.0,12,0.0,529.592306307031,10762.73160517834,733.577930596959,False,True
53.86858089258147,109.01007156407701,103,103,103,103,31,34017.796513844834,0.25522303790275563,0.7447769620972444,1.6853677030612326,15.0,12,0.0,529.592306307031,10762.73160517834,733.577930596959,False,True
53.80385037121294,-28.497692485962205,86,86,86,86,19,31813.652840320923,0.3874366159861654,0.6125633840138346,2.2649682501343085,30.0,11,0.08333333333333337,529.592306307031,10762.73160517834,733.577930596959,False,True
53.739219629537494,-166.0054565360014,76,76,73,73,20,26000.977294442884,0.5444130883590392,0.45558691164096077,3.3899417408552805,60.0,9,0.25,529.592306307031,10762.73160517834,733.577930596959,False,False
53.67468812569284,56.48677941395943,110,110,110,108,30,37316.66582617203,0.18834156027454366,0.8116584397254564,1.4640906841016776,15.0,12,0.0,529.592306307031,10762.73160517834,733.577930596959,False,True
53.61025532246644,-81.02098463607979,91,91,90,90,17,32375.525711661045,0.21049970817095776,0.7895002918290422,1.5332479553194114,30.0,11,0.08333333333333337,529.592306307031,10762.73160517834,733.577930596959,False,True
53.54592068723972,141.47125131388106,87,87,87,87,26,31965.598620870194,0.5462605990897896,0.45373940091021037,3.4078164602588172,45.0,10,0.16666666666666663,529.592306307031,10762.73160517834,733.577930596959,False,False
53.48168369193313,3.9634872638548773,135,135,132,130,35,46647.70825103567,0.07395806487103129,0.9260419351289687,1.1597294076336429,15.0,12,0.0,529.592306307031,10762.73160517834,733.577930596959,False,True
53.41754381295215,-133.54427678618433,134,134,134,133,35,45152.18242849951,0.7208792092848362,0.2791207907151638,6.165356600185877,45.0,10,0.16666666666666663,529.592306307031,10762.73160517834,733.577930596959,False,False
53.353500531134024,88.94795916377649,109,109,108,108,25,35810.433084705015,0.4331854060119631,0.5668145939880369,2.528490658520715,30.0,11,0.08333333333333337,679.7681833982128,8383.263005261933,647.4281043197744,False,False
53.28955333169534,-48.559804886262725,74,74,74,74,18,27601.07886062852,0.4777207129007093,0.5222792870992907,2.829368786780509,45.0,10,0.16666666666666663,529.592306307031,10762.73160517834,733.577930596959,False,False
53.22570170418041,173.9324310636981,88,88,88,88,27,28528.93045681353,0.5368480778786962,0.46315192212130385,3.3182375036677083,45.0,10,0.16666666666666663,529.592306307031,10762.73160517834,733.577930596959,False,False
53.16194514241041,36.42466701365891,104,104,104,104,39,31769.7973388368,0.16458227282487142,0.8354177271751286,1.3940119235472483,15.0,12,0.0,679.7681833982128,10762.73160517834,733.577930596959,False,True
53.09828314443327,-101.08309703638031,225,225,219,214,72,53812.133258190464,0.35509872246499086,0.6449012775350091,2.1012498651647156,15.0,12,0.0,529.592306307031,8383.263005261933,647.4281043197744,False,True
53.03471521247437,121.40913891358052,151,151,151,151,51,53074.849161569626,0.5924513249453929,0.4075486750546071,3.9073892823526455,30.0,11,0.08333333333333337,529.592306307031,10762.73160517834,733.577930596959,False,False
52.97124085288794,-16.09862513645868,111,111,111,111,31,38147.7132863065,0.09115307589868626,0.9088469241013137,1.2005906021826949,15.0,12,0.0,529.592306307031,10762.73160517834,733.577930596959,False,True
52.907859576109125,-153.60638918648485,69,69,68,68,16,23931.9275947591,0.5246885114750418,0.4753114885249582,3.2077670081289895,45.0,9,0.25,529.592306307031,13817.578135434554,831.1912576367293,False,False
52.84457089660691,68.88584676347597,103,103,103,101,39,33677.6645744735,0.5441513624170239,0.4558486375829761,3.3874212515024764,45.0,9,0.25,679.7681833982128,8383.263005261933,647.4281043197744,False,False
52.78137433283757,-68.62191728656325,170,170,169,166,46,53141.572537736196,0.4891053117559737,0.5108946882440263,2.91470110381087,15.0,12,0.0,529.592306307031,10762.73160517834,733.577930596959,False,False
52.718269407198925,153.87031866339757,73,73,66,63,13,21425.77591603351,0.6624100791460642,0.3375899208539358,4.924347489228907,30.0,11,0.08333333333333337,412.5936131601795,10762.73160517834,733.577930596959,False,False
52.65525564598523,16.36255461335839,162,162,160,159,47,51674.04136771125,0.2843223277110604,0.7156776722889395,1.7945541372045808,15.0,12,0.0,529.592306307031,10762.73160517834,733.577930596959,False,True
52.592332579342674,-121.1452094366808,111,111,107,106,21,37255.09930215016,0.4011499132153622,0.5988500867846378,2.339734007117632,15.0,12,0.0,529.592306307031,8383.263005261933,647.4281043197744,False,False
52.529499741225656,101.34702651328,162,162,159,159,27,49661.03534275145,0.3605802153458271,0.6394197846541729,2.127835653508423,15.0,12,0.0,529.592306307031,8383.263005261933,647.4281043197744,False,True
52.46675666935358,-36.1607375367592,82,82,82,82,14,30382.016038550068,0.5671836471170519,0.43281635288294806,3.6208974930780515,30.0,11,0.08333333333333337,529.592306307031,8383.263005261933,647.4281043197744,False,False
52.40410290516827,-173.66850158678537,142,142,137,137,44,36748.35220564915,0.4766245758332621,0.5233754241667379,2.821348706206802,15.0,12,0.0,529.592306307031,10762.73160517834,733.577930596959,False,False
52.34153799379215,48.823734363175454,91,91,91,91,26,28427.302679532248,0.2243390719616459,0.7756609280383541,1.5784462355967812,15.0,12,0.0,529.592306307031,10762.73160517834,733.577930596959,False,True
52.27906148398682,-88.68402968686377,104,104,103,101,20,33896.680350914234,0.3364079302584707,0.6635920697415293,2.0138997905430136,15.0,12,0.0,529.592306307031,8383.263005261933,647.4281043197744,False,True
52.21667292811238,133.80820626309708,100,100,100,100,34,32819.00355804953,0.4398313622279647,0.5601686377720353,2.570353399209605,30.0,11,0.08333333333333337,529.592306307031,10762.73160517834,733.577930596959,False,False
52.1543718820873,-3.6995577869421368,94,94,94,93,32,31622.285114752893,0.19555827492950795,0.804441725070492,1.48619624973424,15.0,12,0.0,529.592306307031,10762.73160517834,733.577930596959,False,True
52.092157905348806,-141.20732183698132,73,73,73,73,21,27301.21172557736,0.6311270795419235,0.3688729204580765,4.421921450662047,30.0,11,0.08333333333333337,529.592306307031,10762.73160517834,733.577930596959,False,False
52.03003056081389,81.28491411297948,117,117,117,116,33,39186.78403596797,0.49149377893440344,0.5085062210655966,2.9330885585016326,30.0,11,0.08333333333333337,529.592306307031,10762.73160517834,733.577930596959,False,False
51.967989414840886,-56.22284993705972,104,104,104,104,25,31186.30613215,0.4680620225149284,0.5319379774850717,2.759836831834644,45.0,10,0.16666666666666663,529.592306307031,10762.73160517834,733.577930596959,False,False
51.906034037191525,166.2693860129011,86,86,86,86,18,25538.513962683646,0.7270754571330024,0.27292454286699763,6.328032792472774,30.0,11,0.08333333333333337,529.592306307031,10762.73160517834,733.577930596959,False,False
51.84416400099353,28.76162196287493,118,118,117,117,41,38024.49363919025,0.25674021833853733,0.7432597816614627,1.690849214966609,15.0,12,0.0,529.592306307031,10762.73160517834,733.577930596959,False,True
51.78237888270387,-108.74614208716426,102,102,100,98,21,32550.16882440717,0.23101589846311527,0.7689841015368848,1.6008340042438038,30.0,11,0.08333333333333337,529.592306307031,10762.73160517834,733.577930596959,False,True
51.72067826207226,113.74609386279654,121,121,121,118,37,39549.45294082412,0.19267523981316986,0.8073247601868301,1.477317801496838,45.0,10,0.16666666666666663,529.592306307031,8383.263005261933,647.4281043197744,False,True
51.659061722105534,-23.761670187242657,91,91,91,91,18,33643.343313121506,0.33110537941312496,0.6688946205868751,1.990007601264963,15.0,12,0.0,529.592306307031,10762.73160517834,733.577930596959,False,True
51.59752884903214,-161.26943423728184,88,88,88,88,26,28826.314830297088,0.6649245279090917,0.33507547209090827,4.96880454280875,60.0,9,0.25,529.592306307031,10762.73160517834,733.577930596959,False,False
51.536079232267376,61.222801712678965,96,96,96,93,18,31319.461034360884,0.4555655913285627,0.5444344086714372,2.67353710225723,30.0,11,0.08333333333333337,529.592306307031,8383.263005261933,647.4281043197744,False,False
51.47471246437906,-76.28496233736024,159,159,153,147,22,43037.97239269188,0.14424200277797994,0.8557579972220201,1.3371093305495747,15.0,12,0.0,529.592306307031,8383.263005261933,647.4281043197744,False,True
51.41342814105361,146.20727361260057,61,61,61,60,20,21003.093705487623,0.5341178558879491,0.46588214411205087,3.292931217211393,30.0,11,0.08333333333333337,529.592306307031,10762.73160517834,733.577930596959,False,False
51.352225861062585,8.699509562574411,188,188,184,180,56,56008.853890545055,0.2364378625619086,0.7635621374380914,1.619302217774198,15.0,12,0.0,529.592306307031,8383.263005261933,647.4281043197744,False,True
51.29110522622984,-128.8082544874778,147,147,144,142,30,47728.11333325195,0.6528957878589083,0.34710421214109166,4.761958311203195,15.0,12,0.0,529.592306307031,10762.73160517834,733.577930596959,False,False
51.23006584139891,93.68398146249602,129,129,127,127,24,40497.281798931246,0.39284274504082667,0.6071572549591733,2.294039532039331,30.0,11,0.08333333333333337,529.592306307031,8383.263005261933,647.4281043197744,False,True
51.169107314400996,-43.823782587556195,80,80,80,80,20,27630.91309999601,0.5533540147843428,0.44664598521565724,3.477819271193775,45.0,10,0.16666666666666663,529.592306307031,10762.73160517834,733.577930596959,False,False
51.10822925602333,178.66845336241764,106,106,106,106,39,37169.27735225747,0.6452688374086385,0.3547311625913615,4.638072464199976,45.0,9,0.25,529.592306307031,10762.73160517834,733.577930596959,False,False
51.04743127997796,41.16068931236541,90,90,90,90,30,29528.344420707308,0.3180273860514691,0.6819726139485309,1.932669082443451,45.0,10,0.16666666666666663,529.592306307031,10762.73160517834,733.577930596959,False,True
50.986713002870964,-96.34707473766076,117,117,115,113,27,39192.03124252456,0.3297327737058401,0.6702672262941599,1.983884518802745,30.0,11,0.08333333333333337,529.592306307031,10762.73160517834,733.577930596959,False,True
50.926074044172125,126.14516121228704,147,147,147,146,39,47538.14486337657,0.3297097969438968,0.6702902030561032,1.9837822347413905,30.0,11,0.08333333333333337,529.592306307031,10762.73160517834,733.577930596959,False,True
50.86551402618495,-11.362602837739132,95,95,95,95,31,32325.636258209503,0.20599262143740896,0.7940073785625911,1.5188682800664193,30.0,11,0.08333333333333337,529.592306307031,10762.73160517834,733.577930596959,False,True
50.80503257401706,-148.8703668877653,74,74,74,74,23,24681.240257615173,0.6736580216039844,0.32634197839601564,5.128540403628374,45.0,9,0.25,529.592306307031,10762.73160517834,733.577930596959,False,False
50.74462931555113,73.62186906218248,102,102,102,97,30,35616.623951267145,0.3795335256445685,0.6204664743554316,2.2233812504981674,45.0,10,0.16666666666666663,529.592306307031,8383.263005261933,647.4281043197744,False,True
50.68430388141604,-63.8858949878437,114,114,114,114,29,36702.19312933422,0.46499191333584666,0.5350080866641533,2.738261252218198,45.0,10,0.16666666666666663,529.592306307031,10762.73160517834,733.577930596959,False,False
50.62405590495849,158.6063409621041,78,78,74,74,16,24031.699946974273,0.7807164886104755,0.2192835113895245,8.120612796314164,30.0,10,0.16666666666666663,529.592306307031,10762.73160517834,733.577930596959,False,False
50.563885022215004,21.098576912077924,127,127,126,126,36,42312.31436537171,0.24983240810777407,0.7501675918922259,1.6660709175068353,15.0,12,0.0,529.592306307031,10762.73160517834,733.577930596959,False,True
50.50379087188428,-116.4091871379743,128,128,121,119,19,41862.165681666724,0.29161572857522833,0.7083842714247717,1.8233263790250516,15.0,12,0.0,529.592306307031,10762.73160517834,733.577930596959,False,True
50.443773095299875,106.08304881199953,112,112,111,108,29,37436.91779749993,0.04358477194058772,0.9564152280594123,1.0911419447576596,30.0,11,0.08333333333333337,529.592306307031,8383.263005261933,647.4281043197744,False,True
50.383831336403325,-31.42471523805267,84,84,84,84,13,30273.5570540499,0.3905992395496466,0.6094007604503534,2.2819125439259045,30.0,10,0.16666666666666663,529.592306307031,10762.73160517834,733.577930596959,False,True
50.32396524171754,-168.93247928807884,98,98,98,98,39,33431.18689286972,0.5698405776437878,0.4301594223562122,3.649439012738429,60.0,8,0.33333333333333337,529.592306307031,13817.578135434554,831.1912576367293,False,False
50.264174460320554,53.55975666186893,126,126,126,123,24,38005.97919997625,0.24147260646204768,0.7585273935379523,1.6366878995253211,15.0,12,0.0,529.592306307031,8383.263005261933,647.4281043197744,False,True
50.204458643819706,-83.94800738815724,108,108,103,100,25,34764.73825257023,0.35698599578850304,0.6430140042114969,2.1103521648063053,15.0,12,0.0,529.592306307031,10762.73160517834,733.577930596959,False,True
50.14481744632604,138.5442285618166,102,102,102,102,35,34791.52962128818,0.3219927039780474,0.6780072960219525,1.9498207640751466,30.0,9,0.25,679.7681833982128,10762.73160517834,733.577930596959,False,True
50.08525052442904,1.036464511764377,178,178,178,176,66,55165.05413153462,0.38459801378065217,0.6154019862193478,2.249908262868589,15.0,12,0.0,529.592306307031,8383.263005261933,647.4281043197744,False,True
50.02575753717186,-136.4712995382618,88,88,88,88,21,27266.67011151582,0.7298458136570171,0.27015418634298294,6.403179743662516,45.0,9,0.25,529.592306307031,10762.73160517834,733.577930596959,False,False
49.96633814602664,86.020936411686,135,135,133,131,34,43848.10723267615,0.444754022517957,0.5552459774820431,2.6020071844008648,15.0,12,0.0,529.592306307031,10762.73160517834,733.577930596959,False,False
49.906992014870234,-51.48682763834017,86,86,86,86,22,28662.72862084976,0.4674132665304679,0.5325867334695321,2.7552568892788893,45.0,10,0.16666666666666663,529.592306307031,10762.73160517834,733.577930596959,False,False
49.847718809960355,171.0054083116076,99,99,99,99,38,35402.90958994898,0.7311881981006194,0.2688118018993806,6.440149524196201,45.0,8,0.33333333333333337,679.7681833982128,10762.73160517834,733.577930596959,False,False
49.788518199911856,33.497644261581435,110,110,110,110,31,38510.306816550175,0.31573356991727347,0.6842664300827266,1.9228381111114916,15.0,12,0.0,529.592306307031,10762.73160517834,733.577930596959,False,True
49.729389855673375,-104.01011978847077,118,118,115,114,25,35773.79758807006,0.35474119989766645,0.6452588001023336,2.099531536311963,30.0,11,0.08333333333333337,529.592306307031,8383.263005261933,647.4281043197744,False,True
49.67033345050436,118.48211616150304,313,313,298,287,105,82208.5779666279,0.160907987706022,0.839092012293978,1.383528827228658,15.0,12,0.0,529.592306307031,8383.263005261933,647.4281043197744,False,True
49.61134865995222,-19.02564788852311,91,91,91,91,17,29796.406513427843,0.13750918073958016,0.8624908192604198,1.3188652624905468,15.0,12,0.0,529.592306307031,10762.73160517834,733.577930596959,False,True
49.552435161829884,-156.53341193857534,90,90,90,90,34,29445.83086329119,0.6366048860037355,0.36339511399626445,4.50365132322764,45.0,9,0.25,529.592306307031,13817.578135434554,831.1912576367293,False,False
49.493592636193654,65.95882401139849,111,111,111,109,28,34884.15709091758,0.5029596527866887,0.49704034721331125,3.0238182095540713,30.0,10,0.16666666666666663,529.592306307031,10762.73160517834,733.577930596959,False,False
49.434820765321255,-71.54894003865371,205,205,193,184,41,57908.95807152608,0.2873723491164434,0.7126276508835566,1.8065147311085745,15.0,12,0.0,529.592306307031,8383.263005261933,647.4281043197744,False,True
49.37611923369016,150.94329591132012,74,74,74,74,12,26151.81838355949,0.6586441107880855,0.3413558892119145,4.858987828267393,30.0,10,0.16666666666666663,529.592306307031,10762.73160517834,733.577930596959,False,False
49.3174877279563,13.43553186126789,147,147,147,144,45,50365.38519730623,0.11844901525428052,0.8815509847457195,1.2687286777597935,30.0,11,0.08333333333333337,529.592306307031,10762.73160517834,733.577930596959,False,True
49.258925936932904,-124.07223218875828,136,136,133,130,37,44477.37718233281,0.5435035904280366,0.45649640957196336,3.3811954663023798,15.0,12,0.0,529.592306307031,10762.73160517834,733.577930596959,False,False
49.200433551569674,98.4200037611895,235,235,225,222,23,63373.78231966056,0.23568849944126494,0.7643115005587351,1.616734143785536,15.0,12,0.0,529.592306307031,8383.263005261933,647.4281043197744,False,True
49.14201026493221,-39.08776028883665,78,78,78,78,14,24644.626454585945,0.46182523771143896,0.5381747622885611,2.716264938725667,30.0,11,0.08333333333333337,529.592306307031,8383.263005261933,647.4281043197744,False,False
49.08365577218167,-176.59552433888888,86,86,86,86,38,29439.002391912785,0.46195300552825014,0.5380469944717499,2.7171474249448853,60.0,9,0.25,679.7681833982128,10762.73160517834,733.577930596959,False,False
49.025369770554676,45.89671161108495,95,95,95,95,23,33833.72882664214,0.256754895170317,0.743245104829683,1.6909023510599597,15.0,12,0.0,529.592306307031,10762.73160517834,733.577930596959,False,True
48.967151959343504,-91.61105243894121,133,133,126,122,25,39745.8511189923,0.30177677453820057,0.6982232254617995,1.8644134526994791,15.0,12,0.0,529.592306307031,8383.263005261933,647.4281043197744,False,True
48.90900203987648,130.88118351100655,136,136,124,120,27,45572.24146536667,0.1739569368926787,0.8260430631073213,1.4211812789476275,30.0,11,0.08333333333333337,529.592306307031,10762.73160517834,733.577930596959,False,True
48.85091971549863,-6.626580539019585,100,100,100,100,33,34523.830290516715,0.19679328348895908,0.8032067165110409,1.490019018625211,15.0,12,0.0,529.592306307031,10762.73160517834,733.577930596959,False,True
48.79290469155255,-144.13434458907182,77,77,77,77,23,27604.038423467122,0.7935729163268511,0.20642708367314888,8.688651142147348,45.0,10,0.16666666666666663,529.592306307031,10762.73160517834,733.577930596959,False,False
48.734956675359555,78.35789136090202,94,94,94,92,29,29376.794540898325,0.5524154250424564,0.44758457495754356,3.468429235278525,15.0,12,0.0,529.592306307031,8383.263005261933,647.4281043197744,False,False
48.677075376200946,-59.149872689150186,91,91,91,91,24,31218.10756573955,0.3475536137882188,0.6524463862117812,2.065385972343801,45.0,10,0.16666666666666663,529.592306307031,10762.73160517834,733.577930596959,False,True
48.61926050529968,163.34236326082362,94,94,94,94,29,35662.033098013635,0.7966100511297902,0.20338994887020978,8.83332761087555,30.0,10,0.16666666666666663,529.592306307031,10762.73160517834,733.577930596959,False,False
48.56151177580208,25.834599210771405,105,105,103,103,26,34619.37515047415,0.19668483690208827,0.8033151630979117,1.489682869033845,30.0,11,0.08333333333333337,529.592306307031,10762.73160517834,733.577930596959,False,True
48.50382890275987,-111.67316483925475,124,124,120,117,19,39874.43536879332,0.3069008420801189,0.6930991579198811,1.8855900012955873,15.0,12,0.0,529.592306307031,10762.73160517834,733.577930596959,False,True
48.44621160311238,110.81907111070605,112,112,112,107,31,38545.109410565565,0.2349218008704785,0.7650781991295215,1.6141118676176216,30.0,11,0.08333333333333337,529.592306307031,8383.263005261933,647.4281043197744,False,True
48.38865959566905,-26.688692939333123,73,73,73,73,11,25613.869220974357,0.3175913700586872,0.6824086299413128,1.9307952922166303,30.0,10,0.16666666666666663,529.592306307031,8383.263005261933,647.4281043197744,False,True
48.33117260109193,-164.19645698935932,76,76,76,76,23,23902.443515393592,0.5949822711632854,0.4050177288367146,3.9380554420281007,45.0,10,0.16666666666666663,529.592306307031,13817.578135434554,831.1912576367293,False,False
48.27375034187871,58.295778960588464,117,117,117,112,20,34172.69577381777,0.4585277010062694,0.5414722989937306,2.693633088371815,15.0,12,0.0,529.592306307031,8383.263005261933,647.4281043197744,False,False
48.21639254234562,-79.21198508943769,90,90,83,81,26,28836.619652575784,0.26621238278254183,0.7337876172174582,1.7255842877044616,15.0,12,0.0,529.592306307031,10762.73160517834,733.577930596959,False,True
48.15909892861078,143.28025086051008,111,111,111,109,33,30902.843548597564,0.11032467880751169,0.8896753211924883,1.2480111028810748,30.0,11,0.08333333333333337,529.592306307031,10762.73160517834,733.577930596959,False,True
48.101869228577605,5.772486810483911,125,125,124,122,44,41550.0331307251,0.2513732836983366,0.7486267163016633,1.671558410151754,30.0,11,0.08333333333333337,679.7681833982128,10762.73160517834,733.577930596959,False,True
48.04470317191846,-131.73527723956832,106,106,105,104,23,34905.414449857315,0.649565444036735,0.350434555963265,4.707199720936351,15.0,12,0.0,529.592306307031,10762.73160517834,733.577930596959,False,False
47.98760049005847,90.75695871040553,136,136,134,134,39,45764.65292797874,0.2869708680402381,0.7130291319597619,1.804934483536453,15.0,12,0.0,529.592306307031,8383.263005261933,647.4281043197744,False,True
47.930560916159614,-46.750805339633644,78,78,78,78,19,25346.554950207043,0.44611103476789865,0.5538889652321013,2.6108319998068947,45.0,10,0.16666666666666663,529.592306307031,10762.73160517834,733.577930596959,False,False
47.87358418510487,175.74143061032714,82,82,82,82,33,24532.919635291633,0.45695118721711014,0.5430488127828899,2.6829101784623495,60.0,7,0.41666666666666663,679.7681833982128,13817.578135434554,831.1912576367293,False,False
47.81667003348262,38.23366656028794,108,108,108,108,41,34600.35886473344,0.3997777814302222,0.6002222185697779,2.3320992427865166,30.0,11,0.08333333333333337,529.592306307031,10762.73160517834,733.577930596959,False,True
47.75981819957128,-99.27409748975123,127,127,123,122,33,39766.07445614922,0.281377005093247,0.7186229949067531,1.7831004771278098,15.0,12,0.0,529.592306307031,8383.263005261933,647.4281043197744,False,True
47.70302842332396,123.21813846022259,211,211,188,174,44,64544.87305016683,0.07325564154677595,0.926744358453224,1.1580924467002807,15.0,12,0.0,529.592306307031,8383.263005261933,647.4281043197744,False,True
47.646300446353465,-14.289625589829654,98,98,98,98,31,32617.415489275863,0.18937482213419965,0.8106251778658004,1.4672315326616978,15.0,12,0.0,529.592306307031,10762.73160517834,733.577930596959,False,True
47.5896340119174,-151.7973896398558,77,77,77,77,29,28436.292749458247,0.6333913684913867,0.36660863150861334,4.455408924143159,45.0,9,0.25,529.592306307031,10762.73160517834,733.577930596959,False,False
47.53302886490341,70.69484631009198,90,90,90,90,29,32056.441736027075,0.5762417332610038,0.4237582667389962,3.7196719379444048,30.0,11,0.08333333333333337,529.592306307031,10762.73160517834,733.577930596959,False,False
47.4764847518146,-66.81291773993416,122,122,121,120,33,35100.409868206145,0.3762020753552935,0.6237979246447065,2.2061664859483625,15.0,12,0.0,529.592306307031,10762.73160517834,733.577930596959,False,True
47.420001420755256,155.67931821002662,98,98,98,98,30,34091.438773577574,0.8030276085262179,0.1969723914737821,9.153707253263505,30.0,10,0.16666666666666663,529.592306307031,10762.73160517834,733.577930596959,False,False
47.36357862141648,18.171554159987423,128,128,127,127,37,41477.640134493726,0.16633940681862028,0.8336605931813797,1.3990578616264995,15.0,12,0.0,529.592306307031,10762.73160517834,733.577930596959,False,True
47.3072161050622,-119.33620989005178,154,154,145,140,39,49311.49314951162,0.28646471255480177,0.7135352874451982,1.8029447669798762,15.0,12,0.0,529.592306307031,8383.263005261933,647.4281043197744,False,True
47.25091362451525,103.15602605990904,187,187,179,176,29,56578.30809859906,0.09205042975910067,0.9079495702408993,1.202765512041991,15.0,12,0.0,529.592306307031,8383.263005261933,647.4281043197744,False,True
47.19467093414365,-34.351737990130175,83,83,83,83,19,29242.795233331064,0.3857512671544721,0.614248732845528,2.256009972922423,15.0,12,0.0,529.592306307031,10762.73160517834,733.577930596959,False,True
47.138487789846934,-171.85950204016936,65,65,65,65,25,20059.174583628737,0.31626830418634205,0.6837316958136579,1.9251240102595357,60.0,8,0.33333333333333337,679.7681833982128,13817.578135434554,831.1912576367293,False,True
47.0823639490428,50.632733909804486,109,109,109,108,29,30400.062240034924,0.1844664206497548,0.8155335793502452,1.4523821589215826,30.0,11,0.08333333333333337,529.592306307031,10762.73160517834,733.577930596959,False,True
47.02629917065377,-86.87503014024776,115,115,102,97,24,34338.74485738438,0.3590613016703613,0.6409386983296387,2.1204232248922312,15.0,12,0.0,529.592306307031,8383.263005261933,647.4281043197744,False,True
46.970293215094046,135.6172058097261,159,159,151,140,24,42898.52539379909,0.1980733900435229,0.8019266099564771,1.4939938083717483,15.0,12,0.0,529.592306307031,8383.263005261933,647.4281043197744,False,True
46.914345844256516,-1.890558240313112,155,155,155,154,49,52820.452898314594,0.2885026054169109,0.7114973945830891,1.8109730481471757,15.0,12,0.0,529.592306307031,10762.73160517834,733.577930596959,False,True
46.85845682149996,-139.3983222903523,88,88,88,88,25,30768.900144015915,0.7543125531771544,0.2456874468228456,7.140424046337671,45.0,9,0.25,529.592306307031,10762.73160517834,733.577930596959,False,False
46.80262591163625,83.09391365960852,117,117,114,112,27,36885.777725376654,0.1729146419446162,0.8270853580553839,1.4181301005041789,15.0,12,0.0,529.592306307031,10762.73160517834,733.577930596959,False,True
46.74685288091785,-54.413850390430696,61,61,61,61,18,19787.72484383165,0.4732543877033035,0.5267456122966965,2.796899211518203,45.0,10,0.16666666666666663,529.592306307031,10762.73160517834,733.577930596959,False,False
46.69113749702538,168.07838555953012,67,67,67,67,30,19382.974322016074,0.6093596036096652,0.39064039639033477,4.1197982043863295,45.0,10,0.16666666666666663,679.7681833982128,13817.578135434554,831.1912576367293,False,False
46.6354795290553,30.570621509490937,101,101,101,101,36,31787.85383813214,0.3440275194988942,0.6559724805011058,2.0489083909010546,15.0,12,0.0,529.592306307031,10762.73160517834,733.577930596959,False,True
46.57987874750777,-106.93714254054825,123,123,117,115,23,39324.82822880556,0.11246876914830334,0.8875312308516967,1.2534418288365479,15.0,12,0.0,529.592306307031,8383.263005261933,647.4281043197744,False,True
46.52433492427465,115.55509340942558,177,177,158,149,50,51481.69396645289,0.4352234794906471,0.5647765205093529,2.5412237006529015,30.0,11,0.08333333333333337,529.592306307031,8383.263005261933,647.4281043197744,False,False
46.468847832627546,-21.952670640613633,89,89,89,89,22,31079.11921952624,0.2581410972497633,0.7418589027502367,1.695930442548513,30.0,11,0.08333333333333337,529.592306307031,8383.263005261933,647.4281043197744,False,True
46.413417247206134,-159.46043469065282,57,57,57,57,19,18710.406880925824,0.458193747877997,0.5418062521220031,2.691356443686152,45.0,8,0.33333333333333337,529.592306307031,13817.578135434554,831.1912576367293,False,False
46.35804294400648,63.031801259308,79,79,79,75,21,26790.74087896253,0.5616498879478419,0.4383501120521581,3.562562994764389,30.0,10,0.16666666666666663,529.592306307031,8383.263005261933,647.4281043197744,False,False
46.302724700369495,-74.47596279073122,124,124,109,100,24,37374.83332229772,0.4869562832122842,0.5130437167877158,2.8983032723263005,30.0,11,0.08333333333333337,529.592306307031,8383.263005261933,647.4281043197744,False,False
46.247462294969665,148.0162731592296,135,135,135,135,29,40982.262204980645,0.5144453062204859,0.4855546937795141,3.1190004455155806,30.0,10,0.16666666666666663,529.592306307031,10762.73160517834,733.577930596959,False,False
46.192255507803694,10.508509109190417,109,109,109,106,43,32217.0818557884,0.23780415738495028,0.7621958426150497,1.6239975189816258,30.0,11,0.08333333333333337,529.592306307031,10762.73160517834,733.577930596959,False,True
46.13710412017937,-126.99925494084877,132,132,130,128,23,47169.11002300008,0.5264714777639743,0.4735285222360257,3.2236104185570458,15.0,12,0.0,412.5936131601795,10762.73160517834,733.577930596959,False,False
46.08200791470465,95.49298100911203,192,192,183,183,31,55047.72243065825,0.20260157058213973,0.7973984294178602,1.5081564324877057,15.0,12,0.0,529.592306307031,8383.263005261933,647.4281043197744,False,True
46.026966675276626,-42.01478304091415,73,73,73,73,14,25171.206996642904,0.4569652727350823,0.5430347272649176,2.6830057077073577,60.0,9,0.25,529.592306307031,10762.73160517834,733.577930596959,False,False
45.97198018707083,-179.52254709095334,59,59,59,59,27,16002.210330110956,0.26942295153922635,0.7305770484607736,1.7375620466229096,60.0,8,0.33333333333333337,679.7681833982128,13817.578135434554,831.1912576367293,False,True
45.91704823653055,42.969688859007476,99,99,99,99,33,33344.67628800978,0.2679280407267111,0.7320719592732889,1.731971870614132,30.0,11,0.08333333333333337,529.592306307031,10762.73160517834,733.577930596959,False,True
45.862170611356284,-94.53807519103174,168,168,161,157,41,53462.0069012362,0.32276617268015106,0.6772338273198489,1.9531897541429593,15.0,12,0.0,529.592306307031,10762.73160517834,733.577930596959,False,True
45.80734710049527,127.95416075892909,190,190,166,149,29,52672.46725127089,0.20315648272938527,0.7968435172706148,1.5099030821641022,15.0,12,0.0,412.5936131601795,6529.857028264046,571.395529745554,False,True
45.752577494131145,-9.553603291110107,94,94,94,94,29,31705.391802087397,0.1607346833408982,0.8392653166591018,1.3830366396665634,15.0,12,0.0,529.592306307031,10762.73160517834,733.577930596959,False,True
45.69786158367385,-147.0613673411493,62,62,62,62,18,20741.72650378105,0.790394469998893,0.20960553000110704,8.541732987624119,45.0,9,0.25,529.592306307031,10762.73160517834,733.577930596959,False,False
45.64319916174932,75.43086860881151,99,99,98,98,31,31108.173481427522,0.3441099713745386,0.6558900286254614,2.0492916688966427,15.0,12,0.0,529.592306307031,10762.73160517834,733.577930596959,False,True
45.58859002218963,-62.07689544122769,78,78,78,78,21,25261.37980230032,0.3314808497153892,0.6685191502846108,1.9916869234763634,30.0,11,0.08333333333333337,529.592306307031,10762.73160517834,733.577930596959,False,True
45.53403396002306,160.41534050874614,75,75,75,75,26,20332.164740496613,0.7725795254647928,0.2274204745352072,7.794282942586939,30.0,10,0.16666666666666663,529.592306307031,10762.73160517834,733.577930596959,False,False
45.47953077146425,22.90757645869393,126,126,125,125,46,42119.5195146913,0.2988656626550522,0.7011343373449478,1.8525203994053272,15.0,12,0.0,529.592306307031,10762.73160517834,733.577930596959,False,True
45.425080253904525,-114.60018759133223,122,122,113,110,21,37693.69676952554,0.16313091313582628,0.8368690868641737,1.3898600526567253,30.0,11,0.08333333333333337,529.592306307031,8383.263005261933,647.4281043197744,False,True
45.3706822059024,107.89204835862857,123,123,116,115,35,36242.38073089758,0.17127174515330795,0.8287282548466921,1.413336323823041,15.0,12,0.0,529.592306307031,8383.263005261933,647.4281043197744,False,True
45.316336427173916,-29.615715691410628,76,76,76,76,18,26087.989314390037,0.4273464215518271,0.5726535784481729,2.492512882604831,45.0,10,0.16666666666666663,529.592306307031,8383.263005261933,647.4281043197744,False,False
45.26204271858335,-167.1234797414498,41,41,41,41,11,12828.069921414175,0.2942374206067044,0.7057625793932956,1.8338141726347796,60.0,9,0.25,529.592306307031,13817.578135434554,831.1912576367293,False,True
45.20780088213397,55.36875620851099,78,78,77,77,29,24762.293391875097,0.41190166615859874,0.5880983338414012,2.4007918147568863,15.0,12,0.0,529.592306307031,10762.73160517834,733.577930596959,False,False
45.15361072095868,-82.13900784152821,68,68,67,67,27,21130.263596131706,0.2061782782815677,0.7938217217184322,1.5194573860620535,30.0,11,0.08333333333333337,529.592306307031,13817.578135434554,831.1912576367293,False,True
45.09947203931102,140.3532281084326,125,125,123,118,28,39640.10993703164,0.07817535533067209,0.9218246446693279,1.169610035450321,15.0,12,0.0,529.592306307031,8383.263005261933,647.4281043197744,False,True
45.04538464255619,2.8454640584064377,130,130,129,128,32,42686.63516687544,0.17375285833476264,0.8262471416652374,1.4205832603174327,30.0,11,0.08333333333333337,529.592306307031,8383.263005261933,647.4281043197744,False,True
44.99134833716202,-134.6622999916458,104,104,104,104,27,37982.69477336267,0.6900904009446425,0.30990959905535753,5.453494845258892,30.0,10,0.16666666666666663,529.592306307031,10762.73160517834,733.577930596959,False,False
44.93736293069019,87.82993595832805,125,125,124,124,29,41941.908440890475,0.0867419054722549,0.9132580945277451,1.189961427097145,15.0,12,0.0,529.592306307031,8383.263005261933,647.4281043197744,False,True
44.88342823178755,-49.677828091724166,62,62,62,62,14,21233.895307014216,0.48065198676061177,0.5193480132393882,2.850982287436075,45.0,10,0.16666666666666663,529.592306307031,10762.73160517834,733.577930596959,False,False
44.829544050177375,172.81440785824967,48,48,48,48,17,15546.947744989508,0.3255536748401377,0.6744463251598622,1.9653953552581744,45.0,9,0.25,679.7681833982128,13817.578135434554,831.1912576367293,False,True
44.77571019665085,35.306643808210474,101,101,101,101,42,34490.270740331776,0.4022146182246873,0.5977853817753127,2.345682348505023,30.0,11,0.08333333333333337,529.592306307031,10762.73160517834,733.577930596959,False,False
44.721926483058645,-102.20112024182873,107,107,104,104,33,35875.324482267744,0.2598896408362217,0.7401103591637783,1.7022996979257545,15.0,12,0.0,529.592306307031,10762.73160517834,733.577930596959,False,True
44.668192722302436,120.29111570813208,167,167,150,141,45,57024.57236502561,0.3353485012960047,0.6646514987039953,2.009095750028101,30.0,11,0.08333333333333337,529.592306307031,8383.263005261933,647.4281043197744,False,True
44.61450872832663,-17.216648341907103,96,96,96,96,25,32631.987439792832,0.3619126722563238,0.6380873277436763,2.1343672143939094,15.0,12,0.0,529.592306307031,8383.263005261933,647.4281043197744,False,True
44.56087431611022,-154.72441239193327,50,50,50,50,14,17135.984048163264,0.47358528763179353,0.5264147123682065,2.7992859109170913,45.0,9,0.25,529.592306307031,13817.578135434554,831.1912576367293,False,False
44.50728930165855,67.7678235580145,69,69,69,69,19,26149.524919839365,0.6802188015514228,0.3197811984485772,5.254276391804855,45.0,9,0.25,529.592306307031,8383.263005261933,647.4281043197744,False,False
44.45375350199529,-69.73994049201167,108,108,104,100,26,37170.80830568457,0.4449647935883165,0.5550352064116835,2.6033750235954405,30.0,11,0.08333333333333337,529.592306307031,10762.73160517834,733.577930596959,False,False
44.400266735154496,152.75229545793613,115,115,115,115,39,38765.450688892706,0.5904493343909677,0.4095506656090323,3.883400682613594,45.0,9,0.25,529.592306307031,10762.73160517834,733.577930596959,False,False
44.34682882017269,15.244531407909951,133,133,131,127,47,42527.48683101447,0.19278868265800406,0.8072113173419959,1.4776659556578644,15.0,12,0.0,529.592306307031,8383.263005261933,647.4281043197744,False,True
44.29343957708101,-122.26323264214227,175,175,167,163,39,57480.30843879338,0.35922332305243654,0.6407766769475635,2.1212122287710318,15.0,12,0.0,529.592306307031,10762.73160517834,733.577930596959,False,True
44.24009882689759,100.22900330783156,190,190,186,186,40,55930.30220748955,0.3539156757972559,0.6460843242027441,2.0955711585603973,15.0,12,0.0,529.592306307031,8383.263005261933,647.4281043197744,False,True
44.18680639161973,-37.27876074220762,66,66,66,66,14,22570.390202250877,0.3787273183342422,0.6212726816657578,2.2191983633299235,45.0,10,0.16666666666666663,529.592306307031,10762.73160517834,733.577930596959,False,True
44.133562094216444,-174.78652479224684,45,45,45,45,18,16325.21464956189,0.31008081578812563,0.6899191842118744,1.8988902552183555,60.0,8,0.33333333333333337,679.7681833982128,13817.578135434554,831.1912576367293,False,True
44.0803657586209,47.70571115772701,105,105,105,105,34,34570.57105969636,0.2733330330253363,0.7266669669746637,1.7522924405475733,15.0,12,0.0,529.592306307031,10762.73160517834,733.577930596959,False,True
44.027217209723,-89.80205289232521,111,111,101,98,26,34216.19936713562,0.23254666568383095,0.767453334316169,1.6060216440157609,15.0,12,0.0,529.592306307031,10762.73160517834,733.577930596959,False,True
43.97411627336198,132.69018305764862,132,132,128,121,33,43386.81556593948,0.1759140777265245,0.8240859222734755,1.4269313987095313,15.0,12,0.0,529.592306307031,10762.73160517834,733.577930596959,False,True
43.921062776319175,-4.8175809924035775,119,119,119,118,34,40690.14137742367,0.5335415743715332,0.46645842562846684,3.2876275571726854,15.0,12,0.0,529.592306307031,10762.73160517834,733.577930596959,False,False
43.86805654631077,-142.32534504242977,72,72,72,72,23,25258.191432142394,0.7120792772248289,0.2879207227751711,5.946356555105419,45.0,10,0.16666666666666663,529.592306307031,13817.578135434554,831.1912576367293,False,False
43.81509741198062,80.16689090751801,110,110,109,109,30,34678.44166170123,0.10113564207480503,0.8988643579251949,1.2250298194229252,15.0,12,0.0,529.592306307031,8383.263005261933,647.4281043197744,False,True
43.76218520289325,-57.340873142508144,57,57,57,57,17,19610.769691275393,0.39301065045230343,0.6069893495476966,2.2949507293502225,60.0,8,0.33333333333333337,529.592306307031,10762.73160517834,733.577930596959,False,True
43.709319749526806,165.15136280743963,34,34,34,34,16,10542.372989583419,0.6177100073461043,0.38228999265389574,4.231630538157167,60.0,8,0.33333333333333337,679.7681833982128,13817.578135434554,831.1912576367293,False,False
43.65650088326606,27.643598757413464,130,130,129,129,51,44351.79484959644,0.2817612627287724,0.7182387372712276,1.784589435538538,15.0,12,0.0,529.592306307031,10762.73160517834,733.577930596959,False,True
43.603728436395635,-109.86416529261271,120,120,118,116,24,41864.09723031556,0.3290444093354854,0.6709555906645146,1.9808232136782697,30.0,11,0.08333333333333337,529.592306307031,10762.73160517834,733.577930596959,False,True
43.55100224209313,112.62807065733507,132,132,122,119,48,44028.7544243986,0.4256498703740975,0.5743501296259025,2.4821964805730627,15.0,12,0.0,529.592306307031,8383.263005261933,647.4281043197744,False,False
43.49832213442241,-24.87969339269108,81,81,81,81,26,29757.705256014327,0.4397412053294341,0.5602587946705659,2.5697788576009892,45.0,10,0.16666666666666663,529.592306307031,8383.263005261933,647.4281043197744,False,False
43.445687948326885,-162.3874574427433,38,38,38,38,10,13687.353434021541,0.4770849970107606,0.5229150029892393,2.8247133636767283,60.0,9,0.25,529.592306307031,10762.73160517834,733.577930596959,False,False
43.39309951962297,60.10477850723053,71,71,70,70,29,26142.713474445947,0.5784457886768093,0.4215542113231907,3.7443482861251045,30.0,10,0.16666666666666663,679.7681833982128,10762.73160517834,733.577930596959,False,False
43.340556684993466,-77.40298554282168,90,90,81,77,17,30061.256879714758,0.4542769936243798,0.5457230063756202,2.6648629004718987,30.0,10,0.16666666666666663,529.592306307031,10762.73160517834,733.577930596959,False,False
43.28805928198112,145.08925040715215,166,166,166,165,51,55859.52993346683,0.41678479658108825,0.5832152034189118,2.429265883803513,15.0,12,0.0,529.592306307031,10762.73160517834,733.577930596959,False,False
43.23560714898219,7.581486357099917,128,128,127,125,54,42689.74127514748,0.20725281408765828,0.7927471859123417,1.5228724056563863,45.0,9,0.25,529.592306307031,8383.263005261933,647.4281043197744,False,True
43.18320012524005,-129.92627769292625,138,138,137,134,37,45174.33840552693,0.6901211945348985,0.3098788054651015,5.454136148479634,15.0,12,0.0,529.592306307031,10762.73160517834,733.577930596959,False,False
43.13083805083894,92.56595825702153,111,111,111,111,27,36680.669596389955,0.12548625515416661,0.8745137448458333,1.286985209537875,15.0,12,0.0,529.592306307031,8383.263005261933,647.4281043197744,False,True
43.0785207666977,-44.94180579300462,55,55,55,55,18,18487.19516930662,0.5046162219658453,0.4953837780341547,3.0372739049644624,30.0,11,0.08333333333333337,529.592306307031,10762.73160517834,733.577930596959,False,False
43.026248114563536,177.55043015696918,42,42,42,42,18,13826.359080924907,0.19213140415544197,0.8078685958445581,1.4756501370240414,30.0,9,0.25,679.7681833982128,13817.578135434554,831.1912576367293,False,True
42.974019937006005,40.042666106916975,101,101,101,101,40,32538.04525411685,0.5345943510326173,0.4654056489673827,3.2973264386401278,30.0,10,0.16666666666666663,529.592306307031,10762.73160517834,733.577930596959,False,False
42.92183607741086,-97.46509794310919,121,121,120,118,35,37582.789767969414,0.30560947642077396,0.694390523579226,1.8802236379768384,15.0,12,0.0,529.592306307031,10762.73160517834,733.577930596959,False,True
42.86969637997405,125.02713800683858,123,123,116,112,34,38107.789957551446,0.28924338687694157,0.7107566131230585,1.8139027665349703,30.0,11,0.08333333333333337,529.592306307031,8383.263005261933,647.4281043197744,False,True
42.8176006896958,-12.480626043187556,112,112,112,112,30,39443.24067910744,0.39947843887156015,0.6005215611284398,2.3304382880804493,30.0,11,0.08333333333333337,529.592306307031,8383.263005261933,647.4281043197744,False,True
42.76554885237471,-149.9883900932398,46,46,46,46,8,15769.47774202468,0.6336032747996233,0.3663967252003767,4.4585640712433525,30.0,9,0.25,529.592306307031,13817.578135434554,831.1912576367293,False,False
42.71354071460184,72.50384585673403,120,120,119,119,39,38138.183464661386,0.2559566152952993,0.7440433847047008,1.688015297379156,30.0,11,0.08333333333333337,529.592306307031,8383.263005261933,647.4281043197744,False,True
42.66157612375503,-65.00391819331816,71,71,71,71,17,21439.24765231171,0.22792688130116803,0.772073118698832,1.5904282270189412,30.0,11,0.08333333333333337,529.592306307031,10762.73160517834,733.577930596959,False,True
42.609654927993134,157.48831775665565,65,65,65,65,19,21833.677852910863,0.29049328639226646,0.7095067136077335,1.81885986649838,30.0,10,0.16666666666666663,679.7681833982128,10762.73160517834,733.577930596959,False,True
42.557776976250246,19.980553706629486,122,122,117,117,39,41248.61247812137,0.26262313789252295,0.737376862107477,1.7123172732649268,15.0,12,0.0,529.592306307031,8383.263005261933,647.4281043197744,False,True
42.5059421182302,-117.52721034342272,158,158,147,142,35,54723.35686225372,0.27899668599410377,0.7210033140058962,1.7739123540056911,15.0,12,0.0,529.592306307031,8383.263005261933,647.4281043197744,False,True
42.45415020440094,104.9650256065511,137,137,130,130,38,43740.79926715561,0.17318489608473628,0.8268151039152637,1.41892049447245,15.0,12,0.0,529.592306307031,8383.263005261933,647.4281043197744,False,True
42.40240108598897,-32.54273844350115,65,65,65,65,14,23092.36559555376,0.39641510561946,0.60358489438054,2.3135355417610355,15.0,12,0.0,529.592306307031,10762.73160517834,733.577930596959,False,True
42.35069461497391,-170.0505024935273,38,38,38,38,10,12562.93653249784,0.35870847555802693,0.641291524441973,2.1187064287810795,75.0,8,0.33333333333333337,529.592306307031,13817.578135434554,831.1912576367293,False,False
42.29903064408311,52.44173345642049,94,94,94,93,36,32001.136437069254,0.35235798609917096,0.647642013900829,2.0881257810217555,15.0,12,0.0,529.592306307031,8383.263005261933,647.4281043197744,False,True
42.247409026786165,-85.06603059360566,68,68,64,63,18,21746.773766601116,0.21776342739499327,0.7822365726050067,1.5567712761621384,30.0,11,0.08333333333333337,529.592306307031,10762.73160517834,733.577930596959,False,True
42.19582961728972,137.4262053563421,121,121,118,114,33,41437.36990536229,0.3214725009148841,0.6785274990851159,1.9475592407038405,30.0,11,0.08333333333333337,529.592306307031,10762.73160517834,733.577930596959,False,True
42.144292270532105,-0.0815586936840873,145,145,144,143,49,48751.68195214274,0.4670551356001203,0.5329448643998798,2.752733413149766,15.0,12,0.0,679.7681833982128,8383.263005261933,647.4281043197744,False,False
42.092796842178146,-137.58932274372324,73,73,73,73,21,26676.601303346994,0.6071503761294783,0.3928496238705217,4.091006528898128,45.0,8,0.33333333333333337,529.592306307031,13817.578135434554,831.1912576367293,False,False
42.04134318861399,84.90291320623756,119,119,119,119,26,41193.24146592481,0.009398964321081574,0.9906010356789184,1.0189762860779563,15.0,12,0.0,529.592306307031,8383.263005261933,647.4281043197744,False,True
41.98993116694194,-52.6048508437886,58,58,58,58,13,19787.46796719545,0.5122826911528136,0.48771730884718645,3.1007361512909686,45.0,10,0.16666666666666663,529.592306307031,10762.73160517834,733.577930596959,False,False
41.9385606349754,169.88738510615917,32,32,32,32,14,10524.934700728501,0.558251111464245,0.441748888535755,3.5274590426912207,45.0,7,0.41666666666666663,679.7681833982128,13817.578135434554,831.1912576367293,False,False
41.887231451233816,32.379621056133,99,99,96,96,33,32173.477882695457,0.39952329300505873,0.6004767069949413,2.3306870636313444,30.0,11,0.08333333333333337,529.592306307031,10762.73160517834,733.577930596959,False,True
41.83594347493772,-105.12814299391923,97,97,97,96,25,31912.46723974865,0.2647587131156869,0.7352412868843131,1.7201954456002837,30.0,11,0.08333333333333337,529.592306307031,10762.73160517834,733.577930596959,False,True
41.784696566003696,117.3640929560546,123,123,121,117,46,41126.265343848136,0.4447163426533687,0.5552836573466313,2.6017627631196723,15.0,12,0.0,529.592306307031,8383.263005261933,647.4281043197744,False,False
41.73349058503957,-20.143671093997625,78,78,78,78,27,28283.858296756593,0.4577812186123487,0.5422187813876513,2.6885479969572086,15.0,12,0.0,529.592306307031,8383.263005261933,647.4281043197744,False,False
41.68232539333951,-157.65143514402376,44,44,44,44,15,13839.458599102247,0.5567097150493256,0.44329028495067435,3.511716290427035,60.0,7,0.41666666666666663,529.592306307031,10762.73160517834,733.577930596959,False,False
41.63120085287918,64.84080080593704,73,73,72,72,25,25925.095238189006,0.7217389715378575,0.2782610284621425,6.187495895682354,60.0,9,0.25,529.592306307031,10762.73160517834,733.577930596959,False,False
41.58011682631102,-72.66696324410219,102,102,94,90,17,32699.243548997412,0.44486767553346296,0.555132324466537,2.6027446283585283,30.0,11,0.08333333333333337,529.592306307031,10762.73160517834,733.577930596959,False,False
41.52907317695949,149.82527270585865,82,82,82,82,35,27695.07951335965,0.3130594828103419,0.6869405171896581,1.9114602355706118,30.0,11,0.08333333333333337,679.7681833982128,10762.73160517834,733.577930596959,False,True
41.47806976881633,12.31750865581945,117,117,116,112,53,40065.86655898795,0.18556836256405476,0.8144316374359453,1.455700279886658,30.0,11,0.08333333333333337,679.7681833982128,10762.73160517834,733.577930596959,False,True
41.42710646653603,-125.19025539420673,322,322,315,307,99,80798.48091397685,0.433654381195247,0.566345618804753,2.5314125042953632,15.0,12,0.0,529.592306307031,10762.73160517834,733.577930596959,False,False
41.37618313543111,97.30198055574107,134,134,134,134,32,43677.8181863341,0.21974651782671942,0.7802534821732806,1.5632695600784707,30.0,11,0.08333333333333337,529.592306307031,10762.73160517834,733.577930596959,False,True
41.32529964146761,-40.20578349428513,52,52,52,52,13,17463.147278040204,0.4586224353926713,0.5413775646073287,2.694279428536418,45.0,10,0.16666666666666663,529.592306307031,10762.73160517834,733.577930596959,False,False
41.27445585126056,-177.71354754433733,40,40,40,40,14,13301.354201621418,0.3332013638657218,0.6667986361342781,1.9994062549300797,45.0,8,0.33333333333333337,529.592306307031,10762.73160517834,733.577930596959,False,True
41.2236516320695,44.77868840563651,160,160,160,158,45,47210.0144089283,0.3835368640458539,0.6164631359541461,2.244314028452732,15.0,12,0.0,529.592306307031,10762.73160517834,733.577930596959,False,True
41.17288685179397,-92.72907564440266,113,113,109,107,29,36703.07155348692,0.36087045553960023,0.6391295444603997,2.1292560598001264,30.0,10,0.16666666666666663,529.592306307031,10762.73160517834,733.577930596959,False,True
41.12216137896922,129.76316030555813,106,106,105,105,28,36202.32688165645,0.5111009584428816,0.4888990415571184,3.090824137494937,15.0,12,0.0,529.592306307031,10762.73160517834,733.577930596959,False,False
41.071475082761744,-7.744603744481083,313,313,312,309,115,68004.57724333953,0.30787572559368914,0.6921242744063109,1.8896544651833755,15.0,12,0.0,529.592306307031,8383.263005261933,647.4281043197744,False,True
41.020827832965,-145.25236779452027,46,46,46,46,13,14155.780735494884,0.5921581828111903,0.40784181718880974,3.9038620261788974,45.0,10,0.16666666666666663,529.592306307031,13817.578135434554,831.1912576367293,False,False
40.97021949999508,77.23986815544055,116,116,115,115,32,39152.468082188985,0.258184944443401,0.741815055556599,1.696089793566348,15.0,12,0.0,529.592306307031,8383.263005261933,647.4281043197744,False,True
40.919649954886516,-60.26789589459867,68,68,68,68,23,23761.510409332288,0.4490505536719525,0.5509494463280475,2.630097122938491,30.0,10,0.16666666666666663,529.592306307031,13817.578135434554,831.1912576367293,False,False
40.86911906928798,162.2243400553752,52,52,52,52,15,18118.909287029255,0.31229865324839295,0.6877013467516071,1.9082391788922668,30.0,10,0.16666666666666663,679.7681833982128,10762.73160517834,733.577930596959,False,True
40.81862671545818,24.716576005322963,116,116,112,112,34,38795.499138438376,0.1963760322486151,0.8036239677513849,1.4887261707688824,15.0,12,0.0,529.592306307031,10762.73160517834,733.577930596959,False,True
40.76817276626168,-112.7911880447032,132,132,120,112,24,41006.11538286388,0.42397792255545685,0.5760220774445431,2.4720891408759433,15.0,12,0.0,529.592306307031,10762.73160517834,733.577930596959,False,False
40.717757095164764,109.70104790525761,134,134,122,118,42,45450.19969329717,0.23285421209902604,0.767145787900974,1.6070663901737636,15.0,12,0.0,529.592306307031,10762.73160517834,733.577930596959,False,True
40.66737957623143,-27.806716144781603,62,62,62,62,18,20995.618826872076,0.3709752334868309,0.6290247665131691,2.179525046504077,15.0,12,0.0,529.592306307031,10762.73160517834,733.577930596959,False,True
40.61704008411932,-165.3144801948208,39,39,39,39,12,12513.203938897384,0.6284373111065286,0.37156268889347144,4.382671779978986,90.0,7,0.41666666666666663,529.592306307031,10762.73160517834,733.577930596959,False,False
40.56673849407566,57.177755755140026,90,90,90,90,34,30591.422198545886,0.5952429495743565,0.40475705042564347,3.941235731154764,30.0,10,0.16666666666666663,679.7681833982128,8383.263005261933,647.4281043197744,False,False
40.51647468193339,-80.33000829489919,123,123,111,89,17,31313.602844700617,0.23481123131791173,0.7651887686820883,1.6137341292197358,15.0,12,0.0,412.5936131601795,8383.263005261933,647.4281043197744,False,True
40.46624852410717,142.16222765506163,195,195,193,186,71,51296.41908588154,0.41136304832961584,0.5886369516703842,2.397680003480191,15.0,12,0.0,529.592306307031,8383.263005261933,647.4281043197744,False,False
40.41605989758948,4.6544636050224435,126,126,124,122,48,42692.16521846024,0.3066651199679572,0.6933348800320428,1.8846089495851834,30.0,11,0.08333333333333337,529.592306307031,10762.73160517834,733.577930596959,False,True
40.36590867994676,-132.85330044500373,69,69,69,69,21,25469.522979280744,0.6315776069574895,0.36842239304251045,4.42855167809854,45.0,8,0.33333333333333337,529.592306307031,13817.578135434554,831.1912576367293,False,False
40.31579474931562,89.6389355049701,93,93,93,93,33,32545.266494383533,0.2895353011333183,0.7104646988666816,1.815058937045511,15.0,12,0.0,529.592306307031,10762.73160517834,733.577930596959,False,True
40.265717984398925,-47.868828545082124,43,43,43,43,13,14029.595449734908,0.5691407145968959,0.43085928540310414,3.6418867313694685,45.0,9,0.25,529.592306307031,10762.73160517834,733.577930596959,False,False
40.21567826446214,174.62340740489174,35,35,35,35,14,11265.298146578562,0.30879936767625354,0.6912006323237465,1.8935158714716485,30.0,10,0.16666666666666663,679.7681833982128,13817.578135434554,831.1912576367293,False,True
40.165675469329564,37.115643354839506,92,92,89,87,24,28427.406707403512,0.3823424753823246,0.6176575246176754,2.2380403707345464,15.0,12,0.0,529.592306307031,10762.73160517834,733.577930596959,False,True
40.11570947938054,-100.39212069518669,105,105,105,104,26,36309.576545439086,0.3069806818616965,0.6930193181383035,1.8859224377362405,15.0,12,0.0,529.592306307031,10762.73160517834,733.577930596959,False,True
40.0657801755459,122.10011525476112,131,131,131,127,44,44488.656591716135,0.391153098242176,0.608846901757824,2.284898049453364,15.0,12,0.0,529.592306307031,10762.73160517834,733.577930596959,False,True
40.015887439304265,-15.407648795265061,94,94,94,94,29,33075.420578090976,0.4899930578118288,0.5100069421881712,2.9215152472612496,15.0,12,0.0,529.592306307031,8383.263005261933,647.4281043197744,False,False
39.96603115267839,-152.91541284531726,34,34,34,34,10,11433.335688322579,0.45541805550923675,0.5445819444907632,2.6725418832425545,45.0,9,0.25,529.592306307031,13817.578135434554,831.1912576367293,False,False
39.91621119823167,69.57682310465657,116,116,113,113,37,42800.211449621325,0.355448870988734,0.644551129011266,2.1029346004993847,45.0,10,0.16666666666666663,529.592306307031,8383.263005261933,647.4281043197744,False,True
39.866427459064525,-67.93094094539566,70,70,70,70,16,22307.587400182747,0.45921779442708255,0.5407822055729175,2.6983465420818584,30.0,10,0.16666666666666663,529.592306307031,10762.73160517834,733.577930596959,False,False
39.81667981881087,154.56129500457817,54,54,54,54,18,16629.464787322122,0.3240713543816469,0.6759286456183531,1.9588922040289622,45.0,8,0.33333333333333337,679.7681833982128,8383.263005261933,647.4281043197744,False,True
39.766968161634665,17.053530954552013,96,96,90,89,26,28047.890387508327,0.4007928925837141,0.5992071074162859,2.3377441209330385,15.0,12,0.0,529.592306307031,8383.263005261933,647.4281043197744,False,False
39.71729237222643,-120.4542330955002,196,196,186,181,47,66643.56156250651,0.41180415186736413,0.5881958481326359,2.4002280130835056,15.0,12,0.0,529.592306307031,10762.73160517834,733.577930596959,False,False
39.66765233579978,102.03800285447362,154,154,153,152,42,53390.01658425974,0.3632669625081925,0.6367330374918074,2.1410338120326182,15.0,12,0.0,529.592306307031,8383.263005261933,647.4281043197744,False,True
39.61804793808807,-35.4697611955786,52,52,52,52,12,17151.619306908535,0.43179532596148046,0.5682046740385196,2.519858409092243,30.0,10,0.16666666666666663,529.592306307031,13817.578135434554,831.1912576367293,False,False
39.56847906534098,-172.97752524560477,43,43,43,43,15,15364.346410851555,0.2810341970974807,0.7189658029025193,1.781773475074682,45.0,8,0.33333333333333337,529.592306307031,13817.578135434554,831.1912576367293,False,True
39.51894560432116,49.51471070434302,185,185,182,178,41,52715.08495989429,0.33217556431073175,0.6678244356892682,1.9947990716089632,15.0,12,0.0,529.592306307031,10762.73160517834,733.577930596959,False,True
39.46944744230095,-87.99305334568317,112,112,95,92,23,37686.555598589795,0.2482291222206598,0.7517708777793402,1.660385044320698,15.0,12,0.0,529.592306307031,10762.73160517834,733.577930596959,False,True
39.419984467059,134.49918260426463,123,123,121,120,36,39910.85682354217,0.4940664733289825,0.5059335266710174,2.9530884880465673,30.0,11,0.08333333333333337,529.592306307031,10762.73160517834,733.577930596959,False,False
39.3705565668771,-3.0085814457615356,176,176,175,173,67,56003.538554502986,0.6082664263761594,0.39173357362384065,4.1055108233344475,15.0,12,0.0,679.7681833982128,8383.263005261933,647.4281043197744,False,False
39.32116363053685,-140.5163454957877,43,43,43,43,11,14297.611464727648,0.46823582893918225,0.5317641710608177,2.7610657295887284,45.0,9,0.25,529.592306307031,13817.578135434554,831.1912576367293,False,False
39.27180554731653,81.97589045416008,120,120,120,120,26,42424.80923125033,0.09438285251501434,0.9056171474849857,1.208438748707724,15.0,12,0.0,529.592306307031,8383.263005261933,647.4281043197744,False,True
39.22248220698784,-55.5318735958661,50,50,50,50,16,16583.366224023433,0.5320129345482627,0.4679870654517373,3.2736223875534796,45.0,9,0.25,529.592306307031,10762.73160517834,733.577930596959,False,False
39.173193499812726,166.9603623540817,45,45,45,45,13,15266.032539753649,0.15005498984226145,0.8499450101577386,1.353093407335642,45.0,9,0.25,529.592306307031,10762.73160517834,733.577930596959,False,True
39.12393931654036,29.452598304055524,94,94,92,92,25,32646.786991845922,0.37154422863117953,0.6284557713688205,2.182403744409667,30.0,10,0.16666666666666663,529.592306307031,10762.73160517834,733.577930596959,False,True
39.074719548403856,-108.0551657459967,133,133,116,112,20,42150.55806979591,0.33530439002436296,0.664695609975637,2.0088960570588177,30.0,11,0.08333333333333337,412.5936131601795,10762.73160517834,733.577930596959,False,True
39.0255340871173,114.43707020397714,133,133,131,126,43,46985.7670917382,0.4236849741788799,0.57631502582112,2.4703242330884003,30.0,11,0.08333333333333337,529.592306307031,10762.73160517834,733.577930596959,False,False
38.97638282487271,-23.070693846075073,46,46,46,46,9,15674.194621608565,0.45940878749477454,0.5405912125052255,2.6996531829134525,30.0,11,0.08333333333333337,529.592306307031,13817.578135434554,831.1912576367293,False,False
38.927265654336885,-160.57845789610124,33,33,33,33,15,10407.298549607664,0.5559843254607939,0.4440156745392061,3.504345487522653,75.0,6,0.5,679.7681833982128,10762.73160517834,733.577930596959,False,False
38.87818246864846,61.91377805384653,96,96,96,96,32,31937.29666359086,0.7057873701974657,0.29421262980253426,5.79780470791595,60.0,9,0.25,529.592306307031,8383.263005261933,647.4281043197744,False,False
38.82913316141496,-75.59398599617964,84,84,77,64,12,26301.942660926994,0.2280015323625019,0.7719984676374981,1.5906787174338355,30.0,11,0.08333333333333337,412.5936131601795,8383.263005261933,647.4281043197744,False,True
38.780117626709746,146.8982499537942,75,75,75,75,30,25035.909872674223,0.036062915462493836,0.9639370845375062,1.0748242100879368,30.0,11,0.08333333333333337,679.7681833982128,10762.73160517834,733.577930596959,False,True
38.731135759069126,9.390485903741977,127,127,125,119,38,37432.09862316629,0.2866213260953147,0.7133786739046852,1.8035601191341764,15.0,12,0.0,529.592306307031,10762.73160517834,733.577930596959,False,True
38.68218745348944,-128.11727814628418,87,87,85,83,29,29692.36877469398,0.5221488749623739,0.47785112503762606,3.1854039787863213,15.0,12,0.0,529.592306307031,13817.578135434554,831.1912576367293,False,False
38.63327260542415,94.37495780366359,129,129,127,127,35,46079.88190180733,0.13982526616702057,0.8601747338329795,1.3251089823202604,15.0,12,0.0,529.592306307031,10762.73160517834,733.577930596959,False,True
38.584391110780956,-43.13280624636258,40,40,40,40,10,13889.985138982423,0.6487148967575097,0.3512851032424903,4.693381192482308,30.0,10,0.16666666666666663,529.592306307031,13817.578135434554,831.1912576367293,False,False
38.53554286591901,179.3594297035852,45,45,45,45,13,15700.256584254643,0.11615729337608728,0.8838427066239127,1.262846075451101,30.0,11,0.08333333333333337,529.592306307031,13817.578135434554,831.1912576367293,False,True
38.48672776764602,41.85166565355904,100,100,100,100,28,35737.48511814614,0.29543946262432946,0.7045605373756705,1.8386489079413249,30.0,10,0.16666666666666663,529.592306307031,10762.73160517834,733.577930596959,False,True
38.437945713215456,-95.65609839649318,105,105,105,104,31,36849.714171663254,0.37460773934766395,0.6253922606523361,2.197992885159522,30.0,11,0.08333333333333337,529.592306307031,10762.73160517834,733.577930596959,False,True
38.389196600323835,126.83613755348065,156,156,150,149,33,46544.08705167567,0.35773377235639847,0.6422662276436015,2.113973480028309,15.0,12,0.0,529.592306307031,10762.73160517834,733.577930596959,False,True
38.340480327107905,-10.671626496571548,331,331,330,327,125,77920.98886904717,0.19108565627504406,0.808914343724956,1.4724496672790273,15.0,12,0.0,529.592306307031,8383.263005261933,647.4281043197744,False,True
38.291796792141874,-148.17939054659774,30,30,30,30,11,10871.327516585185,0.5517978592039403,0.4482021407960597,3.4622723051874873,30.0,10,0.16666666666666663,529.592306307031,10762.73160517834,733.577930596959,False,False
38.24314589443483,74.3128454033761,120,120,118,118,39,40966.84754094719,0.16300332038324578,0.8369966796167543,1.3894957395957221,15.0,12,0.0,529.592306307031,8383.263005261933,647.4281043197744,False,True
38.19452753342788,-63.194918646676115,67,67,67,67,17,23699.482572711553,0.5207474047591738,0.4792525952408262,3.1731646732032672,30.0,11,0.08333333333333337,529.592306307031,13817.578135434554,831.1912576367293,False,False
38.14594160899158,159.29731730329772,57,57,57,57,18,19081.347475379138,0.26222453494150466,0.7377754650584953,1.710851871228095,30.0,10,0.16666666666666663,529.592306307031,8383.263005261933,647.4281043197744,False,True
38.097388021423306,21.78955325324549,91,91,86,85,22,30638.455306378342,0.19232315687402077,0.8076768431259792,1.4762378877415028,15.0,12,0.0,529.592306307031,10762.73160517834,733.577930596959,False,True
38.04886667144453,-115.71821079678068,124,124,116,109,34,44615.468070780655,0.609034500667395,0.39096549933260505,4.115540894053532,30.0,10,0.16666666666666663,529.592306307031,10762.73160517834,733.577930596959,False,False
38.00037746019824,106.7740251531671,152,152,135,130,54,47671.28070741406,0.2823887481600008,0.7176112518399992,1.7870243044153469,15.0,12,0.0,529.592306307031,8383.263005261933,647.4281043197744,False,True
37.95192028924644,-30.73373889685905,48,48,48,48,10,17597.405679665077,0.3499567693081315,0.6500432306918684,2.0767184482043075,15.0,12,0.0,529.592306307031,13817.578135434554,831.1912576367293,False,True
37.903495060567465,-168.24150294691128,42,42,42,42,18,13404.829717340755,0.5091475126981175,0.49085248730188247,3.0745438838327956,45.0,9,0.25,679.7681833982128,10762.73160517834,733.577930596959,False,False
37.855101676553474,54.25073300306255,90,90,90,90,24,33847.12981395939,0.5155509717802373,0.48444902821976266,3.1284013043632974,45.0,9,0.25,529.592306307031,10762.73160517834,733.577930596959,False,False
37.80674004000794,-83.25703104698965,85,85,73,61,15,28448.573013450907,0.21368917383817077,0.7863108261618292,1.5435234177843857,15.0,12,0.0,412.5936131601795,8383.263005261933,647.4281043197744,False,True
37.75841005414311,139.23520490298415,151,151,149,145,48,46623.531906584365,0.2706338601572429,0.7293661398427571,1.7421070032551507,15.0,12,0.0,529.592306307031,10762.73160517834,733.577930596959,False,True
37.710111622577536,1.727440852957998,90,90,89,87,32,30116.095041508026,0.325090963740976,0.674909036259024,1.963362308920721,30.0,11,0.08333333333333337,679.7681833982128,8383.263005261933,647.4281043197744,False,True
37.6618446493336,-135.78032319709422,51,51,51,51,17,15856.529116159883,0.5296878094905478,0.47031219050945217,3.252494492718884,45.0,9,0.25,529.592306307031,13817.578135434554,831.1912576367293,False,False
37.61360903883505,86.71191275287961,86,86,86,86,31,28547.265262597342,0.18278285190882507,0.817217148091175,1.4473299473359371,15.0,12,0.0,679.7681833982128,8383.263005261933,647.4281043197744,False,True
37.565404695904576,-50.79585129717259,40,40,40,40,12,14239.317341244114,0.4230541147500602,0.5769458852499398,2.4665296193828925,45.0,9,0.25,529.592306307031,10762.73160517834,733.577930596959,False,False
37.51723152576138,171.6963846528012,43,43,43,43,14,14381.782724684157,0.22079703774244439,0.7792029622575556,1.5667253551057798,45.0,7,0.41666666666666663,679.7681833982128,13817.578135434554,831.1912576367293,False,True
37.46908943401883,34.188620602749005,119,119,115,112,20,39234.187703225296,0.39591647666987706,0.6040835233301229,2.3108004485449753,15.0,12,0.0,529.592306307031,10762.73160517834,733.577930596959,False,True
37.42097832668199,-103.31914344727716,103,103,103,102,34,37012.24834450934,0.38012533895883543,0.6198746610411645,2.2264587112509577,15.0,12,0.0,529.592306307031,10762.73160517834,733.577930596959,False,True
37.37289811014538,119.17309250267061,129,129,129,125,46,44753.881607375224,0.35311006877409185,0.6468899312259082,2.091716076349867,30.0,11,0.08333333333333337,529.592306307031,10762.73160517834,733.577930596959,False,True
37.324848691190525,-18.334671547355526,76,76,76,76,26,25820.73693799748,0.5402961270090769,0.4597038729909231,3.3506268219747852,30.0,11,0.08333333333333337,529.592306307031,10762.73160517834,733.577930596959,False,False
37.27682997698368,-155.84243559740776,30,30,30,30,10,8877.206808811019,0.6044658016020572,0.3955341983979428,4.056452787396707,75.0,7,0.41666666666666663,529.592306307031,10762.73160517834,733.577930596959,False,False
37.22884187507355,66.64980035256606,119,119,119,119,34,39746.09127500947,0.5753220643134302,0.42467793568656975,3.7094511674279316,60.0,9,0.25,529.592306307031,8383.263005261933,647.4281043197744,False,False
37.18088429338895,-70.8579636974601,72,72,71,70,19,24645.887683881196,0.5145604154157541,0.48543958458424585,3.1199771578432314,45.0,8,0.33333333333333337,529.592306307031,10762.73160517834,733.577930596959,False,False
37.13295714023655,151.63427225248768,54,54,54,54,22,17129.28860428396,0.07814774279447277,0.9218522572055272,1.1695450484253676,30.0,10,0.16666666666666663,679.7681833982128,10762.73160517834,733.577930596959,False,True
37.08506032429864,14.126508202461512,166,166,159,153,56,43667.84041010049,0.11217559990248903,0.887824400097511,1.2526977179049563,15.0,12,0.0,529.592306307031,8383.263005261933,647.4281043197744,False,True
37.03719375463089,-123.38125584759072,120,120,113,113,34,41181.79615928603,0.5254661542197007,0.47453384578029933,3.214662489903753,15.0,12,0.0,529.592306307031,10762.73160517834,733.577930596959,False,False
36.9893573406601,99.11098010238312,127,127,122,121,33,39621.83372585387,0.21975758564192907,0.780242414358071,1.5633059203087036,15.0,12,0.0,529.592306307031,8383.263005261933,647.4281043197744,False,True
36.94155099218202,-38.39678394766912,38,38,38,38,10,13207.10901813185,0.6283087627905688,0.3716912372094312,4.380810198850855,45.0,9,0.25,529.592306307031,13817.578135434554,831.1912576367293,False,False
36.89377461935919,-175.90454799769526,44,44,44,44,24,13909.5514502899,0.2854094046272755,0.7145905953727245,1.79880537604447,30.0,11,0.08333333333333337,679.7681833982128,13817.578135434554,831.1912576367293,False,True
36.8460281327187,46.587687952252516,111,111,110,109,22,30399.68026492584,0.08718010356962953,0.9128198964303704,1.191012715455813,15.0,12,0.0,529.592306307031,10762.73160517834,733.577930596959,False,True
36.798311443150084,-90.92007609777363,109,109,96,92,28,35095.466301465975,0.23758191263528547,0.7624180873647145,1.6232326241274873,15.0,12,0.0,529.592306307031,8383.263005261933,647.4281043197744,False,True
36.75062446190321,131.57215985217414,123,123,118,116,34,39513.15935147897,0.6098590919870431,0.39014090801295687,4.126352963564586,15.0,12,0.0,529.592306307031,10762.73160517834,733.577930596959,False,False
36.702967100586065,-5.935604197852058,195,195,191,186,75,61518.29063486899,0.17986279320276682,0.8201372067972332,1.4386163478795448,15.0,12,0.0,679.7681833982128,8383.263005261933,647.4281043197744,False,True
36.65533927116277,-143.4433682478782,43,43,43,43,15,14448.273653931674,0.5310933319355186,0.46890666806448145,3.2652411155837333,30.0,11,0.08333333333333337,529.592306307031,10762.73160517834,733.577930596959,False,False
36.607740885951365,79.04886770206957,116,116,116,116,37,41043.82339344358,0.1726914237039101,0.8273085762960899,1.4174776586435498,15.0,12,0.0,529.592306307031,8383.263005261933,647.4281043197744,False,True
36.56017185762183,-58.45889634795657,46,46,46,46,14,15918.600627802576,0.6041059350984034,0.3958940649015966,4.051856487156785,30.0,11,0.08333333333333337,529.592306307031,13817.578135434554,831.1912576367293,False,False
36.512632099193986,164.0333396019912,56,56,56,56,14,19324.339472104446,0.4356082060260584,0.5643917939739416,2.543637631436473,30.0,8,0.33333333333333337,529.592306307031,8383.263005261933,647.4281043197744,False,False
36.46512152403546,26.525575551965023,103,103,102,101,26,31984.507939660914,0.20924620798762963,0.7907537920123704,1.529232259399285,15.0,12,0.0,529.592306307031,10762.73160517834,733.577930596959,False,True
36.41764004585963,-110.9821884980872,144,144,136,130,43,53072.03010686756,0.3900312801683477,0.6099687198316524,2.2788566609644962,30.0,11,0.08333333333333337,529.592306307031,8383.263005261933,647.4281043197744,False,True
36.37018757872364,111.51004745188663,185,185,179,168,56,62464.25430204584,0.3043918303012688,0.6956081696987312,1.8751818726715106,15.0,12,0.0,529.592306307031,8383.263005261933,647.4281043197744,False,True
36.32276403702642,-25.997716598165596,68,68,68,68,13,20516.328094266566,0.5062774249387327,0.49372257506126727,3.050857912972311,15.0,12,0.0,412.5936131601795,10762.73160517834,733.577930596959,False,False
36.27536933550662,-163.50548064819176,34,34,34,34,17,11238.184857667744,0.5297715177528634,0.47022848224713665,3.2532515054008693,75.0,7,0.41666666666666663,679.7681833982128,10762.73160517834,733.577930596959,False,False
36.22800338924073,58.98675530178208,82,82,82,82,23,28731.87181454452,0.5678045951478032,0.43219540485219676,3.627536474349987,45.0,8,0.33333333333333337,529.592306307031,8383.263005261933,647.4281043197744,False,False
36.1806661136411,-78.52100874827016,87,87,74,55,16,26151.5710803661,0.13000040104960076,0.8699995989503992,1.298851634429345,15.0,12,0.0,412.5936131601795,8383.263005261933,647.4281043197744,False,True
36.133357424453955,143.9712272017037,66,66,66,66,20,22736.736946810386,0.14211506143640584,0.8578849385635942,1.331314970220499,30.0,11,0.08333333333333337,529.592306307031,13817.578135434554,831.1912576367293,False,True
36.08607723775751,6.463463151651477,83,83,83,81,29,28890.151220639116,0.32197303622789497,0.678026963772105,1.9497351976583484,30.0,11,0.08333333333333337,529.592306307031,10762.73160517834,733.577930596959,False,True
36.03882546996007,-131.0443008983747,45,45,45,45,15,17334.033875924608,0.37891007972347324,0.6210899202765268,2.220145641889573,45.0,9,0.25,679.7681833982128,13817.578135434554,831.1912576367293,False,True
35.991602037798046,91.44793505157308,118,118,117,117,44,40695.09323607937,0.02219415905466523,0.9778058409453347,1.0453958406163908,30.0,11,0.08333333333333337,529.592306307031,10762.73160517834,733.577930596959,False,True
35.944406858334204,-46.0598289984531,41,41,41,41,11,15137.052400198312,0.4727077897993789,0.5272922102006211,2.792963296838866,30.0,11,0.08333333333333337,529.592306307031,10762.73160517834,733.577930596959,False,False
35.89723984895569,176.4324069514947,35,35,35,35,13,10963.539429383043,0.419509972191017,0.5804900278089831,2.4453649575150376,30.0,10,0.16666666666666663,529.592306307031,13817.578135434554,831.1912576367293,False,False
35.850100927372175,38.92464290146854,83,83,80,80,23,26194.06387783469,0.261014188775762,0.738985811224238,1.7064119088926857,30.0,11,0.08333333333333337,529.592306307031,10762.73160517834,733.577930596959,False,True
35.802990011614085,-98.5831211485837,107,107,106,104,34,36129.1329803305,0.496640778325111,0.503359221674889,2.973305571605809,45.0,10,0.16666666666666663,529.592306307031,10762.73160517834,733.577930596959,False,False
35.755907020030705,123.90911480139015,142,142,141,140,34,47362.93873890035,0.3778740301590301,0.6221259698409699,2.214783013336105,15.0,12,0.0,529.592306307031,10762.73160517834,733.577930596959,False,True
35.70885187128835,-13.598649248636036,109,109,109,109,31,38008.11779708255,0.59758267500193,0.40241732499807004,3.9699649487247894,15.0,12,0.0,529.592306307031,8383.263005261933,647.4281043197744,False,False
35.661824484368644,-151.10641329868824,39,39,39,39,18,12493.143588629722,0.6582005737096609,0.3417994262903391,4.851384894663674,75.0,8,0.33333333333333337,679.7681833982128,8383.263005261933,647.4281043197744,False,False
35.61482477856663,71.3858226512856,151,151,149,149,48,55737.00855964277,0.4821460777852325,0.5178539222147676,2.862092984535797,15.0,12,0.0,529.592306307031,8383.263005261933,647.4281043197744,False,False
35.56785267348903,-66.12194139876664,62,62,62,62,12,20681.101035574062,0.5429769433887103,0.4570230566112897,3.3761468290669923,30.0,11,0.08333333333333337,412.5936131601795,13817.578135434554,831.1912576367293,False,False
35.520908089052526,156.37029455120722,39,39,39,39,17,13271.07379846047,0.29829642739873297,0.701703572601267,1.8502063807169344,30.0,10,0.16666666666666663,529.592306307031,10762.73160517834,733.577930596959,False,True
35.47399094548192,18.86253050115499,76,76,74,73,23,24995.198568699387,0.46639733096308705,0.5336026690369129,2.748107189212066,30.0,11,0.08333333333333337,529.592306307031,10762.73160517834,733.577930596959,False,False
35.42710116330844,-118.64523354887118,138,138,133,133,38,55948.94156712672,0.7975720528353625,0.20242794716463752,8.880058697494826,30.0,11,0.08333333333333337,529.592306307031,10762.73160517834,733.577930596959,False,False
35.38023866336804,103.84700240107661,175,175,165,157,38,54491.70337343085,0.21269845298932305,0.787301547010677,1.540322710648601,30.0,11,0.08333333333333337,529.592306307031,8383.263005261933,647.4281043197744,False,True
35.33340336679962,-33.660761648949574,52,52,52,52,10,17415.596436075244,0.6520477239980998,0.34795227600190015,4.747914693879106,75.0,8,0.33333333333333337,412.5936131601795,13817.578135434554,831.1912576367293,False,False
35.286595195043354,-171.16852569900178,46,46,46,46,20,17277.803687836742,0.42831427997166166,0.5716857200283383,2.4984256732892693,45.0,9,0.25,529.592306307031,10762.73160517834,733.577930596959,False,False
35.239814069839,51.32371025097205,68,68,68,68,21,21475.70786591046,0.21949935142142019,0.7805006485785798,1.5624578322161926,45.0,9,0.25,529.592306307031,10762.73160517834,733.577930596959,False,True
35.193059913224225,-86.18405379905414,89,89,81,78,18,30802.68046969719,0.393587625247271,0.606412374752729,2.298085730548492,30.0,11,0.08333333333333337,529.592306307031,10762.73160517834,733.577930596959,False,True
35.1463326475329,136.30818215089366,99,99,98,93,30,30529.825486057016,0.4551945951506786,0.5448054048493214,2.67103553341793,30.0,11,0.08333333333333337,529.592306307031,10762.73160517834,733.577930596959,False,False
35.09963219539351,-1.199581899132511,74,74,73,71,19,28473.779230625296,0.44293254531085235,0.5570674546891476,2.5902294832787014,15.0,12,0.0,529.592306307031,10762.73160517834,733.577930596959,False,False
35.052958479727444,-138.7073459491847,44,44,44,44,21,15556.11289629816,0.5494725690877909,0.45052743091220915,3.4392413486354947,30.0,9,0.25,679.7681833982128,13817.578135434554,831.1912576367293,False,False
35.00631142374739,83.7848900007891,128,128,126,126,43,45190.769410512585,0.2302285970725604,0.7697714029274396,1.5981739415026364,15.0,12,0.0,529.592306307031,10762.73160517834,733.577930596959,False,True
34.95969095095571,-53.72287404926311,42,42,42,42,9,13116.292644018016,0.6973392985045079,0.30266070149549207,5.608059751787064,45.0,10,0.16666666666666663,529.592306307031,10762.73160517834,733.577930596959,False,False
34.91309698514285,168.76936190071072,71,71,71,71,16,26875.84173153993,0.38270004678488306,0.6172999532151169,2.239916007741927,45.0,9,0.25,529.592306307031,8383.263005261933,647.4281043197744,False,True
34.866529450385684,31.261597850658504,72,72,72,71,20,23998.46367835938,0.36431761367775356,0.6356823863222465,2.1462252895994824,30.0,11,0.08333333333333337,529.592306307031,10762.73160517834,733.577930596959,False,True
34.819988271046014,-106.24616619936765,108,108,99,97,21,35660.50626326821,0.3626569219212973,0.6373430780787027,2.1380273337698803,30.0,11,0.08333333333333337,529.592306307031,8383.263005261933,647.4281043197744,False,True
34.773473371768894,116.24606975058012,126,126,123,122,40,42160.03267877246,0.19041619058581843,0.8095838094141816,1.4704051350127774,15.0,12,0.0,529.592306307031,10762.73160517834,733.577930596959,False,True
34.72698467748115,-21.26169429944605,64,64,64,64,22,22372.198683124778,0.6031567801091534,0.3968432198908466,4.0397736429769635,45.0,10,0.16666666666666663,529.592306307031,10762.73160517834,733.577930596959,False,False
34.680522113389756,-158.76945834947222,36,36,36,36,15,12299.370700908352,0.6201616479835701,0.3798383520164299,4.2653977392822355,45.0,9,0.25,679.7681833982128,10762.73160517834,733.577930596959,False,False
34.63408560498035,63.72277760047556,88,88,88,88,22,29567.66372182996,0.5592645350437013,0.4407354649562987,3.5378694455602995,60.0,9,0.25,529.592306307031,8383.263005261933,647.4281043197744,False,False
34.587675078015664,-73.78498644955062,97,97,89,57,16,26694.291742094356,0.29474020789812194,0.7052597921018781,1.8358344292383686,15.0,12,0.0,412.5936131601795,6529.857028264046,571.395529745554,False,True
34.541290458534,148.70724950039718,60,60,60,60,25,21569.417736513315,0.3064276644489191,0.6935723355510809,1.8836213578370185,30.0,11,0.08333333333333337,679.7681833982128,10762.73160517834,733.577930596959,False,True
34.494931672847756,11.19948545037101,107,107,107,107,40,37050.78625860636,0.08006656425275205,0.919933435747248,1.1740703427910852,15.0,12,0.0,679.7681833982128,10762.73160517834,733.577930596959,False,True
34.44859864754185,-126.30827859968122,57,57,57,57,17,18793.847098500588,0.2928254850315346,0.7071745149684654,1.8281562155689177,45.0,9,0.25,529.592306307031,10762.73160517834,733.577930596959,False,True
34.402291309472304,96.18395735029263,148,148,127,122,41,47616.64338545849,0.15300674817277257,0.8469932518272274,1.361293901321385,15.0,12,0.0,529.592306307031,8383.263005261933,647.4281043197744,False,True
34.35600958576477,-41.32380669975959,44,44,44,44,10,15270.397713284976,0.4638407336909161,0.536159266309084,2.7302348866745954,60.0,7,0.41666666666666663,529.592306307031,13817.578135434554,831.1912576367293,False,False
34.30975340381293,-178.83157074978575,46,46,46,46,26,16211.786571293505,0.34048225185031866,0.6595177481496813,2.0325188451882092,30.0,10,0.16666666666666663,872.5292600693726,10762.73160517834,733.577930596959,False,True
34.26352269127722,43.66066520018807,63,63,63,63,20,21409.71953740701,0.26824722495541603,0.731752775044584,1.7331635331046673,30.0,10,0.16666666666666663,529.592306307031,10762.73160517834,733.577930596959,False,True
34.21731737608323,-93.84709884986415,109,109,105,103,27,34314.54432090751,0.1735349904112896,0.8264650095887104,1.419945160165097,15.0,12,0.0,529.592306307031,10762.73160517834,733.577930596959,False,True
34.17113738642035,128.64513710008362,151,151,149,146,40,47671.01720493508,0.4589429612769699,0.5410570387230301,2.696467944895936,15.0,12,0.0,529.592306307031,10762.73160517834,733.577930596959,False,False
34.12498265074029,-8.86262694991649,101,101,101,97,36,31969.616529594674,0.6036436643158346,0.3963563356841654,4.045964501987147,15.0,12,0.0,529.592306307031,13817.578135434554,831.1912576367293,False,False
34.07885309775571,-146.3703909999687,46,46,46,46,21,16137.772103422336,0.7151731980041894,0.28482680199581056,6.021811100590939,75.0,7,0.41666666666666663,679.7681833982128,10762.73160517834,733.577930596959,False,False
34.03274865643872,76.12184494997908,128,128,127,127,53,48420.05257248873,0.4172456879338223,0.5827543120661778,2.4319780370374664,15.0,12,0.0,529.592306307031,8383.263005261933,647.4281043197744,False,False
33.98666925601959,-61.38591910004709,63,63,63,63,16,22159.56332864169,0.4738319159508433,0.5261680840491567,2.8010667325332337,30.0,11,0.08333333333333337,529.592306307031,13817.578135434554,831.1912576367293,False,False
33.940614825985286,161.10631684992674,44,44,44,44,12,14884.012298045556,0.2317539678855813,0.7682460321144187,1.6033326778082597,45.0,9,0.25,529.592306307031,10762.73160517834,733.577930596959,False,True
33.89458529607807,23.598552799874525,100,100,97,95,25,29171.679327479083,0.2500499749077549,0.7499500250922451,1.6668443670683213,15.0,12,0.0,529.592306307031,10762.73160517834,733.577930596959,False,True
33.84858059629421,-113.90921125017769,156,156,151,148,44,60937.689567232665,0.5107751701510413,0.48922482984895865,3.0880999450037567,30.0,11,0.08333333333333337,529.592306307031,10762.73160517834,733.577930596959,False,False
33.80260065688255,108.58302469979614,237,237,226,216,90,68491.80518763345,0.21053799283857794,0.789462007161422,1.5333708042406888,15.0,12,0.0,529.592306307031,8383.263005261933,647.4281043197744,False,True
33.75664540834313,-28.924739350230027,57,57,57,57,15,20630.594173459707,0.5975345740249481,0.40246542597505186,3.969370959392613,45.0,9,0.25,529.592306307031,10762.73160517834,733.577930596959,False,False
33.710714781425935,-166.43250340028226,43,43,43,43,19,14254.161288529718,0.5905414731274533,0.4094585268725467,3.8844995738055434,45.0,7,0.41666666666666663,529.592306307031,10762.73160517834,733.577930596959,False,False
33.664808707129474,56.05973254969158,70,70,70,70,19,24798.735065208268,0.2288069555907184,0.7711930444092816,1.593384386048191,45.0,9,0.25,529.592306307031,10762.73160517834,733.577930596959,False,True
33.61892711669949,-81.4480315003346,61,61,53,48,14,19482.39040914542,0.1289563092268496,0.8710436907731504,1.2960960755306918,15.0,12,0.0,412.5936131601795,10762.73160517834,733.577930596959,False,True
33.57306994162762,141.0442044496132,56,56,56,56,15,20450.875154482026,0.14034258254494858,0.8596574174550514,1.3265081640554484,15.0,12,0.0,529.592306307031,10762.73160517834,733.577930596959,False,True
33.52723711365013,3.5364403995609766,70,70,69,68,19,24776.659251697743,0.3612031235618909,0.6387968764381091,2.1308856911634777,30.0,11,0.08333333333333337,529.592306307031,8383.263005261933,647.4281043197744,False,True
33.48142856474654,-133.9713236504652,36,36,36,36,18,13037.977645148057,0.510586252412703,0.48941374758729705,3.086521904747391,45.0,9,0.25,679.7681833982128,10762.73160517834,733.577930596959,False,False
33.43564422713836,88.52091229950864,126,126,121,121,54,45621.345727306085,0.2893086911617727,0.7106913088382273,1.8141613315483145,30.0,11,0.08333333333333337,529.592306307031,8383.263005261933,647.4281043197744,False,True
33.38988403328789,-48.986851750543565,37,37,37,37,8,13875.31205473021,0.6414166471687957,0.35858335283120435,4.577503763654802,60.0,9,0.25,529.592306307031,13817.578135434554,831.1912576367293,False,False
33.34414791589681,173.50538419943027,72,72,72,72,28,26889.142806008258,0.49029784491379397,0.509702155086206,2.923860199613517,45.0,7,0.41666666666666663,679.7681833982128,8383.263005261933,647.4281043197744,False,False
33.29843580790497,35.99762014937804,72,72,71,70,22,26158.696039431692,0.5062542049813163,0.49374579501868365,3.0506674085686516,45.0,9,0.25,529.592306307031,10762.73160517834,733.577930596959,False,False
33.252747642489204,-101.51014390064813,189,189,184,180,64,49204.56367288698,0.28863096517432657,0.7113690348256734,1.8114802614231245,15.0,12,0.0,529.592306307031,10762.73160517834,733.577930596959,False,True
33.20708335306193,120.98209204929965,159,159,155,152,49,48987.80478558826,0.4053004818767673,0.5946995181232326,2.363042913355049,15.0,12,0.0,529.592306307031,10762.73160517834,733.577930596959,False,False
33.161442873270026,-16.5256720007265,75,75,75,75,18,24950.683350773375,0.6748371675851637,0.32516283241483634,5.150764480512457,30.0,10,0.16666666666666663,529.592306307031,10762.73160517834,733.577930596959,False,False
33.115826136993576,-154.03343605075267,47,47,47,47,21,16116.534405079125,0.6413286834095225,0.35867131659047746,4.5761358867833675,45.0,9,0.25,679.7681833982128,10762.73160517834,733.577930596959,False,False
33.07023307834459,68.4587998991951,101,101,101,101,30,33140.06054591505,0.4973763264719274,0.5026236735280726,2.9791201754612455,60.0,9,0.25,529.592306307031,8383.263005261933,647.4281043197744,False,False
33.02466363166585,-69.0489641508571,64,64,64,64,12,21975.384471063415,0.6320912105032752,0.3679087894967248,4.436129978671805,45.0,9,0.25,529.592306307031,13817.578135434554,831.1912576367293,False,False
32.97911773152969,153.4432717991167,51,51,51,51,23,16173.583059291374,0.15750540691905784,0.8424945930809422,1.3739024753691815,30.0,11,0.08333333333333337,679.7681833982128,10762.73160517834,733.577930596959,False,True
32.93359531273674,15.935507749090544,75,75,75,75,29,26568.926785829186,0.26855177841861116,0.7314482215813889,1.7343015417769503,15.0,12,0.0,529.592306307031,13817.578135434554,831.1912576367293,False,True
32.888096310314786,-121.57225630096167,62,62,62,62,23,22832.49096333445,0.4764919793655202,0.5235080206344798,2.8203808178068517,30.0,11,0.08333333333333337,679.7681833982128,13817.578135434554,831.1912576367293,False,False
32.842620659517586,100.91997964901216,137,137,130,123,40,45937.78219531213,0.14497086470872783,0.8550291352912722,1.3391015784727438,15.0,12,0.0,529.592306307031,8383.263005261933,647.4281043197744,False,True
32.79716829582365,-36.58778440104004,55,55,55,55,14,20842.442250352695,0.5211123891284674,0.47888761087153264,3.176345252198483,30.0,10,0.16666666666666663,529.592306307031,13817.578135434554,831.1912576367293,False,False
32.751739154935095,-174.09554845106624,53,53,53,53,23,17657.137990679348,0.4205622761380175,0.5794377238619826,2.4516220080906987,30.0,11,0.08333333333333337,529.592306307031,10762.73160517834,733.577930596959,False,False
32.706333172776525,48.39668749888155,61,61,61,61,15,21224.84643529562,0.32881875377467784,0.6711812462253222,1.9798210412580275,45.0,9,0.25,529.592306307031,10762.73160517834,733.577930596959,False,True
32.66095028549378,-89.1110765511446,89,89,89,89,26,28748.58931495234,0.3013349383365245,0.6986650616634755,1.8626019959236713,30.0,11,0.08333333333333337,529.592306307031,10762.73160517834,733.577930596959,False,True
32.61559042945285,133.38115939882923,72,72,70,66,26,22404.099032873353,0.37736710470068796,0.6226328952993121,2.212165651862258,30.0,11,0.08333333333333337,529.592306307031,10762.73160517834,733.577930596959,False,True
32.57025354123875,-4.126604651222976,59,59,59,59,16,22614.10777164818,0.38342996978314875,0.6165700302168513,2.2437515642733854,15.0,12,0.0,529.592306307031,8383.263005261933,647.4281043197744,False,True
32.52493955765434,-141.63436870124917,40,40,40,40,19,12737.869603431936,0.6684794293659909,0.3315205706340091,5.032808148752715,45.0,8,0.33333333333333337,679.7681833982128,10762.73160517834,733.577930596959,False,False
32.479648415719225,80.85786724869861,214,214,205,205,63,63333.36759705447,0.2517495105015794,0.7482504894984205,1.6729016927749325,15.0,12,0.0,529.592306307031,8383.263005261933,647.4281043197744,False,True
32.43438005266864,-56.64989680132754,45,45,45,45,12,15332.077101197907,0.47651211937806776,0.5234878806219323,2.8205277983205463,30.0,11,0.08333333333333337,529.592306307031,13817.578135434554,831.1912576367293,False,False
32.389134405952326,165.84233914862023,48,48,48,48,15,15220.83417380054,0.5680674980611267,0.43193250193887334,3.630353101520103,45.0,8,0.33333333333333337,529.592306307031,10762.73160517834,733.577930596959,False,False
32.34391141323342,28.33457509859406,66,66,66,65,24,24221.966641189814,0.3439329192196328,0.6560670807803672,2.0484687596595683,30.0,9,0.25,679.7681833982128,10762.73160517834,733.577930596959,False,True
32.2987110123874,-109.17318895145817,143,143,138,135,40,51728.067469150934,0.5345612256283012,0.4654387743716988,3.2970205967472808,15.0,12,0.0,529.592306307031,10762.73160517834,733.577930596959,False,False
32.25353314150094,113.31904699851567,127,127,125,123,50,46499.62576733025,0.22517905030030277,0.7748209496996972,1.5812415123457284,15.0,12,0.0,529.592306307031,8383.263005261933,647.4281043197744,False,True
32.20837773887084,-24.18871705153657,44,44,44,44,14,14925.374933212363,0.4842388527910664,0.5157611472089336,2.87776398207406,30.0,10,0.16666666666666663,529.592306307031,13817.578135434554,831.1912576367293,False,False
32.163244743003006,-161.6964811015627,42,42,42,42,22,13352.744520833643,0.6997369306805344,0.30026306931946556,5.660825803629202,45.0,8,0.33333333333333337,679.7681833982128,10762.73160517834,733.577930596959,False,False
32.1181340926113,60.795754848411114,63,63,63,63,13,22229.285606155598,0.4463120859673326,0.5536879140326674,2.6121431393245125,90.0,7,0.41666666666666663,529.592306307031,8383.263005261933,647.4281043197744,False,False
32.07304572661652,-76.71200920164108,65,65,59,44,13,18990.699822529325,0.2776928769877321,0.722307123012268,1.7689052707376267,15.0,12,0.0,412.5936131601795,13817.578135434554,831.1912576367293,False,True
32.02797958414535,145.78022674833272,55,55,55,55,17,18293.74281647975,0.23811593885057936,0.7618840611494206,1.6250713225089508,15.0,12,0.0,529.592306307031,10762.73160517834,733.577930596959,False,True
31.982935604529306,8.27246269828051,82,82,81,80,19,28883.49894353599,0.06068075735230369,0.9393192426476963,1.1292015634242953,15.0,12,0.0,529.592306307031,10762.73160517834,733.577930596959,False,True
31.93791372730365,-129.23530135174565,43,43,43,43,17,15278.017309107596,0.2887397734257871,0.711260226574213,1.8119103603374618,45.0,7,0.41666666666666663,679.7681833982128,10762.73160517834,733.577930596959,False,True
31.892913892206437,93.25693459820212,125,125,117,114,48,43154.893381698894,0.06192907555311719,0.9380709244468828,1.1320349537315266,15.0,12,0.0,529.592306307031,10762.73160517834,733.577930596959,False,True
31.847936039177434,-44.25082945182402,48,48,48,48,12,16543.317905348635,0.5629129275202621,0.4370870724797379,3.5757473188427786,30.0,10,0.16666666666666663,529.592306307031,10762.73160517834,733.577930596959,False,False
31.802980108357072,178.2414064981498,56,56,56,56,18,21547.624764714503,0.6085611981108295,0.39143880188917046,4.10935551188987,30.0,10,0.16666666666666663,529.592306307031,8383.263005261933,647.4281043197744,False,False
31.758046040085503,40.73364244809757,79,79,79,79,25,28107.302818975262,0.49836148951766857,0.5016385104823314,2.986934731300785,30.0,10,0.16666666666666663,529.592306307031,10762.73160517834,733.577930596959,False,False
31.71313377490154,-96.77412160192858,116,116,112,111,25,36633.197951733215,0.12292674253910688,0.8770732574608932,1.2803112316865684,15.0,12,0.0,529.592306307031,8383.263005261933,647.4281043197744,False,True
31.66824325354165,125.71811434801918,145,145,144,144,47,48541.01611716018,0.5226354214755589,0.47736457852444114,3.189669887493757,30.0,11,0.08333333333333337,529.592306307031,10762.73160517834,733.577930596959,False,False
31.623374416938983,-11.789649702007011,73,73,73,71,26,22675.056801792845,0.5943156083405553,0.4056843916594447,3.9299407152911057,30.0,11,0.08333333333333337,529.592306307031,13817.578135434554,831.1912576367293,False,False
31.57852720622238,-149.2974137520592,44,44,44,44,17,14402.588942536164,0.7312297962780645,0.2687702037219355,6.441301053107664,45.0,9,0.25,679.7681833982128,10762.73160517834,733.577930596959,False,False
31.533701562715358,73.19482219791463,233,233,231,231,90,44879.814921076024,0.17092995992823387,0.8290700400717661,1.4123414227184905,15.0,12,0.0,679.7681833982128,8383.263005261933,647.4281043197744,False,True
31.48889742793516,-64.31294185213761,69,69,69,69,14,21188.248946994536,0.625208883068082,0.374791116931918,4.336305770457485,30.0,11,0.08333333333333337,412.5936131601795,13817.578135434554,831.1912576367293,False,False
31.444114743591808,158.17929409783625,45,45,45,45,13,15833.930236678098,0.35324313886923103,0.646756861130769,2.092352196315728,30.0,11,0.08333333333333337,529.592306307031,10762.73160517834,733.577930596959,False,True
31.399353451587043,20.67153004781008,65,65,65,65,17,21341.582752420385,0.34763234751595207,0.6523676524840479,2.065755931313448,30.0,11,0.08333333333333337,529.592306307031,13817.578135434554,831.1912576367293,False,True
31.35461349401347,-116.83623400224215,147,147,142,141,40,47520.53705482989,0.517555557050714,0.482444442949286,3.145555056606254,15.0,12,0.0,529.592306307031,10762.73160517834,733.577930596959,False,False
31.309894813153566,105.6560019477317,138,138,138,138,51,46573.43521151347,0.2976452808801794,0.7023547191198206,1.8475639809274251,30.0,11,0.08333333333333337,529.592306307031,10762.73160517834,733.577930596959,False,True
31.265197351478694,-31.85176210232055,45,45,45,45,16,15931.327128058376,0.6373276273430629,0.3626723726569371,4.514619118484278,45.0,8,0.33333333333333337,529.592306307031,10762.73160517834,733.577930596959,False,False
31.220521051648216,-169.3595261523467,62,62,62,62,26,20856.50310389088,0.4215749927497883,0.5784250072502117,2.4576651682261232,45.0,9,0.25,529.592306307031,10762.73160517834,733.577930596959,False,False
31.175865856508533,53.13270979760108,65,65,65,65,18,22603.061640070882,0.36011347861516857,0.6398865213848315,2.125554193064786,45.0,9,0.25,529.592306307031,8383.263005261933,647.4281043197744,False,True
31.13123170909215,-84.37505425242506,108,108,99,96,25,28296.914225570228,0.24361618989710054,0.7563838101028995,1.6441602441595324,15.0,12,0.0,529.592306307031,10762.73160517834,733.577930596959,False,True
31.086618552616756,138.1171816975227,59,59,59,59,18,19978.913135846393,0.22199129623600844,0.7780087037639916,1.5706653284520309,30.0,10,0.16666666666666663,529.592306307031,10762.73160517834,733.577930596959,False,True
31.042026330484322,0.609417647496531,50,50,50,50,11,17718.471005358042,0.10756434174032521,0.8924356582596747,1.241057919962734,15.0,12,0.0,529.592306307031,10762.73160517834,733.577930596959,False,True
30.997454986280136,-136.8983464025557,37,37,37,37,15,12498.550950429099,0.3202762865845388,0.6797237134154612,1.942371967501976,30.0,9,0.25,679.7681833982128,13817.578135434554,831.1912576367293,False,True
30.952904463771972,85.59388954741814,133,133,130,130,46,48207.87246520286,0.53294471657427,0.46705528342573,3.282148325848101,30.0,11,0.08333333333333337,529.592306307031,8383.263005261933,647.4281043197744,False,False
30.90837470690912,-51.913874502607996,47,47,47,47,10,15368.369928122034,0.581520818821161,0.418479181178839,3.7792102688742624,30.0,10,0.16666666666666663,529.592306307031,13817.578135434554,831.1912576367293,False,False
30.863865659821517,170.57836144733974,56,56,56,56,28,18736.506144784456,0.41404506950999687,0.5859549304900031,2.4132317963900496,30.0,9,0.25,679.7681833982128,10762.73160517834,733.577930596959,False,False
30.819377266818865,33.07059739731359,47,47,47,47,18,14841.428873104323,0.3794796407847836,0.6205203592152164,2.223101337931018,30.0,10,0.16666666666666663,679.7681833982128,10762.73160517834,733.577930596959,False,True
30.774909472389744,-104.43716665273863,124,124,118,115,26,41559.044990024435,0.2274121327832371,0.7725878672167629,1.588702314475857,15.0,12,0.0,529.592306307031,10762.73160517834,733.577930596959,False,True
30.730462221200682,118.0550692972352,123,123,120,118,38,39750.99489119557,0.3284864867477861,0.6715135132522139,1.9783466163082553,30.0,11,0.08333333333333337,529.592306307031,10762.73160517834,733.577930596959,False,True
30.68603545809536,-19.452694752817024,59,59,59,59,13,20273.39612204896,0.6805015682209092,0.31949843177909076,5.259811633075088,45.0,9,0.25,529.592306307031,10762.73160517834,733.577930596959,False,False
30.64162912809371,-156.9604588028432,45,45,45,45,17,15905.109664863265,0.6911068724958599,0.3088931275041401,5.474731296743382,75.0,8,0.33333333333333337,529.592306307031,10762.73160517834,733.577930596959,False,False
30.597243176390986,65.53177714713065,72,72,72,72,20,23358.51169106558,0.4027133103089001,0.5972866896910999,2.3484757563145173,60.0,8,0.33333333333333337,529.592306307031,8383.263005261933,647.4281043197744,False,False
30.55287754835703,-71.97598690292159,62,62,62,62,13,21977.176817842203,0.5691904414880619,0.43080955851193814,3.6424225286648975,45.0,10,0.16666666666666663,529.592306307031,13817.578135434554,831.1912576367293,False,False
30.508532189535316,150.5162490470262,77,77,77,77,28,28400.55489481418,0.32111657870962335,0.6788834212903767,1.9460139064797493,30.0,11,0.08333333333333337,529.592306307031,10762.73160517834,733.577930596959,False,True
30.46420704564213,13.008484997000044,69,69,69,69,20,23954.207615568856,0.06574305528829985,0.9342569447117002,1.140738702902738,15.0,12,0.0,529.592306307031,13817.578135434554,831.1912576367293,False,True
30.419902062565757,-124.49927905302613,57,57,57,57,24,18276.833857707792,0.3635748517376206,0.6364251482623794,2.1425533787603546,30.0,11,0.08333333333333337,679.7681833982128,13817.578135434554,831.1912576367293,False,True
30.375617186365616,97.99295689692165,111,111,111,108,45,38989.21568907619,0.2854097477072119,0.714590252292788,1.7988067197711266,15.0,12,0.0,679.7681833982128,10762.73160517834,733.577930596959,False,True
30.33135236327139,-39.51480715310453,53,53,53,53,13,18610.51576035369,0.6238941326557716,0.37610586734422835,4.317651687070103,45.0,9,0.25,529.592306307031,13817.578135434554,831.1912576367293,False,False
30.287107539682285,-177.02257120315673,165,165,165,165,69,35037.34912962234,0.16921153808602724,0.8307884619139727,1.4073516805859274,15.0,12,0.0,529.592306307031,8383.263005261933,647.4281043197744,False,True
30.242882662166146,45.4696647468171,67,67,67,67,26,23595.09651976843,0.43351543097365686,0.5664845690263431,2.5305463014421394,45.0,9,0.25,679.7681833982128,10762.73160517834,733.577930596959,False,False
30.198677677458626,-92.03809930323513,73,73,71,71,19,25063.40180032704,0.11748797157948622,0.8825120284205138,1.266258062883883,30.0,11,0.08333333333333337,529.592306307031,13817.578135434554,831.1912576367293,False,True
30.154492532462424,130.4541366467387,73,73,72,71,27,24039.476619276244,0.15852969293120778,0.8414703070687922,1.3767921258765168,30.0,10,0.16666666666666663,529.592306307031,10762.73160517834,733.577930596959,False,True
30.110327174246454,-7.053627403287464,55,55,55,53,16,17326.571110805104,0.2813474200220248,0.7186525799779753,1.7829859040668783,30.0,11,0.08333333333333337,529.592306307031,13817.578135434554,831.1912576367293,False,True
30.066181550044995,-144.56139145333967,32,32,32,32,13,9611.469734707343,0.4455712146947338,0.5544287853052662,2.6073163100628123,75.0,8,0.33333333333333337,529.592306307031,10762.73160517834,733.577930596959,False,False
30.022055607256988,77.9308444966081,97,97,97,97,43,34109.92334063379,0.3755314990566187,0.6244685009433812,2.202723591307825,15.0,12,0.0,679.7681833982128,10762.73160517834,733.577930596959,False,True
29.977949293445157,-59.576919553418065,52,52,52,52,16,18177.07266352584,0.539391742907703,0.460608257092297,3.3420845571147426,30.0,10,0.16666666666666663,529.592306307031,13817.578135434554,831.1912576367293,False,False
29.933862556335253,162.91531639655577,56,56,56,56,22,19480.169339203334,0.4706991745339673,0.5293008254660327,2.77856958420396,30.0,10,0.16666666666666663,529.592306307031,10762.73160517834,733.577930596959,False,False
29.889795343815265,25.407552346503557,58,58,58,58,20,16739.430891938817,0.32737286516075964,0.6726271348392403,1.9734155766374268,30.0,10,0.16666666666666663,679.7681833982128,10762.73160517834,733.577930596959,False,True
29.845747603934672,-112.1002117035226,216,216,206,198,58,71035.85628566478,0.5497917194692169,0.4502082805307831,3.4423883044577845,15.0,12,0.0,529.592306307031,10762.73160517834,733.577930596959,False,False
29.80171928490358,110.39202424645123,138,138,137,137,46,49127.21060200936,0.3329637897147942,0.6670362102852059,1.9983379750026709,15.0,12,0.0,529.592306307031,10762.73160517834,733.577930596959,False,True
29.75771033509206,-27.115739803601002,28,28,28,28,7,9783.195438564908,0.8002820590774974,0.1997179409225026,9.014122871295115,90.0,7,0.41666666666666663,529.592306307031,10762.73160517834,733.577930596959,False,False
29.713720703029317,-164.6235038536532,36,36,36,36,21,13149.8007644272,0.5564436245052994,0.4435563754947006,3.509009700896284,45.0,9,0.25,1119.9513720565353,13817.578135434554,831.1912576367293,False,False
29.669750337402906,57.86873209632062,55,55,55,55,20,18774.492546716672,0.42240464266341915,0.5775953573365809,2.462631710238184,45.0,8,0.33333333333333337,529.592306307031,8383.263005261933,647.4281043197744,False,False
29.625799187058057,-79.63903195370557,42,42,42,42,14,13965.348369012263,0.41135786185386186,0.5886421381461382,2.397650066811006,45.0,9,0.25,529.592306307031,13817.578135434554,831.1912576367293,False,False
29.581867200996864,142.85320399624223,56,56,56,56,23,20021.39802795025,0.14573388663631104,0.854266113363689,1.3411908405508002,30.0,11,0.08333333333333337,529.592306307031,8383.263005261933,647.4281043197744,False,True
29.537954328377523,5.34543994619001,70,70,70,70,15,25307.585287916598,0.13324272754854533,0.8667572724514547,1.30745107490519,15.0,12,0.0,529.592306307031,10762.73160517834,733.577930596959,False,True
29.49406051851364,-132.1623241038101,40,40,40,40,12,13725.34721450576,0.3737048468572386,0.6262951531427614,2.1933825289305857,45.0,8,0.33333333333333337,529.592306307031,10762.73160517834,733.577930596959,False,True
29.45018572087345,90.32991184613768,176,176,170,167,69,53783.132321300596,0.3896715829469304,0.6103284170530696,2.2769242658843702,15.0,12,0.0,529.592306307031,8383.263005261933,647.4281043197744,False,True
29.406329885079092,-47.17785220391454,45,45,45,45,13,15513.182559439458,0.7502361991404225,0.2497638008595775,7.007565520371154,45.0,9,0.25,529.592306307031,10762.73160517834,733.577930596959,False,False
29.362492960905897,175.3143837460593,51,51,51,51,23,18957.206997033536,0.5978320413211932,0.40216795867880684,3.9730466011523022,45.0,8,0.33333333333333337,679.7681833982128,8383.263005261933,647.4281043197744,False,False
29.318674898281643,37.806619696033124,60,60,59,59,19,20241.812202560002,0.4955863021567962,0.5044136978432038,2.9649993815625857,30.0,10,0.16666666666666663,529.592306307031,10762.73160517834,733.577930596959,False,False
29.274875647285814,-99.7011443540191,141,141,133,127,33,44345.11129822112,0.26252132512795706,0.737478674872043,1.711942823766412,15.0,12,0.0,529.592306307031,10762.73160517834,733.577930596959,False,True
29.231095158148932,122.79109159592868,157,157,157,155,55,53653.979453544176,0.5618363828022296,0.4381636171977704,3.5645049508920685,15.0,12,0.0,529.592306307031,10762.73160517834,733.577930596959,False,False
29.187333381251804,-14.716672454097477,54,54,54,54,18,18484.033691746117,0.43253102517032477,0.5674689748296753,2.5244217546876393,30.0,11,0.08333333333333337,529.592306307031,13817.578135434554,831.1912576367293,False,False
29.14359026712481,-152.22443650412364,34,34,34,34,16,11106.512910518572,0.5845786043565898,0.4154213956434102,3.814388524458095,75.0,8,0.33333333333333337,679.7681833982128,10762.73160517834,733.577930596959,False,False
29.09986576644722,70.26779944582412,82,82,82,82,24,25998.33449713587,0.22363675677102585,0.7763632432289742,1.5761137166692682,30.0,10,0.16666666666666663,529.592306307031,10762.73160517834,733.577930596959,False,True
29.056159830046493,-67.23996460422808,69,69,69,69,16,23554.149668522685,0.57347391500008,0.42652608499991995,3.6890449853738145,45.0,9,0.25,412.5936131601795,13817.578135434554,831.1912576367293,False,False
29.012472408897537,155.2522713457718,60,60,60,58,14,17535.152460932033,0.19896372930875278,0.8010362706912473,1.4967658434169495,30.0,11,0.08333333333333337,412.5936131601795,8383.263005261933,647.4281043197744,False,True
28.968803454122074,17.74450729571958,45,45,45,45,10,15250.782523488753,0.38846579602004266,0.6115342039799574,2.2704630206842014,30.0,11,0.08333333333333337,529.592306307031,13817.578135434554,831.1912576367293,False,True
28.925152916987926,-119.76325675433264,76,76,76,76,32,25149.620422783904,0.38056738745108487,0.6194326125489151,2.2287612235496637,30.0,11,0.08333333333333337,679.7681833982128,13817.578135434554,831.1912576367293,False,True
28.881520748908294,102.72897919564119,141,141,141,141,54,50348.88923473343,0.44908949930357883,0.5509105006964212,2.630353746156126,15.0,12,0.0,529.592306307031,10762.73160517834,733.577930596959,False,False
28.83790690144113,-34.77878485438498,45,45,45,45,14,14750.549996542886,0.47429903064887563,0.5257009693511243,2.8044441928052963,45.0,9,0.25,529.592306307031,10762.73160517834,733.577930596959,False,False
28.794311326288454,-172.28654890443718,75,75,75,75,27,26308.60814967464,0.3759135429339123,0.6240864570660877,2.20468418655047,30.0,11,0.08333333333333337,529.592306307031,10762.73160517834,733.577930596959,False,True
28.750733975295635,50.20568704551059,70,70,70,70,19,25036.480874282537,0.4042090311754216,0.5957909688245784,2.356882035230832,30.0,11,0.08333333333333337,529.592306307031,8383.263005261933,647.4281043197744,False,False
28.707174800450748,-87.30207700448955,72,72,72,72,22,25761.86777886941,0.48106118521053465,0.5189388147894654,2.854018899725981,30.0,11,0.08333333333333337,529.592306307031,10762.73160517834,733.577930596959,False,False
28.663633753883943,135.19015894545825,57,57,57,56,20,20434.085645878615,0.24089746048754568,0.7591025395124543,1.6346901714813544,30.0,9,0.25,529.592306307031,10762.73160517834,733.577930596959,False,True
28.62011078786671,-2.3176051045939516,62,62,62,62,15,23986.896672301686,0.2539404765641563,0.7460595234358437,1.680751249966434,30.0,11,0.08333333333333337,529.592306307031,10762.73160517834,733.577930596959,False,True
28.57660585481129,-139.82536915464618,27,27,27,27,11,8803.955520720365,0.5715024428146416,0.4284975571853584,3.667471182653312,75.0,7,0.41666666666666663,679.7681833982128,13817.578135434554,831.1912576367293,False,False
28.533118907269962,82.6668667953537,142,142,138,138,55,36149.07731483398,0.46252949120851267,0.5374705087914873,2.721134401396345,15.0,12,0.0,679.7681833982128,8383.263005261933,647.4281043197744,False,False
28.48964989793445,-54.84089725469852,54,54,54,54,11,18021.798979110623,0.561451403461883,0.43854859653811695,3.5604980058946962,30.0,11,0.08333333333333337,529.592306307031,10762.73160517834,733.577930596959,False,False
28.446198779635218,167.65133869524925,47,47,47,47,28,14780.773721262345,0.5846120154993937,0.4153879845006063,3.814775762964036,30.0,10,0.16666666666666663,872.5292600693726,10762.73160517834,733.577930596959,False,False
28.402765505340867,30.14357464522309,64,64,64,64,26,23180.82390476511,0.3225529525069388,0.6774470474930612,1.9522602650659353,30.0,9,0.25,679.7681833982128,10762.73160517834,733.577930596959,False,True
28.359350028157476,-107.36418940480308,292,292,279,270,85,77530.07446499354,0.4177797294191387,0.5822202705808612,2.435126018550794,15.0,12,0.0,529.592306307031,10762.73160517834,733.577930596959,False,False
28.31595230132799,115.1280465451447,129,129,129,127,40,45898.58278169029,0.2503611729005877,0.7496388270994123,1.6679514556878372,15.0,12,0.0,529.592306307031,10762.73160517834,733.577930596959,False,True
28.27257227823152,-22.379717504907546,58,58,58,58,14,19459.456925900504,0.6362715982791531,0.36372840172084686,4.498608276224065,60.0,8,0.33333333333333337,529.592306307031,10762.73160517834,733.577930596959,False,False
28.229209912382817,-159.88748155490762,42,42,42,42,14,14045.51753619583,0.5777579716306387,0.4222420283693613,3.7366199137582674,45.0,8,0.33333333333333337,529.592306307031,10762.73160517834,733.577930596959,False,False
28.185865157431564,62.60475439504015,69,69,69,69,22,25199.66455889713,0.3561302145785209,0.6438697854214791,2.1062181287025203,45.0,9,0.25,679.7681833982128,10762.73160517834,733.577930596959,False,True
28.142537967161772,-74.90300965501206,52,52,52,52,15,17814.340166693994,0.5233391382117338,0.47666086178826617,3.195855293209293,60.0,7,0.41666666666666663,529.592306307031,13817.578135434554,831.1912576367293,False,False
28.099228295491184,147.5892262949357,57,57,57,57,17,17789.751482484447,0.16801712868481922,0.8319828713151808,1.4038956437149275,15.0,12,0.0,529.592306307031,8383.263005261933,647.4281043197744,False,True
28.055936096470653,10.081462244935599,83,83,83,83,17,30373.358812615104,0.12727982194507467,0.8727201780549253,1.291685296491596,30.0,11,0.08333333333333337,529.592306307031,13817.578135434554,831.1912576367293,False,True
28.012661324283496,-127.42630180511662,45,45,45,45,14,15578.381234494995,0.6095132966193397,0.39048670338066027,4.121813323436853,45.0,10,0.16666666666666663,529.592306307031,13817.578135434554,831.1912576367293,False,False
27.96940393324493,95.06593414483116,117,117,116,116,41,40617.090942942465,0.4196045725243848,0.5803954274756151,2.445926527538035,15.0,12,0.0,529.592306307031,10762.73160517834,733.577930596959,False,False
27.926163877801468,-42.44182990516896,48,48,48,48,14,16598.090813819053,0.679380540773356,0.32061945922664403,5.237924562732831,45.0,9,0.25,529.592306307031,10762.73160517834,733.577930596959,False,False
27.882941112530247,-179.9495939552212,90,90,90,90,34,29175.37136934109,0.5272774541327595,0.4727225458672405,3.230811535191047,30.0,11,0.08333333333333337,679.7681833982128,8383.263005261933,647.4281043197744,False,False
27.839735592138535,42.5426419947266,101,101,97,96,30,34560.748984306934,0.69092265440534,0.30907734559466005,5.470872189458049,45.0,9,0.25,529.592306307031,10762.73160517834,733.577930596959,False,False
27.79654727146306,-94.9651220553256,81,81,79,79,15,28328.16553934187,0.11772159399115753,0.8822784060088424,1.2668581554062825,15.0,12,0.0,529.592306307031,10762.73160517834,733.577930596959,False,True
27.753376105469425,127.52711389467427,81,81,79,78,22,27622.2524492336,0.29786188527714336,0.7021381147228567,1.8484424332802765,15.0,12,0.0,529.592306307031,10762.73160517834,733.577930596959,False,True
27.710222049251563,-9.98065015537793,65,65,65,63,20,22371.56743729809,0.4650338497449556,0.5349661502550445,2.7385542974008774,30.0,11,0.08333333333333337,529.592306307031,13817.578135434554,831.1912576367293,False,False
27.667085058031123,-147.48841420543016,21,21,21,21,9,6970.709884140626,0.5640477559261146,0.43595224407388544,3.5876584584366515,75.0,6,0.5,679.7681833982128,13817.578135434554,831.1912576367293,False,False
27.62396508715686,75.00382174451761,77,77,77,77,26,24969.920202957008,0.13779890335690206,0.862201096643098,1.3196444632079678,30.0,11,0.08333333333333337,529.592306307031,10762.73160517834,733.577930596959,False,True
27.58086209210412,-62.5039423054825,66,66,66,66,16,20550.335687642182,0.5022169302840594,0.49778306971594055,3.017814428966614,30.0,10,0.16666666666666663,529.592306307031,13817.578135434554,831.1912576367293,False,False
27.537776028474216,159.98829364446527,49,49,49,49,20,18855.648277847074,0.5659987120396601,0.4340012879603399,3.608281255107162,15.0,12,0.0,529.592306307031,13817.578135434554,831.1912576367293,False,False
27.494706851993868,22.480529594413056,58,58,58,58,11,21360.09895751543,0.4064936413240979,0.5935063586759022,2.3698038289967944,30.0,10,0.16666666666666663,529.592306307031,10762.73160517834,733.577930596959,False,False
27.451654518514644,-115.02723445558706,144,144,131,127,41,35096.37068868743,0.4298986047895318,0.5701013952104682,2.5081478782588253,15.0,12,0.0,529.592306307031,10762.73160517834,733.577930596959,False,False
27.40861898401239,107.46500149436072,124,124,124,124,50,44165.37823812936,0.5141514741626243,0.4858485258373757,3.1165093514546225,15.0,12,0.0,529.592306307031,8383.263005261933,647.4281043197744,False,False
27.36560020458664,-30.042762555691525,37,37,37,37,10,12706.352620657597,0.4166427975748376,0.5833572024251624,2.4284311425066796,30.0,10,0.16666666666666663,529.592306307031,10762.73160517834,733.577930596959,False,False
27.32259813646011,-167.55052660574373,49,49,49,49,21,15587.91605587705,0.1578011925159435,0.8421988074840565,1.3747362050709881,30.0,11,0.08333333333333337,529.592306307031,13817.578135434554,831.1912576367293,False,True
27.279612735978098,54.941709344256175,51,51,51,51,23,17676.974761134607,0.4833027441324241,0.516697255867576,2.870738575225913,45.0,8,0.33333333333333337,679.7681833982128,8383.263005261933,647.4281043197744,False,False
27.23664395960794,-82.56605470579603,58,58,58,58,16,20276.002289173754,0.7040087347680981,0.2959912652319019,5.756956150152097,60.0,9,0.25,529.592306307031,10762.73160517834,733.577930596959,False,False
27.193691763938464,139.92618124415173,49,49,49,49,21,15798.989345065209,0.18779790171198793,0.812202098288012,1.4624413113628614,30.0,10,0.16666666666666663,679.7681833982128,10762.73160517834,733.577930596959,False,True
27.150756105679463,2.418417194099509,45,45,45,45,11,15951.812707120109,0.12920178834236673,0.8707982116576333,1.296743347913912,30.0,11,0.08333333333333337,529.592306307031,10762.73160517834,733.577930596959,False,True
27.107836941661084,-135.0893468559006,37,37,37,37,12,12655.228427418631,0.5076019790928211,0.4923980209071789,3.0617547493697517,30.0,8,0.33333333333333337,529.592306307031,10762.73160517834,733.577930596959,False,False
27.064934228833376,87.40288909404718,107,107,106,105,35,36424.85124348887,0.4444668779806321,0.5555331220193679,2.600145375184799,30.0,11,0.08333333333333337,529.592306307031,10762.73160517834,733.577930596959,False,False
27.022047924265692,-50.10487495600506,51,51,51,51,12,18645.507286513686,0.5541180592922952,0.4458819407077048,3.4854922736399585,30.0,9,0.25,529.592306307031,10762.73160517834,733.577930596959,False,False
26.97917798514615,172.38736099399483,36,36,36,36,22,11767.220193038846,0.4117511493610285,0.5882488506389715,2.3999216451125185,30.0,10,0.16666666666666663,872.5292600693726,13817.578135434554,831.1912576367293,False,False
26.936324368781143,34.87959694394262,40,40,40,40,17,13259.953104993416,0.4756512300149057,0.5243487699850943,2.8142551570338465,45.0,8,0.33333333333333337,529.592306307031,10762.73160517834,733.577930596959,False,False
26.893487032594773,-102.62816710610957,134,134,128,125,34,44379.94156344776,0.19032281744816293,0.8096771825518371,1.4701202443381889,15.0,12,0.0,529.592306307031,10762.73160517834,733.577930596959,False,True
26.850665934128326,119.86406884383818,209,209,207,202,81,67484.72366092721,0.48141226946021853,0.5185877305397815,2.8566280731676077,15.0,12,0.0,529.592306307031,10762.73160517834,733.577930596959,False,False
26.807861031039774,-17.643695206161908,51,51,51,51,16,16041.959121149175,0.6361680933891471,0.36383190661085285,4.497044002078573,60.0,9,0.25,529.592306307031,10762.73160517834,733.577930596959,False,False
26.765072281103237,-155.15145925621414,36,36,29,29,14,10039.596591569592,0.5888275725802583,0.4111724274197417,3.8641393892842864,30.0,11,0.08333333333333337,529.592306307031,10762.73160517834,733.577930596959,False,False
26.722299642208437,67.34077669373363,73,73,73,73,23,25292.531839283918,0.26646347539494136,0.7335365246050587,1.7265172665762134,60.0,9,0.25,529.592306307031,10762.73160517834,733.577930596959,False,True
26.679543072360232,-70.1669873563186,75,75,75,75,14,26024.678567581304,0.5034622308236828,0.4965377691763172,3.0278909765871473,30.0,10,0.16666666666666663,529.592306307031,13817.578135434554,831.1912576367293,False,False
26.636802529678082,152.3252485936813,97,97,97,95,38,32459.989255600358,0.32729661600269905,0.6727033839973009,1.9730785478076691,15.0,12,0.0,529.592306307031,8383.263005261933,647.4281043197744,False,True
26.59407797239552,14.817484543629078,49,49,49,49,13,17957.644135969887,0.4296534734084295,0.5703465265915705,2.506640098173536,30.0,9,0.25,529.592306307031,13817.578135434554,831.1912576367293,False,False
26.551369358859667,-122.69027950642314,68,68,68,68,27,25062.753583206428,0.2651720254916155,0.7348279745083846,1.7217254505560193,30.0,11,0.08333333333333337,529.592306307031,13817.578135434554,831.1912576367293,False,True
26.50867664753073,99.80195644357674,122,122,122,122,49,38469.037127128584,0.47736657191671505,0.522633428083285,2.826773972983005,30.0,11,0.08333333333333337,529.592306307031,10762.73160517834,733.577930596959,False,False
26.465999796981475,-37.7058076064755,35,35,35,35,10,12272.394920575034,0.5318647101584039,0.46813528984159614,3.272269242245642,45.0,9,0.25,529.592306307031,13817.578135434554,831.1912576367293,False,False
26.42333876589676,-175.2135716565277,66,66,66,66,25,18571.497160562532,0.17972652968426914,0.8202734703157308,1.4382112458546068,30.0,11,0.08333333333333337,529.592306307031,13817.578135434554,831.1912576367293,False,True
26.38069351307301,47.278664293420086,103,103,102,99,33,31552.691051915463,0.5079588127134692,0.4920411872865308,3.0647003780911906,45.0,10,0.16666666666666663,529.592306307031,8383.263005261933,647.4281043197744,False,False
26.338063997417727,-90.22909975658001,52,52,52,52,12,18665.164164891423,0.47295893319617505,0.527041066803825,2.7947707037873752,45.0,10,0.16666666666666663,529.592306307031,10762.73160517834,733.577930596959,False,False
26.29545017794902,132.26313619336776,61,61,59,58,16,22167.980287756214,0.09213931155018552,0.9078606884498145,1.2029811681955627,15.0,12,0.0,529.592306307031,10762.73160517834,733.577930596959,False,True
26.252852013795113,-5.244627856684474,46,46,46,46,12,15160.258069719324,0.3416145440935084,0.6583854559064917,2.037734175409934,30.0,10,0.16666666666666663,529.592306307031,13817.578135434554,831.1912576367293,False,True
26.210269464193807,-142.75239190668458,31,31,31,31,9,10288.771632963479,0.510018414220082,0.489981585779918,3.0817860467481477,45.0,8,0.33333333333333337,529.592306307031,13817.578135434554,831.1912576367293,False,False
26.16770248849207,79.7398440432632,70,70,70,70,26,25943.893522743463,0.30584178174650706,0.6941582182534929,1.8811875267169125,30.0,11,0.08333333333333337,679.7681833982128,10762.73160517834,733.577930596959,False,True
26.12515104614552,-57.76792000678904,70,70,70,70,16,22762.191723387255,0.41895397958341424,0.5810460204165857,2.442068149035912,30.0,9,0.25,529.592306307031,10762.73160517834,733.577930596959,False,False
26.082615096717923,164.72431594315876,40,40,40,40,12,13688.278755297573,0.44336370530330815,0.5566362946966918,2.593010407432719,30.0,10,0.16666666666666663,529.592306307031,10762.73160517834,733.577930596959,False,False
26.04009459988077,27.216551893158645,57,57,57,57,16,18867.112300310604,0.31304234604655506,0.686957653953445,1.9113876066304658,30.0,10,0.16666666666666663,679.7681833982128,10762.73160517834,733.577930596959,False,True
25.99758951541277,-110.29121215689358,217,217,192,172,57,65402.818637856595,0.508663232751958,0.491336767248042,3.070527860558699,15.0,12,0.0,529.592306307031,10762.73160517834,733.577930596959,False,False
25.95509980319937,112.2010237930542,113,113,112,112,36,38861.21525588266,0.3742258074377997,0.6257741925622002,2.196041038079731,15.0,12,0.0,529.592306307031,10762.73160517834,733.577930596959,False,True
25.91262542323232,-25.30674025699801,48,48,48,48,13,16017.207471446327,0.7233469740589179,0.2766530259410821,6.2292720934342265,60.0,8,0.33333333333333337,529.592306307031,10762.73160517834,733.577930596959,False,False
25.87016633560917,-162.81450430699812,42,42,42,42,11,15167.106205320815,0.45409943191759483,0.5459005680824052,2.663670853147188,60.0,9,0.25,529.592306307031,10762.73160517834,733.577930596959,False,False
25.82772250053283,59.67773164294965,51,51,51,51,18,17195.323873453734,0.6272049782436873,0.37279502175631274,4.3648785077053756,75.0,8,0.33333333333333337,679.7681833982128,8383.263005261933,647.4281043197744,False,False
25.78529387831112,-77.83003240710258,51,51,51,51,18,17436.170947136314,0.4227554191853484,0.5772445808146516,2.464735861491237,30.0,11,0.08333333333333337,529.592306307031,13817.578135434554,831.1912576367293,False,False
25.742880429356255,144.66220354289732,53,53,53,53,24,19132.016654035047,0.14792196035326832,0.8520780396467317,1.3472028463838739,30.0,11,0.08333333333333337,529.592306307031,8383.263005261933,647.4281043197744,False,True
25.70048211418446,7.154439492845098,61,61,61,61,9,20338.44268303995,0.37683037644621087,0.6231696235537891,2.2093990534944123,15.0,12,0.0,529.592306307031,13817.578135434554,831.1912576367293,False,True
25.65809889341548,-130.35332455720712,51,51,51,51,15,16441.17831022128,0.4744183395432036,0.5255816604567964,2.805307815081959,30.0,9,0.25,529.592306307031,13817.578135434554,831.1912576367293,False,False
25.615730727772103,92.13891139274065,160,160,158,155,55,47017.61526814506,0.4578970358397296,0.5421029641602704,2.6893360343418244,15.0,12,0.0,529.592306307031,10762.73160517834,733.577930596959,False,False
25.573377578079768,-45.36885265725948,45,45,45,45,12,16299.425769267,0.5096032177380146,0.49039678226198535,3.0783301855588796,45.0,9,0.25,529.592306307031,10762.73160517834,733.577930596959,False,False
25.531039405266085,177.12338329268832,42,42,42,42,21,13276.837651760812,0.5448496647333154,0.4551503352666846,3.394152536058547,45.0,9,0.25,679.7681833982128,10762.73160517834,733.577930596959,False,False
25.488716170360366,39.6156192426361,47,47,47,47,19,17820.969034889305,0.41952865814247425,0.5804713418575258,2.4454758672494314,45.0,9,0.25,529.592306307031,13817.578135434554,831.1912576367293,False,False
25.44640783449324,-97.89214480741612,104,104,100,100,29,36589.25129662712,0.05174254782121357,0.9482574521787864,1.1091318559159773,15.0,12,0.0,529.592306307031,10762.73160517834,733.577930596959,False,True
25.404114358896177,124.60009114258376,90,90,88,88,28,30178.62442635433,0.23309386130748025,0.7669061386925198,1.607881067961919,30.0,11,0.08333333333333337,529.592306307031,10762.73160517834,733.577930596959,False,True
25.36183570490104,-12.907672907468452,57,57,57,57,17,20987.945707233106,0.5439059519299989,0.4560940480700011,3.3850605121096446,45.0,10,0.16666666666666663,529.592306307031,13817.578135434554,831.1912576367293,False,False
25.319571833939673,-150.41543695752068,40,40,30,30,8,9132.326990652882,0.4374130719661899,0.56258692803381,2.5550061694284603,30.0,10,0.16666666666666663,529.592306307031,10762.73160517834,733.577930596959,False,False
25.277322707543476,72.07679899247921,68,68,68,68,17,25515.652473428472,0.18888476011590266,0.8111152398840973,1.4657408733755095,30.0,11,0.08333333333333337,529.592306307031,10762.73160517834,733.577930596959,False,True
25.235088287342922,-65.43096505757302,75,75,75,75,16,26075.679542575723,0.4775849935280187,0.5224150064719812,2.828373946427334,30.0,10,0.16666666666666663,412.5936131601795,13817.578135434554,831.1912576367293,False,False
25.19286853506719,157.06127089237478,68,68,68,68,28,25446.284518783952,0.548794014612303,0.45120598538769696,3.4325653133380047,30.0,10,0.16666666666666663,529.592306307031,10762.73160517834,733.577930596959,False,False
25.150663412543715,19.553506842322555,30,30,30,30,4,10209.521809291085,0.21370996372665413,0.7862900362733458,1.5435906697725472,30.0,10,0.16666666666666663,529.592306307031,10762.73160517834,733.577930596959,False,True
25.10847288169773,-117.95425720767756,63,63,63,63,20,19961.293511317246,0.38875464489718997,0.6112453551028101,2.272008504119601,30.0,11,0.08333333333333337,529.592306307031,13817.578135434554,831.1912576367293,False,True
25.066296904551894,104.53797874227023,149,149,149,149,50,51155.12075589915,0.5981785439048609,0.4018214560951391,3.9773350070347187,30.0,11,0.08333333333333337,529.592306307031,10762.73160517834,733.577930596959,False,False
25.02413544322586,-32.96978530778199,38,38,38,38,9,13282.56374713684,0.5576857683750384,0.44231423162496164,3.521672279574763,45.0,9,0.25,529.592306307031,10762.73160517834,733.577930596959,False,False
24.981988459935817,-170.47754935783422,46,46,46,46,19,16599.401777188006,0.2166068796689221,0.7833931203310779,1.5529966348884443,45.0,10,0.16666666666666663,529.592306307031,13817.578135434554,831.1912576367293,False,True
24.939855916994134,52.014686592165674,70,70,70,70,30,25216.305047441037,0.37519025147240626,0.6248097485275937,2.200974384143549,30.0,11,0.08333333333333337,679.7681833982128,8383.263005261933,647.4281043197744,False,True
24.897737776808903,-85.49307745788656,66,66,66,66,17,23223.24071005453,0.6800527515900838,0.3199472484099162,5.251030474366204,60.0,9,0.25,529.592306307031,10762.73160517834,733.577930596959,False,False
24.855634001883534,136.99915849206124,55,55,55,55,18,19315.76011132572,0.08247549864386373,0.9175245013561363,1.1797783024256283,15.0,12,0.0,529.592306307031,10762.73160517834,733.577930596959,False,True
24.813544554816364,-0.5086055579388926,45,45,45,45,10,16644.616592630096,0.4492883091400227,0.5507116908599773,2.631664323081377,30.0,10,0.16666666666666663,529.592306307031,10762.73160517834,733.577930596959,False,False
24.77146939830024,-138.0163696079911,40,40,40,40,13,14087.575680581316,0.5484097486485096,0.45159025135149045,3.4287935667666156,45.0,8,0.33333333333333337,529.592306307031,13817.578135434554,831.1912576367293,False,False
24.72940849512209,84.47586634195667,83,83,83,83,35,30418.922492853453,0.5106168691956603,0.4893831308043397,3.0867775656934526,15.0,12,0.0,679.7681833982128,10762.73160517834,733.577930596959,False,False
24.68736180816256,-53.03189770809553,47,47,47,47,12,17020.91436837542,0.5273226146292466,0.47267738537075343,3.2312157549726273,30.0,10,0.16666666666666663,529.592306307031,10762.73160517834,733.577930596959,False,False
24.64532930039559,169.46033824190434,40,40,40,40,16,12570.567575981002,0.6016984928750045,0.39830150712499546,4.02132169781712,30.0,10,0.16666666666666663,529.592306307031,13817.578135434554,831.1912576367293,False,False
24.603310934888,31.952574191852126,53,53,53,53,22,18177.8980721092,0.4150539421213372,0.5849460578786627,2.4191186914791833,30.0,9,0.25,679.7681833982128,13817.578135434554,831.1912576367293,False,False
24.561306674799127,-105.5551898582001,214,214,209,201,61,65428.77930360231,0.6985617902193406,0.3014382097806594,5.634858936613557,15.0,12,0.0,529.592306307031,10762.73160517834,733.577930596959,False,False
24.51931648338042,116.93704609177374,242,242,240,236,103,60083.30962856024,0.12161333952368661,0.8783866604763134,1.276901608359445,15.0,12,0.0,679.7681833982128,10762.73160517834,733.577930596959,False,True
24.477340323974996,-20.57071795825243,46,46,46,46,12,16231.690664204729,0.6966483321965876,0.3033516678034124,5.593008090188262,60.0,8,0.33333333333333337,529.592306307031,10762.73160517834,733.577930596959,False,False
24.43537816001734,-158.07848200830466,50,50,41,37,7,15614.67941122959,0.4785112828141919,0.521488717185808,2.835174058593091,30.0,11,0.08333333333333337,412.5936131601795,8383.263005261933,647.4281043197744,False,False
24.393429955032843,64.41375394164312,66,66,66,66,25,23482.94406516789,0.37482953742780645,0.6251704625721936,2.19912746960441,60.0,9,0.25,679.7681833982128,10762.73160517834,733.577930596959,False,True
24.351495672637437,-73.094010108357,62,62,62,62,14,21418.860922735297,0.5384291242170575,0.46157087578294254,3.333029020965604,45.0,9,0.25,529.592306307031,13817.578135434554,831.1912576367293,False,False
24.30957527653721,149.3982258415908,63,63,63,63,24,21218.042183707305,0.3251007996371061,0.674899200362894,1.9634054965905992,30.0,11,0.08333333333333337,529.592306307031,8383.263005261933,647.4281043197744,False,True
24.26766873052804,11.890461791538577,43,43,43,43,11,15513.02824674509,0.513023245542301,0.48697675445769895,3.106972215187592,60.0,7,0.41666666666666663,529.592306307031,10762.73160517834,733.577930596959,False,False
24.225775998495163,-125.6173022584876,47,47,47,47,18,16081.631211775079,0.5059682939909979,0.49403170600900215,3.0483231656462886,30.0,11,0.08333333333333337,529.592306307031,13817.578135434554,831.1912576367293,False,False
24.183897044412845,96.87493369148625,145,145,143,133,43,49072.10860173685,0.5512304155617418,0.4487695844382582,3.4566300153863487,30.0,11,0.08333333333333337,529.592306307031,10762.73160517834,733.577930596959,False,False
24.142031832343992,-40.63283035856597,37,37,37,37,8,11725.066040011885,0.46876643086732406,0.5312335691326759,2.764822323380883,60.0,7,0.41666666666666663,529.592306307031,13817.578135434554,831.1912576367293,False,False
24.100180326439748,-178.1405944086182,54,54,54,54,18,20425.998402323065,0.21859171566393384,0.7814082843360661,1.5594814389500957,30.0,11,0.08333333333333337,529.592306307031,10762.73160517834,733.577930596959,False,True
24.058342490939147,44.35164154135564,269,269,260,254,95,67114.3153685611,0.15482955698465628,0.8451704430153437,1.3663865869049219,15.0,12,0.0,529.592306307031,10762.73160517834,733.577930596959,False,True
24.016518290168737,-93.15612250867053,61,61,61,61,8,23053.004208612372,0.5522741480498765,0.4477258519501235,3.467019251376173,45.0,9,0.25,529.592306307031,8383.263005261933,647.4281043197744,False,False
23.974707688542182,129.33611344127726,56,56,55,55,15,17900.877936713932,0.16284018797977476,0.8371598120202253,1.3890301126300137,30.0,11,0.08333333333333337,529.592306307031,10762.73160517834,733.577930596959,False,True
23.93291065055995,-8.171650608774996,37,37,37,37,10,12562.189570615466,0.525769115511067,0.474230884488933,3.217355017177658,75.0,8,0.33333333333333337,529.592306307031,13817.578135434554,831.1912576367293,False,False
23.891127140808894,-145.67941465877507,37,37,37,37,9,12245.959407652132,0.7503404810061733,0.24965951899382666,7.010910251130678,60.0,8,0.33333333333333337,529.592306307031,10762.73160517834,733.577930596959,False,False
23.849357123961887,76.8128212911727,65,65,65,65,23,24339.047323613908,0.3058137715972823,0.6941862284027177,1.8810712719004585,15.0,12,0.0,529.592306307031,10762.73160517834,733.577930596959,False,True
23.807600564777506,-60.694942758879506,68,68,68,68,18,23915.770860973316,0.4332629964908168,0.5667370035091832,2.528973734935578,30.0,10,0.16666666666666663,529.592306307031,10762.73160517834,733.577930596959,False,False
23.765857428099633,161.7972931910943,39,39,39,39,13,14062.798099905853,0.3834155019163167,0.6165844980836833,2.2436754511602373,30.0,9,0.25,529.592306307031,10762.73160517834,733.577930596959,False,True
23.72412767885708,24.289529141068144,47,47,47,47,12,15606.763366127987,0.40872183320600675,0.5912781667939933,2.382502707387838,30.0,11,0.08333333333333337,529.592306307031,10762.73160517834,733.577930596959,False,False
23.682411282063285,-113.21823490898407,64,64,64,64,27,21815.803568387804,0.41439618667873906,0.5856038133212609,2.4152783067736014,45.0,10,0.16666666666666663,679.7681833982128,13817.578135434554,831.1912576367293,False,False
23.640708202815905,109.2740010409637,134,134,134,133,42,46984.20731265564,0.45147157446966624,0.5485284255303338,2.6461191561154553,15.0,12,0.0,529.592306307031,10762.73160517834,733.577930596959,False,False
23.599018406296477,-28.233763009062443,48,48,48,48,11,15834.943385262923,0.5266741579580364,0.4733258420419636,3.2254189869960372,45.0,9,0.25,529.592306307031,10762.73160517834,733.577930596959,False,False
23.557341857770083,-165.74152705908864,54,54,54,54,16,16824.192375034865,0.3418295666994643,0.6581704333005357,2.0387265954360396,30.0,10,0.16666666666666663,529.592306307031,10762.73160517834,733.577930596959,False,True
23.51567852258498,56.75070889085915,54,54,54,54,22,20352.056594039736,0.48758039391307484,0.5124196060869252,2.903051281103258,60.0,9,0.25,679.7681833982128,10762.73160517834,733.577930596959,False,False
23.474028366172245,-80.75705515916701,67,67,67,67,19,24268.792032506128,0.6096939002423545,0.3903060997576455,4.124183304441997,30.0,11,0.08333333333333337,529.592306307031,13817.578135434554,831.1912576367293,False,False
23.432391354045446,141.73518079080682,44,44,44,44,16,15457.96451263479,0.2841290765347735,0.7158709234652265,1.7937997402085437,30.0,11,0.08333333333333337,529.592306307031,10762.73160517834,733.577930596959,False,True
23.390767451800293,4.227416740754598,54,54,54,54,14,17305.365963986485,0.3733472134326075,0.6266527865673925,2.1915600518675946,45.0,10,0.16666666666666663,529.592306307031,13817.578135434554,831.1912576367293,False,True
23.34915662511427,-133.2803473092976,38,38,38,38,12,15010.470340770065,0.516554517936557,0.48344548206344296,3.1369711253967996,30.0,8,0.33333333333333337,529.592306307031,13817.578135434554,831.1912576367293,False,False
23.307558839746324,89.21188864067621,115,115,115,115,41,40857.87147107731,0.32803126579443864,0.6719687342055614,1.9763289542995044,15.0,12,0.0,679.7681833982128,10762.73160517834,733.577930596959,False,True
23.265974061536504,-48.29587540934995,48,48,48,48,14,15982.739199425752,0.5592017803218131,0.4407982196781869,3.5372234068008215,30.0,9,0.25,529.592306307031,10762.73160517834,733.577930596959,False,False
23.22440225640562,174.19636054059782,45,45,45,45,20,15043.01369158886,0.3852724402909335,0.6147275597090665,2.2534737842997385,30.0,9,0.25,529.592306307031,13817.578135434554,831.1912576367293,False,True
23.182843390354947,36.688596490545606,41,41,41,41,12,15133.66415873215,0.22417604872541563,0.7758239512745844,1.5779044288517303,45.0,8,0.33333333333333337,529.592306307031,10762.73160517834,733.577930596959,False,True
23.1412974294658,-100.81916755948055,241,241,236,235,74,65899.16298658321,0.2874764448479197,0.7125235551520803,1.806924747313262,15.0,12,0.0,529.592306307031,10762.73160517834,733.577930596959,False,True
23.099764339899295,121.67306839049327,127,127,126,125,52,37075.46549287541,0.23224754235596687,0.7677524576440331,1.6050063143233806,15.0,12,0.0,529.592306307031,8383.263005261933,647.4281043197744,False,True
23.058244087895968,-15.834695659558975,40,40,40,40,12,13470.059319664459,0.5557226563963977,0.44427734360360227,3.5016925323665857,60.0,9,0.25,529.592306307031,13817.578135434554,831.1912576367293,False,False
23.01673663977543,-153.3424597095851,76,76,62,42,9,21183.478227045118,0.287834425822571,0.712165574177429,1.8083356911909925,15.0,12,0.0,412.5936131601795,5086.20960392225,504.2920584305413,False,True
22.97524196193608,69.14977624038872,67,67,67,67,20,23958.402677480288,0.2956781978361704,0.7043218021638296,1.8396110894985296,30.0,11,0.08333333333333337,679.7681833982128,10762.73160517834,733.577930596959,False,True
22.933760020854752,-68.35798780966348,87,87,87,87,22,27511.167833374137,0.6038880247694666,0.39611197523053343,4.04907734444539,30.0,10,0.16666666666666663,529.592306307031,13817.578135434554,831.1912576367293,False,False
22.892290783086374,154.13424814028429,140,140,140,138,70,26643.067453008614,0.130880632086823,0.869119367913177,1.301179876824233,15.0,12,0.0,679.7681833982128,8383.263005261933,647.4281043197744,False,True
22.85083421526367,16.62648409025811,41,41,41,41,13,15817.561208472049,0.5173719936147259,0.48262800638527414,3.1439783301830033,45.0,9,0.25,529.592306307031,10762.73160517834,733.577930596959,False,False
22.809390284096843,-120.88127995976805,50,50,50,50,18,18774.950636386253,0.26015635277722204,0.739843647222778,1.7032738707801194,45.0,9,0.25,529.592306307031,13817.578135434554,831.1912576367293,False,True
22.767958956373203,101.61095599017972,192,192,192,188,68,60685.31581739386,0.3168424496432912,0.6831575503567088,1.9275823694778835,15.0,12,0.0,529.592306307031,8383.263005261933,647.4281043197744,False,True
22.726540198956904,-35.89680805984642,43,43,43,43,11,13929.830059783824,0.4730353136038398,0.5269646863961601,2.795320733307061,45.0,9,0.25,529.592306307031,10762.73160517834,733.577930596959,False,False
22.6851339787886,-173.40457210989865,51,51,51,51,14,16292.618606443331,0.35334651825434427,0.6466534817456557,2.0928465653675206,30.0,11,0.08333333333333337,529.592306307031,13817.578135434554,831.1912576367293,False,True
22.643740262885103,49.08766384007517,84,84,84,84,32,30165.87310265649,0.3091002482735283,0.6908997517264717,1.8947759714810308,15.0,12,0.0,679.7681833982128,10762.73160517834,733.577930596959,False,True
22.602359018339126,-88.42010020997708,61,61,61,61,16,20490.559300601573,0.6678080720782961,0.33219192792170393,5.020615890676882,60.0,9,0.25,529.592306307031,10762.73160517834,733.577930596959,False,False
22.56099021231892,134.07213573999678,54,54,54,54,15,18051.993868214242,0.36665988179521725,0.6333401182047828,2.1578609068205665,15.0,12,0.0,529.592306307031,10762.73160517834,733.577930596959,False,True
22.51963381206796,-3.435628310029358,37,37,37,37,10,11951.975960627315,0.47953182475634853,0.5204681752436515,2.842694126425159,30.0,10,0.16666666666666663,529.592306307031,13817.578135434554,831.1912576367293,False,False
22.47828978490468,-140.94339236008162,38,38,38,38,11,12218.944488660449,0.5909378024770254,0.40906219752297457,3.8892320339321307,45.0,9,0.25,529.592306307031,13817.578135434554,831.1912576367293,False,False
22.436958098222114,81.54884358989223,70,70,70,70,21,24245.280474909956,0.22843473660995373,0.7715652633900463,1.5921332839850102,30.0,10,0.16666666666666663,679.7681833982128,10762.73160517834,733.577930596959,False,True
22.3956387194876,-55.958920460160016,59,59,59,59,16,20897.48985423507,0.3959905607037169,0.6040094392962831,2.3112065306961953,30.0,9,0.25,529.592306307031,13817.578135434554,831.1912576367293,False,True
22.35433161624249,166.53331548981384,35,35,35,35,13,11497.26998472845,0.4323197396019494,0.5676802603980506,2.523109996105244,30.0,10,0.16666666666666663,529.592306307031,13817.578135434554,831.1912576367293,False,False
22.313036756101845,29.025551439761625,52,52,52,52,15,17801.264345907242,0.384712881104862,0.615287118895138,2.2505149849250388,45.0,8,0.33333333333333337,529.592306307031,10762.73160517834,733.577930596959,False,True
22.27175410675408,-108.48221261026455,137,137,130,110,37,39437.96052931211,0.5104292987560046,0.4895707012439954,3.0852117884465216,15.0,12,0.0,529.592306307031,10762.73160517834,733.577930596959,False,False
22.230483635960734,114.01002333968323,101,101,99,96,40,33712.06868993792,0.4888532817318487,0.5111467182681513,2.9127708904721668,30.0,11,0.08333333333333337,679.7681833982128,10762.73160517834,733.577930596959,False,False
22.18922531155613,-23.497740710342953,52,52,52,52,13,17093.3040593473,0.6406844489608596,0.35931555103914037,4.566138159664955,45.0,9,0.25,529.592306307031,10762.73160517834,733.577930596959,False,False
22.147979101447053,-161.00550476039516,84,84,71,55,6,21438.66894798774,0.36548264938831954,0.6345173506116805,2.1520020659355996,15.0,12,0.0,412.5936131601795,5086.20960392225,504.2920584305413,False,True
22.10674497361251,61.486731189578684,57,57,57,57,22,18872.771914498284,0.4766653078865993,0.5233346921134008,2.821646128452387,75.0,8,0.33333333333333337,679.7681833982128,10762.73160517834,733.577930596959,False,False
22.06552289610339,-76.02103286044746,65,65,63,63,21,21166.27785443484,0.41652633893766056,0.5834736610623394,2.427746843548292,30.0,10,0.16666666666666663,529.592306307031,13817.578135434554,831.1912576367293,False,False
22.024312837042164,146.4712030895003,45,45,45,45,15,16075.015337506196,0.31997319641179034,0.6800268035882097,1.941060542682815,45.0,10,0.16666666666666663,529.592306307031,13817.578135434554,831.1912576367293,False,True
21.98311476462262,8.963439039474132,43,43,43,43,8,13326.26921081691,0.5043884772046068,0.4956115227953932,3.0354186858275973,15.0,12,0.0,529.592306307031,13817.578135434554,831.1912576367293,False,False
21.941928647109556,-128.5443250105781,40,40,40,40,14,12562.403284488279,0.48827885403954174,0.5117211459604583,2.9083786468236825,30.0,9,0.25,529.592306307031,13817.578135434554,831.1912576367293,False,False
21.900754452838477,93.94791093939574,134,134,134,121,43,46200.02359453204,0.4786038861176797,0.5213961138823203,2.8358552101740484,30.0,11,0.08333333333333337,529.592306307031,10762.73160517834,733.577930596959,False,False
21.859592150215313,-43.55985311065649,43,43,43,43,10,13957.50037563422,0.327246380135613,0.672753619864387,1.9728565420475301,45.0,9,0.25,529.592306307031,13817.578135434554,831.1912576367293,False,True
21.818441707716154,178.93238283931737,35,35,35,35,13,11468.715530372032,0.37407880986993636,0.6259211901300636,2.1952904479626403,45.0,10,0.16666666666666663,529.592306307031,10762.73160517834,733.577930596959,False,True
21.777303093886907,41.42461878926514,73,73,71,69,18,24099.888585578396,0.35718897405901107,0.6428110259409889,2.11133431022324,45.0,10,0.16666666666666663,529.592306307031,13817.578135434554,831.1912576367293,False,True
21.73617627734306,-96.08314526076106,78,78,78,78,15,26171.97735021635,0.5191120707314963,0.48088792926850366,3.158973179140249,30.0,10,0.16666666666666663,529.592306307031,8383.263005261933,647.4281043197744,False,False
21.69506122676938,126.4090906892128,55,55,55,55,12,19516.89375296292,0.33217582965691483,0.6678241703430852,1.9948002615307088,30.0,11,0.08333333333333337,529.592306307031,10762.73160517834,733.577930596959,False,True
21.653957910919623,-11.098673360839427,38,38,38,38,8,13847.175295423245,0.6928777357043272,0.3071222642956728,5.51206451797503,60.0,8,0.33333333333333337,529.592306307031,13817.578135434554,831.1912576367293,False,False
21.612866298616257,-148.6064374108656,36,36,35,35,10,11922.82550491373,0.5923041462861445,0.4076958537138555,3.9056177093322004,30.0,9,0.25,529.592306307031,13817.578135434554,831.1912576367293,False,False
21.571786358750188,73.8857985390822,64,64,64,64,17,22798.231020210827,0.24238656749647725,0.7576134325035228,1.639868716940549,15.0,12,0.0,529.592306307031,10762.73160517834,733.577930596959,False,True
21.530718060280453,-63.621965510943994,67,67,67,67,14,21752.877420914883,0.5570052915434355,0.4429947084565645,3.5147266137064914,30.0,10,0.16666666666666663,529.592306307031,10762.73160517834,733.577930596959,False,False
21.489661372233982,158.8702704390038,34,34,34,34,12,11961.182118375791,0.10146710189716047,0.8985328981028395,1.225850610726436,30.0,11,0.08333333333333337,529.592306307031,13817.578135434554,831.1912576367293,False,True
21.448616263705294,21.362506388977646,41,41,41,41,10,15087.960813767524,0.2049172189617185,0.7950827810382814,1.5154613427651435,30.0,10,0.16666666666666663,529.592306307031,13817.578135434554,831.1912576367293,False,True
21.407582703856207,-116.14525766107457,43,43,43,43,14,15259.743973932716,0.30268204388786724,0.6973179561121328,1.8681320801645733,45.0,10,0.16666666666666663,529.592306307031,13817.578135434554,831.1912576367293,False,True
21.366560661915607,106.34697828889925,201,201,201,199,73,54302.55715638155,0.4166648780545566,0.5833351219454435,2.4285609159447294,15.0,12,0.0,529.592306307031,10762.73160517834,733.577930596959,False,False
21.32555010717914,-31.160785761152965,41,41,41,41,5,12980.034788568535,0.6222161916254836,0.3777838083745164,4.294033136585085,45.0,8,0.33333333333333337,529.592306307031,10762.73160517834,733.577930596959,False,False
21.284551009008943,-168.66854981117913,60,60,60,60,26,21219.747859610707,0.2489641137890431,0.751035886210957,1.6629885957782635,15.0,12,0.0,529.592306307031,13817.578135434554,831.1912576367293,False,True
21.243563336833386,53.823686138794706,58,58,58,58,22,17762.890069581223,0.18240140041564742,0.8175985995843525,1.446188142955176,30.0,10,0.16666666666666663,679.7681833982128,8383.263005261933,647.4281043197744,False,True
21.202587060146797,-83.68407791125753,82,82,82,82,21,26545.207673583194,0.636672806611766,0.36332719338823405,4.504680179176392,30.0,11,0.08333333333333337,529.592306307031,10762.73160517834,733.577930596959,False,False
21.161622148509178,138.80815803871633,50,50,50,50,10,16611.88712304487,0.04081235655069592,0.9591876434493041,1.0850977529358738,15.0,12,0.0,529.592306307031,10762.73160517834,733.577930596959,False,True
21.120668571545956,1.3003939886640972,50,50,50,50,10,17581.169004148804,0.4216990281096405,0.5783009718903596,2.4584067764271045,45.0,9,0.25,529.592306307031,10762.73160517834,733.577930596959,False,False
21.07972629894773,-136.20737006136207,36,36,36,36,7,10670.56037158044,0.44813601410923726,0.5518639858907628,2.624081388046736,45.0,8,0.33333333333333337,529.592306307031,13817.578135434554,831.1912576367293,False,False
21.038795300469946,86.28486588858571,83,83,83,83,27,26948.026453525024,0.13744959114695102,0.862550408853049,1.3187050628837347,30.0,10,0.16666666666666663,679.7681833982128,10762.73160517834,733.577930596959,False,True
20.997875545932718,-51.22289816144047,48,48,48,48,13,17432.171499032782,0.47054057642291386,0.5294594235770862,2.7774377240993835,30.0,10,0.16666666666666663,529.592306307031,13817.578135434554,831.1912576367293,False,False
20.9569670052205,171.2693377885334,30,30,30,30,15,9570.934050752012,0.4255427280188975,0.5744572719811025,2.481547014110725,45.0,9,0.25,529.592306307031,10762.73160517834,733.577930596959,False,False
20.91606964828183,33.76157373848116,54,54,54,54,13,18828.24184464903,0.009243116234459205,0.9907568837655408,1.018658696973831,45.0,8,0.33333333333333337,529.592306307031,13817.578135434554,831.1912576367293,False,True
20.87518344512911,-103.74619031154504,174,174,173,160,44,55851.447391734866,0.5874680213751952,0.41253197862480484,3.848109003978543,30.0,11,0.08333333333333337,529.592306307031,10762.73160517834,733.577930596959,False,False
20.834308365838325,118.74604563840278,98,98,98,98,44,34861.15797168383,0.48243580169297023,0.5175641983070298,2.864254920533662,30.0,11,0.08333333333333337,679.7681833982128,13817.578135434554,831.1912576367293,False,False
20.793444380548753,-18.761718411623406,28,28,28,28,7,9382.610610413056,0.468426051615021,0.5315739483849791,2.762411619448947,30.0,9,0.25,679.7681833982128,13817.578135434554,831.1912576367293,False,False
20.752591459462757,-156.2694824616756,60,60,48,34,7,21375.219698279976,0.32950148156391523,0.6704985184360848,1.982855211470016,30.0,10,0.16666666666666663,412.5936131601795,5086.20960392225,504.2920584305413,False,True
20.71174957284551,66.22275348829822,45,45,45,45,16,13996.307038967447,0.4430170018877952,0.5569829981122048,2.5907738777999434,45.0,10,0.16666666666666663,679.7681833982128,10762.73160517834,733.577930596959,False,False
20.67091869102472,-71.285010561754,84,84,80,80,18,27011.615314078805,0.5015841887800829,0.49841581121991707,3.0127137923350027,45.0,9,0.25,529.592306307031,13817.578135434554,831.1912576367293,False,False
20.63009878439043,151.20722538821983,42,42,42,42,17,14459.196873964893,0.3903781537734286,0.6096218462265715,2.2807223238136416,45.0,10,0.16666666666666663,529.592306307031,10762.73160517834,733.577930596959,False,True
20.589289823394687,13.69946133816761,39,39,39,39,12,13894.892914219057,0.3024109937039926,0.6975890062960074,1.8670176593226606,30.0,11,0.08333333333333337,529.592306307031,13817.578135434554,831.1912576367293,False,True
20.548491778551366,-123.80830271185854,43,43,43,43,17,14327.236808186177,0.40799152514782683,0.5920084748521732,2.378330015460349,30.0,10,0.16666666666666663,679.7681833982128,13817.578135434554,831.1912576367293,False,False
20.507704620435884,98.68393323811527,202,202,199,192,69,62820.024223248474,0.19189029393056461,0.8081097060694353,1.4749114940442922,15.0,12,0.0,529.592306307031,10762.73160517834,733.577930596959,False,True
20.466928319684946,-38.82383081193694,44,44,44,44,7,15691.781520236887,0.36179514382977285,0.6382048561702272,2.133790005926473,45.0,10,0.16666666666666663,529.592306307031,10762.73160517834,733.577930596959,False,True
20.426162846996306,-176.3315948619631,53,53,53,53,20,16148.242453993824,0.19175202245576323,0.8082479775442368,1.4744880971762613,30.0,11,0.08333333333333337,529.592306307031,10762.73160517834,733.577930596959,False,True
20.385408173128532,46.16064108798467,81,81,78,76,20,24878.295637002157,0.4142995877948036,0.5857004122051964,2.414715028917058,30.0,10,0.16666666666666663,529.592306307031,10762.73160517834,733.577930596959,False,False
20.344664268900733,-91.34712296204151,71,71,71,71,13,25979.12452433484,0.6809682350841607,0.3190317649158393,5.268968234331151,60.0,9,0.25,529.592306307031,8383.263005261933,647.4281043197744,False,False
20.303931105192333,131.1451129879063,69,69,69,69,21,23630.628714875987,0.3167644681573888,0.6832355318426112,1.927248228156723,30.0,11,0.08333333333333337,529.592306307031,10762.73160517834,733.577930596959,False,True
20.26320865294284,-6.36265106211988,37,37,37,37,12,13312.7211803202,0.5082548151944235,0.4917451848055765,3.0671470952801476,60.0,7,0.41666666666666663,529.592306307031,13817.578135434554,831.1912576367293,False,False
20.222496883151564,-143.87041511214605,35,35,35,35,10,12241.340088039175,0.3832144307950467,0.6167855692049533,2.242618018086955,45.0,10,0.16666666666666663,529.592306307031,13817.578135434554,831.1912576367293,False,True
20.18179576687741,78.62182083780174,69,69,69,69,23,24827.4664754124,0.3247319011627995,0.6752680988372005,1.9617865903097806,30.0,11,0.08333333333333337,679.7681833982128,10762.73160517834,733.577930596959,False,True
20.141105275238626,-58.88594321225048,62,62,62,62,20,21033.592122354188,0.5836572830968364,0.4163427169031636,3.8037348050096345,45.0,9,0.25,529.592306307031,13817.578135434554,831.1912576367293,False,False
20.100425379412556,163.60629273772335,30,30,30,30,13,10233.639010367719,0.22549532466343503,0.774504675336565,1.5822955802440957,30.0,11,0.08333333333333337,529.592306307031,13817.578135434554,831.1912576367293,False,True
20.05975605063541,26.09852868769718,53,53,53,53,9,18474.927178246195,0.3116229961127214,0.6883770038872786,1.9053846783172017,30.0,9,0.25,529.592306307031,10762.73160517834,733.577930596959,False,True
20.019097260202045,-111.40923536235505,48,48,48,48,15,16231.252611635537,0.22678842883482872,0.7732115711651713,1.586614161743792,45.0,10,0.16666666666666663,529.592306307031,13817.578135434554,831.1912576367293,False,True
19.978448979465675,111.08300058761878,145,145,143,139,39,39714.58221398957,0.43989739222561175,0.5601026077743883,2.570774304992361,15.0,12,0.0,529.592306307031,10762.73160517834,733.577930596959,False,False
19.937811179837688,-26.424763462407384,50,50,50,50,9,17261.221995888503,0.6315278966487069,0.3684721033512931,4.427819316061614,45.0,10,0.16666666666666663,529.592306307031,10762.73160517834,733.577930596959,False,False
19.897183832787405,-163.9325275124596,48,48,48,48,9,17058.1779761719,0.5191917263888368,0.4808082736111632,3.1596621975299657,45.0,9,0.25,529.592306307031,8383.263005261933,647.4281043197744,False,False
19.856566909841803,58.55970843748818,49,49,49,49,18,17375.335339297082,0.513880491389548,0.48611950861045194,3.1142146418211007,75.0,8,0.33333333333333337,679.7681833982128,10762.73160517834,733.577930596959,False,False
19.81596038258534,-78.94805561253798,88,88,87,87,24,30353.476224639857,0.4776217226504954,0.5223782773495046,2.8286431245721033,30.0,11,0.08333333333333337,529.592306307031,13817.578135434554,831.1912576367293,False,False
19.775364222659697,143.54418033743585,50,50,50,50,20,16715.269507077082,0.2624983585947716,0.7375016414052284,1.7118583711749027,30.0,11,0.08333333333333337,529.592306307031,10762.73160517834,733.577930596959,False,True
19.734778401763528,6.036416287383631,45,45,45,45,14,16211.143354184518,0.43686761211811026,0.5631323878818897,2.551562728477759,15.0,12,0.0,529.592306307031,13817.578135434554,831.1912576367293,False,False
19.694202891652264,-131.4713477626686,33,33,33,33,6,10318.166288732942,0.5657707418906095,0.4342292581093905,3.6058619096923277,45.0,8,0.33333333333333337,529.592306307031,13817.578135434554,831.1912576367293,False,False
19.653637664137886,91.02088818730525,103,103,103,103,43,36098.093622495595,0.3155216753312038,0.6844783246687962,1.921933285422523,30.0,11,0.08333333333333337,679.7681833982128,10762.73160517834,733.577930596959,False,True
19.613082691088653,-46.48687586272092,37,37,37,37,11,11748.708236705264,0.42425666857046646,0.5757433314295335,2.473770152116446,30.0,10,0.16666666666666663,529.592306307031,13817.578135434554,831.1912576367293,False,False
19.572537944428923,176.00536008722685,30,30,30,30,13,9777.819089083467,0.21101716448146782,0.7889828355185322,1.534909392148649,30.0,9,0.25,679.7681833982128,13817.578135434554,831.1912576367293,False,True
19.53200339613892,38.497596037200694,45,45,45,45,10,15922.895879071395,0.24376934845110487,0.7562306515488951,1.6446957629972334,45.0,9,0.25,529.592306307031,13817.578135434554,831.1912576367293,False,True
19.49147901825447,-99.01016801282549,201,201,199,199,56,50912.13622617941,0.5800186205817556,0.4199813794182444,3.7621158889720006,15.0,12,0.0,529.592306307031,8383.263005261933,647.4281043197744,False,False
19.450964782866837,123.48206793712231,75,75,75,75,18,27019.116188349042,0.4015074039210255,0.5984925960789744,2.3417288920581547,30.0,11,0.08333333333333337,529.592306307031,10762.73160517834,733.577930596959,False,False
19.410460662122453,-14.025696112929893,50,50,50,50,13,17224.024764897356,0.6295055757449388,0.3704944242550612,4.398191899976154,30.0,11,0.08333333333333337,529.592306307031,13817.578135434554,831.1912576367293,False,False
19.369966628222716,-151.5334601629561,46,46,40,30,9,16500.664800605773,0.0697734551693696,0.9302265448306304,1.1500138983500485,15.0,12,0.0,412.5936131601795,10762.73160517834,733.577930596959,False,True
19.329482653423767,70.95877578701776,60,60,60,60,18,21096.208342799335,0.10493561162921239,0.8950643883707876,1.2344761181264694,45.0,10,0.16666666666666663,679.7681833982128,10762.73160517834,733.577930596959,False,True
19.28900871003628,-66.54898826303446,81,81,81,81,15,27679.29642028391,0.6482382845265945,0.3517617154734055,4.685667063876959,45.0,9,0.25,412.5936131601795,10762.73160517834,733.577930596959,False,False
19.248544770425216,155.9432476869133,34,34,34,34,17,12905.792690640013,0.1878296528660649,0.8121703471339351,1.4625375785483827,30.0,10,0.16666666666666663,679.7681833982128,13817.578135434554,831.1912576367293,False,True
19.208090807009626,18.4354836369132,41,41,41,41,10,15247.066731063605,0.2357911773270789,0.7642088226729211,1.6170857240364436,30.0,11,0.08333333333333337,529.592306307031,10762.73160517834,733.577930596959,False,True
19.16764679226245,-119.07228041313903,29,29,29,29,16,10139.100793606138,0.10703406131564236,0.8929659386843576,1.2397270862835819,30.0,9,0.25,872.5292600693726,13817.578135434554,831.1912576367293,False,True
19.12721269871025,103.41995553680876,246,246,244,238,94,61450.071800090365,0.2606179819009563,0.7393820180990437,1.7049616450532756,15.0,12,0.0,529.592306307031,8383.263005261933,647.4281043197744,False,True
19.086788498933036,-34.0878085132174,42,42,42,42,5,14634.150133996824,0.30096835622918205,0.699031643770818,1.8611008068408887,45.0,10,0.16666666666666663,529.592306307031,10762.73160517834,733.577930596959,False,True
19.046374165564064,-171.59557256324356,81,81,81,81,36,25081.854095190884,0.34348090128847425,0.6565190987115257,2.0463698678761504,45.0,10,0.16666666666666663,679.7681833982128,10762.73160517834,733.577930596959,False,True
19.00596967128956,50.896663386704205,65,65,64,64,16,23192.659104215716,0.17625588905649736,0.8237441109435026,1.4279384500961516,30.0,10,0.16666666666666663,529.592306307031,10762.73160517834,733.577930596959,False,True
18.965574988848573,-86.611100663348,79,79,79,79,19,25876.19435879421,0.6384600592898915,0.36153994071010853,4.531892260843314,30.0,10,0.16666666666666663,529.592306307031,10762.73160517834,733.577930596959,False,False
18.925190091032746,135.8811352866258,46,46,46,46,14,15098.944936654814,0.2047380162755422,0.7952619837244578,1.5148945139227976,30.0,10,0.16666666666666663,529.592306307031,10762.73160517834,733.577930596959,False,True
18.88481495068606,-1.6266287634003334,37,37,37,37,8,12329.160189373226,0.406708520228817,0.593291479771183,2.371024307936038,45.0,9,0.25,529.592306307031,13817.578135434554,831.1912576367293,False,False
18.84444954070469,-139.13439281345256,33,33,33,33,8,12158.888402350192,0.49568213997948807,0.5043178600205119,2.9657528684759544,60.0,8,0.33333333333333337,529.592306307031,13817.578135434554,831.1912576367293,False,False
18.804093834036767,83.3578431364952,81,81,81,81,27,28793.953846270713,0.2917102621422113,0.7082897378577887,1.8237032009654253,15.0,12,0.0,529.592306307031,10762.73160517834,733.577930596959,False,True
18.763747803682147,-54.1499209135049,51,51,51,51,16,16490.469796273203,0.5059136505644154,0.4940863494355846,3.0478754417819545,45.0,10,0.16666666666666663,529.592306307031,13817.578135434554,831.1912576367293,False,False
18.723411422692244,168.34231503644287,21,21,21,21,9,8065.618492953248,0.36143380265835257,0.6385661973416474,2.1320167091931967,45.0,9,0.25,679.7681833982128,10762.73160517834,733.577930596959,False,True
18.68308466416981,30.834550986390656,65,65,65,65,16,23334.330623422884,0.27424838790936384,0.7257516120906362,1.7557637719035863,30.0,10,0.16666666666666663,529.592306307031,10762.73160517834,733.577930596959,False,True
18.6427675012687,-106.6732130636355,88,88,87,81,26,26338.321015542504,0.2951394638537424,0.7048605361462577,1.837440738184557,45.0,10,0.16666666666666663,529.592306307031,10762.73160517834,733.577930596959,False,True
18.602459907193712,115.81902288633833,75,75,75,75,37,25645.90604684447,0.39911167622132887,0.6008883237786711,2.3284054970864645,15.0,12,0.0,679.7681833982128,10762.73160517834,733.577930596959,False,True
18.562161855200365,-21.68874116371387,36,36,36,36,9,10197.409685459812,0.46147877542524807,0.5385212245747519,2.7138740475443988,45.0,10,0.16666666666666663,529.592306307031,10762.73160517834,733.577930596959,False,False
18.52187331859468,-159.19650521376613,55,55,45,34,10,18570.16557737648,0.23475200278957897,0.765247997210421,1.6135318318906466,30.0,11,0.08333333333333337,412.5936131601795,6529.857028264046,571.395529745554,False,True
18.481594270732995,63.29573073623377,41,41,41,41,14,15253.38655999919,0.4418977537627495,0.5581022462372505,2.5835727476176396,75.0,8,0.33333333333333337,679.7681833982128,10762.73160517834,733.577930596959,False,False
18.441324685021772,-74.21203331381844,86,86,84,83,23,28853.260882805862,0.3080833685607923,0.6919166314392077,1.890521645418378,30.0,10,0.16666666666666663,529.592306307031,13817.578135434554,831.1912576367293,False,True
18.401064534917364,148.28020263612933,36,36,36,36,12,12898.770440000844,0.2912790685586199,0.70872093144138,1.8219852289849077,30.0,10,0.16666666666666663,529.592306307031,10762.73160517834,733.577930596959,False,True
18.360813793925857,10.77243858607711,43,43,43,43,10,14300.525373866525,0.3363478217000053,0.6636521782999947,2.013626814460523,15.0,12,0.0,529.592306307031,13817.578135434554,831.1912576367293,False,True
18.32057243560284,-126.735325463923,35,35,35,35,14,12128.803546694924,0.5850516740626256,0.4149483259373744,3.819877259371924,30.0,10,0.16666666666666663,529.592306307031,13817.578135434554,831.1912576367293,False,False
18.280340433553203,95.75691048602478,171,171,170,165,64,50614.15728492388,0.3087910830516797,0.6912089169483203,1.8934811906506903,15.0,12,0.0,679.7681833982128,10762.73160517834,733.577930596959,False,True
18.240117761430977,-41.750853564027466,44,44,44,44,6,15327.035785509419,0.4584151715556611,0.541584828444339,2.6928656324159728,45.0,10,0.16666666666666663,529.592306307031,13817.578135434554,831.1912576367293,False,False
18.199904392939104,-179.25861761402754,40,40,40,40,15,13395.80119085285,0.2519956794623465,0.7480043205376534,1.6737813473623153,45.0,9,0.25,529.592306307031,13817.578135434554,831.1912576367293,False,True
18.159700301829236,43.23361833592023,80,80,78,76,20,27589.927117654363,0.5579946662396255,0.44200533376037454,3.524832275178528,45.0,8,0.33333333333333337,529.592306307031,10762.73160517834,733.577930596959,False,False
18.11950546190158,-94.27414571413198,63,63,63,63,12,23095.325057487054,0.6513148706644607,0.3486851293355393,4.735833942248229,75.0,8,0.33333333333333337,529.592306307031,10762.73160517834,733.577930596959,False,False
18.07931984700465,128.2180902358158,63,63,63,63,19,20559.847267192003,0.2630374108304974,0.7369625891695026,1.7138419634758373,30.0,11,0.08333333333333337,529.592306307031,10762.73160517834,733.577930596959,False,True
18.039143431035136,-9.289673814184312,31,31,31,31,7,9666.132846249373,0.5523999633213232,0.44760003667867676,3.468274879601408,45.0,8,0.33333333333333337,529.592306307031,13817.578135434554,831.1912576367293,False,False
17.99897618793765,-146.79743786423654,25,25,25,25,8,8885.559580615112,0.5501401728845356,0.44985982711546435,3.445829299371213,90.0,7,0.41666666666666663,529.592306307031,13817.578135434554,831.1912576367293,False,False
17.95881809170456,75.69479808571123,61,61,61,61,16,21062.040488735944,0.274107661409771,0.725892338590229,1.7552295205157322,15.0,12,0.0,529.592306307031,10762.73160517834,733.577930596959,False,True
17.91866911637582,-61.812965964341004,67,67,67,67,19,21466.922566734447,0.5553357041606086,0.4446642958393914,3.497775105205167,30.0,10,0.16666666666666663,529.592306307031,13817.578135434554,831.1912576367293,False,False
17.87852923603876,160.6792699856589,22,22,22,22,11,7977.441991078609,0.12602733290539328,0.8739726670946067,1.288401085412322,30.0,10,0.16666666666666663,679.7681833982128,13817.578135434554,831.1912576367293,False,True
17.838398424827858,23.171505935606678,43,43,43,43,9,14611.025253258284,0.16297592043130346,0.8370240795686965,1.389417519542047,30.0,9,0.25,529.592306307031,10762.73160517834,733.577930596959,False,True
17.79827665692464,-114.33625811444554,38,38,38,38,10,13849.910439331814,0.22344902145860937,0.7765509785413907,1.5754909275327105,45.0,10,0.16666666666666663,412.5936131601795,13817.578135434554,831.1912576367293,False,True
17.758163906557414,108.15597783555435,147,147,146,144,44,46422.363960583054,0.37813245052827554,0.6218675494717245,2.216118933523701,15.0,12,0.0,529.592306307031,10762.73160517834,733.577930596959,False,True
17.718060148001104,-29.35178621449785,59,59,59,59,6,21030.97348568854,0.4779193351794459,0.522080664820554,2.8308256458557532,30.0,11,0.08333333333333337,529.592306307031,10762.73160517834,733.577930596959,False,False
17.67796535557709,-166.8595502645501,60,60,60,60,18,20251.019085376814,0.5474562751143465,0.45254372488565353,3.4194624519550016,30.0,10,0.16666666666666663,529.592306307031,10762.73160517834,733.577930596959,False,False
17.637879503652993,55.63268568539768,58,58,58,58,18,20837.824270383873,0.25160317800260656,0.7483968219973934,1.6723790657771738,45.0,9,0.25,529.592306307031,13817.578135434554,831.1912576367293,False,True
17.59780256664249,-81.87507836460242,106,106,106,106,26,36421.7518740106,0.48584647746221826,0.5141535225377818,2.889888743985087,45.0,10,0.16666666666666663,529.592306307031,10762.73160517834,733.577930596959,False,False
17.557734519005145,140.61715758534535,46,46,46,46,14,15807.964194892076,0.17027454389921448,0.8297254561007855,1.4104358680265232,30.0,11,0.08333333333333337,529.592306307031,10762.73160517834,733.577930596959,False,True
17.517675335246228,3.1093935352931306,49,49,49,49,15,16729.640013374817,0.4729326256492421,0.5270673743507579,2.7945812951590905,75.0,8,0.33333333333333337,529.592306307031,10762.73160517834,733.577930596959,False,False
17.477624989916492,-134.39837051475908,41,41,41,41,8,14674.554487874073,0.33957255535805897,0.660427444641941,2.0283417447685337,45.0,8,0.33333333333333337,529.592306307031,13817.578135434554,831.1912576367293,False,True
17.43758345761206,88.0938654352408,78,78,78,78,28,25497.05995024187,0.08882808502924165,0.9111719149707583,1.1949754674606985,15.0,12,0.0,679.7681833982128,10762.73160517834,733.577930596959,False,True
17.397550712974187,-49.413898614811444,39,39,39,39,13,13055.58180061758,0.3510849119649168,0.6489150880350831,2.0820673411308808,30.0,10,0.16666666666666663,529.592306307031,13817.578135434554,831.1912576367293,False,True
17.35752673068908,173.07833733513635,28,28,28,28,13,10603.278889803438,0.33566097021880226,0.6643390297811977,2.010511064898154,60.0,8,0.33333333333333337,679.7681833982128,13817.578135434554,831.1912576367293,False,True
17.31751148548776,35.57057328513625,41,41,41,41,13,12441.647736310464,0.38837845576386676,0.6116215442361332,2.2699959948236312,30.0,9,0.25,529.592306307031,10762.73160517834,733.577930596959,False,True
17.277504952145858,-101.93719076491595,93,93,93,93,23,33461.776044927086,0.6393145679669348,0.36068543203306525,4.544998002072491,45.0,9,0.25,529.592306307031,10762.73160517834,733.577930596959,False,False
17.237507105483413,120.5550451850318,74,74,74,74,26,26807.88161374389,0.5141710831310151,0.4858289168689849,3.116675501510641,15.0,12,0.0,529.592306307031,13817.578135434554,831.1912576367293,False,False
17.19751792036473,-16.95271886499438,42,42,42,42,14,13511.362381857612,0.475399069065978,0.524600930934022,2.812421751595282,45.0,9,0.25,529.592306307031,13817.578135434554,831.1912576367293,False,False
17.1575373716982,-154.46048291502052,73,73,60,35,8,21493.22437510686,0.1546382833235174,0.8453617166764826,1.3658511623437923,15.0,12,0.0,321.4425277580959,1458.3009516239285,270.0278644532753,True,True
17.117565434436095,68.0317530349012,48,48,48,48,19,18016.90335750558,0.31015939080248733,0.6898406091975127,1.8992204479330197,30.0,10,0.16666666666666663,679.7681833982128,10762.73160517834,733.577930596959,False,True
17.077602083574416,-69.47601101512498,116,116,112,109,15,35462.71773975547,0.42332033351833237,0.5766796664816676,2.468129910322717,30.0,11,0.08333333333333337,412.5936131601795,10762.73160517834,733.577930596959,False,False
17.03764729415272,153.01622493484885,37,37,37,37,16,12828.682482403286,0.34020280256482455,0.6597971974351755,2.031234457761543,30.0,10,0.16666666666666663,679.7681833982128,13817.578135434554,831.1912576367293,False,True
16.99770104125392,15.508460884822698,39,39,39,39,13,13099.756348777853,0.2534471303441291,0.746552869655871,1.6789797230595531,45.0,10,0.16666666666666663,529.592306307031,10762.73160517834,733.577930596959,False,True
16.957763300004142,-121.99930316520346,31,31,31,31,11,10273.013434551878,0.1733742206973549,0.8266257793026451,1.4194745071793338,30.0,9,0.25,679.7681833982128,13817.578135434554,831.1912576367293,False,True
16.917834045572548,100.49293278471826,124,124,122,121,45,41195.25925249918,0.30642488379141253,0.6935751162085875,1.883609796921427,15.0,12,0.0,529.592306307031,10762.73160517834,733.577930596959,False,True
16.877913253171116,-37.01483126530792,40,40,40,40,5,14321.004746809678,0.38679490769589836,0.6132050923041017,2.261551518571142,30.0,10,0.16666666666666663,529.592306307031,13817.578135434554,831.1912576367293,False,True
16.83800089805455,-174.5225953153341,42,42,42,42,15,14808.25001875129,0.30007405582603736,0.6999259441739627,1.8574451578021676,45.0,9,0.25,529.592306307031,13817.578135434554,831.1912576367293,False,True
16.798096955520037,47.96964063463976,51,51,50,50,11,18395.88516950488,0.17506698623538544,0.8249330137646146,1.4244392776486428,45.0,9,0.25,529.592306307031,10762.73160517834,733.577930596959,False,True
16.758201400907108,-89.53812341543852,68,68,68,68,18,24225.123943272258,0.6562550604790273,0.34374493952097274,4.818267471186947,45.0,9,0.25,529.592306307031,8383.263005261933,647.4281043197744,False,False
16.71831420959747,132.9541125345353,59,59,59,59,24,20548.140561699103,0.2833336598587274,0.7166663401412726,1.7906989459080087,30.0,10,0.16666666666666663,679.7681833982128,10762.73160517834,733.577930596959,False,True
16.67843535701483,-4.553651515490856,43,43,43,43,15,12556.36716606824,0.480122885090698,0.519877114909302,2.8470629743894786,45.0,8,0.33333333333333337,529.592306307031,13817.578135434554,831.1912576367293,False,False
16.63856481862472,-142.06141556551702,36,36,36,36,9,13085.27124549574,0.385492073191983,0.614507926808017,2.254636616957481,45.0,10,0.16666666666666663,529.592306307031,13817.578135434554,831.1912576367293,False,True
16.59870256993434,80.43082038440471,63,63,63,63,19,21845.87963494689,0.2440767121697482,0.7559232878302518,1.645771114871533,30.0,11,0.08333333333333337,529.592306307031,10762.73160517834,733.577930596959,False,True
16.5588485864924,-57.07694366562146,52,52,52,52,16,18480.44173167374,0.5663065320791651,0.43369346792083485,3.611552047551415,30.0,10,0.16666666666666663,529.592306307031,10762.73160517834,733.577930596959,False,False
16.519002843888906,165.41529228435238,33,33,33,33,17,12758.918607551783,0.22317653174341043,0.7768234682565895,1.57458751148258,30.0,10,0.16666666666666663,872.5292600693726,13817.578135434554,831.1912576367293,False,True
16.47916531775506,27.90752823432621,53,53,53,53,9,18645.150730460045,0.25749498313816366,0.7425050168618363,1.6935844938164983,45.0,8,0.33333333333333337,529.592306307031,10762.73160517834,733.577930596959,False,True
16.439335983763065,-109.60023581569996,42,42,42,42,14,13457.690633019864,0.08367092727609515,0.9163290727239048,1.1826220072388898,45.0,10,0.16666666666666663,529.592306307031,13817.578135434554,831.1912576367293,False,True
16.39951481762592,112.89200013422177,103,103,103,102,43,34044.280357485666,0.31143479551067943,0.6885652044893206,1.9045905703052695,30.0,11,0.08333333333333337,679.7681833982128,10762.73160517834,733.577930596959,False,True
16.35970179509733,-24.615763915804393,42,42,42,42,11,14375.495403059726,0.2638347060095653,0.7361652939904346,1.7167811581538466,45.0,8,0.33333333333333337,529.592306307031,10762.73160517834,733.577930596959,False,True
16.3198968919715,-162.12352796583056,26,26,26,26,8,10081.088097540298,0.46741516340049577,0.5325848365995043,2.755270264113752,30.0,9,0.25,529.592306307031,10762.73160517834,733.577930596959,False,False
16.280100084082957,60.36870798414327,42,42,42,42,11,14816.844257181008,0.41117110037344695,0.588828899626553,2.3965724190311306,90.0,6,0.5,529.592306307031,10762.73160517834,733.577930596959,False,False
16.240311347306427,-77.13905606588287,119,119,116,115,30,39180.60114972575,0.30085183247771874,0.6991481675222813,1.8606239605659294,15.0,12,0.0,529.592306307031,10762.73160517834,733.577930596959,False,True
16.200530657556662,145.35317988403884,41,41,41,41,16,13670.922467103168,0.1389879593252902,0.8610120406747098,1.3228478877400502,30.0,10,0.16666666666666663,529.592306307031,10762.73160517834,733.577930596959,False,True
16.160757990788245,7.845415834012664,41,41,41,41,11,14618.347203771023,0.4325932157632346,0.5674067842367654,2.5248080487621514,60.0,8,0.33333333333333337,529.592306307031,13817.578135434554,831.1912576367293,False,False
16.120993322995474,-129.6623482160135,41,41,41,41,12,14430.65287945321,0.41104986742937794,0.5889501325706221,2.3958732486747105,45.0,10,0.16666666666666663,529.592306307031,13817.578135434554,831.1912576367293,False,False
16.081236630212192,92.82988773396033,84,84,84,84,31,30968.247074966013,0.21189465441143607,0.7881053455885639,1.5377318034892689,15.0,12,0.0,679.7681833982128,10762.73160517834,733.577930596959,False,True
16.04148788851159,-44.67787631611793,48,48,48,48,7,15312.981615032128,0.3582716593340534,0.6417283406659466,2.1165835654453433,30.0,11,0.08333333333333337,529.592306307031,13817.578135434554,831.1912576367293,False,True
16.001747074006108,177.8143596338559,30,30,30,30,10,10548.459179000973,0.4034420527086552,0.5965579472913448,2.3525661825157904,30.0,10,0.16666666666666663,529.592306307031,13817.578135434554,831.1912576367293,False,False
15.962014162847236,40.306595583829726,59,59,57,57,11,19939.767990144006,0.5680547191009335,0.4319452808990665,3.6302161140344626,45.0,9,0.25,529.592306307031,10762.73160517834,733.577930596959,False,False
15.922289131225355,-97.20116846619646,95,95,95,95,12,35327.225521674445,0.8615014072941695,0.13849859270583054,13.440579943277674,90.0,7,0.41666666666666663,529.592306307031,8383.263005261933,647.4281043197744,False,False
15.882571955369613,125.29106748372529,68,68,68,68,15,24730.025777782175,0.39791662828569396,0.602083371714306,2.3217990962039354,15.0,12,0.0,529.592306307031,10762.73160517834,733.577930596959,False,True
15.842862611547739,-12.216696566300868,51,51,51,51,12,17493.03795968873,0.3505109534796185,0.6494890465203815,2.079343694424011,30.0,10,0.16666666666666663,529.592306307031,13817.578135434554,831.1912576367293,False,True
15.803161076065884,-149.72446061632704,51,51,45,34,7,14668.67048379278,0.4152985365782191,0.5847014634217809,2.4205489897282466,15.0,12,0.0,412.5936131601795,10762.73160517834,733.577930596959,False,False
15.763467325268492,72.76777533364678,55,55,55,55,19,19433.629905325983,0.24370164413399695,0.756298355866003,1.644459008125028,45.0,10,0.16666666666666663,679.7681833982128,10762.73160517834,733.577930596959,False,True
15.723781335538135,-64.7399887163794,92,92,92,92,25,29952.40286234621,0.38109369756395794,0.618906302436042,2.23150692136744,15.0,12,0.0,529.592306307031,10762.73160517834,733.577930596959,False,True
15.684103083295328,157.75224723354233,28,28,28,28,14,10297.69434958048,0.13497742188367093,0.8650225781163291,1.3120783787576906,30.0,10,0.16666666666666663,679.7681833982128,13817.578135434554,831.1912576367293,False,True
15.644432544998436,20.244483183516177,41,41,41,41,9,15188.356143123274,0.1147899713865373,0.8852100286134627,1.2593508154586481,60.0,8,0.33333333333333337,529.592306307031,10762.73160517834,733.577930596959,False,True
15.604769697143457,-117.26328086651,32,32,32,32,10,11396.898133938797,0.45792133554015557,0.5420786644598444,2.6895014158007946,45.0,8,0.33333333333333337,529.592306307031,13817.578135434554,831.1912576367293,False,False
15.565114516263916,105.22895508346384,152,152,152,152,54,54002.72991082202,0.4437943248388396,0.5562056751611604,2.5957921490472042,15.0,12,0.0,529.592306307031,10762.73160517834,733.577930596959,False,False
15.525466978930705,-32.27880896656234,56,56,56,56,2,20886.825173957204,0.5165520212633586,0.48344797873664136,3.1369497608128416,45.0,9,0.25,529.592306307031,10762.73160517834,733.577930596959,False,False
15.485827061751891,-169.7865730166406,134,134,134,134,52,24733.29702475605,0.054413704185257136,0.9455862958147428,1.115089874771023,15.0,12,0.0,529.592306307031,10762.73160517834,733.577930596959,False,True
15.44619474137263,52.70566293333324,71,71,69,69,18,24112.032803553673,0.16691609796647894,0.833083902033521,1.4007185772262414,45.0,10,0.16666666666666663,529.592306307031,10762.73160517834,733.577930596959,False,True
15.406569994474967,-84.80210111669294,90,90,85,85,24,30515.966108817396,0.5199607681068791,0.4800392318931209,3.1663261398711953,45.0,10,0.16666666666666663,529.592306307031,10762.73160517834,733.577930596959,False,False
15.366952797777708,137.6901348332809,40,40,40,40,13,13735.23645350796,0.2451739706711645,0.7548260293288355,1.6496171598352656,45.0,9,0.25,529.592306307031,10762.73160517834,733.577930596959,False,True
15.32734312803626,0.18237078320263012,46,46,46,46,14,14661.557503009897,0.2964120029594635,0.7035879970405365,1.842572653900422,45.0,9,0.25,529.592306307031,13817.578135434554,831.1912576367293,False,True
15.287740962042506,-137.32539326682354,33,33,33,33,7,12348.715341678288,0.4218483196436171,0.5781516803563829,2.459299813445435,45.0,9,0.25,529.592306307031,13817.578135434554,831.1912576367293,False,False
15.248146276624608,85.16684268315029,88,88,88,88,27,31427.028777478845,0.14898572360383494,0.851014276396165,1.3501368372684714,15.0,12,0.0,529.592306307031,10762.73160517834,733.577930596959,False,True
15.208559048646922,-52.340921366875875,41,41,41,41,13,13991.582890065936,0.3138126019539359,0.6861873980460641,1.9146556839939795,30.0,11,0.08333333333333337,529.592306307031,13817.578135434554,831.1912576367293,False,True
15.168979255009804,170.15131458304586,23,23,23,23,8,9204.19060339349,0.5617138868271921,0.43828611317280786,3.5632292237637886,60.0,8,0.33333333333333337,679.7681833982128,13817.578135434554,831.1912576367293,False,False
15.129406872649474,32.64355053301969,64,64,64,64,16,23284.47885364385,0.556241350615998,0.443758649384002,3.506954405905721,45.0,9,0.25,529.592306307031,10762.73160517834,733.577930596959,False,False
15.089841878537882,-104.86421351700648,47,47,47,47,22,17297.220121088547,0.6434457071299168,0.3565542928700832,4.60924392159467,45.0,8,0.33333333333333337,679.7681833982128,13817.578135434554,831.1912576367293,False,False
15.050284249682566,117.62802243296736,75,75,75,75,29,24562.171701606872,0.2883378064887848,0.7116621935112152,1.8103221138281271,30.0,11,0.08333333333333337,679.7681833982128,10762.73160517834,733.577930596959,False,True
15.010733963126468,-19.879741617110938,39,39,39,39,7,12343.425042502344,0.17200688660783522,0.8279931133921647,1.415479027121732,30.0,10,0.16666666666666663,529.592306307031,13817.578135434554,831.1912576367293,False,True
14.971190995947845,-157.38750566713708,63,63,52,28,8,16727.456588672256,0.23740756763026738,0.7625924323697326,1.6226328968215187,15.0,12,0.0,250.4287399412571,1135.8938294442944,238.316368452137,True,True
14.931655325260088,65.10473028283675,49,49,49,49,15,16774.392835499493,0.5468787901297852,0.45312120987021476,3.4138300225956097,60.0,9,0.25,679.7681833982128,10762.73160517834,733.577930596959,False,False
14.89212692821158,-72.40303376718941,115,115,113,112,18,39515.13859142162,0.2418746163753367,0.7581253836246633,1.6380860517264653,30.0,11,0.08333333333333337,529.592306307031,10762.73160517834,733.577930596959,False,True
14.85260578198557,150.08920218278442,43,43,43,43,17,15763.644566280347,0.20371299853458819,0.7962870014654118,1.5116572244924105,30.0,10,0.16666666666666663,679.7681833982128,13817.578135434554,831.1912576367293,False,True
14.813091863800027,12.581438132758253,38,38,38,38,12,13000.955616439853,0.32070248226216047,0.6792975177378395,1.9442180307978951,30.0,10,0.16666666666666663,529.592306307031,10762.73160517834,733.577930596959,False,True
14.773585150907476,-124.92632591732001,32,32,32,32,11,10966.80456462765,0.3807775543836972,0.6192224456163028,2.229857079889005,30.0,8,0.33333333333333337,529.592306307031,13817.578135434554,831.1912576367293,False,True
14.734085620594891,97.56591003265382,127,127,125,124,42,44029.417544124706,0.4479586813393746,0.5520413186606254,2.622917220856662,15.0,12,0.0,529.592306307031,10762.73160517834,733.577930596959,False,False
14.694593250183527,-39.94185401737235,41,41,41,41,9,11245.378466024216,0.40907377968850167,0.5909262203114983,2.384517273485899,60.0,8,0.33333333333333337,529.592306307031,13817.578135434554,831.1912576367293,False,False
14.655108017028788,-177.44961806739852,42,42,42,42,15,12512.864039578046,0.20875014015730028,0.7912498598426997,1.5276465772740857,45.0,8,0.33333333333333337,529.592306307031,13817.578135434554,831.1912576367293,False,True
14.615629898520089,45.0426178825232,65,65,64,62,15,21598.443041789345,0.40500978647865044,0.5949902135213496,2.361399825659881,45.0,10,0.16666666666666663,529.592306307031,13817.578135434554,831.1912576367293,False,False
14.576158872080724,-92.46514616750295,58,58,58,58,9,19765.61242776196,0.6903585642460897,0.30964143575391034,5.459083859789081,45.0,9,0.25,529.592306307031,10762.73160517834,733.577930596959,False,False
14.536694915167699,130.02708978247088,77,77,77,77,26,27995.504424581974,0.29929809455910944,0.7007019054408905,1.8542808068169512,15.0,12,0.0,529.592306307031,10762.73160517834,733.577930596959,False,True
14.497238005271628,-7.480674267555287,45,45,45,45,11,16023.057884365702,0.2841215842960082,0.7158784157039918,1.793770500865302,30.0,11,0.08333333333333337,529.592306307031,13817.578135434554,831.1912576367293,False,True
14.457788119916588,-144.98843831763358,33,33,33,33,9,11724.395553027869,0.4841382994509632,0.5158617005490368,2.8770081164610204,60.0,9,0.25,529.592306307031,13817.578135434554,831.1912576367293,False,False
14.418345236659945,77.50379763234027,54,54,54,54,16,19590.245791218564,0.24835583260070382,0.7516441673992962,1.6608335256828242,30.0,11,0.08333333333333337,679.7681833982128,10762.73160517834,733.577930596959,False,True
14.378909333092267,-60.00396641768589,75,75,74,74,21,24838.93472552772,0.4554121077551947,0.5445878922448053,2.672501773324318,30.0,11,0.08333333333333337,529.592306307031,10762.73160517834,733.577930596959,False,False
14.339480386837167,162.48826953228794,34,34,34,34,18,12468.073569212213,0.38220373761480153,0.6177962623851985,2.2373132078824263,45.0,8,0.33333333333333337,872.5292600693726,13817.578135434554,831.1912576367293,False,True
14.300058375551142,24.980505482209654,39,39,39,39,7,14207.808831590723,0.21080274880213676,0.7891972511978632,1.5342206868616817,45.0,8,0.33333333333333337,529.592306307031,10762.73160517834,733.577930596959,False,True
14.260643276923481,-112.52725856781652,30,30,30,30,8,11101.748713244937,0.26931791035299546,0.7306820896470045,1.7371685009635423,45.0,8,0.33333333333333337,529.592306307031,13817.578135434554,831.1912576367293,False,True
14.221235068676116,109.96497738215733,138,138,138,137,55,46722.07323850004,0.4836863536549604,0.5163136463450396,2.873614447648067,15.0,12,0.0,529.592306307031,10762.73160517834,733.577930596959,False,False
14.181833728563445,-27.542786667868825,48,48,48,48,14,14662.562976187692,0.23004617343716557,0.7699538265628344,1.597558361295817,30.0,9,0.25,529.592306307031,10762.73160517834,733.577930596959,False,True
14.142439234372269,-165.05055071794712,34,34,34,34,10,12012.760748725279,0.24042993438790905,0.759570065612091,1.6330684824820243,30.0,10,0.16666666666666663,529.592306307031,10762.73160517834,733.577930596959,False,True
14.103051563921614,57.441685232078825,56,56,56,56,13,18148.99723152777,0.40867294215275884,0.5913270578472412,2.3822230413083254,45.0,8,0.33333333333333337,529.592306307031,10762.73160517834,733.577930596959,False,False
14.063670695062584,-80.06607881799943,177,177,168,165,58,50329.41253050367,0.2636647360289628,0.7363352639710372,1.7161540372439195,15.0,12,0.0,529.592306307031,10762.73160517834,733.577930596959,False,True
14.024296605678275,142.42615713197438,44,44,44,44,18,15312.705751764399,0.21171603344909953,0.7882839665509005,1.5371567669337565,30.0,11,0.08333333333333337,529.592306307031,13817.578135434554,831.1912576367293,False,True
13.984929273683612,4.918393081948219,48,48,48,48,11,16672.48061300253,0.3281974654245741,0.6718025345754259,1.9770652789572827,45.0,8,0.33333333333333337,529.592306307031,10762.73160517834,733.577930596959,False,True
13.945568677025207,-132.58937096807796,33,33,33,33,9,11473.32986899683,0.5453154884598377,0.4546845115401623,3.398654339962798,60.0,8,0.33333333333333337,529.592306307031,13817.578135434554,831.1912576367293,False,False
13.906214793681256,89.90286498184378,80,80,80,80,23,27804.392352512248,0.22117164544983114,0.7788283545501689,1.5679599212269926,30.0,11,0.08333333333333337,529.592306307031,10762.73160517834,733.577930596959,False,True
13.8668676016614,-47.60489906818236,40,40,40,40,8,12561.808648748553,0.4933062932095737,0.5066937067904262,2.9471577665108453,30.0,10,0.16666666666666663,529.592306307031,13817.578135434554,831.1912576367293,False,False
13.827527079006565,174.88733688179144,22,22,22,22,11,7441.630353892,0.24246831255240403,0.7575316874475959,1.6401535845170239,60.0,6,0.5,679.7681833982128,13817.578135434554,831.1912576367293,False,True
13.788193203788873,37.37957283176528,63,63,58,55,11,19821.742642792367,0.5399028311921327,0.46009716880786733,3.34690786118526,30.0,10,0.16666666666666663,529.592306307031,8383.263005261933,647.4281043197744,False,False
13.748865954111501,-100.12819121831302,79,79,79,79,26,28549.034935907403,0.7808673625801477,0.21913263741985234,8.12689238603948,90.0,7,0.41666666666666663,529.592306307031,10762.73160517834,733.577930596959,False,False
13.70954530810852,122.36404473166084,77,77,76,76,25,24732.498316389378,0.4357352345381753,0.5642647654618247,2.5444353828527504,15.0,12,0.0,529.592306307031,13817.578135434554,831.1912576367293,False,False
13.670231243944807,-15.143719318365356,59,59,59,59,16,17590.61389673546,0.33664956516443006,0.6633504348355699,2.0149976467502526,30.0,11,0.08333333333333337,529.592306307031,13817.578135434554,831.1912576367293,False,True
13.630923739815906,-152.6514833683915,56,56,50,34,6,14155.20811570183,0.3102951964424337,0.6897048035575664,1.8997913160584066,15.0,12,0.0,412.5936131601795,10762.73160517834,733.577930596959,False,True
13.59162277394787,69.84075258153023,50,50,50,50,18,17195.104641785532,0.3861749116402867,0.6138250883597133,2.258257177699393,30.0,10,0.16666666666666663,679.7681833982128,13817.578135434554,831.1912576367293,False,True
13.55232832459718,-67.66701146849596,136,136,133,130,24,43962.737436810006,0.3167039421821259,0.6832960578178742,1.9269889341774604,15.0,12,0.0,412.5936131601795,10762.73160517834,733.577930596959,False,True
13.513040370050595,154.8252244814779,33,33,33,33,9,10630.423867360249,0.11135453833210535,0.8886454616678947,1.2506163439423963,30.0,11,0.08333333333333337,529.592306307031,13817.578135434554,831.1912576367293,False,True
13.473758888624998,17.31746043145173,42,42,42,42,8,14459.730430793541,0.22230407969300606,0.777695920306994,1.5716992307359718,30.0,11,0.08333333333333337,529.592306307031,13817.578135434554,831.1912576367293,False,True
13.434483858667324,-120.19030361862656,40,40,40,40,13,13379.589511466638,0.2038878464845061,0.7961121535154939,1.5122088529465918,30.0,9,0.25,529.592306307031,13817.578135434554,831.1912576367293,False,True
13.395215258554401,102.3019323313994,138,138,137,137,54,46431.94301220632,0.33715936928809853,0.6628406307119015,2.017316542367006,15.0,12,0.0,529.592306307031,10762.73160517834,733.577930596959,False,True
13.355953066692814,-35.205831718678894,56,56,56,56,2,17885.242302177972,0.6193723236407074,0.3806276763592926,4.254478652551016,45.0,9,0.25,529.592306307031,10762.73160517834,733.577930596959,False,False
13.31669726151881,-172.71359576870503,27,27,27,27,7,8323.900246174413,0.3149584852088745,0.6850415147911255,1.9195310894549444,30.0,10,0.16666666666666663,529.592306307031,13817.578135434554,831.1912576367293,False,True
13.27744782149816,49.77864018121668,50,50,49,49,11,14922.980974383489,0.26703900765120214,0.7329609923487979,1.728658169912881,60.0,8,0.33333333333333337,529.592306307031,10762.73160517834,733.577930596959,False,True
13.238204725126018,-87.72912386875737,55,55,55,55,11,17926.9113102759,0.4485407041952323,0.5514592958047677,2.626740931225606,45.0,10,0.16666666666666663,529.592306307031,13817.578135434554,831.1912576367293,False,False
13.198967950926827,134.76311208116434,45,45,45,45,15,16552.986865781113,0.19692079036147442,0.8030792096385255,1.4904143651038124,30.0,11,0.08333333333333337,679.7681833982128,10762.73160517834,733.577930596959,False,True
13.159737477454165,-2.744651968861831,37,37,37,37,10,12553.04056809639,0.3105242297149,0.6894757702851,1.9007545822429623,30.0,9,0.25,529.592306307031,10762.73160517834,733.577930596959,False,True
13.12051328329065,-140.25241601888797,31,31,31,31,6,10319.873241481677,0.3801400837143946,0.6198599162856053,2.2265354597932805,45.0,9,0.25,529.592306307031,13817.578135434554,831.1912576367293,False,True
13.081295347047803,82.23981993108585,67,67,67,67,18,23324.618766677784,0.17453317769613594,0.825466822303864,1.4228714540192344,30.0,11,0.08333333333333337,529.592306307031,10762.73160517834,733.577930596959,False,True
13.042083647365912,-55.26794411899243,39,39,39,39,11,13235.762899357356,0.3612707741444192,0.6387292258555808,2.131217296845922,30.0,10,0.16666666666666663,529.592306307031,13817.578135434554,831.1912576367293,False,True
13.002878162913943,167.2242918309814,27,27,27,27,10,9211.711583655075,0.10569922042596681,0.8943007795740332,1.2363840507358446,45.0,9,0.25,529.592306307031,13817.578135434554,831.1912576367293,False,True
12.963678872389393,29.716527780955246,47,47,47,47,11,17119.17302478769,0.362405386194027,0.6375946138059729,2.1367893590905114,45.0,9,0.25,529.592306307031,10762.73160517834,733.577930596959,False,True
12.924485754518162,-107.79123626907094,21,21,21,21,9,7082.308355536638,0.4210582700477148,0.5789417299522852,2.4545790992900693,45.0,8,0.33333333333333337,529.592306307031,13817.578135434554,831.1912576367293,False,False
12.885298788054465,114.7009996808508,79,79,79,79,29,27707.431549399626,0.24588190333811338,0.7541180966618866,1.6521045030652703,15.0,12,0.0,679.7681833982128,10762.73160517834,733.577930596959,False,True
12.846117951780688,-22.80676436917537,36,36,36,36,9,11661.635383234354,0.24051825116907632,0.7594817488309237,1.6333746703967753,45.0,9,0.25,529.592306307031,13817.578135434554,831.1912576367293,False,True
12.806943224507254,-160.31452841920154,23,23,23,23,7,6928.953505389121,0.3135269594377726,0.6864730405622275,1.9134428911614392,30.0,11,0.08333333333333337,529.592306307031,13817.578135434554,831.1912576367293,False,True
12.76777458507254,62.1777075307723,49,49,49,49,15,17938.821802451603,0.5096141085102883,0.4903858914897117,3.078420759464203,90.0,6,0.5,679.7681833982128,8383.263005261933,647.4281043197744,False,False
12.728612012342742,-75.33005651930597,151,151,148,147,40,50495.17215633225,0.3741829921350526,0.6258170078649474,2.1958223807679,30.0,10,0.16666666666666663,529.592306307031,10762.73160517834,733.577930596959,False,True
12.689455485211726,147.16217943071996,46,46,46,46,19,16653.95517284408,0.13668920861846046,0.8633107913815395,1.3166628055227236,30.0,11,0.08333333333333337,679.7681833982128,10762.73160517834,733.577930596959,False,True
12.650304982600959,9.654415380641698,46,46,46,46,12,16007.532689668815,0.3669129308570435,0.6330870691429564,2.159123124576697,45.0,9,0.25,529.592306307031,10762.73160517834,733.577930596959,False,True
12.611160483459372,-127.85334866938447,30,30,30,30,10,10423.183859180335,0.3771279985882161,0.6228720014117839,2.2109325759816736,45.0,9,0.25,529.592306307031,13817.578135434554,831.1912576367293,False,True
12.572021966763206,94.63888728053726,86,86,86,86,36,31847.97997004928,0.2661031386603868,0.7338968613396132,1.7251785712086503,15.0,12,0.0,679.7681833982128,10762.73160517834,733.577930596959,False,True
12.53288941151596,-42.86887676943678,41,41,41,41,10,14251.409869695226,0.2998575032123172,0.7001424967876828,1.8565613559756495,30.0,10,0.16666666666666663,529.592306307031,13817.578135434554,831.1912576367293,False,True
12.493762796748227,179.62335918048493,32,32,32,32,11,10018.969619763418,0.4134580855210719,0.5865419144789281,2.4098159920536273,45.0,8,0.33333333333333337,529.592306307031,13817.578135434554,831.1912576367293,False,False
12.454642101517578,42.11559513045876,75,75,73,72,14,23349.35578993507,0.5685274685940546,0.43147253140594544,3.6352892812968562,45.0,9,0.25,529.592306307031,8383.263005261933,647.4281043197744,False,False
12.415527304908474,-95.39216891961951,81,81,81,81,6,31088.571867861505,0.8144314747908672,0.1855685252091328,9.777689792738459,45.0,8,0.33333333333333337,529.592306307031,8383.263005261933,647.4281043197744,False,False
12.376418386032139,127.10006703040642,69,69,69,69,21,23898.05664974959,0.32206127086708974,0.6779387291329102,1.9501191096694215,15.0,12,0.0,529.592306307031,10762.73160517834,733.577930596959,False,True
12.337315324026408,-10.407697019671843,54,54,54,54,12,17461.95741301424,0.11759795406153233,0.8824020459384677,1.2665405290090015,30.0,11,0.08333333333333337,529.592306307031,13817.578135434554,831.1912576367293,False,True
12.29821809805567,-147.915461069698,30,30,30,30,8,10517.378484634904,0.3852314325942358,0.6147685674057641,2.25325676366265,45.0,8,0.33333333333333337,529.592306307031,10762.73160517834,733.577930596959,False,True
12.259126687310726,74.57677488027582,41,41,41,41,17,14197.917932664248,0.3366062919648029,0.663393708035197,2.014800978326264,45.0,8,0.33333333333333337,679.7681833982128,10762.73160517834,733.577930596959,False,True
12.220041071008648,-62.930989169750376,93,93,89,85,25,28337.164506142777,0.16218797244404418,0.8378120275559559,1.38717031293326,15.0,12,0.0,529.592306307031,10762.73160517834,733.577930596959,False,True
12.180961228392713,159.5612467801714,33,33,33,33,13,11395.113072229004,0.33007483605564564,0.6699251639443544,1.9854080838290837,30.0,9,0.25,679.7681833982128,13817.578135434554,831.1912576367293,False,True
12.141887138732265,22.05348273014521,26,26,26,26,6,9160.356061762057,0.18329748185918227,0.8167025181408177,1.4488720869293994,45.0,8,0.33333333333333337,412.5936131601795,13817.578135434554,831.1912576367293,False,True
12.102818781322588,-115.45428131988095,24,24,24,24,5,8177.540315929374,0.36497733561372286,0.6350226643862771,2.1494938876440206,60.0,7,0.41666666666666663,529.592306307031,13817.578135434554,831.1912576367293,False,True
12.063756135484818,107.03795463009288,230,230,228,225,89,64482.19118041471,0.27074043185595625,0.7292595681440437,1.7425077261447175,15.0,12,0.0,679.7681833982128,10762.73160517834,733.577930596959,False,True
12.024699180565825,-30.46980941998538,40,40,40,40,12,13210.240050786953,0.3722943719777645,0.6277056280222355,2.1862068949446365,30.0,10,0.16666666666666663,529.592306307031,10762.73160517834,733.577930596959,False,True
11.985647895938076,-167.97757347001158,30,30,30,30,10,10593.572127036934,0.14144118036757916,0.8585588196324209,1.3294851258487683,30.0,10,0.16666666666666663,529.592306307031,13817.578135434554,831.1912576367293,False,True
11.946602260999557,54.51466247996227,98,98,98,98,23,27309.823457669438,0.21165659976179213,0.7883434002382079,1.5369654891455609,15.0,12,0.0,529.592306307031,8383.263005261933,647.4281043197744,False,True
11.907562255173644,-82.99310157006391,92,92,86,86,23,25891.586053540304,0.3259326361472908,0.6740673638527093,1.9670625033212863,45.0,10,0.16666666666666663,529.592306307031,10762.73160517834,733.577930596959,False,True
11.868527857908981,139.49913437985782,50,50,50,50,20,16995.65843014082,0.3262145245034367,0.6737854754965633,1.9683038188468656,30.0,11,0.08333333333333337,679.7681833982128,13817.578135434554,831.1912576367293,False,True
11.829499048679391,1.9913703298837737,50,50,50,50,14,15923.52342163975,0.17385291471151623,0.8261470852884838,1.4208764221465677,45.0,9,0.25,529.592306307031,13817.578135434554,831.1912576367293,False,True
11.790475806983762,-135.51639372019451,34,34,34,34,9,12755.508265315997,0.38937226338037767,0.6106277366196223,2.2753179720787196,45.0,9,0.25,529.592306307031,13817.578135434554,831.1912576367293,False,True
11.751458112345903,86.97584222977933,74,74,74,74,22,26568.03042678974,0.1721534033051686,0.8278465966948314,1.4159065314576136,30.0,11,0.08333333333333337,529.592306307031,10762.73160517834,733.577930596959,False,True
11.712445944314481,-50.53192182029892,42,42,42,42,10,14123.668721281128,0.23008762117605516,0.7699123788239448,1.5976981991834402,30.0,10,0.16666666666666663,529.592306307031,13817.578135434554,831.1912576367293,False,True
11.67343928246289,171.960314129727,19,19,19,19,7,6449.290519571081,0.0760775062611935,0.9239224937388065,1.1646837408478565,60.0,8,0.33333333333333337,679.7681833982128,13817.578135434554,831.1912576367293,False,True
11.634438106389128,34.452550079648724,114,114,111,106,15,28115.02792019322,0.4607939377967705,0.5392060622032295,2.7091571111568657,30.0,11,0.08333333333333337,529.592306307031,8383.263005261933,647.4281043197744,False,False
11.595442395715708,-103.05521397037745,52,52,52,52,23,16894.848927201012,0.7334091089645822,0.2665908910354178,6.502131795396907,90.0,7,0.41666666666666663,679.7681833982128,10762.73160517834,733.577930596959,False,False
11.556452130089546,119.43702197954428,73,73,73,73,32,26716.98483854954,0.35548874338915565,0.6445112566108444,2.103126562159641,30.0,10,0.16666666666666663,679.7681833982128,10762.73160517834,733.577930596959,False,True
11.517467289181836,-18.070742070429787,54,54,54,54,14,18688.827879081357,0.2516273529935151,0.7483726470064849,1.6724653927425939,30.0,10,0.16666666666666663,529.592306307031,13817.578135434554,831.1912576367293,False,True
11.478487852687962,-155.57850612050805,31,31,31,31,4,9239.198551317,0.40830231985921545,0.5916976801407845,2.3801045147314652,45.0,10,0.16666666666666663,529.592306307031,13817.578135434554,831.1912576367293,False,False
11.439513800327386,66.91372982946578,42,42,42,42,16,12758.998548169759,0.3498212628203626,0.6501787371796375,2.076077216360001,60.0,9,0.25,679.7681833982128,10762.73160517834,733.577930596959,False,True
11.400545111843522,-70.59403422056039,131,131,130,127,27,41381.55627006011,0.15284097234505742,0.8471590276549426,1.3608318328806415,15.0,12,0.0,529.592306307031,10762.73160517834,733.577930596959,False,True
11.36158176700365,151.89820172941344,34,34,34,34,9,10916.568865267243,0.31022069134718716,0.6897793086528128,1.8994781010554518,45.0,9,0.25,529.592306307031,10762.73160517834,733.577930596959,False,True
11.32262374559881,14.390437679335177,44,44,44,44,10,14391.916097477324,0.247754312520442,0.752245687479558,1.6587058367873317,45.0,9,0.25,529.592306307031,13817.578135434554,831.1912576367293,False,True
11.283671027443663,-123.11732637069099,32,32,32,32,10,11014.905039027013,0.05324366108652891,0.9467563389134711,1.1124759537340583,30.0,10,0.16666666666666663,529.592306307031,13817.578135434554,831.1912576367293,False,True
11.24472359237643,99.37490957928284,129,129,126,125,42,44776.8927413918,0.5158203836872933,0.4841796163127067,3.130698469363698,15.0,12,0.0,679.7681833982128,10762.73160517834,733.577930596959,False,False
11.20578142025876,-38.132854470743325,60,60,60,60,7,19810.939494396793,0.4803178167044789,0.5196821832955212,2.848505999026495,45.0,9,0.25,529.592306307031,10762.73160517834,733.577930596959,False,False
11.166844490975613,-175.6406185208216,31,31,31,31,8,10692.309531305242,0.15160092746804985,0.8483990725319501,1.3573811720835907,45.0,8,0.33333333333333337,529.592306307031,13817.578135434554,831.1912576367293,False,True
11.127912784435184,46.851617429152235,47,47,47,47,8,16067.61075176093,0.3218888082403453,0.6781111917596547,1.9493688119350003,45.0,9,0.25,679.7681833982128,10762.73160517834,733.577930596959,False,True
11.088986280568784,-90.65614662087393,65,65,65,65,4,23734.13375396125,0.6168029199040118,0.3831970800959882,4.219246450153049,45.0,10,0.16666666666666663,412.5936131601795,10762.73160517834,733.577930596959,False,False
11.050064959330715,131.8360893290999,73,73,73,73,29,25570.53048382457,0.2996712054325154,0.7003287945674845,1.8558014685590334,15.0,12,0.0,679.7681833982128,10762.73160517834,733.577930596959,False,True
11.011148800698209,-5.6716747209783875,46,46,46,46,11,15122.722059967782,0.26013799136139254,0.7398620086386074,1.703206782681173,30.0,11,0.08333333333333337,529.592306307031,10762.73160517834,733.577930596959,False,True
10.972237784671284,-143.17943877095243,34,34,34,34,5,9948.422197630054,0.3292836995401548,0.6707163004598452,1.9818866764216012,45.0,10,0.16666666666666663,529.592306307031,10762.73160517834,733.577930596959,False,True
10.93333189127265,79.31279717896929,68,68,68,68,19,22923.01932818617,0.13670810832428656,0.8632918916757134,1.3167135232995784,30.0,11,0.08333333333333337,529.592306307031,10762.73160517834,733.577930596959,False,True
10.89443110054762,-58.19496687105686,84,84,82,81,25,20741.585006024434,0.1881312199517835,0.8118687800482165,1.4634522833618764,30.0,11,0.08333333333333337,529.592306307031,10762.73160517834,733.577930596959,False,True
10.855535392564006,164.29726907886484,18,18,18,18,10,7283.127744855791,0.12754528600028317,0.8724547139997169,1.2923825935114945,45.0,8,0.33333333333333337,679.7681833982128,13817.578135434554,831.1912576367293,False,True
10.81664474741197,26.7895050288908,35,35,35,35,6,12353.046337293781,0.22549460103979088,0.7745053989602091,1.5822931675944996,30.0,10,0.16666666666666663,529.592306307031,10762.73160517834,733.577930596959,False,True
10.777759145204001,-110.71825902118746,15,15,15,15,5,4842.6925443615155,0.40266377816341176,0.5973362218365883,2.3481980949535233,45.0,6,0.5,529.592306307031,13817.578135434554,831.1912576367293,False,False
10.738878566074732,111.77397692878635,73,73,72,71,31,24798.343022252986,0.2732193380824813,0.7267806619175188,1.7518618818547718,15.0,12,0.0,529.592306307031,10762.73160517834,733.577930596959,False,True
10.700002990180892,-25.7337871212398,40,40,40,40,7,14166.011455960926,0.21891154463419946,0.7810884553658005,1.5605294589373453,45.0,9,0.25,529.592306307031,13817.578135434554,831.1912576367293,False,True
10.661132397701193,-163.24155117126597,22,22,22,22,6,7843.774537717896,0.16989889356430016,0.8301011064356998,1.4093450598899082,30.0,10,0.16666666666666663,529.592306307031,13817.578135434554,831.1912576367293,False,True
10.622266768836194,59.25068477865575,51,51,51,51,14,17043.418818100323,0.5716134417592548,0.42838655824074523,3.668680567881024,75.0,7,0.41666666666666663,679.7681833982128,8383.263005261933,647.4281043197744,False,False
10.583406083808253,-78.2570792713704,95,95,91,89,24,33068.80551901813,0.4884785760047169,0.5115214239952831,2.909904661233588,30.0,10,0.16666666666666663,529.592306307031,8383.263005261933,647.4281043197744,False,False
10.544550322861394,144.23515667860343,40,40,40,40,18,13564.007343444542,0.1735353794877018,0.8264646205122982,1.4199462994075485,15.0,12,0.0,679.7681833982128,13817.578135434554,831.1912576367293,False,True
10.505699466261191,6.7273926285772525,46,46,46,46,13,17055.231315844427,0.22991899541934369,0.7700810045806563,1.5971293774335984,45.0,9,0.25,529.592306307031,13817.578135434554,831.1912576367293,False,True
10.466853494294712,-130.78037142150103,25,25,25,25,7,7968.041594670212,0.43502460913934526,0.5649753908606547,2.539977196092208,45.0,9,0.25,529.592306307031,13817.578135434554,831.1912576367293,False,False
10.428012387270387,91.71186452847282,76,76,76,76,25,27354.906332624385,0.3865675380095618,0.6134324619904382,2.2603426194800473,30.0,11,0.08333333333333337,529.592306307031,10762.73160517834,733.577930596959,False,True
10.389176125517901,-45.79589952155334,38,38,38,38,8,12256.48180551163,0.43589803541590927,0.5641019645840908,2.5454583135064754,30.0,9,0.25,529.592306307031,13817.578135434554,831.1912576367293,False,False
10.350344689388123,176.69633642842047,25,25,25,25,11,8189.692448512944,0.4879968915592486,0.5120031084407515,2.90622628462311,45.0,7,0.41666666666666663,679.7681833982128,13817.578135434554,831.1912576367293,False,False
10.311518059252995,39.1885723783422,73,73,71,71,9,25250.374851189958,0.3541610507297845,0.6458389492702155,2.0967472653359764,30.0,10,0.16666666666666663,529.592306307031,8383.263005261933,647.4281043197744,False,True
10.272696215505405,-98.31919167163187,67,67,67,67,22,25525.387721178577,0.8582954045945537,0.14170459540544633,13.11386832076676,45.0,8,0.33333333333333337,529.592306307031,10762.73160517834,733.577930596959,False,False
10.233879138559134,124.17304427828986,86,86,85,85,22,27188.086478268495,0.3631358421040198,0.6368641578959802,2.1403871221257558,30.0,11,0.08333333333333337,529.592306307031,10762.73160517834,733.577930596959,False,True
10.195066808848734,-13.334719771736275,63,63,63,63,11,20338.166437498312,0.1781176518650054,0.8218823481349946,1.4334383194119882,30.0,10,0.16666666666666663,529.592306307031,13817.578135434554,831.1912576367293,False,True
10.15625920682941,-150.84248382181457,26,26,26,26,8,8805.09473958134,0.33622036265372435,0.6637796373462757,2.01304813747496,45.0,8,0.33333333333333337,529.592306307031,10762.73160517834,733.577930596959,False,True
10.117456312976964,71.64975212821138,40,40,40,40,9,14316.679172132028,0.13849416107359624,0.8615058389264038,1.3215164768846739,30.0,11,0.08333333333333337,529.592306307031,10762.73160517834,733.577930596959,False,True
10.078658107787668,-65.85801192186693,122,122,114,111,28,38873.51518622162,0.14863889565040245,0.8513611043495976,1.349179437235287,30.0,11,0.08333333333333337,529.592306307031,10762.73160517834,733.577930596959,False,True
10.039864571778159,156.63422402810693,36,36,36,36,14,13278.326143663153,0.2353255507674068,0.7646744492325932,1.6154921247952596,45.0,9,0.25,679.7681833982128,13817.578135434554,831.1912576367293,False,True
10.001075685485374,19.126459978080767,36,36,36,36,12,11804.299575458816,0.28999304697250444,0.7100069530274955,1.8168738228152939,45.0,9,0.25,529.592306307031,10762.73160517834,733.577930596959,False,True
9.962291429466434,-118.38130407194541,34,34,34,34,10,13151.800860724545,0.0447102728606232,0.9552897271393768,1.0936056812722326,45.0,7,0.41666666666666663,529.592306307031,13817.578135434554,831.1912576367293,False,True
9.923511784298526,104.11093187797633,148,148,147,146,57,52098.35808049124,0.3529928489261867,0.6470071510738133,2.0911559426826667,15.0,12,0.0,679.7681833982128,10762.73160517834,733.577930596959,False,True
9.88473673057885,-33.39683217204987,44,44,44,44,7,13246.681746517424,0.36331623907658894,0.6366837609234111,2.1412769144595587,60.0,8,0.33333333333333337,529.592306307031,10762.73160517834,733.577930596959,False,True
9.84596624892449,-170.904596222076,32,32,32,32,10,10814.319995509592,0.2145297135543483,0.7854702864456518,1.5462452679785539,30.0,9,0.25,529.592306307031,13817.578135434554,831.1912576367293,False,True
9.807200319972322,51.58763972789782,68,68,68,68,10,24603.303726909737,0.5069335042136853,0.4930664957863147,3.0562480255538613,60.0,8,0.33333333333333337,529.592306307031,10762.73160517834,733.577930596959,False,False
9.768438924378932,-85.92012432218047,51,51,51,51,7,19312.248876243975,0.293755205723899,0.706244794276101,1.8318792806819832,45.0,10,0.16666666666666663,412.5936131601795,13817.578135434554,831.1912576367293,False,True
9.729682042820516,136.5721116277934,54,54,54,54,20,20733.045102670876,0.17241166331787497,0.8275883366821251,1.416660447412994,15.0,12,0.0,679.7681833982128,13817.578135434554,831.1912576367293,False,True
9.690929655992756,-0.9356524222328062,47,47,47,47,16,16716.865138609992,0.287502182737956,0.712497817262044,1.807026143161412,30.0,10,0.16666666666666663,529.592306307031,13817.578135434554,831.1912576367293,False,True
9.652181744610772,-138.44341647225895,36,36,36,36,5,12658.731552748704,0.44290688458550215,0.5570931154144978,2.5900641107580844,45.0,7,0.41666666666666663,529.592306307031,13817.578135434554,831.1912576367293,False,False
9.613438289409002,84.04881947766278,52,52,52,52,14,17773.94107931966,0.44160873829103764,0.5583912617089624,2.581717940712358,30.0,10,0.16666666666666663,529.592306307031,10762.73160517834,733.577930596959,False,False
9.574699271141093,-53.45894457236341,41,41,41,41,8,14393.993319080375,0.13469566425516577,0.8653043357448342,1.311325527195522,30.0,11,0.08333333333333337,529.592306307031,10762.73160517834,733.577930596959,False,True
9.535964670579832,169.03329137761045,25,25,25,25,5,7184.1200948857995,0.12058526258653199,0.879414737413468,1.2742398039432383,30.0,10,0.16666666666666663,412.5936131601795,13817.578135434554,831.1912576367293,False,True
9.497234468517052,31.52552732758428,54,54,54,54,13,20036.608407763662,0.38237750530773007,0.6176224946922699,2.238224023878047,30.0,11,0.08333333333333337,529.592306307031,10762.73160517834,733.577930596959,False,True
9.4585086457635,-105.98223672249401,20,20,20,20,9,6815.4343890203745,0.7055242784834415,0.29447572151655854,5.791731385188367,90.0,6,0.5,529.592306307031,13817.578135434554,831.1912576367293,False,False
9.41978718314879,116.50999922753195,62,62,61,61,25,19640.370335741864,0.33343224918857417,0.6665677508114258,2.0004451874027227,30.0,10,0.16666666666666663,679.7681833982128,10762.73160517834,733.577930596959,False,True
9.3810700615213,-20.997764822546344,46,46,46,46,14,13673.133806885176,0.2957994994376279,0.7042005005623722,1.8401002248689213,30.0,10,0.16666666666666663,529.592306307031,13817.578135434554,831.1912576367293,False,True
9.342357261748036,-158.50552887257248,25,25,25,25,5,9245.244983613184,0.355285448645141,0.644714551354859,2.102148068159819,45.0,10,0.16666666666666663,412.5936131601795,13817.578135434554,831.1912576367293,False,True
9.3036487647146,63.98670707740134,46,46,46,46,13,16019.665056569673,0.4606134072718246,0.5393865927281754,2.707915671177802,75.0,7,0.41666666666666663,679.7681833982128,10762.73160517834,733.577930596959,False,False
9.264944551325062,-73.52105697262482,241,241,229,221,66,54141.41631303075,0.22986456068101885,0.7701354393189812,1.5969458070499507,15.0,12,0.0,529.592306307031,10762.73160517834,733.577930596959,False,True
9.226244602501856,148.9711789772969,42,42,42,42,17,14150.491495963972,0.11129702586062694,0.888702974139373,1.2504706951575306,30.0,11,0.08333333333333337,529.592306307031,10762.73160517834,733.577930596959,False,True
9.187548899185726,11.463414927270732,56,56,56,56,12,19678.19919882083,0.1926582025672821,0.807341797432718,1.4772655229294944,45.0,10,0.16666666666666663,529.592306307031,13817.578135434554,831.1912576367293,False,True
9.148857422335613,-126.04434912275545,18,18,18,18,8,6311.427244779866,0.4716154303049532,0.5283845696950469,2.785121887935306,60.0,6,0.5,529.592306307031,13817.578135434554,831.1912576367293,False,False
9.11017015292854,96.4478868272184,93,93,93,93,40,31981.656422464563,0.5843394606754017,0.41566053932459834,3.811618642582178,30.0,10,0.16666666666666663,679.7681833982128,10762.73160517834,733.577930596959,False,False
9.071487071959563,-41.05987722285988,47,47,47,47,6,15597.51257102172,0.6773966561036352,0.3226033438963648,5.199563761008296,30.0,10,0.16666666666666663,529.592306307031,10762.73160517834,733.577930596959,False,False
9.03280816044166,-178.56764127288605,27,27,27,27,9,8667.724425655037,0.41618342404184183,0.5838165759581582,2.425733496377018,45.0,8,0.33333333333333337,529.592306307031,13817.578135434554,831.1912576367293,False,False
8.99413339940562,43.92459467708779,60,60,60,60,15,19218.771390625203,0.43513429061189934,0.5648657093881007,2.540664562850753,45.0,9,0.25,679.7681833982128,10762.73160517834,733.577930596959,False,False
8.955462769899988,-93.58316937293836,74,74,74,74,8,26736.670167784716,0.7849198581733339,0.21508014182666613,8.29885940661043,45.0,9,0.25,529.592306307031,8383.263005261933,647.4281043197744,False,False
8.916796252990958,128.90906657698335,61,61,61,61,22,21432.501490617884,0.2219058595058107,0.7780941404941892,1.5703830628126108,15.0,12,0.0,529.592306307031,10762.73160517834,733.577930596959,False,True
8.87813382976226,-8.598697473042819,46,46,46,46,12,14816.230030484145,0.12935887181358863,0.8706411281864114,1.297157732676952,30.0,10,0.16666666666666663,529.592306307031,10762.73160517834,733.577930596959,False,True
8.83947548131511,-146.106461523069,28,28,28,28,6,7768.010585771763,0.5099391206262237,0.4900608793737763,3.081125599243297,75.0,6,0.5,529.592306307031,10762.73160517834,733.577930596959,False,False
8.800821188768104,76.38577442690485,47,47,47,47,16,16922.7319801343,0.34723832699164625,0.6527616730083537,2.063905377260722,30.0,10,0.16666666666666663,679.7681833982128,10762.73160517834,733.577930596959,False,True
8.762170933257094,-61.121989623121294,48,48,48,47,11,17217.758882174217,0.275753991869507,0.724246008130493,1.76149261100193,30.0,11,0.08333333333333337,412.5936131601795,10762.73160517834,733.577930596959,False,True
8.723524695935158,161.3702463268004,19,19,19,19,11,6074.634765288026,0.20581289741678732,0.7941871025832127,1.5182982618260863,45.0,7,0.41666666666666663,872.5292600693726,13817.578135434554,831.1912576367293,False,True
8.684882457972476,23.862482276774244,23,23,23,23,8,7693.372673871945,0.31327906810118994,0.6867209318988101,1.9123912015757583,45.0,10,0.16666666666666663,679.7681833982128,10762.73160517834,733.577930596959,False,True
8.646244200556222,-113.64528177325192,22,22,22,22,4,7105.824289600155,0.37201764594772774,0.6279823540522722,2.1848028644345048,45.0,8,0.33333333333333337,529.592306307031,13817.578135434554,831.1912576367293,False,True
8.607609904890522,108.84695417672191,105,105,105,105,38,38118.34449869658,0.4803786275439579,0.5196213724560421,2.848956386352626,45.0,10,0.16666666666666663,529.592306307031,10762.73160517834,733.577930596959,False,False
8.568979552196337,-28.66080987330423,40,40,40,40,9,12234.827344383244,0.40081180910362546,0.5991881908963745,2.3378494943433994,30.0,9,0.25,529.592306307031,13817.578135434554,831.1912576367293,False,False
8.530353123711363,-166.16857392338252,22,22,22,22,3,8266.054664335314,0.03463701293466886,0.9653629870653312,1.0717595627733028,30.0,11,0.08333333333333337,529.592306307031,13817.578135434554,831.1912576367293,False,True
8.491730600689966,56.32366202659131,51,51,51,51,13,16487.328143360384,0.5158500218232224,0.48414997817677763,3.13095133770664,60.0,7,0.41666666666666663,679.7681833982128,8383.263005261933,647.4281043197744,False,False
8.453111964403096,-81.18410202343489,74,74,72,72,13,25834.151806242226,0.44894933255201647,0.5510506674479836,2.6294303194701962,30.0,10,0.16666666666666663,412.5936131601795,8383.263005261933,647.4281043197744,False,False
8.414497196138159,141.30813392653897,34,34,34,34,16,11968.154619378258,0.22909779499231642,0.7709022050076836,1.594362795965885,15.0,12,0.0,679.7681833982128,13817.578135434554,831.1912576367293,False,True
8.375886277198985,3.800369876460697,46,46,46,46,8,16032.17720492207,0.1251592372606216,0.8748407627393784,1.2861303281495755,30.0,11,0.08333333333333337,529.592306307031,13817.578135434554,831.1912576367293,False,True
8.337279188905692,-133.70739417356546,25,25,25,25,7,8518.13384196249,0.25446643423087084,0.7455335657691291,1.6826424614922626,45.0,7,0.41666666666666663,529.592306307031,13817.578135434554,831.1912576367293,False,True
8.298675912594629,88.78484177640837,44,44,44,44,23,14252.60187941495,0.14173625791870237,0.8582637420812976,1.3302860204137033,30.0,11,0.08333333333333337,872.5292600693726,10762.73160517834,733.577930596959,False,True
8.260076429618284,-48.722922273617826,46,46,46,46,9,15460.250921473114,0.23960492020474553,0.7603950797952544,1.630211653313859,30.0,9,0.25,529.592306307031,13817.578135434554,831.1912576367293,False,True
8.221480721345168,173.7693136763039,27,27,27,27,11,9741.598615357487,0.19371091412150593,0.8062890858784941,1.4804999038538336,45.0,8,0.33333333333333337,679.7681833982128,13817.578135434554,831.1912576367293,False,True
8.182888769159772,36.261549626277755,102,102,100,96,17,29204.686915943188,0.4428474615016585,0.5571525384983416,2.5896812126001887,30.0,11,0.08333333333333337,529.592306307031,10762.73160517834,733.577930596959,False,False
8.144300554462456,-101.24621442374843,41,41,41,41,15,14983.313894847332,0.7123947880997135,0.28760521190028654,5.9539769004374135,45.0,8,0.33333333333333337,529.592306307031,13817.578135434554,831.1912576367293,False,False
8.10571605866935,121.24602152622542,80,80,80,80,28,25509.458797040246,0.42138791834915895,0.5786120816508411,2.4565472506100976,30.0,9,0.25,529.592306307031,10762.73160517834,733.577930596959,False,False
8.067135263212299,-16.261742523800763,50,50,50,50,11,17853.792616445837,0.3652221058650656,0.6347778941349345,2.1507083319679383,30.0,10,0.16666666666666663,529.592306307031,13817.578135434554,831.1912576367293,False,True
8.028558149538759,-153.76950657387903,22,22,22,22,7,6534.579480758071,0.7360255429774059,0.26397445702259414,6.5764906292763605,75.0,6,0.5,529.592306307031,10762.73160517834,733.577930596959,False,False
7.989984699111694,68.72272937609482,46,46,46,46,12,15263.63496569644,0.42165949401127334,0.5783405059887267,2.4581703672662782,30.0,9,0.25,529.592306307031,10762.73160517834,733.577930596959,False,False
7.9514148934095275,-68.78503467393136,160,160,154,148,40,37196.62477030588,0.10258029717114737,0.8974197028288526,1.2286116448029678,15.0,12,0.0,529.592306307031,10762.73160517834,733.577930596959,False,True
7.91284871392604,153.7072012760425,56,56,56,56,19,15693.260434829517,0.1947579312142,0.8052420687858,1.4837251772199869,30.0,11,0.08333333333333337,529.592306307031,10762.73160517834,733.577930596959,False,True
7.874286142170257,16.19943722596421,42,42,42,42,13,13816.843400442967,0.11658217519670516,0.8834178248032949,1.2639343964395642,45.0,8,0.33333333333333337,529.592306307031,10762.73160517834,733.577930596959,False,True
7.8357271596664075,-121.30832682406196,32,32,32,32,9,10170.439998044578,0.26970084252362636,0.7302991574763736,1.7386037345451864,45.0,8,0.33333333333333337,529.592306307031,13817.578135434554,831.1912576367293,False,True
7.7971717479538185,101.18390912591188,166,166,160,157,63,54534.285672523445,0.6078043187031075,0.39219568129689253,4.09949521470125,45.0,10,0.16666666666666663,679.7681833982128,10762.73160517834,733.577930596959,False,False
7.758619888586816,-36.3238549241143,38,38,38,38,4,11530.519694935872,0.6631233194584104,0.3368766805415896,4.9368906057392925,45.0,8,0.33333333333333337,529.592306307031,10762.73160517834,733.577930596959,False,False
7.720071563134665,-173.83161897414047,20,20,20,20,8,5858.557955492269,0.47199516734189256,0.5280048326581075,2.787844118644716,45.0,8,0.33333333333333337,529.592306307031,13817.578135434554,831.1912576367293,False,False
7.6815267531814815,48.66061697578127,59,59,59,59,9,21636.500652561546,0.6331742360767058,0.36682576392329425,4.452179744981636,45.0,9,0.25,529.592306307031,10762.73160517834,733.577930596959,False,False
7.6429854403261155,-88.8471470742449,77,77,77,77,4,27316.233667564753,0.5211209753807963,0.47887902461920373,3.1764201336451627,45.0,10,0.16666666666666663,412.5936131601795,10762.73160517834,733.577930596959,False,False
7.604447606182113,133.64508887572893,91,91,91,91,33,27903.73343249945,0.2537952109272492,0.7462047890727508,1.6802293811129791,30.0,11,0.08333333333333337,529.592306307031,10762.73160517834,733.577930596959,False,True
7.565913232377615,-3.8626751742972374,77,77,77,77,21,20036.114234293585,0.22911311519703473,0.7708868848029653,1.5944143549817813,15.0,12,0.0,529.592306307031,10762.73160517834,733.577930596959,False,True
7.527382300555242,-141.3704392243755,34,34,34,34,3,9963.95280160755,0.341886996630302,0.658113003369698,2.0389917685253374,45.0,8,0.33333333333333337,529.592306307031,13817.578135434554,831.1912576367293,False,True
7.488854792372065,81.12179672559833,104,104,104,104,34,30866.50524489361,0.08642055520515725,0.9135794447948428,1.189191111287676,15.0,12,0.0,529.592306307031,10762.73160517834,733.577930596959,False,True
7.450330689499484,-56.38596732442784,36,36,36,36,9,11564.423975283386,0.2074528036112993,0.7925471963887007,1.5235090214351223,30.0,9,0.25,529.592306307031,10762.73160517834,733.577930596959,False,True
7.411809973623147,166.1062686254939,19,19,19,19,8,6282.848812498969,0.089983662165451,0.9100163378345489,1.1977627399076676,30.0,10,0.16666666666666663,529.592306307031,13817.578135434554,831.1912576367293,False,True
7.3732926264428835,28.598504575519833,43,43,43,43,11,13936.206151387922,0.09472858194367306,0.9052714180563269,1.2092821667717315,15.0,12,0.0,529.592306307031,10762.73160517834,733.577930596959,False,True
7.334778629672619,-108.90925947450634,16,16,16,16,6,4781.439439857175,0.5282253338445848,0.4717746661554152,3.239311992520485,75.0,7,0.41666666666666663,529.592306307031,13817.578135434554,831.1912576367293,False,False
7.296267965040263,113.58297647541539,68,68,67,66,33,24475.975239322448,0.393281125926829,0.606718874073171,2.2964196194740394,30.0,10,0.16666666666666663,679.7681833982128,10762.73160517834,733.577930596959,False,True
7.257760614287668,-23.924787574610775,34,34,34,34,8,11311.93459340011,0.31688620842009246,0.6831137915799075,1.9277699040073464,45.0,9,0.25,529.592306307031,13817.578135434554,831.1912576367293,False,True
7.21925655917053,-161.43255162463694,26,26,26,26,6,8846.035384861018,0.10036223019645946,0.8996377698035405,1.2231169778885032,45.0,9,0.25,529.592306307031,13817.578135434554,831.1912576367293,False,True
7.180755781458282,61.059684325284785,44,44,44,44,10,15583.1937748335,0.3643627484550441,0.6356372515449559,2.1464486940292997,75.0,7,0.41666666666666663,529.592306307031,10762.73160517834,733.577930596959,False,False
7.1422582629340505,-76.44807972474138,101,101,93,92,21,29902.705934464502,0.4097653413741101,0.59023465862589,2.38848281911494,15.0,12,0.0,529.592306307031,10762.73160517834,733.577930596959,False,False
7.103763985394562,146.04415622518033,38,38,38,38,16,14340.66408854376,0.31625208744041033,0.6837479125595897,1.9250546338241246,30.0,10,0.16666666666666663,679.7681833982128,13817.578135434554,831.1912576367293,False,True
7.065272930650028,8.536392175206286,51,51,51,51,13,18975.255713925915,0.2390633243428364,0.7609366756571636,1.6283396029935746,45.0,10,0.16666666666666663,529.592306307031,10762.73160517834,733.577930596959,False,True
7.026785080524118,-128.97137187481988,30,30,30,30,8,9878.917372301272,0.2706691978030694,0.7293308021969306,1.7422398642364882,45.0,8,0.33333333333333337,529.592306307031,13817.578135434554,831.1912576367293,False,True
6.9883004168538445,93.52086407510184,71,71,71,71,24,27332.88503519947,0.402794460607535,0.597205539392465,2.3489307584698436,15.0,12,0.0,529.592306307031,10762.73160517834,733.577930596959,False,False
6.949818921489467,-43.98689997492431,46,46,46,46,5,15824.93189738314,0.4699751711728581,0.5300248288271419,2.773408133399472,30.0,9,0.25,529.592306307031,13817.578135434554,831.1912576367293,False,False
6.911340576294454,178.50533597504952,27,27,27,27,13,8322.025719226878,0.36690348423138647,0.6330965157686135,2.1590759863397633,45.0,7,0.41666666666666663,679.7681833982128,13817.578135434554,831.1912576367293,False,True
6.872865363145378,40.99757192497123,66,66,66,66,15,21269.338942382485,0.43478566713192374,0.5652143328680763,2.5384806854620394,30.0,10,0.16666666666666663,679.7681833982128,10762.73160517834,733.577930596959,False,False
6.834393263931813,-96.51019212505491,71,71,71,71,21,26186.739034058977,0.8184811337611338,0.18151886623886615,10.018138452716753,45.0,8,0.33333333333333337,529.592306307031,10762.73160517834,733.577930596959,False,False
6.795924260556298,125.98204382497102,103,103,102,102,27,31479.502163935667,0.2596481569320078,0.7403518430679922,1.7014182766292172,15.0,12,0.0,529.592306307031,10762.73160517834,733.577930596959,False,True
6.757458334934232,-11.52572022510725,38,38,38,38,7,12518.327284930201,0.15161367787614435,0.8483863221238557,1.3574166011931772,30.0,11,0.08333333333333337,529.592306307031,13817.578135434554,831.1912576367293,False,True
6.718995468993777,-149.03348427513342,26,26,26,26,6,9640.184542900279,0.47272137253739055,0.5272786274626095,2.7930610038652186,45.0,7,0.41666666666666663,529.592306307031,13817.578135434554,831.1912576367293,False,False
6.680535644675815,73.4587516747883,51,51,51,51,16,16707.199753593806,0.2923380215396613,0.7076619784603386,1.8262080779744636,30.0,10,0.16666666666666663,529.592306307031,10762.73160517834,733.577930596959,False,True
6.642078843933849,-64.04901237523785,81,81,80,79,17,22784.3296020314,0.33691107018291455,0.6630889298170854,2.0161866833634283,30.0,11,0.08333333333333337,529.592306307031,10762.73160517834,733.577930596959,False,True
6.603625048733901,158.44322357473595,30,30,30,30,13,9255.857742999835,0.16371638442972855,0.8362836155702714,1.3915331626294951,15.0,12,0.0,679.7681833982128,13817.578135434554,831.1912576367293,False,True
6.565174241054479,20.935459524657688,46,46,46,46,14,16273.398553267334,0.14304055984720077,0.8569594401527992,1.3338327420063103,45.0,9,0.25,529.592306307031,10762.73160517834,733.577930596959,False,True
6.5267264028864656,-116.57230452531635,21,21,21,21,7,6491.335701985767,0.2726817094527299,0.7273182905472702,1.749827724661099,45.0,6,0.5,529.592306307031,13817.578135434554,831.1912576367293,False,True
6.488281516233027,105.91993142465746,109,109,109,109,39,36014.12544516684,0.398028156354877,0.601971843645123,2.322414530037469,30.0,11,0.08333333333333337,529.592306307031,10762.73160517834,733.577930596959,False,True
6.44983956310957,-31.587832625420788,38,38,38,38,14,12508.968058280267,0.6114456575691632,0.38855434243083675,4.147285158332783,60.0,7,0.41666666666666663,529.592306307031,13817.578135434554,831.1912576367293,False,False
6.411400525543646,-169.09559667544698,25,25,25,25,5,8315.45856780386,0.31553780903669715,0.6844621909633029,1.9220021593672354,45.0,9,0.25,529.592306307031,13817.578135434554,831.1912576367293,False,True
6.372964385574846,53.39663927452686,46,46,46,46,15,16104.939677239678,0.3154002794180296,0.6845997205819704,1.9214151567281137,60.0,8,0.33333333333333337,679.7681833982128,10762.73160517834,733.577930596959,False,True
6.334531125254768,-84.11112477555145,58,58,58,58,8,19842.57900967883,0.25884174710082575,0.7411582528991743,1.6984790254667463,30.0,11,0.08333333333333337,412.5936131601795,10762.73160517834,733.577930596959,False,True
6.296100726646912,138.38111117442241,39,39,39,39,14,14238.502044810952,0.26704465670567007,0.7329553432943299,1.7286792003054794,30.0,11,0.08333333333333337,679.7681833982128,13817.578135434554,831.1912576367293,False,True
6.257673171826585,0.8733471243441412,37,37,37,37,11,11801.024537125959,0.13936077774950378,0.8606392222504962,1.3238541171411815,30.0,10,0.16666666666666663,529.592306307031,13817.578135434554,831.1912576367293,False,True
6.219248442880862,-136.63441692562992,27,27,27,27,8,8285.230014660825,0.35254334948025934,0.6474566505197407,2.089009894939709,45.0,8,0.33333333333333337,529.592306307031,10762.73160517834,733.577930596959,False,True
6.180826521908485,85.85781902434393,40,40,40,40,15,14360.36814973204,0.1683978332717261,0.8316021667282739,1.4049961388009469,15.0,12,0.0,529.592306307031,10762.73160517834,733.577930596959,False,True
6.142407391019768,-51.64994502573438,43,43,43,43,9,13393.03337497027,0.17242159941289847,0.8275784005871015,1.4166894623894946,30.0,10,0.16666666666666663,529.592306307031,10762.73160517834,733.577930596959,False,True
6.103991032336557,170.84229092423948,26,26,26,26,7,9137.55400280812,0.1201972201220372,0.8798027798779628,1.2732367363938306,45.0,9,0.25,529.592306307031,13817.578135434554,831.1912576367293,False,True
6.065577427992128,33.33452687421331,71,71,71,71,15,23434.992826495716,0.39930649495559767,0.6006935050444023,2.329484975623572,15.0,12,0.0,529.592306307031,10762.73160517834,733.577930596959,False,True
6.027166560131099,-104.17323717586495,31,31,31,31,13,9661.971864507037,0.6555260093829095,0.3444739906170905,4.8059535827863265,45.0,8,0.33333333333333337,529.592306307031,13817.578135434554,831.1912576367293,False,False
5.988758410909382,118.31899877416097,73,73,70,68,30,23322.532171961597,0.3394353078487835,0.6605646921512165,2.027712537112353,30.0,11,0.08333333333333337,679.7681833982128,10762.73160517834,733.577930596959,False,True
5.950352962494088,-19.188765275865194,43,43,43,43,15,15716.101645340734,0.5051534311624085,0.4948465688375915,3.041656800203862,30.0,9,0.25,529.592306307031,13817.578135434554,831.1912576367293,False,False
5.911950197063433,-156.69652932594346,31,31,31,31,10,10626.382499479369,0.29441209175350186,0.7055879082464982,1.8345156948201229,30.0,11,0.08333333333333337,529.592306307031,13817.578135434554,831.1912576367293,False,True
5.873550096806704,65.79570662403037,33,33,33,33,9,9622.58555370746,0.3451192669205209,0.654880733079479,2.0539912062999597,45.0,9,0.25,679.7681833982128,10762.73160517834,733.577930596959,False,True
5.835152643924128,-71.71205742604792,134,134,127,121,29,29469.188807152983,0.3442386806266408,0.6557613193733591,2.0498901672199663,15.0,12,0.0,529.592306307031,10762.73160517834,733.577930596959,False,True
5.796757820626844,150.78017852392594,39,39,39,39,14,13457.629752024532,0.3762455760291425,0.6237544239708575,2.2063900842063484,15.0,12,0.0,529.592306307031,10762.73160517834,733.577930596959,False,True
5.758365609136803,13.272414473899765,58,58,58,58,18,18040.58694369088,0.13855862804414742,0.8614413719558526,1.3216902102799128,60.0,9,0.25,529.592306307031,10762.73160517834,733.577930596959,False,True
5.719975991686673,-124.23534957617852,26,26,26,26,5,8160.974693629568,0.34683049428252083,0.6531695057174791,2.061992304437245,45.0,7,0.41666666666666663,529.592306307031,13817.578135434554,831.1912576367293,False,True
5.681588950519799,98.25688637384744,198,198,197,193,71,58312.24807363436,0.5785064993845797,0.42149350061542035,3.745031648364236,30.0,11,0.08333333333333337,529.592306307031,10762.73160517834,733.577930596959,False,False
5.643204467890112,-39.25087767617873,41,41,41,41,3,13383.561043836062,0.6657108490619407,0.33428915093805933,4.98284447577116,45.0,8,0.33333333333333337,412.5936131601795,10762.73160517834,733.577930596959,False,False
5.604822526062028,-176.758641726257,21,21,21,21,9,6182.562922610403,0.5850678066997161,0.41493219330028386,3.820064657052562,75.0,8,0.33333333333333337,679.7681833982128,13817.578135434554,831.1912576367293,False,False
5.56644310731041,45.73359422371683,72,72,72,72,16,23100.42009132691,0.547572592461595,0.45242740753840505,3.4205986787620217,45.0,9,0.25,529.592306307031,10762.73160517834,733.577930596959,False,False
5.528066193920477,-91.77416982630933,73,73,73,73,10,27757.014033737956,0.43291436126785593,0.5670856387321441,2.52680417806291,15.0,12,0.0,412.5936131601795,10762.73160517834,733.577930596959,False,False
5.489691768187702,130.71806612361237,51,51,51,51,14,16628.083906017033,0.06772926403038988,0.9322707359696101,1.145299560347023,30.0,11,0.08333333333333337,529.592306307031,13817.578135434554,831.1912576367293,False,True
5.451319812417784,-6.789697926413794,48,48,48,48,12,14030.0998148575,0.19509536058217095,0.8049046394178291,1.4847663959876773,30.0,11,0.08333333333333337,529.592306307031,10762.73160517834,733.577930596959,False,True
5.41295030892654,-144.29746197649206,22,22,22,22,5,8531.480884264727,0.3495716761552225,0.6504283238447774,2.0748968436332937,60.0,8,0.33333333333333337,529.592306307031,13817.578135434554,831.1912576367293,False,True
5.3745832400398195,78.19477397353388,49,49,49,49,15,15235.21476713007,0.3785829657005534,0.6214170342994466,2.218450556725881,30.0,10,0.16666666666666663,529.592306307031,10762.73160517834,733.577930596959,False,True
5.336218588093464,-59.31299007649227,48,48,48,47,15,14943.830728347002,0.26620631424997027,0.7337936857500298,1.7255617469040327,60.0,7,0.41666666666666663,529.592306307031,10762.73160517834,733.577930596959,False,True
5.297856335433212,163.17924587342944,20,20,20,20,8,6618.779950215215,0.19955507791630517,0.8004449220836949,1.4986103913229387,30.0,10,0.16666666666666663,679.7681833982128,13817.578135434554,831.1912576367293,False,True
5.259496464414606,25.671481823403276,39,39,39,39,11,14071.9829557335,0.35330346207032814,0.6466965379296719,2.0926406478110753,30.0,10,0.16666666666666663,679.7681833982128,10762.73160517834,733.577930596959,False,True
5.22113895740295,-111.8362822266229,21,21,21,21,4,6913.163908880412,0.4691843287009924,0.5308156712990075,2.767786273351006,75.0,5,0.5833333333333333,529.592306307031,13817.578135434554,831.1912576367293,False,False
5.182783796773221,110.65595372329884,107,107,107,107,43,36702.04860321004,0.46167430752578503,0.538325692474215,2.715223010827775,15.0,12,0.0,679.7681833982128,10762.73160517834,733.577930596959,False,False
5.144430964909977,-26.851810326675206,29,29,29,29,8,9709.563819028956,0.4524014169021084,0.5475985830978916,2.6523103998654243,45.0,9,0.25,529.592306307031,13817.578135434554,831.1912576367293,False,False
5.106080444207307,-164.35957437670137,21,21,21,21,5,7057.885874969785,0.05560324686079677,0.9443967531392032,1.1177539983613243,30.0,8,0.33333333333333337,529.592306307031,13817.578135434554,831.1912576367293,False,True
5.067732217068751,58.13266157322034,37,37,37,37,12,12733.981323564578,0.46720808621386517,0.5327919137861348,2.7538107246928103,90.0,6,0.5,529.592306307031,10762.73160517834,733.577930596959,False,False
5.0293862659072,-79.37510247680581,76,76,72,72,14,26544.35451917257,0.558803726174286,0.441196273825714,3.5331298532001227,30.0,11,0.08333333333333337,529.592306307031,10762.73160517834,733.577930596959,False,False
4.991042573144859,143.1171334731159,46,46,46,46,15,16200.464817605098,0.19286153536596615,0.8071384646340338,1.4778895909846446,30.0,10,0.16666666666666663,529.592306307031,10762.73160517834,733.577930596959,False,True
4.952701121213154,5.60936942308973,40,40,40,40,6,14546.983794559881,0.23286719776747775,0.7671328022325222,1.6071105213850427,15.0,12,0.0,529.592306307031,13817.578135434554,831.1912576367293,False,True
4.914361892552639,-131.89839462693644,27,27,27,27,9,8356.319604930037,0.4261932601298245,0.5738067398701755,2.4854940889200825,45.0,8,0.33333333333333337,529.592306307031,13817.578135434554,831.1912576367293,False,False
4.8760248696129596,90.59384132298528,51,51,51,51,20,17535.4466245195,0.08712632323917123,0.9128736767608288,1.190883635835187,30.0,10,0.16666666666666663,529.592306307031,10762.73160517834,733.577930596959,False,True
4.8376900348527565,-46.913922726988744,48,48,48,48,7,15342.593116127726,0.2510569426446128,0.7489430573553872,1.6704299884456546,60.0,7,0.41666666666666663,529.592306307031,13817.578135434554,831.1912576367293,False,True
4.799357370739577,175.57831322298506,28,28,28,28,13,10465.113393430987,0.17018129386468733,0.8298187061353126,1.4101649977433435,30.0,10,0.16666666666666663,679.7681833982128,13817.578135434554,831.1912576367293,False,True
4.761026859749837,38.07054917290679,146,146,146,144,42,38172.785545229926,0.21084431442021503,0.789155685579785,1.5343541667961493,15.0,12,0.0,529.592306307031,8383.263005261933,647.4281043197744,False,True
4.722698484368726,-99.4372148771194,38,38,38,38,15,12051.90123871922,0.6382516604403297,0.36174833955967034,4.52870540452087,45.0,8,0.33333333333333337,529.592306307031,13817.578135434554,831.1912576367293,False,False
4.684372227090115,123.05502107285446,87,87,87,87,24,27632.59675397548,0.42460252731998116,0.5753974726800188,2.4758581588560595,30.0,10,0.16666666666666663,529.592306307031,10762.73160517834,733.577930596959,False,False
4.6460480704165255,-14.452742977223807,35,35,35,35,7,11328.90587991808,0.37759968213773865,0.6224003178622614,2.2133659681751716,30.0,11,0.08333333333333337,529.592306307031,13817.578135434554,831.1912576367293,False,True
4.607725996859027,-151.96050702719788,26,26,26,26,8,8974.282238874132,0.6397724851167644,0.36022751488323557,4.552046740927832,45.0,8,0.33333333333333337,529.592306307031,13817.578135434554,831.1912576367293,False,False
4.569405988937153,70.53172892272386,51,51,51,51,14,18980.744204229235,0.2729468132304015,0.7270531867695985,1.7508303881952387,45.0,9,0.25,529.592306307031,13817.578135434554,831.1912576367293,False,True
4.531088029178862,-66.97603512730234,66,66,66,66,15,22793.260622940787,0.47381522857800396,0.526184771421996,2.8009461858713043,60.0,8,0.33333333333333337,529.592306307031,10762.73160517834,733.577930596959,False,False
4.492772100120447,155.51620082267152,26,26,26,26,6,9182.93909685411,0.1561374582072188,0.8438625417927812,1.3700542457436389,30.0,11,0.08333333333333337,529.592306307031,10762.73160517834,733.577930596959,False,True
4.454458184306434,18.008436772593242,42,42,42,42,16,13509.272476268445,0.07316431000157782,0.9268356899984221,1.1578797855781802,45.0,8,0.33333333333333337,529.592306307031,10762.73160517834,733.577930596959,False,True
4.416146264289564,-119.49932727743291,26,26,26,26,8,7659.276233947374,0.2868929341670213,0.7131070658329788,1.80462793853235,45.0,6,0.5,529.592306307031,13817.578135434554,831.1912576367293,False,True
4.377836322630684,102.9929086725409,120,120,119,118,54,33724.48559628769,0.2586104023071331,0.7413895976928668,1.6976369863076144,15.0,12,0.0,679.7681833982128,8383.263005261933,647.4281043197744,False,True
4.339528341898665,-34.514855377537344,36,36,36,36,13,12090.620657401414,0.5973655393052526,0.4026344606947474,3.9672847091850807,60.0,7,0.41666666666666663,529.592306307031,13817.578135434554,831.1912576367293,False,False
4.301222304670363,-172.02261942751142,21,21,21,21,8,7849.472694374268,0.658084352559311,0.34191564744068903,4.849395940111028,75.0,7,0.41666666666666663,529.592306307031,13817.578135434554,831.1912576367293,False,False
4.262918193530526,50.46961652246242,47,47,47,47,17,14896.71018266631,0.5176246341616255,0.4823753658383745,3.146148708327953,45.0,9,0.25,529.592306307031,10762.73160517834,733.577930596959,False,False
4.224615991071707,-87.03814752761588,78,78,78,78,7,30939.487928845243,0.4901007914958503,0.5098992085041497,2.922343801762782,15.0,12,0.0,412.5936131601795,8383.263005261933,647.4281043197744,False,False
4.186315679894225,135.45408842235798,60,60,60,60,25,19914.985507576992,0.3594752538639248,0.6405247461360752,2.1224398621050518,30.0,10,0.16666666666666663,679.7681833982128,13817.578135434554,831.1912576367293,False,True
4.148017242606074,-2.0536756277202812,28,28,28,28,8,10575.977857064518,0.22367890951511318,0.7763210904848868,1.5762535946959892,30.0,10,0.16666666666666663,529.592306307031,13817.578135434554,831.1912576367293,False,True
4.109720661822832,-139.56143967774648,30,30,30,30,8,10822.074681979117,0.44377120571619,0.55622879428381,2.5956426933545633,45.0,8,0.33333333333333337,529.592306307031,13817.578135434554,831.1912576367293,False,False
4.071425920167629,82.93079627227948,55,55,55,55,18,20273.898784292414,0.1606799442597029,0.8393200557402971,1.3828812219147557,30.0,9,0.25,679.7681833982128,10762.73160517834,733.577930596959,False,True
4.0331330002710475,-54.576967777798814,39,39,39,39,8,12347.187080609841,0.05536289312159639,0.9446371068784036,1.1172151564203223,60.0,8,0.33333333333333337,529.592306307031,10762.73160517834,733.577930596959,False,True
3.994841884771044,167.91526817217502,23,23,23,23,10,8032.353741487241,0.4226943616572833,0.5773056383427166,2.4643694209213716,30.0,8,0.33333333333333337,679.7681833982128,13817.578135434554,831.1912576367293,False,False
3.956552556312902,30.407504122148865,45,45,45,45,14,15764.340879241408,0.2774549344948876,0.7225450655051124,1.767993438031235,30.0,11,0.08333333333333337,679.7681833982128,13817.578135434554,831.1912576367293,False,True
3.9182649975491493,-107.10025992792941,23,23,23,23,8,7911.57355303967,0.5325028766983251,0.4674971233016749,3.2781011910300126,45.0,6,0.5,529.592306307031,13817.578135434554,831.1912576367293,False,False
3.8799791911394634,115.39197602204442,78,78,78,76,30,25516.007882272046,0.34035828444476796,0.6596417155552321,2.031948939609686,15.0,12,0.0,679.7681833982128,10762.73160517834,733.577930596959,False,True
3.8416951197506366,-22.11578802798175,41,41,41,41,12,11926.126383476942,0.4640879990112426,0.5359120009887575,2.7319559858894755,45.0,9,0.25,529.592306307031,13817.578135434554,831.1912576367293,False,False
3.80341276605649,-159.62355207806002,42,42,42,42,10,14717.237757834282,0.13382123057408263,0.8661787694259173,1.3089921741276949,15.0,12,0.0,529.592306307031,10762.73160517834,733.577930596959,False,True
3.765132112737775,62.86868387196593,32,32,32,32,9,11534.667467405763,0.4712683520581748,0.5287316479418251,2.7826371993908987,60.0,7,0.41666666666666663,529.592306307031,10762.73160517834,733.577930596959,False,False
3.7268531424821485,-74.63908017811235,80,80,74,74,16,27220.194636192246,0.6718112551693849,0.3281887448306151,5.094054203571913,45.0,10,0.16666666666666663,529.592306307031,10762.73160517834,733.577930596959,False,False
3.6885758379840747,147.85315577186148,35,35,35,35,12,12054.391844964615,0.43346110477274463,0.5665388952272554,2.530207752457563,45.0,10,0.16666666666666663,529.592306307031,10762.73160517834,733.577930596959,False,False
3.6503001819447367,10.34539172183532,86,86,86,86,24,22173.13077161566,0.20794467723931148,0.7920553227606886,1.5250761437080569,15.0,12,0.0,529.592306307031,10762.73160517834,733.577930596959,False,True
3.612026157072007,-127.16237232824295,21,21,21,21,4,7183.920372922926,0.27907999496818126,0.7209200050318187,1.7742329052329842,45.0,7,0.41666666666666663,529.592306307031,13817.578135434554,831.1912576367293,False,True
3.573753746080352,95.32986362173088,81,81,81,81,34,24567.770746297603,0.31113977231135204,0.688860227688648,1.903346600094269,15.0,12,0.0,679.7681833982128,10762.73160517834,733.577930596959,False,True
3.5354829316907423,-42.17790042829529,54,54,54,54,8,17374.712991072684,0.4242962414072405,0.5757037585927596,2.4740089328038537,45.0,8,0.33333333333333337,529.592306307031,13817.578135434554,831.1912576367293,False,False
3.4972136966306278,-179.68566447837355,21,21,21,21,8,7803.022399854071,0.3709627314340082,0.6290372685659917,2.1794618537616612,30.0,9,0.25,679.7681833982128,13817.578135434554,831.1912576367293,False,True
3.458946023633816,42.80657147165238,81,81,81,81,20,27812.50171378044,0.3923838119688537,0.6076161880311464,2.291551540916945,30.0,10,0.16666666666666663,529.592306307031,10762.73160517834,733.577930596959,False,True
3.4206798954404416,-94.70119257837376,125,125,125,121,16,34906.064535867336,0.5457645275585465,0.45423547244145346,3.4030026744725017,15.0,12,0.0,412.5936131601795,10762.73160517834,733.577930596959,False,False
3.382415294796881,127.79104337154794,56,56,56,56,19,19322.133826900597,0.11122698450280565,0.8887730154971943,1.2502933427621752,30.0,11,0.08333333333333337,529.592306307031,13817.578135434554,831.1912576367293,False,True
3.344152204455659,-9.716720678478225,33,33,33,33,7,11116.088533589204,0.2700953831313835,0.7299046168686165,1.7400840517768663,30.0,11,0.08333333333333337,529.592306307031,13817.578135434554,831.1912576367293,False,True
3.305890607175418,-147.2244847285044,18,18,18,18,4,5351.6708389355845,0.6355951325234297,0.3644048674765703,4.488400892802541,45.0,8,0.33333333333333337,529.592306307031,13817.578135434554,831.1912576367293,False,False
3.2676304857208263,75.26775122141733,45,45,45,45,16,15398.293416123353,0.37888325099370573,0.6211167490062943,2.220006549814892,45.0,8,0.33333333333333337,679.7681833982128,10762.73160517834,733.577930596959,False,True
3.2293718228624884,-62.2400128285567,62,62,62,61,15,20097.89808974687,0.3880937927564187,0.6119062072435812,2.2684747700293566,60.0,8,0.33333333333333337,529.592306307031,10762.73160517834,733.577930596959,False,True
3.191114601376915,160.252223121365,24,24,24,24,13,9088.486855512392,0.18250865734724245,0.8174913426527576,1.4465090890259518,30.0,11,0.08333333333333337,679.7681833982128,13817.578135434554,831.1912576367293,False,True
3.1528588040464305,22.74445907133883,33,33,33,33,12,11968.877302339206,0.18473434369968061,0.8152656563003193,1.4531880921809126,45.0,9,0.25,529.592306307031,10762.73160517834,733.577930596959,False,True
3.1146044136590834,-114.76330497868733,18,18,18,18,1,4697.118902816381,0.49215571342648967,0.5078442865735103,2.9382150255036894,75.0,6,0.5,412.5936131601795,17739.498905368782,941.7934727255436,False,False
3.076351413008616,107.72893097123439,103,103,103,103,34,32103.772647423797,0.22114493456847828,0.7788550654315217,1.5678718528869138,15.0,12,0.0,529.592306307031,10762.73160517834,733.577930596959,False,True
3.038099784894372,-29.778833078791763,29,29,29,29,4,8996.155700696712,0.44254664738208177,0.5574533526179182,2.5877441414740434,45.0,9,0.25,529.592306307031,13817.578135434554,831.1912576367293,False,False
2.99984951212121,-167.28659712881793,20,20,20,20,4,7246.724304441734,0.37089739823641676,0.6291026017635832,2.179131662137999,30.0,9,0.25,529.592306307031,13817.578135434554,831.1912576367293,False,True
2.9616005774994685,55.20563882110378,37,37,37,37,15,11533.98272945778,0.4622935237862404,0.5377064762137596,2.7195014166147424,60.0,7,0.41666666666666663,529.592306307031,10762.73160517834,733.577930596959,False,False
2.92335296384488,-82.3021252288703,58,58,57,57,12,21403.666082333053,0.5126512094918774,0.48734879050812263,3.103837003298495,60.0,8,0.33333333333333337,529.592306307031,10762.73160517834,733.577930596959,False,False
2.885106653978476,140.19011072110357,40,40,40,40,12,14912.88341902653,0.11523182900449251,0.8847681709955075,1.2604791464748057,30.0,10,0.16666666666666663,529.592306307031,13817.578135434554,831.1912576367293,False,True
2.8468616307265626,2.6823466710252846,26,26,26,26,8,7413.9753971252885,0.23624104121327366,0.7637589587867264,1.6186272213122206,30.0,10,0.16666666666666663,529.592306307031,13817.578135434554,831.1912576367293,False,True
2.808617876920625,-134.82541737900087,23,23,23,23,7,7810.4883179908165,0.38964752721736884,0.6103524727826312,2.2767951129646247,45.0,7,0.41666666666666663,529.592306307031,13817.578135434554,831.1912576367293,False,True
2.7703753753972404,87.66681857092084,51,51,51,51,16,17709.061486202267,0.3317510858676208,0.6682489141323792,1.9928967450649724,30.0,11,0.08333333333333337,529.592306307031,10762.73160517834,733.577930596959,False,True
2.732134108998048,-49.8409454791053,50,50,50,50,11,16906.821313512686,0.2964463049181198,0.7035536950818801,1.8427112443311642,60.0,8,0.33333333333333337,529.592306307031,13817.578135434554,831.1912576367293,False,True
2.6938940605696566,172.65129047092063,27,27,27,27,10,9134.536665086074,0.07588886912023933,0.9241111308797607,1.1642418678541238,30.0,10,0.16666666666666663,529.592306307031,13817.578135434554,831.1912576367293,False,True
2.6556552129635587,35.14352642084234,131,131,131,128,11,33291.97234622834,0.17495675710316533,0.8250432428968346,1.4241153627023704,15.0,12,0.0,529.592306307031,8383.263005261933,647.4281043197744,False,True
2.6174175490360976,-102.36423762918383,51,51,51,51,15,16772.700804814907,0.361496209296719,0.638503790703281,2.132322828964096,45.0,7,0.41666666666666663,529.592306307031,13817.578135434554,831.1912576367293,False,True
2.5791810516483773,120.12799832079001,75,75,74,74,28,25685.778407236856,0.6050168315823204,0.39498316841767955,4.063506903375378,45.0,9,0.25,529.592306307031,10762.73160517834,733.577930596959,False,False
2.5409457036661767,-17.379765729288238,34,34,34,34,10,13108.086013714103,0.43319390635537347,0.5668060936446265,2.5285435749989498,30.0,9,0.25,529.592306307031,13817.578135434554,831.1912576367293,False,False
2.5027114879599144,-154.88752977931443,26,26,26,26,7,8700.615252978341,0.44035182127396894,0.559648178726031,2.57367374008569,45.0,9,0.25,529.592306307031,13817.578135434554,831.1912576367293,False,False
2.4644783874045633,67.60470617065941,50,50,50,50,17,16458.63531889302,0.3351992158210132,0.6648007841789868,2.008420037395041,45.0,9,0.25,529.592306307031,13817.578135434554,831.1912576367293,False,True
2.4262463848795606,-69.9030578794189,54,54,54,54,12,17253.34013965368,0.6838910361609951,0.3161089638390049,5.326932256873946,60.0,8,0.33333333333333337,529.592306307031,10762.73160517834,733.577930596959,False,False
2.3880154632687747,152.58917807060706,24,24,24,24,8,7436.671285987093,0.07386871331747297,0.9261312866825271,1.1595210406552106,30.0,11,0.08333333333333337,529.592306307031,13817.578135434554,831.1912576367293,False,True
2.349785605460421,15.081414020528797,30,30,30,30,16,10544.392302359083,0.15795800680187036,0.8420419931981297,1.375178454466233,60.0,7,0.41666666666666663,679.7681833982128,10762.73160517834,733.577930596959,False,True
2.3115567943469686,-122.42635002949737,26,26,26,26,4,9270.410482284846,0.09849617584195884,0.9015038241580412,1.2185152701575044,45.0,6,0.5,529.592306307031,13817.578135434554,831.1912576367293,False,True
2.273329012825113,100.06588592047646,278,278,277,276,119,60584.46707856738,0.2825616320773002,0.7174383679226999,1.7876959045149494,15.0,12,0.0,679.7681833982128,10762.73160517834,733.577930596959,False,True
2.235102243795684,-37.44187812960183,37,37,37,37,8,11068.65745611596,0.4240362930330186,0.5759637069669814,2.4724410163480233,45.0,9,0.25,529.592306307031,10762.73160517834,733.577930596959,False,False
2.196876470163562,-174.94964217962797,28,28,28,28,8,9021.100476107653,0.3553578803333654,0.6446421196666345,2.102496624071454,30.0,10,0.16666666666666663,529.592306307031,13817.578135434554,831.1912576367293,False,True
2.158651674837641,47.54259377034586,51,51,51,51,14,17511.433999982884,0.2625457297570225,0.7374542702429775,1.7120325702921715,30.0,10,0.16666666666666663,529.592306307031,10762.73160517834,733.577930596959,False,True
2.120427840730747,-89.96517027973243,84,84,84,77,7,23483.636030441543,0.26887369659915933,0.7311263034008406,1.735505466971961,15.0,12,0.0,412.5936131601795,8383.263005261933,647.4281043197744,False,True
2.0822049507595435,132.52706567029352,53,53,53,53,22,18669.5712398714,0.08707832104807436,0.9129216789519257,1.190768437327601,30.0,11,0.08333333333333337,529.592306307031,13817.578135434554,831.1912576367293,False,True
2.043982987844505,-4.980698379732644,33,33,33,33,8,11714.19079087188,0.35901704735638174,0.6409829526436183,2.120207786730305,30.0,10,0.16666666666666663,529.592306307031,13817.578135434554,831.1912576367293,False,True
2.005761934909827,-142.4884624298109,27,27,27,27,4,9197.340664341922,0.5823264407489546,0.41767355925104543,3.7884285603003347,45.0,9,0.25,412.5936131601795,13817.578135434554,831.1912576367293,False,False
1.9675417748833384,80.00377352016292,46,46,46,46,16,13950.63857783223,0.041128682450508214,0.9588713175494918,1.085785614185681,30.0,9,0.25,529.592306307031,10762.73160517834,733.577930596959,False,True
1.9293224906964705,-57.50399052991537,49,49,49,49,13,17275.58476808446,0.091670429472685,0.908329570527315,1.2018439836093133,60.0,8,0.33333333333333337,529.592306307031,10762.73160517834,733.577930596959,False,True
1.891104065284168,164.9882454200585,25,25,25,25,11,8708.075762329867,0.24319893910726442,0.7568010608927356,1.6427024265013128,30.0,9,0.25,679.7681833982128,13817.578135434554,831.1912576367293,False,True
1.8528864815848032,27.48048137008442,29,29,29,29,9,9083.809516032958,0.20278261801386133,0.7972173819861387,1.508726032813437,30.0,9,0.25,679.7681833982128,10762.73160517834,733.577930596959,False,True
1.8146697225401442,-110.02728267999385,20,20,20,20,3,6809.543029599839,0.1365084535164208,0.8634915464835792,1.3161778573799086,45.0,7,0.41666666666666663,412.5936131601795,13817.578135434554,831.1912576367293,False,True
1.7764537710952661,112.46495326997997,107,107,107,107,37,33280.25646982417,0.3426564544644564,0.6573435455355436,2.042549080436444,15.0,12,0.0,529.592306307031,10762.73160517834,733.577930596959,False,True
1.7382386101984644,-25.04281078004618,35,35,35,35,7,11646.01892645606,0.4827360434492943,0.5172639565507057,2.8664978966187578,60.0,8,0.33333333333333337,529.592306307031,13817.578135434554,831.1912576367293,False,False
1.7000242228012237,-162.55057483012448,31,31,31,31,7,11636.63768355969,0.4630324179318834,0.5369675820681166,2.7246196358764387,30.0,9,0.25,529.592306307031,13817.578135434554,831.1912576367293,False,False
1.6618105918581312,59.94166111984937,29,29,29,29,8,9669.22511947119,0.5383290152083161,0.4616709847916839,3.332089444396087,75.0,6,0.5,529.592306307031,10762.73160517834,733.577930596959,False,False
1.6235977003267865,-77.56610293017678,85,85,77,77,14,29717.18132051028,0.5834251059314317,0.4165748940685683,3.8010574532386476,60.0,9,0.25,529.592306307031,10762.73160517834,733.577930596959,False,False
1.5853855311677736,144.92613301974492,51,51,51,51,19,17499.211652528204,0.2351220231523836,0.7648779768476164,1.6147961642755626,30.0,10,0.16666666666666663,679.7681833982128,13817.578135434554,831.1912576367293,False,True
1.547174067344572,7.4183689697708735,48,48,48,48,8,16268.04623933835,0.5307821807174975,0.4692178192825025,3.262412717100707,30.0,10,0.16666666666666663,412.5936131601795,10762.73160517834,733.577930596959,False,False
1.5089632918234688,-130.0893950803074,21,21,21,21,4,6482.214475184405,0.4670267032632594,0.5329732967367407,2.7525332174153734,45.0,6,0.5,412.5936131601795,13817.578135434554,831.1912576367293,False,False
1.4707531875735294,92.40284086966643,60,60,60,60,24,20309.602471880884,0.06576870643975787,0.9342312935602421,1.1407974810801322,15.0,12,0.0,679.7681833982128,10762.73160517834,733.577930596959,False,True
1.4325437375665089,-45.10492318035972,52,52,52,52,11,16394.599895454994,0.35694584405214475,0.6430541559478553,2.1101579571506233,30.0,8,0.33333333333333337,529.592306307031,13817.578135434554,831.1912576367293,False,True
1.3943349247767645,177.387312769562,25,25,25,25,8,8104.643575787599,0.3275441118396318,0.6724558881603682,1.9741727825023334,30.0,11,0.08333333333333337,529.592306307031,13817.578135434554,831.1912576367293,False,True
1.3561267321812267,39.879548719535826,82,82,82,82,23,27272.431064191514,0.25847402480511367,0.7415259751948864,1.6971408513024295,30.0,11,0.08333333333333337,529.592306307031,13817.578135434554,831.1912576367293,False,True
1.3179191427593093,-97.62821533043825,52,52,52,52,12,17941.363273456107,0.08181926333450212,0.9181807366654979,1.1782203874841466,45.0,7,0.41666666666666663,412.5936131601795,13817.578135434554,831.1912576367293,False,True
1.2797121394928248,124.8640206194835,72,72,72,72,25,22925.592224789143,0.47225577066527075,0.5277442293347292,2.789714579202858,15.0,12,0.0,529.592306307031,13817.578135434554,831.1912576367293,False,False
1.2415057053659513,-12.643743430542656,40,40,36,33,5,11241.389039486992,0.37524007189779945,0.6247599281022005,2.201229640440116,30.0,10,0.16666666666666663,412.5936131601795,13817.578135434554,831.1912576367293,False,True
1.203299823365148,-150.15150748056885,21,21,21,21,4,6698.202012195788,0.27454916021811765,0.7254508397818824,1.7569063130471112,45.0,6,0.5,529.592306307031,13817.578135434554,831.1912576367293,False,True
1.1650944764790645,72.34072846935288,39,39,39,39,12,11458.314960581589,0.17094791941520673,0.8290520805847933,1.412393680490191,45.0,8,0.33333333333333337,529.592306307031,13817.578135434554,831.1912576367293,False,True
1.1268896476985204,-65.16703558067326,56,56,56,56,10,18280.92542398171,0.6506805308419128,0.3493194691580872,4.725418067364819,60.0,9,0.25,529.592306307031,10762.73160517834,733.577930596959,False,False
1.0886853200163837,157.32520036924845,25,25,25,25,5,8513.023728655362,0.3813875819687007,0.6186124180312993,2.2330421144226174,30.0,11,0.08333333333333337,529.592306307031,13817.578135434554,831.1912576367293,False,True
1.0504814764275483,19.817436319222278,29,29,29,29,12,9333.616601945187,0.4927404694512954,0.5072595305487047,2.9427549007045606,45.0,7,0.41666666666666663,529.592306307031,10762.73160517834,733.577930596959,False,False
1.0122780999288465,-117.69032773075179,27,27,27,27,5,9754.96966341526,0.35174516066897416,0.6482548393310259,2.0852064321863346,75.0,5,0.5833333333333333,529.592306307031,13817.578135434554,831.1912576367293,False,False
0.9740751735189608,104.80190821916995,125,125,124,123,49,33277.56610956481,0.278610400741923,0.721389599258077,1.772426996531316,15.0,12,0.0,679.7681833982128,10762.73160517834,733.577930596959,False,True
0.9358726801983954,-32.705855830856194,37,37,37,37,7,11285.545201263465,0.521637442731086,0.47836255726891397,3.180929233714439,60.0,8,0.33333333333333337,529.592306307031,10762.73160517834,733.577930596959,False,False
0.8976706029693878,-170.2136198808824,24,24,24,24,8,7277.463095376731,0.4987779636853989,0.5012220363146012,2.990247545191057,60.0,9,0.25,529.592306307031,13817.578135434554,831.1912576367293,False,False
0.8594689248358225,52.27861606903934,39,39,39,39,14,13131.860834353914,0.19911294373167462,0.8008870562683253,1.4972310194634106,60.0,7,0.41666666666666663,529.592306307031,10762.73160517834,733.577930596959,False,True
0.8212676288031997,-85.22914798098685,63,63,63,63,6,23991.089293324236,0.6953628124995667,0.30463718750043334,5.5651866615829855,60.0,7,0.41666666666666663,529.592306307031,8383.263005261933,647.4281043197744,False,False
0.7830666978785495,137.2630879690391,58,58,58,58,22,20812.815401793177,0.41309993401644557,0.5869000659835544,2.4077351765982633,30.0,10,0.16666666666666663,529.592306307031,10762.73160517834,733.577930596959,False,False
0.7448661150703438,-0.2446760810912565,25,25,25,25,8,7797.718221092286,0.38262422733164386,0.6173757726683562,2.239518116099392,30.0,9,0.25,529.592306307031,13817.578135434554,831.1912576367293,False,True
0.7066658633884674,-137.75244013106533,28,28,28,28,8,9521.539011828563,0.41814335813293874,0.5818566418670612,2.437272785238648,45.0,7,0.41666666666666663,529.592306307031,13817.578135434554,831.1912576367293,False,False
0.6684659258441292,84.7397958188564,40,40,40,40,11,12315.902636191371,0.16172972485171075,0.8382702751482892,1.3858653459305854,30.0,10,0.16666666666666663,529.592306307031,10762.73160517834,733.577930596959,False,True
0.6302662854497769,-52.76796823116979,54,54,54,54,13,18921.870684684553,0.12489385284075623,0.8751061471592437,1.2854370369724513,30.0,9,0.25,529.592306307031,13817.578135434554,831.1912576367293,False,True
0.5920669252190661,169.72426771880407,18,18,18,18,6,6549.975764649829,0.32021621634415653,0.6797837836558435,1.942111959841259,30.0,8,0.33333333333333337,529.592306307031,13817.578135434554,831.1912576367293,False,True
0.5538678281667733,32.21650366872579,45,45,45,45,10,12160.680482816757,0.4309411899817654,0.5690588100182346,2.5145752333329368,45.0,9,0.25,529.592306307031,10762.73160517834,733.577930596959,False,False
0.5156689773087088,-105.29126038130039,32,32,32,32,6,11020.681871838417,0.07911933161375564,0.9208806683862444,1.1718340591347296,45.0,7,0.41666666666666663,412.5936131601795,13817.578135434554,831.1912576367293,False,True
0.4774703556616874,117.20097556872557,80,80,79,78,35,27547.474399448987,0.6092027229729663,0.3907972770270337,4.117742925986786,30.0,9,0.25,679.7681833982128,8383.263005261933,647.4281043197744,False,False
0.43927194624344074,-20.306788481352726,37,37,37,37,14,12875.020746906503,0.45247819754248,0.54752180245752,2.652822574412773,45.0,8,0.33333333333333337,529.592306307031,13817.578135434554,831.1912576367293,False,False
0.4010737320725303,-157.81455253137887,42,42,42,42,9,11000.598703998243,0.2684665298485872,0.7315334701514128,1.7339829024993758,15.0,12,0.0,529.592306307031,13817.578135434554,831.1912576367293,False,True
0.36287569616831805,64.67768341859497,42,42,42,42,12,13212.58625714049,0.4219655408715511,0.578034459128449,2.4600013345494447,60.0,8,0.33333333333333337,529.592306307031,13817.578135434554,831.1912576367293,False,False
0.32467782155087893,-72.83008063148333,72,72,72,72,16,25978.287546789983,0.7049503775081971,0.2950496224918029,5.778520789517581,60.0,8,0.33333333333333337,529.592306307031,10762.73160517834,733.577930596959,False,False
0.28648009124091395,149.6621553184905,24,24,24,24,7,8529.305199482184,0.1925853522280365,0.8074146477719635,1.4770420074975603,30.0,11,0.08333333333333337,529.592306307031,13817.578135434554,831.1912576367293,False,True
0.24828248825972077,12.154391268412242,29,29,29,29,9,11588.227630370897,0.5337843165262798,0.4662156834737202,3.2898599744612333,45.0,8,0.33333333333333337,529.592306307031,13817.578135434554,831.1912576367293,False,False
0.2100849956291061,-125.35337278161393,19,19,19,19,4,6231.311111479116,0.5043319825047363,0.4956680174952637,3.03495874134972,45.0,6,0.5,412.5936131601795,13817.578135434554,831.1912576367293,False,False
0.17188759637129916,97.13886316841202,90,90,90,90,34,29333.485218743896,0.4582213379475889,0.5417786620524111,2.6915444259532726,30.0,10,0.16666666666666663,529.592306307031,10762.73160517834,733.577930596959,False,False
0.13369027350892168,-40.368900881666264,44,44,44,44,9,14686.875622414358,0.287082809275912,0.712917190724088,1.805374910329574,45.0,9,0.25,529.592306307031,10762.73160517834,733.577930596959,False,True
0.09549301006490109,-177.87666493169243,29,29,29,29,8,8067.134413871149,0.31903688680904746,0.6809631131909526,1.9370166478300406,30.0,11,0.08333333333333337,529.592306307031,13817.578135434554,831.1912576367293,False,True
0.05729578906238325,44.615571018281415,52,52,52,52,16,15650.227166871373,0.32232254873987554,0.6776774512601245,1.9512565251817802,30.0,10,0.16666666666666663,679.7681833982128,13817.578135434554,831.1912576367293,False,True
0.019098593524703007,-92.89219303179686,137,137,137,128,13,40196.9835064643,0.45813339768369143,0.5418666023163086,2.6909453202146647,15.0,12,0.0,412.5936131601795,8383.263005261933,647.4281043197744,False,False
-0.019098593524703007,129.60004291817697,44,44,44,44,20,14943.228625507178,0.10862344123792973,0.8913765587620702,1.243720659176374,30.0,10,0.16666666666666663,679.7681833982128,13817.578135434554,831.1912576367293,False,True
-0.057295789062376895,-7.907721131797075,39,39,37,37,5,13769.573209839136,0.28674138308763736,0.7132586169123627,1.8040320194908177,15.0,12,0.0,529.592306307031,13817.578135434554,831.1912576367293,False,True
-0.09549301006490109,-145.41548518187537,27,27,27,27,4,9495.127483102293,0.526087955989951,0.47391204401004905,3.2201923864960715,60.0,7,0.41666666666666663,412.5936131601795,13817.578135434554,831.1912576367293,False,False
-0.13369027350892168,77.07675076809848,33,33,33,33,11,10662.56405848048,0.23108305460486062,0.7689169453951394,1.601061157485895,45.0,8,0.33333333333333337,529.592306307031,13817.578135434554,831.1912576367293,False,True
-0.1718875963712928,-60.4310132819798,58,58,58,57,8,19076.197863063306,0.33727750251877703,0.6627224974812229,2.0178543924512935,30.0,9,0.25,529.592306307031,10762.73160517834,733.577930596959,False,True
-0.2100849956291061,162.06122266799403,31,31,31,31,13,10837.259139521615,0.17472809075474535,0.8252719092452546,1.4234436887947428,45.0,9,0.25,679.7681833982128,13817.578135434554,831.1912576367293,False,True
-0.24828248825972077,24.553458617967866,26,26,26,26,10,8654.2203708346,0.41862228572027593,0.5813777142797241,2.4401043433146117,45.0,9,0.25,679.7681833982128,13817.578135434554,831.1912576367293,False,False
-0.2864800912409076,-112.9543054321104,28,28,28,28,1,10663.76523249637,0.4336887537482551,0.5663112462517449,2.531626845197651,45.0,7,0.41666666666666663,412.5936131601795,13817.578135434554,831.1912576367293,False,False
-0.32467782155087893,109.53793051786343,76,76,76,76,29,25792.145996426676,0.3913473282000605,0.6086526717999394,2.2859463084019587,30.0,11,0.08333333333333337,679.7681833982128,13817.578135434554,831.1912576367293,False,True
-0.36287569616831805,-27.969833532110613,36,36,36,36,9,12248.837778193627,0.5554129473437966,0.44458705265620335,3.498556555011935,45.0,8,0.33333333333333337,529.592306307031,13817.578135434554,831.1912576367293,False,False
-0.40107373207252395,-165.4775975821889,33,33,33,33,7,10629.387986864622,0.6423831696176427,0.35761683038235725,4.5925779495938075,60.0,9,0.25,529.592306307031,10762.73160517834,733.577930596959,False,False
-0.43927194624344074,57.014638367784926,25,25,25,25,8,9038.773920841992,0.6920737942498563,0.30792620575014373,5.49506265674196,120.0,4,0.6666666666666667,529.592306307031,10762.73160517834,733.577930596959,False,False
-0.4774703556616874,-80.49312568224121,70,70,64,64,16,23278.45309979136,0.5515957972548785,0.4484042027451215,3.460261495668507,60.0,9,0.25,529.592306307031,10762.73160517834,733.577930596959,False,False
-0.5156689773087024,141.9991102676805,64,64,64,64,22,20231.428785492946,0.22573123797851655,0.7742687620214834,1.5830823844401802,30.0,11,0.08333333333333337,529.592306307031,13817.578135434554,831.1912576367293,False,True
-0.5538678281667733,4.491346217654318,28,28,28,28,5,8855.215957220928,0.4836242477852044,0.5163757522147956,2.8731485578510756,30.0,9,0.25,412.5936131601795,13817.578135434554,831.1912576367293,False,False
-0.5920669252190661,-133.01641783242397,26,26,26,26,6,10129.368499987459,0.34527411124583346,0.6547258887541665,2.054713482928962,45.0,7,0.41666666666666663,412.5936131601795,13817.578135434554,831.1912576367293,False,True
-0.6302662854497706,89.47581811760199,53,53,53,53,19,19071.54319876708,0.08568889828067339,0.9143111017193266,1.1874392602682802,30.0,10,0.16666666666666663,679.7681833982128,10762.73160517834,733.577930596959,False,True
-0.6684659258441292,-48.03194593242421,59,59,59,59,11,18092.45222152836,0.08529844925027737,0.9147015507497226,1.1865055310781178,30.0,10,0.16666666666666663,529.592306307031,13817.578135434554,831.1912576367293,False,True
-0.7066658633884674,174.46029001749756,26,26,26,26,9,9221.733638395057,0.24913709790443553,0.7508629020955645,1.663602096225889,30.0,10,0.16666666666666663,529.592306307031,13817.578135434554,831.1912576367293,False,True
-0.7448661150703375,36.95252596747138,67,67,67,67,13,22521.959989292645,0.6121753150226144,0.38782468497738565,4.156969314928011,30.0,10,0.16666666666666663,529.592306307031,10762.73160517834,733.577930596959,False,False
-0.7830666978785495,-100.55523808255481,52,52,52,52,13,17196.361203881665,0.22330129776208152,0.7766987022379185,1.5750010837373072,45.0,7,0.41666666666666663,529.592306307031,13817.578135434554,831.1912576367293,False,True
-0.8212676288031997,121.93699786736694,104,104,104,104,41,35380.62656683131,0.6073267832416261,0.39267321675837386,4.093293646331557,45.0,9,0.25,679.7681833982128,10762.73160517834,733.577930596959,False,False
-0.8594689248358162,-15.570766182659213,37,37,33,31,8,10622.025976408964,0.4387001142440765,0.5612998857559235,2.5631576822905022,30.0,10,0.16666666666666663,529.592306307031,13817.578135434554,831.1912576367293,False,False
-0.8976706029693878,-153.07853023263328,25,25,25,25,5,8191.413888582154,0.3071850539274435,0.6928149460725566,1.88677375010115,45.0,7,0.41666666666666663,529.592306307031,13817.578135434554,831.1912576367293,False,True
-0.9358726801983954,69.41370571728844,38,38,38,38,11,14862.58566657862,0.1799624935909237,0.8200375064090764,1.438912835533523,45.0,7,0.41666666666666663,529.592306307031,13817.578135434554,831.1912576367293,False,True
-0.9740751735189545,-68.09405833273775,51,51,51,51,11,16630.91592230314,0.6716807097142194,0.32831929028578055,5.091631101721529,60.0,8,0.33333333333333337,529.592306307031,10762.73160517834,733.577930596959,False,False
-1.0122780999288465,154.398177617184,21,21,21,21,4,7077.65258962756,0.12636614276473046,0.8736338572352695,1.2892885657262254,45.0,8,0.33333333333333337,412.5936131601795,13817.578135434554,831.1912576367293,False,True
-1.0504814764275483,16.890413567157832,29,29,29,29,15,10202.665537706385,0.40421154795471675,0.5957884520452832,2.356896215652043,60.0,6,0.5,679.7681833982128,10762.73160517834,733.577930596959,False,False
-1.0886853200163773,-120.61735048286835,22,22,22,22,3,7483.517697177253,0.046021417504948044,0.953978582495052,1.0964831251967584,75.0,5,0.5833333333333333,412.5936131601795,13817.578135434554,831.1912576367293,False,False
-1.1268896476985204,101.87488546705339,74,74,74,74,30,24983.17680304678,0.3069659884413034,0.6930340115586966,1.885861251602671,30.0,10,0.16666666666666663,679.7681833982128,10762.73160517834,733.577930596959,False,True
-1.1650944764790645,-35.63287858297275,46,46,46,46,12,15335.171091625836,0.3077730795013744,0.6922269204986256,1.8892259760128343,45.0,8,0.33333333333333337,529.592306307031,10762.73160517834,733.577930596959,False,True
-1.2032998233651415,-173.14064263294682,35,35,35,35,9,13198.285301732285,0.2997269206317365,0.7002730793682634,1.856028682131059,30.0,10,0.16666666666666663,529.592306307031,13817.578135434554,831.1912576367293,False,True
-1.2415057053659577,49.35159331697489,33,33,33,33,7,10356.467647841571,0.25959811658110715,0.7404018834188928,1.7012357002183256,30.0,10,0.16666666666666663,412.5936131601795,13817.578135434554,831.1912576367293,False,True
-1.2797121394928248,-88.15617073305128,61,61,61,61,10,23559.445403161073,0.6168007209799076,0.38319927902009243,4.219216500392041,60.0,9,0.25,412.5936131601795,8383.263005261933,647.4281043197744,False,False
-1.317919142759303,134.33606521692255,46,46,46,46,15,15828.59029060435,0.23250561825675037,0.7674943817432496,1.6058822677728233,30.0,10,0.16666666666666663,529.592306307031,13817.578135434554,831.1912576367293,False,True
-1.3561267321812331,-3.1716988331557445,32,32,32,32,10,10383.430233192139,0.22149139045317834,0.7785086095468217,1.5690146203575344,30.0,9,0.25,529.592306307031,10762.73160517834,733.577930596959,False,True
-1.3943349247767645,-140.67946288318188,29,29,29,29,7,10737.452171179808,0.4734658809362127,0.5265341190637873,2.7984243139953264,45.0,7,0.41666666666666663,529.592306307031,13817.578135434554,831.1912576367293,False,False
-1.4325437375665024,81.81277306673984,50,50,50,50,19,18208.538431303317,0.08530065901526211,0.9146993409847379,1.1865108133202105,30.0,10,0.16666666666666663,529.592306307031,13817.578135434554,831.1912576367293,False,True
-1.4707531875735358,-55.69499098323422,52,52,50,50,11,16388.093401969207,0.11396220916852609,0.8860377908314739,1.2572400643579362,30.0,11,0.08333333333333337,529.592306307031,10762.73160517834,733.577930596959,False,True
-1.5089632918234688,166.7972449667396,25,25,25,25,8,9201.351801496534,0.377640122505048,0.6223598774949519,2.2135747697138823,30.0,9,0.25,679.7681833982128,13817.578135434554,831.1912576367293,False,True
-1.5471740673445655,29.289480916661343,28,28,28,28,8,8950.263421500638,0.36958819053375686,0.6304118094662432,2.1725294005728717,75.0,6,0.5,529.592306307031,13817.578135434554,831.1912576367293,False,False
-1.58538553116778,-108.21828313336482,26,26,26,26,3,8882.876495437842,0.3938742114912268,0.6061257885087732,2.299645119737471,45.0,8,0.33333333333333337,412.5936131601795,13817.578135434554,831.1912576367293,False,True
-1.6235977003267865,114.27395281660901,68,68,68,68,28,22336.996561348642,0.4788300507187867,0.5211699492812133,2.8375198008986477,30.0,10,0.16666666666666663,679.7681833982128,8383.263005261933,647.4281043197744,False,False
-1.6618105918581247,-23.233811233469282,33,33,33,33,14,10769.256489133106,0.4273941616325858,0.5726058383674142,2.492804065187848,60.0,7,0.41666666666666663,679.7681833982128,13817.578135434554,831.1912576367293,False,False
-1.7000242228012301,-160.74157528349542,27,27,27,27,6,10622.163114952351,0.39080106245946256,0.6091989375405374,2.2829998162413334,30.0,9,0.25,529.592306307031,13817.578135434554,831.1912576367293,False,True
-1.7382386101984644,61.750660666530514,27,27,27,27,9,9259.779733228173,0.5994763041178437,0.4005236958821563,3.993462360809853,75.0,7,0.41666666666666663,679.7681833982128,13817.578135434554,831.1912576367293,False,False
-1.7764537710952597,-75.75710338354776,81,81,81,81,17,29200.147890386383,0.7157096088913022,0.2842903911086978,6.035060144664912,60.0,7,0.41666666666666663,529.592306307031,10762.73160517834,733.577930596959,False,False
-1.8146697225401507,146.73513256642607,43,43,43,43,16,15996.331615388659,0.17796117177132506,0.8220388282286749,1.4329750996185786,30.0,11,0.08333333333333337,679.7681833982128,13817.578135434554,831.1912576367293,False,True
-1.8528864815848032,9.227368516347797,36,36,36,36,9,12063.959834164525,0.6160700294497357,0.38392997055026434,4.209283341786309,30.0,8,0.33333333333333337,529.592306307031,10762.73160517834,733.577930596959,False,False
-1.8911040652841615,-128.28039553367836,25,25,25,25,4,8567.095962987545,0.32689627213339834,0.6731037278666017,1.971310241200102,45.0,6,0.5,412.5936131601795,13817.578135434554,831.1912576367293,False,True
-1.9293224906964768,94.21184041629546,71,71,71,71,28,22840.31625947721,0.09965225132411615,0.9003477486758839,1.2213639151553872,30.0,10,0.16666666666666663,679.7681833982128,13817.578135434554,831.1912576367293,False,True
-1.9675417748833384,-43.29592363378282,62,62,62,62,13,21015.751704745067,0.2828188851202919,0.717181114879708,1.7886958517242295,45.0,10,0.16666666666666663,529.592306307031,10762.73160517834,733.577930596959,False,True
-2.005761934909821,179.19631231624314,29,29,29,29,5,10744.132335777313,0.11370882339158281,0.8862911766084172,1.2565947318277813,30.0,9,0.25,529.592306307031,13817.578135434554,831.1912576367293,False,True
-2.0439829878445113,41.68854826621697,60,60,60,60,11,21789.733225874963,0.4070145860765507,0.5929854139234493,2.372764241816895,45.0,10,0.16666666666666663,529.592306307031,13817.578135434554,831.1912576367293,False,False
-2.0822049507595435,-95.8192157838613,56,56,56,50,10,17605.03407749787,0.2148262689801214,0.7851737310198786,1.547206969599146,30.0,10,0.16666666666666663,412.5936131601795,13817.578135434554,831.1912576367293,False,True
-2.1204278407307404,126.67302016611252,44,44,44,44,22,16182.010100011465,0.1331530278549343,0.8668469721450657,1.3072123042096786,30.0,11,0.08333333333333337,679.7681833982128,13817.578135434554,831.1912576367293,False,True
-2.1586516748376474,-10.834743883913632,36,36,34,34,7,9809.185488377147,0.39470898150852474,0.6052910184914753,2.3041957321363546,30.0,11,0.08333333333333337,529.592306307031,13817.578135434554,831.1912576367293,False,True
-2.196876470163562,-148.34250793399193,29,29,29,29,6,9737.01484075153,0.31225319462312734,0.6877468053768727,1.9080469503657476,30.0,8,0.33333333333333337,412.5936131601795,13817.578135434554,831.1912576367293,False,True
-2.235102243795678,74.14972801598192,38,38,38,38,14,12529.357895263343,0.17732515903445065,0.8226748409655493,1.4310941582371215,30.0,9,0.25,529.592306307031,13817.578135434554,831.1912576367293,False,True
-2.273329012825119,-63.35803603409636,59,59,59,59,12,19150.986317357565,0.6240032629943061,0.3759967370056939,4.319195097083284,60.0,9,0.25,529.592306307031,10762.73160517834,733.577930596959,False,False
-2.3115567943469686,159.1341999159296,36,36,36,36,11,14064.135560044997,0.15370235336047738,0.8462976466395227,1.3632347412776071,45.0,8,0.33333333333333337,529.592306307031,13817.578135434554,831.1912576367293,False,True
-2.3497856054604145,21.62643586590342,24,24,24,24,7,8057.483424036768,0.3152103371654591,0.6847896628345409,1.920604834660363,30.0,9,0.25,529.592306307031,10762.73160517834,733.577930596959,False,True
-2.3880154632687813,-115.88132818417486,20,20,20,20,5,6216.029251631374,0.14727496787005728,0.8527250321299427,1.3454219410029347,45.0,6,0.5,412.5936131601795,17739.498905368782,941.7934727255436,False,True
-2.4262463848795606,106.61090776579898,72,72,72,72,30,24088.9079792447,0.2988380279869087,0.7011619720130913,1.8524079739490755,30.0,11,0.08333333333333337,679.7681833982128,10762.73160517834,733.577930596959,False,True
-2.464478387404557,-30.89685628422717,38,38,38,38,6,12839.350430526782,0.4580287139249808,0.5419712860750192,2.6902324004728944,60.0,7,0.41666666666666663,529.592306307031,13817.578135434554,831.1912576367293,False,False
-2.5027114879599206,-168.40462033430546,32,32,32,32,6,11871.445102708029,0.4826446287056215,0.5173553712943785,2.865814701017161,45.0,9,0.25,529.592306307031,13817.578135434554,831.1912576367293,False,False
-2.5409457036661767,54.08761561566837,32,32,32,32,12,11331.270489314124,0.3737274617777305,0.6262725382222696,2.1934978430910896,60.0,6,0.5,529.592306307031,10762.73160517834,733.577930596959,False,True
-2.579181051648371,-83.4201484343057,70,70,70,70,9,26012.71985764987,0.6999808938081505,0.30001910619184946,5.666242111664332,60.0,9,0.25,529.592306307031,8383.263005261933,647.4281043197744,False,False
-2.617417549036104,139.07208751561603,102,102,102,102,36,24992.75160874257,0.29738191793456137,0.7026180820654386,1.8464966260485864,15.0,12,0.0,529.592306307031,13817.578135434554,831.1912576367293,False,True
-2.6556552129635587,1.5643234655898728,24,24,24,24,6,8753.091608146755,0.20609341172040413,0.7939065882795959,1.5191880625830572,30.0,10,0.16666666666666663,412.5936131601795,13817.578135434554,831.1912576367293,False,True
-2.6938940605696504,-135.9434405844884,31,31,31,28,7,8928.840857787045,0.4599859013379477,0.5400140986620523,2.703607007585973,30.0,8,0.33333333333333337,412.5936131601795,13817.578135434554,831.1912576367293,False,False
-2.7321341089980544,86.54879536548543,51,51,51,51,18,18239.44247393677,0.37143167538101907,0.6285683246189809,2.1818338940517554,30.0,8,0.33333333333333337,529.592306307031,10762.73160517834,733.577930596959,False,True
-2.7703753753972404,-50.958968684540764,51,51,50,50,8,16166.21148896087,0.16223265683563534,0.8377673431643646,1.387297638561226,30.0,10,0.16666666666666663,529.592306307031,13817.578135434554,831.1912576367293,False,True
-2.8086178769206187,171.533267265381,21,21,21,21,5,7340.696696843799,0.5016594081683398,0.49834059183166024,3.013319470222087,30.0,9,0.25,412.5936131601795,13817.578135434554,831.1912576367293,False,False
-2.846861630726569,34.025503215406935,67,67,62,58,7,20851.85122993638,0.5872286803247212,0.4127713196752788,3.8452978796428274,60.0,9,0.25,529.592306307031,10762.73160517834,733.577930596959,False,False
-2.885106653978476,-103.48226083461924,41,41,40,40,9,13381.119753995108,0.27116615492405494,0.7288338450759451,1.7441096671239222,45.0,8,0.33333333333333337,529.592306307031,13817.578135434554,831.1912576367293,False,True
-2.923352963844873,119.0099751153025,173,173,172,171,70,56659.284305845125,0.5031917129724133,0.4968082870275867,3.025697743421386,15.0,12,0.0,679.7681833982128,8383.263005261933,647.4281043197744,False,False
-2.9616005774994747,-18.4977889347237,29,29,29,29,7,10737.397361932815,0.35510018907497165,0.6448998109250283,2.1012569179253586,45.0,6,0.5,529.592306307031,13817.578135434554,831.1912576367293,False,True
-2.99984951212121,-156.00555298474984,27,27,27,27,6,8616.262599210786,0.28688791790280765,0.7131120820971923,1.804608209859798,45.0,9,0.25,529.592306307031,13817.578135434554,831.1912576367293,False,True
-3.038099784894366,66.48668296517188,26,26,26,26,7,8382.502947867668,0.27070543350972615,0.7292945664902739,1.7423761150792458,60.0,6,0.5,529.592306307031,13817.578135434554,831.1912576367293,False,True
-3.0763514130086222,-71.0210810848543,76,76,76,76,17,26184.853465101416,0.7075129268687389,0.2924870731312611,5.837909035051434,75.0,8,0.33333333333333337,529.592306307031,10762.73160517834,733.577930596959,False,False
-3.1146044136590834,151.47115486506743,29,29,29,29,2,10935.562102168042,0.16705929643357645,0.8329407035664236,1.4011313067503468,30.0,10,0.16666666666666663,529.592306307031,13817.578135434554,831.1912576367293,False,True
-3.1528588040464243,13.963390815093385,33,33,33,33,9,12156.146920833056,0.36003758270112646,0.6399624172988736,2.1251835200596867,45.0,8,0.33333333333333337,529.592306307031,13817.578135434554,831.1912576367293,False,True
-3.191114601376922,-123.54437323493278,15,15,15,15,0,4059.688122505397,0.09683358692601624,0.9031664130739838,1.2144313285442867,75.0,5,0.5833333333333333,412.5936131601795,13817.578135434554,831.1912576367293,False,False
-3.2293718228624884,98.94786271498894,75,75,75,75,29,25389.820108884916,0.4692479530808838,0.5307520469191163,2.7682379401257196,45.0,8,0.33333333333333337,529.592306307031,10762.73160517834,733.577930596959,False,False
-3.2676304857208196,-38.55990133503724,42,42,42,42,16,14827.595598623837,0.13840195389750004,0.8615980461024999,1.3212680310118419,30.0,9,0.25,529.592306307031,10762.73160517834,733.577930596959,False,True
-3.3058906071754244,-176.06766538506338,37,37,37,37,8,12666.850049876079,0.35430822898655046,0.6456917710134495,2.0974531344280374,30.0,10,0.16666666666666663,529.592306307031,13817.578135434554,831.1912576367293,False,True
-3.344152204455659,46.424570564858335,37,37,37,37,12,12315.102639522242,0.2550670544987405,0.7449329455012594,1.6848054070883065,45.0,9,0.25,529.592306307031,10762.73160517834,733.577930596959,False,True
-3.3824152947968744,-91.08319348511571,78,78,78,78,12,28520.02336538824,0.605317709392355,0.39468229060764504,4.067366962223817,60.0,8,0.33333333333333337,412.5936131601795,10762.73160517834,733.577930596959,False,False
-3.420679895440448,131.40904246485812,41,41,41,41,16,13133.650019685141,0.07147237547247996,0.92852762452752,1.1539477632856614,30.0,11,0.08333333333333337,679.7681833982128,13817.578135434554,831.1912576367293,False,True
-3.458946023633816,-6.098721585220176,32,32,32,32,8,10719.532467381145,0.558803023293204,0.44119697670679603,3.533122631366374,45.0,9,0.25,529.592306307031,10762.73160517834,733.577930596959,False,False
-3.4972136966306215,-143.60648563524632,31,31,31,31,8,11024.634316909072,0.4826761420918211,0.5173238579081789,2.866050191628674,60.0,7,0.41666666666666663,412.5936131601795,13817.578135434554,831.1912576367293,False,False
-3.5354829316907486,78.88575031467539,41,41,41,41,11,13972.066715071214,0.2268915333867384,0.7731084666132616,1.5869591219992114,45.0,7,0.41666666666666663,529.592306307031,10762.73160517834,733.577930596959,False,True
-3.573753746080352,-58.62201373535078,49,49,49,49,9,15719.456352643283,0.4068751024619981,0.5931248975380019,2.371971077764205,45.0,10,0.16666666666666663,529.592306307031,10762.73160517834,733.577930596959,False,False
-3.612026157072007,163.87022221462306,25,25,25,25,8,9340.72045541519,0.00884953069613412,0.9911504693038659,1.0178570882428168,45.0,8,0.33333333333333337,679.7681833982128,13817.578135434554,831.1912576367293,False,True
-3.6503001819447434,26.362458164544787,30,30,30,30,10,10380.793811362246,0.33576884380412686,0.6642311561958731,2.010999982979157,30.0,11,0.08333333333333337,679.7681833982128,13817.578135434554,831.1912576367293,False,True
-3.6885758379840747,-111.14530588542928,17,17,17,17,0,6256.0243385604645,0.29806986575136507,0.7019301342486349,1.8492864209923887,45.0,8,0.33333333333333337,412.5936131601795,17739.498905368782,941.7934727255436,False,True
-3.7268531424821485,111.34693006454457,77,77,77,77,25,27165.925516347408,0.22250209863783324,0.7774979013621668,1.5723542102120462,30.0,11,0.08333333333333337,679.7681833982128,10762.73160517834,733.577930596959,False,True
-3.7651321127377813,-26.160833985533714,30,30,30,30,8,8439.111122634751,0.34119454211337324,0.6588054578866267,2.0357975576215983,45.0,9,0.25,529.592306307031,13817.578135434554,831.1912576367293,False,True
-3.80341276605649,-163.66859803555988,24,24,24,24,3,7394.6401268543505,0.6179049402966247,0.3820950597033753,4.234299552453315,75.0,6,0.5,412.5936131601795,13817.578135434554,831.1912576367293,False,False
-3.8416951197506366,58.82363791441396,17,17,17,17,4,5821.168472520729,0.622522910297251,0.37747708970274896,4.298334798477268,75.0,5,0.5833333333333333,529.592306307031,13817.578135434554,831.1912576367293,False,False
-3.8799791911394697,-78.68412613566431,63,63,63,63,15,22057.31319303815,0.6937518056713305,0.30624819432866945,5.530650750069646,60.0,8,0.33333333333333337,529.592306307031,10762.73160517834,733.577930596959,False,False
-3.9182649975491493,143.80810981436161,59,59,59,59,14,21586.071591642616,0.4472371993800872,0.5527628006199128,2.618188484747958,30.0,10,0.16666666666666663,529.592306307031,13817.578135434554,831.1912576367293,False,False
-3.956552556312902,6.300345764231241,37,37,37,37,8,11972.345325568922,0.4565552336360423,0.5434447663639577,2.680226811974767,15.0,12,0.0,529.592306307031,13817.578135434554,831.1912576367293,False,False
-3.9948418847710507,-131.20741828574282,26,26,25,20,4,7287.345506963911,0.34659793283416934,0.6534020671658307,2.060902468024192,45.0,7,0.41666666666666663,412.5936131601795,13817.578135434554,831.1912576367293,False,True
-4.0331330002710475,91.28481766423101,54,54,54,54,18,18493.83934845691,0.04053467635007904,0.959465323649921,1.084494301880302,30.0,10,0.16666666666666663,529.592306307031,10762.73160517834,733.577930596959,False,True
-4.071425920167629,-46.22294638584725,69,69,68,68,10,23000.936034503902,0.16539144272828316,0.8346085572717168,1.3963329666039792,30.0,10,0.16666666666666663,529.592306307031,10762.73160517834,733.577930596959,False,True
-4.109720661822839,176.26928956412658,34,34,34,34,8,11412.947379657258,0.287987314984402,0.712012685015598,1.8089387198996127,30.0,9,0.25,529.592306307031,13817.578135434554,831.1912576367293,False,True
-4.148017242606074,38.76152551410041,78,78,75,67,14,23348.73193346076,0.5840600811800664,0.41593991881993364,3.8083867633436466,30.0,11,0.08333333333333337,529.592306307031,10762.73160517834,733.577930596959,False,False
-4.186315679894225,-98.74623853597785,41,41,41,41,12,13386.567996167223,0.30707720667963684,0.6929227933203632,1.886324449534059,60.0,5,0.5833333333333333,529.592306307031,13817.578135434554,831.1912576367293,False,True
-4.224615991071714,123.74599741404808,64,64,64,64,31,21474.44385292181,0.13689126058599504,0.8631087394140049,1.3172051314853688,45.0,8,0.33333333333333337,679.7681833982128,13817.578135434554,831.1912576367293,False,True
-4.262918193530526,-13.761766635978063,39,39,39,39,8,14554.364784063164,0.21223813390764948,0.7877618660923505,1.5388383039164997,30.0,10,0.16666666666666663,412.5936131601795,13817.578135434554,831.1912576367293,False,True
-4.301222304670363,-151.26953068605636,26,26,26,26,3,7063.352265276775,0.3995748250106494,0.6004251749893506,2.330972922705103,30.0,8,0.33333333333333337,412.5936131601795,13817.578135434554,831.1912576367293,False,True
-4.339528341898672,71.22270526391748,41,41,41,41,12,13214.982968118376,0.11237843490849107,0.8876215650915089,1.2532124935403197,45.0,7,0.41666666666666663,529.592306307031,13817.578135434554,831.1912576367293,False,True
-4.377836322630684,-66.28505878616079,62,62,62,62,10,19122.869644145987,0.5338254493011426,0.4661745506988574,3.2902384889988854,60.0,9,0.25,529.592306307031,10762.73160517834,733.577930596959,False,False
-4.416146264289564,156.20717716381304,35,35,35,35,12,10318.424752443512,0.40588185949049327,0.5941181405095067,2.366333837719263,30.0,9,0.25,529.592306307031,13817.578135434554,831.1912576367293,False,False
-4.454458184306441,18.699413113786864,37,37,37,37,13,13073.170323539456,0.3367958881432379,0.6632041118567621,2.0156628468430804,30.0,11,0.08333333333333337,529.592306307031,13817.578135434554,831.1912576367293,False,True
-4.492772100120447,-118.80835093629142,16,16,16,16,7,4221.30781105108,0.514141312684172,0.48585868731582804,3.1164232568304744,45.0,5,0.5833333333333333,679.7681833982128,13817.578135434554,831.1912576367293,False,False
-4.531088029178862,103.68388501373454,71,71,71,71,28,24194.998612305906,0.3077741501024896,0.6922258498975105,1.8892304445089936,30.0,11,0.08333333333333337,679.7681833982128,10762.73160517834,733.577930596959,False,True
-4.56940598893716,-33.82387903629166,48,48,48,48,11,15500.925668118005,0.42170569891697146,0.5782943010830286,2.4584466702410923,75.0,7,0.41666666666666663,529.592306307031,13817.578135434554,831.1912576367293,False,False
-4.607725996859027,-171.33164308636992,34,34,34,34,8,10972.687248137678,0.3606887347196124,0.6393112652803876,2.1283665854422957,30.0,10,0.16666666666666663,529.592306307031,13817.578135434554,831.1912576367293,False,True
-4.6460480704165255,51.160592863603924,40,40,40,40,14,14003.720561097267,0.40523636080984765,0.5947636391901523,2.3626803459661034,30.0,8,0.33333333333333337,529.592306307031,13817.578135434554,831.1912576367293,False,False
-4.684372227090122,-86.34717118642226,66,66,66,66,13,24593.020153106758,0.702120830178386,0.297879169821614,5.7141317776523515,60.0,8,0.33333333333333337,412.5936131601795,8383.263005261933,647.4281043197744,False,False
-4.722698484368726,136.14506476349948,44,44,44,44,13,15632.51826198783,0.14638167770052765,0.8536183222994723,1.3429675157538923,30.0,11,0.08333333333333337,412.5936131601795,13817.578135434554,831.1912576367293,False,True
-4.761026859749837,-1.3626992864745944,22,22,22,22,7,7122.596187883597,0.3513231368914545,0.6486768631085456,2.0831992225154057,30.0,9,0.25,529.592306307031,13817.578135434554,831.1912576367293,False,True
-4.79935737073957,-138.87046333655286,27,27,27,27,8,9508.275979815093,0.5134532435945561,0.48654675640544387,3.110601856182927,45.0,8,0.33333333333333337,529.592306307031,13817.578135434554,831.1912576367293,False,False
-4.8376900348527565,83.62177261342099,46,46,46,46,12,15538.851357779666,0.2589160681055672,0.7410839318944328,1.6987496475431603,30.0,10,0.16666666666666663,529.592306307031,13817.578135434554,831.1912576367293,False,True
-4.8760248696129596,-53.885991436605195,44,44,41,41,7,15122.466294447197,0.20947230766479935,0.7905276923352007,1.529955647843336,30.0,11,0.08333333333333337,529.592306307031,13817.578135434554,831.1912576367293,False,True
-4.914361892552633,168.60624451331654,18,18,18,18,3,5439.967006588563,0.12888215497965266,0.8711178450203474,1.295900619454403,45.0,8,0.33333333333333337,412.5936131601795,13817.578135434554,831.1912576367293,False,True
-4.952701121213154,31.09848046329038,52,52,48,41,5,16383.444550553384,0.27407436360064086,0.7259256363993591,1.7551031396550987,30.0,10,0.16666666666666663,412.5936131601795,10762.73160517834,733.577930596959,False,True
-4.991042573144859,-106.4092835867358,26,26,25,25,4,8560.375947169949,0.1070123734547262,0.8929876265452739,1.2396726903568145,45.0,8,0.33333333333333337,529.592306307031,13817.578135434554,831.1912576367293,False,True
-5.029386265907194,116.08295236318594,51,51,51,51,21,18753.85813725308,0.32396469402145234,0.6760353059785477,1.958425369670656,30.0,11,0.08333333333333337,679.7681833982128,8383.263005261933,647.4281043197744,False,True
-5.067732217068751,-21.424811686788132,31,31,31,31,13,9490.555233522991,0.45669312864146566,0.5433068713585343,2.681160878747984,60.0,8,0.33333333333333337,679.7681833982128,13817.578135434554,831.1912576367293,False,False
-5.106080444207307,-158.9325757368143,23,23,23,23,4,7074.239326837502,0.4621620394381019,0.5378379605618981,2.7185921163142335,45.0,8,0.33333333333333337,529.592306307031,13817.578135434554,831.1912576367293,False,False
-5.1444309649099695,63.559660213107435,20,20,20,20,9,5796.518754051036,0.7816439124285807,0.21835608757141933,8.159350775351502,60.0,7,0.41666666666666663,679.7681833982128,13817.578135434554,831.1912576367293,False,False
-5.182783796773221,-73.94810383691873,86,86,86,86,16,28401.127300825752,0.7600689270521565,0.23993107294784355,7.335727321299322,75.0,8,0.33333333333333337,529.592306307031,10762.73160517834,733.577930596959,False,False
-5.22113895740295,148.544132113003,37,37,37,37,9,12392.83740495318,0.238735453157862,0.761264546842138,1.6272075959616918,30.0,11,0.08333333333333337,529.592306307031,13817.578135434554,831.1912576367293,False,True
-5.259496464414599,11.03636806297683,39,39,39,39,12,13311.317565055666,0.3745544080856402,0.6254455919143598,2.1977201947789147,45.0,7,0.41666666666666663,529.592306307031,10762.73160517834,733.577930596959,False,True
-5.297856335433212,-126.47139598699724,11,11,11,11,3,3854.04904094622,0.49155425205174097,0.508445747948259,2.9335563490709458,45.0,6,0.4545454545454546,412.5936131601795,13817.578135434554,831.1912576367293,False,False
-5.336218588093464,96.0208399629245,74,74,74,74,32,24746.78481335714,0.46838117056987705,0.531618829430123,2.762093984037268,45.0,9,0.25,679.7681833982128,13817.578135434554,831.1912576367293,False,False
-5.374583240039813,-41.48692408710167,53,53,52,52,11,14170.601764620073,0.0854164098436496,0.9145835901563504,1.1867875408283841,15.0,12,0.0,529.592306307031,10762.73160517834,733.577930596959,False,True
-5.41295030892654,-178.99468813712784,39,39,39,39,11,13062.486563621947,0.3537200563252014,0.6462799436747986,2.0946341745155244,30.0,10,0.16666666666666663,529.592306307031,13817.578135434554,831.1912576367293,False,True
-5.451319812417784,43.49754781279389,42,42,42,42,9,14362.4761822247,0.3464926466200336,0.6535073533799665,2.060409327692977,30.0,10,0.16666666666666663,529.592306307031,13817.578135434554,831.1912576367293,False,True
-5.489691768187696,-94.01021623723227,48,48,48,48,8,16004.584621507875,0.31271712993992273,0.6872828700600773,1.9100099640562473,60.0,8,0.33333333333333337,412.5936131601795,13817.578135434554,831.1912576367293,False,True
-5.528066193920477,128.48201971274156,43,43,43,43,16,15159.708422270342,0.10550089804161253,0.8944991019583874,1.2358882145563528,30.0,10,0.16666666666666663,529.592306307031,13817.578135434554,831.1912576367293,False,True
-5.56644310731041,-9.025744337336732,27,27,27,27,5,9937.054174109666,0.18799388250811883,0.8120061174918811,1.4630356310338968,30.0,10,0.16666666666666663,412.5936131601795,13817.578135434554,831.1912576367293,False,True
-5.604822526062022,-146.53350838731077,34,34,34,34,11,10936.167089756982,0.43979107895873504,0.560208921041265,2.5700966637278526,30.0,8,0.33333333333333337,529.592306307031,13817.578135434554,831.1912576367293,False,False
-5.643204467890112,75.95872756261095,37,37,37,37,11,13588.604491945185,0.3380434365176892,0.6619565634823108,2.021346279095313,30.0,10,0.16666666666666663,529.592306307031,13817.578135434554,831.1912576367293,False,True
-5.681588950519799,-61.54903648741521,62,62,62,62,15,21039.217720855122,0.5728166983260853,0.4271833016739147,3.681830942742879,45.0,8,0.33333333333333337,529.592306307031,10762.73160517834,733.577930596959,False,False
-5.719975991686666,160.94319946255862,30,30,30,30,7,9217.96366002106,0.034230411495725005,0.965769588504275,1.0708873253065239,45.0,8,0.33333333333333337,529.592306307031,13817.578135434554,831.1912576367293,False,True
-5.758365609136803,23.43543541248034,35,35,35,35,13,12552.992068449867,0.16686843813384036,0.8331315618661597,1.400581242559257,15.0,12,0.0,679.7681833982128,13817.578135434554,831.1912576367293,False,True
-5.796757820626844,-114.07232863754584,13,13,13,13,4,3957.837572487926,0.6086444973184313,0.3913555026815687,4.110443027620657,75.0,4,0.6666666666666667,529.592306307031,17739.498905368782,941.7934727255436,False,False
-5.835152643924122,108.41990731242801,76,76,76,76,27,25410.181400167505,0.38771775928571334,0.6122822407142867,2.266467434474019,30.0,11,0.08333333333333337,679.7681833982128,13817.578135434554,831.1912576367293,False,True
-5.873550096806704,-29.08785673765027,36,36,36,36,14,12172.565358427019,0.21467743301445041,0.7853225669855496,1.5467242176383316,75.0,7,0.41666666666666663,529.592306307031,10762.73160517834,733.577930596959,False,False
-5.911950197063433,-166.5956207876243,25,25,25,25,5,9345.641298884015,0.1908447580096153,0.8091552419903847,1.4717135800546002,30.0,7,0.41666666666666663,529.592306307031,13817.578135434554,831.1912576367293,False,True
-5.9503529624940805,55.89661516234951,17,17,17,17,3,6076.37105956479,0.5447904532939036,0.45520954670609637,3.3935809661111733,75.0,6,0.5,529.592306307031,13817.578135434554,831.1912576367293,False,False
-5.988758410909388,-81.61114888772875,80,80,80,80,13,28827.68452390653,0.6951275993799771,0.30487240062002285,5.560121532590601,60.0,8,0.33333333333333337,529.592306307031,10762.73160517834,733.577930596959,False,False
-6.027166560131099,140.88108706224506,56,56,56,56,14,18516.500331675794,0.10951691541353753,0.8904830845864624,1.2459719163882759,45.0,10,0.16666666666666663,412.5936131601795,13817.578135434554,831.1912576367293,False,True
-6.065577427992122,3.3733230121667956,36,36,36,36,6,12741.915480538248,0.3542662830973749,0.6457337169026252,2.097251928540065,30.0,10,0.16666666666666663,412.5936131601795,13817.578135434554,831.1912576367293,False,True
-6.103991032336563,-134.13444103785938,19,19,18,15,4,6853.31441596555,0.18182366681533688,0.8181763331846631,1.4444608318297547,60.0,7,0.41666666666666663,529.592306307031,13817.578135434554,831.1912576367293,False,True
-6.142407391019768,88.35779491216657,39,39,39,39,17,14320.826807462112,0.10593918893309813,0.8940608110669018,1.2369843026822274,45.0,9,0.25,529.592306307031,13817.578135434554,831.1912576367293,False,True
-6.180826521908479,-49.14996913791168,60,60,57,57,4,16988.200405889496,0.4483841868075708,0.5516158131924291,2.62571186715111,30.0,10,0.16666666666666663,529.592306307031,10762.73160517834,733.577930596959,False,False
-6.219248442880868,173.34226681206212,26,26,26,26,6,8334.82252479929,0.38064273083918104,0.6193572691608189,2.2291539949306562,30.0,11,0.08333333333333337,412.5936131601795,13817.578135434554,831.1912576367293,False,True
-6.257673171826585,35.83450276203597,90,90,84,75,12,29449.343659095448,0.5668497728722415,0.4331502271277585,3.6173356834235157,45.0,10,0.16666666666666663,529.592306307031,10762.73160517834,733.577930596959,False,False
-6.296100726646905,-101.67326128804228,45,45,45,45,15,14794.48775495574,0.4480212294698225,0.5519787705301775,2.623327756027633,60.0,7,0.41666666666666663,529.592306307031,10762.73160517834,733.577930596959,False,False
-6.334531125254774,120.81897466193152,258,258,257,253,100,46917.102563377564,0.43205408378153104,0.567945916218469,2.5214620668751664,15.0,12,0.0,679.7681833982128,10762.73160517834,733.577930596959,False,False
-6.372964385574846,-16.68878938809462,35,35,35,35,7,13046.608136750894,0.4755607916542719,0.5244392083457281,2.8135973973203243,60.0,9,0.25,529.592306307031,13817.578135434554,831.1912576367293,False,False
-6.411400525543639,-154.1965534381729,22,22,22,22,3,7583.77870657511,0.3894351129787613,0.6105648870212387,2.2756551228443462,45.0,6,0.5,412.5936131601795,13817.578135434554,831.1912576367293,False,True
-6.449839563109577,68.29568251185303,31,31,31,31,9,11011.183909575348,0.5411471210554415,0.4588528789445585,3.3586955465994857,60.0,7,0.41666666666666663,529.592306307031,13817.578135434554,831.1912576367293,False,False
-6.488281516233027,-69.21208153817315,77,77,77,77,14,27559.055618880757,0.525229164281939,0.474770835718061,3.212558669437068,60.0,9,0.25,529.592306307031,10762.73160517834,733.577930596959,False,False
-6.5267264028864584,153.28015441174858,40,40,40,40,6,14658.3945078687,0.20823056122626282,0.7917694387737372,1.5259878722997002,30.0,10,0.16666666666666663,529.592306307031,13817.578135434554,831.1912576367293,False,True
-6.5651742410544855,15.772390361722419,34,34,34,34,8,10583.349444001702,0.27562641407536825,0.7243735859246317,1.7610062526604775,45.0,9,0.25,529.592306307031,13817.578135434554,831.1912576367293,False,True
-6.603625048733901,-121.73537368835585,16,16,16,16,2,5480.514081969984,0.5533393737786285,0.4466606262213715,3.4776724935874936,90.0,5,0.5833333333333333,529.592306307031,13817.578135434554,831.1912576367293,False,False
-6.642078843933842,100.75686226161798,68,68,68,68,28,22996.866703119777,0.5432444390198737,0.45675556098012626,3.3787096881936405,30.0,11,0.08333333333333337,529.592306307031,10762.73160517834,733.577930596959,False,False
-6.680535644675821,-36.75090178835609,64,64,64,64,17,18042.3071612638,0.2981289348077577,0.7018710651922423,1.8495262152631988,30.0,11,0.08333333333333337,529.592306307031,10762.73160517834,733.577930596959,False,True
-6.718995468993777,-174.25866583843435,38,38,38,38,9,13014.752814969343,0.3564318970138041,0.6435681029861959,2.107674216170559,30.0,10,0.16666666666666663,529.592306307031,13817.578135434554,831.1912576367293,False,True
-6.757458334934225,48.23357011153948,37,37,37,37,12,13192.11648936901,0.2995811645389742,0.7004188354610258,1.8554343469126886,30.0,8,0.33333333333333337,529.592306307031,10762.73160517834,733.577930596959,False,True
-6.795924260556304,-89.27419393848669,61,61,61,61,9,22673.507535296376,0.6606041123445285,0.33939588765547146,4.892823315614966,60.0,7,0.41666666666666663,529.592306307031,10762.73160517834,733.577930596959,False,False
-6.834393263931813,133.21804201143505,33,33,33,33,11,10991.207683078801,0.10853547685446084,0.8914645231455391,1.2434992622510488,30.0,9,0.25,412.5936131601795,13817.578135434554,831.1912576367293,False,True
-6.8728653631453716,-4.289722038591151,32,32,32,32,11,10340.395907062193,0.3408717005730915,0.6591282994269085,2.034310621678568,30.0,9,0.25,529.592306307031,10762.73160517834,733.577930596959,False,True
-6.91134057629446,-141.7974860886173,27,27,27,27,8,8541.715111564723,0.5793411964775748,0.42065880352242524,3.754447032257059,45.0,8,0.33333333333333337,529.592306307031,13817.578135434554,831.1912576367293,False,False
-6.949818921489467,80.69474986130443,45,45,45,45,10,16078.217337849335,0.36617991671141864,0.6338200832885814,2.155469592605809,45.0,8,0.33333333333333337,529.592306307031,13817.578135434554,831.1912576367293,False,True
-6.988300416853837,-56.81301418866963,33,33,32,32,5,11497.727566890018,0.3490667751031263,0.6509332248968738,2.072511777712463,30.0,10,0.16666666666666663,529.592306307031,13817.578135434554,831.1912576367293,False,True
-7.0267850805241245,165.6792217612521,23,23,23,23,7,8431.206564599252,0.1746620506534154,0.8253379493465847,1.4232497749356958,45.0,8,0.33333333333333337,679.7681833982128,13817.578135434554,831.1912576367293,False,True
-7.065272930650028,28.171457711225933,30,30,30,30,4,9462.180100194964,0.4863365922621129,0.5136634077378871,2.8936003029839394,30.0,10,0.16666666666666663,529.592306307031,10762.73160517834,733.577930596959,False,False
-7.103763985394555,-109.33630633880023,16,16,16,16,2,5408.434053022418,0.2728807580066751,0.7271192419933249,1.750580488720391,60.0,6,0.5,412.5936131601795,17739.498905368782,941.7934727255436,False,True
-7.142258262934058,113.1559296111215,48,48,48,48,15,16059.912059538476,0.3397867923518692,0.6602132076481309,2.0293244316098655,30.0,10,0.16666666666666663,529.592306307031,10762.73160517834,733.577930596959,False,True
-7.180755781458282,-24.35183443890469,41,41,41,41,16,14116.75094174825,0.01606155882965671,0.9839384411703432,1.032647487195545,45.0,10,0.16666666666666663,679.7681833982128,13817.578135434554,831.1912576367293,False,True
-7.219256559170524,-161.85959848887873,24,24,24,24,5,8315.845085921459,0.4324037751850861,0.5675962248149139,2.5236316109258397,30.0,9,0.25,412.5936131601795,13817.578135434554,831.1912576367293,False,False
-7.257760614287674,60.632637460990885,24,24,24,24,10,9049.815996753261,0.46062702161713104,0.5393729783828689,2.7080092628969608,75.0,7,0.41666666666666663,679.7681833982128,10762.73160517834,733.577930596959,False,False
-7.296267965040263,-76.87512658898316,72,72,72,72,15,26734.458790534904,0.7790924095236387,0.22090759047636133,8.053559434907756,90.0,7,0.41666666666666663,529.592306307031,10762.73160517834,733.577930596959,False,False
-7.334778629672613,145.61710936099067,65,65,65,65,16,25334.54980278264,0.5981260026770269,0.40187399732297313,3.976684267513493,15.0,12,0.0,529.592306307031,13817.578135434554,831.1912576367293,False,False
-7.37329262644289,8.109345310912385,31,31,31,31,11,11139.60006989946,0.11019714884673201,0.889802851153268,1.2476889092991916,30.0,10,0.16666666666666663,529.592306307031,13817.578135434554,831.1912576367293,False,True
-7.411809973623147,-129.3984187391138,10,10,10,8,4,3140.5590752257476,0.32945218796223086,0.6705478120377691,1.98263593452356,45.0,6,0.4,679.7681833982128,13817.578135434554,831.1912576367293,False,True
-7.450330689499478,93.09381721080794,61,61,61,61,26,19367.873023100896,0.39867425187535027,0.6013257481246497,2.325984304243392,30.0,10,0.16666666666666663,679.7681833982128,13817.578135434554,831.1912576367293,False,True
-7.488854792372071,-44.41394683921823,43,43,43,43,9,13834.789978832658,0.35563089884514326,0.6443691011548567,2.103811148634444,30.0,9,0.25,529.592306307031,10762.73160517834,733.577930596959,False,True
-7.527382300555242,178.07828911080773,71,71,71,71,23,19226.91202885923,0.05084203053027796,0.9491579694697221,1.1071308089183143,15.0,12,0.0,529.592306307031,10762.73160517834,733.577930596959,False,True
-7.565913232377609,40.570525060729445,47,47,47,47,13,14273.451305786228,0.5130275102699141,0.4869724897300859,3.1070081825536784,45.0,9,0.25,529.592306307031,13817.578135434554,831.1912576367293,False,False
-7.60444760618212,-96.9372389892967,38,38,38,38,9,12821.16023141128,0.2295109291809598,0.7704890708190402,1.5957538863905927,60.0,6,0.5,529.592306307031,13817.578135434554,831.1912576367293,False,True
-7.6429854403261155,125.55499696067712,41,41,41,40,15,13534.11839083754,0.4253390931072574,0.5746609068927426,2.4803133047873906,45.0,8,0.33333333333333337,529.592306307031,13817.578135434554,831.1912576367293,False,False
-7.681526753181475,-11.952767089401164,25,25,25,25,7,8220.674674380154,0.23841763340299826,0.7615823665970017,1.6261112227908479,30.0,10,0.16666666666666663,412.5936131601795,13817.578135434554,831.1912576367293,False,True
-7.720071563134672,-149.46053113942733,26,26,26,26,8,8887.135517000295,0.5690194743005909,0.43098052569940914,3.6405809096694917,45.0,7,0.41666666666666663,529.592306307031,13817.578135434554,831.1912576367293,False,False
-7.758619888586816,73.0317048105465,32,32,32,32,8,11793.112385227007,0.4386885115195891,0.5613114884804109,2.563084029180346,30.0,9,0.25,529.592306307031,13817.578135434554,831.1912576367293,False,False
-7.797171747953812,-64.47605923953176,117,117,112,108,30,31685.22368558726,0.3985647273974139,0.6014352726025861,2.3253786252765254,15.0,12,0.0,529.592306307031,10762.73160517834,733.577930596959,False,True
-7.835727159666414,158.01617671049416,31,31,31,31,8,10902.280910702699,0.19291667440093727,0.8070833255990627,1.4780588776449908,30.0,8,0.33333333333333337,529.592306307031,13817.578135434554,831.1912576367293,False,True
-7.874286142170257,20.508412660415896,32,32,32,32,15,11844.133759612449,0.25365506354763295,0.7463449364523671,1.6797260922097017,60.0,9,0.25,679.7681833982128,13817.578135434554,831.1912576367293,False,True
-7.912848713926033,-116.99935138961027,16,16,16,16,7,5329.493704654845,0.34610311101037633,0.6538968889896237,2.0585861986441363,45.0,6,0.5,529.592306307031,13817.578135434554,831.1912576367293,False,True
-7.9514148934095354,105.49288456036356,62,62,62,62,24,20058.31585659219,0.38379285687435627,0.6162071431256437,2.2456618238068735,45.0,9,0.25,679.7681833982128,10762.73160517834,733.577930596959,False,True
-7.989984699111694,-32.0148794897147,30,30,30,30,10,9717.789085394857,0.2479160151054851,0.7520839848945149,1.6592774745502847,90.0,6,0.5,529.592306307031,10762.73160517834,733.577930596959,False,False
-8.028558149538751,-169.52264353974087,22,22,22,22,3,6913.120945384987,0.4342264717286579,0.5657735282713421,2.534983345917185,30.0,10,0.16666666666666663,529.592306307031,13817.578135434554,831.1912576367293,False,False
-8.067135263212306,52.96959241028507,32,32,32,32,8,10753.175629553578,0.20651006645837872,0.7934899335416212,1.5205108665629887,45.0,8,0.33333333333333337,529.592306307031,13817.578135434554,831.1912576367293,False,True
-8.10571605866935,-84.53817163979323,75,75,75,75,16,27959.702659230345,0.668317720609259,0.331682279390741,5.029866906588288,60.0,9,0.25,412.5936131601795,10762.73160517834,733.577930596959,False,False
-8.144300554462449,137.95406431018063,45,45,45,45,11,15338.72286745549,0.25641090126305494,0.7435890987369451,1.6896575049273652,45.0,8,0.33333333333333337,412.5936131601795,13817.578135434554,831.1912576367293,False,True
-8.182888769159778,0.44630026015446067,26,26,26,26,5,9068.533028247266,0.2470876182443001,0.7529123817557,1.6563515868024958,30.0,10,0.16666666666666663,412.5936131601795,13817.578135434554,831.1912576367293,False,True
-8.221480721345168,-137.0614637899238,14,14,14,14,4,4361.46256292355,0.40873922465559354,0.5912607753444065,2.3826022009239662,45.0,5,0.5833333333333333,529.592306307031,13817.578135434554,831.1912576367293,False,False
-8.260076429618277,85.43077216005001,26,26,26,26,6,9966.50352580054,0.24368777971169497,0.756312220288305,1.644410530928091,45.0,8,0.33333333333333337,529.592306307031,13817.578135434554,831.1912576367293,False,True
-8.298675912594636,-52.07699189002824,41,41,40,40,3,13678.63770068475,0.5982986306954197,0.40170136930458034,3.978822958613189,30.0,10,0.16666666666666663,529.592306307031,13817.578135434554,831.1912576367293,False,False
-8.337279188905692,170.41524405994556,21,21,21,21,4,7908.991174628826,0.4510248924818354,0.5489751075181646,2.643152435529736,60.0,8,0.33333333333333337,412.5936131601795,13817.578135434554,831.1912576367293,False,False
-8.37588627719898,32.90748000997152,73,73,72,67,9,22902.403538291815,0.5908300213687265,0.40916997863127347,3.8879441416749554,30.0,10,0.16666666666666663,529.592306307031,10762.73160517834,733.577930596959,False,False
-8.414497196138164,-104.60028404010674,35,35,35,35,9,11542.329849215761,0.404363747293305,0.595636252706695,2.357753983092171,45.0,9,0.25,529.592306307031,13817.578135434554,831.1912576367293,False,False
-8.453111964403096,117.89195190986707,66,66,66,66,25,17689.26951457021,0.603594469839623,0.39640553016037705,4.04533829079237,30.0,9,0.25,529.592306307031,10762.73160517834,733.577930596959,False,False
-8.491730600689966,-19.615812140159107,46,46,46,46,13,16199.488954311528,0.22159722084127262,0.7784027791587274,1.56936389944745,60.0,8,0.33333333333333337,529.592306307031,13817.578135434554,831.1912576367293,False,True
-8.530353123711368,-157.12357619023737,21,21,21,21,2,6833.825437345899,0.5423693446858674,0.4576306553141326,3.3703365951897055,45.0,6,0.5,529.592306307031,13817.578135434554,831.1912576367293,False,False
-8.568979552196337,65.36865975973647,29,29,29,29,7,10301.126262482918,0.6535413087197278,0.3464586912802722,4.772693975750415,60.0,8,0.33333333333333337,529.592306307031,10762.73160517834,733.577930596959,False,False
-8.607609904890522,-72.13910429023758,88,88,88,88,12,29250.146249123703,0.6064600900841651,0.3935399099158349,4.0820766829664965,30.0,11,0.08333333333333337,529.592306307031,10762.73160517834,733.577930596959,False,False
-8.646244200556229,150.35313165968415,42,42,42,42,6,15797.50163480393,0.20943384312428273,0.7905661568757173,1.5298325543100808,30.0,10,0.16666666666666663,412.5936131601795,13817.578135434554,831.1912576367293,False,True
-8.684882457972476,12.845367609657973,47,47,47,47,10,15818.376070688499,0.33052295349320426,0.6694770465067957,1.9874063800030495,30.0,9,0.25,529.592306307031,13817.578135434554,831.1912576367293,False,True
-8.723524695935158,-124.66239644042031,10,10,10,10,3,2904.0299809511057,0.5071299427784725,0.49287005722152755,3.0578646860283323,90.0,5,0.5,529.592306307031,13817.578135434554,831.1912576367293,False,False
-8.762170933257101,97.82983950955354,81,81,81,81,32,26288.162625826786,0.6217296491023533,0.3782703508976467,4.287223794447386,45.0,10,0.16666666666666663,679.7681833982128,10762.73160517834,733.577930596959,False,False
-8.800821188768104,-39.677924540472645,46,46,46,46,12,15244.180274550827,0.39662023613010594,0.6033797638698941,2.3146620416511965,30.0,9,0.25,529.592306307031,13817.578135434554,831.1912576367293,False,True
-8.83947548131511,-177.1856885905509,39,39,39,39,7,12987.965175344536,0.13610273410414078,0.8638972658958592,1.3150900910955023,45.0,8,0.33333333333333337,529.592306307031,13817.578135434554,831.1912576367293,False,True
-8.878133829762268,45.30654735942292,37,37,37,37,8,12046.112569804696,0.393172386551428,0.606827613448572,2.2958289235291995,75.0,7,0.41666666666666663,412.5936131601795,13817.578135434554,831.1912576367293,False,False
-8.916796252990958,-92.20121669055112,36,36,36,36,6,13685.387707041838,0.39546068748197577,0.6045393125180243,2.308304288218428,60.0,6,0.5,412.5936131601795,10762.73160517834,733.577930596959,False,True
-8.955462769899988,130.2910192593706,37,37,37,37,14,11644.592010609997,0.38322478470093896,0.6167752152990611,2.242672452443218,45.0,8,0.33333333333333337,679.7681833982128,13817.578135434554,831.1912576367293,False,True
-8.994133399405627,-7.216744790655582,32,32,32,32,10,10708.761416401272,0.618433557173207,0.381566442826793,4.241551078714418,45.0,8,0.33333333333333337,529.592306307031,13817.578135434554,831.1912576367293,False,False
-9.03280816044166,-144.72450884068175,27,27,27,27,9,9496.728090476843,0.5734434748695589,0.42655652513044107,3.688710363505516,75.0,7,0.41666666666666663,412.5936131601795,13817.578135434554,831.1912576367293,False,False
-9.071487071959563,77.76772710923998,40,40,40,40,9,13103.55477443469,0.06767585418808975,0.9323241458119103,1.1451766630567195,45.0,9,0.25,529.592306307031,13817.578135434554,831.1912576367293,False,True
-9.110170152928546,-59.74003694078618,45,45,44,44,8,13869.593466023294,0.25800300220983163,0.7419969977901684,1.695428695744651,30.0,11,0.08333333333333337,529.592306307031,10762.73160517834,733.577930596959,False,True
-9.148857422335613,162.75219900913555,22,22,22,22,4,5975.146882568201,0.2703543513718853,0.7296456486281147,1.7410565714472708,45.0,8,0.33333333333333337,529.592306307031,13817.578135434554,831.1912576367293,False,True
-9.187548899185726,25.244434959109377,32,32,32,32,11,11349.795706873758,0.513846312492427,0.48615368750757304,3.1139253931275492,45.0,9,0.25,529.592306307031,10762.73160517834,733.577930596959,False,False
-9.226244602501863,-112.26332909086469,18,18,18,18,3,6223.5406146255245,0.25270225869125396,0.747297741308746,1.6763094405951109,45.0,6,0.5,412.5936131601795,17739.498905368782,941.7934727255436,False,True
-9.264944551325062,110.22890685905705,60,60,60,60,18,19884.803234036328,0.4755397016954361,0.5244602983045639,2.8134440423144533,30.0,10,0.16666666666666663,529.592306307031,10762.73160517834,733.577930596959,False,False
-9.3036487647146,-27.27885719096912,31,31,31,31,9,9565.852923350314,0.2556282382275341,0.7443717617724659,1.6868294885846908,60.0,8,0.33333333333333337,529.592306307031,13817.578135434554,831.1912576367293,False,True
-9.342357261748043,-164.7866212409953,27,27,27,27,4,8751.021965200052,0.38330392358087617,0.6166960764191238,2.243088575515347,30.0,10,0.16666666666666663,529.592306307031,13817.578135434554,831.1912576367293,False,True
-9.3810700615213,57.70561470892644,29,29,29,29,9,10400.40987715697,0.5778512931879727,0.4221487068120273,3.7376670062631554,60.0,7,0.41666666666666663,679.7681833982128,10762.73160517834,733.577930596959,False,False
-9.41978718314879,-79.80214934109972,82,82,82,82,11,31255.09695864696,0.8092426270056194,0.19075737299438056,9.484522661459158,90.0,7,0.41666666666666663,529.592306307031,8383.263005261933,647.4281043197744,False,False
-9.458508645763505,142.6900866089262,31,31,31,31,10,10569.576269905692,0.25618315448627177,0.7438168455137282,1.6888339677473563,30.0,11,0.08333333333333337,529.592306307031,13817.578135434554,831.1912576367293,False,True
-9.497234468517052,5.18232255884794,40,40,40,40,12,13998.268871167385,0.25735709977782584,0.7426429002221742,1.6930843873975854,30.0,9,0.25,529.592306307031,13817.578135434554,831.1912576367293,False,True
-9.535964670579832,-132.32544149117822,9,9,9,6,3,2626.4057664837155,0.470901191430782,0.529098808569218,2.7800122918597636,75.0,5,0.4444444444444444,529.592306307031,13817.578135434554,831.1912576367293,False,False
-9.5746992711411,90.1667944587435,32,32,32,32,13,9828.479473635773,0.27062839207115025,0.7293716079288497,1.7420864457272653,45.0,8,0.33333333333333337,529.592306307031,13817.578135434554,831.1912576367293,False,True
-9.613438289409002,-47.34096959128266,38,38,38,38,4,12833.759634494381,0.6115269903384908,0.3884730096615092,4.148362821248955,30.0,9,0.25,529.592306307031,10762.73160517834,733.577930596959,False,False
-9.652181744610772,175.15126635869117,21,21,21,21,7,7254.410823543034,0.2877654695671432,0.7122345304328568,1.8080637971659566,45.0,8,0.33333333333333337,529.592306307031,13817.578135434554,831.1912576367293,False,True
-9.690929655992749,37.64350230861289,57,57,57,57,18,20252.93411186307,0.5794423836733984,0.4205576163266016,3.755590963894983,45.0,9,0.25,529.592306307031,10762.73160517834,733.577930596959,False,False
-9.729682042820516,-99.86426174141326,40,40,40,40,15,14013.76199148806,0.4357514637768013,0.5642485362231987,2.5445373299273637,45.0,8,0.33333333333333337,529.592306307031,13817.578135434554,831.1912576367293,False,False
-9.768438924378932,122.62797420861267,60,60,60,57,17,15813.58040782204,0.6706195790858899,0.32938042091411013,5.072006327666707,45.0,8,0.33333333333333337,529.592306307031,13817.578135434554,831.1912576367293,False,False
-9.807200319972315,-14.879789841465595,30,30,30,30,8,9302.682057544556,0.22538896310128,0.77461103689872,1.5819410061691372,60.0,7,0.41666666666666663,529.592306307031,13817.578135434554,831.1912576367293,False,True
-9.84596624892449,-152.38755389149176,23,23,23,23,8,7494.453670696571,0.5654274539273457,0.4345725460726543,3.6022235368398743,60.0,8,0.33333333333333337,529.592306307031,13817.578135434554,831.1912576367293,False,False
-9.88473673057885,70.10468205848206,31,31,31,31,8,10274.562798635552,0.5520494573198707,0.44795054268012935,3.464778607106525,60.0,7,0.41666666666666663,529.592306307031,13817.578135434554,831.1912576367293,False,False
-9.92351178429852,-67.4030819915962,68,68,68,65,10,22453.06552665045,0.36314864627404947,0.6368513537259506,2.140450260957816,30.0,10,0.16666666666666663,529.592306307031,10762.73160517834,733.577930596959,False,True
-9.962291429466434,155.0891539583776,31,31,31,31,6,9259.893269281434,0.12471928408345023,0.8752807159165498,1.284981222173621,30.0,10,0.16666666666666663,529.592306307031,13817.578135434554,831.1912576367293,False,True
-10.001075685485374,17.581389908299343,35,35,35,35,12,11945.647943281598,0.21565646376083433,0.7843435362391656,1.54990308148616,30.0,10,0.16666666666666663,529.592306307031,13817.578135434554,831.1912576367293,False,True
-10.039864571778153,-119.92637414167473,16,16,16,16,4,5812.117810084229,0.3581691899716171,0.6418308100283829,2.11608599766589,45.0,6,0.5,529.592306307031,13817.578135434554,831.1912576367293,False,True
-10.078658107787668,102.56586180829912,56,56,56,56,27,19552.041749596618,0.1989182709337089,0.801081729066291,1.4966241613463338,45.0,9,0.25,679.7681833982128,10762.73160517834,733.577930596959,False,True
-10.117456312976964,-34.94190224177913,32,32,32,32,10,9099.013352806222,0.1921131523959313,0.8078868476040687,1.4755942071978936,30.0,11,0.08333333333333337,529.592306307031,13817.578135434554,831.1912576367293,False,True
-10.156259206829404,-172.44966629180533,25,25,25,25,5,8495.518916470159,0.30989578007879054,0.6901042199212095,1.8981129839031325,30.0,10,0.16666666666666663,529.592306307031,13817.578135434554,831.1912576367293,False,True
-10.195066808848734,50.04256965816851,33,33,33,33,11,10337.566950368135,0.44031076063435726,0.5596892393656427,2.5734115636506063,45.0,8,0.33333333333333337,529.592306307031,13817.578135434554,831.1912576367293,False,False
-10.233879138559134,-87.46519439190979,51,51,51,51,9,19345.85737343581,0.6378259277857219,0.3621740722142781,4.522206456614354,45.0,8,0.33333333333333337,529.592306307031,10762.73160517834,733.577930596959,False,False
-10.272696215505398,135.02704155806407,40,40,40,40,12,14010.76651854546,0.4120119816569116,0.5879880183430883,2.401429855043422,75.0,7,0.41666666666666663,529.592306307031,13817.578135434554,831.1912576367293,False,False
-10.311518059252995,-2.480722491910001,28,28,28,28,11,8573.331579730471,0.4771841094297407,0.5228158905702593,2.8254384307609857,60.0,7,0.41666666666666663,529.592306307031,13817.578135434554,831.1912576367293,False,False
-10.350344689388123,-139.98848654198827,15,15,15,15,2,4792.876073999902,0.4476170971193028,0.5523829028806972,2.6206768702831424,75.0,5,0.5833333333333333,529.592306307031,13817.578135434554,831.1912576367293,False,False
-10.389176125517896,82.50374940798557,35,35,35,35,10,11466.353346719341,0.13312252606546895,0.8668774739345311,1.3071311230669322,60.0,7,0.41666666666666663,529.592306307031,13817.578135434554,831.1912576367293,False,True
-10.428012387270387,-55.00401464209273,42,42,42,42,5,14846.575054728002,0.5475180397161067,0.4524819602838933,3.4200657165319317,45.0,9,0.25,529.592306307031,13817.578135434554,831.1912576367293,False,False
-10.466853494294712,167.48822130788113,22,22,22,22,5,7084.5020609358335,0.18404861782841062,0.8159513821715894,1.4511264319170096,45.0,9,0.25,679.7681833982128,13817.578135434554,831.1912576367293,False,True
-10.505699466261186,29.980457257854965,49,49,48,48,7,15045.680935528622,0.6926762532502042,0.3073237467497958,5.507795187165533,45.0,9,0.25,529.592306307031,10762.73160517834,733.577930596959,False,False
-10.544550322861394,-107.5273067922233,23,23,23,23,4,6798.907621755571,0.31392055661396323,0.6860794433860368,1.915114305319098,45.0,9,0.25,412.5936131601795,13817.578135434554,831.1912576367293,False,True
-10.583406083808253,114.96492915775052,35,35,35,35,13,11731.337941369957,0.6322383165971649,0.3677616834028351,4.43830445166105,30.0,9,0.25,679.7681833982128,8383.263005261933,647.4281043197744,False,False
-10.62226676883619,-22.54283489222354,46,46,46,46,17,14131.379307416373,0.24406037043818354,0.7559396295618165,1.6457139191912828,75.0,6,0.5,529.592306307031,13817.578135434554,831.1912576367293,False,False
-10.661132397701193,-160.0505989423018,23,23,23,23,5,8035.499382743023,0.46603234747482275,0.5339676525251773,2.745545241442687,45.0,8,0.33333333333333337,529.592306307031,13817.578135434554,831.1912576367293,False,False
-10.700002990180892,62.44163700767203,30,30,30,30,11,10363.663328953202,0.6017274885167835,0.3982725114832165,4.021687267724681,60.0,7,0.41666666666666663,529.592306307031,10762.73160517834,733.577930596959,False,False
-10.738878566074725,-75.06612704235414,119,119,119,119,19,42102.84489276995,0.5035572282263643,0.4964427717736357,3.0286617385013415,15.0,12,0.0,529.592306307031,10762.73160517834,733.577930596959,False,False
-10.777759145204001,147.4261089075676,73,73,73,73,22,21067.5368091327,0.3063882417972943,0.6936117582027057,1.8834574621145719,15.0,12,0.0,529.592306307031,13817.578135434554,831.1912576367293,False,True
-10.81664474741197,9.918344857541419,35,35,35,35,10,12783.7135372562,0.11980716748704708,0.8801928325129529,1.2722293639792484,45.0,9,0.25,529.592306307031,13817.578135434554,831.1912576367293,False,True
-10.855535392563999,-127.58941919253687,5,5,5,5,1,2062.4324379468144,0.6825475041493788,0.3174524958506212,5.300155223668834,120.0,3,0.4,679.7681833982128,17739.498905368782,941.7934727255436,False,False
-10.894431100547628,94.90281675748909,94,94,94,94,38,28070.15891768226,0.3706856720758966,0.6293143279241034,2.178062076859633,45.0,10,0.16666666666666663,679.7681833982128,10762.73160517834,733.577930596959,False,True
-10.93333189127265,-42.60494729253708,49,49,49,49,10,16300.325081494324,0.4507788991214397,0.5492211008785604,2.641520685932686,30.0,11,0.08333333333333337,529.592306307031,13817.578135434554,831.1912576367293,False,False
-10.972237784671277,179.88728865738463,29,29,29,29,9,8778.689421619221,0.4674012868895249,0.532598713110475,2.755172423004235,30.0,10,0.16666666666666663,529.592306307031,13817.578135434554,831.1912576367293,False,False
-11.011148800698214,42.379524607358476,39,39,39,39,8,13197.330155557578,0.512228405466404,0.487771594533596,3.1002797670339683,45.0,8,0.33333333333333337,412.5936131601795,13817.578135434554,831.1912576367293,False,False
-11.050064959330715,-95.12823944266768,29,29,29,29,9,9384.47774791665,0.2685481793742481,0.7314518206257519,1.7342880878866556,45.0,9,0.25,529.592306307031,13817.578135434554,831.1912576367293,False,True
-11.088986280568777,127.36399650725403,41,41,41,40,15,14410.382899501034,0.3164579160482195,0.6835420839517805,1.92593542805345,45.0,8,0.33333333333333337,529.592306307031,13817.578135434554,831.1912576367293,False,True
-11.127912784435189,-10.143767542772139,23,23,23,23,10,7706.796344286831,0.3054161350678598,0.6945838649321402,1.8794219114136737,45.0,8,0.33333333333333337,529.592306307031,13817.578135434554,831.1912576367293,False,True
-11.166844490975613,-147.65153159274618,30,30,30,30,11,10095.883322981628,0.518626788661225,0.481373211338775,3.154780434161851,45.0,8,0.33333333333333337,529.592306307031,13817.578135434554,831.1912576367293,False,False
-11.205781420258754,74.84070435717554,16,16,16,16,7,5540.373988753683,0.3437176006543755,0.6562823993456245,2.0474685927798593,45.0,7,0.41666666666666663,529.592306307031,13817.578135434554,831.1912576367293,False,True
-11.244723592376435,-62.667059692850614,65,65,61,60,15,20063.36876912026,0.5411972654326443,0.45880273456735565,3.359171925786299,30.0,11,0.08333333333333337,529.592306307031,10762.73160517834,733.577930596959,False,False
-11.283671027443663,159.8251762570711,25,25,25,25,3,8690.007120063214,0.42783564733125085,0.5721643526687492,2.4954991352945872,30.0,8,0.33333333333333337,412.5936131601795,13817.578135434554,831.1912576367293,False,False
-11.322623745598802,22.31741220704493,31,31,31,31,10,10564.957772100423,0.3368336527108222,0.6631663472891778,2.015834576310139,30.0,10,0.16666666666666663,529.592306307031,10762.73160517834,733.577930596959,False,True
-11.361581767003656,-115.19035184298124,34,34,32,23,6,8943.864635292928,0.1431282697662812,0.8568717302337188,1.3340716345659853,45.0,9,0.25,412.5936131601795,10762.73160517834,733.577930596959,False,True
-11.400545111843522,107.30188410694049,60,60,60,60,22,21364.396477208706,0.5624627400312673,0.4375372599687327,3.571039275930292,30.0,10,0.16666666666666663,529.592306307031,13817.578135434554,831.1912576367293,False,False
-11.439513800327381,-30.20587994303355,32,32,32,32,11,10072.30950047944,0.3158577261234738,0.6841422738765262,1.9233685395107738,75.0,8,0.33333333333333337,529.592306307031,13817.578135434554,831.1912576367293,False,False
-11.47848785268797,-167.71364399305972,23,23,23,23,4,7664.235996279869,0.5102481280217444,0.48975187197825565,3.0837005725397155,30.0,7,0.41666666666666663,529.592306307031,10762.73160517834,733.577930596959,False,False
-11.517467289181836,54.778591956861995,37,37,37,37,10,12605.759199222164,0.5233830863942118,0.4766169136057882,3.196242187188112,45.0,7,0.41666666666666663,529.592306307031,13817.578135434554,831.1912576367293,False,False
-11.556452130089541,-82.72917209316415,76,76,76,76,16,26117.81825605972,0.6441572743897541,0.3558427256102459,4.62046054635552,60.0,9,0.25,412.5936131601795,10762.73160517834,733.577930596959,False,False
-11.595442395715713,139.76306385680965,33,33,33,33,14,10160.706206874078,0.2370711068758013,0.7629288931241986,1.6214762843886898,45.0,8,0.33333333333333337,529.592306307031,10762.73160517834,733.577930596959,False,True
-11.634438106389128,2.255299806731384,43,43,43,43,12,14636.109848480364,0.4016042786590906,0.5983957213409095,2.3422698870879604,30.0,9,0.25,529.592306307031,13817.578135434554,831.1912576367293,False,False
-11.673439282462885,-135.25246424329478,9,9,9,9,3,2676.9896655631624,0.34854133200285886,0.6514586679971411,2.070033600364616,60.0,4,0.5555555555555556,529.592306307031,17739.498905368782,941.7934727255436,False,False
-11.712445944314487,87.23977170662694,23,23,23,23,5,7386.754906201012,0.18314790241198647,0.8168520975880136,1.4484236569944113,45.0,8,0.33333333333333337,529.592306307031,13817.578135434554,831.1912576367293,False,True
-11.751458112345903,-50.26799234334709,47,47,46,46,6,15487.392159380342,0.5460169683806559,0.45398303161934406,3.4054509986112453,45.0,9,0.25,529.592306307031,10762.73160517834,733.577930596959,False,False
-11.790475806983753,172.22424360662671,13,13,13,13,4,3964.2930439354536,0.4069855640529555,0.5930144359470445,2.3725991793201433,75.0,7,0.41666666666666663,529.592306307031,13817.578135434554,831.1912576367293,False,False
-11.829499048679398,34.71647955654844,76,76,70,70,16,24839.377179756215,0.5257228281129551,0.4742771718870449,3.2169434215912993,30.0,11,0.08333333333333337,529.592306307031,10762.73160517834,733.577930596959,False,False
-11.868527857908981,-102.79128449347775,44,44,44,44,13,14540.798490825407,0.5028334146412469,0.49716658535875313,3.0227965010094335,45.0,8,0.33333333333333337,529.592306307031,13817.578135434554,831.1912576367293,False,False
-11.907562255173637,119.70095145649611,83,83,83,83,31,30940.35747207184,0.8095722155273042,0.19042778447269582,9.50266905923472,45.0,9,0.25,679.7681833982128,10762.73160517834,733.577930596959,False,False
-11.946602260999564,-17.80681259358215,42,42,42,42,11,14481.255945434297,0.06945864019535433,0.9305413598046457,1.1492865189999426,75.0,6,0.5,529.592306307031,13817.578135434554,831.1912576367293,False,False
-11.985647895938076,-155.31457664355622,23,23,23,23,4,8431.555087318618,0.5247638645998757,0.4752361354001243,3.2084341888608767,45.0,7,0.41666666666666663,529.592306307031,13817.578135434554,831.1912576367293,False,False
-12.02469918056582,67.17765930641761,26,26,26,26,5,9569.235464639327,0.4143294536687408,0.5856705463312593,2.414889160003594,60.0,6,0.5,529.592306307031,13817.578135434554,831.1912576367293,False,False
-12.063756135484825,-70.33010474366068,96,96,95,92,8,33616.04591506055,0.46328990727768565,0.5367100927223143,2.7264065407370115,15.0,12,0.0,529.592306307031,10762.73160517834,733.577930596959,False,False
-12.102818781322588,152.16213120631318,40,40,40,40,8,15012.684674535058,0.5005839115029544,0.49941608849704555,3.0046767536441346,45.0,9,0.25,529.592306307031,13817.578135434554,831.1912576367293,False,False
-12.141887138732258,14.654367156234898,46,46,46,46,11,16379.460585502136,0.369330704429377,0.630669295570623,2.171234138155435,30.0,10,0.16666666666666663,529.592306307031,13817.578135434554,831.1912576367293,False,True
-12.180961228392718,-122.85339689379126,14,14,14,14,2,3918.4742835182356,0.4841491303195136,0.5158508696804864,2.877089518602116,45.0,6,0.5,529.592306307031,13817.578135434554,831.1912576367293,False,False
-12.220041071008648,99.63883905618256,79,79,79,79,31,24992.51892486057,0.34300333280899864,0.6569966671910014,2.0441554727378275,30.0,11,0.08333333333333337,529.592306307031,10762.73160517834,733.577930596959,False,True
-12.259126687310719,-37.86892499389569,29,29,29,29,6,9884.100386913738,0.373976392926309,0.626023607073691,2.1947677010917808,30.0,11,0.08333333333333337,529.592306307031,13817.578135434554,831.1912576367293,False,True
-12.298218098055678,-175.37668904386976,30,30,30,30,10,10837.242577776356,0.44194590924736327,0.5580540907526368,2.5838819805131052,45.0,9,0.25,529.592306307031,13817.578135434554,831.1912576367293,False,False
-12.337315324026408,47.115546906104065,42,42,42,42,10,15564.837294359393,0.2810581607610351,0.7189418392389648,1.7818661967386653,30.0,9,0.25,529.592306307031,13817.578135434554,831.1912576367293,False,True
-12.376418386032132,-90.39221714397422,34,34,34,34,7,11719.627161049233,0.42546179527323486,0.5745382047267651,2.481056583436686,30.0,9,0.25,412.5936131601795,13817.578135434554,831.1912576367293,False,False
-12.415527304908483,132.10001880599964,44,44,43,42,13,16561.41076027831,0.1231184330384872,0.8768815669615128,1.2808097186148082,30.0,9,0.25,529.592306307031,13817.578135434554,831.1912576367293,False,True
-12.454642101517578,-5.407745244026557,42,42,42,42,16,15770.110239677253,0.6173314860332225,0.3826685139667775,4.22645560583967,30.0,11,0.08333333333333337,679.7681833982128,10762.73160517834,733.577930596959,False,False
-12.49376279674822,-142.91550929410482,18,18,18,18,5,6662.815110911503,0.29501724326347195,0.7049827567365281,1.8369488202212247,45.0,7,0.41666666666666663,412.5936131601795,13817.578135434554,831.1912576367293,False,True
-12.532889411515965,79.57672665586902,40,40,40,40,8,14599.893301796876,0.2618296989131371,0.7381703010868629,1.7094018779341997,45.0,9,0.25,529.592306307031,13817.578135434554,831.1912576367293,False,True
-12.572021966763206,-57.931037394209284,56,56,55,55,9,17072.52015644303,0.4418139552318602,0.5581860447681398,2.5830347582959785,45.0,10,0.16666666666666663,529.592306307031,13817.578135434554,831.1912576367293,False,False
-12.611160483459363,164.56119855581667,26,26,26,26,5,9740.001506883362,0.1107579951292453,0.8892420048707547,1.249106530106713,45.0,7,0.41666666666666663,529.592306307031,13817.578135434554,831.1912576367293,False,True
-12.650304982600966,27.05343450579052,52,52,50,50,10,17639.78607597616,0.6370926863122289,0.36290731368777107,4.511049032538123,45.0,9,0.25,529.592306307031,10762.73160517834,733.577930596959,False,False
-12.689455485211726,-110.45432954428776,21,21,21,21,1,6369.498260212873,0.23189703612260593,0.7681029638773941,1.6038175792265834,45.0,6,0.5,412.5936131601795,13817.578135434554,831.1912576367293,False,True
-12.728612012342735,112.03790640568607,43,43,43,43,12,15983.388338827943,0.7421714282992021,0.25782857170079787,6.75709219039129,45.0,8,0.33333333333333337,529.592306307031,10762.73160517834,733.577930596959,False,False
-12.767774585072546,-25.469857644340095,37,37,37,37,15,14123.508681696967,0.30698826585523425,0.6930117341447657,1.8859540199101632,60.0,8,0.33333333333333337,529.592306307031,13817.578135434554,831.1912576367293,False,True
-12.806943224507254,-162.97762169441836,24,24,24,24,6,8234.535346105362,0.6176729251681391,0.3823270748318609,4.231123118548578,30.0,8,0.33333333333333337,529.592306307031,13817.578135434554,831.1912576367293,False,False
-12.84611795178068,59.51461425560758,32,32,32,32,8,10801.513693535526,0.40735995951996395,0.592640040480036,2.3747297910887157,60.0,7,0.41666666666666663,529.592306307031,10762.73160517834,733.577930596959,False,False
-12.885298788054472,-77.99314979441857,138,138,134,132,26,38785.69936110577,0.6086208437951426,0.3913791562048574,4.110134171154355,15.0,12,0.0,529.592306307031,10762.73160517834,733.577930596959,False,False
-12.924485754518162,144.49908615550314,36,36,32,32,11,11495.697450641335,0.1302006320316148,0.8697993679683852,1.2993808384472114,45.0,10,0.16666666666666663,412.5936131601795,13817.578135434554,831.1912576367293,False,True
-12.963678872389387,6.991322105476973,31,31,31,31,12,10379.853339223624,0.13756637275431313,0.8624336272456868,1.3190190373110853,45.0,8,0.33333333333333337,529.592306307031,13817.578135434554,831.1912576367293,False,True
-13.00287816291395,-130.5164419446013,7,7,7,7,2,2003.9456961887686,0.41341612285213486,0.5865838771478651,2.4095720627790853,90.0,4,0.4285714285714286,529.592306307031,17739.498905368782,941.7934727255436,False,False
-13.042083647365912,91.97579400537253,51,51,51,51,21,17703.034255273473,0.4627229819155826,0.5372770180844174,2.722474501386096,45.0,9,0.25,679.7681833982128,13817.578135434554,831.1912576367293,False,False
-13.081295347047798,-45.53197004465363,45,45,45,45,9,15027.412598330318,0.4568613759070644,0.5431386240929357,2.682301186626313,30.0,10,0.16666666666666663,529.592306307031,13817.578135434554,831.1912576367293,False,False
-13.120513283290656,176.9602659052681,22,22,22,22,9,6889.008271174336,0.5548536757051058,0.4451463242948942,3.492904671667172,75.0,6,0.5,529.592306307031,13817.578135434554,831.1912576367293,False,False
-13.159737477454165,39.45250185529403,64,64,57,57,11,16746.45965348788,0.2735833933427313,0.7264166066572687,1.7532410212967804,30.0,11,0.08333333333333337,529.592306307031,10762.73160517834,733.577930596959,False,True
-13.198967950926821,-98.05526219473211,37,37,37,37,18,12193.359992286136,0.46156371806149327,0.5384362819385067,2.7144599409228043,30.0,10,0.16666666666666663,679.7681833982128,13817.578135434554,831.1912576367293,False,False
-13.238204725126025,124.43697375518958,41,41,41,41,12,13977.198899476865,0.3763128127123373,0.6236871872876627,2.206735749531346,30.0,10,0.16666666666666663,529.592306307031,13817.578135434554,831.1912576367293,False,True
-13.27744782149816,-13.07079029483657,31,31,31,31,12,12836.80741003843,0.5198756342404742,0.4801243657595258,3.165587382419405,60.0,8,0.33333333333333337,529.592306307031,10762.73160517834,733.577930596959,False,False
-13.31669726151881,-150.57855434486274,25,25,25,25,12,8409.098850461554,0.47636535645674133,0.5236346435432586,2.819456990978817,45.0,7,0.41666666666666663,679.7681833982128,13817.578135434554,831.1912576367293,False,False
-13.355953066692821,71.91368160505898,25,25,25,25,6,7942.391260592291,0.46365031154216757,0.5363496884578325,2.7289105280374164,60.0,7,0.41666666666666663,529.592306307031,10762.73160517834,733.577930596959,False,False
-13.395215258554401,-65.59408244491505,68,68,65,64,13,23296.99401536505,0.6405068711203661,0.3594931288796339,4.563388669577725,45.0,10,0.16666666666666663,412.5936131601795,10762.73160517834,733.577930596959,False,False
-13.434483858667324,156.89815350500666,26,26,26,26,4,8793.38691739658,0.3928322569140365,0.6071677430859634,2.2939826312822387,45.0,8,0.33333333333333337,412.5936131601795,13817.578135434554,831.1912576367293,False,True
-13.473758888625005,19.390389454980486,38,38,38,38,12,12905.848262904343,0.223136424815594,0.776863575184406,1.5744545939423857,30.0,11,0.08333333333333337,529.592306307031,13817.578135434554,831.1912576367293,False,True
-13.513040370050595,-118.11737459504567,39,39,37,20,6,10496.13974299854,0.16317980515100086,0.8368201948489992,1.389999682501558,15.0,12,0.0,412.5936131601795,10762.73160517834,733.577930596959,False,True
-13.55232832459718,104.37486135487605,45,45,45,45,20,13716.802866090537,0.5241599471601225,0.4758400528398775,3.2030930100644754,30.0,9,0.25,529.592306307031,13817.578135434554,831.1912576367293,False,False
-13.591622773947877,-33.13290269515011,34,34,34,34,12,11291.52003015502,0.3754310840533985,0.6245689159466015,2.202208673751854,45.0,9,0.25,529.592306307031,13817.578135434554,831.1912576367293,False,True
-13.630923739815906,-170.64066674517628,21,21,21,21,2,6907.678026873917,0.23391727800039777,0.7660827219996023,1.610684124006439,45.0,5,0.5833333333333333,529.592306307031,13817.578135434554,831.1912576367293,False,True
-13.670231243944807,51.85156920474544,41,41,41,41,9,14720.547708365371,0.421258180377002,0.578741819622998,2.455772387941195,30.0,8,0.33333333333333337,529.592306307031,13817.578135434554,831.1912576367293,False,False
-13.709545308108526,-85.65619484522864,49,49,49,49,10,16244.642658605611,0.6977883939441994,0.30221160605580055,5.617879525218229,60.0,8,0.33333333333333337,529.592306307031,10762.73160517834,733.577930596959,False,False
-13.748865954111501,136.83604110474522,46,46,46,46,18,17405.811905541465,0.0851405412338508,0.9148594587661492,1.186128132398998,30.0,9,0.25,529.592306307031,10762.73160517834,733.577930596959,False,True
-13.788193203788873,-0.6717229453330447,43,43,43,43,15,14424.464197511697,0.5665370781576492,0.4334629218423508,3.614004795379924,30.0,11,0.08333333333333337,529.592306307031,13817.578135434554,831.1912576367293,False,False
-13.82752707900657,-138.17948699535924,11,11,11,11,1,3517.7398461585904,0.2403285802229761,0.7596714197770239,1.6327171826301337,45.0,6,0.4545454545454546,529.592306307031,17739.498905368782,941.7934727255436,False,True
-13.8668676016614,84.3127489545625,36,36,36,36,7,11890.938375962918,0.08528246420354757,0.9147175357964524,1.1864673210387102,45.0,8,0.33333333333333337,529.592306307031,13817.578135434554,831.1912576367293,False,True
-13.906214793681256,-53.195015095463646,46,46,46,46,4,15810.393169060255,0.3896209079043965,0.6103790920956035,2.276652208275084,15.0,12,0.0,529.592306307031,10762.73160517834,733.577930596959,False,True
-13.945568677025214,169.29722085451016,20,20,20,20,8,5524.172454811723,0.19652597883068518,0.8034740211693148,1.489190623847866,60.0,8,0.33333333333333337,679.7681833982128,13817.578135434554,831.1912576367293,False,True
-13.984929273683612,31.78945680443189,71,71,68,68,15,21949.203335300208,0.5051777016479174,0.4948222983520826,3.0418550389920647,30.0,10,0.16666666666666663,529.592306307031,10762.73160517834,733.577930596959,False,False
-14.024296605678275,-105.71830724554218,35,35,35,35,6,11273.774610799577,0.3092800713945246,0.6907199286054754,1.8955296020456327,30.0,8,0.33333333333333337,412.5936131601795,13817.578135434554,831.1912576367293,False,True
-14.06367069506259,116.77392870443167,45,45,45,45,18,15171.102405956368,0.677426538319447,0.322573461680553,5.200138069574414,45.0,7,0.41666666666666663,679.7681833982128,8383.263005261933,647.4281043197744,False,False
-14.103051563921614,-20.733835345646582,32,32,32,32,11,11659.423277731381,0.17951153442339157,0.8204884655766085,1.437572353432751,75.0,7,0.41666666666666663,529.592306307031,13817.578135434554,831.1912576367293,False,False
-14.142439234372269,-158.24159939567278,23,23,23,23,5,7590.7969471402,0.5169831276795226,0.4830168723204774,3.1406421071622894,30.0,7,0.41666666666666663,529.592306307031,13817.578135434554,831.1912576367293,False,False
-14.181833728563452,64.25063655430105,28,28,28,28,7,8951.422776781033,0.4181447642482728,0.5818552357517273,2.4372810917755205,60.0,7,0.41666666666666663,529.592306307031,10762.73160517834,733.577930596959,False,False
-14.221235068676116,-73.25712749577724,144,144,136,127,8,41809.95013603891,0.6056152317005028,0.3943847682994972,4.071189763802422,15.0,12,0.0,412.5936131601795,8383.263005261933,647.4281043197744,False,False
-14.260643276923481,149.23510845424872,35,35,35,35,8,13581.414338645884,0.5154407898113555,0.48455921018864445,3.127462563803869,45.0,8,0.33333333333333337,529.592306307031,13817.578135434554,831.1912576367293,False,False
-14.30005837555115,11.727344404170452,33,33,33,33,9,10660.108734252948,0.38464287855340157,0.6153571214465985,2.2501452088477416,30.0,9,0.25,529.592306307031,13817.578135434554,831.1912576367293,False,True
-14.339480386837167,-125.78041964585572,11,11,11,11,3,3474.1500462273943,0.1267415040849949,0.8732584959150052,1.2902725932307004,45.0,5,0.5454545454545454,529.592306307031,17739.498905368782,941.7934727255436,False,True
-14.378909333092267,96.71181630411812,90,90,90,90,32,23887.262658022268,0.44503188848821973,0.5549681115117803,2.60381066679999,30.0,11,0.08333333333333337,529.592306307031,10762.73160517834,733.577930596959,False,False
-14.418345236659952,-40.79594774596018,41,41,41,41,9,13312.586147637427,0.2443829335446685,0.7556170664553314,1.64684334008254,30.0,11,0.08333333333333337,529.592306307031,13817.578135434554,831.1912576367293,False,True
-14.457788119916588,-178.30371179598632,27,27,27,27,12,8892.92724343007,0.6304285140471207,0.36957148595287925,4.411672913139738,75.0,7,0.41666666666666663,679.7681833982128,13817.578135434554,831.1912576367293,False,False
-14.497238005271628,44.18852415398751,48,48,48,48,9,16928.039143896112,0.3603928794923438,0.6396071205076562,2.1269195352493884,45.0,9,0.25,412.5936131601795,13817.578135434554,831.1912576367293,False,True
-14.536694915167692,-93.31923989609078,22,22,22,22,5,8528.726363842226,0.3029002374368637,0.6970997625631363,1.8690298109502796,45.0,7,0.41666666666666663,529.592306307031,13817.578135434554,831.1912576367293,False,True
-14.576158872080724,129.17299605393518,44,44,43,43,12,12623.678036850908,0.2327555991474696,0.7672444008525304,1.6067313072310236,30.0,9,0.25,529.592306307031,13817.578135434554,831.1912576367293,False,True
-14.615629898520089,-8.334767996090989,50,50,50,50,18,17558.950795551886,0.47513751522785064,0.5248624847721494,2.810521913884224,15.0,12,0.0,529.592306307031,10762.73160517834,733.577930596959,False,False
-14.65510801702878,-145.84253204616925,26,26,26,26,6,7699.428416489219,0.4010435345312542,0.5989564654687458,2.3391408479659566,45.0,9,0.25,412.5936131601795,13817.578135434554,831.1912576367293,False,False
-14.694593250183527,76.64970390380458,28,28,28,28,8,9817.215071009829,0.5482010934144119,0.4517989065855881,3.4267482077695623,45.0,8,0.33333333333333337,529.592306307031,13817.578135434554,831.1912576367293,False,False
-14.734085620594891,-60.858060146273715,53,53,53,53,7,16817.273453689806,0.2748800573212106,0.7251199426787893,1.7581643839658563,30.0,11,0.08333333333333337,529.592306307031,8383.263005261933,647.4281043197744,False,True
-14.773585150907468,161.63417580370012,24,24,24,24,4,9289.673241924218,0.29398703253343994,0.7060129674665601,1.8328091581331032,45.0,8,0.33333333333333337,412.5936131601795,13817.578135434554,831.1912576367293,False,True
-14.813091863800027,24.126411753726074,88,88,84,83,23,19439.365486968294,0.0698449122420294,0.9301550877579706,1.1501790683323194,15.0,12,0.0,529.592306307031,10762.73160517834,733.577930596959,False,True
-14.85260578198557,-113.38135229635219,26,26,26,24,3,9348.25258178128,0.1724393867867227,0.8275606132132773,1.416741406087875,45.0,6,0.5,412.5936131601795,13817.578135434554,831.1912576367293,False,True
-14.892126928211573,109.11088365362163,47,47,47,47,17,16280.534317714018,0.648443678725992,0.35155632127400804,4.688988873111946,30.0,9,0.25,529.592306307031,13817.578135434554,831.1912576367293,False,False
-14.931655325260088,-28.396880396404526,30,30,30,30,10,10538.738145324432,0.3355488803102661,0.6644511196897339,2.010003205252934,60.0,9,0.25,529.592306307031,13817.578135434554,831.1912576367293,False,True
-14.971190995947845,-165.90464444648282,30,30,30,30,7,10590.008374650059,0.4360302056810271,0.5639697943189729,2.5462892164555004,45.0,9,0.25,529.592306307031,13817.578135434554,831.1912576367293,False,False
-15.010733963126462,56.587591503491026,24,24,24,24,9,8276.583268644468,0.5630773346978853,0.43692266530211465,3.5774691011213156,60.0,8,0.33333333333333337,529.592306307031,10762.73160517834,733.577930596959,False,False
-15.050284249682566,-80.92017254653513,62,62,62,62,18,21205.108364865337,0.7961256521288731,0.2038743478711269,8.809963935552306,30.0,9,0.25,529.592306307031,10762.73160517834,733.577930596959,False,False
-15.089841878537882,141.57206340338658,36,36,32,32,11,12062.081379998664,0.14951064335827638,0.8504893566417236,1.3515873354338965,30.0,11,0.08333333333333337,412.5936131601795,10762.73160517834,733.577930596959,False,True
-15.129406872649467,4.064299353412528,32,32,32,32,8,11085.55164778301,0.11915314452291556,0.8808468554770844,1.2705422487053775,30.0,10,0.16666666666666663,529.592306307031,13817.578135434554,831.1912576367293,False,True
-15.168979255009804,-133.44346469666576,11,11,11,11,1,3624.6233147194657,0.38506604707096437,0.6149339529290356,2.252381805352685,90.0,4,0.6363636363636364,529.592306307031,17739.498905368782,941.7934727255436,False,False
-15.208559048646922,89.04877125330809,39,39,39,39,19,13520.864615524162,0.18505148799732632,0.8149485120026737,1.4541427716521045,60.0,6,0.5,679.7681833982128,13817.578135434554,831.1912576367293,False,True
-15.248146276624603,-48.458992796718064,44,44,41,41,8,14831.595087975682,0.5324082704136923,0.4675917295863077,3.2772356169974595,45.0,9,0.25,529.592306307031,13817.578135434554,831.1912576367293,False,False
-15.287740962042506,174.03324315320364,18,18,18,18,3,5993.58146785929,0.5075628225331138,0.4924371774668862,3.061431775496864,75.0,7,0.41666666666666663,529.592306307031,13817.578135434554,831.1912576367293,False,False
-15.32734312803626,36.525479103177474,61,61,52,52,16,20551.91125423326,0.3367017911810578,0.6632982088189422,2.0152350381906907,45.0,10,0.16666666666666663,529.592306307031,10762.73160517834,733.577930596959,False,True
-15.366952797777701,-100.9822849467966,41,41,41,41,16,13588.66195346421,0.3988688419392767,0.6011311580607233,2.3270609469854997,30.0,9,0.25,529.592306307031,13817.578135434554,831.1912576367293,False,True
-15.406569994474967,121.50995100307304,70,70,70,70,23,24281.78278473984,0.8248578047945948,0.1751421952054052,10.419292750410134,60.0,9,0.25,529.592306307031,10762.73160517834,733.577930596959,False,False
-15.44619474137263,-15.997813046901001,29,29,29,29,6,9264.419871412245,0.0790744470196985,0.9209255529803015,1.1717282070495223,75.0,8,0.33333333333333337,529.592306307031,13817.578135434554,831.1912576367293,False,False
-15.485827061751882,-153.5055770969272,18,18,18,18,9,6656.968932171047,0.5796832438547831,0.4203167561452169,3.758316128869752,45.0,6,0.5,679.7681833982128,13817.578135434554,831.1912576367293,False,False
-15.525466978930705,68.98665885299454,29,29,29,29,11,10720.189177176402,0.3526752237325157,0.6473247762674843,2.089639193994901,60.0,6,0.5,529.592306307031,13817.578135434554,831.1912576367293,False,True
-15.565114516263916,-68.5211051970316,93,93,87,85,7,32428.753082059433,0.6752755956735647,0.32472440432643535,5.159068962336019,30.0,11,0.08333333333333337,529.592306307031,10762.73160517834,733.577930596959,False,False
-15.604769697143448,153.9711307528901,42,42,42,42,10,15683.859203909404,0.5282728372964757,0.4717271627035243,3.2397388959706346,45.0,9,0.25,529.592306307031,13817.578135434554,831.1912576367293,False,False
-15.644432544998436,16.46336670286393,47,47,47,47,11,14946.01587336489,0.46226242860928196,0.537737571390718,2.7192863329737618,30.0,9,0.25,412.5936131601795,10762.73160517834,733.577930596959,False,False
-15.684103083295328,-121.04439734711013,21,21,21,21,2,7373.65418840547,0.25963895325018876,0.7403610467498112,1.7013846943731172,45.0,6,0.5,529.592306307031,13817.578135434554,831.1912576367293,False,True
-15.723781335538128,101.4478386028116,57,57,57,57,21,21022.08427205145,0.5485515770736044,0.45144842292639564,3.4301849301754697,60.0,8,0.33333333333333337,529.592306307031,10762.73160517834,733.577930596959,False,False
-15.763467325268499,-36.059925447214596,29,29,29,29,9,10453.422530715201,0.4632787615881843,0.5367212384118156,2.726329157232715,30.0,10,0.16666666666666663,529.592306307031,13817.578135434554,831.1912576367293,False,False
-15.803161076065884,-173.56768949724074,19,19,19,19,4,7072.709564878084,0.4050378137659872,0.5949621862340129,2.3615581734018845,60.0,6,0.5,529.592306307031,13817.578135434554,831.1912576367293,False,False
-15.842862611547732,48.92454645268099,43,43,43,43,8,14368.59028994892,0.3624063227069706,0.6375936772930294,2.1367939664822417,30.0,10,0.16666666666666663,529.592306307031,13817.578135434554,831.1912576367293,False,True
-15.88257195536962,-88.5832175973452,24,24,24,24,2,8827.246352601293,0.7433850540188603,0.25661494598113965,6.793778309962481,60.0,7,0.41666666666666663,412.5936131601795,13817.578135434554,831.1912576367293,False,False
-15.922289131225355,133.90901835262866,46,46,45,45,18,15192.933265537424,0.16526123624953631,0.8347387637504637,1.3959591753161695,30.0,9,0.25,529.592306307031,10762.73160517834,733.577930596959,False,True
-15.962014162847229,-3.5987456974496013,112,112,112,112,50,24320.188593881452,0.3257102518806177,0.6742897481193824,1.9660839506726444,15.0,12,0.0,679.7681833982128,10762.73160517834,733.577930596959,False,True
-16.00174707400611,-141.10650974742367,12,12,12,12,2,3880.208314235298,0.16965694491060132,0.8303430550893987,1.4086430153675105,60.0,6,0.5,529.592306307031,13817.578135434554,831.1912576367293,False,True
-16.04148788851159,81.38572620249805,32,32,32,32,10,10743.09202070619,0.4153628862091744,0.5846371137908256,2.420925481504019,45.0,9,0.25,529.592306307031,13817.578135434554,831.1912576367293,False,False
-16.081236630212185,-56.122037847528134,82,82,80,79,4,21566.91723477721,0.26617766768724527,0.7338223323127547,1.7254553478860344,15.0,12,0.0,529.592306307031,13817.578135434554,831.1912576367293,False,True
-16.12099332299548,166.37019810244573,25,25,25,25,6,9132.74989215133,0.3386350022287879,0.6613649977712122,2.024048757856801,60.0,6,0.5,679.7681833982128,13817.578135434554,831.1912576367293,False,True
-16.160757990788245,28.862434052367444,74,74,68,67,14,20602.276159730223,0.29768604221670786,0.7023139577832922,1.8477292496258846,30.0,11,0.08333333333333337,412.5936131601795,10762.73160517834,733.577930596959,False,True
-16.200530657556655,-108.64532999765873,27,27,27,27,1,9123.993365872395,0.4244627900189615,0.5755372099810385,2.475014239419709,45.0,7,0.41666666666666663,412.5936131601795,13817.578135434554,831.1912576367293,False,False
-16.240311347306434,113.84690595236722,48,48,48,48,20,16279.736926423828,0.6610386146131486,0.3389613853868514,4.900377111444216,45.0,8,0.33333333333333337,679.7681833982128,10762.73160517834,733.577930596959,False,False
-16.280100084082957,-23.66085809771107,33,33,33,33,16,10758.091420079867,0.14572021192469092,0.854279788075309,1.3411533644100335,60.0,9,0.25,679.7681833982128,13817.578135434554,831.1912576367293,False,True
-16.319896891971492,-161.1686221477372,22,22,22,22,1,6235.348213561475,0.4696401267508765,0.5303598732491235,2.771024357004002,45.0,7,0.41666666666666663,529.592306307031,13817.578135434554,831.1912576367293,False,False
-16.359701795097337,61.323613802236615,24,24,24,24,4,8242.077486578763,0.31238166849611415,0.6876183315038858,1.9085902867449915,60.0,8,0.33333333333333337,529.592306307031,13817.578135434554,831.1912576367293,False,True
-16.39951481762592,-76.18415024784167,85,85,85,85,10,30611.919671694333,0.650573437024229,0.349426562975771,4.723663315598244,30.0,9,0.25,529.592306307031,8383.263005261933,647.4281043197744,False,False
-16.439335983763055,146.30808570213216,25,25,23,23,9,8127.017791928795,0.16189822524554673,0.8381017747544532,1.3863450242495423,30.0,10,0.16666666666666663,679.7681833982128,13817.578135434554,831.1912576367293,False,True
-16.47916531775507,8.800321652106007,25,25,25,25,11,9458.442508178046,0.2543160494851929,0.7456839505148072,1.6821014434053931,30.0,9,0.25,529.592306307031,13817.578135434554,831.1912576367293,False,True
-16.519002843888906,-128.70744239797227,12,12,12,12,3,3999.3442552454953,0.20148580874074648,0.7985141912592535,1.5046517919061757,45.0,5,0.5833333333333333,529.592306307031,17739.498905368782,941.7934727255436,False,True
-16.55884858649239,93.78479355205367,51,51,51,51,16,16624.347984199234,0.5740902304262482,0.4259097695737518,3.69583029758061,60.0,7,0.41666666666666663,529.592306307031,13817.578135434554,831.1912576367293,False,False
-16.598702569934346,-43.72297049802461,37,37,36,36,6,11989.792963611022,0.5795418563133546,0.42045814368664536,3.756716048983318,45.0,8,0.33333333333333337,529.592306307031,13817.578135434554,831.1912576367293,False,False
-16.63856481862472,178.76926545194922,26,26,25,21,9,7763.400972594661,0.4926311944563453,0.5073688055436547,2.941905726460586,45.0,8,0.33333333333333337,529.592306307031,10762.73160517834,733.577930596959,False,False
-16.678435357014823,41.26150140192307,49,49,46,46,10,16545.809170631823,0.36625298345133767,0.6337470165486623,2.1558333968842125,15.0,12,0.0,529.592306307031,10762.73160517834,733.577930596959,False,True
-16.718314209597477,-96.24626264815521,27,27,27,27,11,9027.00870416378,0.4162865620386449,0.5837134379613551,2.426338799026262,30.0,9,0.25,679.7681833982128,13817.578135434554,831.1912576367293,False,False
-16.758201400907108,126.24597330181862,49,49,49,49,15,17442.85954244638,0.29035539454558734,0.7096446054544127,1.8183121306464711,45.0,10,0.16666666666666663,529.592306307031,13817.578135434554,831.1912576367293,False,True
-16.79809695552003,-11.26179074815542,28,28,28,28,10,9340.799295947358,0.3102235443554835,0.6897764556445165,1.8994900936872812,75.0,7,0.41666666666666663,529.592306307031,10762.73160517834,733.577930596959,False,False
-16.838000898054553,-148.7695547982337,23,23,23,23,8,8061.368541321126,0.628801154927303,0.37119884507269696,4.387947798189708,45.0,6,0.5,529.592306307031,13817.578135434554,831.1912576367293,False,False
-16.877913253171116,73.72268115174013,23,23,23,23,8,7340.045756147178,0.3552280608993158,0.6447719391006842,2.1018719623399904,60.0,7,0.41666666666666663,529.592306307031,10762.73160517834,733.577930596959,False,True
-16.91783404557254,-63.78508289828602,77,77,77,76,12,26997.765888386784,0.5133799034211456,0.4866200965788544,3.109982333366106,30.0,11,0.08333333333333337,529.592306307031,10762.73160517834,733.577930596959,False,False
-16.95776330000415,158.7071530516357,33,33,33,33,3,12401.641816312518,0.4709869152892693,0.5290130847107307,2.7806248234741084,45.0,7,0.41666666666666663,412.5936131601795,13817.578135434554,831.1912576367293,False,False
-16.99770104125392,21.199389001609518,42,42,40,40,11,12809.07967316516,0.22332375040899552,0.7766762495910045,1.575075523492825,30.0,10,0.16666666666666663,412.5936131601795,10762.73160517834,733.577930596959,False,True
-17.037647294152713,-116.30837504846875,27,27,27,21,6,8092.7612915371565,0.2473927397846351,0.7526072602153648,1.6574285231153407,45.0,9,0.25,412.5936131601795,13817.578135434554,831.1912576367293,False,True
-17.07760208357442,106.18386090150507,46,46,46,46,16,14174.861826003125,0.6032392373618318,0.3967607626381682,4.040821039614569,60.0,8,0.33333333333333337,529.592306307031,13817.578135434554,831.1912576367293,False,False
-17.117565434436095,-31.323903148468958,22,22,22,22,6,7258.975992311656,0.418732329679858,0.581267670320142,2.440755614187986,45.0,9,0.25,412.5936131601795,13817.578135434554,831.1912576367293,False,False
-17.157537371698197,-168.83166719854725,28,28,28,28,5,9810.660018399501,0.5405057678814305,0.45949423211856955,3.3526117635442105,60.0,7,0.41666666666666663,529.592306307031,13817.578135434554,831.1912576367293,False,False
-17.19751792036474,53.66056875142658,28,28,28,28,10,7447.924997738678,0.4348283290017265,0.5651716709982735,2.5387477869642012,30.0,8,0.33333333333333337,529.592306307031,10762.73160517834,733.577930596959,False,False
-17.237507105483413,-83.84719529859962,40,40,40,40,10,15035.691781503408,0.6422480255578874,0.3577519744421126,4.590465302445501,30.0,8,0.33333333333333337,529.592306307031,10762.73160517834,733.577930596959,False,False
-17.277504952145854,138.64504065132215,46,46,46,46,15,16702.431674221574,0.260217603088122,0.739782396911878,1.7034976884401831,30.0,10,0.16666666666666663,529.592306307031,13817.578135434554,831.1912576367293,False,True
-17.31751148548777,1.1372766012959719,30,30,30,30,8,10406.440254688745,0.03254768623999791,0.9674523137600021,1.0672853551065509,30.0,9,0.25,529.592306307031,13817.578135434554,831.1912576367293,False,True
-17.35752673068908,-136.3704874487302,9,9,9,9,1,2724.052872907969,0.6350548992923015,0.3649451007076985,4.480276337787839,105.0,5,0.4444444444444444,529.592306307031,17739.498905368782,941.7934727255436,False,False
-17.39755071297418,86.12174850119153,30,30,30,30,10,10636.605597708065,0.018746606206567585,0.9812533937934325,1.0382095110705194,45.0,7,0.41666666666666663,529.592306307031,13817.578135434554,831.1912576367293,False,True
-17.437583457612067,-51.38601554878255,53,53,50,49,7,17318.1269795369,0.5355223861850741,0.4644776138149259,3.3059125790224044,30.0,11,0.08333333333333337,529.592306307031,13817.578135434554,831.1912576367293,False,False
-17.477624989916492,171.1062204011392,19,19,19,19,4,6578.354356697278,0.15631029782015804,0.843689702179842,1.370539778822235,60.0,9,0.25,529.592306307031,13817.578135434554,831.1912576367293,False,True
-17.51767533524622,33.59845635111303,61,61,59,59,16,21537.526263957036,0.5622713633302875,0.4377286366697125,3.569040799377942,30.0,11,0.08333333333333337,529.592306307031,10762.73160517834,733.577930596959,False,False
-17.55773451900515,-103.90930769891315,35,35,35,35,10,11923.722350978143,0.4328346987003898,0.5671653012996102,2.5263088122936526,30.0,9,0.25,529.592306307031,13817.578135434554,831.1912576367293,False,False
-17.59780256664249,118.5829282510086,75,75,75,75,28,24304.88449167567,0.8487183293170193,0.1512816706829807,12.220372243185448,120.0,5,0.5833333333333333,529.592306307031,8383.263005261933,647.4281043197744,False,False
-17.637879503652986,-18.924835799017558,35,35,35,35,9,11305.194253110149,0.2921959078455069,0.707804092154493,1.8256406287680211,75.0,7,0.41666666666666663,529.592306307031,13817.578135434554,831.1912576367293,False,False
-17.677965355577097,-156.43259984899163,24,24,24,24,11,7612.802599509474,0.6520161703972682,0.3479838296027318,4.747393498954411,60.0,6,0.5,679.7681833982128,13817.578135434554,831.1912576367293,False,False
-17.718060148001104,66.05963610093009,30,30,30,30,7,10997.794644324473,0.34291694876215506,0.6570830512378449,2.0437552699499753,60.0,8,0.33333333333333337,529.592306307031,13817.578135434554,831.1912576367293,False,True
-17.758163906557407,-71.44812794909609,113,113,106,99,10,40359.79427298412,0.8055640388697859,0.1944359611302141,9.286163055303316,30.0,11,0.08333333333333337,412.5936131601795,6529.857028264046,571.395529745554,False,False
-17.798276656924646,151.04410800087777,28,28,28,28,7,9806.009926714269,0.5053593139400382,0.4946406860599618,3.043339046633851,45.0,8,0.33333333333333337,529.592306307031,13817.578135434554,831.1912576367293,False,False
-17.838398424827858,13.536343950799484,44,44,44,44,10,14180.212506439857,0.443277882212483,0.556722117787517,2.592456516633916,30.0,10,0.16666666666666663,529.592306307031,13817.578135434554,831.1912576367293,False,False
-17.87852923603875,-123.97142009922669,19,19,19,19,2,6185.703483089724,0.32711657159757185,0.6728834284024281,1.972283036823237,45.0,5,0.5833333333333333,529.592306307031,17739.498905368782,941.7934727255436,False,True
-17.918669116375828,98.52081585069504,50,50,50,50,21,18081.08459556066,0.5175626418406813,0.48243735815931865,3.1456159357781868,60.0,7,0.41666666666666663,679.7681833982128,10762.73160517834,733.577930596959,False,False
-17.95881809170456,-38.98694819933115,35,35,35,35,8,11767.865473084858,0.3976738670028584,0.6023261329971417,2.320460279629758,45.0,9,0.25,529.592306307031,13817.578135434554,831.1912576367293,False,True
-17.998976187937643,-176.49471224930517,40,40,39,26,8,11703.73467759717,0.452991073356883,0.5470089266431171,2.656247462493153,30.0,10,0.16666666666666663,412.5936131601795,10762.73160517834,733.577930596959,False,False
-18.03914343103514,45.99752370061655,48,48,45,45,9,15140.682286874671,0.30644857964815114,0.6935514203518489,1.883708318246065,45.0,9,0.25,529.592306307031,13817.578135434554,831.1912576367293,False,True
-18.07931984700465,-91.51024034940963,20,20,20,20,3,6137.553567139641,0.6450942830375788,0.35490571696242124,4.635299473667728,45.0,8,0.33333333333333337,529.592306307031,13817.578135434554,831.1912576367293,False,False
-18.11950546190157,130.9819956005642,51,51,50,50,16,18946.561450453002,0.1694484917806869,0.8305515082193131,1.408038490337538,30.0,10,0.16666666666666663,529.592306307031,13817.578135434554,831.1912576367293,False,True
-18.15970030182924,-6.525768449514089,50,50,50,50,20,13665.422041976992,0.19465109424078772,0.8053489057592123,1.4833956881267203,45.0,10,0.16666666666666663,529.592306307031,10762.73160517834,733.577930596959,False,True
-18.199904392939104,-144.03353249954023,11,11,11,11,2,3629.1296073297035,0.6296464676372997,0.3703535323627003,4.400245509313327,60.0,5,0.5454545454545454,412.5936131601795,13817.578135434554,831.1912576367293,False,False
-18.240117761430977,78.45870345048571,35,35,35,35,9,11612.834712636817,0.36841207166787976,0.6315879283321202,2.166621637752869,30.0,9,0.25,529.592306307031,13817.578135434554,831.1912576367293,False,True
-18.28034043355321,-59.049060599592565,66,66,64,62,9,21794.12574981058,0.39744691213674177,0.6025530878632582,2.319209610380214,30.0,10,0.16666666666666663,529.592306307031,13817.578135434554,831.1912576367293,False,True
-18.32057243560284,163.44317535038127,31,31,31,31,4,11274.96557806254,0.3597027644924437,0.6402972355075562,2.1235493284843296,45.0,9,0.25,412.5936131601795,13817.578135434554,831.1912576367293,False,True
-18.360813793925857,25.935411300303,47,47,41,41,15,16171.620795110957,0.3096234268679023,0.6903765731320977,1.8969696797885365,30.0,11,0.08333333333333337,529.592306307031,10762.73160517834,733.577930596959,False,True
-18.40106453491737,-111.57235274972317,28,28,28,28,3,9301.993802538345,0.3551441562937978,0.6448558437062022,2.1014683661782936,45.0,7,0.41666666666666663,412.5936131601795,13817.578135434554,831.1912576367293,False,True
-18.441324685021772,110.91988320025067,43,43,43,43,10,14196.051643179242,0.773536729350087,0.226463270649913,7.831454187958705,60.0,7,0.41666666666666663,529.592306307031,10762.73160517834,733.577930596959,False,False
-18.481594270732995,-26.587880849827627,28,28,28,28,13,9079.140437525602,0.5217887760391368,0.47821122396086324,3.182252318200879,60.0,7,0.41666666666666663,529.592306307031,13817.578135434554,831.1912576367293,False,False
-18.521873318594686,-164.09564489985377,24,24,24,24,4,7769.535446990103,0.5514884758382863,0.4485115241617137,3.459194228594419,45.0,8,0.33333333333333337,529.592306307031,13817.578135434554,831.1912576367293,False,False
-18.562161855200365,58.39659105017217,22,22,22,22,8,6897.573509753789,0.5384495447154644,0.46155045528453564,3.3332207283102866,60.0,9,0.25,679.7681833982128,13817.578135434554,831.1912576367293,False,False
-18.602459907193712,-79.1111729999061,69,69,69,69,17,27607.596445006417,0.6322530507588145,0.36774694924118545,4.438522342950308,30.0,10,0.16666666666666663,529.592306307031,10762.73160517834,733.577930596959,False,False
-18.642767501268708,143.38106295006773,44,44,35,35,18,14979.51718329234,0.3068857138711125,0.6931142861288875,1.8855270191734177,30.0,11,0.08333333333333337,529.592306307031,10762.73160517834,733.577930596959,False,True
-18.68308466416981,5.8732989000415605,29,29,29,29,13,8967.63216758065,0.07697167554286866,0.9230283244571313,1.166780744433035,30.0,9,0.25,679.7681833982128,13817.578135434554,831.1912576367293,False,True
-18.723411422692244,-131.6344651500367,9,9,9,9,2,3207.5702699004055,0.12372046851379391,0.8762795314862061,1.2823767167172306,60.0,5,0.4444444444444444,412.5936131601795,17739.498905368782,941.7934727255436,False,False
-18.763747803682154,90.85777079993711,51,51,51,51,20,17095.985391380655,0.43846671405305704,0.561533285946943,2.561676662902174,60.0,6,0.5,529.592306307031,13817.578135434554,831.1912576367293,False,False
-18.804093834036767,-46.649993250141165,42,42,42,39,8,12993.232380849604,0.47621576992325937,0.5237842300767406,2.8183661995837035,30.0,10,0.16666666666666663,529.592306307031,13817.578135434554,831.1912576367293,False,False
-18.84444954070469,175.84224269983267,17,17,17,17,6,6955.659397612873,0.1897644827463894,0.8102355172536106,1.468418080188878,60.0,7,0.41666666666666663,679.7681833982128,13817.578135434554,831.1912576367293,False,True
-18.884814950686067,38.334478649858625,48,48,47,47,13,15873.848339681892,0.5643827930738169,0.4356172069261831,3.5911868681966626,60.0,9,0.25,529.592306307031,10762.73160517834,733.577930596959,False,False
-18.925190091032746,-99.17328540021964,33,33,33,33,16,11351.044426925871,0.4960213587055812,0.5039786412944188,2.9684221435717983,45.0,9,0.25,679.7681833982128,13817.578135434554,831.1912576367293,False,False
-18.965574988848573,123.31895054975418,62,62,62,62,24,20276.584072873276,0.3926273959434682,0.6073726040565318,2.2928716024436424,45.0,8,0.33333333333333337,529.592306307031,13817.578135434554,831.1912576367293,False,True
-19.005969671289566,-14.188813500271976,28,28,28,28,13,9217.204000587957,0.27204891765066835,0.7279510823493316,1.747437360138759,75.0,7,0.41666666666666663,529.592306307031,10762.73160517834,733.577930596959,False,False
-19.046374165564064,-151.69657755035027,23,23,23,23,7,7933.112471648462,0.43856330201325133,0.5614366979867487,2.56228940354591,60.0,5,0.5833333333333333,529.592306307031,13817.578135434554,831.1912576367293,False,False
-19.086788498933036,70.79565839962358,26,26,26,26,9,9307.231432128718,0.20483540564600025,0.7951645943539998,1.515202530646905,60.0,8,0.33333333333333337,529.592306307031,13817.578135434554,831.1912576367293,False,True
-19.127212698710252,-66.71210565035051,133,133,119,112,8,41721.61429289018,0.49557883537750547,0.5044211646224945,2.964940688991087,15.0,12,0.0,412.5936131601795,8383.263005261933,647.4281043197744,False,False
-19.16764679226245,155.78013029957123,36,36,36,36,6,13473.959492630383,0.5875061031319659,0.41249389686803406,3.8485565851652934,45.0,7,0.41666666666666663,529.592306307031,13817.578135434554,831.1912576367293,False,False
-19.208090807009626,18.272366249545072,70,70,62,52,12,19205.758495494767,0.32225371888038945,0.6777462811196105,1.950956804508138,15.0,12,0.0,412.5936131601795,8383.263005261933,647.4281043197744,False,True
-19.24854477042522,-119.2353978005332,22,22,22,22,3,7485.402008309528,0.21609749167293713,0.7839025083270629,1.551337671145137,45.0,5,0.5833333333333333,412.5936131601795,13817.578135434554,831.1912576367293,False,True
-19.28900871003628,103.25683814944063,63,63,63,63,23,21591.928462581905,0.5110413368692912,0.4889586631307088,3.0903253195155242,60.0,7,0.41666666666666663,529.592306307031,13817.578135434554,831.1912576367293,False,False
-19.329482653423767,-34.250925900585514,18,18,18,18,6,6361.802969090292,0.6020245460546286,0.39797545394537137,4.025435564361547,45.0,6,0.5,529.592306307031,13817.578135434554,831.1912576367293,False,False
-19.36996662822272,-171.7586899506638,33,33,33,28,6,10549.533583680428,0.5097629497643598,0.49023705023564024,3.079659011979344,30.0,9,0.25,412.5936131601795,10762.73160517834,733.577930596959,False,False
-19.410460662122453,50.733545999310024,30,30,30,30,11,10918.652026725198,0.332658027174134,0.667341972825866,1.9969641974278654,60.0,8,0.33333333333333337,529.592306307031,13817.578135434554,831.1912576367293,False,True
-19.450964782866837,-86.77421805066405,28,28,28,28,7,10129.038848409144,0.48110773871715967,0.5188922612828404,2.854364671108151,30.0,9,0.25,412.5936131601795,13817.578135434554,831.1912576367293,False,False
-19.491479018254463,135.7180178992577,35,35,35,35,11,11602.427879805004,0.02604494517270156,0.9739550548272984,1.053482848194304,30.0,10,0.16666666666666663,529.592306307031,13817.578135434554,831.1912576367293,False,True
-19.53200339613892,-1.7897461507684511,31,31,31,31,8,11504.4955736196,0.2659949133511204,0.7340050866488796,1.724776757516838,30.0,8,0.33333333333333337,529.592306307031,13817.578135434554,831.1912576367293,False,True
-19.572537944428923,-139.29751020079465,5,5,5,5,1,1855.5455710276133,0.5518407560412358,0.44815924395876416,3.462699424278802,60.0,5,0.0,529.592306307031,17739.498905368782,941.7934727255436,False,False
-19.613082691088646,83.19472574912709,22,22,22,22,4,6411.86250855702,0.25224285705170757,0.7477571429482924,1.6746651889065278,45.0,9,0.25,529.592306307031,13817.578135434554,831.1912576367293,False,True
-19.653637664137886,-54.31303830089911,77,77,66,63,3,21694.385754280807,0.22743074240983924,0.7725692575901608,1.5887646710645806,30.0,11,0.08333333333333337,412.5936131601795,10762.73160517834,733.577930596959,False,True
-19.694202891652264,168.17919764902265,31,31,31,31,8,11930.276522579703,0.24148357455017944,0.7585164254498206,1.6367260258259355,45.0,7,0.41666666666666663,529.592306307031,13817.578135434554,831.1912576367293,False,True
-19.73477840176352,30.671433599048587,69,69,64,54,12,18036.34475171432,0.41178214845974787,0.5882178515402521,2.4001008210869283,30.0,11,0.08333333333333337,529.592306307031,10762.73160517834,733.577930596959,False,False
-19.775364222659697,-106.83633045097758,24,24,24,24,4,7636.412309015666,0.17129599108768379,0.8287040089123162,1.413406932379902,45.0,7,0.41666666666666663,412.5936131601795,13817.578135434554,831.1912576367293,False,True
-19.81596038258534,115.65590549894415,44,44,43,43,17,15152.252207001766,0.6235270905957574,0.3764729094042426,4.312467245425286,60.0,7,0.41666666666666663,679.7681833982128,10762.73160517834,733.577930596959,False,False
-19.856566909841796,-21.851858551082046,31,31,31,31,8,10430.577425362204,0.4499772237188305,0.5500227762811696,2.6362130556164596,75.0,8,0.33333333333333337,529.592306307031,13817.578135434554,831.1912576367293,False,False
-19.897183832787405,-159.35962260110819,24,24,24,24,10,8913.781270625592,0.6740088994670983,0.3259911005329017,5.135136808123213,60.0,6,0.5,529.592306307031,13817.578135434554,831.1912576367293,False,False
-19.937811179837688,63.132613348813535,27,27,27,27,8,9643.694173941427,0.5277078507288283,0.4722921492711717,3.2346670447229435,60.0,7,0.41666666666666663,529.592306307031,13817.578135434554,831.1912576367293,False,False
-19.978448979465664,-74.37515070121265,60,60,60,60,9,21958.024334175512,0.7053468840808728,0.29465311591912724,5.7876424580181105,30.0,10,0.16666666666666663,529.592306307031,10762.73160517834,733.577930596959,False,False
-20.019097260202045,148.1170852488133,27,27,26,26,9,8737.167214557716,0.37081699603537843,0.6291830039646216,2.1787254064358965,45.0,9,0.25,529.592306307031,13817.578135434554,831.1912576367293,False,True
-20.05975605063541,10.609321198735039,20,20,20,20,8,7596.141151660394,0.26178151978155856,0.7382184802184415,1.7092250513807143,30.0,9,0.25,529.592306307031,13817.578135434554,831.1912576367293,False,True
-20.10042537941255,-126.89844285129112,17,17,17,17,2,5458.712005475157,0.3742721755092507,0.6257278244907494,2.196277873095553,60.0,5,0.5833333333333333,412.5936131601795,17739.498905368782,941.7934727255436,False,True
-20.141105275238626,95.5937930986306,52,52,52,52,16,16053.515665435767,0.4498825251430131,0.5501174748569869,2.635587108953295,45.0,6,0.5,529.592306307031,13817.578135434554,831.1912576367293,False,False
-20.18179576687741,-41.913970951395584,28,28,28,28,6,9940.169700070577,0.4410864063298281,0.5589135936701719,2.578370650938662,45.0,9,0.25,529.592306307031,13817.578135434554,831.1912576367293,False,False
-20.222496883151557,-179.42173500142172,36,36,35,29,12,10774.74359431785,0.6528537591987883,0.3471462408012117,4.761260716475023,45.0,9,0.25,529.592306307031,10762.73160517834,733.577930596959,False,False
-20.26320865294284,43.07050094849999,44,44,44,44,13,15431.776813844064,0.44951703680777844,0.5504829631922216,2.6331732927793183,30.0,10,0.16666666666666663,529.592306307031,13817.578135434554,831.1912576367293,False,False
-20.303931105192333,-94.43726310147406,21,21,21,21,6,6674.034623794697,0.571677617378826,0.42832238262117395,3.6693800771296203,45.0,8,0.33333333333333337,529.592306307031,13817.578135434554,831.1912576367293,False,False
-20.344664268900722,128.05497284849977,53,53,52,52,11,18036.747437416907,0.28555065118634276,0.7144493488136572,1.7993586995649156,45.0,9,0.25,412.5936131601795,13817.578135434554,831.1912576367293,False,True
-20.385408173128532,-9.45279120157852,26,26,26,26,12,7600.6117384903855,0.22703821796521817,0.7729617820347818,1.5874500479636957,60.0,7,0.41666666666666663,679.7681833982128,10762.73160517834,733.577930596959,False,True
-20.426162846996306,-146.9605552516047,15,15,15,15,6,5520.325979993183,0.2795326081517381,0.7204673918482619,1.7759757382902088,45.0,7,0.41666666666666663,529.592306307031,13817.578135434554,831.1912576367293,False,True
-20.46692831968494,75.53168069836916,31,31,31,31,10,10779.787108946539,0.2467626407300033,0.7532373592699967,1.655205527694894,60.0,9,0.25,529.592306307031,13817.578135434554,831.1912576367293,False,True
-20.507704620435884,-61.97608335170912,90,90,81,77,13,29188.25562414399,0.24469385322264955,0.7553061467773504,1.6479329057937102,15.0,12,0.0,529.592306307031,10762.73160517834,733.577930596959,False,True
-20.548491778551366,160.5161525982647,35,35,35,35,3,12935.866346714407,0.4734352638808593,0.5265647361191407,2.7982034549831294,45.0,7,0.41666666666666663,529.592306307031,13817.578135434554,831.1912576367293,False,False
-20.58928982339468,23.008388548186442,42,42,40,40,11,14487.441758471428,0.32129351727458977,0.6787064827254102,1.9467819313715857,30.0,10,0.16666666666666663,529.592306307031,10762.73160517834,733.577930596959,False,True
-20.63009878439043,-114.49937550178763,26,26,26,26,6,9174.854043418945,0.3903762463173019,0.609623753682698,2.280712058738079,45.0,6,0.5,412.5936131601795,13817.578135434554,831.1912576367293,False,True
-20.67091869102472,107.99286044818622,45,45,45,45,12,17385.53086910313,0.6348913216135094,0.36510867838649064,4.4778210390355975,45.0,8,0.33333333333333337,529.592306307031,13817.578135434554,831.1912576367293,False,False
-20.711749572845502,-29.51490360189206,22,22,22,22,9,6663.745360049814,0.458931276823718,0.5410687231762821,2.696388119163918,45.0,7,0.41666666666666663,529.592306307031,13817.578135434554,831.1912576367293,False,False
-20.75259145946276,-167.02266765191823,25,25,25,25,5,8605.357216111313,0.5330214338599806,0.4669785661400194,3.2828518159446265,60.0,7,0.41666666666666663,529.592306307031,10762.73160517834,733.577930596959,False,False
-20.793444380548753,55.46956829805561,25,25,25,25,9,8988.834130059951,0.5442329661302805,0.4557670338697195,3.388206806049289,60.0,6,0.5,679.7681833982128,13817.578135434554,831.1912576367293,False,False
-20.834308365838318,-82.03819575202266,43,43,43,43,9,15270.513250449427,0.4952409745130066,0.5047590254869934,2.962286752714115,30.0,11,0.08333333333333337,529.592306307031,10762.73160517834,733.577930596959,False,False
-20.875183445129117,140.45404019795117,42,42,36,36,18,13978.810081162406,0.28286127181466236,0.7171387281853376,1.7888606784085423,30.0,11,0.08333333333333337,529.592306307031,13817.578135434554,831.1912576367293,False,True
-20.91606964828183,2.9462761479771156,33,33,33,33,9,12270.245354331844,0.3214123426949816,0.6785876573050185,1.947297933391411,30.0,10,0.16666666666666663,529.592306307031,13817.578135434554,831.1912576367293,False,True
-20.95696700522049,-134.56148790210116,13,13,13,13,3,4583.154126004271,0.135910596610469,0.864089403389531,1.314575311483598,60.0,6,0.5,412.5936131601795,17739.498905368782,941.7934727255436,False,True
-20.997875545932725,87.93074804787267,35,35,35,35,16,11777.380513050226,0.5614787975668822,0.43852120243311776,3.5607828969342377,45.0,7,0.41666666666666663,529.592306307031,13817.578135434554,831.1912576367293,False,False
-21.038795300469946,-49.577016002205596,62,62,53,47,8,19419.67826950005,0.37106962799311183,0.6289303720068882,2.180002253060368,30.0,11,0.08333333333333337,412.5936131601795,10762.73160517834,733.577930596959,False,True
-21.07972629894772,172.91521994776824,23,23,23,23,4,7893.636013190679,0.015403983422964458,0.9845960165770355,1.031289956822122,45.0,9,0.25,529.592306307031,13817.578135434554,831.1912576367293,False,True
-21.120668571545963,35.40745589774207,64,64,63,63,16,21874.775256250236,0.517605275705076,0.482394724294924,3.145982323756199,30.0,11,0.08333333333333337,529.592306307031,10762.73160517834,733.577930596959,False,False
-21.161622148509178,-102.1003081523362,36,36,36,36,15,12051.830381357297,0.5533463703141291,0.44665362968587086,3.477742633383701,45.0,8,0.33333333333333337,529.592306307031,10762.73160517834,733.577930596959,False,False
-21.20258706014679,120.39192779768973,126,126,125,125,49,34215.414561792524,0.49770025722253164,0.5022997427774684,2.981686291418332,30.0,11,0.08333333333333337,529.592306307031,10762.73160517834,733.577930596959,False,False
-21.243563336833393,-17.115836252336408,26,26,26,26,4,7296.310510802288,0.3777924361124768,0.6222075638875232,2.214361438334332,75.0,7,0.41666666666666663,412.5936131601795,13817.578135434554,831.1912576367293,False,False
-21.284551009008943,-154.6236003024147,19,19,19,19,7,6061.922932113908,0.640164985469285,0.359835014530715,4.558102794994351,60.0,5,0.5833333333333333,529.592306307031,13817.578135434554,831.1912576367293,False,False
-21.325550107179136,67.86863564755913,26,26,26,26,6,8651.538764093228,0.21669093474546103,0.7833090652545389,1.5532705910279403,60.0,7,0.41666666666666663,529.592306307031,13817.578135434554,831.1912576367293,False,True
-21.366560661915614,-69.63912840246707,142,142,130,124,9,46294.35752751632,0.6758952636420654,0.3241047363579346,5.170844716663571,15.0,12,0.0,412.5936131601795,6529.857028264046,571.395529745554,False,False
-21.407582703856207,152.85310754745467,31,31,31,31,8,11258.127233626728,0.2768554291613279,0.7231445708386721,1.7656987007182887,45.0,8,0.33333333333333337,529.592306307031,13817.578135434554,831.1912576367293,False,True
-21.448616263705286,15.345343497428518,66,66,62,58,10,21030.582280947976,0.46420455658276566,0.5357954434172343,2.73276783998807,15.0,12,0.0,412.5936131601795,10762.73160517834,733.577930596959,False,False
-21.48966137223399,-122.16242055264976,23,23,23,23,0,7476.6210923275385,0.2756794924869875,0.7243205075130126,1.7612085799794501,45.0,5,0.5833333333333333,412.5936131601795,13817.578135434554,831.1912576367293,False,True
-21.530718060280453,100.32981539737618,47,47,47,47,18,16466.464314155153,0.4648772234440798,0.5351227765559202,2.7374600514523237,45.0,9,0.25,529.592306307031,13817.578135434554,831.1912576367293,False,False
-21.571786358750185,-37.17794865265,32,32,32,32,8,11324.106410213095,0.23400749463699827,0.7659925053630017,1.6109916037000986,45.0,8,0.33333333333333337,529.592306307031,13817.578135434554,831.1912576367293,False,True
-21.61286629861626,-174.68571270272827,31,31,30,26,5,9301.99081134404,0.6715986509230548,0.3284013490769452,5.090108964599276,60.0,8,0.33333333333333337,529.592306307031,10762.73160517834,733.577930596959,False,False
-21.653957910919623,47.80652324724558,37,37,37,37,15,12295.312391974081,0.16611154169412953,0.8338884583058704,1.3984023043839753,45.0,9,0.25,529.592306307031,13817.578135434554,831.1912576367293,False,True
-21.695061226769376,-89.7012408027806,23,23,23,23,6,7201.373034022905,0.45253045501000894,0.5474695449899911,2.653171246332185,45.0,8,0.33333333333333337,529.592306307031,13817.578135434554,831.1912576367293,False,False
-21.736176277343063,132.79099514714113,29,29,27,27,6,11291.515223883735,0.20033382137701874,0.7996661786229813,1.501043627284555,45.0,10,0.16666666666666663,529.592306307031,13817.578135434554,831.1912576367293,False,True
-21.777303093886907,-4.716768902832939,32,32,32,32,10,9675.09890189251,0.1480645989123414,0.8519354010876586,1.3475958358422684,45.0,7,0.41666666666666663,529.592306307031,13817.578135434554,831.1912576367293,False,True
-21.818441707716147,-142.22453295285908,6,6,6,6,3,2099.8092258925026,0.14375984933888858,0.8562401506611115,1.3357932917018434,45.0,6,0.0,529.592306307031,17739.498905368782,941.7934727255436,False,False
-21.85959215021532,80.26770299706264,30,30,30,30,6,9229.454517916041,0.28636960404443074,0.7136303959555692,1.8025712067966908,30.0,9,0.25,529.592306307031,13817.578135434554,831.1912576367293,False,True
-21.900754452838477,-57.24006105296354,78,78,67,65,6,25425.53172458747,0.2435392269007805,0.7564607730992194,1.6438912249289555,30.0,11,0.08333333333333337,412.5936131601795,10762.73160517834,733.577930596959,False,True
-21.941928647109552,165.2521748969582,38,38,38,38,5,14348.560856489048,0.32322668222675943,0.6767733177732406,1.9551992483694804,45.0,8,0.33333333333333337,412.5936131601795,13817.578135434554,831.1912576367293,False,True
-21.983114764622627,27.74441084693203,62,62,53,39,13,19155.48999594623,0.2366129736059639,0.7633870263940361,1.619903051597924,15.0,12,0.0,412.5936131601795,8383.263005261933,647.4281043197744,False,True
-22.024312837042164,-109.76335320309414,14,14,14,14,3,5038.763573184473,0.6523212824314205,0.3476787175685795,4.752437232818258,75.0,4,0.6666666666666667,412.5936131601795,13817.578135434554,831.1912576367293,False,False
-22.06552289610338,112.7288827468276,56,56,56,56,19,20125.44861293819,0.6315664281399079,0.36843357186009207,4.428386967839821,45.0,9,0.25,529.592306307031,10762.73160517834,733.577930596959,False,False
-22.106744973612514,-24.778881303146477,26,26,26,26,7,8638.76476472658,0.48145875516096753,0.5185412448390325,2.8569738085556673,60.0,8,0.33333333333333337,529.592306307031,13817.578135434554,831.1912576367293,False,False
-22.147979101447053,-162.28664535317264,29,29,29,29,12,9797.109414258339,0.5659763021631805,0.4340236978368195,3.608043316454907,60.0,8,0.33333333333333337,679.7681833982128,13817.578135434554,831.1912576367293,False,False
-22.18922531155612,60.20559059674909,23,23,23,23,6,7777.368806808285,0.5886010816140683,0.4113989183859317,3.8614614930120164,45.0,8,0.33333333333333337,529.592306307031,13817.578135434554,831.1912576367293,False,False
-22.23048363596074,-77.30217345327708,69,69,69,69,17,28190.5889920675,0.7048648204828789,0.2951351795171211,5.776555757508325,30.0,9,0.25,529.592306307031,10762.73160517834,733.577930596959,False,False
-22.27175410675408,145.19006249669675,45,45,33,33,15,15439.715365911461,0.4767559731320725,0.5232440268679275,2.8223083251838474,60.0,9,0.25,412.5936131601795,10762.73160517834,733.577930596959,False,False
-22.313036756101837,7.682298446618484,30,30,30,30,13,10925.234549526605,0.2975408068234828,0.7024591931765172,1.8471404736779218,45.0,8,0.33333333333333337,529.592306307031,13817.578135434554,831.1912576367293,False,True
-22.3543316162425,-129.82546560340768,20,20,20,20,3,6917.627437055043,0.40596782360750594,0.5940321763924941,2.3668209896403707,45.0,8,0.33333333333333337,412.5936131601795,17739.498905368782,941.7934727255436,False,False
-22.3956387194876,92.66677034651404,52,52,52,52,15,17267.77641287712,0.4098618806455892,0.5901381193544109,2.3890371328459947,45.0,7,0.41666666666666663,529.592306307031,13817.578135434554,831.1912576367293,False,False
-22.436958098222107,-44.840993703460015,38,38,38,38,4,12443.828644171668,0.37133930573135737,0.6286606942686426,2.181366384495719,30.0,10,0.16666666666666663,412.5936131601795,13817.578135434554,831.1912576367293,False,True
-22.478289784904685,177.65124224651382,25,25,25,25,8,8810.005111883385,0.24581942682270164,0.7541805731772984,1.6518848020364283,45.0,9,0.25,529.592306307031,13817.578135434554,831.1912576367293,False,True
-22.51963381206796,40.143478196435545,43,43,43,43,16,15392.78455453065,0.5608496392699058,0.43915036073009417,3.5542487923156196,60.0,8,0.33333333333333337,679.7681833982128,10762.73160517834,733.577930596959,False,False
-22.560990212318913,-97.36428585359062,24,24,24,24,16,7477.006077500338,0.7606959620825002,0.23930403791749977,7.357568962916963,90.0,5,0.5833333333333333,1119.9513720565353,13817.578135434554,831.1912576367293,False,False
-22.602359018339133,125.12795009638322,49,49,49,49,17,15405.261301645809,0.49032324356933416,0.5096767564306659,2.924055736828703,30.0,9,0.25,529.592306307031,13817.578135434554,831.1912576367293,False,False
-22.643740262885103,-12.379813953695077,19,19,19,19,9,6174.101998466979,0.4296793173787029,0.5703206826212971,2.506799000884271,75.0,5,0.5833333333333333,679.7681833982128,13817.578135434554,831.1912576367293,False,False
-22.685133978788592,-149.88757800366912,15,15,15,15,2,5484.95742151632,0.3864944532517851,0.6135055467482149,2.259954226332053,60.0,5,0.5833333333333333,529.592306307031,13817.578135434554,831.1912576367293,False,True
-22.72654019895691,72.60465794630471,20,20,20,20,5,6967.6230470001665,0.28024332306377187,0.7197566769362281,1.7787168415211574,60.0,8,0.33333333333333337,529.592306307031,10762.73160517834,733.577930596959,False,True
-22.767958956373203,-64.90310610377355,133,133,128,124,10,44525.21877342977,0.4567277373623692,0.5432722626376307,2.681395384129936,15.0,12,0.0,529.592306307031,8383.263005261933,647.4281043197744,False,False
-22.809390284096835,157.58912984620028,39,39,39,39,8,14382.599384530095,0.5245565531977542,0.4754434468022458,3.2065991517007335,45.0,8,0.33333333333333337,529.592306307031,13817.578135434554,831.1912576367293,False,False
-22.850834215263678,20.081365796121997,73,73,67,67,14,21152.091697066833,0.20779826698851053,0.7922017330114894,1.5246094733940625,15.0,12,0.0,529.592306307031,10762.73160517834,733.577930596959,False,True
-22.892290783086374,-117.42639825390418,26,26,26,26,6,8888.490238999788,0.37115605293589293,0.6288439470641071,2.1804392955317917,45.0,6,0.5,412.5936131601795,13817.578135434554,831.1912576367293,False,True
-22.933760020854745,105.06583769606966,48,48,48,48,16,15964.774620003544,0.5824379830925194,0.4175620169074806,3.7897076817768625,60.0,8,0.33333333333333337,529.592306307031,13817.578135434554,831.1912576367293,False,False
-22.97524196193609,-32.441926354008615,16,16,16,16,3,5244.263480516434,0.4261951478405372,0.5738048521594628,2.485505555544155,45.0,7,0.41666666666666663,412.5936131601795,13817.578135434554,831.1912576367293,False,False
-23.01673663977543,-169.94969040398266,27,27,27,27,7,9606.906393852614,0.5519045222296778,0.4480954777703222,3.463334488336722,75.0,6,0.5,529.592306307031,10762.73160517834,733.577930596959,False,False
-23.05824408789596,52.54254554599117,32,32,32,32,11,11522.20511361153,0.29971311982807397,0.700286880171926,1.8559723973537592,45.0,10,0.16666666666666663,529.592306307031,13817.578135434554,831.1912576367293,False,True
-23.099764339899302,-84.96521850408709,33,33,33,33,6,11455.734664110529,0.42615207384359577,0.5738479261564042,2.4852439275957114,15.0,12,0.0,529.592306307031,10762.73160517834,733.577930596959,False,False
-23.1412974294658,137.5270174458867,26,26,26,26,8,9630.85249947866,0.24721450315488813,0.7527854968451119,1.6567993251489366,60.0,8,0.33333333333333337,529.592306307031,13817.578135434554,831.1912576367293,False,True
-23.18284339035494,0.01925339586055977,24,24,24,24,6,7170.632310127962,0.08704045796873863,0.9129595420312614,1.1906775798083684,30.0,9,0.25,412.5936131601795,13817.578135434554,831.1912576367293,False,True
-23.22440225640563,-137.48851065421772,8,8,8,8,1,3064.0610523019836,0.3320523668988966,0.6679476331011034,1.9942467057103435,60.0,5,0.375,529.592306307031,17739.498905368782,941.7934727255436,False,False
-23.265974061536504,85.00372529580822,28,28,28,28,8,9051.937628391535,0.37820673995338383,0.6217932600466162,2.2165031828264894,45.0,7,0.41666666666666663,529.592306307031,13817.578135434554,831.1912576367293,False,True
-23.30755883974632,-52.50403875427003,58,58,54,51,9,16674.88900754387,0.2279580771874203,0.7720419228125797,1.5905328984129774,30.0,10,0.16666666666666663,529.592306307031,10762.73160517834,733.577930596959,False,True
-23.349156625114272,169.98819719570378,35,35,35,35,7,12371.067752467816,0.5079405814689911,0.4920594185310089,3.064549777282564,45.0,8,0.33333333333333337,529.592306307031,13817.578135434554,831.1912576367293,False,False
-23.390767451800293,32.48043314567762,79,79,77,77,19,25318.45301749613,0.6847985799485213,0.31520142005147866,5.345149078558594,30.0,10,0.16666666666666663,529.592306307031,10762.73160517834,733.577930596959,False,False
-23.432391354045446,-105.02733090440066,25,25,25,25,7,7385.813259840178,0.5094463787049879,0.4905536212950121,3.0770262682399565,75.0,7,0.41666666666666663,529.592306307031,13817.578135434554,831.1912576367293,False,False
-23.474028366172252,117.46490504557318,58,58,55,55,17,19064.186863667805,0.6480354628229139,0.3519645371770861,4.682390663675664,30.0,10,0.16666666666666663,529.592306307031,8383.263005261933,647.4281043197744,False,False
-23.51567852258498,-20.042859004452964,28,28,28,28,7,9532.716038817893,0.5923696118657839,0.40763038813421615,3.9064055532127826,75.0,5,0.5833333333333333,529.592306307031,13817.578135434554,831.1912576367293,False,False
-23.557341857770083,-157.55062305453126,16,16,16,16,7,5417.950432637401,0.7752364381481675,0.22476356185183255,7.898239481177244,75.0,4,0.6666666666666667,529.592306307031,10762.73160517834,733.577930596959,False,False
-23.599018406296484,64.94161289549469,19,19,19,19,8,6519.468498627174,0.39680427731796936,0.6031957226820306,2.315673378961082,60.0,7,0.41666666666666663,679.7681833982128,13817.578135434554,831.1912576367293,False,True
-23.640708202815905,-72.5661511545315,57,57,57,57,10,20103.071800392343,0.5981855752806192,0.4018144247193808,3.9774221057314216,30.0,9,0.25,529.592306307031,10762.73160517834,733.577930596959,False,False
-23.682411282063285,149.92608479539024,43,43,34,34,17,13398.410200907443,0.4386328684033409,0.5613671315966591,2.5627308537133864,45.0,10,0.16666666666666663,412.5936131601795,13817.578135434554,831.1912576367293,False,False
-23.72412767885709,12.418320745364072,29,29,29,29,13,10096.73401119641,0.47818205810858133,0.5218179418914186,2.832754375502416,30.0,10,0.16666666666666663,529.592306307031,13817.578135434554,831.1912576367293,False,False
-23.765857428099633,-125.0894433047142,20,20,20,20,1,6523.684292147486,0.49864111933633726,0.5013588806636627,2.9891584195188567,45.0,7,0.41666666666666663,412.5936131601795,17739.498905368782,941.7934727255436,False,False
-23.807600564777506,97.40279264525964,43,43,43,43,19,14548.19907897625,0.3504078367797402,0.6495921632202598,2.078854877320698,45.0,7,0.41666666666666663,679.7681833982128,13817.578135434554,831.1912576367293,False,True
-23.849357123961894,-40.10497140471443,29,29,29,29,9,10286.065382228458,0.3385670353607797,0.6614329646392203,2.0237380156746547,45.0,10,0.16666666666666663,529.592306307031,13817.578135434554,831.1912576367293,False,True
-23.891127140808894,-177.61273545484482,35,35,35,35,12,11915.699873249829,0.5788568579102347,0.42114314208976533,3.74897914774475,45.0,7,0.41666666666666663,529.592306307031,13817.578135434554,831.1912576367293,False,False
-23.93291065055995,44.879500495181134,34,34,34,34,12,10690.618844243763,0.21454910837602736,0.7854508916239726,1.5463081413847086,30.0,9,0.25,529.592306307031,13817.578135434554,831.1912576367293,False,True
-23.974707688542193,-92.62826355484503,25,25,25,25,5,8606.473855330569,0.47370569639291477,0.5262943036070853,2.800155134289914,45.0,9,0.25,529.592306307031,13817.578135434554,831.1912576367293,False,False
-24.016518290168737,129.86397239502458,33,33,33,33,4,10342.702674288337,0.34420875903301845,0.6557912409669815,2.0497510107804233,45.0,8,0.33333333333333337,412.5936131601795,13817.578135434554,831.1912576367293,False,True
-24.058342490939147,-7.64379165489737,24,24,24,24,7,8104.291943083266,0.44479036399447325,0.5552096360055268,2.6022429552719277,60.0,8,0.33333333333333337,529.592306307031,13817.578135434554,831.1912576367293,False,False
-24.100180326439755,-145.15155570492354,11,11,11,11,4,3992.579602410739,0.27889236349815427,0.7211076365018457,1.7735110526663806,60.0,7,0.36363636363636365,529.592306307031,17739.498905368782,941.7934727255436,False,True
-24.142031832343992,77.34068024494609,28,28,28,28,8,9343.186702600651,0.505591631087382,0.49440836891261797,3.0452389679380225,60.0,8,0.33333333333333337,529.592306307031,13817.578135434554,831.1912576367293,False,False
-24.183897044412845,-60.1670838050801,147,147,143,139,12,37498.035510723406,0.15223229625577936,0.8477677037442206,1.3591368144444185,15.0,12,0.0,529.592306307031,10762.73160517834,733.577930596959,False,True
-24.22577599849517,162.32515214489376,40,40,40,40,10,15668.134436186767,0.41736540812284845,0.5826345918771516,2.432683242435594,30.0,9,0.25,679.7681833982128,13817.578135434554,831.1912576367293,False,False
-24.26766873052804,24.817388094867585,62,62,53,38,13,19328.078120603317,0.37480367300214656,0.6251963269978534,2.19899512142666,30.0,11,0.08333333333333337,412.5936131601795,8383.263005261933,647.4281043197744,False,True
-24.30957527653721,-112.69037595515857,25,25,25,25,6,9631.340727171531,0.17043690592673374,0.8295630940732662,1.4109076383566332,45.0,7,0.41666666666666663,529.592306307031,13817.578135434554,831.1912576367293,False,True
-24.351495672637444,109.80185999481526,57,57,57,57,19,20654.41266969505,0.6029944235095092,0.39700557649049084,4.037712612704079,45.0,9,0.25,529.592306307031,10762.73160517834,733.577930596959,False,False
-24.393429955032843,-27.705904055210908,27,27,27,27,13,8827.847544016666,0.5220227604590679,0.4779772395409321,3.184299658119449,45.0,8,0.33333333333333337,679.7681833982128,13817.578135434554,831.1912576367293,False,False
-24.43537816001734,-165.21366810523708,31,31,31,31,12,11069.90211786535,0.5024225097281394,0.4975774902718606,3.019474431826213,60.0,7,0.41666666666666663,679.7681833982128,13817.578135434554,831.1912576367293,False,False
-24.477340323975003,57.27856784463253,21,21,21,21,6,7886.042815903193,0.4740599731871623,0.5259400268128377,2.8027149447435478,60.0,8,0.33333333333333337,529.592306307031,10762.73160517834,733.577930596959,False,False
-24.51931648338042,-80.22919620539363,42,42,42,42,9,14861.977598233523,0.5643725970457382,0.43562740295426183,3.5910794096899075,15.0,12,0.0,529.592306307031,13817.578135434554,831.1912576367293,False,False
-24.561306674799127,142.2630397445802,35,35,31,31,12,12542.292890290291,0.23097392739270003,0.7690260726072999,1.600692058748042,45.0,8,0.33333333333333337,529.592306307031,13817.578135434554,831.1912576367293,False,True
-24.603310934888007,4.755275694554038,29,29,29,29,9,10855.507766692343,0.23190304081014293,0.7680969591898571,1.6038379348741088,30.0,10,0.16666666666666663,529.592306307031,13817.578135434554,831.1912576367293,False,True
-24.64532930039559,-132.75248835547214,21,21,21,21,3,7154.734656360993,0.358639645405289,0.6413603545947111,2.1183717323217484,45.0,7,0.41666666666666663,412.5936131601795,17739.498905368782,941.7934727255436,False,True
-24.68736180816256,89.73974759450171,46,46,46,46,19,15627.067044478545,0.6228307856331073,0.37716921436689266,4.302659718283617,60.0,7,0.41666666666666663,529.592306307031,13817.578135434554,831.1912576367293,False,False
-24.729408495122087,-47.768016455524446,37,37,37,37,6,11649.390484284566,0.36366746655089643,0.6363325334491036,2.143010760677959,30.0,9,0.25,529.592306307031,10762.73160517834,733.577930596959,False,True
-24.77146939830024,174.7242194944494,30,30,30,30,7,11173.816436332987,0.23490046311645202,0.765099536883548,1.6140389630171872,45.0,9,0.25,412.5936131601795,13817.578135434554,831.1912576367293,False,True
-24.813544554816364,37.21645544431899,64,64,64,64,23,20850.479774152518,0.4778772104928326,0.5221227895071674,2.8305165761636326,30.0,9,0.25,679.7681833982128,10762.73160517834,733.577930596959,False,False
-24.855634001883526,-100.29130860570717,31,31,31,31,15,10935.214630754237,0.6401114436747937,0.35988855632520633,4.5572758979108485,45.0,8,0.33333333333333337,679.7681833982128,13817.578135434554,831.1912576367293,False,False
-24.897737776808903,122.20092734426666,75,75,70,70,23,24880.55811693222,0.6665424859558031,0.3334575140441969,4.997765579620189,45.0,9,0.25,529.592306307031,10762.73160517834,733.577930596959,False,False
-24.939855916994134,-15.306836705759508,18,18,18,18,6,6643.821942426867,0.4116614325876979,0.5883385674123021,2.3994031851364572,75.0,7,0.41666666666666663,529.592306307031,13817.578135434554,831.1912576367293,False,False
-24.98198845993581,-152.81460075578568,14,14,14,14,2,4693.034133627461,0.6737156159092481,0.3262843840907519,5.129622187017461,75.0,4,0.6666666666666667,412.5936131601795,13817.578135434554,831.1912576367293,False,False
-25.02413544322586,69.67763519418816,19,19,19,19,7,6993.2316207315225,0.22456631431195007,0.7754336856880499,1.579201854282846,60.0,7,0.41666666666666663,679.7681833982128,13817.578135434554,831.1912576367293,False,True
-25.066296904551894,-67.83012885583798,175,175,158,144,10,50353.06423676364,0.4526306748428212,0.5473693251571787,2.6538401186907836,15.0,12,0.0,412.5936131601795,6529.857028264046,571.395529745554,False,False
-25.108472881697722,154.66210709413582,35,35,35,35,11,12693.29375004042,0.3209276208442739,0.679072379155726,1.9451941521852953,30.0,10,0.16666666666666663,529.592306307031,13817.578135434554,831.1912576367293,False,True
-25.150663412543715,17.15434304400544,79,79,72,72,14,21630.448665265125,0.2861767249232946,0.7138232750767054,1.8018139360685397,15.0,12,0.0,529.592306307031,10762.73160517834,733.577930596959,False,True
-25.19286853506719,-120.35342100602074,28,28,28,28,2,9921.581210454944,0.35964362093067054,0.6403563790693294,2.123260836265467,45.0,8,0.33333333333333337,412.5936131601795,13817.578135434554,831.1912576367293,False,True
-25.235088287342915,102.13881494405733,48,48,48,48,17,17495.730576408496,0.4526703348142359,0.5473296651857641,2.6541048790425026,60.0,8,0.33333333333333337,529.592306307031,13817.578135434554,831.1912576367293,False,False
-25.277322707543476,-35.368949106073046,24,24,24,24,6,8584.39775263107,0.2221638719114735,0.7778361280885265,1.5712356726279206,45.0,8,0.33333333333333337,529.592306307031,13817.578135434554,831.1912576367293,False,True
-25.319571833939673,-172.8767131560992,33,33,33,33,9,11319.650625394584,0.6157951666772814,0.3842048333227186,4.205556584760791,45.0,8,0.33333333333333337,529.592306307031,10762.73160517834,733.577930596959,False,False
-25.361835704901033,49.61552279387461,39,39,39,39,13,13882.29617359576,0.21214642166427308,0.7878535783357269,1.5385427635231772,30.0,9,0.25,529.592306307031,13817.578135434554,831.1912576367293,False,True
-25.404114358896177,-87.89224125615158,23,23,23,23,5,7662.388975038,0.3597334975735941,0.6402665024264059,2.1236992602621525,45.0,9,0.25,529.592306307031,13817.578135434554,831.1912576367293,False,True
-25.44640783449324,134.59999469382228,29,29,28,28,6,9474.65747760991,0.09592223206092489,0.9040777679390751,1.2121990728288519,30.0,11,0.08333333333333337,529.592306307031,17739.498905368782,941.7934727255436,False,True
-25.48871617036036,-2.9077693562039144,20,20,20,20,2,6099.257209658139,0.2947958414014477,0.7052041585985522,1.8360581480043843,45.0,10,0.16666666666666663,412.5936131601795,13817.578135434554,831.1912576367293,False,True
-25.531039405266085,-140.41553340633428,12,12,12,12,4,4561.244464019877,0.38555455380901343,0.6144454461909865,2.254967568558308,90.0,5,0.5833333333333333,529.592306307031,17739.498905368782,941.7934727255436,False,False
-25.573377578079768,82.07670254374378,23,23,23,23,8,8903.00315394273,0.0906229338453944,0.9093770661546056,1.199307717817435,30.0,10,0.16666666666666663,529.592306307031,13817.578135434554,831.1912576367293,False,True
-25.615730727772096,-55.431061506386584,49,49,49,49,10,16961.545413511612,0.08152270007223558,0.9184772999277644,1.1775170710885225,30.0,11,0.08333333333333337,529.592306307031,13817.578135434554,831.1912576367293,False,True
-25.65809889341548,167.06117444358722,33,33,33,33,5,11938.236708604305,0.480081201665735,0.519918798334265,2.84675454399355,45.0,8,0.33333333333333337,529.592306307031,13817.578135434554,831.1912576367293,False,False
-25.70048211418446,29.553410393561066,76,76,72,67,21,22399.81186775378,0.23874549245842788,0.7612545075415721,1.6272422431479399,15.0,12,0.0,529.592306307031,10762.73160517834,733.577930596959,False,True
-25.742880429356248,-107.95435365646512,16,16,16,16,4,6124.393534538738,0.0769206985510737,0.9230793014489262,1.1666610841134322,45.0,8,0.33333333333333337,529.592306307031,13817.578135434554,831.1912576367293,False,True
-25.78529387831112,114.53788229350873,70,70,64,64,22,21501.915264592746,0.6473215264724591,0.3526784735275409,4.6708876501469225,45.0,9,0.25,529.592306307031,10762.73160517834,733.577930596959,False,False
-25.82772250053283,-22.969881756517452,31,31,31,31,11,10809.263585049885,0.5132477082342639,0.4867522917657361,3.1088661190373177,60.0,8,0.33333333333333337,679.7681833982128,13817.578135434554,831.1912576367293,False,False
-25.87016633560916,-160.4776458065436,24,24,24,24,10,8748.12421332773,0.32818922495640257,0.6718107750435974,1.9770287621097014,75.0,5,0.5833333333333333,529.592306307031,10762.73160517834,733.577930596959,False,False
-25.91262542323232,62.01459014343023,23,23,23,23,7,7765.377827554718,0.3126664829442968,0.6873335170557032,1.9097955364774029,45.0,9,0.25,679.7681833982128,13817.578135434554,831.1912576367293,False,True
-25.95509980319937,-75.49317390659593,71,71,71,71,15,26840.65527499936,0.6728691257284057,0.32713087427159426,5.113761058027001,45.0,8,0.33333333333333337,529.592306307031,10762.73160517834,733.577930596959,False,False
-25.997589515412763,146.99906204327368,36,36,28,28,11,12236.643199453321,0.2548182161079927,0.7451817838920073,1.683908870603636,45.0,10,0.16666666666666663,529.592306307031,13817.578135434554,831.1912576367293,False,True
-26.040094599880774,9.491297993247517,27,27,27,27,15,10849.301777780891,0.31011784472841947,0.6898821552715806,1.8990458511173918,30.0,9,0.25,872.5292600693726,13817.578135434554,831.1912576367293,False,True
-26.082615096717923,-128.01646605677865,18,18,18,18,3,6831.264631737265,0.3090312428457902,0.6909687571542098,1.8944868770002024,45.0,7,0.41666666666666663,412.5936131601795,17739.498905368782,941.7934727255436,False,True
-26.12515104614551,94.47576989319519,36,36,36,36,13,12999.96941407651,0.49673542500203005,0.50326457499797,2.9740528130915385,45.0,7,0.41666666666666663,529.592306307031,13817.578135434554,831.1912576367293,False,False
-26.167702488492075,-43.03199415683099,25,25,25,25,6,8599.755674487555,0.4248587762501952,0.5751412237498048,2.477406795778615,45.0,8,0.33333333333333337,529.592306307031,13817.578135434554,831.1912576367293,False,False
-26.210269464193807,179.46024179314284,42,42,42,42,11,14405.421339548975,0.32466656029421737,0.6753334397057826,1.9615000271144942,45.0,9,0.25,529.592306307031,13817.578135434554,831.1912576367293,False,True
-26.252852013795106,41.95247774311669,33,33,33,33,13,11389.083286418661,0.3501778244903468,0.6498221755096532,2.0777650800104004,30.0,9,0.25,529.592306307031,13817.578135434554,831.1912576367293,False,True
-26.295450177949032,-95.55528630690947,23,23,23,23,11,8630.099018064184,0.27212463548435545,0.7278753645156446,1.7477231645707292,60.0,9,0.25,679.7681833982128,13817.578135434554,831.1912576367293,False,True
-26.338063997417727,126.93694964296013,41,41,39,39,9,14413.738835969769,0.22105897364004778,0.7789410263599522,1.5675884724497626,30.0,10,0.16666666666666663,412.5936131601795,13817.578135434554,831.1912576367293,False,True
-26.380693513073002,-10.570814407066052,20,20,20,20,7,6289.631425678528,0.24039418574907664,0.7596058142509233,1.6329445647704492,75.0,8,0.33333333333333337,529.592306307031,13817.578135434554,831.1912576367293,False,False
-26.423338765896766,-148.07857845698797,9,9,9,9,2,3649.1930757731493,0.4280606544890236,0.5719393455109765,2.496874302664349,60.0,6,0.33333333333333337,529.592306307031,13817.578135434554,831.1912576367293,False,False
-26.465999796981475,74.41365749288164,28,28,28,28,8,10231.21516097439,0.417380398173862,0.582619601826138,2.4327715609486624,60.0,8,0.33333333333333337,529.592306307031,13817.578135434554,831.1912576367293,False,False
-26.508676647530724,-63.09410655714453,237,237,218,206,13,56691.377725868195,0.2981132414720827,0.7018867585279174,1.84946250331698,15.0,12,0.0,529.592306307031,8383.263005261933,647.4281043197744,False,True
-26.55136935885967,159.3981293928293,40,40,40,40,11,15170.683382525058,0.36618756048720147,0.6338124395127985,2.1555076475579558,30.0,10,0.16666666666666663,529.592306307031,13817.578135434554,831.1912576367293,False,True
-26.59407797239552,21.89036534280314,69,69,65,53,15,21682.117969508596,0.11249671856864624,0.8875032814313537,1.2535127946506588,15.0,12,0.0,529.592306307031,10762.73160517834,733.577930596959,False,True
-26.636802529678075,-115.61739870722303,26,26,26,26,9,8681.52868246692,0.25718982993252576,0.7428101700674743,1.6924779446925546,45.0,8,0.33333333333333337,529.592306307031,13817.578135434554,831.1912576367293,False,True
-26.67954307236024,106.87483724264659,40,40,40,40,16,14664.801563770736,0.4916374083168463,0.5083625916831537,2.9341997871600607,45.0,7,0.41666666666666663,529.592306307031,13817.578135434554,831.1912576367293,False,False
-26.722299642208437,-30.63292680737959,21,21,21,21,12,8008.072889254641,0.4867122759755419,0.5132877240244581,2.896450092978846,45.0,8,0.33333333333333337,872.5292600693726,13817.578135434554,831.1912576367293,False,False
-26.76507228110323,-168.14069085730154,30,30,30,30,10,10193.371888004407,0.5956169261439623,0.40438307385603767,3.9458054238739226,45.0,7,0.41666666666666663,679.7681833982128,13817.578135434554,831.1912576367293,False,False
-26.807861031039785,54.35154509256809,25,25,25,25,5,8267.090418779144,0.34431724703065975,0.6556827529693403,2.050255616672473,45.0,8,0.33333333333333337,529.592306307031,13817.578135434554,831.1912576367293,False,True
-26.850665934128326,-83.15621895745807,33,33,33,33,8,12197.646627901602,0.5314243834685852,0.4685756165314148,3.268254534465119,45.0,10,0.16666666666666663,529.592306307031,13817.578135434554,831.1912576367293,False,False
-26.893487032594766,139.33601699251577,31,31,31,31,6,11888.238878271886,0.13364213876611575,0.8663578612338843,1.3085148637672197,45.0,10,0.16666666666666663,529.592306307031,17739.498905368782,941.7934727255436,False,True
-26.93632436878115,1.828252942489593,19,19,19,19,1,5695.2182167955825,0.312990992563179,0.6870090074368209,1.9111699822711934,45.0,10,0.16666666666666663,412.5936131601795,13817.578135434554,831.1912576367293,False,True
-26.97917798514615,-135.67951110753657,16,16,16,16,2,5968.851582802059,0.5391524481339869,0.4608475518660131,3.3398299327007823,45.0,7,0.41666666666666663,412.5936131601795,13817.578135434554,831.1912576367293,False,False
-27.022047924265685,86.81272484243726,48,48,48,48,21,16543.724639291384,0.5502395710366685,0.44976042896333146,3.446811838493373,45.0,8,0.33333333333333337,529.592306307031,13817.578135434554,831.1912576367293,False,False
-27.064934228833387,-50.69503920769313,59,59,59,59,7,17648.93049555272,0.30722230890852004,0.69277769109148,1.886928989946219,30.0,11,0.08333333333333337,529.592306307031,10762.73160517834,733.577930596959,False,True
-27.107836941661084,171.79719674238493,44,44,44,44,12,15301.945854267182,0.33974311581144856,0.6602568841885514,2.029124039286585,30.0,10,0.16666666666666663,529.592306307031,13817.578135434554,831.1912576367293,False,True
-27.150756105679452,34.28943269225454,99,99,98,98,35,32633.571252902457,0.37235537422469744,0.6276446257753026,2.186516569833583,15.0,12,0.0,679.7681833982128,10762.73160517834,733.577930596959,False,True
-27.19369176393847,-103.2183313577716,27,27,27,27,7,9100.402116621159,0.5656228106136321,0.43437718938636793,3.6042933396786836,30.0,10,0.16666666666666663,529.592306307031,13817.578135434554,831.1912576367293,False,False
-27.23664395960794,119.27390459220221,108,108,96,93,23,36434.845103801665,0.5178504795483715,0.4821495204516285,3.1480908207201033,15.0,12,0.0,529.592306307031,10762.73160517834,733.577930596959,False,False
-27.27961273597809,-18.23385945782394,21,21,21,21,4,6371.78859811298,0.45676823919614185,0.5432317608038582,2.6816698586261962,75.0,7,0.41666666666666663,529.592306307031,13817.578135434554,831.1912576367293,False,False
-27.322598136460115,-155.7416235078501,10,10,10,10,3,3256.3981743470777,0.4755509941418084,0.5244490058581917,2.8135261534670346,75.0,4,0.6,412.5936131601795,10762.73160517834,733.577930596959,False,False
-27.36560020458664,66.75061244212371,19,19,19,19,8,6755.581275118832,0.2564623086325104,0.7435376913674896,1.6898434648573994,60.0,8,0.33333333333333337,679.7681833982128,13817.578135434554,831.1912576367293,False,True
-27.40861898401238,-70.75715160790247,103,103,92,91,18,34570.949805281416,0.6893294672696221,0.3106705327303779,5.437688127105839,45.0,9,0.25,529.592306307031,10762.73160517834,733.577930596959,False,False
-27.45165451851465,151.7350843420714,36,36,31,31,14,11867.2264036087,0.4871749375167662,0.5128250624832338,2.899965400121972,30.0,10,0.16666666666666663,529.592306307031,13817.578135434554,831.1912576367293,False,False
-27.494706851993868,14.227320292045217,26,26,26,26,9,8827.02835795853,0.20249554831643557,0.7975044516835644,1.507822991806401,30.0,10,0.16666666666666663,529.592306307031,10762.73160517834,733.577930596959,False,True
-27.53777602847421,-123.28044375808517,23,23,23,23,2,8084.974101289605,0.38603348622126477,0.6139665137787352,2.2575066475380634,45.0,8,0.33333333333333337,412.5936131601795,13817.578135434554,831.1912576367293,False,True
-27.580862092104127,99.21179219188866,45,45,45,45,17,15444.781067785361,0.5250155605795519,0.4749844394204481,3.21066425342333,45.0,6,0.5,529.592306307031,13817.578135434554,831.1912576367293,False,False
-27.62396508715686,-38.29597185813748,16,16,16,16,5,5046.6002267625045,0.5251424235325489,0.4748575764674511,3.211789174510706,45.0,6,0.5,529.592306307031,13817.578135434554,831.1912576367293,False,False
-27.667085058031116,-175.80373590816367,44,44,44,44,10,13870.661933453805,0.5125882368948366,0.48741176310516343,3.103306796000494,45.0,8,0.33333333333333337,529.592306307031,10762.73160517834,733.577930596959,False,False
-27.71022204925157,46.688500041810165,32,32,32,32,9,10226.32410975554,0.2571572550237765,0.7428427449762235,1.6923598749880973,30.0,10,0.16666666666666663,529.592306307031,13817.578135434554,831.1912576367293,False,True
-27.753376105469425,-90.81926400821601,31,31,31,31,3,10982.631684052127,0.33584917294432093,0.6641508270556791,2.0113641638698585,30.0,10,0.16666666666666663,529.592306307031,13817.578135434554,831.1912576367293,False,True
-27.79654727146305,131.67297194175782,36,36,34,34,8,12366.925043049789,0.08095611084476788,0.9190438891552322,1.1761746349658693,30.0,9,0.25,412.5936131601795,13817.578135434554,831.1912576367293,False,True
-27.839735592138542,-5.834792108268346,29,29,29,29,4,10397.980690720968,0.29528920170945144,0.7047107982905485,1.8380436412376508,45.0,10,0.16666666666666663,529.592306307031,13817.578135434554,831.1912576367293,False,True
-27.882941112530247,-143.3425561583987,14,14,14,14,1,4694.120905290839,0.6822205235857489,0.3177794764142511,5.293672651763197,60.0,4,0.6666666666666667,412.5936131601795,17739.498905368782,941.7934727255436,False,False
-27.926163877801457,79.14967979157511,21,21,21,21,6,7314.734125155767,0.20060364508304818,0.7993963549169518,1.5018878153475907,30.0,8,0.33333333333333337,529.592306307031,13817.578135434554,831.1912576367293,False,True
-27.96940393324494,-58.35808425834682,64,64,58,57,13,20369.64204150877,0.4173091092361528,0.5826908907638473,2.4323515807467104,15.0,12,0.0,529.592306307031,13817.578135434554,831.1912576367293,False,False
-28.012661324283496,164.1341516915228,44,44,44,44,13,17537.20158271679,0.6552519801658383,0.3447480198341617,4.801338615264807,30.0,10,0.16666666666666663,529.592306307031,13817.578135434554,831.1912576367293,False,False
-28.055936096470646,26.62638764149662,48,48,45,36,12,16231.639530842654,0.24924998874063703,0.750750011259363,1.6640026240493206,30.0,11,0.08333333333333337,529.592306307031,8383.263005261933,647.4281043197744,False,True
-28.09922829549119,-110.88137640852955,18,18,18,18,5,6369.334080588669,0.1953122813211725,0.8046877186788275,1.48543621777115,45.0,8,0.33333333333333337,529.592306307031,13817.578135434554,831.1912576367293,False,True
-28.142537967161772,111.61085954144428,72,72,72,72,25,24859.900911262077,0.642405126752191,0.35759487324780903,4.592921346537381,45.0,8,0.33333333333333337,679.7681833982128,10762.73160517834,733.577930596959,False,False
-28.185865157431557,-25.896904508581883,25,25,25,25,12,9776.320635736238,0.4820589683464817,0.5179410316535182,2.8614434419590835,45.0,8,0.33333333333333337,679.7681833982128,13817.578135434554,831.1912576367293,False,False
-28.229209912382828,-163.40466855871227,28,28,28,28,12,10102.08448142196,0.34279607657510897,0.657203923424891,2.0431954659938536,45.0,6,0.5,679.7681833982128,10762.73160517834,733.577930596959,False,True
-28.27257227823152,59.08756739126157,17,17,17,17,6,5117.590327395163,0.645459015392593,0.354540984607407,4.6410967612521725,75.0,6,0.5,679.7681833982128,13817.578135434554,831.1912576367293,False,False
-28.31595230132798,-78.42019665866036,39,39,39,39,8,13731.395564341765,0.5377967277292831,0.4622032722707169,3.327100477186974,45.0,7,0.41666666666666663,529.592306307031,10762.73160517834,733.577930596959,False,False
-28.359350028157486,144.07203929120925,35,35,35,35,11,12476.78726979503,0.224767854804273,0.775232145195727,1.579872380672565,60.0,8,0.33333333333333337,679.7681833982128,17739.498905368782,941.7934727255436,False,True
-28.402765505340867,6.564275241183072,21,21,21,21,9,6128.462387274729,0.2494415666446943,0.7505584333553057,1.6646826031374737,45.0,8,0.33333333333333337,529.592306307031,13817.578135434554,831.1912576367293,False,True
-28.446198779635214,-130.94348880884309,19,19,19,19,4,7018.947935435427,0.44157350711815313,0.5584264928818469,2.5814919698359735,45.0,8,0.33333333333333337,529.592306307031,17739.498905368782,941.7934727255436,False,False
-28.489649897934452,91.54874714113075,35,35,35,35,11,11397.753315811296,0.5263796889360712,0.47362031106392877,3.222791872053059,60.0,5,0.5833333333333333,529.592306307031,13817.578135434554,831.1912576367293,False,False
-28.533118907269962,-45.95901690889542,31,31,31,31,6,10427.234563948929,0.2666390087695682,0.7333609912304317,1.7271698712040897,45.0,9,0.25,529.592306307031,13817.578135434554,831.1912576367293,False,True
-28.57660585481128,176.5332190409742,33,33,33,33,11,11324.007684286908,0.23345216050312512,0.7665478394968749,1.6091000417047732,60.0,7,0.41666666666666663,412.5936131601795,13817.578135434554,831.1912576367293,False,True
-28.620110787866718,39.02545499094802,44,44,44,44,15,14012.427737522463,0.12037541300077952,0.8796245869992205,1.2736972448926922,30.0,9,0.25,529.592306307031,10762.73160517834,733.577930596959,False,True
-28.663633753883943,-98.4823090589739,29,29,29,29,17,10245.532036997949,0.5107700457605611,0.48922995423943894,3.088057124607624,45.0,9,0.25,872.5292600693726,13817.578135434554,831.1912576367293,False,False
-28.707174800450748,124.00992689089568,71,71,66,63,11,21787.56921309504,0.1938798188650286,0.8061201811349714,1.4810196380198715,30.0,11,0.08333333333333337,412.5936131601795,13817.578135434554,831.1912576367293,False,True
-28.750733975295642,-13.497837159130484,19,19,19,19,9,5363.2655935381035,0.354304469907978,0.645695530092022,2.0974351018272777,75.0,8,0.33333333333333337,679.7681833982128,13817.578135434554,831.1912576367293,False,False
-28.794311326288454,-151.00560120915665,12,12,12,12,1,3415.97037472202,0.7617524130926208,0.23824758690737924,7.394628570897202,135.0,2,0.8333333333333334,412.5936131601795,17739.498905368782,941.7934727255436,False,False
-28.83790690144113,71.4866347408172,21,21,21,21,9,7750.209230580251,0.3640487012046399,0.6359512987953602,2.144894905928277,60.0,8,0.33333333333333337,679.7681833982128,13817.578135434554,831.1912576367293,False,True
-28.8815207489083,-66.02112930920896,110,110,96,89,12,38964.12616310117,0.6788288905801863,0.32117110941981375,5.227210173458446,45.0,9,0.25,529.592306307031,8383.263005261933,647.4281043197744,False,False
-28.925152916987926,156.47110664076487,38,38,38,38,14,14946.844928861992,0.47927125500815687,0.5207287449918432,2.8407712638013263,30.0,11,0.08333333333333337,529.592306307031,13817.578135434554,831.1912576367293,False,False
-28.968803454122074,18.963342590738694,63,63,60,60,8,17002.012772361846,0.24192738601124528,0.7580726139887547,1.6382696895968705,30.0,11,0.08333333333333337,529.592306307031,10762.73160517834,733.577930596959,False,True
-29.01247240889754,-118.54442145928746,20,20,20,20,5,6917.830280352783,0.36590489760882844,0.6340951023911716,2.1541010054454026,60.0,6,0.5,412.5936131601795,13817.578135434554,831.1912576367293,False,True
-29.056159830046493,103.94781449058215,35,35,35,35,14,11608.588199077498,0.3656663801036168,0.6343336198963831,2.152915023370029,45.0,6,0.5,529.592306307031,13817.578135434554,831.1912576367293,False,True
-29.09986576644722,-33.55994955944402,21,21,21,21,6,7084.010630655497,0.2616432403093757,0.7383567596906243,1.7087176676462086,45.0,6,0.5,529.592306307031,13817.578135434554,831.1912576367293,False,True
-29.143590267124818,-171.0677136094702,41,41,41,41,14,13375.95888229295,0.4768022161428981,0.5231977838571019,2.822646161181464,45.0,9,0.25,529.592306307031,13817.578135434554,831.1912576367293,False,False
-29.187333381251804,51.42452234050364,36,36,36,36,8,11824.554462331216,0.2625063865470366,0.7374936134529634,1.711887890982473,30.0,11,0.08333333333333337,529.592306307031,13817.578135434554,831.1912576367293,False,True
-29.231095158148932,-86.0832417095225,31,31,31,31,7,9904.375902537511,0.31896753692283736,0.6810324630771627,1.9367175699132493,30.0,10,0.16666666666666663,529.592306307031,13817.578135434554,831.1912576367293,False,True
-29.27487564728582,136.4089942404513,28,28,27,27,7,10080.573479610988,0.33228349684451697,0.667716503155483,1.9952831636606776,45.0,9,0.25,529.592306307031,13817.578135434554,831.1912576367293,False,True
-29.318674898281643,-1.0987698095748328,20,20,20,20,3,7420.923043821513,0.1697893051121237,0.8302106948878762,1.4090270244833563,45.0,9,0.25,529.592306307031,13817.578135434554,831.1912576367293,False,True
-29.362492960905897,-138.60653385960103,17,17,17,17,3,6019.596750441026,0.4822679721302881,0.517732027869712,2.8630022721006996,60.0,5,0.5833333333333333,412.5936131601795,13817.578135434554,831.1912576367293,False,False
-29.4063298850791,83.88570209037282,30,30,30,30,9,10201.92582262177,0.7689918048283403,0.2310081951716597,7.657701509307154,45.0,6,0.5,529.592306307031,13817.578135434554,831.1912576367293,False,False
-29.45018572087345,-53.62206195975756,44,44,44,44,10,13820.256753669662,0.3557364473717148,0.6442635526282852,2.104319640372271,30.0,10,0.16666666666666663,529.592306307031,10762.73160517834,733.577930596959,False,True
-29.49406051851364,168.87017399021627,41,41,41,41,8,15335.656489057892,0.5790822510910156,0.42091774890898437,3.7515221327301713,30.0,11,0.08333333333333337,529.592306307031,10762.73160517834,733.577930596959,False,False
-29.537954328377527,31.362409940190098,93,93,91,91,33,23785.60734020151,0.5929177697180166,0.4070822302819834,3.9130122889781065,15.0,12,0.0,529.592306307031,10762.73160517834,733.577930596959,False,False
-29.581867200996864,-106.14535410983606,18,18,18,18,2,6356.834272604926,0.15245442427848183,0.8475455757215182,1.3597551061456414,45.0,9,0.25,529.592306307031,13817.578135434554,831.1912576367293,False,True
-29.625799187058057,116.34688184013777,129,129,123,120,26,35646.444097800326,0.3344635070043324,0.6655364929956675,2.00509441788494,15.0,12,0.0,412.5936131601795,10762.73160517834,733.577930596959,False,True
-29.669750337402913,-21.160882209888427,30,30,30,30,6,10545.995937834257,0.541595255948483,0.458404744051517,3.3629565922974693,60.0,9,0.25,529.592306307031,13817.578135434554,831.1912576367293,False,False
-29.713720703029317,-158.66864625991457,17,17,17,17,2,6050.932599428379,0.32243633824029383,0.6775636617597062,1.9517521568464629,30.0,9,0.25,412.5936131601795,13817.578135434554,831.1912576367293,False,True
-29.75771033509206,63.823589690059265,15,15,15,15,5,5392.6800365520985,0.17679562895015538,0.8232043710498447,1.4295303454831885,60.0,7,0.41666666666666663,529.592306307031,13817.578135434554,831.1912576367293,False,True
-29.801719284903587,-73.6841743600711,52,52,52,52,8,16418.082557099337,0.5317567502595865,0.46824324974041354,3.271284212017509,60.0,8,0.33333333333333337,412.5936131601795,10762.73160517834,733.577930596959,False,False
-29.845747603934672,148.8080615899027,30,30,30,30,10,11947.600980554907,0.281086086111622,0.718913913888378,1.7819742550017326,30.0,11,0.08333333333333337,529.592306307031,17739.498905368782,941.7934727255436,False,True
-29.889795343815265,11.300297539980772,20,20,20,20,7,7367.260418884417,0.2641113611399575,0.7358886388600425,1.717802523895707,30.0,9,0.25,529.592306307031,13817.578135434554,831.1912576367293,False,True
-29.933862556335256,-126.20746651014963,21,21,21,21,5,6347.604275929698,0.43908362580392324,0.5609163741960768,2.56559389600003,45.0,8,0.33333333333333337,529.592306307031,13817.578135434554,831.1912576367293,False,False
-29.977949293445157,96.28476943982422,36,36,36,36,15,12227.614814642697,0.41780118490950235,0.5821988150904976,2.435252611582725,60.0,6,0.5,529.592306307031,13817.578135434554,831.1912576367293,False,False
-30.022055607256988,-41.222994610201965,18,18,18,18,6,6980.535140306905,0.16475275809421547,0.8352472419057846,1.3945005737901006,45.0,8,0.33333333333333337,529.592306307031,13817.578135434554,831.1912576367293,False,True
-30.066181550044988,-178.7307586602281,73,73,73,73,19,20172.948362934898,0.2600826788575769,0.739917321142423,1.7030047045148575,15.0,12,0.0,529.592306307031,10762.73160517834,733.577930596959,False,True
-30.110327174246454,43.76147728974572,32,32,32,32,10,9296.542584522651,0.13099881082426437,0.8690011891757357,1.3014928229235663,30.0,10,0.16666666666666663,529.592306307031,13817.578135434554,831.1912576367293,False,True
-30.154492532462424,-93.74628676038469,24,24,24,24,10,8298.27370483299,0.4507266310517786,0.5492733689482214,2.6411741640227504,45.0,8,0.33333333333333337,529.592306307031,13817.578135434554,831.1912576367293,False,False
-30.19867767745862,128.74594918958917,51,51,47,47,6,17607.4172039447,0.14076858441327358,0.8592314155867264,1.3276616330820485,30.0,10,0.16666666666666663,412.5936131601795,13817.578135434554,831.1912576367293,False,True
-30.242882662166146,-8.761814860332777,28,28,28,28,8,8424.479118560079,0.4790875340369392,0.5209124659630608,2.8394166595771675,60.0,9,0.25,529.592306307031,13817.578135434554,831.1912576367293,False,False
-30.287107539682285,-146.26957891046317,21,21,21,21,2,7552.155376727377,0.43575371809461544,0.5642462819053846,2.544551491320893,60.0,6,0.5,412.5936131601795,17739.498905368782,941.7934727255436,False,False
-30.331352363271385,76.22265703951066,19,19,19,19,6,6789.041493127984,0.4399844188665256,0.5600155811334744,2.5713292047196075,60.0,7,0.41666666666666663,529.592306307031,13817.578135434554,831.1912576367293,False,False
-30.375617186365616,-61.2851070105155,89,89,87,83,14,30797.243796550814,0.68954704488233,0.31045295511767,5.4421999115516435,60.0,9,0.25,529.592306307031,10762.73160517834,733.577930596959,False,False
-30.419902062565757,161.20712893945833,35,35,35,35,17,12518.049776396823,0.7276213173249259,0.27237868267507415,6.3427185283285885,45.0,8,0.33333333333333337,679.7681833982128,13817.578135434554,831.1912576367293,False,False
-30.464207045642127,23.699364889432175,62,62,60,42,11,18984.38659340599,0.3215577580438846,0.6784422419561154,1.9479296487104185,30.0,11,0.08333333333333337,412.5936131601795,8383.263005261933,647.4281043197744,False,True
-30.508532189535316,-113.8083991606982,18,18,18,18,4,5219.267164087057,0.3516172173078984,0.6483827826921016,2.08459763798161,60.0,7,0.41666666666666663,412.5936131601795,13817.578135434554,831.1912576367293,False,True
-30.55287754835703,108.68383678937984,46,46,46,46,16,14964.889192995019,0.3097442882384479,0.6902557117615521,1.8974769290875457,45.0,8,0.33333333333333337,529.592306307031,13817.578135434554,831.1912576367293,False,True
-30.59724317639098,-28.823927260646315,28,28,28,28,15,8919.262174029123,0.5147817421637612,0.48521825783623884,3.121856438211358,45.0,8,0.33333333333333337,679.7681833982128,13817.578135434554,831.1912576367293,False,False
-30.64162912809371,-166.3316913107767,32,32,32,32,12,10406.220865135367,0.4323725075708658,0.5676274924291342,2.5234375125861104,45.0,7,0.41666666666666663,529.592306307031,10762.73160517834,733.577930596959,False,False
-30.68603545809536,56.16054463919713,21,21,21,21,2,6822.974378887633,0.21427484316862244,0.7857251568313776,1.5454193271162056,30.0,10,0.16666666666666663,529.592306307031,17739.498905368782,941.7934727255436,False,True
-30.730462221200675,-81.34721941082904,39,39,39,39,10,12255.175096777319,0.5149902950461542,0.48500970495384577,3.1236288255104565,45.0,9,0.25,529.592306307031,13817.578135434554,831.1912576367293,False,False
-30.774909472389744,141.1450165391448,37,37,37,37,8,13696.292968515761,0.16675559286284258,0.8332444071371574,1.4002561347774964,60.0,8,0.33333333333333337,529.592306307031,17739.498905368782,941.7934727255436,False,True
-30.819377266818865,3.6372524891186266,24,24,24,24,6,8154.360498750221,0.13524633251793333,0.8647536674820666,1.312797360921833,45.0,8,0.33333333333333337,529.592306307031,13817.578135434554,831.1912576367293,False,True
-30.86386565982151,-133.87051156090754,20,20,20,20,2,7272.297671711493,0.6623757579987528,0.3376242420012472,4.923745250474674,45.0,6,0.5,412.5936131601795,13817.578135434554,831.1912576367293,False,False
-30.90837470690912,88.6217243890663,35,35,35,35,14,11200.266895558783,0.8315353030391337,0.1684646969608663,10.871923531044562,60.0,5,0.5833333333333333,529.592306307031,13817.578135434554,831.1912576367293,False,False
-30.952904463771972,-48.88603966095985,39,39,39,39,3,13187.505537973277,0.23253846173060339,0.7674615382693966,1.605993786359564,30.0,9,0.25,529.592306307031,13817.578135434554,831.1912576367293,False,True
-30.99745498628013,173.60619628890973,33,33,33,33,12,12787.899345798094,0.5826616263765345,0.4173383736234655,3.792274390287572,45.0,10,0.16666666666666663,679.7681833982128,10762.73160517834,733.577930596959,False,False
-31.042026330484322,36.098432238883575,42,42,42,42,15,13238.072260679242,0.22727948343315688,0.7727205165668432,1.588257923946287,30.0,10,0.16666666666666663,679.7681833982128,10762.73160517834,733.577930596959,False,True
-31.086618552616756,-101.40933181114258,37,37,37,37,15,12310.35703811579,0.4468200917708518,0.5531799082291482,2.615460305495267,45.0,8,0.33333333333333337,529.592306307031,13817.578135434554,831.1912576367293,False,False
-31.131231709092145,121.08290413883124,135,135,131,123,22,42980.65270069841,0.2145656485145273,0.7854343514854727,1.5463617630390742,15.0,12,0.0,529.592306307031,13817.578135434554,831.1912576367293,False,True
-31.175865856508533,-16.424859911194915,18,18,18,18,8,5783.275171100623,0.3742921219271419,0.6257078780728581,2.1963797645634213,75.0,7,0.41666666666666663,679.7681833982128,13817.578135434554,831.1912576367293,False,False
-31.220521051648216,-153.93262396122108,38,38,38,33,3,9828.186553767946,0.25451029254056406,0.745489707459436,1.682800285487275,15.0,12,0.0,412.5936131601795,13817.578135434554,831.1912576367293,False,True
-31.265197351478687,68.55961198875275,21,21,21,21,7,7623.203514494418,0.23313410141895555,0.7668658985810445,1.6080179125198568,60.0,9,0.25,529.592306307031,13817.578135434554,831.1912576367293,False,True
-31.309894813153566,-68.94815206127345,129,129,120,117,18,48754.8852298251,0.6207931107791658,0.37920688922083423,4.2741657835105515,75.0,8,0.33333333333333337,529.592306307031,10762.73160517834,733.577930596959,False,False
-31.35461349401347,153.5440838887004,26,26,26,26,7,9112.576458114596,0.4497731536457536,0.5502268463542463,2.634864444095777,45.0,8,0.33333333333333337,529.592306307031,13817.578135434554,831.1912576367293,False,False
-31.399353451587036,16.03631983857003,35,35,35,35,6,11329.981562439596,0.08612040748547457,0.9138795925145254,1.188472109872846,30.0,11,0.08333333333333337,529.592306307031,13817.578135434554,831.1912576367293,False,True
-31.444114743591808,-121.47144421145615,21,21,21,21,4,6901.850424434912,0.3359949890115987,0.6640050109884013,2.0120254620110627,45.0,7,0.41666666666666663,412.5936131601795,13817.578135434554,831.1912576367293,False,True
-31.48889742793516,101.0207917385177,38,38,38,38,14,12541.759701862331,0.34414052762514635,0.6558594723748536,2.049433734269387,45.0,8,0.33333333333333337,529.592306307031,10762.73160517834,733.577930596959,False,True
-31.53370156271535,-36.48697231150845,20,20,20,20,4,7247.686966885333,0.17988936975869377,0.8201106302413063,1.4386953738320982,45.0,6,0.5,529.592306307031,17739.498905368782,941.7934727255436,False,True
-31.57852720622238,-173.99473636153465,50,50,50,50,16,17272.29697328203,0.562711403825587,0.43728859617441296,3.5736385935897994,45.0,7,0.41666666666666663,529.592306307031,10762.73160517834,733.577930596959,False,False
-31.623374416938983,48.4974995884392,38,38,38,38,9,11827.623385072735,0.2500947964100619,0.7499052035899381,1.6670037631764942,30.0,11,0.08333333333333337,529.592306307031,13817.578135434554,831.1912576367293,False,True
-31.668243253541647,-89.01026446158698,25,25,25,25,6,7949.912319333078,0.40310773177709797,0.5968922682229021,2.3506884013668015,45.0,9,0.25,529.592306307031,13817.578135434554,831.1912576367293,False,False
-31.71313377490154,133.48197148838688,35,35,33,33,9,12194.457124227763,0.42602488154268864,0.5739751184573114,2.4844716010956267,45.0,9,0.25,529.592306307031,17739.498905368782,941.7934727255436,False,False
-31.758046040085503,-4.025792561743515,23,23,23,23,5,6876.351881642549,0.3276239816417607,0.6723760183582392,1.974526076767967,45.0,9,0.25,529.592306307031,13817.578135434554,831.1912576367293,False,True
-31.802980108357065,-141.53355661166546,18,18,18,18,1,5603.017172252669,0.8638732661033656,0.13612673389663443,13.692191186476762,60.0,6,0.5,412.5936131601795,13817.578135434554,831.1912576367293,False,False
-31.847936039177434,80.95867933830837,29,29,29,29,7,10458.869955227336,0.5608638038527568,0.4391361961472432,3.5543956921496767,45.0,8,0.33333333333333337,529.592306307031,13817.578135434554,831.1912576367293,False,False
-31.892913892206437,-56.54908471182199,57,57,57,57,17,21030.351062927744,0.4018961878207402,0.5981038121792598,2.343901107589953,45.0,10,0.16666666666666663,679.7681833982128,13817.578135434554,831.1912576367293,False,False
-31.937913727303645,165.9431512381518,46,46,46,46,20,16242.753529362086,0.6859521848379252,0.3140478151620748,5.368456978335715,30.0,11,0.08333333333333337,529.592306307031,13817.578135434554,831.1912576367293,False,False
-31.982935604529306,28.435387188125652,68,68,68,68,21,21617.419107104288,0.46372215125364163,0.5362778487463584,2.729410052410972,45.0,10,0.16666666666666663,529.592306307031,10762.73160517834,733.577930596959,False,False
-32.02797958414535,-109.07237686190052,17,17,17,17,2,4976.138311066421,0.32732280000769504,0.6726771999923049,1.9731942750889715,60.0,6,0.5,529.592306307031,17739.498905368782,941.7934727255436,False,True
-32.07304572661651,113.41985908807332,113,113,109,108,41,35001.70874295037,0.45475472963467134,0.5452452703653287,2.668074000275046,15.0,12,0.0,529.592306307031,10762.73160517834,733.577930596959,False,False
-32.1181340926113,-24.087904962057053,32,32,32,32,10,10970.826214885728,0.5415944692475079,0.45840553075249213,3.3629491047302924,45.0,9,0.25,679.7681833982128,13817.578135434554,831.1912576367293,False,False
-32.163244743003006,-161.595669011979,24,24,24,24,2,7572.500609817784,0.5138125477590275,0.4861874522409725,3.1136396893450184,60.0,6,0.5,412.5936131601795,13817.578135434554,831.1912576367293,False,False
-32.20837773887084,60.89656693799482,13,13,13,13,3,4148.29264964954,0.38799238156272375,0.6120076184372762,2.2679331755818284,45.0,7,0.41666666666666663,529.592306307031,13817.578135434554,831.1912576367293,False,True
-32.25353314150094,-76.61119711213559,41,41,41,41,7,15014.119192455684,0.522715752209637,0.47728424779036305,3.190375042250415,45.0,9,0.25,529.592306307031,10762.73160517834,733.577930596959,False,False
-32.2987110123874,145.88103883783828,28,28,27,27,8,8787.374405955823,0.22700089981766491,0.7729991001823351,1.587325133403441,30.0,11,0.08333333333333337,529.592306307031,17739.498905368782,941.7934727255436,False,True
-32.34391141323342,8.373274787812106,17,17,17,17,7,5604.997503914272,0.21551720407058772,0.7844827959294123,1.5494504282028383,45.0,9,0.25,529.592306307031,17739.498905368782,941.7934727255436,False,True
-32.389134405952326,-129.13448926221406,20,20,20,20,7,6445.375892903901,0.34802256647323765,0.6519774335267623,2.0675908354394053,45.0,6,0.5,529.592306307031,13817.578135434554,831.1912576367293,False,True
-32.43438005266864,93.35774668775977,27,27,27,27,13,10108.643364030828,0.6507830510876966,0.34921694891230337,4.727098888611638,45.0,7,0.41666666666666663,679.7681833982128,13817.578135434554,831.1912576367293,False,False
-32.479648415719225,-44.15001736237059,28,28,28,28,9,8293.811863870014,0.2641488404220844,0.7358511595779156,1.7179409503780634,45.0,7,0.41666666666666663,529.592306307031,13817.578135434554,831.1912576367293,False,True
-32.52493955765434,178.34221858770744,43,43,43,43,14,15043.163306122678,0.6883831010375561,0.31161689896244393,5.418137163482395,30.0,9,0.25,529.592306307031,10762.73160517834,733.577930596959,False,False
-32.57025354123875,40.834454537681275,32,32,32,32,13,10359.284372191096,0.06276867611383065,0.9372313238861694,1.133944896023245,30.0,10,0.16666666666666663,529.592306307031,13817.578135434554,831.1912576367293,False,True
-32.61559042945285,-96.67330951244912,27,27,27,27,12,10124.652279593556,0.36076437605128786,0.6392356239487121,2.1287367679002607,30.0,8,0.33333333333333337,679.7681833982128,13817.578135434554,831.1912576367293,False,True
-32.66095028549378,125.81892643752472,58,58,57,57,15,20581.521521940114,0.2568572969796237,0.7431427030203763,1.6912731456170427,45.0,10,0.16666666666666663,529.592306307031,13817.578135434554,831.1912576367293,False,True
-32.706333172776525,-11.688837612501459,20,20,20,20,6,7349.561268579917,0.46244002709750903,0.5375599729024909,2.7205151068098297,90.0,7,0.41666666666666663,529.592306307031,13817.578135434554,831.1912576367293,False,False
-32.751739154935095,-149.1966016625276,23,23,23,23,3,7587.413162525932,0.7517947425893059,0.2482052574106941,7.057847045079669,75.0,4,0.6666666666666667,412.5936131601795,13817.578135434554,831.1912576367293,False,False
-32.79716829582365,73.29563428744622,23,23,23,23,5,8185.33616339253,0.5956499547929172,0.40435004520708284,3.9462094136176615,60.0,6,0.5,529.592306307031,13817.578135434554,831.1912576367293,False,False
-32.842620659517586,-64.21212976257993,130,130,121,112,18,46294.14275378322,0.7030976039021911,0.2969023960978089,5.736220476109387,60.0,9,0.25,529.592306307031,10762.73160517834,733.577930596959,False,False
-32.888096310314786,158.2801061873939,26,26,26,26,10,10005.017219701975,0.5202342706190397,0.4797657293809603,3.168701258801023,45.0,8,0.33333333333333337,679.7681833982128,13817.578135434554,831.1912576367293,False,False
-32.93359531273674,20.77234213736773,63,63,61,46,10,20403.81741815342,0.2374249296781252,0.7625750703218748,1.6226926080285073,30.0,11,0.08333333333333337,412.5936131601795,10762.73160517834,733.577930596959,False,True
-32.97911773152969,-116.73542191276266,15,15,15,15,5,4325.809184784683,0.2629484444903822,0.7370515555096178,1.713514387222404,45.0,6,0.5,679.7681833982128,13817.578135434554,831.1912576367293,False,True
-33.02466363166585,105.75681403721117,34,34,34,34,12,10581.582782686593,0.22700337065290674,0.7729966293470932,1.5873334036259479,45.0,8,0.33333333333333337,529.592306307031,13817.578135434554,831.1912576367293,False,True
-33.07023307834459,-31.750950012814997,33,33,33,33,14,13108.130720523859,0.34681133844004386,0.6531886615599561,2.0619025064268053,45.0,7,0.41666666666666663,679.7681833982128,13817.578135434554,831.1912576367293,False,True
-33.115826136993576,-169.25871406284116,34,34,34,34,12,11810.183409205354,0.3722388981183212,0.6277611018816788,2.185925336891872,45.0,10,0.16666666666666663,529.592306307031,13817.578135434554,831.1912576367293,False,True
-33.161442873270026,53.23352188713268,27,27,27,27,4,8849.737631744892,0.04904837882984959,0.9509516211701504,1.1031564124565985,30.0,11,0.08333333333333337,529.592306307031,17739.498905368782,941.7934727255436,False,True
-33.20708335306193,-84.27424216289347,37,37,37,37,9,13153.480920824157,0.4597947080234448,0.5402052919765552,2.702296200546661,60.0,8,0.33333333333333337,529.592306307031,13817.578135434554,831.1912576367293,False,False
-33.252747642489204,138.21799378708036,29,29,29,29,8,9198.017137066416,0.36099773996093604,0.6390022600390639,2.129879383959823,45.0,9,0.25,529.592306307031,17739.498905368782,941.7934727255436,False,True
-33.29843580790497,0.7102297370541811,16,16,16,16,4,5421.349170987356,0.09665185577971877,0.9033481442202812,1.2139858401173629,60.0,7,0.41666666666666663,529.592306307031,13817.578135434554,831.1912576367293,False,True
-33.34414791589681,-136.79753431297198,21,21,21,21,4,7626.567508300256,0.5113470179481944,0.48865298205180563,3.0928840577257866,45.0,8,0.33333333333333337,412.5936131601795,13817.578135434554,831.1912576367293,False,False
-33.38988403328789,85.69470163689763,44,44,44,44,16,15803.693404049462,0.553128988417178,0.44687101158282205,3.4755644205158394,30.0,10,0.16666666666666663,679.7681833982128,13817.578135434554,831.1912576367293,False,False
-33.43564422713836,-51.81306241302434,34,34,34,34,7,11309.266343654388,0.0960339437085068,0.9039660562914932,1.212472455221349,45.0,8,0.33333333333333337,529.592306307031,13817.578135434554,831.1912576367293,False,True
-33.48142856474654,170.6791735368453,55,55,55,55,19,21258.566924664876,0.7959357862211434,0.20406421377885664,8.800836525738854,45.0,7,0.41666666666666663,529.592306307031,10762.73160517834,733.577930596959,False,False
-33.52723711365013,33.17140948681913,45,45,45,45,18,15140.419336940344,0.28482627627730595,0.715173723722694,1.7965233252550155,45.0,9,0.25,679.7681833982128,10762.73160517834,733.577930596959,False,True
-33.57306994162762,-104.33635456320704,19,19,19,19,2,6759.176177439561,0.32591578268570914,0.6740842173142909,1.966988320789452,60.0,6,0.5,529.592306307031,10762.73160517834,733.577930596959,False,True
-33.618927116699496,118.1558813867668,123,123,120,117,32,35902.90871382106,0.022177453033537894,0.9778225469664621,1.0453608951897047,15.0,12,0.0,529.592306307031,13817.578135434554,831.1912576367293,False,True
-33.664808707129474,-19.351882663259346,22,22,22,22,3,7336.593671897402,0.45373627196339855,0.5462637280366014,2.661235219091819,60.0,7,0.41666666666666663,529.592306307031,17739.498905368782,941.7934727255436,False,False
-33.710714781425935,-156.85964671328554,70,70,70,59,1,18298.229197507564,0.21599957099050035,0.7840004290094996,1.5510190122303698,30.0,11,0.08333333333333337,412.5936131601795,10762.73160517834,733.577930596959,False,True
-33.75664540834314,65.63258923658408,14,14,14,14,5,4634.254582041806,0.556643046089857,0.44335695391014296,3.511037849663115,75.0,6,0.5,529.592306307031,13817.578135434554,831.1912576367293,False,False
-33.80260065688255,-71.87517481333788,61,61,56,55,8,19051.946236909927,0.4600599603174503,0.5399400396825498,2.704114999835671,60.0,9,0.25,529.592306307031,10762.73160517834,733.577930596959,False,False
-33.84858059629421,150.61706113663598,27,27,26,25,7,9311.434715873012,0.07880797699121397,0.921192023008786,1.1710999987468678,15.0,12,0.0,529.592306307031,13817.578135434554,831.1912576367293,False,True
-33.894585296078084,13.109297086505585,25,25,25,25,9,7826.654085920658,0.32186297466992114,0.6781370253300789,1.949256455989131,60.0,9,0.25,529.592306307031,13817.578135434554,831.1912576367293,False,True
-33.940614825985286,-124.39846696352058,19,19,19,19,3,6908.913350060075,0.23208537375669122,0.7679146262433088,1.6044561877719894,45.0,9,0.25,529.592306307031,13817.578135434554,831.1912576367293,False,True
-33.98666925601959,98.09376898645326,33,33,33,33,13,12362.078969450828,0.6634633458067776,0.33653665419322243,4.94288905853239,60.0,6,0.5,679.7681833982128,13817.578135434554,831.1912576367293,False,False
-34.03274865643873,-39.41399506357294,23,23,23,23,8,7477.26504093218,0.07994551232303213,0.9200544876769678,1.173784299503577,45.0,8,0.33333333333333337,529.592306307031,13817.578135434554,831.1912576367293,False,True
-34.07885309775571,-176.92175911359908,59,59,59,59,20,19646.279488213757,0.764982332072742,0.23501766792725798,7.509998493470858,45.0,10,0.16666666666666663,529.592306307031,10762.73160517834,733.577930596959,False,False
-34.12498265074029,45.57047683627054,29,29,29,29,7,10373.780888155912,0.14628985906623232,0.8537101409337677,1.3427155238105146,30.0,8,0.33333333333333337,529.592306307031,13817.578135434554,831.1912576367293,False,True
-34.171137386420355,-91.93728721365142,25,25,25,25,7,9841.02534745506,0.36950822718396065,0.6304917728160393,2.1721270383389233,45.0,9,0.25,529.592306307031,13817.578135434554,831.1912576367293,False,True
-34.21731737608323,130.55494873632242,40,40,40,40,8,13907.17270751657,0.3393255660819427,0.6606744339180572,2.0272096169049854,60.0,8,0.33333333333333337,529.592306307031,13817.578135434554,831.1912576367293,False,True
-34.26352269127722,-6.952815313807946,22,22,22,22,7,8352.252835305539,0.4171824320169636,0.5828175679830364,2.4316055484075805,75.0,7,0.41666666666666663,529.592306307031,13817.578135434554,831.1912576367293,False,False
-34.309753403812934,-144.46057936383414,24,24,24,24,5,9539.387549644971,0.46056875857202784,0.5394312414279722,2.707608767163055,60.0,8,0.33333333333333337,412.5936131601795,13817.578135434554,831.1912576367293,False,False
-34.35600958576477,78.0316565861397,26,26,26,26,10,9121.588185258506,0.510068061421693,0.48993193857830697,3.0821996741090913,60.0,6,0.5,529.592306307031,13817.578135434554,831.1912576367293,False,False
-34.402291309472304,-59.47610746388648,86,86,86,86,22,27704.6936740065,0.5238220647121768,0.47617793528782315,3.20011061367451,60.0,9,0.25,529.592306307031,10762.73160517834,733.577930596959,False,False
-34.44859864754186,163.01612848608738,31,31,31,31,15,11360.90914078674,0.6715068183139764,0.3284931816860236,5.088406431253164,45.0,9,0.25,679.7681833982128,13817.578135434554,831.1912576367293,False,False
-34.494931672847756,25.508364436061207,79,79,79,79,24,16785.946583370565,0.15366028214001112,0.8463397178599888,1.3631172657914452,15.0,12,0.0,529.592306307031,10762.73160517834,733.577930596959,False,True
-34.541290458534,-111.99939961396495,18,18,18,18,6,5725.852428760333,0.2852479211486884,0.7147520788513115,1.7981730437415853,60.0,6,0.5,529.592306307031,13817.578135434554,831.1912576367293,False,True
-34.58767507801567,110.49283633600888,46,46,46,46,14,15026.169206561182,0.159079914101562,0.840920085898438,1.3783472811964081,30.0,10,0.16666666666666663,529.592306307031,10762.73160517834,733.577930596959,False,True
-34.63408560498035,-27.014927714121484,29,29,29,29,9,10226.17705068919,0.43292063317870033,0.5670793668212997,2.5268431845982646,45.0,9,0.25,679.7681833982128,13817.578135434554,831.1912576367293,False,False
-34.680522113389756,-164.52269176414768,32,32,32,32,5,11325.053909288075,0.5190465521116392,0.4809534478883608,3.1584066166508515,60.0,7,0.41666666666666663,412.5936131601795,13817.578135434554,831.1912576367293,False,False
-34.726984677481155,57.96954418582616,21,21,21,21,5,6674.666239283633,0.3384403213725403,0.6615596786274597,2.0231588541632517,30.0,8,0.33333333333333337,529.592306307031,17739.498905368782,941.7934727255436,False,True
-34.773473371768894,-79.53821986420002,39,39,39,39,8,13081.376957634138,0.3487619245832911,0.6512380754167089,2.071073506751362,30.0,10,0.16666666666666663,529.592306307031,10762.73160517834,733.577930596959,False,True
-34.819988271046014,142.95401608577382,37,37,36,36,10,13687.554428917458,0.3087681904956607,0.6912318095043393,1.8933853629134019,45.0,10,0.16666666666666663,529.592306307031,17739.498905368782,941.7934727255436,False,True
-34.8665294503857,5.446252035747659,19,19,19,19,8,5587.131951435512,0.39635018159779517,0.6036498184022048,2.3131791628692637,60.0,8,0.33333333333333337,529.592306307031,13817.578135434554,831.1912576367293,False,True
-34.91309698514285,-132.06151201427852,16,16,16,16,6,6373.88503314226,0.340434991776394,0.659565008223606,2.032301554908988,60.0,7,0.41666666666666663,529.592306307031,13817.578135434554,831.1912576367293,False,True
-34.95969095095571,90.43072393569533,33,33,33,33,12,11858.004004975157,0.46415198481308595,0.535848015186914,2.732401620079458,45.0,8,0.33333333333333337,679.7681833982128,13817.578135434554,831.1912576367293,False,False
-35.0063114237474,-47.07704011443508,39,39,39,39,9,14269.30887010031,0.3619851457714555,0.6380148542285444,2.1347232540820693,45.0,8,0.33333333333333337,529.592306307031,13817.578135434554,831.1912576367293,False,True
-35.052958479727444,175.41519583553878,70,70,70,70,25,25671.625572807763,0.7823842062862755,0.21761579371372453,8.190509410502703,60.0,7,0.41666666666666663,679.7681833982128,10762.73160517834,733.577930596959,False,False
-35.09963219539351,37.90743178561683,34,34,34,34,13,12483.718361285046,0.4077324508735049,0.592267549126495,2.376852240089293,30.0,10,0.16666666666666663,529.592306307031,13817.578135434554,831.1912576367293,False,False
-35.146332647532915,-99.60033226451355,30,30,30,30,15,10858.84032190439,0.5801958014346565,0.41980419856534346,3.7641257682388227,45.0,7,0.41666666666666663,679.7681833982128,13817.578135434554,831.1912576367293,False,False
-35.193059913224225,122.89190368546028,62,62,62,62,13,19321.226064553688,0.3934561784344456,0.6065438215655544,2.29737098770174,60.0,8,0.33333333333333337,529.592306307031,13817.578135434554,831.1912576367293,False,True
-35.239814069839,-14.61586036456589,20,20,20,20,9,7374.446336037401,0.4756029602019038,0.5243970397980962,2.813904061643906,90.0,7,0.41666666666666663,529.592306307031,13817.578135434554,831.1912576367293,False,False
-35.28659519504336,-152.12362441459206,45,45,45,40,2,13550.178846749535,0.384003469531692,0.6159965304683079,2.246771533728463,30.0,11,0.08333333333333337,412.5936131601795,13817.578135434554,831.1912576367293,False,True
-35.33340336679962,70.36861153538177,23,23,23,23,6,7911.677608565627,0.5509905323122614,0.44900946768773864,3.4542490613825763,60.0,6,0.5,529.592306307031,13817.578135434554,831.1912576367293,False,False
-35.38023866336804,-67.13915251464437,162,162,143,129,25,48007.180073256844,0.5224187680963951,0.4775812319036049,3.187769255563377,15.0,12,0.0,529.592306307031,8383.263005261933,647.4281043197744,False,False
-35.42710116330845,155.35308343522522,18,18,18,18,7,6287.267416233935,0.4666218769713991,0.5333781230286009,2.749685098900758,45.0,7,0.41666666666666663,529.592306307031,13817.578135434554,831.1912576367293,False,False
-35.47399094548192,17.845319385303284,41,41,40,32,7,9073.040529461592,0.37670965301748827,0.6232903469825117,2.2087774336349795,45.0,9,0.25,412.5936131601795,8383.263005261933,647.4281043197744,False,True
-35.520908089052526,-119.66244466482709,17,17,17,17,4,6123.288580952211,0.14971524966289765,0.8502847503371024,1.3521532042143334,45.0,8,0.33333333333333337,529.592306307031,13817.578135434554,831.1912576367293,False,True
-35.567852673489035,102.82979128514673,30,30,30,30,11,11092.106249398297,0.46162637462588374,0.5383736253741163,2.7148922341992487,60.0,7,0.41666666666666663,529.592306307031,10762.73160517834,733.577930596959,False,False
-35.61482477856663,-34.67797276487943,29,29,29,29,11,10294.879096712062,0.36092112109322844,0.6390788789067716,2.129504144185242,45.0,7,0.41666666666666663,679.7681833982128,13817.578135434554,831.1912576367293,False,True
-35.661824484368644,-172.1857368149056,29,29,29,29,8,8046.0608359665,0.7413902241965875,0.2586097758034125,6.7336596955265176,60.0,6,0.5,529.592306307031,10762.73160517834,733.577930596959,False,False
-35.708851871288346,50.306499135068236,33,33,33,33,11,11281.762911260583,0.2809977326465532,0.7190022673534469,1.7816323964620278,30.0,11,0.08333333333333337,529.592306307031,13817.578135434554,831.1912576367293,False,True
-35.755907020030705,-87.20126491495796,33,33,33,33,7,10587.369862049472,0.1301588269010704,0.8698411730989296,1.2992703287138307,45.0,9,0.25,529.592306307031,13817.578135434554,831.1912576367293,False,True
-35.802990011614085,135.29097103491168,33,33,33,33,9,11210.843014224269,0.4520941444864133,0.5479058555135867,2.650262138785273,45.0,9,0.25,529.592306307031,13817.578135434554,831.1912576367293,False,False
-35.85010092737217,-2.2167930150102393,11,11,11,11,1,3078.507773734713,0.45088843883887497,0.549111561161125,2.6422471159975136,60.0,8,0.2727272727272727,412.5936131601795,13817.578135434554,831.1912576367293,False,False
-35.89723984895569,-139.72455706503644,16,16,16,16,5,5519.508513389818,0.7646519440710118,0.23534805592898822,7.4980519261372685,90.0,6,0.5,529.592306307031,13817.578135434554,831.1912576367293,False,False
-35.944406858334204,82.76767888483319,40,40,40,40,16,14432.94452824689,0.6423684374736277,0.3576315625263723,4.592347570979609,30.0,9,0.25,529.592306307031,13817.578135434554,831.1912576367293,False,False
-35.99160203779804,-54.740085165192966,48,48,48,48,13,15338.204533261705,0.17961339736561951,0.8203866026343805,1.4378750135335094,45.0,9,0.25,529.592306307031,13817.578135434554,831.1912576367293,False,True
-36.03882546996007,167.75215078478084,42,42,42,42,22,16170.545925699906,0.7554880336910818,0.24451196630891825,7.179558776576133,45.0,10,0.16666666666666663,872.5292600693726,13817.578135434554,831.1912576367293,False,False
-36.08607723775751,30.244386734754684,46,46,46,46,12,15903.962199509135,0.6644136357562008,0.3355863642437992,4.959717715309272,30.0,10,0.16666666666666663,529.592306307031,10762.73160517834,733.577930596959,False,False
-36.13335742445395,-107.26337731527147,18,18,18,18,3,5523.618226923279,0.2662517474936216,0.7337482525063783,1.7257305120227384,60.0,8,0.33333333333333337,529.592306307031,13817.578135434554,831.1912576367293,False,True
-36.1806661136411,115.22885863470235,62,62,62,62,15,23472.68234520607,0.793989164520305,0.206010835479695,8.708227216995708,45.0,9,0.25,529.592306307031,13817.578135434554,831.1912576367293,False,False
-36.22800338924073,-22.278905415323834,34,34,34,34,9,11543.235733114805,0.5698417752691767,0.4301582247308233,3.6494519574780284,45.0,10,0.16666666666666663,529.592306307031,13817.578135434554,831.1912576367293,False,False
-36.2753693355066,-159.78666946534997,45,45,45,45,3,14342.282872768883,0.5525706626612,0.44742933733879997,3.4699795768768977,30.0,9,0.25,412.5936131601795,13817.578135434554,831.1912576367293,False,False
-36.32276403702642,62.705566484519636,21,21,21,21,7,7389.092015767529,0.15669435566489848,0.8433056443351015,1.3716193688907254,45.0,8,0.33333333333333337,529.592306307031,13817.578135434554,831.1912576367293,False,True
-36.37018757872364,-74.8021975655065,61,61,57,57,10,20442.719692624614,0.2757484770389872,0.7242515229610128,1.7614715835504873,45.0,8,0.33333333333333337,529.592306307031,10762.73160517834,733.577930596959,False,True
-36.41764004585961,147.6900383844673,28,28,27,26,7,9751.657267443843,0.15473000118796518,0.8452699988120348,1.366107874183224,30.0,11,0.08333333333333337,412.5936131601795,13817.578135434554,831.1912576367293,False,True
-36.46512152403546,10.18227433444114,15,15,15,15,9,3947.597451140361,0.33256300248694554,0.6674369975130545,1.9965375120831261,75.0,6,0.5,872.5292600693726,13817.578135434554,831.1912576367293,False,False
-36.512632099193986,-127.32548971558504,14,14,14,14,2,4259.4247208204015,0.32286536969643326,0.6771346303035668,1.95362238245499,60.0,6,0.5,529.592306307031,13817.578135434554,831.1912576367293,False,True
-36.560171857621825,95.16674623438881,39,39,39,39,14,12839.345640713538,0.5651575862296571,0.43484241377034294,3.5993673493319287,60.0,7,0.41666666666666663,679.7681833982128,13817.578135434554,831.1912576367293,False,False
-36.607740885951365,-42.34101781563737,29,29,29,29,8,9646.546324191493,0.06336446971140966,0.9366355302885904,1.1353022977718692,45.0,7,0.41666666666666663,529.592306307031,13817.578135434554,831.1912576367293,False,True
-36.65533927116277,-179.84878186566354,107,107,107,107,36,34176.19159362768,0.6584677369165801,0.3415322630834199,4.855962133543724,30.0,9,0.25,529.592306307031,10762.73160517834,733.577930596959,False,False
-36.702967100586065,42.64345408420609,25,25,25,25,6,7604.223551910967,0.16645446645236264,0.8335455335476374,1.3993890189631726,30.0,9,0.25,529.592306307031,13817.578135434554,831.1912576367293,False,True
-36.75062446190321,-94.8643099658201,29,29,29,29,9,9073.9687798628,0.35688857719254946,0.6431114228074506,2.109881008284945,45.0,9,0.25,529.592306307031,13817.578135434554,831.1912576367293,False,True
-36.798311443150084,127.62792598425797,45,45,45,45,12,15128.534011005566,0.4223828315230624,0.5776171684769376,2.4625009593700358,45.0,9,0.25,529.592306307031,13817.578135434554,831.1912576367293,False,False
-36.846028132718686,-9.879838065872434,15,15,15,15,5,4968.872333339772,0.5650545447492386,0.43494545525076145,3.598277728518693,90.0,6,0.5,412.5936131601795,17739.498905368782,941.7934727255436,False,False
-36.89377461935919,-147.38760211589857,19,19,19,19,5,6163.221069148773,0.7832838127399735,0.2167161872600265,8.228659959767121,75.0,6,0.5,529.592306307031,13817.578135434554,831.1912576367293,False,False
-36.94155099218202,75.10463383407526,28,28,28,28,9,8254.645859362816,0.2710446481143685,0.7289553518856315,1.743652261865535,60.0,6,0.5,529.592306307031,13817.578135434554,831.1912576367293,False,True
-36.98935734066009,-62.40313021595091,250,250,241,238,69,66288.85483757975,0.42121712497378433,0.5787828750262156,2.455527256070614,15.0,12,0.0,529.592306307031,10762.73160517834,733.577930596959,False,False
-37.03719375463089,160.08910573402292,21,21,21,21,8,7698.358911844196,0.36693557147583833,0.6330644285241617,2.159236105971902,30.0,11,0.08333333333333337,529.592306307031,13817.578135434554,831.1912576367293,False,True
-37.08506032429864,22.581341683892543,38,38,38,38,10,12297.443041072802,0.38568540759704006,0.6143145924029599,2.255660901976587,30.0,9,0.25,529.592306307031,13817.578135434554,831.1912576367293,False,True
-37.13295714023654,-114.92642236613364,20,20,20,20,8,7243.715561958511,0.15679472630015268,0.8432052736998473,1.3719016737458554,45.0,7,0.41666666666666663,679.7681833982128,13817.578135434554,831.1912576367293,False,True
-37.18088429338895,107.56581358394443,35,35,35,35,15,12114.215477453388,0.44562147249311657,0.5543785275068834,2.60764333531148,60.0,6,0.5,529.592306307031,13817.578135434554,831.1912576367293,False,False
-37.22884187507355,-29.941950466185972,32,32,32,32,11,11712.156605312568,0.2434429438766402,0.7565570561233598,1.6435547508447157,45.0,8,0.33333333333333337,529.592306307031,13817.578135434554,831.1912576367293,False,True
-37.27682997698368,-167.4497145162121,40,40,40,40,9,14621.22030233733,0.6273531876594064,0.3726468123405936,4.367012231871797,60.0,9,0.25,412.5936131601795,13817.578135434554,831.1912576367293,False,False
-37.324848691190525,55.04252143376171,17,17,17,17,4,5169.435485978661,0.2877312518929211,0.7122687481070789,1.807928896663216,45.0,6,0.5,412.5936131601795,13817.578135434554,831.1912576367293,False,True
-37.37289811014538,-82.46524261626445,48,48,48,48,10,15198.54156102132,0.34137368281481834,0.6586263171851816,2.036623268483323,30.0,10,0.16666666666666663,529.592306307031,13817.578135434554,831.1912576367293,False,True
-37.42097832668198,140.02699333370938,38,38,37,37,7,11972.153374837488,0.4402390326947556,0.5597609673052444,2.572953665612372,30.0,11,0.08333333333333337,529.592306307031,10762.73160517834,733.577930596959,False,False
-37.46908943401883,2.5192292836832144,18,18,18,18,6,6449.510308117303,0.3842356406502679,0.6157643593497322,2.247995713996937,60.0,8,0.33333333333333337,529.592306307031,13817.578135434554,831.1912576367293,False,True
-37.51723152576138,-134.98853476634295,10,10,10,10,3,3564.6397830984147,0.3057888521727697,0.6942111478272304,1.8809678528783058,60.0,5,0.5,412.5936131601795,13817.578135434554,831.1912576367293,False,True
-37.56540469590456,87.50370118363088,34,34,34,34,13,11637.040354762968,0.578415881803215,0.421584118196785,3.744011725475981,45.0,8,0.33333333333333337,529.592306307031,13817.578135434554,831.1912576367293,False,False
-37.61360903883505,-50.00406286649951,39,39,39,39,15,13454.379066313431,0.2545124199245261,0.7454875800754739,1.6828079413442651,45.0,9,0.25,679.7681833982128,13817.578135434554,831.1912576367293,False,True
-37.6618446493336,172.48817308347432,70,70,70,66,32,25959.54987547119,0.7402276807044045,0.2597723192955955,6.69904971177547,45.0,9,0.25,679.7681833982128,13817.578135434554,831.1912576367293,False,False
-37.71011162257753,34.98040903344816,30,30,30,30,11,8689.304140588212,0.5394825889546673,0.4605174110453327,3.342941118035432,45.0,8,0.33333333333333337,679.7681833982128,13817.578135434554,831.1912576367293,False,False
-37.75841005414311,-102.52735501657799,23,23,23,23,8,8587.677437584036,0.5650795405659279,0.4349204594340721,3.598542001455722,60.0,6,0.5,529.592306307031,10762.73160517834,733.577930596959,False,False
-37.80674004000794,119.96488093339583,58,58,58,58,12,17775.27695056322,0.727610580091715,0.272389419908285,6.342429088007202,90.0,7,0.41666666666666663,412.5936131601795,13817.578135434554,831.1912576367293,False,False
-37.85510167655346,-17.54288311663032,13,13,13,13,5,4589.43243644473,0.5802953026885056,0.4197046973114944,3.7652552206620875,90.0,7,0.41666666666666663,529.592306307031,13817.578135434554,831.1912576367293,False,False
-37.903495060567465,-155.0506471666565,53,53,53,50,5,16564.872664404276,0.19308824197774596,0.806911758022254,1.4785857686620072,30.0,11,0.08333333333333337,412.5936131601795,13817.578135434554,831.1912576367293,False,True
-37.95192028924644,67.44158878331733,21,21,21,21,7,8118.219853404111,0.21967909571365613,0.7803209042863439,1.5630480857476639,75.0,6,0.5,529.592306307031,13817.578135434554,831.1912576367293,False,False
-38.00037746019824,-70.06617526670885,73,73,69,68,14,23341.221422836294,0.4234677022806048,0.5765322977193952,2.4690164070798035,30.0,11,0.08333333333333337,529.592306307031,10762.73160517834,733.577930596959,False,False
-38.04886667144453,152.42606068316078,25,25,25,25,4,9271.686714303638,0.4328097339799253,0.5671902660200747,2.5261536028003935,30.0,8,0.33333333333333337,412.5936131601795,13817.578135434554,831.1912576367293,False,False
-38.097388021423306,14.918296633134617,28,28,28,28,10,9043.387707703501,0.44075821118816716,0.5592417888118328,2.576270657901312,75.0,8,0.33333333333333337,529.592306307031,13817.578135434554,831.1912576367293,False,False
-38.14594160899158,-122.58946741689155,15,15,15,15,2,4700.5362752812625,0.367163059805927,0.632836940194073,2.1603717687318587,60.0,7,0.41666666666666663,529.592306307031,13817.578135434554,831.1912576367293,False,True
-38.19452753342788,99.90276853308228,31,31,31,31,10,10588.744145663954,0.14539042308680544,0.8546095769131945,1.3402499270180148,60.0,6,0.5,529.592306307031,10762.73160517834,733.577930596959,False,True
-38.24314589443483,-37.60499551694386,30,30,30,30,8,9970.33170653972,0.13811955545213536,0.8618804445478646,1.3205074586060292,45.0,7,0.41666666666666663,529.592306307031,13817.578135434554,831.1912576367293,False,True
-38.291796792141874,-175.11275956697006,40,40,40,40,8,15919.753082692623,0.8539472855677083,0.14605271443229173,12.693685925482582,75.0,5,0.5833333333333333,412.5936131601795,10762.73160517834,733.577930596959,False,False
-38.340480327107905,47.37947638300379,31,31,31,31,10,10649.032319822003,0.46602478937484604,0.533975210625154,2.7454922254883156,45.0,9,0.25,529.592306307031,13817.578135434554,831.1912576367293,False,False
-38.389196600323835,-90.12828766702239,27,27,27,27,6,9653.309548677129,0.30505097385078705,0.694949026149213,1.8779089181291675,45.0,8,0.33333333333333337,529.592306307031,13817.578135434554,831.1912576367293,False,True
-38.437945713215456,132.36394828284725,32,32,32,32,4,10534.83587461559,0.3534383304034841,0.646561669596516,2.0932857514552192,45.0,8,0.33333333333333337,529.592306307031,13817.578135434554,831.1912576367293,False,True
-38.48672776764602,-5.143815767178921,15,15,15,15,3,5621.674573473227,0.5226467106686761,0.4773532893313239,3.1897689713243587,75.0,8,0.33333333333333337,529.592306307031,13817.578135434554,831.1912576367293,False,False
-38.53554286591901,-142.65157981710087,13,13,13,13,3,4003.0239370321906,0.24049102385453422,0.7595089761454658,1.6332802676672356,45.0,7,0.41666666666666663,529.592306307031,17739.498905368782,941.7934727255436,False,True
-38.584391110780956,79.84065613276874,45,45,45,45,15,15636.006680050239,0.5788829948769914,0.42111700512300865,3.7492738969678943,60.0,6,0.5,529.592306307031,13817.578135434554,831.1912576367293,False,False
-38.63327260542415,-57.667107917257454,66,66,66,66,18,22389.29637151997,0.3695945625437877,0.6304054374562122,2.1725614678552314,30.0,10,0.16666666666666663,529.592306307031,13817.578135434554,831.1912576367293,False,True
-38.68218745348944,164.8251280327164,23,23,23,23,10,8154.725356346811,0.6680187190965626,0.33198128090343737,5.024436060242009,60.0,7,0.41666666666666663,529.592306307031,13817.578135434554,831.1912576367293,False,False
-38.731135759069126,27.31736398269024,37,37,37,37,11,12429.386758735265,0.715214496454609,0.284785503545391,6.022829375446867,60.0,6,0.5,529.592306307031,10762.73160517834,733.577930596959,False,False
-38.780117626709746,-110.19040006733593,25,25,25,25,8,6825.244654143802,0.1803796781092173,0.8196203218907827,1.440154235544329,45.0,9,0.25,529.592306307031,13817.578135434554,831.1912576367293,False,True
-38.82913316141496,112.3018358825337,32,32,32,32,10,10145.279106148422,0.7218542682928807,0.2781457317071193,6.190475250959275,90.0,7,0.41666666666666663,529.592306307031,13817.578135434554,831.1912576367293,False,False
-38.87818246864846,-25.20592816749246,37,37,37,37,9,11963.933767675593,0.4782383220856794,0.5217616779143206,2.833167679149528,45.0,8,0.33333333333333337,529.592306307031,13817.578135434554,831.1912576367293,False,False
-38.927265654336885,-162.71369221741443,37,37,37,37,8,13139.940121679654,0.48451128806007887,0.5154887119399212,2.8798133764626344,30.0,10,0.16666666666666663,412.5936131601795,13817.578135434554,831.1912576367293,False,False
-38.97638282487271,59.77854373245519,20,20,20,20,5,6951.392951865868,0.2016891059474951,0.7983108940525049,1.5052896245061889,30.0,9,0.25,412.5936131601795,13817.578135434554,831.1912576367293,False,True
-39.0255340871173,-77.72922031757099,48,48,48,48,5,16227.661442063087,0.2586814602490415,0.7413185397509585,1.6978955641280575,30.0,9,0.25,529.592306307031,10762.73160517834,733.577930596959,False,True
-39.074719548403856,144.76301563240287,37,37,36,36,8,13637.143708168296,0.20489648112463607,0.7951035188753639,1.5153957346697506,30.0,10,0.16666666666666663,529.592306307031,13817.578135434554,831.1912576367293,False,True
-39.12393931654036,7.255251582376693,19,19,19,19,9,5930.818617275565,0.3081431543539426,0.6918568456460574,1.890771425600907,60.0,7,0.41666666666666663,679.7681833982128,13817.578135434554,831.1912576367293,False,True
-39.173193499812726,-130.25251246764947,14,14,14,14,6,5474.680827591611,0.08659109857500748,0.9134089014249925,1.189599857062742,45.0,8,0.33333333333333337,529.592306307031,13817.578135434554,831.1912576367293,False,True
-39.22248220698784,92.23972348232437,35,35,35,35,10,13495.348677254986,0.5066417076748849,0.4933582923251151,3.0538489594941938,45.0,7,0.41666666666666663,529.592306307031,13817.578135434554,831.1912576367293,False,False
-39.27180554731653,-45.2680405677018,44,44,44,44,9,15868.456945788845,0.309154109822405,0.690845890177595,1.8950016616381147,45.0,10,0.16666666666666663,529.592306307031,13817.578135434554,831.1912576367293,False,True
-39.32116363053685,177.22419538227203,287,287,287,282,107,58195.68690528571,0.11982311878457663,0.8801768812154234,1.2722705432097117,15.0,12,0.0,529.592306307031,10762.73160517834,733.577930596959,False,True
-39.3705565668771,39.716431332141646,34,34,34,34,10,11283.695025925885,0.4569913962196211,0.543008603780379,2.683182892639588,45.0,7,0.41666666666666663,529.592306307031,13817.578135434554,831.1912576367293,False,False
-39.419984467059,-97.79133271788453,34,34,34,34,17,11633.055110648922,0.4189522837784548,0.5810477162215453,2.4420581032581294,45.0,9,0.25,679.7681833982128,13817.578135434554,831.1912576367293,False,False
-39.46944744230095,124.70090323208932,47,47,47,47,8,14988.004495044419,0.565198803140062,0.434801196859938,3.5998033456293763,45.0,8,0.33333333333333337,412.5936131601795,13817.578135434554,831.1912576367293,False,False
-39.518945604321175,-12.806860817936865,15,15,15,15,6,5371.566472181584,0.545416528964379,0.454583471035621,3.399632031150734,90.0,7,0.41666666666666663,679.7681833982128,13817.578135434554,831.1912576367293,False,False
-39.56847906534098,-150.31462486796303,19,19,19,19,3,6713.415267069613,0.25681009793420456,0.7431899020657955,1.6911022262825868,60.0,8,0.33333333333333337,412.5936131601795,17739.498905368782,941.7934727255436,False,True
-39.61804793808807,72.17761108201081,27,27,27,27,5,8832.524809874256,0.4413777641576663,0.5586222358423337,2.580237003964308,75.0,6,0.5,412.5936131601795,13817.578135434554,831.1912576367293,False,False
-39.66765233579979,-65.33015296801534,87,87,83,83,18,26329.420825976624,0.3447274488812395,0.6552725511187605,2.0521650824307507,30.0,11,0.08333333333333337,529.592306307031,10762.73160517834,733.577930596959,False,True
-39.71729237222643,157.1620829819585,20,20,20,20,5,7697.486363515949,0.6555263865916047,0.34447361340839533,4.805959940475537,45.0,7,0.41666666666666663,529.592306307031,10762.73160517834,733.577930596959,False,False
-39.766968161634665,19.654318931932316,24,24,24,24,4,8336.69118276632,0.5349457238527355,0.46505427614726447,3.3005732934421577,90.0,5,0.5833333333333333,529.592306307031,8383.263005261933,647.4281043197744,False,False
-39.81667981881088,-117.85344511819807,18,18,18,18,3,5743.191433796912,0.20355212938781578,0.7964478706121842,1.5111499117484155,45.0,8,0.33333333333333337,529.592306307031,13817.578135434554,831.1912576367293,False,True
-39.866427459064525,104.63879083177576,31,31,31,31,11,11868.413907510163,0.5595863203467795,0.44041367965322054,3.5411850094547237,60.0,6,0.5,679.7681833982128,13817.578135434554,831.1912576367293,False,False
-39.91621119823167,-32.8689732182504,29,29,29,29,11,9465.562219661479,0.3476998117649247,0.6523001882350753,2.066073007600056,45.0,7,0.41666666666666663,679.7681833982128,13817.578135434554,831.1912576367293,False,True
-39.9660311526784,-170.37673726827657,33,33,33,33,8,9533.038439362648,0.8160666157424821,0.18393338425751793,9.87350188261571,60.0,6,0.5,529.592306307031,13817.578135434554,831.1912576367293,False,False
-40.015887439304265,52.11549868169727,19,19,19,19,4,5534.982563415736,0.14275514197614797,0.8572448580238521,1.3330556973073753,45.0,9,0.25,412.5936131601795,17739.498905368782,941.7934727255436,False,True
-40.0657801755459,-85.39226536832888,38,38,38,38,9,12928.002313465407,0.44151493046030915,0.5584850695396908,2.581116325362862,45.0,8,0.33333333333333337,529.592306307031,13817.578135434554,831.1912576367293,False,False
-40.11570947938055,137.09997058164493,22,22,22,22,3,7320.465059812829,0.34348218588477625,0.6565178141152237,2.046375828651902,45.0,6,0.5,412.5936131601795,10762.73160517834,733.577930596959,False,True
-40.165675469329564,-0.40779346838121455,15,15,15,15,5,4673.191478808969,0.5220745767795089,0.47792542322049114,3.1847533167895508,75.0,6,0.5,679.7681833982128,13817.578135434554,831.1912576367293,False,False
-40.21567826446214,-137.9155575185116,12,12,12,12,1,4126.710594921731,0.2202441489483448,0.7797558510516552,1.5649054089207586,45.0,6,0.5,412.5936131601795,13817.578135434554,831.1912576367293,False,True
-40.26571798439893,84.57667843146221,38,38,38,38,13,13016.743933755744,0.456610631811136,0.543389368188864,2.680602008585613,45.0,7,0.41666666666666663,529.592306307031,13817.578135434554,831.1912576367293,False,False
-40.31579474931562,-52.93108561845975,48,48,48,48,14,16290.433872713758,0.5251031560942783,0.47489684390572173,3.211440917465957,45.0,9,0.25,529.592306307031,13817.578135434554,831.1912576367293,False,False
-40.36590867994676,169.5611503314099,51,51,51,32,11,15397.429946348782,0.5070206631575103,0.49297933684248973,3.0569651718262865,15.0,12,0.0,412.5936131601795,5086.20960392225,504.2920584305413,False,False
-40.416059897589484,32.053386281383716,38,38,38,38,13,12144.007886301437,0.5892020131160944,0.41079798688390556,3.868573030678493,45.0,8,0.33333333333333337,529.592306307031,13817.578135434554,831.1912576367293,False,False
-40.46624852410717,-105.45437776864244,24,24,24,24,2,6863.602214165709,0.17374078809307744,0.8262592119069225,1.4205478997132177,45.0,8,0.33333333333333337,529.592306307031,13817.578135434554,831.1912576367293,False,True
-40.51647468193339,117.03785818133139,59,59,59,59,13,20618.84247342323,0.8103120570757556,0.1896879429242444,9.543632711535805,60.0,9,0.25,529.592306307031,13817.578135434554,831.1912576367293,False,False
-40.566738494075665,-20.469905868694752,19,19,19,19,5,6626.900502525215,0.3069583598069676,0.6930416401930324,1.8858294855745483,45.0,9,0.25,529.592306307031,13817.578135434554,831.1912576367293,False,True
-40.61704008411932,-157.97766991882517,31,31,31,31,7,8729.071794423668,0.22955099865613898,0.770449001343861,1.5958888862358007,30.0,11,0.08333333333333337,412.5936131601795,13817.578135434554,831.1912576367293,False,True
-40.66737957623143,64.51456603114868,17,17,17,17,5,6234.483558022038,0.29863865705209053,0.7013613429479095,1.8515971404893086,60.0,6,0.5,412.5936131601795,13817.578135434554,831.1912576367293,False,True
-40.71775709516478,-72.99319801877328,86,86,84,84,19,20989.328609051485,0.3863460947901811,0.6136539052098189,2.2591660918643797,15.0,12,0.0,529.592306307031,10762.73160517834,733.577930596959,False,True
-40.76817276626168,149.49903793109632,29,29,29,28,4,8952.650824724533,0.17354948735184703,0.826450512648153,1.4199876089271246,30.0,10,0.16666666666666663,412.5936131601795,10762.73160517834,733.577930596959,False,True
-40.81862671545818,11.991273881070171,23,23,23,23,8,7189.57950310764,0.5287275143242887,0.47127248567571134,3.243829336084402,75.0,7,0.41666666666666663,679.7681833982128,13817.578135434554,831.1912576367293,False,False
-40.86911906928799,-125.51649016895598,19,19,19,19,6,6850.153793372398,0.1511105297084659,0.8488894702915342,1.3560193287744986,30.0,11,0.08333333333333337,529.592306307031,13817.578135434554,831.1912576367293,False,True
-40.919649954886516,96.97574578101784,27,27,27,27,9,8842.046010587406,0.3746431517840539,0.6253568482159462,2.198173979713686,60.0,7,0.41666666666666663,529.592306307031,13817.578135434554,831.1912576367293,False,True
-40.97021949999508,-40.53201826900835,34,34,34,34,6,11558.99728889396,0.3031200059747084,0.6968799940252917,1.8699345900973223,45.0,8,0.33333333333333337,529.592306307031,10762.73160517834,733.577930596959,False,True
-41.020827832965004,-178.0397823191387,47,47,47,47,10,15518.017208838251,0.7658858939001485,0.2341141060998515,7.542842775765866,60.0,9,0.25,529.592306307031,10762.73160517834,733.577930596959,False,False
-41.071475082761744,44.452453630939345,28,28,28,28,7,8356.402293878891,0.4635522717753833,0.5364477282246167,2.728229042220079,30.0,9,0.25,529.592306307031,13817.578135434554,831.1912576367293,False,False
-41.12216137896922,-93.05531041908682,27,27,27,27,10,8791.678022322014,0.3562555419821281,0.643744458017872,2.106822862845485,60.0,9,0.25,679.7681833982128,13817.578135434554,831.1912576367293,False,True
-41.172886851793976,129.4369255307828,36,36,36,36,10,11819.897372990137,0.6522806862381344,0.3477193137618656,4.7517656363767395,75.0,7,0.41666666666666663,529.592306307031,13817.578135434554,831.1912576367293,False,False
-41.2236516320695,-8.070838519243352,19,19,19,19,5,6213.3597037920335,0.4689179676091249,0.5310820323908751,2.7658965621491873,75.0,7,0.41666666666666663,529.592306307031,13817.578135434554,831.1912576367293,False,False
-41.27445585126056,-145.57860256926955,13,13,13,13,2,4473.678349578622,0.30145984598953307,0.698540154010467,1.8631138647042356,45.0,9,0.25,412.5936131601795,17739.498905368782,941.7934727255436,False,True
-41.32529964146762,76.9136333807043,36,36,36,36,9,12780.724433532314,0.7006718383241061,0.29932816167589393,5.681629916818708,75.0,6,0.5,529.592306307031,13817.578135434554,831.1912576367293,False,False
-41.37618313543111,-60.594130669321885,80,80,80,80,23,29513.11210704095,0.7658567786027974,0.23414322139720256,7.541780488307124,45.0,8,0.33333333333333337,529.592306307031,10762.73160517834,733.577930596959,False,False
-41.42710646653603,161.89810528065195,28,28,28,28,5,8304.466130245251,0.476085304089059,0.523914695910941,2.817415345684396,45.0,8,0.33333333333333337,412.5936131601795,13817.578135434554,831.1912576367293,False,False
-41.47806976881634,24.390341230625793,37,37,37,37,7,12288.770088652176,0.6659119046130052,0.3340880953869948,4.9864449754885065,75.0,7,0.41666666666666663,529.592306307031,13817.578135434554,831.1912576367293,False,False
-41.52907317695949,-113.11742281940036,19,19,19,19,7,6245.6921634254495,0.1810594480480179,0.8189405519519821,1.4421797103988916,45.0,8,0.33333333333333337,529.592306307031,13817.578135434554,831.1912576367293,False,True
-41.58011682631102,109.37481313046925,29,29,29,29,10,10208.680741547529,0.5323784354960839,0.4676215645039161,3.2769627233118133,60.0,7,0.41666666666666663,679.7681833982128,13817.578135434554,831.1912576367293,False,False
-41.63120085287919,-28.132950919556947,38,38,38,38,11,12342.449202724194,0.520897519975795,0.47910248002420497,3.174472233787972,45.0,7,0.41666666666666663,529.592306307031,13817.578135434554,831.1912576367293,False,False
-41.68232539333951,-165.6407149695831,26,26,26,26,8,8384.145600067965,0.27502197186724636,0.7249780281327536,1.7587042950131617,45.0,8,0.33333333333333337,529.592306307031,13817.578135434554,831.1912576367293,False,True
-41.73349058503957,56.851520980390745,17,17,17,17,3,5230.418602739507,0.22267653083823388,0.7773234691617661,1.5729314491902815,45.0,9,0.25,412.5936131601795,13817.578135434554,831.1912576367293,False,True
-41.7846965660037,-80.65624306963542,45,45,45,45,10,15784.811542139932,0.39011262545857145,0.6098873745414286,2.2792939868673137,45.0,8,0.33333333333333337,529.592306307031,13817.578135434554,831.1912576367293,False,True
-41.83594347493772,141.8359928803384,25,25,25,25,7,9388.466595402493,0.08673648226377145,0.9132635177362285,1.1899484225073862,45.0,8,0.33333333333333337,412.5936131601795,13817.578135434554,831.1912576367293,False,True
-41.887231451233816,4.328228830312248,18,18,18,18,8,6759.3599627186395,0.3582932641186261,0.641706735881374,2.1166884936201145,75.0,6,0.5,679.7681833982128,13817.578135434554,831.1912576367293,False,False
-41.938560634975396,-133.17953521971393,14,14,14,14,2,4843.465117765313,0.5333989344445167,0.4666010655554833,3.286316829600512,60.0,6,0.5,529.592306307031,13817.578135434554,831.1912576367293,False,False
-41.98993116694194,89.31270073025992,39,39,39,39,11,12578.962502677128,0.527328755330278,0.472671244669722,3.2312707247454746,30.0,10,0.16666666666666663,529.592306307031,13817.578135434554,831.1912576367293,False,False
-42.04134318861399,-48.195063319870485,31,31,31,31,14,11876.705851806895,0.3878923286611834,0.6121076713388166,2.267399011068677,60.0,8,0.33333333333333337,679.7681833982128,13817.578135434554,831.1912576367293,False,True
-42.09279684217814,174.29717263010338,50,50,50,44,11,14877.511722426894,0.4524624033713602,0.5475375966286398,2.6527172057492043,30.0,11,0.08333333333333337,529.592306307031,13817.578135434554,831.1912576367293,False,False
-42.144292270532105,36.7894085800772,35,35,35,35,9,13221.744992209457,0.5276653067108988,0.47233469328910116,3.2342856208020763,45.0,8,0.33333333333333337,529.592306307031,13817.578135434554,831.1912576367293,False,False
-42.19582961728972,-100.71835546994896,37,37,37,37,12,12120.932864152204,0.4315058350520366,0.5684941649479633,2.51806601248593,45.0,10,0.16666666666666663,529.592306307031,13817.578135434554,831.1912576367293,False,False
-42.24740902678616,121.77388048002487,49,49,49,49,12,16713.66706772278,0.7077126702157912,0.2922873297842088,5.842581926067644,45.0,9,0.25,529.592306307031,13817.578135434554,831.1912576367293,False,False
-42.29903064408311,-15.733883570001296,20,20,20,20,10,6616.679035619382,0.4449487609910303,0.5550512390089697,2.6032709404828114,45.0,8,0.33333333333333337,679.7681833982128,13817.578135434554,831.1912576367293,False,False
-42.35069461497391,-153.24164762002746,23,23,23,23,1,8160.251271798057,0.18158116369814614,0.8184188363018539,1.4437365213113798,45.0,10,0.16666666666666663,412.5936131601795,10762.73160517834,733.577930596959,False,True
-42.40240108598896,69.25058832994637,31,31,31,31,6,10815.439078238485,0.6485854770305686,0.35141452296943143,4.691284421315662,45.0,8,0.33333333333333337,412.5936131601795,13817.578135434554,831.1912576367293,False,False
-42.45415020440094,-68.25717572018402,67,67,65,65,12,23805.63976034779,0.5620953646304849,0.43790463536951507,3.5672044515179637,15.0,12,0.0,529.592306307031,10762.73160517834,733.577930596959,False,False
-42.5059421182302,154.2350602297898,22,22,22,22,2,7217.618396259875,0.3802116746473593,0.6197883253526407,2.2269081526536674,45.0,9,0.25,529.592306307031,13817.578135434554,831.1912576367293,False,True
-42.55777697625024,16.72729617986787,23,23,23,23,7,6376.932071857049,0.4161533143577675,0.5838466856422325,2.42555682713176,75.0,8,0.33333333333333337,529.592306307031,13817.578135434554,831.1912576367293,False,False
-42.609654927993134,-120.78046787026253,19,19,19,19,4,5910.579716768147,0.10344041915532186,0.8965595808446781,1.2307496821524504,45.0,9,0.25,529.592306307031,17739.498905368782,941.7934727255436,False,True
-42.66157612375503,101.71176807971132,33,33,33,33,14,10341.531793352351,0.6294803318016075,0.37051966819839255,4.397824114775769,60.0,6,0.5,679.7681833982128,13817.578135434554,831.1912576367293,False,False
-42.71354071460183,-35.795995970314834,34,34,34,34,13,12746.098204534743,0.12515714315017337,0.8748428568498267,1.2861248558417562,30.0,10,0.16666666666666663,529.592306307031,13817.578135434554,831.1912576367293,False,True
-42.76554885237471,-173.303760020341,35,35,35,35,4,13300.804227035522,0.6910862280924023,0.3089137719075977,5.474298596820863,60.0,7,0.41666666666666663,529.592306307031,10762.73160517834,733.577930596959,False,False
-42.8176006896958,49.18847592963282,23,23,23,23,8,8598.635130420098,0.44161968368317067,0.5583803163168293,2.581788149683243,30.0,9,0.25,529.592306307031,13817.578135434554,831.1912576367293,False,False
-42.869696379974044,-88.31928812049756,34,34,34,34,7,11698.087036445444,0.3522769681534971,0.6477230318465028,2.087739514678798,60.0,7,0.41666666666666663,529.592306307031,13817.578135434554,831.1912576367293,False,True
-42.92183607741086,134.1729478295805,29,29,29,29,2,8740.171271767373,0.4238642817515071,0.576135718248493,2.4714042831438903,45.0,9,0.25,412.5936131601795,17739.498905368782,941.7934727255436,False,False
-42.974019937006005,-3.3348162204457026,19,19,19,19,5,5764.569832558993,0.46166639008154303,0.538333609918457,2.715168369857022,75.0,6,0.5,529.592306307031,13817.578135434554,831.1912576367293,False,False
-43.02624811456353,-140.84258027057606,18,18,18,18,4,5124.658923875723,0.5812047981253644,0.4187952018746356,3.7756039014952485,45.0,7,0.41666666666666663,529.592306307031,13817.578135434554,831.1912576367293,False,False
-43.0785207666977,81.64965567939777,37,37,37,37,13,12913.073590973301,0.6757634284269117,0.3242365715730883,5.168335639303931,45.0,7,0.41666666666666663,529.592306307031,13817.578135434554,831.1912576367293,False,False
-43.13083805083894,-55.85810837062837,55,55,55,55,13,16853.98428363833,0.8748969365497234,0.12510306345027655,14.986818746408394,105.0,6,0.5,529.592306307031,13817.578135434554,831.1912576367293,False,False
-43.18320012524005,166.63412757934543,44,44,44,31,5,13458.949259979021,0.39781673973421894,0.6021832602657811,2.3212480850385564,15.0,12,0.0,412.5936131601795,10762.73160517834,733.577930596959,False,True
-43.23560714898219,29.126363529319274,46,46,46,46,12,15504.340388607696,0.7417132632897072,0.2582867367102928,6.74333217986063,75.0,7,0.41666666666666663,529.592306307031,10762.73160517834,733.577930596959,False,False
-43.28805928198112,-108.38140052081113,22,22,22,22,4,7930.471606953161,0.17669265622620775,0.8233073437737922,1.4292264791816431,45.0,7,0.41666666666666663,529.592306307031,13817.578135434554,831.1912576367293,False,True
-43.34055668499345,114.11083542926694,46,46,46,46,10,15305.334522470488,0.698920486814543,0.301079513185457,5.642763497388987,45.0,8,0.33333333333333337,679.7681833982128,13817.578135434554,831.1912576367293,False,False
-43.39309951962297,-23.39692862075924,34,34,34,34,10,11877.646519215707,0.2745546166674082,0.7254453833325918,1.7569270491629396,30.0,10,0.16666666666666663,529.592306307031,13817.578135434554,831.1912576367293,False,True
-43.445687948326885,-160.9046926708896,25,25,25,25,5,8094.989119149373,0.1499131844704428,0.8500868155295572,1.3527008812083627,30.0,9,0.25,412.5936131601795,13817.578135434554,831.1912576367293,False,True
-43.498322134422395,61.58754327908422,18,18,18,18,4,6809.401390875088,0.22799302975717292,0.772006970242827,1.590650184636183,60.0,7,0.41666666666666663,412.5936131601795,13817.578135434554,831.1912576367293,False,True
-43.55100224209313,-75.92022077094197,41,41,41,41,6,12360.409444491796,0.7036902946910527,0.2963097053089473,5.749694539754276,60.0,9,0.25,412.5936131601795,10762.73160517834,733.577930596959,False,False
-43.603728436395635,146.5720151790319,35,35,35,34,4,10411.518078472373,0.217518262166136,0.782481737833864,1.5559701949550657,30.0,10,0.16666666666666663,412.5936131601795,13817.578135434554,831.1912576367293,False,True
-43.656500883266055,9.064251129005726,23,23,23,23,4,6931.042120168799,0.48187099024411106,0.5181290097558889,2.860042503588593,75.0,7,0.41666666666666663,529.592306307031,13817.578135434554,831.1912576367293,False,False
-43.709319749526806,-128.44351292102044,16,16,16,16,5,5444.944057094181,0.18904305016244763,0.8109569498375524,1.4662221593891411,60.0,7,0.41666666666666663,529.592306307031,17739.498905368782,941.7934727255436,False,True
-43.76218520289325,94.04872302895339,24,24,24,24,8,8591.69917545414,0.5673117348047586,0.4326882651952414,3.6222654064758206,60.0,6,0.5,529.592306307031,13817.578135434554,831.1912576367293,False,False
-43.8150974119806,-43.45904102107278,33,33,33,33,8,11950.85895925507,0.44495198778749945,0.5550480122125006,2.6032918882597467,45.0,10,0.16666666666666663,529.592306307031,10762.73160517834,733.577930596959,False,False
-43.86805654631077,179.03319492879683,34,34,34,34,11,14049.887530232088,0.4995361779976607,0.5004638220023393,2.996292862884805,45.0,9,0.25,529.592306307031,8383.263005261933,647.4281043197744,False,False
-43.921062776319175,41.52543087877068,22,22,22,22,11,6020.157602271309,0.47124450240542615,0.5287554975945739,2.782466582566884,45.0,7,0.41666666666666663,679.7681833982128,13817.578135434554,831.1912576367293,False,False
-43.97411627336197,-95.9823331712555,31,31,31,31,12,10599.11555690477,0.36420123695426526,0.6357987630457347,2.145649403939049,45.0,9,0.25,679.7681833982128,13817.578135434554,831.1912576367293,False,True
-44.027217209723,126.50990277871834,41,41,41,41,8,12189.675880916668,0.5654825630181233,0.4345174369818767,3.6028072288464177,30.0,10,0.16666666666666663,529.592306307031,13817.578135434554,831.1912576367293,False,False
-44.0803657586209,-10.99786127130784,20,20,20,20,8,6395.0351225395825,0.3952251212034992,0.6047748787965008,2.3070156683425584,90.0,6,0.5,529.592306307031,13817.578135434554,831.1912576367293,False,False
-44.13356209421643,-148.50562532133398,18,18,18,18,3,6707.563693200211,0.4176617759491349,0.5823382240508651,2.434430228686667,60.0,8,0.33333333333333337,412.5936131601795,13817.578135434554,831.1912576367293,False,False
-44.18680639161973,73.98661062863985,28,28,28,28,9,10634.897973275953,0.7605604579827725,0.2394395420172275,7.352839230940816,105.0,4,0.6666666666666667,529.592306307031,13817.578135434554,831.1912576367293,False,False
-44.24009882689759,-63.521153421386316,58,58,58,58,13,19381.091396823715,0.8065654446489191,0.1934345553510809,9.339414260135834,75.0,8,0.33333333333333337,529.592306307031,10762.73160517834,733.577930596959,False,False
-44.29343957708101,158.97108252858752,24,24,24,24,4,7723.781994474085,0.5827688124618496,0.41723118753815036,3.793505518609215,45.0,7,0.41666666666666663,529.592306307031,13817.578135434554,831.1912576367293,False,False
-44.34682882017269,21.46331847845713,30,30,30,30,6,9872.063182983778,0.4828914256182402,0.5171085743817598,2.8676597122589635,75.0,7,0.41666666666666663,529.592306307031,13817.578135434554,831.1912576367293,False,False
-44.400266735154496,-116.04444557156904,16,16,16,16,3,4817.87204307852,0.23558429209578902,0.764415707904211,1.6163774230691503,75.0,6,0.5,529.592306307031,13817.578135434554,831.1912576367293,False,False
-44.45375350199529,106.4477903784048,34,34,34,34,14,10916.42359143961,0.6428470577242931,0.35715294227570693,4.599841869582261,60.0,6,0.5,529.592306307031,13817.578135434554,831.1912576367293,False,False
-44.50728930165855,-31.05997367162138,37,37,37,37,14,13742.947150793607,0.27235706395515513,0.7276429360448449,1.748600860294395,45.0,8,0.33333333333333337,679.7681833982128,13817.578135434554,831.1912576367293,False,True
-44.56087431611022,-168.56773772164755,31,31,31,31,4,10841.993006550489,0.6087545049743762,0.3912454950256238,4.111879946040054,45.0,8,0.33333333333333337,529.592306307031,10762.73160517834,733.577930596959,False,False
-44.61450872832663,53.9244982283263,12,12,12,12,4,3721.1339691270496,0.04760535904207706,0.9523946409579229,1.0999698171215986,45.0,7,0.41666666666666663,412.5936131601795,13817.578135434554,831.1912576367293,False,True
-44.668192722302436,-83.58326582169985,39,39,39,39,11,12996.87527592332,0.6118837534783474,0.38811624652165255,4.153095285044766,75.0,6,0.5,529.592306307031,13817.578135434554,831.1912576367293,False,False
-44.721926483058645,138.90897012827398,29,29,29,29,7,10256.579218473224,0.19849199888090827,0.8015080011190917,1.495296362865417,60.0,8,0.33333333333333337,679.7681833982128,17739.498905368782,941.7934727255436,False,True
-44.77571019665085,1.401206078143582,16,16,16,16,4,4833.06230227218,0.33800077375377796,0.661999226246222,2.02115156741305,60.0,7,0.41666666666666663,529.592306307031,13817.578135434554,831.1912576367293,False,True
-44.829544050177375,-136.10655797177836,14,14,14,14,2,5169.568632469812,0.34260042238612104,0.657399577613879,2.042289755127728,45.0,7,0.41666666666666663,529.592306307031,13817.578135434554,831.1912576367293,False,True
-44.88342823178755,86.38567797819547,32,32,32,32,11,12433.842175588008,0.7067152851295834,0.29328471487041663,5.819312083426064,45.0,8,0.33333333333333337,529.592306307031,13817.578135434554,831.1912576367293,False,False
-44.93736293069019,-51.122086071934916,48,48,48,48,15,17413.04904264187,0.670787786765974,0.32921221323402605,5.075108758429525,45.0,10,0.16666666666666663,529.592306307031,13817.578135434554,831.1912576367293,False,False
-44.99134833716202,171.37014987803892,45,45,45,34,6,13812.79940235406,0.09066887844720299,0.909331121552797,1.1994188394044505,30.0,11,0.08333333333333337,412.5936131601795,13817.578135434554,831.1912576367293,False,True
-45.04538464255619,33.862385828012755,30,30,30,30,8,9509.953422822782,0.5663684801663789,0.43363151983362114,3.612210848435036,90.0,5,0.5833333333333333,529.592306307031,13817.578135434554,831.1912576367293,False,False
-45.09947203931102,-103.64537822201339,29,29,29,29,6,9370.692533963052,0.3721316748354505,0.6278683251645495,2.185381265213287,45.0,9,0.25,529.592306307031,13817.578135434554,831.1912576367293,False,True
-45.15361072095868,118.84685772796043,58,58,58,58,15,19031.025233455723,0.7596599102157826,0.2403400897842174,7.321541369963056,60.0,7,0.41666666666666663,529.592306307031,13817.578135434554,831.1912576367293,False,False
-45.20780088213397,-18.66090632216998,22,22,22,22,9,7212.552427004437,0.18524785976029842,0.8147521402397015,1.4547342697517753,45.0,9,0.25,529.592306307031,13817.578135434554,831.1912576367293,False,True
-45.26204271858335,-156.16867037209192,22,22,22,22,4,6722.224572668884,0.10038000789673474,0.8996199921032653,1.2231609096682066,45.0,9,0.25,412.5936131601795,10762.73160517834,733.577930596959,False,True
-45.316336427173916,66.32356557788192,36,36,36,36,7,13202.93427283828,0.513845265654468,0.486154734345532,3.1139165346037956,45.0,8,0.33333333333333337,412.5936131601795,13817.578135434554,831.1912576367293,False,False
-45.3706822059024,-71.18419847224845,61,61,60,60,12,19188.572891369382,0.7555329309694883,0.24446706903051174,7.181060982697762,75.0,8,0.33333333333333337,529.592306307031,13817.578135434554,831.1912576367293,False,False
-45.425080253904525,151.30803747772538,25,25,25,25,6,7707.494384347839,0.19611048122053026,0.8038895187794697,1.4879040630316496,30.0,10,0.16666666666666663,679.7681833982128,13817.578135434554,831.1912576367293,False,True
-45.47953077146425,13.800273427699205,23,23,23,23,6,7011.022155123384,0.38156864967694,0.6184313503230601,2.2339887021497655,75.0,6,0.5,529.592306307031,13817.578135434554,831.1912576367293,False,False
-45.53403396002306,-123.70749062232696,19,19,19,19,3,5656.324911107116,0.2412705854362079,0.7587294145637921,1.6359858489865426,45.0,8,0.33333333333333337,529.592306307031,17739.498905368782,941.7934727255436,False,True
-45.58859002218963,98.78474532764687,25,25,25,25,12,8223.24698489521,0.5758982269293629,0.4241017730706371,3.715849182896215,75.0,5,0.5833333333333333,679.7681833982128,13817.578135434554,831.1912576367293,False,False
-45.64319916174932,-38.723018722379265,41,41,41,41,12,14474.520217935675,0.3850544176695949,0.6149455823304051,2.252320298685253,30.0,9,0.25,529.592306307031,13817.578135434554,831.1912576367293,False,True
-45.69786158367385,-176.23078277240546,26,26,26,26,7,6930.765390920982,0.5351218939546041,0.4648781060453959,3.3022030377242535,75.0,8,0.33333333333333337,529.592306307031,10762.73160517834,733.577930596959,False,False
-45.752577494131145,46.26145317756838,28,28,28,28,11,10159.994950292357,0.687953872187475,0.31204612781252505,5.409308822449432,60.0,8,0.33333333333333337,529.592306307031,13817.578135434554,831.1912576367293,False,False
-45.80734710049527,-91.24631087256199,38,38,38,38,11,12160.9002766229,0.344285055991302,0.655714944008698,2.0501058703543444,45.0,8,0.33333333333333337,529.592306307031,13817.578135434554,831.1912576367293,False,True
-45.862170611356284,131.2459250774118,37,37,37,37,10,12520.948346551482,0.46382953081272954,0.5361704691872704,2.73015694622572,30.0,9,0.25,529.592306307031,13817.578135434554,831.1912576367293,False,False
-45.91704823653055,-6.261838972614328,21,21,21,21,7,7096.699519529009,0.2692161652372419,0.7307838347627581,1.7367874121754219,75.0,7,0.41666666666666663,529.592306307031,13817.578135434554,831.1912576367293,False,False
-45.971980187070834,-143.7696030226405,23,23,23,23,4,7310.072938914117,0.22440988176345947,0.7755901182365406,1.578681642498747,45.0,10,0.16666666666666663,412.5936131601795,17739.498905368782,941.7934727255436,False,True
-46.026966675276626,78.72263292733332,30,30,30,30,13,11893.404927795571,0.8903244142561021,0.10967558574389791,17.235598984355324,105.0,4,0.6666666666666667,679.7681833982128,13817.578135434554,831.1912576367293,False,False
-46.08200791470465,-58.78513112269286,61,61,61,61,15,18362.918346203594,0.850233535928204,0.14976646407179595,12.354124452328847,75.0,7,0.41666666666666663,529.592306307031,13817.578135434554,831.1912576367293,False,False
-46.13710412017939,163.707104827281,22,22,22,22,2,6872.351624958784,0.23173993691512723,0.7682600630848728,1.6032851323407291,30.0,10,0.16666666666666663,529.592306307031,13817.578135434554,831.1912576367293,False,True
-46.192255507803694,26.19934077725483,56,56,56,56,14,18328.75346754381,0.7290036324508413,0.2709963675491587,6.3801727236701815,90.0,6,0.5,529.592306307031,10762.73160517834,733.577930596959,False,False
-46.247462294969665,-111.30842327287556,20,20,20,20,6,5866.898089669266,0.32565796089357457,0.6743420391064254,1.9658539495034475,75.0,6,0.5,529.592306307031,13817.578135434554,831.1912576367293,False,False
-46.3027247003695,111.18381267709827,34,34,34,34,12,9638.018411454032,0.7179772454659097,0.2820227545340903,6.091626359383864,60.0,7,0.41666666666666663,679.7681833982128,13817.578135434554,831.1912576367293,False,False
-46.35804294400648,-26.32395137282367,40,40,40,40,9,14170.68697491439,0.3938613502624623,0.6061386497375377,2.2995751068934704,45.0,8,0.33333333333333337,529.592306307031,13817.578135434554,831.1912576367293,False,True
-46.413417247206134,-163.83171542295406,32,32,32,32,4,11845.865462027845,0.41385790289976426,0.5861420971002358,2.412141884867862,30.0,9,0.25,529.592306307031,10762.73160517834,733.577930596959,False,False
-46.46884783262755,58.66052052701978,17,17,17,17,4,5515.349702572181,0.5360227807653876,0.46397721923461244,3.310556460722891,60.0,7,0.41666666666666663,412.5936131601795,13817.578135434554,831.1912576367293,False,False
-46.52433492427465,-78.8472435230064,38,38,38,38,12,12280.176358284498,0.6250265635672151,0.3749734364327849,4.333711153052587,45.0,9,0.25,529.592306307031,10762.73160517834,733.577930596959,False,False
-46.57987874750777,143.64499242696743,28,28,28,28,5,8988.208017472041,0.13885873763458112,0.8611412623654189,1.322499324334217,30.0,9,0.25,529.592306307031,13817.578135434554,831.1912576367293,False,True
-46.63547952905531,6.137228376941281,25,25,25,25,4,9059.895878159648,0.36309000063028635,0.6369099993697136,2.1401610933714355,60.0,8,0.33333333333333337,529.592306307031,13817.578135434554,831.1912576367293,False,True
-46.69113749702538,-131.37053567308487,17,17,17,17,4,5033.2587155261535,0.13251865751268832,0.8674813424873117,1.3055250897563289,45.0,8,0.33333333333333337,529.592306307031,17739.498905368782,941.7934727255436,False,True
-46.74685288091785,91.12170027678472,25,25,25,25,7,8055.466635811937,0.7085056126249175,0.2914943873750825,5.861195572271811,75.0,6,0.5,529.592306307031,13817.578135434554,831.1912576367293,False,False
-46.802625911636255,-46.38606377313721,45,45,45,45,10,15850.533222142472,0.430914611235401,0.569085388764599,2.5144110874849677,30.0,11,0.08333333333333337,529.592306307031,13817.578135434554,831.1912576367293,False,False
-46.85845682149996,176.1061721767324,31,31,31,24,6,8756.793401543593,0.3932023933635848,0.6067976066364151,2.295991905911344,60.0,9,0.25,412.5936131601795,8383.263005261933,647.4281043197744,False,True
-46.914345844256516,38.59840812670623,32,32,32,32,12,10927.365036798717,0.7472452505496127,0.25275474945038734,6.912808777476902,60.0,7,0.41666666666666663,679.7681833982128,13817.578135434554,831.1912576367293,False,False
-46.970293215094046,-98.90935592331994,38,38,38,38,14,12782.52528040932,0.36834305419603297,0.631656945803967,2.1662756394682225,45.0,8,0.33333333333333337,529.592306307031,10762.73160517834,733.577930596959,False,True
-47.02629917065377,123.5828800266539,47,47,47,47,12,15358.801475148892,0.6158723015163317,0.38412769848366835,4.206601887588256,45.0,9,0.25,529.592306307031,13817.578135434554,831.1912576367293,False,False
-47.0823639490428,-13.924884023372272,24,24,24,24,9,8351.464450455907,0.2948164161126403,0.7051835838873597,1.836140893942681,45.0,9,0.25,529.592306307031,13817.578135434554,831.1912576367293,False,True
-47.13848778984694,-151.43264807339844,23,23,23,23,4,8145.973861461352,0.29615800453560415,0.7038419954643959,1.841546842740461,60.0,9,0.25,412.5936131601795,10762.73160517834,733.577930596959,False,True
-47.19467093414365,71.05958787647118,32,32,32,32,7,10708.159619481014,0.6166753304766558,0.3833246695233442,4.217509226544057,45.0,7,0.41666666666666663,529.592306307031,13817.578135434554,831.1912576367293,False,False
-47.25091362451525,-66.44817617345075,53,53,53,53,11,17572.53757644238,0.7321300882136023,0.26786991178639774,6.466310742636974,60.0,8,0.33333333333333337,529.592306307031,13817.578135434554,831.1912576367293,False,False
-47.3072161050622,156.04405977652306,18,18,18,18,4,6186.657619525548,0.14797857144058377,0.8520214285594162,1.3473588022094316,30.0,9,0.25,529.592306307031,13817.578135434554,831.1912576367293,False,True
-47.36357862141648,18.536295726392684,18,18,18,18,8,5437.809702471741,0.3201647667447212,0.6798352332552788,1.9418893022406767,75.0,7,0.41666666666666663,529.592306307031,13817.578135434554,831.1912576367293,False,False
-47.420001420755256,-118.97146832363347,18,18,18,18,2,5847.062565163258,0.11788474535832885,0.8821152546416712,1.2672774214889082,45.0,6,0.5,529.592306307031,13817.578135434554,831.1912576367293,False,True
-47.47648475181462,103.52076762634036,33,33,33,33,13,12261.936461003545,0.6819643227772335,0.3180356772227665,5.288602641895142,75.0,5,0.5833333333333333,529.592306307031,13817.578135434554,831.1912576367293,False,False
-47.53302886490341,-33.98699642368581,35,35,35,35,11,12253.023863716038,0.44485200456519436,0.5551479954348056,2.602642928456493,45.0,8,0.33333333333333337,529.592306307031,13817.578135434554,831.1912576367293,False,False
-47.5896340119174,-171.49476047371198,18,18,18,18,4,6282.859897815299,0.4221828049743316,0.5778171950256684,2.4613023240181593,45.0,9,0.25,529.592306307031,13817.578135434554,831.1912576367293,False,False
-47.64630044635347,50.997475476261855,12,12,12,12,6,3691.5807631919038,0.31230838829215823,0.6876916117078418,1.9082803482699422,60.0,6,0.5,679.7681833982128,13817.578135434554,831.1912576367293,False,True
-47.70302842332396,-86.51028857376429,40,40,40,40,13,13016.557275613908,0.5359348136449563,0.4640651863550437,3.3097393616375577,45.0,8,0.33333333333333337,529.592306307031,13817.578135434554,831.1912576367293,False,False
-47.75981819957128,135.9819473761053,31,31,31,31,9,9584.189383790652,0.38787467819889987,0.6121253218011001,2.2673047965329336,60.0,8,0.33333333333333337,679.7681833982128,13817.578135434554,831.1912576367293,False,True
-47.81667003348264,-1.5258166739208718,22,22,22,22,3,6598.304695913227,0.5740718725628949,0.42592812743710506,3.6956279033141133,75.0,6,0.5,529.592306307031,13817.578135434554,831.1912576367293,False,False
-47.87358418510487,-139.03358072394704,16,16,16,16,2,5270.37930080505,0.39546916241853547,0.6045308375814645,2.3083506674388414,45.0,8,0.33333333333333337,412.5936131601795,13817.578135434554,831.1912576367293,False,True
-47.930560916159614,83.4586552260268,27,27,27,27,11,9442.804940250087,0.9057277616652313,0.09427223833476872,20.215153425103054,75.0,5,0.5833333333333333,529.592306307031,13817.578135434554,831.1912576367293,False,False
-47.987600490058476,-54.04910882389515,64,64,64,64,17,20959.31399937065,0.5481483273769104,0.45185167262308956,3.426231263878252,30.0,11,0.08333333333333337,529.592306307031,13817.578135434554,831.1912576367293,False,False
-48.04470317191846,168.44312712587026,20,20,20,20,5,7022.670416218371,0.4431648882392706,0.5568351117607294,2.5917275289554564,45.0,9,0.25,529.592306307031,13817.578135434554,831.1912576367293,False,False
-48.101869228577605,30.935363075948306,38,38,38,38,11,11047.894944345611,0.6237108227977964,0.37628917720220356,4.315061184779374,90.0,6,0.5,529.592306307031,13817.578135434554,831.1912576367293,False,False
-48.159098928610796,-106.57240097407785,31,31,31,31,4,10508.587328615522,0.4146177305517904,0.5853822694482096,2.416570853581252,105.0,5,0.5833333333333333,529.592306307031,13817.578135434554,831.1912576367293,False,False
-48.21639254234562,115.91983497589598,54,54,54,54,12,16957.56859891682,0.7182098990425314,0.2817901009574686,6.097481399113683,60.0,8,0.33333333333333337,529.592306307031,13817.578135434554,831.1912576367293,False,False
-48.27375034187871,-21.587929074130216,27,27,27,27,6,9942.220595290384,0.11599507043569388,0.8840049295643061,1.2624308226264387,30.0,10,0.16666666666666663,529.592306307031,13817.578135434554,831.1912576367293,False,True
-48.33117260109194,-159.09569312415636,35,35,35,35,3,12353.130572013166,0.2802104777661006,0.7197895222338995,1.7785900436462443,45.0,7,0.41666666666666663,529.592306307031,10762.73160517834,733.577930596959,False,True
-48.38865959566905,63.396542825713254,31,31,31,31,6,10565.304995396595,0.6950387208719759,0.30496127912802407,5.558209638018967,75.0,7,0.41666666666666663,412.5936131601795,13817.578135434554,831.1912576367293,False,False
-48.44621160311238,-74.11122122431289,62,62,61,60,7,18357.10746624707,0.6602034272840053,0.3397965727159947,4.8858745513940764,45.0,9,0.25,412.5936131601795,10762.73160517834,733.577930596959,False,False
-48.50382890275988,148.38101472566092,26,26,26,26,4,10117.973760264402,0.2346716472229736,0.7653283527770264,1.613257424402108,30.0,9,0.25,412.5936131601795,13817.578135434554,831.1912576367293,False,True
-48.56151177580208,10.87325067563476,19,19,19,19,5,6503.3990698886855,0.39208288751721865,0.6079171124827814,2.289922193227696,75.0,7,0.41666666666666663,529.592306307031,13817.578135434554,831.1912576367293,False,False
-48.61926050529968,-126.63451337439142,21,21,21,21,1,7124.885346713386,0.07557487117316888,0.9244251288268311,1.163506743415942,30.0,10,0.16666666666666663,529.592306307031,13817.578135434554,831.1912576367293,False,True
-48.67707537620094,95.8577225754782,21,21,21,21,9,6860.703860175575,0.6931067382016447,0.3068932617983553,5.516923793895818,60.0,6,0.5,679.7681833982128,13817.578135434554,831.1912576367293,False,False
-48.734956675359555,-41.65004147454795,42,42,42,42,13,13199.441193305745,0.46551401590426034,0.5344859840957397,2.7419129023255184,45.0,7,0.41666666666666663,529.592306307031,13817.578135434554,831.1912576367293,False,False
-48.79290469155255,-179.15780552457412,24,24,24,24,8,7345.8646281317,0.792829453268633,0.20717054673136703,8.653881941979671,75.0,7,0.41666666666666663,529.592306307031,6529.857028264046,571.395529745554,False,False
-48.85091971549862,43.33443042550393,22,22,22,22,9,7795.362777718117,0.7883814681738202,0.21161853182617985,8.450968129968734,75.0,5,0.5833333333333333,529.592306307031,13817.578135434554,831.1912576367293,False,False
-48.90900203987648,-94.17333362452223,36,36,36,36,14,11028.568394227157,0.3043976026956841,0.695602397304316,1.8752057321116866,45.0,8,0.33333333333333337,529.592306307031,13817.578135434554,831.1912576367293,False,True
-48.967151959343504,128.3189023254516,39,39,39,39,9,12300.909381011623,0.6921520454579848,0.3078479545420152,5.496713622721308,45.0,9,0.25,529.592306307031,13817.578135434554,831.1912576367293,False,False
-49.02536977055467,-9.188861724678816,23,23,23,23,7,6769.544495598141,0.2666241462880059,0.7333758537119941,1.7271146028015059,45.0,8,0.33333333333333337,529.592306307031,13817.578135434554,831.1912576367293,False,True
-49.08365577218167,-146.69662577470496,27,27,27,27,2,8140.507771838977,0.49596642755920073,0.5040335724407993,2.967989652583922,45.0,10,0.16666666666666663,529.592306307031,13817.578135434554,831.1912576367293,False,False
-49.14201026493221,75.79561017526888,35,35,35,35,14,13317.195795091777,0.7562467241365244,0.24375327586347562,7.2050179342827985,60.0,7,0.41666666666666663,529.592306307031,13817.578135434554,831.1912576367293,False,False
-49.20043355156967,-61.71215387475729,58,58,57,57,14,17959.7854435539,0.7230029327982624,0.27699706720173756,6.220293052934729,75.0,8,0.33333333333333337,529.592306307031,10762.73160517834,733.577930596959,False,False
-49.258925936932904,160.78008207521654,13,13,13,13,0,3423.7477089307704,0.15228719704612143,0.8477128029538785,1.3592896002407242,30.0,7,0.41666666666666663,412.5936131601795,17739.498905368782,941.7934727255436,False,True
-49.3174877279563,23.27231802508616,47,47,47,47,10,15728.724784842134,0.5875746507971273,0.41242534920287266,3.849362445508161,75.0,7,0.41666666666666663,529.592306307031,13817.578135434554,831.1912576367293,False,False
-49.376119233690154,-114.23544602494002,24,24,24,24,6,6645.350517350864,0.18443574571131807,0.815564254288682,1.4522899201171562,45.0,6,0.5,679.7681833982128,13817.578135434554,831.1912576367293,False,True
-49.434820765321255,108.25678992503383,33,33,33,33,11,10636.449936364448,0.5611843254930078,0.4388156745069922,3.5577223335219115,60.0,7,0.41666666666666663,529.592306307031,13817.578135434554,831.1912576367293,False,False
-49.493592636193654,-29.250974124992354,41,41,41,41,8,13877.814066743678,0.4890832772599179,0.5109167227400822,2.914532273036318,45.0,9,0.25,529.592306307031,13817.578135434554,831.1912576367293,False,False
-49.55243516182987,-166.7587381750185,20,20,20,20,4,7683.093839571991,0.14513347471600987,0.8548665252839901,1.3395465149785717,45.0,8,0.33333333333333337,529.592306307031,13817.578135434554,831.1912576367293,False,True
-49.61134865995222,55.733497775059554,18,18,18,18,5,5146.552293289085,0.4923351521563614,0.5076648478436385,2.9396070232067806,60.0,8,0.33333333333333337,412.5936131601795,13817.578135434554,831.1912576367293,False,False
-49.67033345050436,-81.77426627517508,41,41,41,41,16,11474.902072584471,0.5554830951647386,0.4445169048352614,3.4992664581366206,45.0,9,0.25,529.592306307031,13817.578135434554,831.1912576367293,False,False
-49.729389855673375,140.717969674903,31,31,31,31,8,10698.833125829264,0.2439526255941944,0.7560473744058056,1.6453368766366583,30.0,10,0.16666666666666663,529.592306307031,13817.578135434554,831.1912576367293,False,True
-49.788518199911856,3.210205624876836,20,20,20,20,6,5732.240907025295,0.40568234774064693,0.5943176522593531,2.3652037633356784,75.0,7,0.41666666666666663,679.7681833982128,13817.578135434554,831.1912576367293,False,False
-49.847718809960355,-134.29755842514933,21,21,21,21,3,6686.088988664,0.5349080793064124,0.4650919206935876,3.3002252049818823,45.0,9,0.25,529.592306307031,13817.578135434554,831.1912576367293,False,False
-49.90699201487023,88.1946775248245,28,28,28,28,8,10173.177193331307,0.7901144902468882,0.20988550975311182,8.529004657599272,60.0,6,0.5,529.592306307031,13817.578135434554,831.1912576367293,False,False
-49.96633814602664,-49.31308652530589,69,69,69,69,16,20681.24537361931,0.5600637971286624,0.4399362028713376,3.5461137022744955,30.0,11,0.08333333333333337,529.592306307031,13817.578135434554,831.1912576367293,False,False
-50.02575753717186,173.17914942466794,19,19,19,19,5,6576.961318676051,0.5424063948650663,0.45759360513493375,3.370690450121667,60.0,8,0.33333333333333337,529.592306307031,13817.578135434554,831.1912576367293,False,False
-50.085250524429036,35.67138537464179,37,37,37,37,13,11692.292249009668,0.7194053328115763,0.28059466718842374,6.127719211630521,75.0,6,0.5,679.7681833982128,13817.578135434554,831.1912576367293,False,False
-50.14481744632604,-101.83637867538437,36,36,36,36,9,10441.320406873207,0.33664763856842295,0.663352361431577,2.0149888901937594,75.0,7,0.41666666666666663,529.592306307031,10762.73160517834,733.577930596959,False,False
-50.204458643819706,120.65585727458945,54,54,54,54,16,18532.570246505376,0.7312884071412992,0.26871159285870083,6.442924135586807,60.0,7,0.41666666666666663,529.592306307031,13817.578135434554,831.1912576367293,False,False
-50.26417446032054,-16.851906775436703,32,32,32,32,11,8967.050850250369,0.25336690914403076,0.7466330908559693,1.6786918829262203,30.0,10,0.16666666666666663,529.592306307031,13817.578135434554,831.1912576367293,False,True
-50.32396524171754,-154.3596708255671,30,30,30,30,2,10340.142422498348,0.448083771235515,0.551916228764485,2.623738342460382,60.0,7,0.41666666666666663,529.592306307031,10762.73160517834,733.577930596959,False,False
-50.383831336403325,68.13256512440674,33,33,33,33,7,12763.249292407905,0.6106000176727688,0.38939998232723116,4.136107064122323,75.0,6,0.5,529.592306307031,13817.578135434554,831.1912576367293,False,False
-50.44377309529986,-69.37519892561943,60,60,58,57,9,19788.69299078225,0.6825819552991229,0.3174180447008771,5.300839014633605,75.0,7,0.41666666666666663,529.592306307031,13817.578135434554,831.1912576367293,False,False
-50.50379087188428,153.11703702445863,24,24,24,24,4,7787.045794033242,0.3687380389839892,0.6312619610160108,2.1682567990965538,30.0,9,0.25,529.592306307031,13817.578135434554,831.1912576367293,False,True
-50.563885022215004,15.609272974432459,18,18,18,18,5,5053.064861323586,0.2627238926742592,0.7372761073257408,1.7126879334994736,75.0,6,0.5,529.592306307031,13817.578135434554,831.1912576367293,False,False
-50.62405590495848,-121.89849107569793,28,28,28,28,1,7429.274220682705,0.315887296006224,0.684112703993776,1.9234948983175086,60.0,8,0.33333333333333337,529.592306307031,13817.578135434554,831.1912576367293,False,True
-50.68430388141604,100.59374487427591,30,30,30,30,13,10109.178384298193,0.7421117437126681,0.2578882562873319,6.755296921204724,90.0,5,0.5833333333333333,679.7681833982128,10762.73160517834,733.577930596959,False,False
-50.74462931555113,-36.91401917575024,48,48,48,48,17,14610.308009255796,0.483887928790235,0.516112071209765,2.875127344555237,45.0,8,0.33333333333333337,529.592306307031,13817.578135434554,831.1912576367293,False,False
-50.80503257401705,-174.42178322577644,26,26,26,26,5,8775.830892543412,0.3402520844179211,0.6597479155820789,2.0314608849282236,45.0,9,0.25,412.5936131601795,8383.263005261933,647.4281043197744,False,True
-50.86551402618495,48.07045272419741,15,15,15,15,8,5976.873261179992,0.7313225166733631,0.2686774833266369,6.443869040445633,75.0,5,0.5833333333333333,679.7681833982128,13817.578135434554,831.1912576367293,False,False
-50.926074044172125,-89.43731132582877,34,34,34,34,10,10760.332838594288,0.6141687180738887,0.38583128192611127,4.183612873522812,45.0,8,0.33333333333333337,529.592306307031,13817.578135434554,831.1912576367293,False,False
-50.98671300287095,133.05492462404086,34,34,34,34,10,10908.64475074625,0.5564014720676261,0.44359852793237387,3.50858123745825,45.0,9,0.25,529.592306307031,13817.578135434554,831.1912576367293,False,False
-51.04743127997796,-4.452839425985303,22,22,22,22,2,7897.059694439114,0.3323927602846574,0.6676072397153425,1.9957733844419803,75.0,5,0.5833333333333333,529.592306307031,13817.578135434554,831.1912576367293,False,False
-51.10822925602333,-141.96060347601147,30,30,30,30,3,11104.288057171201,0.47432097145902696,0.525679028540973,2.804602982833495,45.0,9,0.25,529.592306307031,13817.578135434554,831.1912576367293,False,False
-51.16910731440099,80.53163247396236,27,27,27,27,10,10859.384569300582,0.7786885803331773,0.22131141966682266,8.03703931324889,60.0,7,0.41666666666666663,529.592306307031,13817.578135434554,831.1912576367293,False,False
-51.23006584139891,-56.976131576063835,100,100,97,97,34,25313.242663268262,0.39526334704019617,0.6047366529598038,2.3072247071700773,15.0,12,0.0,529.592306307031,13817.578135434554,831.1912576367293,False,True
-51.29110522622984,165.5161043738058,22,22,22,22,4,8261.066545410054,0.22493675809124955,0.7750632419087504,1.5804345914722964,60.0,8,0.33333333333333337,529.592306307031,13817.578135434554,831.1912576367293,False,True
-51.35222586106257,28.008340323779642,53,53,53,53,17,17179.385335604,0.80856609682867,0.19143390317133002,9.44747020704078,90.0,6,0.5,529.592306307031,10762.73160517834,733.577930596959,False,False
-51.41342814105361,-109.49942372624653,35,35,35,35,10,12012.83540343208,0.2171654240688879,0.7828345759311122,1.5548181716695098,45.0,8,0.33333333333333337,529.592306307031,13817.578135434554,831.1912576367293,False,True
-51.47471246437906,112.99281222383154,42,42,42,42,7,13210.695177243295,0.7202289908889785,0.2797710091110215,6.148703528485828,60.0,8,0.33333333333333337,529.592306307031,13817.578135434554,831.1912576367293,False,False
-51.53607923226737,-24.514951826194647,31,31,31,31,8,9761.693956744577,0.21120119306297247,0.7887988069370275,1.535500792358154,45.0,8,0.33333333333333337,529.592306307031,13817.578135434554,831.1912576367293,False,True
-51.59752884903214,-162.02271587622081,25,25,25,25,4,9535.7384862662,0.037526850624958884,0.9624731493750411,1.077980046818607,45.0,9,0.25,412.5936131601795,13817.578135434554,831.1912576367293,False,True
-51.659061722105534,60.46952007364881,32,32,32,32,8,11699.814737250854,0.611129722147618,0.38887027785238204,4.143103276098706,60.0,9,0.25,412.5936131601795,13817.578135434554,831.1912576367293,False,False
-51.72067826207226,-77.03824397637737,48,48,48,48,10,16155.157251509514,0.6489230175823447,0.3510769824176553,4.69675626760606,60.0,7,0.41666666666666663,412.5936131601795,13817.578135434554,831.1912576367293,False,False
-51.78237888270387,145.4539919735965,16,16,16,16,3,4176.580649330736,0.2769699593922894,0.7230300406077106,1.7661367960852488,45.0,8,0.33333333333333337,412.5936131601795,13817.578135434554,831.1912576367293,False,True
-51.84416400099353,7.946227923570315,19,19,19,19,5,5703.424397542237,0.3421712096416337,0.6578287903583663,2.0403047560603986,60.0,7,0.41666666666666663,529.592306307031,13817.578135434554,831.1912576367293,False,True
-51.90603403719151,-129.56153612645585,30,30,30,30,3,9785.54644037886,0.455541698512013,0.544458301487987,2.6733758940474677,45.0,9,0.25,529.592306307031,13817.578135434554,831.1912576367293,False,False
-51.9679894148409,92.93069982341376,22,22,22,22,9,7438.547084692055,0.6044146483650015,0.3955853516349985,4.055798936269445,45.0,8,0.33333333333333337,679.7681833982128,13817.578135434554,831.1912576367293,False,False
-52.03003056081389,-44.57706422661238,72,72,72,72,21,25817.628090707083,0.5039859200067157,0.4960140799932843,3.032143603720037,45.0,9,0.25,529.592306307031,13817.578135434554,831.1912576367293,False,False
-52.09215790534879,177.91517172336142,20,20,20,20,4,7413.353010794921,0.2588788090112669,0.7411211909887331,1.6986139707215644,45.0,9,0.25,412.5936131601795,13817.578135434554,831.1912576367293,False,True
-52.154371882087304,40.407407673335264,35,35,35,35,14,10956.990086188394,0.7443105471034696,0.25568945289653044,6.82198865593935,90.0,6,0.5,679.7681833982128,13817.578135434554,831.1912576367293,False,False
-52.21667292811238,-97.10035637669091,29,29,29,29,18,9877.296695938534,0.6753399872925999,0.3246600127074001,5.16029052460643,75.0,6,0.5,872.5292600693726,10762.73160517834,733.577930596959,False,False
-52.279061483986816,125.39187957338716,36,36,36,36,6,10747.266028027418,0.8059202175527691,0.1940797824472309,9.305040405451752,45.0,6,0.5,529.592306307031,13817.578135434554,831.1912576367293,False,False
-52.34153799379216,-12.115884476847441,29,29,29,29,11,8821.192201724938,0.2267341339873451,0.7732658660126549,1.5864325426815995,45.0,7,0.41666666666666663,679.7681833982128,13817.578135434554,831.1912576367293,False,True
-52.40410290516827,-149.6236485267694,26,26,26,26,3,7848.937230423151,0.5549684657023265,0.4450315342976735,3.494063556993326,75.0,7,0.41666666666666663,529.592306307031,10762.73160517834,733.577930596959,False,False
-52.46675666935357,72.86858742320443,37,37,37,37,15,14896.49010608546,0.6456247056610233,0.35437529433897674,4.643734289464619,60.0,6,0.5,679.7681833982128,13817.578135434554,831.1912576367293,False,False
-52.52949974122566,-64.63917662682172,48,48,46,46,12,16299.40119540546,0.5889175938524257,0.4110824061475743,3.8652045674803723,30.0,10,0.16666666666666663,529.592306307031,13817.578135434554,831.1912576367293,False,False
-52.592332579342674,157.8530593231521,19,19,19,19,3,7128.365851679985,0.20376254837543947,0.7962374516245605,1.5118135248717666,45.0,8,0.33333333333333337,412.5936131601795,13817.578135434554,831.1912576367293,False,True
-52.655255645985214,20.345295273021716,28,28,28,28,8,9506.870116707494,0.5940083616532269,0.4059916383467731,3.9262098306855346,75.0,7,0.41666666666666663,529.592306307031,13817.578135434554,831.1912576367293,False,False
-52.71826940719894,-117.16246877700445,25,25,25,25,2,8801.388126420223,0.37574911344726153,0.6242508865527385,2.203840063479084,60.0,8,0.33333333333333337,529.592306307031,13817.578135434554,831.1912576367293,False,True
-52.78137433283757,105.32976717296938,32,32,32,32,13,10714.436766172097,0.7978004679515963,0.20219953204840369,8.891219726073492,90.0,6,0.5,529.592306307031,10762.73160517834,733.577930596959,False,False
-52.84457089660691,-32.177996877056785,72,72,72,72,23,23133.335395774004,0.15157468732792723,0.8484253126720728,1.357308262881857,30.0,11,0.08333333333333337,529.592306307031,13817.578135434554,831.1912576367293,False,True
-52.90785957610913,-169.68576092708295,22,22,22,22,5,7432.340645063774,0.07081508487152004,0.92918491512848,1.1524240949644091,45.0,9,0.25,412.5936131601795,13817.578135434554,831.1912576367293,False,True
-52.97124085288794,52.806475022890886,16,16,16,16,5,6178.165764231173,0.5018879059448083,0.49811209405519175,3.0151604907195777,75.0,6,0.5,412.5936131601795,13817.578135434554,831.1912576367293,False,False
-53.03471521247437,-84.70128902723951,40,40,40,40,15,13145.584938993627,0.6720579565955878,0.32794204340441224,5.098638586372519,75.0,8,0.33333333333333337,529.592306307031,13817.578135434554,831.1912576367293,False,False
-53.09828314443328,137.79094692273435,31,31,31,31,5,10523.39362262111,0.6213543754894693,0.37864562451053074,4.281983655787304,45.0,10,0.16666666666666663,529.592306307031,13817.578135434554,831.1912576367293,False,False
-53.16194514241041,0.28318287270816994,13,13,13,13,5,4653.1780961363875,0.534742761428218,0.46525723857178203,3.298697224226917,90.0,5,0.5833333333333333,679.7681833982128,13817.578135434554,831.1912576367293,False,False
-53.22570170418041,-137.22458117721376,25,25,25,25,2,7257.808863262613,0.7082282721205428,0.29177172787945715,5.854673735990904,45.0,10,0.16666666666666663,529.592306307031,17739.498905368782,941.7934727255436,False,False
-53.289553331695345,85.26765477276005,26,26,26,26,9,9835.476956841178,0.6816273160980664,0.31837268390193363,5.281945974410442,45.0,8,0.33333333333333337,529.592306307031,13817.578135434554,831.1912576367293,False,False
-53.353500531134024,-52.24010927737032,59,59,59,59,15,19618.99474470321,0.5628221052133815,0.4371778947866185,3.574796721998437,45.0,10,0.16666666666666663,529.592306307031,13817.578135434554,831.1912576367293,False,False
-53.41754381295215,170.2521266726035,23,23,23,23,5,8687.500907859116,0.2041024022195151,0.795897597780485,1.5128860868249738,75.0,7,0.41666666666666663,529.592306307031,13817.578135434554,831.1912576367293,False,False
-53.48168369193314,32.74436262257734,38,38,38,38,17,11005.735688880754,0.7096193095561611,0.29038069044383885,5.887510312559197,75.0,6,0.5,529.592306307031,13817.578135434554,831.1912576367293,False,False
-53.54592068723972,-104.76340142744883,30,30,30,30,7,9503.183167753763,0.3499656599729672,0.6500343400270328,2.076760529169623,30.0,10,0.16666666666666663,529.592306307031,13817.578135434554,831.1912576367293,False,True
-53.61025532246644,117.728834522525,51,51,51,51,15,15403.253591847193,0.927657449244301,0.07234255075569895,26.646246629511406,120.0,5,0.5833333333333333,529.592306307031,13817.578135434554,831.1912576367293,False,False
-53.67468812569285,-19.778929527501134,30,30,30,30,8,9938.944505452211,0.19311552686211467,0.8068844731378854,1.478669582303671,45.0,9,0.25,529.592306307031,13817.578135434554,831.1912576367293,False,True
-53.739219629537494,-157.28669357763155,19,19,19,19,4,6108.116655537836,0.20208088075777333,0.7979191192422267,1.5065197107939632,60.0,8,0.33333333333333337,529.592306307031,10762.73160517834,733.577930596959,False,True
-53.80385037121294,65.2055423723423,35,35,35,35,8,13391.593486005977,0.7429151583773002,0.25708484162269984,6.779532964200274,60.0,8,0.33333333333333337,529.592306307031,13817.578135434554,831.1912576367293,False,False
-53.86858089258148,-72.30222167768386,63,63,62,60,9,19727.273945417302,0.7556362750269765,0.2443637249730235,7.184520841711631,45.0,9,0.25,529.592306307031,13817.578135434554,831.1912576367293,False,False
-53.933411740211646,150.19001427228997,16,16,16,16,4,5448.729719311277,0.5903894045925127,0.40961059540748734,3.882686196167282,45.0,7,0.41666666666666663,412.5936131601795,13817.578135434554,831.1912576367293,False,False
-53.998343465435916,12.682250222263793,20,20,20,20,2,7277.046785263603,0.406035760470853,0.593964239529147,2.3672060822810796,60.0,7,0.41666666666666663,412.5936131601795,13817.578135434554,831.1912576367293,False,False
-54.063376624409,-124.82551382786659,28,28,28,28,2,9595.267263378624,0.20264413075611487,0.7973558692438851,1.508290309440571,45.0,10,0.16666666666666663,529.592306307031,13817.578135434554,831.1912576367293,False,True
-54.128511778167145,97.66672212210725,24,24,24,24,9,8458.373517136733,0.6354633514300726,0.3645366485699274,4.486416819395181,45.0,7,0.41666666666666663,529.592306307031,10762.73160517834,733.577930596959,False,False
-54.19374949268855,-39.84104192781473,131,131,131,131,53,28996.763230013195,0.4681160719593704,0.5318839280406296,2.7602189022098518,15.0,12,0.0,679.7681833982128,13817.578135434554,831.1912576367293,False,False
-54.25909033895454,-177.34880597784087,29,29,29,29,5,9331.340275382017,0.2010751710232037,0.7989248289767963,1.5033644311210752,30.0,10,0.16666666666666663,412.5936131601795,13817.578135434554,831.1912576367293,False,True
-54.32453489301171,45.143429972132964,27,27,27,27,9,8574.77512178134,0.768932186227616,0.23106781377238395,7.655467705987487,75.0,5,0.5833333333333333,529.592306307031,13817.578135434554,831.1912576367293,False,False
-54.39008373603525,-92.3643340778932,34,34,34,34,12,10399.081674953171,0.5224291148879201,0.4775708851120799,3.18785998549854,45.0,9,0.25,529.592306307031,13817.578135434554,831.1912576367293,False,False
-54.45573745439317,130.1279018719764,40,40,40,40,10,13649.851496350086,0.7017695718447017,0.2982304281552983,5.706223816164509,45.0,9,0.25,529.592306307031,13817.578135434554,831.1912576367293,False,False
-54.52149663971142,-7.379862178049734,20,20,20,20,6,6689.459198124306,0.21552742023381774,0.7844725797661822,1.5494836296204446,60.0,7,0.41666666666666663,529.592306307031,13817.578135434554,831.1912576367293,False,True
-54.58736188894043,-144.88762622807593,20,20,20,20,3,5651.167611139936,0.4247531044164205,0.5752468955835794,2.476768002321907,60.0,8,0.33333333333333337,529.592306307031,13817.578135434554,831.1912576367293,False,False
-54.65333380442235,77.60460972189792,37,37,37,37,14,14768.206164425284,0.6212378885298021,0.3787621114701979,4.280359200229471,60.0,7,0.41666666666666663,529.592306307031,13817.578135434554,831.1912576367293,False,False
-54.71941299395961,-59.90315432812827,51,51,50,50,14,14335.315786358162,0.835362933381527,0.164637066618473,11.147932668375127,75.0,8,0.33333333333333337,529.592306307031,13817.578135434554,831.1912576367293,False,False
-54.78560007088452,162.58908162174137,20,20,20,20,5,6676.547797868615,0.23688695273120858,0.7631130472687915,1.6208436707484828,60.0,7,0.41666666666666663,529.592306307031,13817.578135434554,831.1912576367293,False,True
-54.85189565413013,25.081317571715196,48,48,48,48,16,17402.868009803347,0.6881826956790161,0.31181730432098387,5.414012218966544,90.0,6,0.5,529.592306307031,10762.73160517834,733.577930596959,False,False
-54.91830036830197,-112.42644647831096,21,21,21,21,6,6571.482884124271,0.21389700757574853,0.7861029924242515,1.5441958868929238,60.0,8,0.33333333333333337,529.592306307031,13817.578135434554,831.1912576367293,False,True
-54.98481484375137,110.06578947166287,33,33,33,33,9,11184.751995097391,0.7771111110716737,0.22288888892832626,7.973080756139147,75.0,5,0.5833333333333333,529.592306307031,13817.578135434554,831.1912576367293,False,False
-55.051439716649746,-27.441974578259078,55,55,55,55,13,19052.256114985554,0.20180710839655014,0.7981928916034499,1.5056599990289312,45.0,9,0.25,529.592306307031,13817.578135434554,831.1912576367293,False,True
-55.11817562906405,-164.94973862828525,19,19,19,19,3,6608.044663743171,0.17628944688340223,0.8237105531165978,1.428037363892916,30.0,9,0.25,412.5936131601795,13817.578135434554,831.1912576367293,False,True
-55.185023229033796,57.542497321584364,35,35,35,35,11,12873.541508367709,0.6884409634836004,0.3115590365163996,5.419329133773097,60.0,9,0.25,529.592306307031,13817.578135434554,831.1912576367293,False,False
-55.25198317064911,-79.9652667284418,39,39,39,39,13,14705.695307929946,0.7059287292378267,0.2940712707621733,5.801072389072227,60.0,9,0.25,529.592306307031,13817.578135434554,831.1912576367293,False,False
-55.319056114130134,142.52696922153203,17,17,17,17,3,6844.714112784549,0.6080552948748511,0.3919447051251489,4.102760603339176,60.0,8,0.33333333333333337,529.592306307031,17739.498905368782,941.7934727255436,False,False
-55.38624272590792,5.019205171505869,11,11,11,11,2,3902.065863584405,0.41566228429137564,0.5843377157086244,2.422678266752997,90.0,4,0.6363636363636364,529.592306307031,17739.498905368782,941.7934727255436,False,False
-55.45354367870656,-132.4885588785203,20,20,20,20,4,6558.624394266699,0.39460720966993307,0.6053927903300669,2.3036402678492056,45.0,9,0.25,529.592306307031,17739.498905368782,941.7934727255436,False,True
-55.52095965162667,90.00367707134932,25,25,25,25,8,8019.749504668789,0.5812302897343828,0.41876971026561716,3.7758946050120015,45.0,8,0.33333333333333337,529.592306307031,13817.578135434554,831.1912576367293,False,False
-55.58849133023055,-47.50408697867687,52,52,52,52,16,18081.248690722772,0.43058495102471983,0.5694150489752802,2.5123764354300113,30.0,11,0.08333333333333337,529.592306307031,13817.578135434554,831.1912576367293,False,False
-55.65613940662855,174.988148971297,21,21,21,21,5,6028.645675516864,0.05190542033589636,0.9480945796641036,1.1094941822244904,30.0,10,0.16666666666666663,529.592306307031,13817.578135434554,831.1912576367293,False,True
-55.72390457956695,37.48038492127082,38,38,38,38,15,13748.970484510908,0.778389057507537,0.22161094249246305,8.024825116963797,75.0,8,0.33333333333333337,679.7681833982128,13817.578135434554,831.1912576367293,False,False
-55.791787554517626,-100.02737912875534,31,31,31,31,16,10443.4749392528,0.5279288926196343,0.47207110738036573,3.236649879079601,45.0,7,0.41666666666666663,872.5292600693726,10762.73160517834,733.577930596959,False,False
-55.85978904376892,122.46485682121849,45,45,45,45,12,14975.398434536399,0.8270453895260347,0.17295461047396532,10.563727584475453,75.0,7,0.41666666666666663,529.592306307031,13817.578135434554,831.1912576367293,False,False
-55.927909766518276,-15.042907228911872,35,35,35,35,8,11619.402330554543,0.2303574266002327,0.7696425733997673,1.598608846656357,30.0,9,0.25,529.592306307031,13817.578135434554,831.1912576367293,False,True
-55.996150448966574,-152.55067127893807,16,16,16,16,3,4539.515212307943,0.26825884575854125,0.7317411542414587,1.7332069385563673,60.0,7,0.41666666666666663,412.5936131601795,10762.73160517834,733.577930596959,False,True
-56.06451182441395,69.94156467113999,36,36,36,36,15,14640.054513032617,0.779095012098895,0.22090498790110502,8.053666098727305,60.0,6,0.5,529.592306307031,13817.578135434554,831.1912576367293,False,False
-56.13299463335733,-67.56619937888615,53,53,53,52,10,17158.72359662147,0.7335316926375485,0.26646830736245153,6.5055830083372355,75.0,7,0.41666666666666663,529.592306307031,13817.578135434554,831.1912576367293,False,False
-56.20159962358991,154.92603657108765,20,20,20,20,5,7215.549700538612,0.31567496251041294,0.6843250374895871,1.922587791522143,60.0,7,0.41666666666666663,529.592306307031,13817.578135434554,831.1912576367293,False,True
-56.27032755030213,17.41827252095727,22,22,22,22,7,8275.516961872318,0.530036359546205,0.469963640453795,3.2556483690287354,60.0,6,0.5,529.592306307031,10762.73160517834,733.577930596959,False,False
-56.33917917618453,-120.08949152906891,24,24,24,24,3,8225.55749870493,0.14147382781501175,0.8585261721849883,1.3295737099195342,30.0,9,0.25,529.592306307031,13817.578135434554,831.1912576367293,False,True
-56.40815527153261,102.40274442090494,28,28,28,28,10,10515.734158980484,0.7618878559215531,0.23811214407844694,7.399403599259903,75.0,5,0.5833333333333333,529.592306307031,13817.578135434554,831.1912576367293,False,False
-56.47725661435336,-35.105019629121216,81,81,81,81,29,25073.242730591184,0.4346467534071795,0.5653532465928205,2.5376112405001234,30.0,11,0.08333333333333337,679.7681833982128,13817.578135434554,831.1912576367293,False,False
-56.54648399047387,-172.61278367914738,27,27,27,27,7,9204.686132630202,0.4325342126985743,0.5674657873014257,2.524441551817542,45.0,10,0.16666666666666663,412.5936131601795,10762.73160517834,733.577930596959,False,False
-56.615838193651726,49.87945227082644,23,23,23,23,6,8040.982718432077,0.6424317803430241,0.35756821965697594,4.593338250023029,75.0,7,0.41666666666666663,412.5936131601795,13817.578135434554,831.1912576367293,False,False
-56.68532002568772,-87.62831177930394,43,43,43,43,12,15672.205674860379,0.5601945310862128,0.43980546891378725,3.5474650529915293,45.0,10,0.16666666666666663,529.592306307031,13817.578135434554,831.1912576367293,False,False
-56.75493029654037,134.8639241706699,39,39,39,39,10,13627.642815381163,0.6415853318460566,0.3584146681539434,4.580128766217168,45.0,9,0.25,529.592306307031,13817.578135434554,831.1912576367293,False,False
-56.82466982444252,-2.6438398793562783,23,23,23,23,6,7949.445472830274,0.23421616074360846,0.7657838392563916,1.6117030648519357,30.0,9,0.25,529.592306307031,13817.578135434554,831.1912576367293,False,True
-56.894539436020345,-140.15160392938245,14,14,14,14,3,5563.3374049490485,0.33216159595305633,0.6678384040469436,1.994736433065949,30.0,9,0.25,412.5936131601795,13817.578135434554,831.1912576367293,False,True
-56.96453996641434,82.34063202059139,28,28,28,28,7,8527.653896935097,0.4866814989478453,0.5133185010521547,2.896216473594031,75.0,7,0.41666666666666663,412.5936131601795,13817.578135434554,831.1912576367293,False,False
-57.03467225940256,-55.167132029539005,45,45,45,45,15,15480.315029799607,0.6179379299526149,0.3820620700473851,4.234751514987998,60.0,7,0.41666666666666663,529.592306307031,13817.578135434554,831.1912576367293,False,False
-57.10493716752635,167.32510392043483,18,18,18,18,5,6254.511155380921,0.49215127118679086,0.5078487288132092,2.9381805772632266,45.0,6,0.5,529.592306307031,13817.578135434554,831.1912576367293,False,False
-57.175335552218236,29.817339870512896,45,45,45,45,15,14838.977579972798,0.7125550002823191,0.2874449997176809,5.957852813457652,75.0,7,0.41666666666666663,529.592306307031,13817.578135434554,831.1912576367293,False,False
-57.24586828393224,-107.69042417951326,24,24,24,24,7,8637.234499885659,0.5298941474293788,0.4701058525706212,3.254360989261566,45.0,8,0.33333333333333337,529.592306307031,13817.578135434554,831.1912576367293,False,False
-57.31653624227686,114.80181177046056,44,44,44,44,8,14399.542087650443,0.7560762727347238,0.24392372726527622,7.199284351804467,60.0,8,0.33333333333333337,529.592306307031,13817.578135434554,831.1912576367293,False,False
-57.38734031615032,-22.705952279565622,44,44,44,44,9,12021.05358277487,0.6213797377697933,0.37862026223020673,4.282337475071449,60.0,7,0.41666666666666663,529.592306307031,13817.578135434554,831.1912576367293,False,False
-57.45828140387855,-160.21371632969598,17,17,17,17,4,5657.246443734173,0.36963280412291394,0.630367195877086,2.1727539330742327,60.0,9,0.25,529.592306307031,10762.73160517834,733.577930596959,False,True
-57.529360413355725,62.27851962027785,42,42,42,42,15,14441.59149380958,0.6808754003995797,0.3191245996004203,5.267144565176811,60.0,8,0.33333333333333337,529.592306307031,13817.578135434554,831.1912576367293,False,False
-57.600578262187675,-75.22924442974835,52,52,52,52,14,17450.167485993217,0.6473572585096385,0.35264274149036146,4.671462261061921,45.0,8,0.33333333333333337,529.592306307031,13817.578135434554,831.1912576367293,False,False
-57.671935877837726,147.2629915202255,16,16,16,16,6,5009.556111068458,0.3133804951567023,0.6866195048432977,1.9128214184018058,45.0,9,0.25,529.592306307031,13817.578135434554,831.1912576367293,False,True
-57.74343419777585,9.755227470199348,19,19,19,19,4,7485.9660579379615,0.44420646581062945,0.5557935341893705,2.5984585587470295,60.0,7,0.41666666666666663,412.5936131601795,13817.578135434554,831.1912576367293,False,False
-57.81507416963023,-127.75253657993105,20,20,20,20,5,6300.121569824005,0.20615170278818679,0.7938482972118133,1.519373042714184,45.0,8,0.33333333333333337,529.592306307031,17739.498905368782,941.7934727255436,False,True
-57.886856751342116,94.7396993700428,26,26,26,26,10,9637.269777149,0.5626443862669442,0.43735561373305576,3.572937758655865,30.0,10,0.16666666666666663,529.592306307031,13817.578135434554,831.1912576367293,False,False
-57.95878291132363,-42.768064679983354,54,54,54,54,14,17080.080789765416,0.4431648589036525,0.5568351410963475,2.5917273397332985,45.0,8,0.33333333333333337,529.592306307031,13817.578135434554,831.1912576367293,False,False
-58.030853628618715,179.72417126999045,17,17,17,17,5,6494.68347834659,0.2499734904182769,0.7500265095817231,1.6665724137075708,30.0,9,0.25,529.592306307031,17739.498905368782,941.7934727255436,False,True
-58.103069893067065,42.21640722006852,41,41,41,41,14,14187.827253271242,0.6353035152221046,0.3646964847778954,4.484012277272221,75.0,5,0.5833333333333333,529.592306307031,13817.578135434554,831.1912576367293,False,False
-58.175432705471756,-95.29135682995764,33,33,33,33,15,11657.98313780159,0.5547248806039651,0.4452751193960349,3.491605106327909,45.0,10,0.16666666666666663,679.7681833982128,13817.578135434554,831.1912576367293,False,False
-58.247943077769776,127.20087911991196,37,37,37,37,5,12229.23288157662,0.71513514567142,0.28486485432858,6.020873124955884,75.0,6,0.5,529.592306307031,13817.578135434554,831.1912576367293,False,False
-58.32060203320617,-10.306884930114222,32,32,32,32,8,10643.914637244385,0.37104106815749366,0.6289589318425064,2.1798578551720245,30.0,11,0.08333333333333337,529.592306307031,13817.578135434554,831.1912576367293,False,True
-58.39341060651187,-147.81464898014036,12,12,12,12,1,3792.530774707542,0.3119709366782713,0.6880290633217288,1.9068539493727483,30.0,8,0.33333333333333337,412.5936131601795,8383.263005261933,647.4281043197744,False,True
-58.46636984408482,74.67758696983347,35,35,35,35,12,12989.152724521322,0.6481912584454581,0.3518087415545419,4.684907063885263,60.0,7,0.41666666666666663,529.592306307031,13817.578135434554,831.1912576367293,False,False
-58.53948080417492,-62.8301770801927,46,46,45,44,9,16993.525697078418,0.7085166554979027,0.29148334450209734,5.861455509289345,60.0,7,0.41666666666666663,529.592306307031,13817.578135434554,831.1912576367293,False,False
-58.612744557072844,159.6620588696769,22,22,22,22,5,8361.90473596847,0.5153027597636057,0.48469724023639427,3.126287162321307,105.0,5,0.5833333333333333,529.592306307031,13817.578135434554,831.1912576367293,False,False
-58.68616218530267,22.15429481965075,37,37,37,37,12,12624.60884390206,0.5390361221249729,0.46096387787502713,3.338734759911544,60.0,6,0.5,529.592306307031,10762.73160517834,733.577930596959,False,False
-58.759734783818324,-115.35346923037542,21,21,21,21,4,7549.269403920627,0.1994668242182914,0.8005331757817086,1.4983349353973123,45.0,9,0.25,529.592306307031,13817.578135434554,831.1912576367293,False,True
-58.83346346020446,107.13876671959842,35,35,35,35,12,12534.988745971104,0.6948762459719003,0.30512375402809966,5.5547174665916526,75.0,6,0.5,529.592306307031,13817.578135434554,831.1912576367293,False,False
-58.907349334881175,-30.36899733042776,59,59,59,59,19,21017.826715687414,0.4835824944362502,0.5164175055637499,2.8728354063379196,60.0,7,0.41666666666666663,529.592306307031,13817.578135434554,831.1912576367293,False,False
-58.981393541313096,-167.8767613804539,21,21,21,21,4,7205.888006746323,0.5525213182498006,0.44747868175019945,3.4694866628673946,45.0,9,0.25,412.5936131601795,8383.263005261933,647.4281043197744,False,False
-59.05559722622311,54.6154745694157,37,37,37,37,10,13669.09908525585,0.8924385262848322,0.10756147371516778,17.59401820112818,90.0,6,0.5,529.592306307031,13817.578135434554,831.1912576367293,False,False
-59.12996154981026,-82.89228948061049,45,45,45,45,19,15158.506213370154,0.654925378281462,0.345074621718538,4.795847837315927,45.0,9,0.25,529.592306307031,13817.578135434554,831.1912576367293,False,False
-59.20448768597239,139.5999464694676,26,26,26,26,7,8802.420568658074,0.7458907911249283,0.2541092088750717,6.870631721116665,60.0,8,0.33333333333333337,529.592306307031,13817.578135434554,831.1912576367293,False,False
-59.27917682253372,2.0921824194414236,19,19,19,19,10,6510.5385531048205,0.2876958773733869,0.7123041226266131,1.807789449013749,60.0,7,0.41666666666666663,679.7681833982128,17739.498905368782,941.7934727255436,False,True
-59.35403016147702,-135.41558163058474,8,8,8,8,3,2480.9418529377576,0.6348626900899066,0.3651373099100934,4.477391506478628,90.0,5,0.375,412.5936131601795,13817.578135434554,831.1912576367293,False,False
-59.42904891918091,87.07665431928487,29,29,29,29,9,10656.761422283646,0.38296567181260516,0.6170343281873949,2.2413107482613106,45.0,8,0.33333333333333337,412.5936131601795,13817.578135434554,831.1912576367293,False,True
-59.504234326662356,-50.4311097307413,45,45,45,45,18,15739.50290356631,0.4059033064083695,0.5940966935916305,2.3664553625251408,45.0,10,0.16666666666666663,529.592306307031,13817.578135434554,831.1912576367293,False,False
-59.57958762982436,172.06112621923253,15,15,15,15,1,4794.906311087609,0.4384990937711617,0.5615009062288383,2.5618820518606698,45.0,7,0.41666666666666663,412.5936131601795,13817.578135434554,831.1912576367293,False,False
-59.65511008970894,34.55336216920637,53,53,53,53,20,16655.275925283346,0.6155960541546143,0.38440394584538573,4.202860224552524,60.0,8,0.33333333333333337,679.7681833982128,13817.578135434554,831.1912576367293,False,False
-59.73080298275598,-102.95440188081977,37,37,37,37,9,11666.389671523699,0.39321722137566484,0.6067827786243352,2.296072450398627,30.0,11,0.08333333333333337,529.592306307031,13817.578135434554,831.1912576367293,False,True
-59.806667601067545,119.53783406915404,47,47,47,47,15,16330.28667343979,0.8654330322245715,0.13456696777542854,13.862488417942885,75.0,6,0.5,679.7681833982128,13817.578135434554,831.1912576367293,False,False
-59.882705252677944,-17.96992998097636,51,51,51,51,14,16667.897510131093,0.4273502376123261,0.5726497623876738,2.492536156237912,30.0,10,0.16666666666666663,529.592306307031,13817.578135434554,831.1912576367293,False,False
-59.95891726183024,-155.4776940310025,14,14,14,14,2,4472.047123474251,0.3551769798279574,0.6448230201720426,2.101626240741821,60.0,8,0.33333333333333337,412.5936131601795,10762.73160517834,733.577930596959,False,True
-60.03530496925853,67.01454191897132,46,46,46,46,21,16828.796236435322,0.7700077849679918,0.22999221503200817,7.695946511588049,75.0,6,0.5,529.592306307031,13817.578135434554,831.1912576367293,False,False
-60.11186973247668,-70.49322213105484,55,55,55,55,14,18428.817219254146,0.7426340432812609,0.2573659567187391,6.771035553803601,45.0,9,0.25,529.592306307031,13817.578135434554,831.1912576367293,False,False
-60.1886129260738,151.99901381902322,16,16,16,16,4,5964.205789374888,0.3299823438961534,0.6700176561038467,1.9849959650765054,60.0,8,0.33333333333333337,412.5936131601795,13817.578135434554,831.1912576367293,False,True
-60.26553594201614,14.491249768788606,29,29,29,29,7,9274.30443263289,0.5043094162410764,0.4956905837589236,3.0347750502613726,60.0,7,0.41666666666666663,529.592306307031,13817.578135434554,831.1912576367293,False,False
-60.342640189956015,-123.01651428113334,13,13,13,13,2,5232.910643932564,0.19975206887067745,0.8002479311293226,1.4992254552630562,45.0,7,0.41666666666666663,529.592306307031,17739.498905368782,941.7934727255436,False,True
-60.41992709754788,99.47572166884049,31,31,31,31,11,9904.293375351537,0.5347665355750392,0.46523346442496083,3.298916894278114,30.0,10,0.16666666666666663,529.592306307031,13817.578135434554,831.1912576367293,False,False
-60.497398110771655,-38.03204238118565,62,62,62,62,16,20452.555669758884,0.4140485643264821,0.5859514356735178,2.4132521540818717,60.0,9,0.25,529.592306307031,13817.578135434554,831.1912576367293,False,False
-60.57505469426333,-175.53980643121184,15,15,15,15,4,5265.936007710292,0.6017643739465453,0.39823562605345475,4.022152387068308,75.0,8,0.33333333333333337,412.5936131601795,13817.578135434554,831.1912576367293,False,False
-60.65289833165373,46.952429518761996,41,41,41,41,12,13764.971112665567,0.5123879759353525,0.48761202406464754,3.10162157882891,75.0,7,0.41666666666666663,529.592306307031,13817.578135434554,831.1912576367293,False,False
-60.73093052591483,-90.55533453136837,45,45,45,45,13,14319.785509843554,0.7213846149094748,0.2786153850905252,6.178354488034385,60.0,8,0.33333333333333337,529.592306307031,10762.73160517834,733.577930596959,False,False
-60.8091527997143,131.93690141860546,39,39,39,39,4,14599.748502137098,0.7054812147808659,0.2945187852191341,5.790738317462221,75.0,8,0.33333333333333337,529.592306307031,13817.578135434554,831.1912576367293,False,False
-60.887566695778595,-5.5708626314207095,36,36,36,36,9,12201.042336985545,0.33860729957975944,0.6613927004202406,2.023922094588019,30.0,9,0.25,529.592306307031,13817.578135434554,831.1912576367293,False,True
-60.96617377726464,-143.07862668144688,9,9,9,9,3,2930.1266684297025,0.38369654366367684,0.6163034563363232,2.245154605961806,75.0,7,0.2222222222222222,412.5936131601795,13817.578135434554,831.1912576367293,False,False
-61.04497562814016,79.41360926852694,28,28,28,28,10,11177.897925601674,0.4956252628231152,0.5043747371768847,2.9653056598245087,45.0,8,0.33333333333333337,529.592306307031,13817.578135434554,831.1912576367293,False,False
-61.123973853573524,-58.094154781603436,53,53,52,51,10,19858.90687566891,0.589775081854619,0.410224918145381,3.8753742435782836,60.0,8,0.33333333333333337,412.5936131601795,13817.578135434554,831.1912576367293,False,False
-61.203170080332896,164.3980811683704,24,24,24,24,5,7950.011497768021,0.3350741918557058,0.6649258081442941,2.007854373379931,45.0,9,0.25,529.592306307031,13817.578135434554,831.1912576367293,False,True
-61.28256595719481,26.890317118344228,45,45,45,45,13,15132.683299394219,0.4924676410735617,0.5075323589264382,2.940635438951155,60.0,8,0.33333333333333337,529.592306307031,10762.73160517834,733.577930596959,False,False
-61.36216315536327,-110.61744693157772,24,24,24,24,5,7470.3118380618935,0.28316925148515637,0.7168307485148436,1.7900588864856504,45.0,9,0.25,529.592306307031,13817.578135434554,831.1912576367293,False,True
-61.44196336889864,111.87478901839611,39,39,39,39,10,12729.816410702875,0.815382731767077,0.18461726823292302,9.833222802737462,45.0,9,0.25,529.592306307031,13817.578135434554,831.1912576367293,False,False
-61.521968315157395,-25.632975031630053,52,52,52,52,17,15705.349431611272,0.7012972297566101,0.29870277024338987,5.695619188166063,30.0,10,0.16666666666666663,529.592306307031,13817.578135434554,831.1912576367293,False,False
-61.60217973524282,-163.14073908176044,20,20,20,20,5,6734.3622296848125,0.569070218658355,0.43092978134164495,3.641127363658309,60.0,8,0.33333333333333337,412.5936131601795,8383.263005261933,647.4281043197744,False,False
-61.6825993944669,59.3514968682134,46,46,46,46,22,17301.04529314914,0.886952681549777,0.11304731845022298,16.69170668900599,75.0,5,0.5833333333333333,679.7681833982128,13817.578135434554,831.1912576367293,False,False
-61.76322908282365,-78.15626718181278,50,50,50,50,14,16874.28371926479,0.695505401746131,0.30449459825386904,5.568261018320338,60.0,9,0.25,529.592306307031,13817.578135434554,831.1912576367293,False,False
-61.844070615474806,144.33596876816108,28,28,28,28,9,10073.39311675339,0.5422541116670264,0.4577458883329736,3.3692364059972935,45.0,9,0.25,529.592306307031,13817.578135434554,831.1912576367293,False,False
-61.925125833247556,6.828204718134902,30,30,30,30,7,9675.641346130904,0.2659743850596382,0.7340256149403618,1.724700554438412,45.0,7,0.41666666666666663,412.5936131601795,13817.578135434554,831.1912576367293,False,True
-62.0063966031449,-130.67955933199548,16,16,16,16,2,6369.165652075328,0.2924299668866673,0.7075700331133328,1.8265753302184526,30.0,8,0.33333333333333337,412.5936131601795,13817.578135434554,831.1912576367293,False,True
-62.087884818869576,91.81267661797835,32,32,32,32,10,10194.00439508929,0.37034368525290795,0.629656314747092,2.176335967984885,45.0,9,0.25,529.592306307031,13817.578135434554,831.1912576367293,False,True
-62.16959240136103,-45.69508743204784,43,43,43,43,13,15440.58360271671,0.3541927824546935,0.6458072175453065,2.09689942395184,75.0,8,0.33333333333333337,529.592306307031,17739.498905368782,941.7934727255436,False,False
-62.2515212993466,176.79714851792602,13,13,13,13,3,4252.739265613438,0.46379680092088765,0.5362031990791123,2.729929257107839,30.0,10,0.16666666666666663,529.592306307031,13817.578135434554,831.1912576367293,False,False
-62.333673489907135,39.28938446789985,62,62,62,62,23,23884.720747714033,0.5446946204498407,0.45530537955015926,3.3926562035704384,75.0,7,0.41666666666666663,679.7681833982128,13817.578135434554,831.1912576367293,False,False
-62.41605097905742,-98.21837958202207,39,39,39,39,14,13593.458727853158,0.5609985079861841,0.4390014920138159,3.55579317242288,45.0,9,0.25,529.592306307031,13817.578135434554,831.1912576367293,False,False
-62.498655802341816,124.2738563677433,51,51,51,51,16,17557.09409081039,0.6949220314987249,0.3050779685012751,5.555701186241643,60.0,8,0.33333333333333337,529.592306307031,13817.578135434554,831.1912576367293,False,False
-62.58149002544614,-13.233907682178653,51,51,51,51,13,16750.414656245834,0.641749493131612,0.358250506868388,4.582685751048354,30.0,8,0.33333333333333337,529.592306307031,13817.578135434554,831.1912576367293,False,False
-62.66455574482553,-150.74167173220482,13,13,13,13,1,3472.5821855451277,0.598222376328868,0.401777623671132,3.977878015519014,75.0,7,0.41666666666666663,412.5936131601795,10762.73160517834,733.577930596959,False,False
-62.747855088349354,71.75056421776902,30,30,30,30,14,10543.206415499739,0.6603569356536546,0.3396430643463454,4.88853478827565,75.0,6,0.5,529.592306307031,13817.578135434554,831.1912576367293,False,False
-62.83139021596371,-65.75719983225713,61,61,60,60,11,19120.85340109224,0.6637846844916702,0.33621531550832984,4.948568990607001,45.0,9,0.25,529.592306307031,13817.578135434554,831.1912576367293,False,False
-62.91516332037183,156.73503611761248,25,25,25,25,5,8864.378461956027,0.2327775198019666,0.7672224801980334,1.606805785309843,45.0,8,0.33333333333333337,529.592306307031,13817.578135434554,831.1912576367293,False,True
-62.99917662773315,19.227272067586306,38,38,38,38,6,11246.269907929114,0.45863019746698364,0.5413698025330164,2.6943323965285755,60.0,7,0.41666666666666663,529.592306307031,10762.73160517834,733.577930596959,False,False
-63.083432398381795,-118.28049198243986,23,23,23,23,2,7640.21787027882,0.2783199715030658,0.7216800284969342,1.771311275116568,30.0,10,0.16666666666666663,529.592306307031,17739.498905368782,941.7934727255436,False,True
-63.1679329275649,104.21174396753398,40,40,40,40,14,13734.96594837332,0.5986501237863209,0.4013498762136791,3.9831832984924054,45.0,8,0.33333333333333337,529.592306307031,13817.578135434554,831.1912576367293,False,False
-63.25268054620149,-33.29602008249219,56,56,56,56,14,19151.248446241632,0.45183000296946774,0.5481699970305323,2.6485032213257065,45.0,8,0.33333333333333337,529.592306307031,13817.578135434554,831.1912576367293,False,False
-63.33767762166291,-170.80378413251836,16,16,16,16,2,5614.620242412209,0.5218134785055815,0.47818652149441854,3.1824683676772016,45.0,8,0.33333333333333337,412.5936131601795,13817.578135434554,831.1912576367293,False,False
-63.42292655857516,51.68845181735126,59,59,59,59,23,20425.94096752516,0.7576171272229156,0.24238287277708437,7.251408101097011,60.0,8,0.33333333333333337,679.7681833982128,13817.578135434554,831.1912576367293,False,False
-63.50842979964393,-85.81931223267492,52,52,52,52,15,17635.37602211686,0.6261649173260525,0.3738350826739475,4.349952673501126,45.0,9,0.25,529.592306307031,13817.578135434554,831.1912576367293,False,False
-63.5941898265037,136.67292371729891,42,42,42,42,11,14737.659608154932,0.6278946625244961,0.3721053374755039,4.374822123135125,60.0,8,0.33333333333333337,529.592306307031,13817.578135434554,831.1912576367293,False,False
-63.680209160590884,-0.8348403327272536,48,48,48,48,11,14274.741325039073,0.478319840331304,0.521680159668696,2.8337666536334107,60.0,7,0.41666666666666663,529.592306307031,13817.578135434554,831.1912576367293,False,False
-63.76649036404241,-138.3426043826492,11,11,11,11,4,3680.179425164781,0.3393701477545197,0.6606298522454803,2.0274139038706798,45.0,8,0.2727272727272727,412.5936131601795,13817.578135434554,831.1912576367293,False,True
-63.853036040620815,84.1496315671162,23,23,23,23,10,7887.696460072155,0.3778892646257868,0.6221107353742132,2.2148617380745828,60.0,8,0.33333333333333337,529.592306307031,13817.578135434554,831.1912576367293,False,True
-63.93984883666608,-53.35813248280573,47,47,47,47,12,16740.119091852273,0.38261583560944723,0.6173841643905528,2.239474083327499,30.0,11,0.08333333333333337,529.592306307031,13817.578135434554,831.1912576367293,False,True
-64.02693144207593,169.1341034671681,16,16,16,16,2,5606.6575634951805,0.22467154425390454,0.7753284557460954,1.5795519114223766,45.0,8,0.33333333333333337,412.5936131601795,17739.498905368782,941.7934727255436,False,True
-64.11428659131529,31.626339417141928,63,63,63,63,22,23838.45123162724,0.299410760489359,0.700589239510641,1.8547398207214725,45.0,8,0.33333333333333337,529.592306307031,13817.578135434554,831.1912576367293,False,True
-64.2019170644559,-105.88142463288423,28,28,28,28,7,11074.805689462688,0.4668904715293204,0.5331095284706796,2.751574288565727,45.0,9,0.25,529.592306307031,13817.578135434554,831.1912576367293,False,False
-64.28982568824728,116.6108113170896,55,55,55,55,13,17629.140170627274,0.5389489418076198,0.46105105819238024,3.3379143469300336,45.0,9,0.25,529.592306307031,13817.578135434554,831.1912576367293,False,False
-64.37801533722043,-20.89695273304079,52,52,52,52,17,17531.96548305125,0.5411821687961748,0.45881783120382524,3.3590284944952806,45.0,7,0.41666666666666663,529.592306307031,13817.578135434554,831.1912576367293,False,False
-64.46648893482516,-158.40471678306696,18,18,18,18,6,6466.040397727666,0.6504201916599694,0.34957980834003055,4.7211542322679945,75.0,8,0.33333333333333337,529.592306307031,8383.263005261933,647.4281043197744,False,False
-64.5552494546022,64.08751916690687,41,41,41,41,19,15452.103014741271,0.696854468367367,0.303145531632633,5.597491274994943,60.0,6,0.5,679.7681833982128,13817.578135434554,831.1912576367293,False,False
-64.6442999213922,-73.42024488311927,54,54,54,54,13,16497.313126861292,0.5591646022063501,0.4408353977936499,3.536840757366262,45.0,8,0.33333333333333337,529.592306307031,13817.578135434554,831.1912576367293,False,False
-64.73364341258204,149.07199106685454,36,36,36,36,9,13358.93170368955,0.2152236046077197,0.7847763953922803,1.548496631324232,45.0,8,0.33333333333333337,529.592306307031,17739.498905368782,941.7934727255436,False,True
-64.82328305939028,11.56422701672416,58,58,58,58,13,18749.374632207408,0.2157038095483548,0.7842961904516452,1.5500570120687174,45.0,10,0.16666666666666663,529.592306307031,13817.578135434554,831.1912576367293,False,True
-64.9132220481938,-125.943537033302,21,21,21,21,4,6200.693830856566,0.0835874070626894,0.9164125929373106,1.1824230869520744,30.0,10,0.16666666666666663,529.592306307031,13817.578135434554,831.1912576367293,False,True
-65.00346362189617,96.54869891667182,35,35,35,35,12,10897.393363701909,0.31529239490448707,0.684707605095513,1.9209548500940206,45.0,9,0.25,529.592306307031,13817.578135434554,831.1912576367293,False,True
-65.09401108134024,-40.959065133250135,53,53,53,53,18,16926.23548834792,0.2693577591954436,0.7306422408045564,1.73731778468991,45.0,10,0.16666666666666663,529.592306307031,13817.578135434554,831.1912576367293,False,True
-65.18486778676645,-178.46682918327627,19,19,19,19,5,6259.690090051352,0.47365055585475996,0.5263494441452401,2.7997570288078863,30.0,11,0.08333333333333337,412.5936131601795,17739.498905368782,941.7934727255436,False,False
-65.27603715931852,44.02540676669755,78,78,78,78,26,22917.46063174202,0.6693399597241931,0.33066004027580687,5.048508305786752,75.0,7,0.41666666666666663,529.592306307031,13817.578135434554,831.1912576367293,False,False
-65.3675226825985,-93.48235728343286,55,55,55,55,21,18293.164744672416,0.6141078095553761,0.38589219044462386,4.182794701534658,45.0,10,0.16666666666666663,529.592306307031,10762.73160517834,733.577930596959,False,False
-65.45932790427354,129.009878666541,42,42,42,42,8,13947.329008273817,0.5749502887963382,0.42504971120366175,3.705331981843657,45.0,9,0.25,529.592306307031,13817.578135434554,831.1912576367293,False,False
-65.55145643773572,-8.49788538348514,59,59,59,59,14,18242.366561915333,0.6351824862556821,0.3648175137443179,4.482192944831312,75.0,7,0.41666666666666663,529.592306307031,13817.578135434554,831.1912576367293,False,False
-65.6439119638178,-146.00564943351134,16,16,16,16,1,5882.886144975593,0.3375597218040623,0.6624402781959378,2.0191400882910027,45.0,8,0.33333333333333337,412.5936131601795,6529.857028264046,571.395529745554,False,True
-65.73669823256705,76.4865865164625,26,26,26,26,9,9156.51984330757,0.5704880981088126,0.4295119018911874,3.656448380577543,75.0,6,0.5,529.592306307031,10762.73160517834,733.577930596959,False,False
-65.82981906507922,-61.02117753366787,81,81,80,80,18,25637.08013652402,0.42712107673171174,0.5728789232682883,2.4911390850093613,30.0,11,0.08333333333333337,529.592306307031,13817.578135434554,831.1912576367293,False,False
-65.92327835539561,161.47105841630594,26,26,26,26,5,9584.871665081231,0.25099740429133854,0.7490025957086615,1.670217715477634,45.0,9,0.25,412.5936131601795,17739.498905368782,941.7934727255436,False,True
-66.01708007246572,23.963294366279783,55,55,55,55,12,16416.79506380275,0.32753864575307934,0.6724613542469207,1.9741486070077139,30.0,10,0.16666666666666663,529.592306307031,13817.578135434554,831.1912576367293,False,True
-66.11122826217827,-113.54446968374637,27,27,27,27,6,8426.692442264659,0.3132896482880807,0.6867103517119193,1.9124360729587728,15.0,12,0.0,529.592306307031,13817.578135434554,831.1912576367293,False,True
-66.20572704946336,108.94776626622745,54,54,54,54,17,17937.14792239395,0.4853204277553388,0.5146795722446612,2.8859129210771703,30.0,10,0.16666666666666663,529.592306307031,13817.578135434554,831.1912576367293,False,False
-66.30058064046945,-28.559997783694484,51,51,51,51,15,17340.1774278989,0.6935669701538315,0.3064330298461685,5.52671156566906,45.0,8,0.33333333333333337,529.592306307031,13817.578135434554,831.1912576367293,False,False
-66.39579332481748,-166.0677618339291,18,18,18,18,1,6270.138274545059,0.5715386591065056,0.4284613408934944,3.6678657071587555,60.0,8,0.33333333333333337,412.5936131601795,8383.263005261933,647.4281043197744,False,False
-66.49136947793632,56.42447411614896,64,64,64,64,32,21238.99497863681,0.7605641960355334,0.23943580396446662,7.352969634803696,45.0,9,0.25,679.7681833982128,13817.578135434554,831.1912576367293,False,False
-66.58731356348298,-81.08328993387721,59,59,59,59,13,18432.41183625162,0.6364308577985102,0.36356914220148984,4.501016912187781,45.0,10,0.16666666666666663,529.592306307031,13817.578135434554,831.1912576367293,False,False
-66.68363013585085,141.40894601609662,47,47,47,47,12,17279.039185483998,0.4238382210154868,0.5761617789845133,2.4712472658721056,60.0,8,0.33333333333333337,529.592306307031,13817.578135434554,831.1912576367293,False,False
-66.78032384277078,3.901181966070457,73,73,73,73,13,24927.630187218056,0.30524918066739426,0.6947508193326057,1.8787299623788107,45.0,9,0.25,529.592306307031,13817.578135434554,831.1912576367293,False,True
-66.87739942800832,-133.60658208405994,14,14,14,14,4,4737.91187352922,0.47830914323891893,0.5216908567610811,2.833688043560903,45.0,9,0.25,412.5936131601795,13817.578135434554,831.1912576367293,False,False
-66.9748617341624,88.88565386591391,28,28,28,28,10,9888.809785612444,0.5003721806803895,0.49962781931961053,3.002979663389411,60.0,7,0.41666666666666663,412.5936131601795,13817.578135434554,831.1912576367293,False,False
-67.07271570556942,-48.62211018411227,54,54,54,54,11,17944.048268774954,0.2571679828567812,0.7428320171432188,1.6923987575166648,30.0,11,0.08333333333333337,412.5936131601795,13817.578135434554,831.1912576367293,False,True
-67.17096639131788,173.87012576586156,19,19,19,19,2,7555.487705981347,0.2606433413996329,0.739356658600367,1.705054423647287,45.0,9,0.25,412.5936131601795,17739.498905368782,941.7934727255436,False,True
-67.26961894837906,36.362361715835405,165,165,165,165,60,45813.41432687147,0.24817277173232918,0.7518272282676708,1.6601856447901167,15.0,12,0.0,529.592306307031,13817.578135434554,831.1912576367293,False,True
-67.36867864485878,-101.14540233419075,44,44,44,44,11,14796.7721146644,0.5072728245883789,0.49272717541162114,3.05904139208318,45.0,9,0.25,529.592306307031,13817.578135434554,831.1912576367293,False,False
-67.46815086337607,121.34683361567886,52,52,52,52,11,18351.333465718966,0.6509263689083024,0.34907363109169764,4.72945024161571,60.0,7,0.41666666666666663,529.592306307031,13817.578135434554,831.1912576367293,False,False
-67.56804110457547,-16.160930434347335,58,58,58,58,19,19409.20946408032,0.6945473851906632,0.30545261480933683,5.547660432530256,75.0,6,0.5,529.592306307031,13817.578135434554,831.1912576367293,False,False
-67.6683549907785,-153.66869448437348,18,18,18,18,7,6735.557227073043,0.4786587544621196,0.5213412455378804,2.836258913174137,45.0,9,0.25,529.592306307031,10762.73160517834,733.577930596959,False,False
-67.76909826978174,68.82354146570458,31,31,31,31,12,12029.431310940177,0.4659671137546401,0.5340328862453598,2.745087711847592,30.0,9,0.25,529.592306307031,13817.578135434554,831.1912576367293,False,False
-67.87027681880888,-68.68422258432162,82,82,82,80,24,27722.77825624682,0.5100982359142726,0.4899017640857274,3.0824511088105044,45.0,9,0.25,529.592306307031,13817.578135434554,831.1912576367293,False,False
-67.97189664862397,153.80801336554802,29,29,29,29,10,9962.657555422455,0.3793267837912559,0.620673216208744,2.222307565028491,60.0,7,0.41666666666666663,529.592306307031,17739.498905368782,941.7934727255436,False,True
-68.07396390781398,16.30024931552186,83,83,83,83,16,26489.61525201279,0.4008236426995692,0.5991763573004307,2.337915416107094,30.0,11,0.08333333333333337,529.592306307031,10762.73160517834,733.577930596959,False,False
-68.17648488725017,-121.20751473450431,19,19,19,19,5,6385.4358833859815,0.3414074679828201,0.6585925320171799,2.036779044357321,30.0,10,0.16666666666666663,679.7681833982128,13817.578135434554,831.1912576367293,False,True
-68.27946602473607,101.28472121546953,37,37,37,37,13,11529.136606210175,0.5577415416692857,0.4422584583307143,3.5222425084845517,45.0,8,0.33333333333333337,529.592306307031,13817.578135434554,831.1912576367293,False,False
-68.3829139098527,-36.22304283455662,39,39,39,39,9,12205.365728412611,0.27591331638801553,0.7240866836119845,1.7621002364293412,15.0,12,0.0,529.592306307031,13817.578135434554,831.1912576367293,False,True
-68.48683528901134,-173.7308068845828,21,21,21,21,6,7504.172644239281,0.4406662812297089,0.5593337187702911,2.57568287568475,60.0,9,0.25,412.5936131601795,17739.498905368782,941.7934727255436,False,False
-68.5912370707241,48.76142906528681,98,98,98,98,46,32429.66109685918,0.737791877206991,0.262208122793009,6.627528768736238,30.0,11,0.08333333333333337,679.7681833982128,13817.578135434554,831.1912576367293,False,False
-68.69612633110457,-88.74633498473935,71,71,71,71,22,24612.24021689874,0.6715009793969502,0.3284990206030498,5.088298212665758,45.0,10,0.16666666666666663,529.592306307031,10762.73160517834,733.577930596959,False,False
-68.80151031961073,133.74590096523448,47,47,47,47,7,16157.458080098997,0.4051136346864781,0.5948863653135219,2.3619866189838516,45.0,10,0.16666666666666663,529.592306307031,13817.578135434554,831.1912576367293,False,False
-68.90739646504328,-3.7618630847916847,77,77,77,77,17,25431.63875226645,0.34575694872671675,0.6542430512732833,2.0569678900029795,45.0,9,0.25,529.592306307031,10762.73160517834,733.577930596959,False,True
-69.01379238181303,-141.26962713481785,18,18,18,18,5,6918.8592630669655,0.3525851098230662,0.6474148901769339,2.0892091460136393,45.0,8,0.33333333333333337,412.5936131601795,6529.857028264046,571.395529745554,False,True
-69.12070587649325,81.22260881505176,26,26,26,26,12,9588.976973281875,0.21635078894278062,0.7836492110572194,1.5521623346009683,45.0,9,0.25,529.592306307031,13817.578135434554,831.1912576367293,False,True
-69.22814495467175,-56.28515523497441,65,65,65,65,16,21393.506800115236,0.3450885640660645,0.6549114359339355,2.053848032364716,30.0,11,0.08333333333333337,529.592306307031,13817.578135434554,831.1912576367293,False,True
-69.33611782812038,166.20708071510364,20,20,20,20,2,7604.799792714253,0.3906477675312376,0.6093522324687624,2.2821739109695103,45.0,9,0.25,412.5936131601795,17739.498905368782,941.7934727255436,False,True
-69.44463292230014,28.699316665077482,118,118,118,118,32,43816.334132303935,0.7188194292161456,0.2811805707838544,6.112866989438666,45.0,8,0.33333333333333337,529.592306307031,13817.578135434554,831.1912576367293,False,False
-69.55369888422085,-108.80844738494869,34,34,34,34,3,11928.240414534215,0.3944893844340354,0.6055106155659646,2.3029974183534674,15.0,12,0.0,529.592306307031,13817.578135434554,831.1912576367293,False,True
-69.66332459067614,113.68378856502515,51,51,51,51,12,16589.907353582214,0.6420242144690139,0.3579757855309861,4.586970071267241,45.0,8,0.33333333333333337,529.592306307031,13817.578135434554,831.1912576367293,False,False
-69.77351915687662,-23.823975485105223,43,43,43,43,15,14258.84880438566,0.4347910569849707,0.5652089430150293,2.5385144285426113,45.0,10,0.16666666666666663,529.592306307031,13817.578135434554,831.1912576367293,False,False
-69.88429194550388,-161.3317395351314,20,20,20,20,3,7490.4551194049045,0.39833012998614165,0.6016698700138583,2.324082025170936,75.0,7,0.41666666666666663,412.5936131601795,8383.263005261933,647.4281043197744,False,False
-69.99565257621136,61.160496414842434,41,41,41,41,17,13902.79323688152,0.3445050932914176,0.6554949067085825,2.051129733475035,30.0,9,0.25,529.592306307031,13817.578135434554,831.1912576367293,False,True
-70.1076109355996,-76.34726763518375,56,56,56,53,18,18671.104859239833,0.47700580763920136,0.5229941923607986,2.82413424319683,60.0,8,0.33333333333333337,529.592306307031,13817.578135434554,831.1912576367293,False,False
-70.22017718769419,146.1449683147901,47,47,47,47,14,16682.55418293556,0.5125161391772608,0.4874838608227392,3.102699926566898,45.0,10,0.16666666666666663,529.592306307031,13817.578135434554,831.1912576367293,False,False
-70.33336178495858,8.637204264659715,90,90,90,90,25,29842.706765366882,0.6071992840745334,0.3928007159254666,4.0916404143710805,60.0,8,0.33333333333333337,529.592306307031,10762.73160517834,733.577930596959,False,False
-70.44717547987533,-128.87055978536645,22,22,22,22,6,7516.839228039265,0.0559521455752084,0.9440478544247916,1.1185366722946477,45.0,10,0.16666666666666663,529.592306307031,13817.578135434554,831.1912576367293,False,True
-70.56162933713168,93.62167616460738,38,38,38,38,9,14163.013097533405,0.24771184643071323,0.7522881535692868,1.65855575488043,45.0,10,0.16666666666666663,529.592306307031,13817.578135434554,831.1912576367293,False,True
-70.6767347464487,-43.88608788541876,46,46,46,46,7,17394.547693865992,0.2649479371129859,0.7350520628870141,1.720895703829108,60.0,9,0.25,529.592306307031,13817.578135434554,831.1912576367293,False,True
-70.79250343609647,178.60614806465927,21,21,21,21,6,7141.206035150293,0.5355171756935929,0.4644828243064071,3.3058642760074433,45.0,9,0.25,529.592306307031,13817.578135434554,831.1912576367293,False,False
-70.90894748713966,41.098384014633105,235,235,235,234,90,47190.36258008034,0.2827359889573556,0.7172640110426445,1.7883735545196497,15.0,12,0.0,529.592306307031,10762.73160517834,733.577930596959,False,True
-71.02607934846314,-96.40938003560149,99,99,95,91,30,26242.66392996265,0.5112585533344829,0.4887414466655171,3.092143225513575,15.0,12,0.0,529.592306307031,10762.73160517834,733.577930596959,False,False
-71.14391185263054,126.08285591447655,57,57,57,57,15,19159.912383625626,0.48062976557801024,0.5193702344219897,2.8508175236992783,60.0,8,0.33333333333333337,529.592306307031,13817.578135434554,831.1912576367293,False,False
-71.26245823263211,-11.424908135549629,59,59,59,59,21,20865.996099581414,0.49434409484301545,0.5056559051569846,2.9552588620102944,45.0,9,0.25,529.592306307031,13817.578135434554,831.1912576367293,False,False
-71.38173213958419,-148.93267218557577,21,21,21,21,3,7491.834696637148,0.555067857479578,0.444932142520422,3.495067469548352,45.0,10,0.16666666666666663,412.5936131601795,13817.578135434554,831.1912576367293,False,False
-71.5017476614473,73.55956376439805,33,33,33,33,12,11524.673891825565,0.3203778838687897,0.6796221161312104,1.942811825172965,30.0,9,0.25,529.592306307031,13817.578135434554,831.1912576367293,False,True
-71.62251934283503,-63.948200285732355,85,85,85,72,20,28127.175708391656,0.5217286328020632,0.47827136719793684,3.18172639461455,45.0,9,0.25,529.592306307031,10762.73160517834,733.577930596959,False,False
-71.74406220599248,158.5440356642415,29,29,29,29,8,11558.608637384743,0.5586684038385534,0.44133159616144657,3.531739892170254,60.0,8,0.33333333333333337,529.592306307031,13817.578135434554,831.1912576367293,False,False
-71.86639177303016,21.036271614215337,111,111,111,111,38,35314.12289301505,0.6484953580381818,0.3515046419618182,4.689825286054822,60.0,7,0.41666666666666663,529.592306307031,13817.578135434554,831.1912576367293,False,False
-71.989524089506,-116.47149243581083,39,39,39,39,5,12591.471672810567,0.2583122426514005,0.7416877573485995,1.6965525319571686,45.0,10,0.16666666666666663,529.592306307031,13817.578135434554,831.1912576367293,False,True
-72.1134757494566,106.020743514163,48,48,48,48,14,16647.893797360106,0.4535664415314389,0.5464335584685611,2.660097314676674,30.0,10,0.16666666666666663,529.592306307031,13817.578135434554,831.1912576367293,False,False
-72.23826392198889,-31.487020535863167,37,37,37,37,11,13387.017429958618,0.5221080644843358,0.4778919355156642,3.185046558364542,30.0,10,0.16666666666666663,529.592306307031,13817.578135434554,831.1912576367293,False,False
-72.36390637955164,-168.99478458599356,22,22,22,22,5,7545.072752608467,0.5184930026874538,0.4815069973125462,3.1536260348503307,60.0,9,0.25,412.5936131601795,13817.578135434554,831.1912576367293,False,False
-72.49042152801898,53.49745136398029,39,39,39,39,17,12953.299953455868,0.22428928386272257,0.7757107161372774,1.578280740994766,30.0,11,0.08333333333333337,529.592306307031,13817.578135434554,831.1912576367293,False,True
-72.6178284387302,-84.01031268604589,109,109,108,102,39,30482.521671077622,0.3007145808289919,0.6992854191710081,1.8600624940399424,15.0,12,0.0,529.592306307031,13817.578135434554,831.1912576367293,False,True
-72.74614688264275,138.4819232640322,49,49,49,49,13,16287.055811894174,0.501175539405036,0.498824460594964,3.0094264776321022,60.0,7,0.41666666666666663,529.592306307031,13817.578135434554,831.1912576367293,False,False
-72.87539736677175,0.9741592140060117,101,101,101,101,30,27737.385454960648,0.3654836524927432,0.6345163475072568,2.152007048923395,15.0,12,0.0,529.592306307031,13817.578135434554,831.1912576367293,False,True
-73.00560117310641,-136.53360483612437,29,29,29,29,6,9862.431800411417,0.11727711880265132,0.8827228811973487,1.2657167301329575,30.0,10,0.16666666666666663,529.592306307031,13817.578135434554,831.1912576367293,False,True
-73.13678040021121,85.95863111384946,35,35,35,35,9,10538.191695835894,0.23236608101785716,0.7676339189821428,1.6054085815435744,60.0,9,0.25,529.592306307031,13817.578135434554,831.1912576367293,False,True
-73.26895800774233,-51.549132936176704,52,52,52,52,14,19046.113122825886,0.3440782560617329,0.6559217439382671,2.049144228687489,60.0,8,0.33333333333333337,529.592306307031,13817.578135434554,831.1912576367293,False,True
-73.40215786413343,170.94310301379713,22,22,22,22,5,8141.764920372689,0.635343388260186,0.364656611739814,4.484611921494568,60.0,9,0.25,529.592306307031,17739.498905368782,941.7934727255436,False,False
-73.53640479772973,33.43533896377096,65,65,65,65,25,19795.16387146265,0.6523878200806322,0.34761217991936777,4.753538326717782,45.0,10,0.16666666666666663,529.592306307031,13817.578135434554,831.1912576367293,False,False
-73.67172465168103,-104.07242508625521,71,71,67,65,13,20781.222593112332,0.5265422383898578,0.4734577616101422,3.224241658217557,45.0,10,0.16666666666666663,529.592306307031,10762.73160517834,733.577930596959,False,False
-73.80814434293714,118.41981086361442,68,68,68,68,16,22595.172839102608,0.5038368071323637,0.4961631928676363,3.030931815882499,30.0,11,0.08333333333333337,529.592306307031,13817.578135434554,831.1912576367293,False,False
-73.9456919257258,-19.087953186411767,57,57,57,57,16,18497.32285950946,0.302091324497911,0.697908675502089,1.8657044541840109,30.0,11,0.08333333333333337,529.592306307031,13817.578135434554,831.1912576367293,False,True
-74.08439665993708,-156.59571723643793,23,23,23,23,5,7587.566109101415,0.5592171268369734,0.44078287316302656,3.537381377021621,45.0,9,0.25,529.592306307031,13817.578135434554,831.1912576367293,False,False
-74.22428908488631,65.89651871353591,29,29,29,29,10,8224.141589691262,0.22564263497350068,0.7743573650264993,1.5827868247001926,30.0,9,0.25,529.592306307031,13817.578135434554,831.1912576367293,False,True
-74.36540109898054,-71.61124533649024,86,86,86,75,17,28029.471201431697,0.41580022279069684,0.5841997772093032,2.4234864134216427,30.0,11,0.08333333333333337,529.592306307031,13817.578135434554,831.1912576367293,False,False
-74.50776604587722,150.88099061337937,40,40,40,40,8,14333.828571884813,0.64581327901052,0.35418672098948,4.646739082743318,45.0,9,0.25,529.592306307031,13817.578135434554,831.1912576367293,False,False
-74.6514188077939,13.373226563353194,72,72,72,72,24,26506.77216336228,0.5019583836997401,0.4980416163002599,3.015728675160025,30.0,10,0.16666666666666663,529.592306307031,13817.578135434554,831.1912576367293,False,False
-74.79639590670702,-124.13453748656875,40,40,40,40,9,12875.421426213868,0.4163672401344447,0.5836327598655553,2.426812436746554,45.0,8,0.33333333333333337,529.592306307031,13817.578135434554,831.1912576367293,False,False
-74.94273561427097,98.35769846340509,39,39,39,39,13,12807.369047963046,0.3805508205759578,0.6194491794240422,2.228674871858867,45.0,9,0.25,529.592306307031,13817.578135434554,831.1912576367293,False,True
-75.09047807139447,-39.15006558662111,43,43,43,43,15,13179.927240577135,0.46170421021658165,0.5382957897834184,2.715429393948434,30.0,11,0.08333333333333337,529.592306307031,13817.578135434554,831.1912576367293,False,False
-75.23966541853054,-176.65782963664725,33,33,33,33,8,11468.172344909999,0.5217173407325405,0.4782826592674595,3.1816276656636715,75.0,8,0.33333333333333337,529.592306307031,13817.578135434554,831.1912576367293,False,False
-75.39034193787764,45.83440631322237,37,37,37,36,10,14219.355508454779,0.19802780778876986,0.8019721922112302,1.4938520555002275,45.0,9,0.25,412.5936131601795,13817.578135434554,831.1912576367293,False,True
-75.54255420885116,-91.67335773680378,142,142,139,129,43,39999.16094866693,0.4160764066120257,0.5839235933879743,2.4251056519155703,15.0,12,0.0,529.592306307031,10762.73160517834,733.577930596959,False,False
-75.69635127836948,130.81887821317002,57,57,57,57,17,16779.907371151734,0.5866525580403879,0.41334744195961215,3.8385445196378365,45.0,9,0.25,529.592306307031,13817.578135434554,831.1912576367293,False,False
-75.85178484771785,-6.688885836856116,59,59,59,59,19,20147.04442514555,0.45266897563789665,0.5473310243621033,2.654095804875917,30.0,10,0.16666666666666663,529.592306307031,13817.578135434554,831.1912576367293,False,False
-76.00890947800683,-144.1966498868823,82,82,82,76,20,18785.41350648977,0.2620471001732868,0.7379528998267132,1.7102000689605554,15.0,12,0.0,412.5936131601795,13817.578135434554,831.1912576367293,False,True
-76.16778281653646,78.29558606298731,28,28,28,28,8,10295.102518899268,0.1784850207608301,0.8215149792391699,1.4345265156969638,30.0,9,0.25,529.592306307031,13817.578135434554,831.1912576367293,False,True
-76.32846584672706,-59.21217798703884,86,86,85,81,16,27954.679386904827,0.29489460569730114,0.7051053943026988,1.836455395406333,45.0,9,0.25,529.592306307031,13817.578135434554,831.1912576367293,False,True
-76.4910231646865,163.280057962935,38,38,38,38,8,13942.525193522397,0.7750173435563551,0.2249826564436449,7.889574119243155,75.0,7,0.41666666666666663,529.592306307031,13817.578135434554,831.1912576367293,False,False
-76.65552328596688,25.772293912908818,48,48,48,48,18,17377.043922708715,0.5812369674221226,0.4187630325778774,3.7759707624814274,30.0,11,0.08333333333333337,529.592306307031,13817.578135434554,831.1912576367293,False,False
-76.82203898663869,-111.73547013701312,99,99,92,87,12,28226.000499342797,0.4093829553168186,0.5906170446831813,2.3862889972517465,15.0,12,0.0,529.592306307031,13817.578135434554,831.1912576367293,False,False
-76.99064768349521,110.75676581296071,58,58,58,58,18,19425.092506643257,0.5776803777946281,0.4223196222053719,3.735749642784559,60.0,9,0.25,529.592306307031,13817.578135434554,831.1912576367293,False,False
-77.16143185901598,-26.750998237169654,59,59,57,57,23,21050.001362060735,0.23600106829833886,0.7639989317016611,1.617804707586938,15.0,12,0.0,679.7681833982128,13817.578135434554,831.1912576367293,False,True
-77.3344795377036,-164.25876228719585,42,42,42,42,11,15210.1278082043,0.5019712065006108,0.4980287934993892,3.0158320685578044,30.0,11,0.08333333333333337,412.5936131601795,13817.578135434554,831.1912576367293,False,False
-77.50988482159435,58.23347366277799,31,31,31,30,9,10112.908954096309,0.38888235552685796,0.6111176444731421,2.2726922845178916,30.0,11,0.08333333333333337,529.592306307031,13817.578135434554,831.1912576367293,False,True
-77.68774849418112,-79.27429038724819,95,95,93,86,24,31338.39356400887,0.1387305759297929,0.8612694240702071,1.3221537234520104,15.0,12,0.0,529.592306307031,13817.578135434554,831.1912576367293,False,True
-77.86817870374377,143.21794556272565,43,43,43,43,9,14841.374255247818,0.7512657817841385,0.2487342182158615,7.0407111427842235,75.0,7,0.41666666666666663,529.592306307031,13817.578135434554,831.1912576367293,False,False
-78.05129173923324,5.71018151259527,58,58,58,58,18,20519.79873720202,0.5322798597715823,0.4677201402284177,3.2760613195387993,30.0,10,0.16666666666666663,529.592306307031,13817.578135434554,831.1912576367293,False,False
-78.23721291450588,-131.79758253743088,75,75,71,65,14,25068.07055240976,0.4636673410230731,0.5363326589769268,2.7290289273360107,30.0,11,0.08333333333333337,412.5936131601795,10762.73160517834,733.577930596959,False,False
-78.42607757999542,90.69465341254293,36,36,36,36,12,12750.835609765636,0.43213003998710986,0.5678699600128901,2.5219330847410943,15.0,12,0.0,679.7681833982128,13817.578135434554,831.1912576367293,False,False
-78.618032285015,-46.81311063748325,53,53,51,51,14,16325.970326186089,0.12462754190220397,0.8753724580977961,1.2847417479252714,15.0,12,0.0,529.592306307031,13817.578135434554,831.1912576367293,False,True
-78.81323611904007,175.6791253124906,42,42,42,42,5,14200.016535305997,0.5344112887363994,0.4655887112636006,3.295636796201589,45.0,9,0.25,529.592306307031,10762.73160517834,733.577930596959,False,False
-79.0118622668548,38.17136126246444,25,25,25,25,5,7000.543260132099,0.3714891700383179,0.6285108299616822,2.1821249605546686,15.0,12,0.0,529.592306307031,13817.578135434554,831.1912576367293,False,True
-79.21409982077556,-99.33640278766597,141,141,136,127,21,38522.789973094295,0.2929045810828721,0.7070954189171279,1.828472574554187,30.0,11,0.08333333333333337,529.592306307031,13817.578135434554,831.1912576367293,False,True
-79.42015590387753,123.15583316230789,60,60,60,60,19,19831.46439186825,0.7397425884790296,0.26025741152097037,6.68469949928342,45.0,9,0.25,529.592306307031,13817.578135434554,831.1912576367293,False,False
-79.63025817205383,-14.35193088761406,52,52,52,52,13,16328.395545929943,0.4245350924065081,0.5754649075934919,2.4754508461058045,15.0,12,0.0,529.592306307031,13817.578135434554,831.1912576367293,False,False
-79.84465778094399,-151.85969493764023,64,64,60,52,11,18497.78808251291,0.5485960269112615,0.4514039730887385,3.4306211713533887,30.0,11,0.08333333333333337,412.5936131601795,13817.578135434554,831.1912576367293,False,False
-80.06363292785932,70.6325410123336,44,44,42,40,5,12932.519481842204,0.1397664761617348,0.8602335238382652,1.3249500799227456,30.0,11,0.08333333333333337,412.5936131601795,13817.578135434554,831.1912576367293,False,True
-80.28749311106205,-66.87522303779679,89,89,88,82,20,33057.63604861554,0.6018765441520819,0.3981234558479181,4.023567364902996,30.0,11,0.08333333333333337,529.592306307031,10762.73160517834,733.577930596959,False,False
-80.51658429238176,155.61701291217705,61,61,60,57,10,18882.01923929086,0.5958852884562176,0.4041147115437824,3.9490898075936958,15.0,12,0.0,529.592306307031,13817.578135434554,831.1912576367293,False,False
-80.75129520897113,18.109248862150892,40,40,40,40,8,12677.0048020869,0.5772321693348126,0.4227678306651874,3.730728912966672,30.0,11,0.08333333333333337,529.592306307031,13817.578135434554,831.1912576367293,False,False
-80.9920651631905,-119.39851518787526,109,109,102,92,20,34962.018893691944,0.35491719713166664,0.6450828028683333,2.1003771781034697,15.0,12,0.0,529.592306307031,13817.578135434554,831.1912576367293,False,True
-81.23939373707465,103.09372076209856,52,52,51,50,13,16558.640636919325,0.5726408252494828,0.4273591747505172,3.679904207432906,30.0,10,0.16666666666666663,529.592306307031,13817.578135434554,831.1912576367293,False,False
-81.49385304652299,-34.4140432879276,71,71,70,70,22,22427.215163124427,0.35911474205450833,0.6408852579454917,2.120683422195527,30.0,11,0.08333333333333337,529.592306307031,13817.578135434554,831.1912576367293,False,True
-81.7561033971654,-171.921807338058,50,50,50,48,9,17675.92261182055,0.6085151846806233,0.39148481531937673,4.1087549803646475,15.0,12,0.0,529.592306307031,13817.578135434554,831.1912576367293,False,False
-82.02691357250518,50.570428611915844,25,25,25,25,4,9328.470844463947,0.2858260825351553,0.7141739174648447,1.8004383121404741,30.0,10,0.16666666666666663,412.5936131601795,13817.578135434554,831.1912576367293,False,True
-82.30718754844017,-86.93733543811032,103,103,101,90,17,32472.159321028772,0.3982214841963491,0.6017785158036508,2.3234818915545383,15.0,12,0.0,529.592306307031,13817.578135434554,831.1912576367293,False,True
-82.59800031228691,135.5549005118635,59,59,58,56,18,19505.229931947724,0.5601058136967421,0.43989418630325794,3.546547925098567,30.0,11,0.08333333333333337,529.592306307031,13817.578135434554,831.1912576367293,False,False
-82.90064689272307,-1.9528635380584092,55,55,55,55,12,19500.22339314689,0.5226660569703785,0.4773339430296215,3.189938782283261,15.0,12,0.0,529.592306307031,13817.578135434554,831.1912576367293,False,False
-83.21671109376669,-139.46062758829305,68,68,65,60,16,23675.33198880242,0.5464634293064717,0.45353657069352826,3.4097877199664133,15.0,12,0.0,529.592306307031,13817.578135434554,831.1912576367293,False,False
-83.54816457245725,83.03160836178502,44,44,43,41,12,15355.27117258565,0.3488688530230167,0.6511311469769834,2.0715778369464135,15.0,12,0.0,529.592306307031,13817.578135434554,831.1912576367293,False,True
-83.89751443962652,-54.476155688241136,207,207,206,192,62,50270.58092510527,0.07458872033094577,0.9254112796690542,1.1612012344557119,15.0,12,0.0,529.592306307031,10762.73160517834,733.577930596959,False,True
-84.26803203480235,168.01608026173267,65,65,65,61,17,21741.550791580063,0.5237197437178022,0.47628025628219783,3.199208288858803,30.0,11,0.08333333333333337,529.592306307031,13817.578135434554,831.1912576367293,False,False
-84.66412518135817,30.508316211706518,28,28,28,28,5,10496.340980180032,0.30148099717684795,0.698519002823152,1.8632005599228503,15.0,12,0.0,529.592306307031,13817.578135434554,831.1912576367293,False,True
-85.09198212399686,-106.99944783831964,59,59,58,54,16,17765.56500397847,0.4410816485312507,0.5589183514687492,2.578340190019375,15.0,12,0.0,529.592306307031,13817.578135434554,831.1912576367293,False,False
-85.56077772515721,115.49278811154997,64,64,63,61,17,23291.551007698283,0.4435549331774115,0.5564450668225884,2.594245181146804,15.0,12,0.0,529.592306307031,13817.578135434554,831.1912576367293,False,False
-86.08519165704037,-22.014975938476198,62,62,62,62,19,18555.03587323492,0.31928619385210544,0.6807138061478946,1.938092311242872,30.0,11,0.08333333333333337,529.592306307031,13817.578135434554,831.1912576367293,False,True
-86.69156701434724,-159.52273998850237,67,67,67,65,21,22054.244494555995,0.4963863309044478,0.5036136690955522,2.9712980856771263,30.0,11,0.08333333333333337,529.592306307031,13817.578135434554,831.1912576367293,False,False
-87.437441266877,62.969495961471466,55,55,55,55,18,18455.623929888217,0.40164867516328095,0.598351324836719,2.3425178770110846,15.0,12,0.0,529.592306307031,13817.578135434554,831.1912576367293,False,False
-88.52058823754055,-74.53826808855467,59,59,59,59,22,20632.993217892767,0.17863847609802896,0.821361523901971,1.4349813593638685,15.0,12,0.0,679.7681833982128,13817.578135434554,831.1912576367293,False,True
