sta1,lat1,lon1,sta2,lat2,lon2,distance_km,shared_days,q
1A.NE26,42.306,121.470001,1A.NE48,44.651001,118.269997,366.89984810978336,327,0.9465148762480725
1A.NE26,42.306,121.470001,IC.HIA,49.270115,119.741363,785.8304657833336,237,0.8058008863814625
1A.NE26,42.306,121.470001,Z8.320,36.0107,112.366096,1050.609806443411,230,0.7938116818876942
1A.NE48,44.651001,118.269997,IC.HIA,49.270115,119.741363,525.5916962523197,259,0.8423710827752163
1A.NE48,44.651001,118.269997,Z8.320,36.0107,112.366096,1082.5495180697735,233,0.7989719421754193
1A.NE48,44.651001,118.269997,Z8.365,35.987999,105.131699,1469.306207051765,244,0.8176143043544013
1D.ATOL,-71.389671,-68.870117,1D.BREN,-72.67498,-63.020939,246.16932182127678,347,0.9750307336216891
1D.ATOL,-71.389671,-68.870117,1D.ELSW,-75.519371,-85.707581,699.270450566701,356,0.9875942819566265
1D.ATOL,-71.389671,-68.870117,1D.WELC,-70.731812,-63.82737,196.0709111623471,348,0.9764346662907081
1D.ATOL,-71.389671,-68.870117,YT.RMBO,-83.8714,-66.3959,1388.8428307462752,339,0.9637256473123827
1D.ATOL,-71.389671,-68.870117,YT.THUR,-72.5301,-97.5606,986.3464160544461,356,0.9875942819566265
1D.BREN,-72.67498,-63.020939,1D.ELSW,-75.519371,-85.707581,753.9126456566689,347,0.9750307336216891
1D.BREN,-72.67498,-63.020939,1D.WELC,-70.731812,-63.82737,217.89186434964375,353,0.9834242663628109
1D.BREN,-72.67498,-63.020939,YT.RMBO,-83.8714,-66.3959,1246.7946919097672,347,0.9750307336216891
1D.BREN,-72.67498,-63.020939,YT.THUR,-72.5301,-97.5606,1132.6319590105418,347,0.9750307336216891
1D.ELSW,-75.519371,-85.707581,1D.WELC,-70.731812,-63.82737,875.7681324013731,348,0.9764346662907081
1D.ELSW,-75.519371,-85.707581,YT.CLRK,-77.3231,-141.8485,1421.743778343187,232,0.7972555665256684
1D.ELSW,-75.519371,-85.707581,YT.RMBO,-83.8714,-66.3959,992.4179641258244,343,0.9693946706049401
1D.ELSW,-75.519371,-85.707581,YT.THUR,-72.5301,-97.5606,490.4223071863664,360,0.9931270663228415
1D.KIBB,-75.276108,-65.604904,1D.ROTH,-67.520012,-68.148849,866.9493307041398,349,0.9778365832600271
1D.KIBB,-75.276108,-65.604904,YT.MA07,-78.2496,-93.4991,773.4517233582155,331,0.952286361904072
1D.KIBB,-75.276108,-65.604904,YT.MA09,-79.8993,-104.9977,1043.381381494237,233,0.7989719421754193
1D.KIBB,-75.276108,-65.604904,YT.RMBO,-83.8714,-66.3959,955.8644038449223,325,0.9436158958517548
1D.KIBB,-75.276108,-65.604904,YT.THRO,-79.127296,-28.317499,990.3358451196319,94,0.5074783212860846
1D.ROTH,-67.520012,-68.148849,IC.HIA,49.270115,119.741363,17938.301347264503,369,1.0054645215568718
1D.ROTH,-67.520012,-68.148849,II.KAPI,-5.0142,119.7517,11925.534078546147,366,1.0013689260344547
1D.ROTH,-67.520012,-68.148849,II.RAYN,23.5225,45.5032,13413.013698988192,366,1.0013689260344547
1D.ROTH,-67.520012,-68.148849,KZ.AB06,49.261101,59.969299,16530.92542216872,365,1.0
1D.ROTH,-67.520012,-68.148849,NZ.URZ,-38.259249,177.110894,7058.610418292377,368,1.0041011792056576
1D.ROTH,-67.520012,-68.148849,PB.B934,39.844501,-123.691399,12810.66470977773,369,1.0054645215568718
1D.ROTH,-67.520012,-68.148849,PM.PESTR,38.867168,-7.590169,12864.155829958516,365,1.0
1D.ROTH,-67.520012,-68.148849,PM.PFVI,37.132832,-8.826829,12645.0877499768,369,1.0054645215568718
1D.ROTH,-67.520012,-68.148849,PS.SYO,-69.0067,39.585,3871.7616573783043,369,1.0054645215568718
1D.ROTH,-67.520012,-68.148849,YT.MA07,-78.2496,-93.4991,1427.0479789226501,337,0.9608785933888196
1D.WELC,-70.731812,-63.82737,YT.RMBO,-83.8714,-66.3959,1462.0491736279032,337,0.9608785933888196
1D.WELC,-70.731812,-63.82737,YT.THUR,-72.5301,-97.5606,1182.3731438797906,348,0.9764346662907081
1G.EA29,41.62461,112.42881,1G.WA05,39.46912,107.78784,459.48147538295353,143,0.6259239745510697
1G.EA29,41.62461,112.42881,1G.WA08,39.78198,105.74621,599.2241283028679,143,0.6259239745510697
1G.EA29,41.62461,112.42881,1G.WA17,40.77207,108.32398,356.24112189308835,140,0.6193235372853323
1G.EA29,41.62461,112.42881,1G.WA20,41.14854,106.47017,499.8133400250273,137,0.612651994001019
1G.EA29,41.62461,112.42881,IC.HIA,49.270115,119.741363,1022.7210227963385,114,0.5588638180480892
1G.WA05,39.46912,107.78784,1G.WA08,39.78198,105.74621,178.2794946935836,151,0.6431940843454534
1G.WA05,39.46912,107.78784,1G.WA17,40.77207,108.32398,151.88367873066485,140,0.6193235372853323
1G.WA05,39.46912,107.78784,1G.WA20,41.14854,106.47017,217.60895284173552,140,0.6193235372853323
1G.WA05,39.46912,107.78784,IC.HIA,49.270115,119.741363,1442.3455491393956,122,0.578140619004119
1G.WA08,39.78198,105.74621,1G.WA17,40.77207,108.32398,244.81666556439328,140,0.6193235372853323
1G.WA08,39.78198,105.74621,1G.WA20,41.14854,106.47017,163.83102557500132,139,0.6171077035722526
1G.WA17,40.77207,108.32398,1G.WA20,41.14854,106.47017,161.19215643948604,137,0.612651994001019
1G.WA17,40.77207,108.32398,IC.HIA,49.270115,119.741363,1300.366726852875,111,0.5514613214370486
1G.WA20,41.14854,106.47017,IC.HIA,49.270115,119.741363,1373.5592539983156,108,0.5439580966939495
1G.WOP11,37.52923,104.79038,1G.WOP23,37.3256,100.06438,417.8879879964101,235,0.8023936792113683
1G.WOP11,37.52923,104.79038,IC.XAN,34.03107,108.92321,538.6706175341724,176,0.6944003030111074
1G.WOP11,37.52923,104.79038,YP.NE61,44.849098,115.991798,1239.3128419183947,247,0.82262526630728
1G.WOP23,37.3256,100.06438,IC.LSA,29.70317,91.12757,1184.0851897157872,175,0.6924247647178143
1G.WOP23,37.3256,100.06438,IC.XAN,34.03107,108.92321,879.5367839238606,158,0.6579336686389952
1P.MAMA,-52.0337,-72.3827,1P.OHRS,-48.7078,-73.9807,386.7740950097948,341,0.9665643151609032
1P.MAMA,-52.0337,-72.3827,II.EFI,-51.6753,-58.0637,982.6538138769981,133,0.6036419150819761
1P.OHRS,-48.7078,-73.9807,CM.PRV,13.376167,-81.3635,6941.744698424494,368,1.0041011792056576
1P.OHRS,-48.7078,-73.9807,GB.LRW,60.136,-1.17783,13751.657330361215,366,1.0013689260344547
1P.OHRS,-48.7078,-73.9807,IC.HIA,49.270115,119.741363,19013.292816308258,368,1.0041011792056576
1P.OHRS,-48.7078,-73.9807,II.EFI,-51.6753,-58.0637,1177.4758264987997,133,0.6036419150819761
1P.OHRS,-48.7078,-73.9807,II.KAPI,-5.0142,119.7517,13894.223996449495,368,1.0041011792056576
1P.OHRS,-48.7078,-73.9807,II.NIL,33.6506,73.2686,16839.72530987341,367,1.0027359832252927
1P.OHRS,-48.7078,-73.9807,II.RAYN,23.5225,45.5032,14088.789279870385,368,1.0041011792056576
1P.OHRS,-48.7078,-73.9807,NZ.URZ,-38.259249,177.110894,8084.117637402002,368,1.0041011792056576
1P.OHRS,-48.7078,-73.9807,PB.B934,39.844501,-123.691399,10991.102516809337,368,1.0041011792056576
1P.OHRS,-48.7078,-73.9807,PM.PFVI,37.132832,-8.826829,11502.55737731045,367,1.0027359832252927
1P.OHRS,-48.7078,-73.9807,PS.SYO,-69.0067,39.585,5852.178321583474,368,1.0041011792056576
1P.OHRS,-48.7078,-73.9807,XR.BA07,24.1371,91.4975,17001.68624141442,368,1.0041011792056576
2A.30,-14.3692,-116.1567,2A.32,-12.9996,-115.8554,155.73267952061153,344,0.9708067539035035
2A.30,-14.3692,-116.1567,2A.34,-11.7336,-117.275101,317.11415920405045,344,0.9708067539035035
2A.30,-14.3692,-116.1567,2A.39,-12.37,-114.524902,283.860898770198,189,0.7195889237461081
2A.30,-14.3692,-116.1567,2A.44,-16.002001,-115.2491,206.0319337315843,339,0.9637256473123827
2A.30,-14.3692,-116.1567,2A.46,-14.85,-118.3703,244.1075632583385,248,0.8242888175842983
2A.30,-14.3692,-116.1567,2A.48,-13.1701,-117.201202,174.64962443313783,290,0.8913588210957502
2A.32,-12.9996,-115.8554,2A.34,-11.7336,-117.275101,208.79124537497327,343,0.9693946706049401
2A.32,-12.9996,-115.8554,2A.39,-12.37,-114.524902,160.41562380720683,189,0.7195889237461081
2A.32,-12.9996,-115.8554,2A.44,-16.002001,-115.2491,340.1709803521195,331,0.952286361904072
2A.32,-12.9996,-115.8554,2A.46,-14.85,-118.3703,340.58671656489486,245,0.819288030372914
2A.32,-12.9996,-115.8554,2A.48,-13.1701,-117.201202,146.98867221337068,286,0.8851901738245949
2A.34,-11.7336,-117.275101,2A.39,-12.37,-114.524902,307.323446045367,189,0.7195889237461081
2A.34,-11.7336,-117.275101,2A.44,-16.002001,-115.2491,522.5693537059735,332,0.9537237760986619
2A.34,-11.7336,-117.275101,2A.46,-14.85,-118.3703,366.230055801316,246,0.8209583440953176
2A.34,-11.7336,-117.275101,2A.48,-13.1701,-117.201202,159.93312920742153,287,0.8867363587126749
2A.39,-12.37,-114.524902,2A.44,-16.002001,-115.2491,411.3346027860311,185,0.7119335046677415
2A.39,-12.37,-114.524902,2A.46,-14.85,-118.3703,498.71762991930746,99,0.5208002272583305
2A.39,-12.37,-114.524902,2A.48,-13.1701,-117.201202,303.556522753914,140,0.6193235372853323
2A.44,-16.002001,-115.2491,2A.46,-14.85,-118.3703,358.23456427358144,248,0.8242888175842983
2A.44,-16.002001,-115.2491,2A.48,-13.1701,-117.201202,378.5174886576544,290,0.8913588210957502
2A.46,-14.85,-118.3703,2A.48,-13.1701,-117.201202,225.38989064779418,248,0.8242888175842983
2H.BTIE,11.1949,40.021801,II.RAYN,23.5225,45.5032,1488.5293014349343,99,0.5208002272583305
3H.G01,1.0132,-88.9369,3H.G06,2.0564,-90.6769,225.5262758514289,267,0.8552817368066902
3H.G01,1.0132,-88.9369,3H.G18,1.5202,-93.2519,482.98935850049645,443,1.101679912740986
3H.G01,1.0132,-88.9369,3H.G23,0.9001,-92.0216,343.1860928242612,441,1.0991902374394489
3H.G01,1.0132,-88.9369,3H.G30,1.2999,-94.808,653.4817150401152,443,1.101679912740986
3H.G01,1.0132,-88.9369,3H.G33,2.8879,-94.4777,650.0550777154256,443,1.101679912740986
3H.G01,1.0132,-88.9369,3H.G39,-0.9632,-95.7405,787.7646049821511,268,0.8568818911276312
3H.G01,1.0132,-88.9369,AB.HASN,39.336076,49.217978,13831.973858980078,443,1.101679912740986
3H.G01,1.0132,-88.9369,AB.PRLH,40.401754,50.332841,13836.937130389437,411,1.061144380968148
3H.G01,1.0132,-88.9369,CM.SJC,9.896667,-75.1795,1813.7990079860424,439,1.0966949101857806
3H.G01,1.0132,-88.9369,II.COCO,-12.1901,96.8349,18618.796613455288,371,1.0081856754409793
3H.G01,1.0132,-88.9369,II.FFC,54.725,-101.9783,6089.420719199525,443,1.101679912740986
3H.G01,1.0132,-88.9369,II.KAPI,-5.0142,119.7517,16799.321886068705,437,1.0941938923118713
3H.G01,1.0132,-88.9369,II.LVZ,67.8979,34.6514,11236.734694109844,443,1.101679912740986
3H.G01,1.0132,-88.9369,MX.MOIG,19.646708,-101.227303,2466.3379892364674,438,1.0954451150103321
3H.G01,1.0132,-88.9369,MX.ZAIG,22.769176,-102.567123,2832.199038980301,406,1.054669980194415
3H.G01,1.0132,-88.9369,N4.ABTX,32.6238,-99.6431,3689.2670898149063,443,1.101679912740986
3H.G01,1.0132,-88.9369,NZ.URZ,-38.259249,177.110894,10422.358315914344,443,1.101679912740986
3H.G01,1.0132,-88.9369,PB.B934,39.844501,-123.691399,5565.922835028694,431,1.0866563016005655
3H.G01,1.0132,-88.9369,PM.PFVI,37.132832,-8.826829,9063.854678272644,443,1.101679912740986
3H.G01,1.0132,-88.9369,PS.JAY,-2.5147,140.703,14495.828693291576,435,1.091687144706673
3H.G01,1.0132,-88.9369,PS.SYO,-69.0067,39.585,11549.064330410958,441,1.0991902374394489
3H.G01,1.0132,-88.9369,PS.VIVO,18.6498,105.6965,17306.191526174265,433,1.0891746278090642
3H.G01,1.0132,-88.9369,S1.AUBUS,-33.6601,115.3828,15588.342950798738,433,1.0891746278090642
3H.G01,1.0132,-88.9369,XM.ANB10,-25.0271,-64.5865,3905.8064254870033,387,1.0296960583603008
3H.G01,1.0132,-88.9369,XM.ANB16,-24.0911,-61.4628,4072.106095007593,386,1.0283648411800856
3H.G01,1.0132,-88.9369,XM.ANB17,-25.2429,-59.8069,4282.740829749719,388,1.0310255567298694
3H.G01,1.0132,-88.9369,XM.ANB19,-27.7766,-62.9698,4234.985351133679,386,1.0283648411800856
3H.G01,1.0132,-88.9369,XM.ANB20,-26.7962,-65.316,3995.2904424215117,386,1.0283648411800856
3H.G01,1.0132,-88.9369,XM.ASB11,-37.8946,-63.8453,5034.411406347513,385,1.027031898505565
3H.G01,1.0132,-88.9369,XM.ASB22,-33.66389,-67.46128,4462.133803132608,379,1.0189976272708203
3H.G01,1.0132,-88.9369,YT.RMBO,-83.8714,-66.3959,9490.8924019875,443,1.101679912740986
3H.G06,2.0564,-90.6769,3H.G18,1.5202,-93.2519,292.3316036045798,267,0.8552817368066902
3H.G06,2.0564,-90.6769,3H.G23,0.9001,-92.0216,197.16310961089684,267,0.8552817368066902
3H.G06,2.0564,-90.6769,3H.G30,1.2999,-94.808,466.7993930798988,267,0.8552817368066902
3H.G06,2.0564,-90.6769,3H.G33,2.8879,-94.4777,432.2376224445703,267,0.8552817368066902
3H.G06,2.0564,-90.6769,3H.G39,-0.9632,-95.7405,655.483042940483,267,0.8552817368066902
3H.G18,1.5202,-93.2519,3H.G23,0.9001,-92.0216,153.16984674133278,443,1.101679912740986
3H.G18,1.5202,-93.2519,3H.G30,1.2999,-94.808,174.70406680604765,451,1.111582852672784
3H.G18,1.5202,-93.2519,3H.G33,2.8879,-94.4777,204.15413342201973,450,1.110349815296408
3H.G18,1.5202,-93.2519,3H.G39,-0.9632,-95.7405,390.9149908753639,272,0.8632528479258292
3H.G18,1.5202,-93.2519,AB.HASN,39.336076,49.217978,14078.151857121793,451,1.111582852672784
3H.G18,1.5202,-93.2519,AB.PRLH,40.401754,50.332841,14070.837553575495,419,1.0714220482515058
3H.G18,1.5202,-93.2519,CM.SJC,9.896667,-75.1795,2204.143945787075,447,1.1066424599872242
3H.G18,1.5202,-93.2519,II.COCO,-12.1901,96.8349,18389.10053571311,379,1.0189976272708203
3H.G18,1.5202,-93.2519,II.FFC,54.725,-101.9783,5969.115621446443,451,1.111582852672784
3H.G18,1.5202,-93.2519,II.KAPI,-5.0142,119.7517,16331.442608887515,445,1.1041639743225553
3H.G18,1.5202,-93.2519,II.LVZ,67.8979,34.6514,11332.611879987662,451,1.111582852672784
3H.G18,1.5202,-93.2519,MX.HPIG,26.936794,-105.664017,3121.142094904913,369,1.0054645215568718
3H.G18,1.5202,-93.2519,MX.MOIG,19.646708,-101.227303,2194.4073570413443,446,1.1054039117983878
3H.G18,1.5202,-93.2519,MX.ZAIG,22.769176,-102.567123,2567.9967356598245,414,1.0650101292205938
3H.G18,1.5202,-93.2519,N4.ABTX,32.6238,-99.6431,3522.568406004804,451,1.111582852672784
3H.G18,1.5202,-93.2519,NZ.URZ,-38.259249,177.110894,10080.553833884907,451,1.111582852672784
3H.G18,1.5202,-93.2519,PB.B934,39.844501,-123.691399,5254.645674404565,439,1.0966949101857806
3H.G18,1.5202,-93.2519,PM.PFVI,37.132832,-8.826829,9411.398273718774,451,1.111582852672784
3H.G18,1.5202,-93.2519,PS.JAY,-2.5147,140.703,14018.67201269233,443,1.101679912740986
3H.G18,1.5202,-93.2519,PS.SYO,-69.0067,39.585,11737.887593088684,449,1.1091154071156752
3H.G18,1.5202,-93.2519,PS.VIVO,18.6498,105.6965,16961.91278955369,441,1.0991902374394489
3H.G18,1.5202,-93.2519,S1.AUBUS,-33.6601,115.3828,15362.481843330394,441,1.0991902374394489
3H.G18,1.5202,-93.2519,XM.ANB10,-25.0271,-64.5865,4271.376667614381,391,1.0350038051680432
3H.G18,1.5202,-93.2519,XM.ANB16,-24.0911,-61.4628,4459.585442203555,390,1.0336794235569031
3H.G18,1.5202,-93.2519,XM.ANB17,-25.2429,-59.8069,4670.08694470571,392,1.0363264942766475
3H.G18,1.5202,-93.2519,XM.ANB19,-27.7766,-62.9698,4590.902150497522,390,1.0336794235569031
3H.G18,1.5202,-93.2519,XM.ANB20,-26.7962,-65.316,4344.521004223272,390,1.0336794235569031
3H.G18,1.5202,-93.2519,XM.ASB11,-37.8946,-63.8453,5321.91933107649,389,1.032353342929413
3H.G18,1.5202,-93.2519,XM.ASB22,-33.66389,-67.46128,4752.596155642477,383,1.0243608097214334
3H.G18,1.5202,-93.2519,YT.RMBO,-83.8714,-66.3959,9568.66535065735,451,1.111582852672784
3H.G23,0.9001,-92.0216,3H.G30,1.2999,-94.808,312.94988696165575,443,1.101679912740986
3H.G23,0.9001,-92.0216,3H.G33,2.8879,-94.4777,351.2177037738611,443,1.101679912740986
3H.G23,0.9001,-92.0216,3H.G39,-0.9632,-95.7405,462.5084596379066,270,0.8600732686214938
3H.G23,0.9001,-92.0216,AB.HASN,39.336076,49.217978,14052.335550875801,443,1.101679912740986
3H.G23,0.9001,-92.0216,AB.PRLH,40.401754,50.332841,14049.507569503368,411,1.061144380968148
3H.G23,0.9001,-92.0216,CM.SJC,9.896667,-75.1795,2114.0858457132376,439,1.0966949101857806
3H.G23,0.9001,-92.0216,II.COCO,-12.1901,96.8349,18424.519923308246,371,1.0081856754409793
3H.G23,0.9001,-92.0216,II.FFC,54.725,-101.9783,6053.43751572117,443,1.101679912740986
3H.G23,0.9001,-92.0216,II.KAPI,-5.0142,119.7517,16458.136347163963,437,1.0941938923118713
3H.G23,0.9001,-92.0216,II.LVZ,67.8979,34.6514,11356.394470794507,443,1.101679912740986
3H.G23,0.9001,-92.0216,MX.MOIG,19.646708,-101.227303,2312.9450361831828,438,1.0954451150103321
3H.G23,0.9001,-92.0216,MX.ZAIG,22.769176,-102.567123,2685.549740709474,406,1.054669980194415
3H.G23,0.9001,-92.0216,N4.ABTX,32.6238,-99.6431,3616.652064380581,443,1.101679912740986
3H.G23,0.9001,-92.0216,NZ.URZ,-38.259249,177.110894,10145.27282277805,443,1.101679912740986
3H.G23,0.9001,-92.0216,PB.B934,39.844501,-123.691399,5386.00182743065,431,1.0866563016005655
3H.G23,0.9001,-92.0216,PM.PFVI,37.132832,-8.826829,9344.157920102227,443,1.101679912740986
3H.G23,0.9001,-92.0216,PS.JAY,-2.5147,140.703,14152.649281475007,435,1.091687144706673
3H.G23,0.9001,-92.0216,PS.SYO,-69.0067,39.585,11634.006846944047,441,1.0991902374394489
3H.G23,0.9001,-92.0216,PS.VIVO,18.6498,105.6965,17104.022502448155,433,1.0891746278090642
3H.G23,0.9001,-92.0216,S1.AUBUS,-33.6601,115.3828,15387.027701491317,433,1.0891746278090642
3H.G23,0.9001,-92.0216,XM.ANB10,-25.0271,-64.5865,4126.689173798576,389,1.032353342929413
3H.G23,0.9001,-92.0216,XM.ANB16,-24.0911,-61.4628,4311.765042337862,388,1.0310255567298694
3H.G23,0.9001,-92.0216,XM.ANB17,-25.2429,-59.8069,4522.348235676349,390,1.0336794235569031
3H.G23,0.9001,-92.0216,XM.ANB19,-27.7766,-62.9698,4447.905683634502,388,1.0310255567298694
3H.G23,0.9001,-92.0216,XM.ANB20,-26.7962,-65.316,4202.521195510487,388,1.0310255567298694
3H.G23,0.9001,-92.0216,XM.ASB11,-37.8946,-63.8453,5192.154761099473,387,1.0296960583603008
3H.G23,0.9001,-92.0216,XM.ASB22,-33.66389,-67.46128,4621.866595838511,381,1.021682737662899
3H.G23,0.9001,-92.0216,YT.RMBO,-83.8714,-66.3959,9493.316450357708,443,1.101679912740986
3H.G30,1.2999,-94.808,3H.G33,2.8879,-94.4777,180.35175118290297,452,1.112814523801501
3H.G30,1.2999,-94.808,3H.G39,-0.9632,-95.7405,272.16815484741244,274,0.8664207589311612
3H.G30,1.2999,-94.808,AB.HASN,39.336076,49.217978,14198.527868296283,453,1.114044833214067
3H.G30,1.2999,-94.808,AB.PRLH,40.401754,50.332841,14187.380410077953,421,1.073976097282545
3H.G30,1.2999,-94.808,CM.SJC,9.896667,-75.1795,2371.198403989956,449,1.1091154071156752
3H.G30,1.2999,-94.808,II.COCO,-12.1901,96.8349,18250.447208670194,381,1.021682737662899
3H.G30,1.2999,-94.808,II.FFC,54.725,-101.9783,5976.353931284944,453,1.114044833214067
3H.G30,1.2999,-94.808,II.KAPI,-5.0142,119.7517,16156.774587207427,447,1.1066424599872242
3H.G30,1.2999,-94.808,II.LVZ,67.8979,34.6514,11407.96604836463,453,1.114044833214067
3H.G30,1.2999,-94.808,MX.HPIG,26.936794,-105.664017,3077.226854669798,371,1.0081856754409793
3H.G30,1.2999,-94.808,MX.MOIG,19.646708,-101.227303,2156.3632455320926,448,1.107879623548503
3H.G30,1.2999,-94.808,MX.ZAIG,22.769176,-102.567123,2530.131869444293,416,1.0675795180675116
3H.G30,1.2999,-94.808,N4.ABTX,32.6238,-99.6431,3519.611710657069,453,1.114044833214067
3H.G30,1.2999,-94.808,NZ.URZ,-38.259249,177.110894,9929.582742546589,453,1.114044833214067
3H.G30,1.2999,-94.808,PB.B934,39.844501,-123.691399,5185.6242507709685,441,1.0991902374394489
3H.G30,1.2999,-94.808,PM.PFVI,37.132832,-8.826829,9564.07006518568,453,1.114044833214067
3H.G30,1.2999,-94.808,PS.JAY,-2.5147,140.703,13844.918026177025,445,1.1041639743225553
3H.G30,1.2999,-94.808,PS.SYO,-69.0067,39.585,11760.892700979939,451,1.111582852672784
3H.G30,1.2999,-94.808,PS.VIVO,18.6498,105.6965,16861.60824383764,443,1.101679912740986
3H.G30,1.2999,-94.808,S1.AUBUS,-33.6601,115.3828,15238.145772826967,443,1.101679912740986
3H.G30,1.2999,-94.808,XM.ANB10,-25.0271,-64.5865,4376.83954282749,393,1.0376474973550138
3H.G30,1.2999,-94.808,XM.ANB16,-24.0911,-61.4628,4574.077838862903,392,1.0363264942766475
3H.G30,1.2999,-94.808,XM.ANB17,-25.2429,-59.8069,4784.182664878143,394,1.0389668208342944
3H.G30,1.2999,-94.808,XM.ANB19,-27.7766,-62.9698,4691.6771571912195,392,1.0363264942766475
3H.G30,1.2999,-94.808,XM.ANB20,-26.7962,-65.316,4443.013121329184,392,1.0363264942766475
3H.G30,1.2999,-94.808,XM.ASB11,-37.8946,-63.8453,5393.274261499101,391,1.0350038051680432
3H.G30,1.2999,-94.808,XM.ASB22,-33.66389,-67.46128,4826.350156005554,385,1.027031898505565
3H.G30,1.2999,-94.808,YT.RMBO,-83.8714,-66.3959,9552.785653724452,453,1.114044833214067
3H.G33,2.8879,-94.4777,3H.G39,-0.9632,-95.7405,450.64314362677,274,0.8664207589311612
3H.G33,2.8879,-94.4777,AB.HASN,39.336076,49.217978,14032.588857045457,452,1.112814523801501
3H.G33,2.8879,-94.4777,AB.PRLH,40.401754,50.332841,14019.414669348034,420,1.0726998329014736
3H.G33,2.8879,-94.4777,CM.SJC,9.896667,-75.1795,2269.0510672820265,448,1.107879623548503
3H.G33,2.8879,-94.4777,II.COCO,-12.1901,96.8349,18396.071623031665,380,1.0203410657280039
3H.G33,2.8879,-94.4777,II.FFC,54.725,-101.9783,5803.921671755676,452,1.112814523801501
3H.G33,2.8879,-94.4777,II.KAPI,-5.0142,119.7517,16211.165174685977,446,1.1054039117983878
3H.G33,2.8879,-94.4777,II.LVZ,67.8979,34.6514,11228.463968805221,452,1.112814523801501
3H.G33,2.8879,-94.4777,MX.HPIG,26.936794,-105.664017,2927.365028080652,370,1.0068260178089292
3H.G33,2.8879,-94.4777,MX.MOIG,19.646708,-101.227303,2002.5096538375828,447,1.1066424599872242
3H.G33,2.8879,-94.4777,MX.ZAIG,22.769176,-102.567123,2376.426050963784,415,1.0662955975571986
3H.G33,2.8879,-94.4777,N4.ABTX,32.6238,-99.6431,3350.1021275315043,452,1.112814523801501
3H.G33,2.8879,-94.4777,NZ.URZ,-38.259249,177.110894,10067.808417300941,452,1.112814523801501
3H.G33,2.8879,-94.4777,PB.B934,39.844501,-123.691399,5053.588558071628,440,1.0979432827130893
3H.G33,2.8879,-94.4777,PM.PFVI,37.132832,-8.826829,9428.306058150836,452,1.112814523801501
3H.G33,2.8879,-94.4777,PS.JAY,-2.5147,140.703,13886.560575225316,444,1.1029226428740972
3H.G33,2.8879,-94.4777,PS.SYO,-69.0067,39.585,11921.197350365568,450,1.110349815296408
3H.G33,2.8879,-94.4777,PS.VIVO,18.6498,105.6965,16757.75868139989,442,1.100435779184587
3H.G33,2.8879,-94.4777,S1.AUBUS,-33.6601,115.3828,15399.475719142085,442,1.100435779184587
3H.G33,2.8879,-94.4777,XM.ANB10,-25.0271,-64.5865,4475.334002772321,393,1.0376474973550138
3H.G33,2.8879,-94.4777,XM.ANB16,-24.0911,-61.4628,4662.488646921904,392,1.0363264942766475
3H.G33,2.8879,-94.4777,XM.ANB17,-25.2429,-59.8069,4873.036581218629,394,1.0389668208342944
3H.G33,2.8879,-94.4777,XM.ANB19,-27.7766,-62.9698,4795.0407624648005,392,1.0363264942766475
3H.G33,2.8879,-94.4777,XM.ANB20,-26.7962,-65.316,4548.673110684599,392,1.0363264942766475
3H.G33,2.8879,-94.4777,XM.ASB11,-37.8946,-63.8453,5522.860348329207,391,1.0350038051680432
3H.G33,2.8879,-94.4777,XM.ASB22,-33.66389,-67.46128,4953.997743589669,385,1.027031898505565
3H.G33,2.8879,-94.4777,YT.RMBO,-83.8714,-66.3959,9727.279543137876,452,1.112814523801501
4J.XB07,3.338652,8.69917,6R.YABE,4.889818,38.088238,3263.768688986958,769,1.4514989890001622
4J.XB07,3.338652,8.69917,7B.NM04,-34.07651,-156.41882,16265.822661933202,368,1.0041011792056576
4J.XB07,3.338652,8.69917,7B.NN01,-31.70961,-154.60328,16409.4411971284,370,1.0068260178089292
4J.XB07,3.338652,8.69917,7B.NN04,-33.35722,-158.09491,16406.271819119705,370,1.0068260178089292
4J.XB07,3.338652,8.69917,7B.SS01,-35.53273,-151.77364,15910.282548672621,367,1.0027359832252927
4J.XB07,3.338652,8.69917,7B.SS03,-36.54219,-154.34819,15935.347147836635,367,1.0027359832252927
4J.XB07,3.338652,8.69917,CM.PRV,13.376167,-81.3635,9928.487576937176,558,1.2364332263764475
4J.XB07,3.338652,8.69917,CM.SJC,9.896667,-75.1795,9274.045601896492,783,1.4646519994360623
4J.XB07,3.338652,8.69917,DK.KULLO,74.580498,-57.2201,8955.102066630121,702,1.3868264748096197
4J.XB07,3.338652,8.69917,GB.JSA,49.18783,-2.17167,5201.362612671637,766,1.4486649498715365
4J.XB07,3.338652,8.69917,GB.LRW,60.136,-1.17783,6371.525187791461,835,1.5125049530089851
4J.XB07,3.338652,8.69917,IC.HIA,49.270115,119.741363,11223.841732043986,650,1.3344743975843896
4J.XB07,3.338652,8.69917,IC.XAN,34.03107,108.92321,10737.079932109076,380,1.0203410657280039
4J.XB07,3.338652,8.69917,II.ARTI,56.3879,58.3849,7343.736440975594,550,1.2275379077928685
4J.XB07,3.338652,8.69917,II.KAPI,-5.0142,119.7517,12369.726156955378,833,1.5106924838702012
4J.XB07,3.338652,8.69917,II.LVZ,67.8979,34.6514,7443.3648164976485,459,1.1213983442895492
4J.XB07,3.338652,8.69917,II.NIL,33.6506,73.2686,7461.1837181525025,775,1.457150531425246
4J.XB07,3.338652,8.69917,II.RAYN,23.5225,45.5032,4544.975324208501,795,1.4758327113127767
4J.XB07,3.338652,8.69917,MM.KTN,21.2857,99.589798,9964.982738303532,716,1.4005869611046786
4J.XB07,3.338652,8.69917,MM.YGN,16.864799,96.153397,9629.33945000551,643,1.3272693154052941
4J.XB07,3.338652,8.69917,MN.CLTB,37.578,13.216,3834.9818778001954,503,1.1739174552671163
4J.XB07,3.338652,8.69917,MX.HPIG,26.936794,-105.664017,12222.90031101558,389,1.032353342929413
4J.XB07,3.338652,8.69917,MX.ZAIG,22.769176,-102.567123,12024.579212419188,483,1.1503424147760861
4J.XB07,3.338652,8.69917,N4.ABTX,32.6238,-99.6431,11507.059484298548,552,1.229767769590376
4J.XB07,3.338652,8.69917,NZ.URZ,-38.259249,177.110894,15957.68177615294,836,1.5134103735947197
4J.XB07,3.338652,8.69917,PB.B934,39.844501,-123.691399,13193.130440905965,834,1.5115989900927147
4J.XB07,3.338652,8.69917,PM.PESTR,38.867168,-7.590169,4280.844511929237,835,1.5125049530089851
4J.XB07,3.338652,8.69917,PM.PFVI,37.132832,-8.826829,4162.033755665568,835,1.5125049530089851
4J.XB07,3.338652,8.69917,PS.PSI,2.6938,98.923698,10015.01577411299,733,1.4171165012384097
4J.XB07,3.338652,8.69917,PS.SYO,-69.0067,39.585,8380.871277281929,836,1.5134103735947197
4J.XB07,3.338652,8.69917,RM.DLV,11.952,108.481499,10991.836439205921,619,1.3022635720002707
4J.XB07,3.338652,8.69917,RM.SLV,21.325247,103.906708,10410.644996705641,624,1.307512539555889
4J.XB07,3.338652,8.69917,S1.AUBUS,-33.6601,115.3828,11754.821966254998,827,1.5052419820937544
4J.XB07,3.338652,8.69917,XR.BA07,24.1371,91.4975,9125.40120021039,650,1.3344743975843896
4J.XB07,3.338652,8.69917,Y1.KERK,2.61653,36.255065,3060.894661802431,543,1.2197012883803608
4J.XB07,3.338652,8.69917,Y1.TURK,3.127577,38.27457,3283.3674577250913,815,1.4942813364051521
4J.XB07,3.338652,8.69917,YT.LPLY,-73.1142,-90.2834,10652.13534818304,470,1.1347560235031635
4J.XB07,3.338652,8.69917,YT.MCRG,-73.6681,-94.6493,10778.411523371431,366,1.0013689260344547
4J.XB07,3.338652,8.69917,YT.RMBO,-83.8714,-66.3959,10201.84442906323,809,1.4887707533950227
6E.SB04,38.573502,-87.751999,YO.D03,34.3559,-74.488701,1273.8996499861603,134,0.605906995892301
6E.SB04,38.573502,-87.751999,YO.X01,36.225201,-74.5793,1191.4141396935318,134,0.605906995892301
6E.SB04,38.573502,-87.751999,YO.X03,35.893299,-72.719002,1362.1531259491067,134,0.605906995892301
6E.SB04,38.573502,-87.751999,YO.X06,33.6507,-72.205704,1497.5489814585335,134,0.605906995892301
6E.SB04,38.573502,-87.751999,YO.X09,32.516899,-74.3536,1384.660103913495,134,0.605906995892301
6E.SB04,38.573502,-87.751999,YO.X10,33.047501,-76.059898,1218.8686106248235,134,0.605906995892301
6H.INCA,-19.2197,33.8419,AF.TEZI,-15.747,26.016001,915.2279169632636,99,0.5208002272583305
6R.YABE,4.889818,38.088238,7B.NM04,-34.07651,-156.41882,16440.97172806468,368,1.0041011792056576
6R.YABE,4.889818,38.088238,7B.NN01,-31.70961,-154.60328,16752.554738988765,370,1.0068260178089292
6R.YABE,4.889818,38.088238,7B.NN04,-33.35722,-158.09491,16433.66692225595,370,1.0068260178089292
6R.YABE,4.889818,38.088238,7B.SS01,-35.53273,-151.77364,16460.857346121997,367,1.0027359832252927
6R.YABE,4.889818,38.088238,7B.SS03,-36.54219,-154.34819,16273.704256480123,367,1.0027359832252927
6R.YABE,4.889818,38.088238,CM.PRV,13.376167,-81.3635,13030.582198276747,594,1.2756948147084288
6R.YABE,4.889818,38.088238,CM.SJC,9.896667,-75.1795,12443.38564340838,776,1.458090325480652
6R.YABE,4.889818,38.088238,DK.KULLO,74.580498,-57.2201,9639.983352566735,738,1.4219415628707033
6R.YABE,4.889818,38.088238,GB.JSA,49.18783,-2.17167,6209.481847618636,759,1.4420305318524016
6R.YABE,4.889818,38.088238,GB.LRW,60.136,-1.17783,6976.353051765954,828,1.5061517688084862
6R.YABE,4.889818,38.088238,IC.HIA,49.270115,119.741363,8990.447750804038,686,1.3709310904617054
6R.YABE,4.889818,38.088238,II.ARTI,56.3879,58.3849,6000.52344056628,507,1.1785758761702239
6R.YABE,4.889818,38.088238,II.KAPI,-5.0142,119.7517,9135.470886405685,826,1.5043316451601145
6R.YABE,4.889818,38.088238,II.LVZ,67.8979,34.6514,7011.008517743463,461,1.1238388223540496
6R.YABE,4.889818,38.088238,II.NIL,33.6506,73.2686,4839.15878156442,811,1.4906098779423067
6R.YABE,4.889818,38.088238,II.RAYN,23.5225,45.5032,2219.1654456540846,788,1.4693209688795166
6R.YABE,4.889818,38.088238,II.SHEL,-15.9594,-5.7455,5350.5775168332875,373,1.010899504510304
6R.YABE,4.889818,38.088238,MM.KTN,21.2857,99.589798,6862.017504848667,709,1.3937237005320162
6R.YABE,4.889818,38.088238,MM.YGN,16.864799,96.153397,6455.526400365253,680,1.3649225980362905
6R.YABE,4.889818,38.088238,MN.CLTB,37.578,13.216,4424.589027936944,541,1.2174529891629975
6R.YABE,4.889818,38.088238,MX.HPIG,26.936794,-105.664017,14751.955091044496,376,1.0149566425721692
6R.YABE,4.889818,38.088238,MX.ZAIG,22.769176,-102.567123,14749.836062330167,479,1.1455691891471627
6R.YABE,4.889818,38.088238,N4.ABTX,32.6238,-99.6431,13910.661680089988,554,1.231993595429003
6R.YABE,4.889818,38.088238,NZ.URZ,-38.259249,177.110894,14460.78107408743,829,1.507061006300783
6R.YABE,4.889818,38.088238,PB.B934,39.844501,-123.691399,14702.583086992136,827,1.5052419820937544
6R.YABE,4.889818,38.088238,PM.PESTR,38.867168,-7.590169,5943.507031577429,826,1.5043316451601145
6R.YABE,4.889818,38.088238,PM.PFVI,37.132832,-8.826829,5955.0346916671615,828,1.5061517688084862
6R.YABE,4.889818,38.088238,PS.PSI,2.6938,98.923698,6752.223391524,738,1.4219415628707033
6R.YABE,4.889818,38.088238,PS.SYO,-69.0067,39.585,8217.736860742138,829,1.507061006300783
6R.YABE,4.889818,38.088238,RM.DLV,11.952,108.481499,7765.167873806455,609,1.2917016492537785
6R.YABE,4.889818,38.088238,RM.SLV,21.325247,103.906708,7307.771273124183,613,1.2959367479913981
6R.YABE,4.889818,38.088238,S1.AUBUS,-33.6601,115.3828,9143.858306198399,806,1.486007798795885
6R.YABE,4.889818,38.088238,XR.BA07,24.1371,91.4975,6090.195626564416,686,1.3709310904617054
6R.YABE,4.889818,38.088238,Y1.KAEK,4.142727,35.453087,303.6868402454592,323,0.9407079817080937
6R.YABE,4.889818,38.088238,Y1.KERK,2.61653,36.255065,324.4442369926613,579,1.2594845651547357
6R.YABE,4.889818,38.088238,Y1.TURK,3.127577,38.27457,197.0394553127738,822,1.5006847752011572
6R.YABE,4.889818,38.088238,YT.LPLY,-73.1142,-90.2834,11691.308801456878,463,1.126274012256756
6R.YABE,4.889818,38.088238,YT.MCRG,-73.6681,-94.6493,11762.189089900445,366,1.0013689260344547
6R.YABE,4.889818,38.088238,YT.RMBO,-83.8714,-66.3959,10718.49177839221,802,1.4823158482498267
7A.BDEG,37.331501,-77.208298,GB.JSA,49.18783,-2.17167,5962.093531097778,367,1.0027359832252927
7A.BDEG,37.331501,-77.208298,II.KAPI,-5.0142,119.7517,16029.837255744971,379,1.0189976272708203
7A.BDEG,37.331501,-77.208298,II.RAYN,23.5225,45.5032,10979.48891067751,384,1.0256972236096518
7A.BDEG,37.331501,-77.208298,N4.E62A,46.6201,-69.5227,1211.2448711476766,218,0.7728261602537809
7A.BDEG,37.331501,-77.208298,NZ.URZ,-38.259249,177.110894,13674.126734646494,382,1.023022650025772
7A.BDEG,37.331501,-77.208298,PB.B934,39.844501,-123.691399,4004.1812907250064,384,1.0256972236096518
7A.BDEG,37.331501,-77.208298,PM.PFVI,37.132832,-8.826829,5910.763287283895,384,1.0256972236096518
7A.BDEG,37.331501,-77.208298,X8.QM38,47.675201,-70.853104,1261.5791894006943,101,0.5260345319150856
7B.MM12,-35.50344,-157.16479,7B.NM04,-34.07651,-156.41882,172.67103179338517,342,0.9679805273712189
7B.MM12,-35.50344,-157.16479,7B.NN01,-31.70961,-154.60328,483.9264831630184,342,0.9679805273712189
7B.MM12,-35.50344,-157.16479,7B.NN04,-33.35722,-158.09491,253.43331740497698,341,0.9665643151609032
7B.MM12,-35.50344,-157.16479,7B.SS01,-35.53273,-151.77364,487.877475523135,342,0.9679805273712189
7B.MM12,-35.50344,-157.16479,7B.SS03,-36.54219,-154.34819,278.3796707287865,342,0.9679805273712189
7B.NM04,-34.07651,-156.41882,7B.NN01,-31.70961,-154.60328,313.03856140214066,360,0.9931270663228415
7B.NM04,-34.07651,-156.41882,7B.NN04,-33.35722,-158.09491,174.4362427536422,366,1.0013689260344547
7B.NM04,-34.07651,-156.41882,7B.SS01,-35.53273,-151.77364,453.9152868596026,364,0.9986291974364673
7B.NM04,-34.07651,-156.41882,7B.SS03,-36.54219,-154.34819,332.351218642056,365,1.0
7B.NM04,-34.07651,-156.41882,GB.LRW,60.136,-1.17783,16608.5880433008,367,1.0027359832252927
7B.NM04,-34.07651,-156.41882,IC.HIA,49.270115,119.741363,12398.902676928332,368,1.0041011792056576
7B.NM04,-34.07651,-156.41882,II.KAPI,-5.0142,119.7517,9127.717147803683,365,1.0
7B.NM04,-34.07651,-156.41882,II.NIL,33.6506,73.2686,15474.0273311928,367,1.0027359832252927
7B.NM04,-34.07651,-156.41882,II.RAYN,23.5225,45.5032,17585.617453465282,368,1.0041011792056576
7B.NM04,-34.07651,-156.41882,NZ.URZ,-38.259249,177.110894,2412.5718466317176,368,1.0041011792056576
7B.NM04,-34.07651,-156.41882,PB.B934,39.844501,-123.691399,8880.345503098659,366,1.0013689260344547
7B.NM04,-34.07651,-156.41882,PM.PESTR,38.867168,-7.590169,17191.669858370416,368,1.0041011792056576
7B.NM04,-34.07651,-156.41882,PM.PFVI,37.132832,-8.826829,17079.839251205478,368,1.0041011792056576
7B.NM04,-34.07651,-156.41882,PS.SYO,-69.0067,39.585,8477.439408801354,368,1.0041011792056576
7B.NM04,-34.07651,-156.41882,S1.AUBUS,-33.6601,115.3828,7849.9141918918785,366,1.0013689260344547
7B.NM04,-34.07651,-156.41882,XR.BA07,24.1371,91.4975,13441.668093366914,368,1.0041011792056576
7B.NM04,-34.07651,-156.41882,Y1.TURK,3.127577,38.27457,16252.077299162369,368,1.0041011792056576
7B.NM04,-34.07651,-156.41882,YT.RMBO,-83.8714,-66.3959,6243.287106365053,368,1.0041011792056576
7B.NN01,-31.70961,-154.60328,7B.NN04,-33.35722,-158.09491,375.07506739283457,358,0.9903645378385775
7B.NN01,-31.70961,-154.60328,7B.SS01,-35.53273,-151.77364,499.3043245635144,363,0.9972565106055741
7B.NN01,-31.70961,-154.60328,7B.SS03,-36.54219,-154.34819,537.8711579123998,362,0.995881931715707
7B.NN01,-31.70961,-154.60328,DK.KULLO,74.580498,-57.2201,13609.787082410394,365,1.0
7B.NN01,-31.70961,-154.60328,GB.LRW,60.136,-1.17783,16299.211806656755,369,1.0054645215568718
7B.NN01,-31.70961,-154.60328,IC.HIA,49.270115,119.741363,12328.24848504024,370,1.0068260178089292
7B.NN01,-31.70961,-154.60328,II.KAPI,-5.0142,119.7517,9303.447107704484,367,1.0027359832252927
7B.NN01,-31.70961,-154.60328,II.NIL,33.6506,73.2686,15569.749126230732,369,1.0054645215568718
7B.NN01,-31.70961,-154.60328,II.RAYN,23.5225,45.5032,17839.72386780176,370,1.0068260178089292
7B.NN01,-31.70961,-154.60328,NZ.URZ,-38.259249,177.110894,2666.097876454539,370,1.0068260178089292
7B.NN01,-31.70961,-154.60328,PB.B934,39.844501,-123.691399,8570.650319592687,368,1.0041011792056576
7B.NN01,-31.70961,-154.60328,PM.PESTR,38.867168,-7.590169,16935.49793147713,370,1.0068260178089292
7B.NN01,-31.70961,-154.60328,PM.PFVI,37.132832,-8.826829,16836.334218101376,370,1.0068260178089292
7B.NN01,-31.70961,-154.60328,PS.SYO,-69.0067,39.585,8755.617865728525,370,1.0068260178089292
7B.NN01,-31.70961,-154.60328,S1.AUBUS,-33.6601,115.3828,8125.327994825837,368,1.0041011792056576
7B.NN01,-31.70961,-154.60328,XR.BA07,24.1371,91.4975,13562.308955814666,370,1.0068260178089292
7B.NN01,-31.70961,-154.60328,Y1.TURK,3.127577,38.27457,16563.11897125763,370,1.0068260178089292
7B.NN01,-31.70961,-154.60328,YT.RMBO,-83.8714,-66.3959,6482.824170728632,370,1.0068260178089292
7B.NN04,-33.35722,-158.09491,7B.SS01,-35.53273,-151.77364,627.9431398076127,362,0.995881931715707
7B.NN04,-33.35722,-158.09491,7B.SS03,-36.54219,-154.34819,491.88080302520376,363,0.9972565106055741
7B.NN04,-33.35722,-158.09491,DK.KULLO,74.580498,-57.2201,13886.852428717757,365,1.0
7B.NN04,-33.35722,-158.09491,GB.LRW,60.136,-1.17783,16596.461696810504,369,1.0054645215568718
7B.NN04,-33.35722,-158.09491,IC.HIA,49.270115,119.741363,12233.841999187744,370,1.0068260178089292
7B.NN04,-33.35722,-158.09491,II.KAPI,-5.0142,119.7517,8973.123248068794,367,1.0027359832252927
7B.NN04,-33.35722,-158.09491,II.NIL,33.6506,73.2686,15303.86855010021,369,1.0054645215568718
7B.NN04,-33.35722,-158.09491,II.RAYN,23.5225,45.5032,17469.98439123193,370,1.0068260178089292
7B.NN04,-33.35722,-158.09491,NZ.URZ,-38.259249,177.110894,2293.774480004476,370,1.0068260178089292
7B.NN04,-33.35722,-158.09491,PB.B934,39.844501,-123.691399,8875.041462368652,368,1.0041011792056576
7B.NN04,-33.35722,-158.09491,PM.PESTR,38.867168,-7.590169,17308.287316117105,370,1.0068260178089292
7B.NN04,-33.35722,-158.09491,PM.PFVI,37.132832,-8.826829,17205.357059786522,370,1.0068260178089292
7B.NN04,-33.35722,-158.09491,PS.SYO,-69.0067,39.585,8540.416746798712,370,1.0068260178089292
7B.NN04,-33.35722,-158.09491,S1.AUBUS,-33.6601,115.3828,7750.275993887988,368,1.0041011792056576
7B.NN04,-33.35722,-158.09491,XR.BA07,24.1371,91.4975,13274.732551189923,370,1.0068260178089292
7B.NN04,-33.35722,-158.09491,Y1.TURK,3.127577,38.27457,16247.826235974659,370,1.0068260178089292
7B.NN04,-33.35722,-158.09491,YT.RMBO,-83.8714,-66.3959,6342.435140985213,370,1.0068260178089292
7B.SA01,-13.9586,143.180099,7B.SA03,-20.337999,142.667801,711.4403963334402,103,0.5312172632943303
7B.SA01,-13.9586,143.180099,7B.SA04,-22.941799,140.143997,1048.8333256450262,101,0.5260345319150856
7B.SA01,-13.9586,143.180099,7B.SA05,-23.2005,144.272293,1034.0627399183572,101,0.5260345319150856
7B.SA01,-13.9586,143.180099,7B.SA07,-26.0327,146.781693,1394.0637613176311,100,0.5234239225902136
7B.SA03,-20.337999,142.667801,7B.SA04,-22.941799,140.143997,389.6848675914835,143,0.6259239745510697
7B.SA03,-20.337999,142.667801,7B.SA05,-23.2005,144.272293,358.82621029150124,142,0.623731589620416
7B.SA03,-20.337999,142.667801,7B.SA06,-22.892,148.308594,648.5079169059414,111,0.5514613214370486
7B.SA03,-20.337999,142.667801,7B.SA07,-26.0327,146.781693,759.9692856840568,139,0.6171077035722526
7B.SA03,-20.337999,142.667801,7B.SA08,-25.708401,150.892593,1031.547305677245,138,0.614883884795188
7B.SA04,-22.941799,140.143997,7B.SA05,-23.2005,144.272293,423.29519206492233,142,0.623731589620416
7B.SA04,-22.941799,140.143997,7B.SA06,-22.892,148.308594,836.1167662763073,110,0.5489716413565446
7B.SA04,-22.941799,140.143997,7B.SA07,-26.0327,146.781693,754.3407820779248,139,0.6171077035722526
7B.SA04,-22.941799,140.143997,7B.SA08,-25.708401,150.892593,1131.2740405027703,135,0.6081636405595373
7B.SA05,-23.2005,144.272293,7B.SA06,-22.892,148.308594,414.4047383353495,109,0.54647061859381
7B.SA05,-23.2005,144.272293,7B.SA07,-26.0327,146.781693,404.358450843229,139,0.6171077035722526
7B.SA05,-23.2005,144.272293,7B.SA08,-25.708401,150.892593,725.6763403500274,134,0.605906995892301
7B.SA06,-22.892,148.308594,7B.SA07,-26.0327,146.781693,381.8840949998614,107,0.5414339155718885
7B.SA06,-22.892,148.308594,7B.SA08,-25.708401,150.892593,408.2006024934315,111,0.5514613214370486
7B.SA07,-26.0327,146.781693,7B.SA08,-25.708401,150.892593,412.8611835730154,131,0.5990860619218586
7B.SB06,-35.036659,140.146194,7B.SB09,-32.2892,146.857498,691.9690294900444,116,0.5637448174290228
7B.SC06,-19.1437,128.117905,7B.SC08,-22.274799,131.367203,485.17052870288614,135,0.6081636405595373
7B.SD03,-27.0515,125.185699,7B.SD05,-29.001301,133.585098,852.2479509295486,98,0.5181632471383237
7B.SD03,-27.0515,125.185699,7B.SD08,-30.7208,130.410904,651.9688159412267,134,0.605906995892301
7B.SD05,-29.001301,133.585098,7B.SD08,-30.7208,130.410904,360.87603507218046,94,0.5074783212860846
7B.SS01,-35.53273,-151.77364,7B.SS03,-36.54219,-154.34819,257.25813308742926,366,1.0013689260344547
7B.SS01,-35.53273,-151.77364,GB.LRW,60.136,-1.17783,16566.1382120521,366,1.0013689260344547
7B.SS01,-35.53273,-151.77364,IC.HIA,49.270115,119.741363,12813.811776572109,367,1.0027359832252927
7B.SS01,-35.53273,-151.77364,II.NIL,33.6506,73.2686,15922.755036082292,366,1.0013689260344547
7B.SS01,-35.53273,-151.77364,II.RAYN,23.5225,45.5032,17881.486603018042,367,1.0027359832252927
7B.SS01,-35.53273,-151.77364,NZ.URZ,-38.259249,177.110894,2770.4219756816433,367,1.0027359832252927
7B.SS01,-35.53273,-151.77364,PB.B934,39.844501,-123.691399,8861.6369373306,365,1.0
7B.SS01,-35.53273,-151.77364,PM.PESTR,38.867168,-7.590169,16841.655521827895,367,1.0027359832252927
7B.SS01,-35.53273,-151.77364,PM.PFVI,37.132832,-8.826829,16712.295764666218,367,1.0027359832252927
7B.SS01,-35.53273,-151.77364,PS.SYO,-69.0067,39.585,8353.23099983332,367,1.0027359832252927
7B.SS01,-35.53273,-151.77364,S1.AUBUS,-33.6601,115.3828,8142.895506414235,365,1.0
7B.SS01,-35.53273,-151.77364,XR.BA07,24.1371,91.4975,13884.537266828649,367,1.0027359832252927
7B.SS01,-35.53273,-151.77364,Y1.TURK,3.127577,38.27457,16266.253792057667,367,1.0027359832252927
7B.SS01,-35.53273,-151.77364,YT.RMBO,-83.8714,-66.3959,6027.63691151971,367,1.0027359832252927
7B.SS03,-36.54219,-154.34819,GB.LRW,60.136,-1.17783,16773.69121979749,366,1.0013689260344547
7B.SS03,-36.54219,-154.34819,IC.HIA,49.270115,119.741363,12725.6973706997,367,1.0027359832252927
7B.SS03,-36.54219,-154.34819,II.NIL,33.6506,73.2686,15715.206220940068,366,1.0013689260344547
7B.SS03,-36.54219,-154.34819,II.RAYN,23.5225,45.5032,17626.16661320194,367,1.0027359832252927
7B.SS03,-36.54219,-154.34819,NZ.URZ,-38.259249,177.110894,2518.366990145585,367,1.0027359832252927
7B.SS03,-36.54219,-154.34819,PB.B934,39.844501,-123.691399,9053.732846838087,365,1.0
7B.SS03,-36.54219,-154.34819,PM.PESTR,38.867168,-7.590169,17095.406089493354,367,1.0027359832252927
7B.SS03,-36.54219,-154.34819,PM.PFVI,37.132832,-8.826829,16963.06726827886,367,1.0027359832252927
7B.SS03,-36.54219,-154.34819,PS.SYO,-69.0067,39.585,8222.523132614084,367,1.0027359832252927
7B.SS03,-36.54219,-154.34819,S1.AUBUS,-33.6601,115.3828,7886.024642943531,365,1.0
7B.SS03,-36.54219,-154.34819,XR.BA07,24.1371,91.4975,13668.26922280477,367,1.0027359832252927
7B.SS03,-36.54219,-154.34819,Y1.TURK,3.127577,38.27457,16080.898314719943,367,1.0027359832252927
7B.SS03,-36.54219,-154.34819,YT.RMBO,-83.8714,-66.3959,5946.9261731523875,367,1.0027359832252927
7C.MM26,63.081,-130.1928,7C.MM30,64.2803,-128.8747,148.33938177158873,125,0.5852057359806528
7C.MM26,63.081,-130.1928,7C.MM40,66.0246,-124.6709,420.09135813541434,120,0.5733821790809959
7C.MM26,63.081,-130.1928,ZE.BULG,61.126701,-151.091202,1103.5142550977919,159,0.6600124531826383
7C.MM30,64.2803,-128.8747,7C.MM40,66.0246,-124.6709,275.93850972074324,115,0.561309623247887
7C.MM30,64.2803,-128.8747,ZE.BULG,61.126701,-151.091202,1178.8935490194062,125,0.5852057359806528
7C.MM40,66.0246,-124.6709,8A.AIAI,-27.915554,17.491323,15049.638875275998,385,1.027031898505565
7C.MM40,66.0246,-124.6709,8A.SOLI,-23.861238,16.039537,14576.471461883624,381,1.021682737662899
7C.MM40,66.0246,-124.6709,8A.WAND,-24.649982,19.743595,14784.02759995907,374,1.0122536906559418
7C.MM40,66.0246,-124.6709,AK.PAX,62.9699,-145.4699,1046.3030913725895,115,0.561309623247887
7C.MM40,66.0246,-124.6709,AK.PPLA,62.8962,-152.1894,1352.1012797624494,130,0.5967950934463552
7C.MM40,66.0246,-124.6709,CM.PRV,13.376167,-81.3635,6678.6774924137635,563,1.2419604476088026
7C.MM40,66.0246,-124.6709,CM.SJC,9.896667,-75.1795,7266.690687453083,584,1.2649110640673518
7C.MM40,66.0246,-124.6709,DK.KULLO,74.580498,-57.2201,2528.6881884351737,444,1.1029226428740972
7C.MM40,66.0246,-124.6709,GB.JSA,49.18783,-2.17167,6305.985675061183,574,1.2540345847407988
7C.MM40,66.0246,-124.6709,GB.LRW,60.136,-1.17783,5237.205012932904,582,1.2627432628785653
7C.MM40,66.0246,-124.6709,IC.HIA,49.270115,119.741363,6082.033668699592,584,1.2649110640673518
7C.MM40,66.0246,-124.6709,II.KAPI,-5.0142,119.7517,11647.811656721735,509,1.1808981954195736
7C.MM40,66.0246,-124.6709,II.NIL,33.6506,73.2686,8825.282139846902,558,1.2364332263764475
7C.MM40,66.0246,-124.6709,II.RAYN,23.5225,45.5032,10023.096799954135,416,1.0675795180675116
7C.MM40,66.0246,-124.6709,MM.YGN,16.864799,96.153397,10193.492047701224,372,1.0095435018818064
7C.MM40,66.0246,-124.6709,MX.HPIG,26.936794,-105.664017,4542.26527768888,409,1.0585593725462352
7C.MM40,66.0246,-124.6709,MX.ZAIG,22.769176,-102.567123,5060.631935959784,433,1.0891746278090642
7C.MM40,66.0246,-124.6709,N4.E62A,46.6201,-69.5227,3842.21335762796,584,1.2649110640673518
7C.MM40,66.0246,-124.6709,NZ.URZ,-38.259249,177.110894,12613.671471201591,580,1.260571733734503
7C.MM40,66.0246,-124.6709,PB.B934,39.844501,-123.691399,2911.756459398084,584,1.2649110640673518
7C.MM40,66.0246,-124.6709,PM.PESTR,38.867168,-7.590169,7180.319210335443,567,1.246364576492066
7C.MM40,66.0246,-124.6709,PM.PFVI,37.132832,-8.826829,7313.570556313841,584,1.2649110640673518
7C.MM40,66.0246,-124.6709,PS.PSI,2.6938,98.923698,11624.104649893094,562,1.240856972981681
7C.MM40,66.0246,-124.6709,PS.SYO,-69.0067,39.585,19270.851645614235,583,1.263827628267638
7C.MM40,66.0246,-124.6709,RM.DLV,11.952,108.481499,10320.96658038823,495,1.1645447108469662
7C.MM40,66.0246,-124.6709,RM.SLV,21.325247,103.906708,9485.488884051721,566,1.245265004529899
7C.MM40,66.0246,-124.6709,RV.SWHSA,54.899441,-116.751793,1308.5947821413322,97,0.5155127783649347
7C.MM40,66.0246,-124.6709,S1.AUBUS,-33.6601,115.3828,14730.640079096645,436,1.09294123718762
7C.MM40,66.0246,-124.6709,XA.GP03,42.6352,44.6162,7897.610382701363,436,1.09294123718762
7C.MM40,66.0246,-124.6709,XW.AMDT,1.9487,34.935799,12282.822246488391,378,1.017652415295205
7C.MM40,66.0246,-124.6709,XW.KABG,3.5104,34.143299,12097.738913895102,407,1.0559680360459236
7C.MM40,66.0246,-124.6709,YT.RMBO,-83.8714,-66.3959,16939.021001506295,543,1.2197012883803608
7C.MM40,66.0246,-124.6709,YU.MD04,10.8953,-74.1514,7201.002202396272,417,1.0688618963292955
7C.MM40,66.0246,-124.6709,ZE.BULG,61.126701,-151.091202,1402.8674856562068,147,0.6346177794762744
7D.G13B,40.683998,-128.028305,CN.PHC,50.7067,-127.433,1115.4236448240904,158,0.6579336686389952
7D.G13B,40.683998,-128.028305,PB.B934,39.844501,-123.691399,379.5954069975207,284,0.8820896733217218
7D.G13B,40.683998,-128.028305,X9.BB420,43.6297,-130.208206,373.5630029516281,256,0.8374782761443419
7D.G13B,40.683998,-128.028305,XT.D58,45.032299,-118.073799,943.5283203126534,113,0.5564072619007505
7D.J31C,45.551899,-129.672394,CN.PHC,50.7067,-127.433,596.7226655944037,147,0.6346177794762744
7D.J31C,45.551899,-129.672394,PB.B934,39.844501,-123.691399,800.5367830364924,282,0.878978236207261
8A.AIAI,-27.915554,17.491323,8A.KANO,-19.194901,19.4398,989.7629378363581,96,0.5128486118048259
8A.AIAI,-27.915554,17.491323,8A.MALT,-24.846022,16.996233,344.86011892082195,103,0.5312172632943303
8A.AIAI,-27.915554,17.491323,8A.OMUT,-18.4093,16.6364,1060.6429918320036,108,0.5439580966939495
8A.AIAI,-27.915554,17.491323,8A.SOLI,-23.861238,16.039537,473.61960498090383,481,1.147958282856168
8A.AIAI,-27.915554,17.491323,8A.WAND,-24.649982,19.743595,426.9087207603955,473,1.1383718245630046
8A.AIAI,-27.915554,17.491323,CM.PRV,13.376167,-81.3635,11555.857359840047,460,1.122619246495774
8A.AIAI,-27.915554,17.491323,CM.SJC,9.896667,-75.1795,10780.52285463852,488,1.156281238008238
8A.AIAI,-27.915554,17.491323,DK.KULLO,74.580498,-57.2201,12555.607673061239,372,1.0095435018818064
8A.AIAI,-27.915554,17.491323,GB.JSA,49.18783,-2.17167,8792.804239026009,481,1.147958282856168
8A.AIAI,-27.915554,17.491323,GB.LRW,60.136,-1.17783,9938.439525347616,487,1.1550959160790353
8A.AIAI,-27.915554,17.491323,IC.HIA,49.270115,119.741363,13176.275365339341,488,1.156281238008238
8A.AIAI,-27.915554,17.491323,II.NIL,33.6506,73.2686,9020.780006092014,476,1.141976177090002
8A.AIAI,-27.915554,17.491323,N4.E62A,46.6201,-69.5227,12006.664692757844,485,1.1527216156937767
8A.AIAI,-27.915554,17.491323,NZ.URZ,-38.259249,177.110894,12357.301781779333,485,1.1527216156937767
8A.AIAI,-27.915554,17.491323,PB.B934,39.844501,-123.691399,16229.15000473107,488,1.156281238008238
8A.AIAI,-27.915554,17.491323,PM.PESTR,38.867168,-7.590169,7869.388965570382,476,1.141976177090002
8A.AIAI,-27.915554,17.491323,PM.PFVI,37.132832,-8.826829,7737.413384095052,488,1.156281238008238
8A.AIAI,-27.915554,17.491323,PS.PSI,2.6938,98.923698,9308.57613205886,479,1.1455691891471627
8A.AIAI,-27.915554,17.491323,PS.SYO,-69.0067,39.585,4790.111996050433,488,1.156281238008238
8A.AIAI,-27.915554,17.491323,RM.DLV,11.952,108.481499,10721.926906803556,393,1.0376474973550138
8A.AIAI,-27.915554,17.491323,RM.SLV,21.325247,103.906708,10766.165910219732,477,1.1431751025405046
8A.AIAI,-27.915554,17.491323,S1.AUBUS,-33.6601,115.3828,8993.413702266736,454,1.1152737854169963
8A.AIAI,-27.915554,17.491323,XA.GP03,42.6352,44.6162,8322.119469998015,409,1.0585593725462352
8A.AIAI,-27.915554,17.491323,XW.AMDT,1.9487,34.935799,3808.420755846432,397,1.0429147773795864
8A.AIAI,-27.915554,17.491323,YT.RMBO,-83.8714,-66.3959,6850.229482787182,443,1.101679912740986
8A.KANO,-19.194901,19.4398,8A.NEPA,-17.7703,18.4597,189.1455112612719,240,0.8108848540793832
8A.KANO,-19.194901,19.4398,8A.OKAM,-20.407301,18.2187,185.72622392520518,240,0.8108848540793832
8A.KANO,-19.194901,19.4398,8A.OMUT,-18.4093,16.6364,307.7422391497664,248,0.8242888175842983
8A.KANO,-19.194901,19.4398,8A.SOLI,-23.861238,16.039537,626.7606016977994,96,0.5128486118048259
8A.KANO,-19.194901,19.4398,8A.WAND,-24.649982,19.743595,607.3862306004655,96,0.5128486118048259
8A.KANO,-19.194901,19.4398,8A.WEWE,-21.209,16.809099,354.2723397769675,240,0.8108848540793832
8A.MALT,-24.846022,16.996233,8A.SOLI,-23.861238,16.039537,146.22873192614983,102,0.5286322491056713
8A.MALT,-24.846022,16.996233,8A.WAND,-24.649982,19.743595,278.28616716828236,95,0.5101705328640019
8A.NEPA,-17.7703,18.4597,8A.OKAM,-20.407301,18.2187,294.3128350942249,244,0.8176143043544013
8A.NEPA,-17.7703,18.4597,8A.OMUT,-18.4093,16.6364,205.39976816921774,241,0.812572441449216
8A.NEPA,-17.7703,18.4597,8A.WEWE,-21.209,16.809099,419.6763847073082,240,0.8108848540793832
8A.OKAM,-20.407301,18.2187,8A.OMUT,-18.4093,16.6364,277.29510999899924,241,0.812572441449216
8A.OKAM,-20.407301,18.2187,8A.WEWE,-21.209,16.809099,171.50367700523137,240,0.8108848540793832
8A.OMUT,-18.4093,16.6364,8A.SOLI,-23.861238,16.039537,609.3776315057269,103,0.5312172632943303
8A.OMUT,-18.4093,16.6364,8A.WAND,-24.649982,19.743595,764.6480857830417,95,0.5101705328640019
8A.OMUT,-18.4093,16.6364,8A.WEWE,-21.209,16.809099,311.8365361684523,240,0.8108848540793832
8A.OMUT,-18.4093,16.6364,GB.JSA,49.18783,-2.17167,7743.03892912723,448,1.107879623548503
8A.OMUT,-18.4093,16.6364,GB.LRW,60.136,-1.17783,8880.775277619623,445,1.1041639743225553
8A.OMUT,-18.4093,16.6364,IC.HIA,49.270115,119.741363,12488.7919997877,454,1.1152737854169963
8A.OMUT,-18.4093,16.6364,II.KAPI,-5.0142,119.7517,11205.168596477686,451,1.111582852672784
8A.OMUT,-18.4093,16.6364,II.NIL,33.6506,73.2686,8335.65476155748,447,1.1066424599872242
8A.OMUT,-18.4093,16.6364,MX.ZAIG,22.769176,-102.567123,13710.862948633503,419,1.0714220482515058
8A.OMUT,-18.4093,16.6364,NR.NE215,-18.78417,25.196014,902.9659137299576,115,0.561309623247887
8A.OMUT,-18.4093,16.6364,NZ.URZ,-38.259249,177.110894,13392.342556250942,457,1.1189525434622096
8A.OMUT,-18.4093,16.6364,PB.B934,39.844501,-123.691399,15537.871509278173,457,1.1189525434622096
8A.OMUT,-18.4093,16.6364,PM.PESTR,38.867168,-7.590169,6850.346667824902,454,1.1152737854169963
8A.OMUT,-18.4093,16.6364,PM.PFVI,37.132832,-8.826829,6728.055943473718,457,1.1189525434622096
8A.OMUT,-18.4093,16.6364,PS.PSI,2.6938,98.923698,9290.228391207896,435,1.091687144706673
8A.OMUT,-18.4093,16.6364,PS.SYO,-69.0067,39.585,5844.959557614964,456,1.1177276360961783
8A.OMUT,-18.4093,16.6364,RM.SLV,21.325247,103.906708,10471.473695978495,435,1.091687144706673
8A.OMUT,-18.4093,16.6364,S1.AUBUS,-33.6601,115.3828,9657.300873925427,397,1.0429147773795864
8A.OMUT,-18.4093,16.6364,YT.RMBO,-83.8714,-66.3959,7890.009963880112,434,1.090431609909769
8A.SOLI,-23.861238,16.039537,8A.WAND,-24.649982,19.743595,385.60430591848166,484,1.1515326296984703
8A.SOLI,-23.861238,16.039537,CM.PRV,13.376167,-81.3635,11343.921198182185,464,1.1274896348580457
8A.SOLI,-23.861238,16.039537,CM.SJC,9.896667,-75.1795,10573.363213474797,492,1.1610104243629564
8A.SOLI,-23.861238,16.039537,DK.KULLO,74.580498,-57.2201,12082.27115182637,377,1.0163054227587134
8A.SOLI,-23.861238,16.039537,GB.JSA,49.18783,-2.17167,8321.192507206044,485,1.1527216156937767
8A.SOLI,-23.861238,16.039537,GB.LRW,60.136,-1.17783,9470.673508867067,491,1.1598299355733386
8A.SOLI,-23.861238,16.039537,IC.HIA,49.270115,119.741363,12966.283001687018,492,1.1610104243629564
8A.SOLI,-23.861238,16.039537,II.KAPI,-5.0142,119.7517,11164.494878891019,367,1.0027359832252927
8A.SOLI,-23.861238,16.039537,II.NIL,33.6506,73.2686,8803.2132747987,480,1.1467643581619917
8A.SOLI,-23.861238,16.039537,N4.E62A,46.6201,-69.5227,11587.211879386923,492,1.1610104243629564
8A.SOLI,-23.861238,16.039537,NZ.URZ,-38.259249,177.110894,12830.826351312537,489,1.1574653460891433
8A.SOLI,-23.861238,16.039537,PB.B934,39.844501,-123.691399,15861.954303030116,492,1.1610104243629564
8A.SOLI,-23.861238,16.039537,PM.PESTR,38.867168,-7.590169,7396.155819081281,481,1.147958282856168
8A.SOLI,-23.861238,16.039537,PM.PFVI,37.132832,-8.826829,7264.970344564462,492,1.1610104243629564
8A.SOLI,-23.861238,16.039537,PS.PSI,2.6938,98.923698,9406.832160404421,484,1.1515326296984703
8A.SOLI,-23.861238,16.039537,PS.SYO,-69.0067,39.585,5260.639970223905,492,1.1610104243629564
8A.SOLI,-23.861238,16.039537,RM.DLV,11.952,108.481499,10786.083950379267,397,1.0429147773795864
8A.SOLI,-23.861238,16.039537,RM.SLV,21.325247,103.906708,10744.442554889987,481,1.147958282856168
8A.SOLI,-23.861238,16.039537,S1.AUBUS,-33.6601,115.3828,9365.335394452031,459,1.1213983442895492
8A.SOLI,-23.861238,16.039537,XA.GP03,42.6352,44.6162,7953.542401205224,405,1.0533703247651751
8A.SOLI,-23.861238,16.039537,XW.AMDT,1.9487,34.935799,3522.7793498440255,404,1.0520690638301713
8A.SOLI,-23.861238,16.039537,YT.RMBO,-83.8714,-66.3959,7280.681126893616,447,1.1066424599872242
8A.WAND,-24.649982,19.743595,CM.PRV,13.376167,-81.3635,11728.35357469637,456,1.1177276360961783
8A.WAND,-24.649982,19.743595,CM.SJC,9.896667,-75.1795,10957.297402511529,484,1.1515326296984703
8A.WAND,-24.649982,19.743595,DK.KULLO,74.580498,-57.2201,12269.001282113539,374,1.0122536906559418
8A.WAND,-24.649982,19.743595,GB.JSA,49.18783,-2.17167,8493.407927878592,477,1.1431751025405046
8A.WAND,-24.649982,19.743595,GB.LRW,60.136,-1.17783,9618.435554121383,483,1.1503424147760861
8A.WAND,-24.649982,19.743595,IC.HIA,49.270115,119.741363,12762.110754654988,484,1.1515326296984703
8A.WAND,-24.649982,19.743595,II.NIL,33.6506,73.2686,8603.18644954758,474,1.1395745420929257
8A.WAND,-24.649982,19.743595,N4.E62A,46.6201,-69.5227,11916.339165005385,484,1.1515326296984703
8A.WAND,-24.649982,19.743595,NZ.URZ,-38.259249,177.110894,12632.413564497514,481,1.147958282856168
8A.WAND,-24.649982,19.743595,PB.B934,39.844501,-123.691399,16219.243375130207,484,1.1515326296984703
8A.WAND,-24.649982,19.743595,PM.PESTR,38.867168,-7.590169,7614.00589614662,473,1.1383718245630046
8A.WAND,-24.649982,19.743595,PM.PFVI,37.132832,-8.826829,7492.569998957673,484,1.1515326296984703
8A.WAND,-24.649982,19.743595,PS.PSI,2.6938,98.923698,9042.965982003117,476,1.141976177090002
8A.WAND,-24.649982,19.743595,PS.SYO,-69.0067,39.585,5105.996168541676,484,1.1515326296984703
8A.WAND,-24.649982,19.743595,RM.DLV,11.952,108.481499,10433.380585912066,389,1.032353342929413
8A.WAND,-24.649982,19.743595,RM.SLV,21.325247,103.906708,10425.622772213812,473,1.1383718245630046
8A.WAND,-24.649982,19.743595,S1.AUBUS,-33.6601,115.3828,9004.22668296319,451,1.111582852672784
8A.WAND,-24.649982,19.743595,XA.GP03,42.6352,44.6162,7904.572109096245,398,1.0442274459638137
8A.WAND,-24.649982,19.743595,XW.AMDT,1.9487,34.935799,3381.5124308976037,397,1.0429147773795864
8A.WAND,-24.649982,19.743595,YT.RMBO,-83.8714,-66.3959,7237.484617135464,439,1.0966949101857806
8G.EC17,-0.0268,-79.847702,CM.PRV,13.376167,-81.3635,1499.6723173019766,165,0.6723502022908507
8G.EC17,-0.0268,-79.847702,CM.RUS,5.8925,-73.083167,998.5057212237566,153,0.6474396359443719
8G.EC17,-0.0268,-79.847702,CM.SJC,9.896667,-75.1795,1218.3380358624443,165,0.6723502022908507
8G.EC17,-0.0268,-79.847702,YU.MD04,10.8953,-74.1514,1367.9650864069197,166,0.6743845494582044
8G.EC17,-0.0268,-79.847702,YU.NL02,9.2491,-70.2202,1483.2165025778631,130,0.5967950934463552
8G.EC17,-0.0268,-79.847702,YU.SL09,8.9599,-72.6846,1275.8523446391941,166,0.6743845494582044
9C.2A11,53.6955,-166.7401,ZE.BULG,61.126701,-151.091202,1243.8016234954914,111,0.5514613214370486
AB.HASN,39.336076,49.217978,AB.PRLH,40.401754,50.332841,151.96626170291393,690,1.3749221646711896
AB.HASN,39.336076,49.217978,AK.K15K,62.2938,-161.5308,8383.627453078754,417,1.0688618963292955
AB.HASN,39.336076,49.217978,CM.PRV,13.376167,-81.3635,12237.122956759056,715,1.3996085558430404
AB.HASN,39.336076,49.217978,CM.SJC,9.896667,-75.1795,12092.836559217212,750,1.43345544770249
AB.HASN,39.336076,49.217978,DK.KULLO,74.580498,-57.2201,6275.47938745531,480,1.1467643581619917
AB.HASN,39.336076,49.217978,GO.GHRG,41.7348,42.341,639.1918870130573,235,0.8023936792113683
AB.HASN,39.336076,49.217978,II.ARTI,56.3879,58.3849,2011.482253239925,683,1.367930143213581
AB.HASN,39.336076,49.217978,II.COCO,-12.1901,96.8349,7553.3099551356845,629,1.3127405193841153
AB.HASN,39.336076,49.217978,II.FFC,54.725,-101.9783,9202.137169639927,722,1.40644309937545
AB.HASN,39.336076,49.217978,II.KAPI,-5.0142,119.7517,8715.841965225522,864,1.5385458354144776
AB.HASN,39.336076,49.217978,II.LVZ,67.8979,34.6514,3298.4296709274063,722,1.40644309937545
AB.HASN,39.336076,49.217978,II.RAYN,23.5225,45.5032,1792.897268974366,606,1.2885161902757527
AB.HASN,39.336076,49.217978,II.SHEL,-15.9594,-5.7455,8380.410203700269,633,1.3169079600877451
AB.HASN,39.336076,49.217978,KS.SH2B,38.2686,128.2524,6611.995579943402,369,1.0054645215568718
AB.HASN,39.336076,49.217978,MM.YGN,16.864799,96.153397,5162.230954545316,398,1.0442274459638137
AB.HASN,39.336076,49.217978,MX.HPIG,26.936794,-105.664017,12198.649318915708,744,1.427710112166879
AB.HASN,39.336076,49.217978,MX.MOIG,19.646708,-101.227303,12772.67806790989,825,1.503420757008077
AB.HASN,39.336076,49.217978,MX.ZAIG,22.769176,-102.567123,12512.392191212952,802,1.4823158482498267
AB.HASN,39.336076,49.217978,N4.ABTX,32.6238,-99.6431,11393.482362839031,880,1.5527262811292881
AB.HASN,39.336076,49.217978,NZ.URZ,-38.259249,177.110894,15562.037842520576,880,1.5527262811292881
AB.HASN,39.336076,49.217978,PB.B934,39.844501,-123.691399,11181.178638966387,863,1.5376552154640635
AB.HASN,39.336076,49.217978,PM.PESTR,38.867168,-7.590169,4817.8762369933975,494,1.1633678083625345
AB.HASN,39.336076,49.217978,PM.PFVI,37.132832,-8.826829,4986.7702070766045,870,1.5438787659125366
AB.HASN,39.336076,49.217978,PS.JAY,-2.5147,140.703,10312.439146747913,792,1.4730454893514422
AB.HASN,39.336076,49.217978,PS.KOR,7.3436,134.4741,9083.964230172192,471,1.1359625693235273
AB.HASN,39.336076,49.217978,PS.PSI,2.6938,98.923698,6452.966872738648,526,1.200456534161466
AB.HASN,39.336076,49.217978,PS.SYO,-69.0067,39.585,12073.425816855754,878,1.5509608157702743
AB.HASN,39.336076,49.217978,PS.VIVO,18.6498,105.6965,5848.6323424000175,869,1.5429912241513946
AB.HASN,39.336076,49.217978,RM.DLV,11.952,108.481499,6538.48760277934,401,1.0481555881577418
AB.HASN,39.336076,49.217978,S1.AUBUS,-33.6601,115.3828,10589.275881799349,868,1.5421031715747238
AB.HASN,39.336076,49.217978,S1.AUKAL,-30.7637,121.4789,10785.019707833142,467,1.1311286641202762
AB.HASN,39.336076,49.217978,S1.AUMAZ,-32.0069,116.0384,10503.7573911473,440,1.0979432827130893
AB.HASN,39.336076,49.217978,TW.KMNB,24.4638,118.388199,6576.8712590552705,480,1.1467643581619917
AB.HASN,39.336076,49.217978,XA.AX08,38.8984,46.1815,266.42985153302106,120,0.5733821790809959
AB.HASN,39.336076,49.217978,XA.EP15,40.33766,47.79234,164.9826917502703,103,0.5312172632943303
AB.HASN,39.336076,49.217978,XM.ANB10,-25.0271,-64.5865,13725.581954393252,633,1.3169079600877451
AB.HASN,39.336076,49.217978,XM.ANB11,-25.951,-62.49889,13601.886288502592,575,1.2551264740070718
AB.HASN,39.336076,49.217978,XM.ANB16,-24.0911,-61.4628,13403.12416454417,543,1.2197012883803608
AB.HASN,39.336076,49.217978,XM.ANB17,-25.2429,-59.8069,13331.400034678576,545,1.2219454508821197
AB.HASN,39.336076,49.217978,XM.ANB19,-27.7766,-62.9698,13747.042418494406,474,1.1395745420929257
AB.HASN,39.336076,49.217978,XM.ANB20,-26.7962,-65.316,13890.474109981851,624,1.307512539555889
AB.HASN,39.336076,49.217978,XM.ASB11,-37.8946,-63.8453,14336.89895516797,463,1.126274012256756
AB.HASN,39.336076,49.217978,XM.ASB22,-33.66389,-67.46128,14435.538937903131,467,1.1311286641202762
AB.HASN,39.336076,49.217978,XM.CB01,-22.09872,-70.21211,14032.64505268043,514,1.186684110486945
AB.HASN,39.336076,49.217978,XM.CB22,-24.00541,-68.52551,14002.65242517933,583,1.263827628267638
AB.HASN,39.336076,49.217978,YT.MCRG,-73.6681,-94.6493,15747.84741341824,714,1.398629466142353
AB.HASN,39.336076,49.217978,YT.RMBO,-83.8714,-66.3959,14650.466226018629,880,1.5527262811292881
AB.PRLH,40.401754,50.332841,CM.PRV,13.376167,-81.3635,12237.179482429421,525,1.1993148729101801
AB.PRLH,40.401754,50.332841,CM.SJC,9.896667,-75.1795,12112.189189125185,606,1.2885161902757527
AB.PRLH,40.401754,50.332841,GO.GHRG,41.7348,42.341,685.9038346528121,211,0.7603171652546205
AB.PRLH,40.401754,50.332841,II.ARTI,56.3879,58.3849,1871.318696744896,515,1.1878379115475264
AB.PRLH,40.401754,50.332841,II.COCO,-12.1901,96.8349,7555.147945251547,600,1.2821215295120647
AB.PRLH,40.401754,50.332841,II.FFC,54.725,-101.9783,9114.471427430384,690,1.3749221646711896
AB.PRLH,40.401754,50.332841,II.KAPI,-5.0142,119.7517,8659.445913691508,674,1.3588875385644514
AB.PRLH,40.401754,50.332841,II.LVZ,67.8979,34.6514,3201.4862868858886,690,1.3749221646711896
AB.PRLH,40.401754,50.332841,II.RAYN,23.5225,45.5032,1930.5435954292432,437,1.0941938923118713
AB.PRLH,40.401754,50.332841,II.SHEL,-15.9594,-5.7455,8526.491587406443,462,1.1250570761777086
AB.PRLH,40.401754,50.332841,MX.HPIG,26.936794,-105.664017,12127.057615470934,573,1.252941743936497
AB.PRLH,40.401754,50.332841,MX.MOIG,19.646708,-101.227303,12717.99700035036,676,1.3609021987345555
AB.PRLH,40.401754,50.332841,MX.ZAIG,22.769176,-102.567123,12451.332837130143,635,1.318986742692003
AB.PRLH,40.401754,50.332841,N4.ABTX,32.6238,-99.6431,11328.686376331169,690,1.3749221646711896
AB.PRLH,40.401754,50.332841,NZ.URZ,-38.259249,177.110894,15501.372118235717,690,1.3749221646711896
AB.PRLH,40.401754,50.332841,PB.B934,39.844501,-123.691399,11071.592781574464,673,1.3578790875620539
AB.PRLH,40.401754,50.332841,PM.PFVI,37.132832,-8.826829,5045.192127635331,680,1.3649225980362905
AB.PRLH,40.401754,50.332841,PS.JAY,-2.5147,140.703,10220.08732299806,682,1.3669283634064118
AB.PRLH,40.401754,50.332841,PS.KOR,7.3436,134.4741,8984.17919774663,471,1.1359625693235273
AB.PRLH,40.401754,50.332841,PS.PSI,2.6938,98.923698,6421.644702970483,387,1.0296960583603008
AB.PRLH,40.401754,50.332841,PS.SYO,-69.0067,39.585,12198.039529683367,688,1.3729280778137343
AB.PRLH,40.401754,50.332841,PS.VIVO,18.6498,105.6965,5768.407617273297,687,1.3719299474907303
AB.PRLH,40.401754,50.332841,S1.AUBUS,-33.6601,115.3828,10593.692318292076,678,1.3629138808359618
AB.PRLH,40.401754,50.332841,S1.AUMAZ,-32.0069,116.0384,10504.037088399611,440,1.0979432827130893
AB.PRLH,40.401754,50.332841,XA.EP15,40.33766,47.79234,215.33518994361586,90,0.49656353316142077
AB.PRLH,40.401754,50.332841,XM.ANB10,-25.0271,-64.5865,13832.37019799629,443,1.101679912740986
AB.PRLH,40.401754,50.332841,XM.ANB11,-25.951,-62.49889,13712.6450780579,390,1.0336794235569031
AB.PRLH,40.401754,50.332841,XM.ANB16,-24.0911,-61.4628,13511.604411433507,442,1.100435779184587
AB.PRLH,40.401754,50.332841,XM.ANB17,-25.2429,-59.8069,13443.670685521121,444,1.1029226428740972
AB.PRLH,40.401754,50.332841,XM.ANB19,-27.7766,-62.9698,13860.655882424187,442,1.100435779184587
AB.PRLH,40.401754,50.332841,XM.ANB20,-26.7962,-65.316,13999.872400533848,442,1.100435779184587
AB.PRLH,40.401754,50.332841,XM.ASB11,-37.8946,-63.8453,14467.358669050333,431,1.0866563016005655
AB.PRLH,40.401754,50.332841,XM.ASB22,-33.66389,-67.46128,14556.1360826756,435,1.091687144706673
AB.PRLH,40.401754,50.332841,XM.CB22,-24.00541,-68.52551,14102.796594358593,393,1.0376474973550138
AB.PRLH,40.401754,50.332841,YT.MCRG,-73.6681,-94.6493,15887.46165398695,556,1.2342154071445053
AB.PRLH,40.401754,50.332841,YT.RMBO,-83.8714,-66.3959,14780.29773042853,690,1.3749221646711896
AC.VLO,40.468601,19.495501,DK.KULLO,74.580498,-57.2201,5311.439985404289,503,1.1739174552671163
AC.VLO,40.468601,19.495501,GB.LRW,60.136,-1.17783,2609.7337967558638,497,1.166894954833741
AC.VLO,40.468601,19.495501,II.KAPI,-5.0142,119.7517,11236.24177942199,502,1.1727499587522587
AC.VLO,40.468601,19.495501,II.RAYN,23.5225,45.5032,3072.5716302542187,422,1.07525084680815
AC.VLO,40.468601,19.495501,IU.JOHN,16.7329,-169.5292,13586.465844925257,381,1.021682737662899
AC.VLO,40.468601,19.495501,IU.KBS,78.9154,11.9385,4288.094686448595,425,1.0790660599072865
AC.VLO,40.468601,19.495501,IU.KEV,69.7565,27.0035,3285.9414082550293,503,1.1739174552671163
AC.VLO,40.468601,19.495501,IU.MIDW,28.2154,-177.3697,12181.75638724242,501,1.1715812988120062
AC.VLO,40.468601,19.495501,IU.TRQA,-38.0568,-61.9787,12024.249117938834,496,1.1657204251401967
AC.VLO,40.468601,19.495501,MN.CLTB,37.578,13.216,630.2976825201047,279,0.8742903188551475
AC.VLO,40.468601,19.495501,MN.VSL,39.496,9.378,868.3018303043858,110,0.5489716413565446
AC.VLO,40.468601,19.495501,NZ.URZ,-38.259249,177.110894,18080.40598787046,426,1.080334803508261
AC.VLO,40.468601,19.495501,PB.B934,39.844501,-123.691399,10337.663856836452,501,1.1715812988120062
AC.VLO,40.468601,19.495501,PM.PESTR,38.867168,-7.590169,2316.070218502444,472,1.1371678349880932
AC.VLO,40.468601,19.495501,PM.PFVI,37.132832,-8.826829,2471.3700596442172,497,1.166894954833741
AC.VLO,40.468601,19.495501,PS.PSI,2.6938,98.923698,8919.68930405683,500,1.1704114719613057
AC.VLO,40.468601,19.495501,RM.SLV,21.325247,103.906708,8032.640670762767,448,1.107879623548503
AC.VLO,40.468601,19.495501,TT.TATN,32.578701,10.5292,1186.7891412815047,414,1.0650101292205938
AF.GRM,-33.313,26.507999,AF.POGA,-27.346,31.707,829.8893117773002,584,1.2649110640673518
AF.GRM,-33.313,26.507999,AF.TEZI,-15.747,26.016001,1953.8786617069027,748,1.4315428978878526
AF.GRM,-33.313,26.507999,DK.KULLO,74.580498,-57.2201,13381.50507228426,676,1.3609021987345555
AF.GRM,-33.313,26.507999,GB.JSA,49.18783,-2.17167,9602.701905951702,473,1.1383718245630046
AF.GRM,-33.313,26.507999,GB.LRW,60.136,-1.17783,10695.70519082485,970,1.630194542554766
AF.GRM,-33.313,26.507999,IC.HIA,49.270115,119.741363,12959.54857057548,964,1.625144882898432
AF.GRM,-33.313,26.507999,IC.LSA,29.70317,91.12757,9759.076491521093,396,1.041600454516661
AF.GRM,-33.313,26.507999,IC.XAN,34.03107,108.92321,11394.297381226503,612,1.2948792718887439
AF.GRM,-33.313,26.507999,II.EFI,-51.6753,-58.0637,6818.710004318333,372,1.0095435018818064
AF.GRM,-33.313,26.507999,II.ERM,42.015,143.1572,14482.842868991882,877,1.550077329047618
AF.GRM,-33.313,26.507999,II.FFC,54.725,-101.9783,15398.171774746292,397,1.0429147773795864
AF.GRM,-33.313,26.507999,II.HOPE,-54.2836,-36.4879,5351.9726810416,640,1.3241694217637887
AF.GRM,-33.313,26.507999,II.KAPI,-5.0142,119.7517,10001.835337521685,559,1.237540645520408
AF.GRM,-33.313,26.507999,II.NIL,33.6506,73.2686,8904.845352105545,372,1.0095435018818064
AF.GRM,-33.313,26.507999,II.RAYN,23.5225,45.5032,6632.500049895774,695,1.3798947746263466
AF.GRM,-33.313,26.507999,II.SHEL,-15.9594,-5.7455,3763.909971691631,510,1.1820576440988835
AF.GRM,-33.313,26.507999,IU.DAV,7.0697,125.5791,11279.665648078724,676,1.3609021987345555
AF.GRM,-33.313,26.507999,IU.FUNA,-8.5259,179.1966,14539.901390688621,524,1.1981721238437173
AF.GRM,-33.313,26.507999,IU.JOHN,16.7329,-169.5292,17570.39343622675,703,1.387813891435114
AF.GRM,-33.313,26.507999,IU.KBS,78.9154,11.9385,12514.845378692831,650,1.3344743975843896
AF.GRM,-33.313,26.507999,IU.KEV,69.7565,27.0035,11460.892043191632,1380,1.94443357248537
AF.GRM,-33.313,26.507999,IU.MBWA,-21.159,119.7313,9019.782547879542,971,1.6310346325577332
AF.GRM,-33.313,26.507999,IU.MIDW,28.2154,-177.3697,17670.054399108652,1431,1.980037359547915
AF.GRM,-33.313,26.507999,IU.RAO,-29.245,-177.929,12598.291003288408,459,1.1213983442895492
AF.GRM,-33.313,26.507999,IU.SAML,-8.9489,-63.1831,9434.14106713591,799,1.4795408395480034
AF.GRM,-33.313,26.507999,IU.TIXI,71.6341,128.8667,13930.688004712367,666,1.3507988504017079
AF.GRM,-33.313,26.507999,IU.TRQA,-38.0568,-61.9787,7689.052730124447,1395,1.954972585030076
AF.GRM,-33.313,26.507999,IU.YAK,62.031,129.6805,13905.6342352573,681,1.3659258488869497
AF.GRM,-33.313,26.507999,JP.ASAJ,44.118801,142.593002,14483.186114074024,367,1.0027359832252927
AF.GRM,-33.313,26.507999,NR.NE81,28.918341,-109.636261,15842.019895840445,405,1.0533703247651751
AF.GRM,-33.313,26.507999,NR.NE82,26.915661,-109.230843,15730.668642191487,397,1.0429147773795864
AF.GRM,-33.313,26.507999,NR.NE83,24.730881,-107.739326,15501.752399523708,469,1.1335481934392182
AF.GRM,-33.313,26.507999,NZ.URZ,-38.259249,177.110894,11496.709751896626,1400,1.9584729863738648
AF.GRM,-33.313,26.507999,PB.B934,39.844501,-123.691399,17270.927524293587,691,1.3759181243560632
AF.GRM,-33.313,26.507999,PM.PESTR,38.867168,-7.590169,8762.646162208588,1134,1.7626256877364783
AF.GRM,-33.313,26.507999,PM.PFVI,37.132832,-8.826829,8646.786927167166,933,1.5988009205531637
AF.GRM,-33.313,26.507999,PS.MCSJ,24.29,153.978,14852.86092364958,978,1.6369031904161346
AF.GRM,-33.313,26.507999,PS.PSI,2.6938,98.923698,8552.702647830134,1214,1.8237399478161007
AF.GRM,-33.313,26.507999,PS.SYO,-69.0067,39.585,4052.9758261743195,1330,1.9088833428049907
AF.GRM,-33.313,26.507999,RM.DLV,11.952,108.481499,10004.880796516029,404,1.0520690638301713
AF.GRM,-33.313,26.507999,RM.SLV,21.325247,103.906708,10198.038441636554,503,1.1739174552671163
AF.GRM,-33.313,26.507999,TT.TATN,32.578701,10.5292,7515.512968087761,404,1.0520690638301713
AF.GRM,-33.313,26.507999,TW.KMNB,24.4638,118.388199,11633.155380999871,883,1.555370721786861
AF.GRM,-33.313,26.507999,Y2.GUGE,31.4769,79.664101,9108.848084861002,837,1.5143152528227095
AF.GRM,-33.313,26.507999,Y2.PURG,30.198799,81.275299,9109.969039869295,827,1.5052419820937544
AF.GRM,-33.313,26.507999,Y2.WT06,32.226398,82.261299,9337.613056187469,367,1.0027359832252927
AF.GRM,-33.313,26.507999,Y5.FMC,56.650002,-111.5,15917.80293124554,568,1.247463179240832
AF.LBB,-11.631,27.485001,AF.TEZI,-15.747,26.016001,484.4013549662364,116,0.5637448174290228
AF.POGA,-27.346,31.707,AF.TEZI,-15.747,26.016001,1417.0814493246676,487,1.1550959160790353
AF.POGA,-27.346,31.707,AK.K15K,62.2938,-161.5308,16008.663073936588,698,1.3828697578308984
AF.POGA,-27.346,31.707,AK.M16K,61.0224,-158.9593,16185.876264769446,434,1.090431609909769
AF.POGA,-27.346,31.707,AK.PAX,62.9699,-145.4699,16048.556472234344,639,1.3231345099825826
AF.POGA,-27.346,31.707,AK.V35K,55.3279,-131.615,16626.299781719266,372,1.0095435018818064
AF.POGA,-27.346,31.707,CM.PRV,13.376167,-81.3635,12944.993088050527,816,1.4951977923860658
AF.POGA,-27.346,31.707,CM.RUS,5.8925,-73.083167,11767.305947363417,421,1.073976097282545
AF.POGA,-27.346,31.707,CM.SJC,9.896667,-75.1795,12171.271398044906,1018,1.6700422437442746
AF.POGA,-27.346,31.707,DK.KULLO,74.580498,-57.2201,12898.87529946534,1125,1.7556172079419585
AF.POGA,-27.346,31.707,G.MATO,-15.49678,-58.1596,9210.8429626248,565,1.244164460784607
AF.POGA,-27.346,31.707,GB.JSA,49.18783,-2.17167,9149.295422413403,834,1.5115989900927147
AF.POGA,-27.346,31.707,GB.LRW,60.136,-1.17783,10179.205587402586,1184,1.8010651338689436
AF.POGA,-27.346,31.707,GE.SOCY,12.18703,53.987419,5009.827741037518,461,1.1238388223540496
AF.POGA,-27.346,31.707,GE.SUMG,72.5742,-38.4626,12272.335261042217,431,1.0866563016005655
AF.POGA,-27.346,31.707,GO.GHRG,41.7348,42.341,7758.9100278845535,803,1.4832396974191326
AF.POGA,-27.346,31.707,GT.PLCA,-40.73277,-70.55083,9004.144417964577,418,1.0701427378868926
AF.POGA,-27.346,31.707,IC.HIA,49.270115,119.741363,12138.160409985934,1693,2.153684323289642
AF.POGA,-27.346,31.707,IC.LSA,29.70317,91.12757,8952.233621316967,464,1.1274896348580457
AF.POGA,-27.346,31.707,IC.XAN,34.03107,108.92321,10608.567061834428,627,1.3106518298839254
AF.POGA,-27.346,31.707,II.ARTI,56.3879,58.3849,9645.479475425638,953,1.6158461882585202
AF.POGA,-27.346,31.707,II.COCO,-12.1901,96.8349,6946.696242710422,619,1.3022635720002707
AF.POGA,-27.346,31.707,II.EFI,-51.6753,-58.0637,7643.700060389514,493,1.1621897140772024
AF.POGA,-27.346,31.707,II.ERM,42.015,143.1572,13708.645906054157,913,1.5815719594800923
AF.POGA,-27.346,31.707,II.FFC,54.725,-101.9783,15214.779978993392,952,1.6149981975476604
AF.POGA,-27.346,31.707,II.HOPE,-54.2836,-36.4879,6177.752546075574,744,1.427710112166879
AF.POGA,-27.346,31.707,II.KAPI,-5.0142,119.7517,9559.047494153814,2120,2.410024725616356
AF.POGA,-27.346,31.707,II.LVZ,67.8979,34.6514,10593.475913897257,1380,1.94443357248537
AF.POGA,-27.346,31.707,II.NIL,33.6506,73.2686,8074.9672854411365,814,1.4933643180086265
AF.POGA,-27.346,31.707,II.PALK,7.2728,80.7022,6523.874704305946,483,1.1503424147760861
AF.POGA,-27.346,31.707,II.RAYN,23.5225,45.5032,5847.015980249001,1610,2.100228298092755
AF.POGA,-27.346,31.707,II.SHEL,-15.9594,-5.7455,4054.201182012286,805,1.4850856716212686
AF.POGA,-27.346,31.707,IU.DAV,7.0697,125.5791,10748.670822537595,486,1.1539093765608583
AF.POGA,-27.346,31.707,IU.FUNA,-8.5259,179.1966,14708.18845206103,461,1.1238388223540496
AF.POGA,-27.346,31.707,IU.JOHN,16.7329,-169.5292,17534.139724178913,589,1.270314382401847
AF.POGA,-27.346,31.707,IU.KBS,78.9154,11.9385,11882.639680850538,642,1.3262368225882741
AF.POGA,-27.346,31.707,IU.KEV,69.7565,27.0035,10803.965799560969,928,1.5945111330513368
AF.POGA,-27.346,31.707,IU.LSZ,-15.2779,28.1882,1390.2809787954104,117,0.5661695375110528
AF.POGA,-27.346,31.707,IU.MBWA,-21.159,119.7313,8761.299164215106,498,1.1680683035010562
AF.POGA,-27.346,31.707,IU.MIDW,28.2154,-177.3697,17159.80585589659,972,1.6318742900818486
AF.POGA,-27.346,31.707,IU.SAML,-8.9489,-63.1831,10028.845103921738,492,1.1610104243629564
AF.POGA,-27.346,31.707,IU.TIXI,71.6341,128.8667,13130.945997895484,430,1.0853949473720717
AF.POGA,-27.346,31.707,IU.TRQA,-38.0568,-61.9787,8475.18338256672,977,1.636066113812985
AF.POGA,-27.346,31.707,JP.ASAJ,44.118801,142.593002,13695.867075571474,492,1.1610104243629564
AF.POGA,-27.346,31.707,KS.SH2B,38.2686,128.2524,12381.135526548971,422,1.07525084680815
AF.POGA,-27.346,31.707,M8.AU52,-33.4865,120.9751,8312.619354086168,614,1.2969933619035672
AF.POGA,-27.346,31.707,MM.KTN,21.2857,99.589798,9081.41706356998,639,1.3231345099825826
AF.POGA,-27.346,31.707,MM.YGN,16.864799,96.153397,8506.691141751973,705,1.389786620066213
AF.POGA,-27.346,31.707,MX.HPIG,26.936794,-105.664017,15817.857442252893,1274,1.8682641566181453
AF.POGA,-27.346,31.707,MX.MOIG,19.646708,-101.227303,15167.84603699006,1143,1.7696064108482057
AF.POGA,-27.346,31.707,MX.ZAIG,22.769176,-102.567123,15406.137901948856,1535,2.0507265668671666
AF.POGA,-27.346,31.707,MY.KOM,1.7922,103.846703,8345.536104167071,552,1.229767769590376
AF.POGA,-27.346,31.707,MY.SBM,2.4529,112.213997,9198.160535477753,489,1.1574653460891433
AF.POGA,-27.346,31.707,MZ.MOCU,-16.868499,36.833328,1278.6903069051182,133,0.6036419150819761
AF.POGA,-27.346,31.707,N4.250A,31.9778,-86.2677,14081.135855129016,423,1.0765240868596675
AF.POGA,-27.346,31.707,N4.ABTX,32.6238,-99.6431,15333.043421763921,1108,1.742302051412488
AF.POGA,-27.346,31.707,NR.NE215,-18.78417,25.196014,1161.3466284456301,163,0.6682629291422302
AF.POGA,-27.346,31.707,NZ.URZ,-38.259249,177.110894,11880.023347537128,2632,2.6853228677590315
AF.POGA,-27.346,31.707,PB.B934,39.844501,-123.691399,17359.757034811148,2158,2.4315280724522363
AF.POGA,-27.346,31.707,PM.PESTR,38.867168,-7.590169,8417.815313214744,2423,2.576500759631862
AF.POGA,-27.346,31.707,PM.PFVI,37.132832,-8.826829,8325.865969201948,2266,2.491629823645999
AF.POGA,-27.346,31.707,PS.CHUK,7.4638,151.8554,13358.180663492754,586,1.2670751564350058
AF.POGA,-27.346,31.707,PS.JAY,-2.5147,140.703,11740.703909152355,895,1.5659038267149576
AF.POGA,-27.346,31.707,PS.KOR,7.3436,134.4741,11639.75509792681,767,1.4496102452085866
AF.POGA,-27.346,31.707,PS.MCSJ,24.29,153.978,14278.160785202244,837,1.5143152528227095
AF.POGA,-27.346,31.707,PS.PSI,2.6938,98.923698,7918.86317822323,1881,2.27011556039208
AF.POGA,-27.346,31.707,PS.SYO,-69.0067,39.585,4661.177805745609,2559,2.647821539324278
AF.POGA,-27.346,31.707,PS.VIVO,18.6498,105.6965,9463.894572403555,954,1.6166937341800351
AF.POGA,-27.346,31.707,QZ.ALGA,49.986897,57.210083,8960.306933043521,469,1.1335481934392182
AF.POGA,-27.346,31.707,QZ.FDRN,51.26934,51.769418,8960.087692900153,464,1.1274896348580457
AF.POGA,-27.346,31.707,QZ.INDER,48.501565,51.694986,8665.797271623904,464,1.1274896348580457
AF.POGA,-27.346,31.707,QZ.USHN,49.969499,82.743909,9959.643602410737,387,1.0296960583603008
AF.POGA,-27.346,31.707,RM.DLV,11.952,108.481499,9345.813265034792,824,1.5025093166351224
AF.POGA,-27.346,31.707,RM.SLV,21.325247,103.906708,9459.655859396838,922,1.5893481044945044
AF.POGA,-27.346,31.707,S1.AUBUS,-33.6601,115.3828,7824.096719994987,1411,1.9661519332588553
AF.POGA,-27.346,31.707,S1.AUKAL,-30.7637,121.4789,8476.55127453509,457,1.1189525434622096
AF.POGA,-27.346,31.707,TR.TOSP,11.2984,-60.535198,10800.088521828347,546,1.2230659879822119
AF.POGA,-27.346,31.707,TW.KMNB,24.4638,118.388199,10924.480621181461,1501,2.027887759991486
AF.POGA,-27.346,31.707,XL.AT13,44.992001,96.270103,10357.895850915917,433,1.0891746278090642
AF.POGA,-27.346,31.707,XL.HV10,51.572102,100.448601,11029.338305886613,433,1.0891746278090642
AF.POGA,-27.346,31.707,Y2.GUGE,31.4769,79.664101,8282.578261698713,466,1.1299169565800504
AF.POGA,-27.346,31.707,Y2.PURG,30.198799,81.275299,8286.766845444292,459,1.1213983442895492
AF.POGA,-27.346,31.707,Y5.FMC,56.650002,-111.5,15654.454976273755,370,1.0068260178089292
AF.POGA,-27.346,31.707,YT.CLRK,-77.3231,-141.8485,8368.312239643948,436,1.09294123718762
AF.POGA,-27.346,31.707,YT.MA07,-78.2496,-93.4991,7760.389261638899,484,1.1515326296984703
AF.POGA,-27.346,31.707,YT.MA09,-79.8993,-104.9977,7805.0543135345,484,1.1515326296984703
AF.POGA,-27.346,31.707,YT.MCRG,-73.6681,-94.6493,8114.664920869381,390,1.0336794235569031
AF.POGA,-27.346,31.707,YT.RMBO,-83.8714,-66.3959,7080.995173747639,1352,1.9246063465137737
AF.POGA,-27.346,31.707,YY.ABMD,11.8317,35.5825,4376.378353735997,382,1.023022650025772
AF.TEZI,-15.747,26.016001,AF.WIN,-22.5667,17.1,1204.367737640185,112,0.5539398117742514
AF.TEZI,-15.747,26.016001,DK.KULLO,74.580498,-57.2201,11495.824951554547,641,1.3252035253355026
AF.TEZI,-15.747,26.016001,GB.JSA,49.18783,-2.17167,7735.952348854091,565,1.244164460784607
AF.TEZI,-15.747,26.016001,GB.LRW,60.136,-1.17783,8783.635003996584,767,1.4496102452085866
AF.TEZI,-15.747,26.016001,IC.HIA,49.270115,119.741363,11594.115218134551,714,1.398629466142353
AF.TEZI,-15.747,26.016001,IC.LSA,29.70317,91.12757,8611.6165697894,440,1.0979432827130893
AF.TEZI,-15.747,26.016001,IC.XAN,34.03107,108.92321,10347.883480869456,665,1.349784356191454
AF.TEZI,-15.747,26.016001,II.ERM,42.015,143.1572,13401.381406626688,985,1.642750783590226
AF.TEZI,-15.747,26.016001,II.HOPE,-54.2836,-36.4879,6819.681278582464,848,1.5242334700540061
AF.TEZI,-15.747,26.016001,II.KAPI,-5.0142,119.7517,10254.48675050462,645,1.3293318952282882
AF.TEZI,-15.747,26.016001,II.LVZ,67.8979,34.6514,9327.211728389924,471,1.1359625693235273
AF.TEZI,-15.747,26.016001,II.NIL,33.6506,73.2686,7431.3271105206195,377,1.0163054227587134
AF.TEZI,-15.747,26.016001,II.RAYN,23.5225,45.5032,4853.158668594146,499,1.1692404746976701
AF.TEZI,-15.747,26.016001,IU.DAV,7.0697,125.5791,11238.983813887162,425,1.0790660599072865
AF.TEZI,-15.747,26.016001,IU.FUNA,-8.5259,179.1966,16014.206450957632,600,1.2821215295120647
AF.TEZI,-15.747,26.016001,IU.JOHN,16.7329,-169.5292,18352.34427443534,634,1.3179477612446795
AF.TEZI,-15.747,26.016001,IU.KBS,78.9154,11.9385,10561.524418127543,682,1.3669283634064118
AF.TEZI,-15.747,26.016001,IU.KEV,69.7565,27.0035,9507.884632068452,1193,1.8078974392052585
AF.TEZI,-15.747,26.016001,IU.LSZ,-15.2779,28.1882,238.51106293364637,277,0.871151025706244
AF.TEZI,-15.747,26.016001,IU.MBWA,-21.159,119.7313,9753.93670604474,783,1.4646519994360623
AF.TEZI,-15.747,26.016001,IU.MIDW,28.2154,-177.3697,17241.858779013808,1278,1.8711947688612478
AF.TEZI,-15.747,26.016001,IU.SAML,-8.9489,-63.1831,9653.751338096448,784,1.4655869832525983
AF.TEZI,-15.747,26.016001,IU.TIXI,71.6341,128.8667,12116.53466553537,486,1.1539093765608583
AF.TEZI,-15.747,26.016001,IU.TRQA,-38.0568,-61.9787,8764.8963862477,1260,1.857970611855997
AF.TEZI,-15.747,26.016001,IU.YAK,62.031,129.6805,12260.684904781374,518,1.19129260981162
AF.TEZI,-15.747,26.016001,JP.ASAJ,44.118801,142.593002,13329.154517804052,429,1.0841321255979017
AF.TEZI,-15.747,26.016001,NR.NE74,28.007509,-114.013802,15693.981291261513,437,1.0941938923118713
AF.TEZI,-15.747,26.016001,NR.NE80,30.5,-112.319931,15481.013100650647,391,1.0350038051680432
AF.TEZI,-15.747,26.016001,NR.NE81,28.918341,-109.636261,15255.547755312771,468,1.1323390750221056
AF.TEZI,-15.747,26.016001,NR.NE82,26.915661,-109.230843,15242.6334173357,420,1.0726998329014736
AF.TEZI,-15.747,26.016001,NR.NE83,24.730881,-107.739326,15111.293689884933,532,1.2072838301639521
AF.TEZI,-15.747,26.016001,NZ.URZ,-38.259249,177.110894,13296.039418270628,1231,1.8364647395814675
AF.TEZI,-15.747,26.016001,PB.B934,39.844501,-123.691399,16044.030133364718,645,1.3293318952282882
AF.TEZI,-15.747,26.016001,PM.PESTR,38.867168,-7.590169,7006.443319802658,956,1.6183874944498864
AF.TEZI,-15.747,26.016001,PM.PFVI,37.132832,-8.826829,6919.652269249063,734,1.4180828269567294
AF.TEZI,-15.747,26.016001,PS.MCSJ,24.29,153.978,14526.31064129397,817,1.4961136869849034
AF.TEZI,-15.747,26.016001,PS.PSI,2.6938,98.923698,8267.000044946046,1186,1.8025856619015783
AF.TEZI,-15.747,26.016001,PS.SYO,-69.0067,39.585,5998.395228928413,1315,1.8980884399909814
AF.TEZI,-15.747,26.016001,RM.SLV,21.325247,103.906708,9437.318671778092,436,1.09294123718762
AF.TEZI,-15.747,26.016001,TR.TOSP,11.2984,-60.535198,9984.580734390134,446,1.1054039117983878
AF.TEZI,-15.747,26.016001,TT.TATN,32.578701,10.5292,5620.548506798612,460,1.122619246495774
AF.TEZI,-15.747,26.016001,TW.KMNB,24.4638,118.388199,10958.12101620345,782,1.463716418376407
AF.TEZI,-15.747,26.016001,XC.OR088,42.965599,-117.302299,15408.574928435406,395,1.0402844711048598
AF.TEZI,-15.747,26.016001,XF.GOAT,60.136902,-141.453003,14976.051870187646,404,1.0520690638301713
AF.TEZI,-15.747,26.016001,XF.MA28,20.1786,-102.597,14577.759286446186,429,1.0841321255979017
AF.TEZI,-15.747,26.016001,XF.MA36,19.3594,-104.893204,14811.743247111768,430,1.0853949473720717
AF.TEZI,-15.747,26.016001,Y2.GUGE,31.4769,79.664101,7764.5188101080985,680,1.3649225980362905
AF.TEZI,-15.747,26.016001,Y2.PURG,30.198799,81.275299,7814.07070537334,679,1.3639186092295756
AF.TEZI,-15.747,26.016001,Y2.WT06,32.226398,82.261299,8015.020216891076,431,1.0866563016005655
AF.TEZI,-15.747,26.016001,YP.NE61,44.849098,115.991798,11232.640022033935,401,1.0481555881577418
AF.TEZI,-15.747,26.016001,YP.NE7D,45.342098,128.742905,12231.853925829908,395,1.0402844711048598
AF.TEZI,-15.747,26.016001,YP.NEAD,47.581402,133.5802,12603.427272903464,412,1.0624345265886606
AF.TEZI,-15.747,26.016001,YS.NGOK,22.122999,-159.664993,19088.212311337073,370,1.0068260178089292
AF.TEZI,-15.747,26.016001,YT.ST04,-80.7152,-116.5792,9083.839153236018,472,1.1371678349880932
AF.TEZI,-15.747,26.016001,ZP.KASM,-10.2174,31.1401,828.2690358758189,139,0.6171077035722526
AF.WIN,-22.5667,17.1,GB.JSA,49.18783,-2.17167,8204.353366721612,369,1.0054645215568718
AF.WIN,-22.5667,17.1,IC.HIA,49.270115,119.741363,12787.821711187093,506,1.1774129988508764
AF.WIN,-22.5667,17.1,II.FFC,54.725,-101.9783,13890.8231439066,422,1.07525084680815
AF.WIN,-22.5667,17.1,II.LVZ,67.8979,34.6514,10162.283405296217,444,1.1029226428740972
AF.WIN,-22.5667,17.1,II.SHEL,-15.9594,-5.7455,2504.6850496829666,368,1.0041011792056576
AF.WIN,-22.5667,17.1,NZ.URZ,-38.259249,177.110894,12937.045922391844,508,1.179737607232137
AF.WIN,-22.5667,17.1,PM.PESTR,38.867168,-7.590169,7299.025028293153,416,1.0675795180675116
AF.WIN,-22.5667,17.1,PM.PFVI,37.132832,-8.826829,7172.592764560803,462,1.1250570761777086
AF.WIN,-22.5667,17.1,PS.PSI,2.6938,98.923698,9285.136039012297,470,1.1347560235031635
AF.WIN,-22.5667,17.1,PS.SYO,-69.0067,39.585,5381.518654290377,506,1.1774129988508764
AF.YNDE,3.87,11.456,DK.KULLO,74.580498,-57.2201,8973.925198175519,496,1.1657204251401967
AF.YNDE,3.87,11.456,GB.LRW,60.136,-1.17783,6348.21644805644,495,1.1645447108469662
AF.YNDE,3.87,11.456,II.KAPI,-5.0142,119.7517,12068.705392639395,494,1.1633678083625345
AF.YNDE,3.87,11.456,IU.JOHN,16.7329,-169.5292,17721.61737336181,493,1.1621897140772024
AF.YNDE,3.87,11.456,IU.KBS,78.9154,11.9385,8344.72412619995,477,1.1431751025405046
AF.YNDE,3.87,11.456,IU.KEV,69.7565,27.0035,7414.159778075667,365,1.0
AF.YNDE,3.87,11.456,IU.MIDW,28.2154,-177.3697,16324.4077218419,470,1.1347560235031635
AF.YNDE,3.87,11.456,IU.TRQA,-38.0568,-61.9787,8839.094710544552,494,1.1633678083625345
AF.YNDE,3.87,11.456,NZ.URZ,-38.259249,177.110894,15923.791268396744,488,1.156281238008238
AF.YNDE,3.87,11.456,PB.B934,39.844501,-123.691399,13342.066390068196,496,1.1657204251401967
AF.YNDE,3.87,11.456,PM.PESTR,38.867168,-7.590169,4341.58926213915,471,1.1359625693235273
AF.YNDE,3.87,11.456,PM.PFVI,37.132832,-8.826829,4237.496971059393,487,1.1550959160790353
AF.YNDE,3.87,11.456,PS.PSI,2.6938,98.923698,9706.700567121445,491,1.1598299355733386
AF.YNDE,3.87,11.456,PS.SYO,-69.0067,39.585,8383.176924432446,444,1.1029226428740972
AK.A22K,71.0033,-154.9742,AK.K15K,62.2938,-161.5308,1009.2482539875432,132,0.6013683028032308
AK.A22K,71.0033,-154.9742,AK.M16K,61.0224,-158.9593,1123.756391652867,118,0.5685839174940466
AK.A22K,71.0033,-154.9742,AK.PAX,62.9699,-145.4699,981.5208666895153,107,0.5414339155718885
AK.A22K,71.0033,-154.9742,AK.PS01,70.258,-148.6141,248.62131314432813,112,0.5539398117742514
AK.ATKA,52.2016,-174.1975,AK.FALS,54.8564,-163.4176,770.2307165696132,120,0.5733821790809959
AK.ATKA,52.2016,-174.1975,AK.GAMB,63.7758,-171.7036,1295.1139991163975,127,0.5898688036160685
AK.ATKA,52.2016,-174.1975,AK.M16K,61.0224,-158.9593,1346.9741852250988,99,0.5208002272583305
AK.ATKA,52.2016,-174.1975,DK.KULLO,74.580498,-57.2201,5175.383826447301,624,1.307512539555889
AK.ATKA,52.2016,-174.1975,GB.JSA,49.18783,-2.17167,8715.926469360562,483,1.1503424147760861
AK.ATKA,52.2016,-174.1975,GB.LRW,60.136,-1.17783,7508.13758719278,669,1.353837771791276
AK.ATKA,52.2016,-174.1975,IC.HIA,49.270115,119.741363,4497.046543798609,755,1.4382256953221673
AK.ATKA,52.2016,-174.1975,II.FFC,54.725,-101.9783,4573.892165628211,383,1.0243608097214334
AK.ATKA,52.2016,-174.1975,II.HOPE,-54.2836,-36.4879,17233.971956493227,403,1.050766191424665
AK.ATKA,52.2016,-174.1975,II.KAPI,-5.0142,119.7517,8862.449697678278,742,1.4257898555989121
AK.ATKA,52.2016,-174.1975,II.LVZ,67.8979,34.6514,6447.790511900335,422,1.07525084680815
AK.ATKA,52.2016,-174.1975,II.NIL,33.6506,73.2686,8448.097894631748,528,1.2027366056064617
AK.ATKA,52.2016,-174.1975,II.RAYN,23.5225,45.5032,10754.674100233551,690,1.3749221646711896
AK.ATKA,52.2016,-174.1975,II.SHEL,-15.9594,-5.7455,15858.33035206319,400,1.0468478451804273
AK.ATKA,52.2016,-174.1975,IU.ADK,51.8823,-176.6842,173.7332347666387,149,0.6389203221702936
AK.ATKA,52.2016,-174.1975,IU.JOHN,16.7329,-169.5292,3965.2734149924877,414,1.0650101292205938
AK.ATKA,52.2016,-174.1975,IU.KEV,69.7565,27.0035,6345.6146029250085,433,1.0891746278090642
AK.ATKA,52.2016,-174.1975,IU.MIDW,28.2154,-177.3697,2680.086916200585,455,1.1165013848919998
AK.ATKA,52.2016,-174.1975,IU.TRQA,-38.0568,-61.9787,14681.627633596932,456,1.1177276360961783
AK.ATKA,52.2016,-174.1975,MN.CLTB,37.578,13.216,10006.196436002383,553,1.2308811856351876
AK.ATKA,52.2016,-174.1975,MX.ZAIG,22.769176,-102.567123,6789.461765867378,378,1.017652415295205
AK.ATKA,52.2016,-174.1975,NZ.URZ,-38.259249,177.110894,10094.013678933065,839,1.516123391082105
AK.ATKA,52.2016,-174.1975,PB.B934,39.844501,-123.691399,4040.4997909275103,743,1.4267503069409744
AK.ATKA,52.2016,-174.1975,PM.PESTR,38.867168,-7.590169,9806.011907974113,767,1.4496102452085866
AK.ATKA,52.2016,-174.1975,PM.PFVI,37.132832,-8.826829,9980.640840240738,777,1.459029514193483
AK.ATKA,52.2016,-174.1975,PS.PSI,2.6938,98.923698,9558.217061013727,711,1.3956880759967294
AK.ATKA,52.2016,-174.1975,PS.SYO,-69.0067,39.585,17452.98831600303,844,1.520634330509241
AK.ATKA,52.2016,-174.1975,RM.DLV,11.952,108.481499,8098.099746087031,379,1.0189976272708203
AK.ATKA,52.2016,-174.1975,RM.SLV,21.325247,103.906708,7607.690358723825,405,1.0533703247651751
AK.ATKA,52.2016,-174.1975,S1.AUBUS,-33.6601,115.3828,11729.547391221902,405,1.0533703247651751
AK.ATKA,52.2016,-174.1975,TW.KMNB,24.4638,118.388199,6362.088764441413,481,1.147958282856168
AK.F21K,67.2221,-153.483,AK.K15K,62.2938,-161.5308,666.6626995646033,179,0.7002934805523393
AK.FALS,54.8564,-163.4176,IU.ADK,51.8823,-176.6842,938.4683877685193,133,0.6036419150819761
AK.GAMB,63.7758,-171.7036,AK.GLB,61.4417,-143.8123,1438.11298964332,90,0.49656353316142077
AK.GAMB,63.7758,-171.7036,AK.M16K,61.0224,-158.9593,722.7853152670298,102,0.5286322491056713
AK.GAMB,63.7758,-171.7036,AK.PAX,62.9699,-145.4699,1301.1806754681197,158,0.6579336686389952
AK.GLB,61.4417,-143.8123,AK.M16K,61.0224,-158.9593,810.0860304341371,153,0.6474396359443719
AK.GLB,61.4417,-143.8123,AK.S31K,57.9616,-136.232,574.3131042214491,156,0.6537562697779445
AK.GLB,61.4417,-143.8123,AK.V35K,55.3279,-131.615,980.8126089558817,156,0.6537562697779445
AK.GLB,61.4417,-143.8123,PQ.NBC8,56.57308,-122.40441,1332.0439631880047,156,0.6537562697779445
AK.H21K,65.6571,-152.805,AK.PS01,70.258,-148.6141,540.3603546772293,104,0.5337897590337558
AK.H21K,65.6571,-152.805,AK.S31K,57.9616,-136.232,1213.675479853689,99,0.5208002272583305
AK.K15K,62.2938,-161.5308,AK.M16K,61.0224,-158.9593,195.9640923549286,287,0.8867363587126749
AK.K15K,62.2938,-161.5308,AK.PAX,62.9699,-145.4699,822.2503586113507,176,0.6944003030111074
AK.K15K,62.2938,-161.5308,AK.PS01,70.258,-148.6141,1052.6692312353134,294,0.8974850706584453
AK.K15K,62.2938,-161.5308,AK.S31K,57.9616,-136.232,1470.320008221059,93,0.5047717509409032
AK.K15K,62.2938,-161.5308,CM.PRV,13.376167,-81.3635,8185.809788501702,549,1.2264214565316018
AK.K15K,62.2938,-161.5308,CM.SJC,9.896667,-75.1795,8845.9836759687,841,1.5179293755116197
AK.K15K,62.2938,-161.5308,DK.KULLO,74.580498,-57.2201,3849.787351705924,519,1.1924419517188996
AK.K15K,62.2938,-161.5308,GO.GHRG,41.7348,42.341,8251.95539202815,541,1.2174529891629975
AK.K15K,62.2938,-161.5308,IC.HIA,49.270115,119.741363,4792.087190209534,624,1.307512539555889
AK.K15K,62.2938,-161.5308,IC.XAN,34.03107,108.92321,6682.522554661419,408,1.0572644982113426
AK.K15K,62.2938,-161.5308,II.ARTI,56.3879,58.3849,6373.946031477539,803,1.4832396974191326
AK.K15K,62.2938,-161.5308,II.FFC,54.725,-101.9783,3426.196824814175,512,1.1843731363161685
AK.K15K,62.2938,-161.5308,II.KAPI,-5.0142,119.7517,9923.240373033696,1003,1.6576927355452373
AK.K15K,62.2938,-161.5308,II.LVZ,67.8979,34.6514,5480.408289716187,721,1.4054687708211182
AK.K15K,62.2938,-161.5308,II.RAYN,23.5225,45.5032,10175.613965803705,764,1.4467725062813113
AK.K15K,62.2938,-161.5308,MM.KTN,21.2857,99.589798,8367.9281182871,543,1.2197012883803608
AK.K15K,62.2938,-161.5308,MM.YGN,16.864799,96.153397,8971.242049269666,772,1.4543275054645308
AK.K15K,62.2938,-161.5308,MX.HPIG,26.936794,-105.664017,5635.389822203392,817,1.4961136869849034
AK.K15K,62.2938,-161.5308,MX.MOIG,19.646708,-101.227303,6563.814800640036,924,1.5910709755743357
AK.K15K,62.2938,-161.5308,MX.ZAIG,22.769176,-102.567123,6192.393990676073,894,1.5650287756118577
AK.K15K,62.2938,-161.5308,N4.250A,31.9778,-86.2677,6149.75419472331,444,1.1029226428740972
AK.K15K,62.2938,-161.5308,N4.ABTX,32.6238,-99.6431,5399.749144162783,991,1.6477464893455804
AK.K15K,62.2938,-161.5308,NZ.URZ,-38.259249,177.110894,11343.899341669126,1010,1.6634672487522058
AK.K15K,62.2938,-161.5308,PB.B934,39.844501,-123.691399,3544.872287045821,995,1.651068562253026
AK.K15K,62.2938,-161.5308,PM.PESTR,38.867168,-7.590169,8526.582943580272,975,1.6343906744448613
AK.K15K,62.2938,-161.5308,PM.PFVI,37.132832,-8.826829,8691.79391897755,1005,1.6593446470020163
AK.K15K,62.2938,-161.5308,PS.JAY,-2.5147,140.703,8666.761920676947,758,1.4410802645123981
AK.K15K,62.2938,-161.5308,PS.KOR,7.3436,134.4741,7963.622425240986,465,1.128703948225453
AK.K15K,62.2938,-161.5308,PS.PSI,2.6938,98.923698,10233.17722410757,504,1.1750837918243189
AK.K15K,62.2938,-161.5308,PS.SYO,-69.0067,39.585,18803.131928799845,990,1.646914924069634
AK.K15K,62.2938,-161.5308,PS.VIVO,18.6498,105.6965,8319.909392996606,779,1.4609060802606257
AK.K15K,62.2938,-161.5308,RM.DLV,11.952,108.481499,8832.169201433642,536,1.211813991784602
AK.K15K,62.2938,-161.5308,RM.SLV,21.325247,103.906708,8149.580921771578,474,1.1395745420929257
AK.K15K,62.2938,-161.5308,S1.AUBUS,-33.6601,115.3828,12939.530449086385,1004,1.658518896939932
AK.K15K,62.2938,-161.5308,S1.AUKAL,-30.7637,121.4789,12373.71274787028,458,1.120176111398536
AK.K15K,62.2938,-161.5308,TW.KMNB,24.4638,118.388199,7108.232949031019,821,1.4997716721198433
AK.K15K,62.2938,-161.5308,XM.ANB10,-25.0271,-64.5865,12807.543471005141,429,1.0841321255979017
AK.K15K,62.2938,-161.5308,XM.ANB11,-25.951,-62.49889,13003.150294152356,421,1.073976097282545
AK.K15K,62.2938,-161.5308,XM.ANB16,-24.0911,-61.4628,12878.905346491394,385,1.027031898505565
AK.K15K,62.2938,-161.5308,XM.ANB17,-25.2429,-59.8069,13074.50319176177,385,1.027031898505565
AK.K15K,62.2938,-161.5308,XM.ANB20,-26.7962,-65.316,12938.991847922289,418,1.0701427378868926
AK.K15K,62.2938,-161.5308,XM.CB01,-22.09872,-70.21211,12237.988753170832,461,1.1238388223540496
AK.K15K,62.2938,-161.5308,XM.CB22,-24.00541,-68.52551,12507.805394648558,458,1.120176111398536
AK.K15K,62.2938,-161.5308,YT.MCRG,-73.6681,-94.6493,15897.190957659255,496,1.1657204251401967
AK.K15K,62.2938,-161.5308,YT.RMBO,-83.8714,-66.3959,16925.872085494142,1000,1.655211777204736
AK.M16K,61.0224,-158.9593,AK.PAX,62.9699,-145.4699,735.227820767593,144,0.6281087071082564
AK.M16K,61.0224,-158.9593,AK.PS01,70.258,-148.6141,1127.665015565634,277,0.871151025706244
AK.M16K,61.0224,-158.9593,AK.S31K,57.9616,-136.232,1319.8450478626262,384,1.0256972236096518
AK.M16K,61.0224,-158.9593,AK.V35K,55.3279,-131.615,1708.2150697987913,379,1.0189976272708203
AK.M16K,61.0224,-158.9593,G.MATO,-15.49678,-58.1596,12090.93948374368,397,1.0429147773795864
AK.M16K,61.0224,-158.9593,GO.GHRG,41.7348,42.341,8427.215421488445,446,1.1054039117983878
AK.M16K,61.0224,-158.9593,IC.HIA,49.270115,119.741363,4970.920431384949,452,1.112814523801501
AK.M16K,61.0224,-158.9593,II.ARTI,56.3879,58.3849,6558.296148254345,640,1.3241694217637887
AK.M16K,61.0224,-158.9593,II.FFC,54.725,-101.9783,3327.9810219583137,383,1.0243608097214334
AK.M16K,61.0224,-158.9593,II.KAPI,-5.0142,119.7517,10029.018043838283,637,1.3210622541924566
AK.M16K,61.0224,-158.9593,II.LVZ,67.8979,34.6514,5637.780141995298,544,1.2208238852939066
AK.M16K,61.0224,-158.9593,II.RAYN,23.5225,45.5032,10359.352259403615,470,1.1347560235031635
AK.M16K,61.0224,-158.9593,M8.AU52,-33.4865,120.9751,12719.707438801937,446,1.1054039117983878
AK.M16K,61.0224,-158.9593,MX.HPIG,26.936794,-105.664017,5462.201168734039,509,1.1808981954195736
AK.M16K,61.0224,-158.9593,MX.MOIG,19.646708,-101.227303,6390.555885964365,518,1.19129260981162
AK.M16K,61.0224,-158.9593,MX.ZAIG,22.769176,-102.567123,6019.944153141744,469,1.1335481934392182
AK.M16K,61.0224,-158.9593,N4.ABTX,32.6238,-99.6431,5244.887660155391,640,1.3241694217637887
AK.M16K,61.0224,-158.9593,NZ.URZ,-38.259249,177.110894,11251.334412937444,643,1.3272693154052941
AK.M16K,61.0224,-158.9593,PB.B934,39.844501,-123.691399,3359.1305522129483,633,1.3169079600877451
AK.M16K,61.0224,-158.9593,PM.PESTR,38.867168,-7.590169,8608.264319625068,618,1.3012112376288127
AK.M16K,61.0224,-158.9593,PM.PFVI,37.132832,-8.826829,8769.176762712492,635,1.318986742692003
AK.M16K,61.0224,-158.9593,PS.CHUK,7.4638,151.8554,7192.546543558942,383,1.0243608097214334
AK.M16K,61.0224,-158.9593,PS.JAY,-2.5147,140.703,8717.27108888271,482,1.149150967108099
AK.M16K,61.0224,-158.9593,PS.KOR,7.3436,134.4741,8046.969092643642,447,1.1066424599872242
AK.M16K,61.0224,-158.9593,PS.SYO,-69.0067,39.585,18780.904616079148,628,1.3116965903765547
AK.M16K,61.0224,-158.9593,PS.VIVO,18.6498,105.6965,8483.151154228788,482,1.149150967108099
AK.M16K,61.0224,-158.9593,S1.AUBUS,-33.6601,115.3828,13012.366797031265,641,1.3252035253355026
AK.M16K,61.0224,-158.9593,TW.KMNB,24.4638,118.388199,7255.412814905028,517,1.1901421579644944
AK.M16K,61.0224,-158.9593,YT.RMBO,-83.8714,-66.3959,16757.794275893222,375,1.0136060675992289
AK.PAX,62.9699,-145.4699,AK.PPLA,62.8962,-152.1894,339.9321719299382,93,0.5047717509409032
AK.PAX,62.9699,-145.4699,AK.PS01,70.258,-148.6141,821.9247585581172,264,0.8504632098056193
AK.PAX,62.9699,-145.4699,AK.S31K,57.9616,-136.232,751.2814939673028,162,0.6662098891778447
AK.PAX,62.9699,-145.4699,AK.V35K,55.3279,-131.615,1155.5483827389055,250,0.827605888602368
AK.PAX,62.9699,-145.4699,CM.PRV,13.376167,-81.3635,7391.673957531117,694,1.3789016872183812
AK.PAX,62.9699,-145.4699,CM.RUS,5.8925,-73.083167,8540.529984535284,493,1.1621897140772024
AK.PAX,62.9699,-145.4699,CM.SJC,9.896667,-75.1795,8039.059271546395,755,1.4382256953221673
AK.PAX,62.9699,-145.4699,DK.KULLO,74.580498,-57.2201,3381.822098120799,696,1.3808871478395666
AK.PAX,62.9699,-145.4699,GB.JSA,49.18783,-2.17167,7132.993003472561,702,1.3868264748096197
AK.PAX,62.9699,-145.4699,GB.LRW,60.136,-1.17783,5997.083802559942,774,1.456210130855255
AK.PAX,62.9699,-145.4699,GE.SUMG,72.5742,-38.4626,3991.4957583633286,427,1.08160205884541
AK.PAX,62.9699,-145.4699,GT.DBIC,6.67015,-4.85653,11587.13320726718,385,1.027031898505565
AK.PAX,62.9699,-145.4699,IC.HIA,49.270115,119.741363,5497.31990650075,1032,1.6814866220918834
AK.PAX,62.9699,-145.4699,IC.LSA,29.70317,91.12757,8567.796664260908,377,1.0163054227587134
AK.PAX,62.9699,-145.4699,IC.SSE,31.09455,121.18863,7123.679414687944,559,1.237540645520408
AK.PAX,62.9699,-145.4699,II.ARTI,56.3879,58.3849,6584.898203310601,524,1.1981721238437173
AK.PAX,62.9699,-145.4699,II.ERM,42.015,143.1572,5031.162688503755,450,1.110349815296408
AK.PAX,62.9699,-145.4699,II.FFC,54.725,-101.9783,2604.2035667824343,539,1.215200530269438
AK.PAX,62.9699,-145.4699,II.HOPE,-54.2836,-36.4879,16017.58851089721,545,1.2219454508821197
AK.PAX,62.9699,-145.4699,II.KAPI,-5.0142,119.7517,10745.490624768945,1194,1.8086549910672098
AK.PAX,62.9699,-145.4699,II.LVZ,67.8979,34.6514,5463.255692661292,776,1.458090325480652
AK.PAX,62.9699,-145.4699,II.NIL,33.6506,73.2686,8734.351903425102,722,1.40644309937545
AK.PAX,62.9699,-145.4699,II.PALK,7.2728,80.7022,11286.590276484727,535,1.2106830405426245
AK.PAX,62.9699,-145.4699,II.RAYN,23.5225,45.5032,10348.966915930083,1018,1.6700422437442746
AK.PAX,62.9699,-145.4699,II.SHEL,-15.9594,-5.7455,13936.075825350676,653,1.3375504087287369
AK.PAX,62.9699,-145.4699,IU.MIDW,28.2154,-177.3697,4496.368150700068,396,1.041600454516661
AK.PAX,62.9699,-145.4699,IU.TRQA,-38.0568,-61.9787,13406.443716092283,399,1.0455384665001604
AK.PAX,62.9699,-145.4699,MX.HPIG,26.936794,-105.664017,4934.353560108775,735,1.4190484946389206
AK.PAX,62.9699,-145.4699,MX.MOIG,19.646708,-101.227303,5859.003139496623,636,1.3200249063652767
AK.PAX,62.9699,-145.4699,MX.ZAIG,22.769176,-102.567123,5485.281885230313,965,1.625987581883194
AK.PAX,62.9699,-145.4699,N4.ABTX,32.6238,-99.6431,4633.862200407815,526,1.200456534161466
AK.PAX,62.9699,-145.4699,NZ.URZ,-38.259249,177.110894,11737.233895090636,1410,1.9654550869023024
AK.PAX,62.9699,-145.4699,PB.B934,39.844501,-123.691399,2949.4027573158373,1227,1.833478616078311
AK.PAX,62.9699,-145.4699,PM.PESTR,38.867168,-7.590169,8089.631379843816,974,1.633552310360746
AK.PAX,62.9699,-145.4699,PM.PFVI,37.132832,-8.826829,8237.352199583765,1210,1.8207329549252094
AK.PAX,62.9699,-145.4699,PQ.NBC8,56.57308,-122.40441,1462.6964264197863,120,0.5733821790809959
AK.PAX,62.9699,-145.4699,PS.JAY,-2.5147,140.703,9450.157293115875,417,1.0688618963292955
AK.PAX,62.9699,-145.4699,PS.PSI,2.6938,98.923698,10994.735197276346,1028,1.6782247633032898
AK.PAX,62.9699,-145.4699,PS.SYO,-69.0067,39.585,19306.52499232654,1413,1.9675448855648323
AK.PAX,62.9699,-145.4699,PS.VIVO,18.6498,105.6965,9075.036671242873,420,1.0726998329014736
AK.PAX,62.9699,-145.4699,RM.DLV,11.952,108.481499,9615.119942354993,603,1.2853228366914469
AK.PAX,62.9699,-145.4699,RM.SLV,21.325247,103.906708,8887.979463406002,698,1.3828697578308984
AK.PAX,62.9699,-145.4699,S1.AUBUS,-33.6601,115.3828,13747.259470122262,846,1.5224349638582537
AK.PAX,62.9699,-145.4699,TW.KMNB,24.4638,118.388199,7901.202035569176,797,1.4776879385836565
AK.PAX,62.9699,-145.4699,YT.RMBO,-83.8714,-66.3959,16814.999280824195,998,1.6535557369930007
AK.PAX,62.9699,-145.4699,ZE.BULG,61.126701,-151.091202,357.35909361467077,167,0.6764127782466431
AK.PPLA,62.8962,-152.1894,AK.TNA,65.5598,-167.9267,813.7676705768973,101,0.5260345319150856
AK.PPLA,62.8962,-152.1894,AT.SVW2,61.1082,-155.621704,267.562897717599,210,0.7585133260223084
AK.PPLA,62.8962,-152.1894,GB.LRW,60.136,-1.17783,6116.0715558425945,408,1.0572644982113426
AK.PPLA,62.8962,-152.1894,IC.HIA,49.270115,119.741363,5203.546367729608,368,1.0041011792056576
AK.PPLA,62.8962,-152.1894,II.RAYN,23.5225,45.5032,10279.718784361714,441,1.0991902374394489
AK.PPLA,62.8962,-152.1894,NZ.URZ,-38.259249,177.110894,11575.36288167917,523,1.1970282838466129
AK.PPLA,62.8962,-152.1894,PB.B934,39.844501,-123.691399,3183.050040071266,383,1.0243608097214334
AK.PPLA,62.8962,-152.1894,PM.PESTR,38.867168,-7.590169,8269.383672646327,492,1.1610104243629564
AK.PPLA,62.8962,-152.1894,PM.PFVI,37.132832,-8.826829,8424.624613339529,481,1.147958282856168
AK.PPLA,62.8962,-152.1894,PS.PSI,2.6938,98.923698,10680.819945442408,410,1.0598526648703945
AK.PPLA,62.8962,-152.1894,PS.SYO,-69.0067,39.585,19154.20822815653,524,1.1981721238437173
AK.PPLA,62.8962,-152.1894,RM.DLV,11.952,108.481499,9291.8933674039,423,1.0765240868596675
AK.PPLA,62.8962,-152.1894,RM.SLV,21.325247,103.906708,8582.993565484801,417,1.0688618963292955
AK.PPLA,62.8962,-152.1894,ZE.BULG,61.126701,-151.091202,204.92774986863233,119,0.570988088545001
AK.PS01,70.258,-148.6141,AK.PS06,65.8545,-149.7369,491.84401830002895,100,0.5234239225902136
AK.PS01,70.258,-148.6141,AK.S31K,57.9616,-136.232,1486.8499298971471,198,0.7365227446757211
AK.PS01,70.258,-148.6141,CM.SJC,9.896667,-75.1795,8353.982951990194,432,1.087916193387899
AK.PS01,70.258,-148.6141,IC.HIA,49.270115,119.741363,5005.388129770388,478,1.1443727719130206
AK.PS01,70.258,-148.6141,II.ARTI,56.3879,58.3849,5769.317643837173,562,1.240856972981681
AK.PS01,70.258,-148.6141,II.KAPI,-5.0142,119.7517,10593.634435849628,552,1.229767769590376
AK.PS01,70.258,-148.6141,II.LVZ,67.8979,34.6514,4650.886897792857,506,1.1774129988508764
AK.PS01,70.258,-148.6141,II.RAYN,23.5225,45.5032,9527.440906178714,400,1.0468478451804273
AK.PS01,70.258,-148.6141,MX.HPIG,26.936794,-105.664017,5526.325658045197,496,1.1657204251401967
AK.PS01,70.258,-148.6141,MX.MOIG,19.646708,-101.227303,6434.876841539269,521,1.1947373185240229
AK.PS01,70.258,-148.6141,MX.ZAIG,22.769176,-102.567123,6062.127932851536,502,1.1727499587522587
AK.PS01,70.258,-148.6141,N4.ABTX,32.6238,-99.6431,5119.161719635645,562,1.240856972981681
AK.PS01,70.258,-148.6141,NZ.URZ,-38.259249,177.110894,12378.737657464475,562,1.240856972981681
AK.PS01,70.258,-148.6141,PB.B934,39.844501,-123.691399,3674.432709542861,560,1.2386470745706646
AK.PS01,70.258,-148.6141,PM.PESTR,38.867168,-7.590169,7481.574249475967,473,1.1383718245630046
AK.PS01,70.258,-148.6141,PM.PFVI,37.132832,-8.826829,7643.996580402616,558,1.2364332263764475
AK.PS01,70.258,-148.6141,PS.JAY,-2.5147,140.703,9559.090901847323,414,1.0650101292205938
AK.PS01,70.258,-148.6141,PS.SYO,-69.0067,39.585,19668.988047489354,544,1.2208238852939066
AK.PS01,70.258,-148.6141,PS.VIVO,18.6498,105.6965,8630.671909078212,412,1.0624345265886606
AK.PS01,70.258,-148.6141,S1.AUBUS,-33.6601,115.3828,13726.12772357037,560,1.2386470745706646
AK.PS01,70.258,-148.6141,TW.KMNB,24.4638,118.388199,7567.5020211633455,367,1.0027359832252927
AK.PS01,70.258,-148.6141,YT.RMBO,-83.8714,-66.3959,17633.88558699222,515,1.1878379115475264
AK.S31K,57.9616,-136.232,AK.V35K,55.3279,-131.615,406.5732322065848,573,1.252941743936497
AK.S31K,57.9616,-136.232,CM.SJC,9.896667,-75.1795,7395.272835644901,410,1.0598526648703945
AK.S31K,57.9616,-136.232,II.ARTI,56.3879,58.3849,7233.388980717943,675,1.3598952417348737
AK.S31K,57.9616,-136.232,II.KAPI,-5.0142,119.7517,11303.950289277473,705,1.389786620066213
AK.S31K,57.9616,-136.232,II.LVZ,67.8979,34.6514,6000.314399709778,683,1.367930143213581
AK.S31K,57.9616,-136.232,II.RAYN,23.5225,45.5032,10953.046575972738,549,1.2264214565316018
AK.S31K,57.9616,-136.232,MM.KTN,21.2857,99.589798,9816.099884706644,365,1.0
AK.S31K,57.9616,-136.232,MX.HPIG,26.936794,-105.664017,4192.101979480788,593,1.2746205452002473
AK.S31K,57.9616,-136.232,MX.MOIG,19.646708,-101.227303,5118.684136797958,562,1.240856972981681
AK.S31K,57.9616,-136.232,MX.ZAIG,22.769176,-102.567123,4745.458971602075,556,1.2342154071445053
AK.S31K,57.9616,-136.232,N4.ABTX,32.6238,-99.6431,3929.430119089848,654,1.3385741749779159
AK.S31K,57.9616,-136.232,NZ.URZ,-38.259249,177.110894,11545.148959756909,708,1.3927404738131437
AK.S31K,57.9616,-136.232,PB.B934,39.844501,-123.691399,2204.952094043789,698,1.3828697578308984
AK.S31K,57.9616,-136.232,PM.PESTR,38.867168,-7.590169,8239.157133626859,699,1.3838599976698094
AK.S31K,57.9616,-136.232,PM.PFVI,37.132832,-8.826829,8366.008310657804,695,1.3798947746263466
AK.S31K,57.9616,-136.232,PQ.NBC8,56.57308,-122.40441,844.0336894063673,534,1.2095510318420373
AK.S31K,57.9616,-136.232,PS.PSI,2.6938,98.923698,11702.534941405464,385,1.027031898505565
AK.S31K,57.9616,-136.232,PS.SYO,-69.0067,39.585,18770.230279276642,697,1.3818788083967024
AK.S31K,57.9616,-136.232,RV.SWHSA,54.899441,-116.751793,1240.2679659195355,90,0.49656353316142077
AK.S31K,57.9616,-136.232,S1.AUBUS,-33.6601,115.3828,14180.18644248642,707,1.391756552479586
AK.S31K,57.9616,-136.232,TD.TD009,52.32058,-116.323372,1405.0849432955333,133,0.6036419150819761
AK.S31K,57.9616,-136.232,TW.KMNB,24.4638,118.388199,8574.891737305508,511,1.1832159566199232
AK.S31K,57.9616,-136.232,YT.RMBO,-83.8714,-66.3959,16169.887246153085,437,1.0941938923118713
AK.V35K,55.3279,-131.615,CC.YOCR,45.379178,-121.743539,1306.500221246899,185,0.7119335046677415
AK.V35K,55.3279,-131.615,CM.SJC,9.896667,-75.1795,7025.298681486155,418,1.0701427378868926
AK.V35K,55.3279,-131.615,II.ARTI,56.3879,58.3849,7560.025064350651,744,1.427710112166879
AK.V35K,55.3279,-131.615,II.FFC,54.725,-101.9783,1875.8536454477048,401,1.0481555881577418
AK.V35K,55.3279,-131.615,II.KAPI,-5.0142,119.7517,11636.795974775174,737,1.4209778612602593
AK.V35K,55.3279,-131.615,II.LVZ,67.8979,34.6514,6266.291979113056,698,1.3828697578308984
AK.V35K,55.3279,-131.615,II.RAYN,23.5225,45.5032,11243.054777071979,565,1.244164460784607
AK.V35K,55.3279,-131.615,MX.HPIG,26.936794,-105.664017,3785.787544607435,671,1.355859935385496
AK.V35K,55.3279,-131.615,MX.MOIG,19.646708,-101.227303,4712.610566364151,651,1.3355005218402636
AK.V35K,55.3279,-131.615,MX.ZAIG,22.769176,-102.567123,4339.504656933154,627,1.3106518298839254
AK.V35K,55.3279,-131.615,N4.ABTX,32.6238,-99.6431,3536.7517377913705,740,1.423867009335483
AK.V35K,55.3279,-131.615,NZ.URZ,-38.259249,177.110894,11484.887815361433,745,1.4286692725788426
AK.V35K,55.3279,-131.615,PB.B934,39.844501,-123.691399,1818.5413274437858,733,1.4171165012384097
AK.V35K,55.3279,-131.615,PM.PESTR,38.867168,-7.590169,8277.408219836632,654,1.3385741749779159
AK.V35K,55.3279,-131.615,PM.PFVI,37.132832,-8.826829,8392.047071650924,736,1.4200135056274583
AK.V35K,55.3279,-131.615,PQ.NBC8,56.57308,-122.40441,589.4266162669445,512,1.1843731363161685
AK.V35K,55.3279,-131.615,PS.JAY,-2.5147,140.703,10091.00550828458,435,1.091687144706673
AK.V35K,55.3279,-131.615,PS.KOR,7.3436,134.4741,9582.68367361894,443,1.101679912740986
AK.V35K,55.3279,-131.615,PS.PSI,2.6938,98.923698,12099.622406856613,474,1.1395745420929257
AK.V35K,55.3279,-131.615,PS.SYO,-69.0067,39.585,18430.756687433433,732,1.4161495161369066
AK.V35K,55.3279,-131.615,PS.VIVO,18.6498,105.6965,10186.646894396268,444,1.1029226428740972
AK.V35K,55.3279,-131.615,S1.AUBUS,-33.6601,115.3828,14439.408295211628,743,1.4267503069409744
AK.V35K,55.3279,-131.615,TD.TD009,52.32058,-116.323372,1055.3324670556171,92,0.5020505896028288
AK.V35K,55.3279,-131.615,TW.KMNB,24.4638,118.388199,8961.158409702826,456,1.1177276360961783
AK.V35K,55.3279,-131.615,YT.RMBO,-83.8714,-66.3959,15833.914912774972,474,1.1395745420929257
AS.KAAO,34.540699,69.042801,HG.EIL,29.549999,34.950001,3245.21137219635,418,1.0701427378868926
AS.ZOBO,-16.27,-68.125,CD.WMQ,43.821098,87.695,16198.104711112459,365,1.0
AS.ZOBO,-16.27,-68.125,DW.GDH,69.25,-53.533298,9579.477215326047,533,1.2084179627110563
AS.ZOBO,-16.27,-68.125,G.SEY,62.933,152.373,13962.328373861532,368,1.0041011792056576
AS.ZOBO,-16.27,-68.125,SR.NWAO,-32.926601,117.233299,14515.118854295855,475,1.140775991601199
AT.SVW2,61.1082,-155.621704,ZE.BULG,61.126701,-151.091202,243.28868527420116,140,0.6193235372853323
AU.WB2,-19.942753,134.35112,NZ.URZ,-38.259249,177.110894,4574.1723690907675,516,1.1889905929556324
AU.WB2,-19.942753,134.35112,PB.B934,39.844501,-123.691399,12408.983768679758,375,1.0136060675992289
AU.WB2,-19.942753,134.35112,PM.PESTR,38.867168,-7.590169,15813.73371102397,410,1.0598526648703945
AU.WB2,-19.942753,134.35112,PM.PFVI,37.132832,-8.826829,15977.553575876109,413,1.063723107446232
AU.WB2,-19.942753,134.35112,PS.SYO,-69.0067,39.585,8129.9814805118085,513,1.185529186504826
BC.SPX,31.0451,-115.466,DK.KULLO,74.580498,-57.2201,5771.034795500132,819,1.4979437961547009
BC.SPX,31.0451,-115.466,GB.JSA,49.18783,-2.17167,8926.438832687874,872,1.5456523205075618
BC.SPX,31.0451,-115.466,GB.LRW,60.136,-1.17783,8254.174147557926,894,1.5650287756118577
BC.SPX,31.0451,-115.466,GE.SOCY,12.18703,53.987419,15077.728506118312,681,1.3659258488869497
BC.SPX,31.0451,-115.466,IC.HIA,49.270115,119.741363,9549.622253908059,627,1.3106518298839254
BC.SPX,31.0451,-115.466,IE.BCYI,44.310799,-113.405197,1486.0493556596145,150,0.6410607647560324
BC.SPX,31.0451,-115.466,II.HOPE,-54.2836,-36.4879,12103.59927495188,365,1.0
BC.SPX,31.0451,-115.466,II.KAPI,-5.0142,119.7517,13581.085008808372,880,1.5527262811292881
BC.SPX,31.0451,-115.466,II.NIL,33.6506,73.2686,12763.105630659677,849,1.5251319278214177
BC.SPX,31.0451,-115.466,II.PALK,7.2728,80.7022,15419.909646950344,383,1.0243608097214334
BC.SPX,31.0451,-115.466,II.RAYN,23.5225,45.5032,13617.666167374651,821,1.4997716721198433
BC.SPX,31.0451,-115.466,IU.JOHN,16.7329,-169.5292,5665.252583245599,714,1.398629466142353
BC.SPX,31.0451,-115.466,IU.KBS,78.9154,11.9385,7343.769113634467,714,1.398629466142353
BC.SPX,31.0451,-115.466,IU.KEV,69.7565,27.0035,8405.854238555305,613,1.2959367479913981
BC.SPX,31.0451,-115.466,IU.MIDW,28.2154,-177.3697,5912.791502174096,644,1.328301005662435
BC.SPX,31.0451,-115.466,IU.TRQA,-38.0568,-61.9787,9475.028574948215,681,1.3659258488869497
BC.SPX,31.0451,-115.466,IU.YAK,62.031,129.6805,8155.689807464407,388,1.0310255567298694
BC.SPX,31.0451,-115.466,MX.HPIG,26.936794,-105.664017,1056.5566575894175,243,0.8159371450409243
BC.SPX,31.0451,-115.466,MX.ZAIG,22.769176,-102.567123,1573.6130396373533,409,1.0585593725462352
BC.SPX,31.0451,-115.466,MY.KOM,1.7922,103.846703,14485.65778413527,555,1.2331050016951028
BC.SPX,31.0451,-115.466,NZ.URZ,-38.259249,177.110894,10396.801295558138,899,1.569399152105715
BC.SPX,31.0451,-115.466,PB.B934,39.844501,-123.691399,1228.6147622319781,899,1.569399152105715
BC.SPX,31.0451,-115.466,PM.PESTR,38.867168,-7.590169,9248.532318903219,729,1.413244590993577
BC.SPX,31.0451,-115.466,PM.PFVI,37.132832,-8.826829,9268.567130882715,898,1.5685260509799446
BC.SPX,31.0451,-115.466,PS.PSI,2.6938,98.923698,14788.9049316337,886,1.55801067399231
BC.SPX,31.0451,-115.466,PS.SYO,-69.0067,39.585,15505.580836412666,814,1.4933643180086265
BC.SPX,31.0451,-115.466,RM.DLV,11.952,108.481499,13318.978903834743,761,1.4439291903861888
BC.SPX,31.0451,-115.466,RM.SLV,21.325247,103.906708,12835.297102243076,848,1.5242334700540061
BC.SPX,31.0451,-115.466,S1.AUBUS,-33.6601,115.3828,15278.057942919242,392,1.0363264942766475
BC.SPX,31.0451,-115.466,TO.CC08,35.992199,-120.961197,749.4556609607777,119,0.570988088545001
BC.SPX,31.0451,-115.466,TT.TATN,32.578701,10.5292,10945.01995519919,560,1.2386470745706646
BC.SPX,31.0451,-115.466,US.DUG,40.195,-112.8133,1045.1461583991636,147,0.6346177794762744
BC.SPX,31.0451,-115.466,UU.PSUT,38.5337,-113.8547,845.5512169925448,97,0.5155127783649347
BC.SPX,31.0451,-115.466,X8.QM38,47.675201,-70.853104,4184.447161032317,703,1.387813891435114
BC.SPX,31.0451,-115.466,X8.QM58,49.048401,-72.740601,4078.3192683295288,493,1.1621897140772024
BC.SPX,31.0451,-115.466,X8.QM76,50.764801,-74.817596,3985.787871082951,564,1.2430629426750903
BC.SPX,31.0451,-115.466,X8.QM90,52.2915,-77.098801,3895.014446764059,397,1.0429147773795864
BC.SPX,31.0451,-115.466,X8.QMM5,50.8438,-68.798203,4397.053827366415,799,1.4795408395480034
BC.SPX,31.0451,-115.466,XF.NE4,76.657433,-34.27758,6433.070758427778,389,1.032353342929413
BC.SPX,31.0451,-115.466,XL.HD03,46.515701,102.547203,10583.861767140299,425,1.0790660599072865
BC.SPX,31.0451,-115.466,XL.HD09,45.413898,100.5718,10767.796560605222,447,1.1066424599872242
BC.SPX,31.0451,-115.466,XL.HD41,48.242298,99.400002,10539.883096402538,446,1.1054039117983878
BC.SPX,31.0451,-115.466,XL.HD48,46.209202,97.608299,10803.148006915446,382,1.023022650025772
BC.SPX,31.0451,-115.466,XL.HD73,49.4953,101.357101,10347.481542233167,451,1.111582852672784
BC.SPX,31.0451,-115.466,XL.HD74,49.500999,99.152298,10426.716710843173,452,1.112814523801501
BC.SPX,31.0451,-115.466,XY.PACW,39.9962,-77.9247,3511.6599419071586,529,1.2038750219574914
BC.SPX,31.0451,-115.466,YB.AT56,36.7019,35.546902,11899.705195352331,538,1.214072733710681
BC.SPX,31.0451,-115.466,YT.RMBO,-83.8714,-66.3959,13001.609007565048,541,1.2174529891629975
BC.SPX,31.0451,-115.466,YY.ABMD,11.8317,35.5825,14333.541277125098,385,1.027031898505565
BC.SPX,31.0451,-115.466,YY.CHGE,10.9614,36.518398,14469.65710374191,456,1.1177276360961783
BC.SPX,31.0451,-115.466,YY.NEKE,9.089,36.523701,14646.178369960537,471,1.1359625693235273
BL.AGVB,-19.7393,-50.233101,BL.FURB,-20.6782,-46.277901,425.7087973014374,254,0.8342004620946359
BL.AGVB,-19.7393,-50.233101,BL.IBIB,-21.777201,-48.8139,270.40953238568983,107,0.5414339155718885
BL.AGVB,-19.7393,-50.233101,BL.NAVB,-21.433599,-54.1842,452.3552789651122,93,0.5047717509409032
BL.AGVB,-19.7393,-50.233101,BL.PPDB,-22.0326,-51.313599,278.6122917372741,456,1.1177276360961783
BL.AGVB,-19.7393,-50.233101,BL.PTMB,-21.4631,-57.475601,777.7192021023715,107,0.5414339155718885
BL.AGVB,-19.7393,-50.233101,BL.TRIB,-20.6724,-51.326,154.17973144737542,297,0.9020524542048463
BL.AGVB,-19.7393,-50.233101,IU.KEV,69.7565,27.0035,11584.035207167208,376,1.0149566425721692
BL.AGVB,-19.7393,-50.233101,PS.SYO,-69.0067,39.585,7956.571715789077,493,1.1621897140772024
BL.AGVB,-19.7393,-50.233101,XE.ROSL,-19.485266,-64.18029,1460.7495391613359,203,0.7457642949093526
BL.AQDA,-20.48,-55.700001,BL.JNRB,-15.46783,-44.505169,1308.0555371446485,171,0.6844655949607193
BL.AQDA,-20.48,-55.700001,BL.PP1A,-17.6003,-54.879601,331.61356511388584,98,0.5181632471383237
BL.AQDA,-20.48,-55.700001,IU.KEV,69.7565,27.0035,11862.791030425997,387,1.0296960583603008
BL.AQDA,-20.48,-55.700001,IU.MIDW,28.2154,-177.3697,14097.873071963848,450,1.110349815296408
BL.AQDA,-20.48,-55.700001,IU.TRQA,-38.0568,-61.9787,2045.737922267139,452,1.112814523801501
BL.AQDA,-20.48,-55.700001,NR.NE79,23.11937,-109.756111,7604.204364581531,412,1.0624345265886606
BL.AQDA,-20.48,-55.700001,NR.NE83,24.730881,-107.739326,7544.705175369486,430,1.0853949473720717
BL.AQDA,-20.48,-55.700001,NZ.URZ,-38.259249,177.110894,11472.84360954822,455,1.1165013848919998
BL.AQDA,-20.48,-55.700001,PS.MCSJ,24.29,153.978,16940.328975277484,455,1.1165013848919998
BL.AQDA,-20.48,-55.700001,PS.PSI,2.6938,98.923698,16627.24240595167,446,1.1054039117983878
BL.AQDA,-20.48,-55.700001,PS.SYO,-69.0067,39.585,8094.770755619625,450,1.110349815296408
BL.AQDA,-20.48,-55.700001,TW.MATB,26.151501,119.945602,19243.651117721354,413,1.063723107446232
BL.BRSB,-22.535299,-45.5854,IC.HIA,49.270115,119.741363,16775.024338764157,488,1.156281238008238
BL.BRSB,-22.535299,-45.5854,II.NIL,33.6506,73.2686,13976.20531394316,439,1.0966949101857806
BL.BRSB,-22.535299,-45.5854,IU.ADK,51.8823,-176.6842,14739.592313370584,462,1.1250570761777086
BL.BRSB,-22.535299,-45.5854,IU.KBS,78.9154,11.9385,11820.607098142811,368,1.0041011792056576
BL.BRSB,-22.535299,-45.5854,IU.KEV,69.7565,27.0035,11709.3475196843,497,1.166894954833741
BL.BRSB,-22.535299,-45.5854,PS.MCSJ,24.29,153.978,18011.011849981536,371,1.0081856754409793
BL.BRSB,-22.535299,-45.5854,PS.PSI,2.6938,98.923698,15598.86878280659,499,1.1692404746976701
BL.BRSB,-22.535299,-45.5854,PS.SYO,-69.0067,39.585,7485.039806868609,442,1.100435779184587
BL.CANB,-22.96814,-50.37785,BL.PAZB,-15.1369,-50.8634,872.2863236754446,163,0.6682629291422302
BL.CANB,-22.96814,-50.37785,BL.PORB,-13.33043,-49.078739,1080.3941230177386,141,0.6215314713375452
BL.CANB,-22.96814,-50.37785,GE.SNAA,-71.6707,-2.8379,6175.336980583984,365,1.0
BL.CANB,-22.96814,-50.37785,IU.TIXI,71.6341,128.8667,14603.48516087755,365,1.0
BL.CANB,-22.96814,-50.37785,TW.KMNB,24.4638,118.388199,18859.76128232986,365,1.0
BL.CDSB,-18.765471,-52.83926,BL.PP1A,-17.6003,-54.879601,251.4835897342604,283,0.8805353290773884
BL.CDSB,-18.765471,-52.83926,GE.IBBN,52.306301,7.7592,9818.55302731133,457,1.1189525434622096
BL.CDSB,-18.765471,-52.83926,IC.XAN,34.03107,108.92321,17536.9632587327,469,1.1335481934392182
BL.CDSB,-18.765471,-52.83926,II.ERM,42.015,143.1572,17020.553017998118,425,1.0790660599072865
BL.CDSB,-18.765471,-52.83926,IU.FUNA,-8.5259,179.1966,13553.924199672963,534,1.2095510318420373
BL.CDSB,-18.765471,-52.83926,IU.KEV,69.7565,27.0035,11578.257271574284,580,1.260571733734503
BL.CDSB,-18.765471,-52.83926,IU.MBWA,-21.159,119.7313,15502.61929157025,514,1.186684110486945
BL.CDSB,-18.765471,-52.83926,IU.MIDW,28.2154,-177.3697,14309.085888624435,579,1.2594845651547357
BL.CDSB,-18.765471,-52.83926,IU.TRQA,-38.0568,-61.9787,2320.7322007250173,549,1.2264214565316018
BL.CDSB,-18.765471,-52.83926,NR.NE79,23.11937,-109.756111,7736.141307464525,385,1.027031898505565
BL.CDSB,-18.765471,-52.83926,NR.NE82,26.915661,-109.230843,7920.938832248546,391,1.0350038051680432
BL.CDSB,-18.765471,-52.83926,NZ.URZ,-38.259249,177.110894,11810.25763412919,580,1.260571733734503
BL.CDSB,-18.765471,-52.83926,PS.MCSJ,24.29,153.978,17178.922402120297,542,1.2185776572912024
BL.CDSB,-18.765471,-52.83926,PS.SYO,-69.0067,39.585,8159.6907797572485,577,1.2573074078395543
BL.CDSB,-18.765471,-52.83926,X2.281,39.6814,110.487,17192.70935190658,368,1.0041011792056576
BL.CDSB,-18.765471,-52.83926,XF.MA28,20.1786,-102.597,6939.487847461026,403,1.050766191424665
BL.CDSB,-18.765471,-52.83926,XF.MA36,19.3594,-104.893204,7085.963699305666,403,1.050766191424665
BL.CDSB,-18.765471,-52.83926,YS.NGOK,22.122999,-159.664993,12456.868440912878,432,1.087916193387899
BL.CRJB,-6.1702,-50.154598,BL.ITAB,-27.308201,-52.341099,2361.7786773799044,468,1.1323390750221056
BL.CRJB,-6.1702,-50.154598,BL.STMB,-2.7515,-54.957199,654.1253056683887,109,0.54647061859381
BL.CRJB,-6.1702,-50.154598,BL.TRSB,-4.873,-42.705898,836.9159404302795,540,1.2163272811190746
BL.CRJB,-6.1702,-50.154598,IC.HIA,49.270115,119.741363,15129.527801604636,421,1.073976097282545
BL.CRJB,-6.1702,-50.154598,II.RAYN,23.5225,45.5032,10855.92881525528,445,1.1041639743225553
BL.CRJB,-6.1702,-50.154598,IU.JOHN,16.7329,-169.5292,13328.498414551583,531,1.2061486312009582
BL.CRJB,-6.1702,-50.154598,IU.KEV,69.7565,27.0035,10162.922007674151,546,1.2230659879822119
BL.CRJB,-6.1702,-50.154598,IU.MIDW,28.2154,-177.3697,13954.74351881501,555,1.2331050016951028
BL.CRJB,-6.1702,-50.154598,IU.RCBR,-5.8274,-35.9014,1576.6205516690243,408,1.0572644982113426
BL.CRJB,-6.1702,-50.154598,IU.SAML,-8.9489,-63.1831,1468.7785701736452,178,0.6983346138325898
BL.CRJB,-6.1702,-50.154598,IU.TIXI,71.6341,128.8667,12735.530774761992,383,1.0243608097214334
BL.CRJB,-6.1702,-50.154598,IU.TRQA,-38.0568,-61.9787,3741.18070276819,545,1.2219454508821197
BL.CRJB,-6.1702,-50.154598,NR.NE79,23.11937,-109.756111,7242.745068157921,465,1.128703948225453
BL.CRJB,-6.1702,-50.154598,NR.NE80,30.5,-112.319931,7760.512086916318,526,1.200456534161466
BL.CRJB,-6.1702,-50.154598,NR.NE82,26.915661,-109.230843,7337.603166165262,419,1.0714220482515058
BL.CRJB,-6.1702,-50.154598,PS.SYO,-69.0067,39.585,9356.795747228958,551,1.2286533445589485
BL.CRJB,-6.1702,-50.154598,TW.KMNB,24.4638,118.388199,17642.045380211304,367,1.0027359832252927
BL.FURB,-20.6782,-46.277901,BL.PPDB,-22.0326,-51.313599,542.7710606993022,298,0.9035697848890165
BL.FURB,-20.6782,-46.277901,BL.TRIB,-20.6724,-51.326,525.1516662050844,250,0.827605888602368
BL.IBIB,-21.777201,-48.8139,BL.NAVB,-21.433599,-54.1842,556.4805359856183,103,0.5312172632943303
BL.IBIB,-21.777201,-48.8139,BL.PPDB,-22.0326,-51.313599,259.44297400493355,108,0.5439580966939495
BL.IBIB,-21.777201,-48.8139,BL.PTMB,-21.4631,-57.475601,895.9422189060223,141,0.6215314713375452
BL.ITAB,-27.308201,-52.341099,BL.TRSB,-4.873,-42.705898,2695.5412294836224,499,1.1692404746976701
BL.ITAB,-27.308201,-52.341099,IC.HIA,49.270115,119.741363,17480.56905604628,391,1.0350038051680432
BL.ITAB,-27.308201,-52.341099,II.RAYN,23.5225,45.5032,11910.695377525855,408,1.0572644982113426
BL.ITAB,-27.308201,-52.341099,IU.JOHN,16.7329,-169.5292,13498.166204537109,499,1.1692404746976701
BL.ITAB,-27.308201,-52.341099,IU.KEV,69.7565,27.0035,12446.869741242548,505,1.1762489718744142
BL.ITAB,-27.308201,-52.341099,IU.MIDW,28.2154,-177.3697,14653.675536381952,514,1.186684110486945
BL.ITAB,-27.308201,-52.341099,IU.RCBR,-5.8274,-35.9014,2954.256378404039,402,1.0494617015468923
BL.ITAB,-27.308201,-52.341099,IU.TIXI,71.6341,128.8667,15085.725418517171,379,1.0189976272708203
BL.ITAB,-27.308201,-52.341099,IU.TRQA,-38.0568,-61.9787,1495.3777519042767,504,1.1750837918243189
BL.ITAB,-27.308201,-52.341099,NR.NE79,23.11937,-109.756111,8332.101643502974,436,1.09294123718762
BL.ITAB,-27.308201,-52.341099,NR.NE80,30.5,-112.319931,9047.002369899643,497,1.166894954833741
BL.ITAB,-27.308201,-52.341099,NR.NE82,26.915661,-109.230843,8560.942333852341,421,1.073976097282545
BL.ITAB,-27.308201,-52.341099,PS.SYO,-69.0067,39.585,7262.7365465697085,510,1.1820576440988835
BL.ITPB,-15.9887,-39.628201,BL.TRSB,-4.873,-42.705898,1280.8628828116568,370,1.0068260178089292
BL.ITPB,-15.9887,-39.628201,IU.KEV,69.7565,27.0035,10815.660735545911,371,1.0081856754409793
BL.ITPB,-15.9887,-39.628201,IU.MIDW,28.2154,-177.3697,15480.10437048667,380,1.0203410657280039
BL.ITPB,-15.9887,-39.628201,IU.RCBR,-5.8274,-35.9014,1200.7240746203079,374,1.0122536906559418
BL.ITPB,-15.9887,-39.628201,IU.TRQA,-38.0568,-61.9787,3286.497822225963,370,1.0068260178089292
BL.ITPB,-15.9887,-39.628201,PS.SYO,-69.0067,39.585,7921.432438885095,376,1.0149566425721692
BL.NAVB,-21.433599,-54.1842,BL.PTMB,-21.4631,-57.475601,340.651596295533,152,0.6453203515808126
BL.NAVB,-21.433599,-54.1842,XE.ROSL,-19.485266,-64.18029,1063.469302104279,100,0.5234239225902136
BL.NAVB,-21.433599,-54.1842,XE.UYUN,-20.461914,-66.74688,1308.6919785615798,101,0.5260345319150856
BL.PAZB,-15.1369,-50.8634,BL.PORB,-13.33043,-49.078739,278.10969403235055,118,0.5685839174940466
BL.PP1A,-17.6003,-54.879601,IU.SAML,-8.9489,-63.1831,1315.7181492742673,125,0.5852057359806528
BL.PPDB,-22.0326,-51.313599,BL.PTMB,-21.4631,-57.475601,639.5122644869006,93,0.5047717509409032
BL.PPDB,-22.0326,-51.313599,BL.TRIB,-20.6724,-51.326,151.25300021004693,319,0.9348650184597378
BL.PPDB,-22.0326,-51.313599,II.LVZ,67.8979,34.6514,12103.136054595901,393,1.0376474973550138
BL.PPDB,-22.0326,-51.313599,IU.KEV,69.7565,27.0035,11862.208104666895,374,1.0122536906559418
BL.PPDB,-22.0326,-51.313599,PS.SYO,-69.0067,39.585,7763.268788320014,474,1.1395745420929257
BL.PPDB,-22.0326,-51.313599,XE.ROSL,-19.485266,-64.18029,1366.986155334351,189,0.7195889237461081
BL.PTMB,-21.4631,-57.475601,XE.CRUZ,-19.103399,-66.221199,948.9635015359115,131,0.5990860619218586
BL.PTMB,-21.4631,-57.475601,XE.PACH,-19.868052,-69.415749,1254.519880760983,111,0.5514613214370486
BL.PTMB,-21.4631,-57.475601,XE.ROSL,-19.485266,-64.18029,732.1471064536058,163,0.6682629291422302
BL.PTMB,-21.4631,-57.475601,XE.UYUN,-20.461914,-66.74688,968.9531245986668,159,0.6600124531826383
BL.STMB,-2.7515,-54.957199,BL.TRSB,-4.873,-42.705898,1379.4994312087272,108,0.5439580966939495
BL.TRIB,-20.6724,-51.326,XE.ROSL,-19.485266,-64.18029,1348.5696325100873,165,0.6723502022908507
BL.TRSB,-4.873,-42.705898,IC.HIA,49.270115,119.741363,14808.47892658239,454,1.1152737854169963
BL.TRSB,-4.873,-42.705898,II.RAYN,23.5225,45.5032,10041.653442349876,481,1.147958282856168
BL.TRSB,-4.873,-42.705898,IU.JOHN,16.7329,-169.5292,14078.319935539077,577,1.2573074078395543
BL.TRSB,-4.873,-42.705898,IU.KEV,69.7565,27.0035,9753.565554664961,595,1.2767681803292914
BL.TRSB,-4.873,-42.705898,IU.MIDW,28.2154,-177.3697,14577.395111870514,604,1.2863881686909069
BL.TRSB,-4.873,-42.705898,IU.RCBR,-5.8274,-35.9014,760.7560683084733,451,1.111582852672784
BL.TRSB,-4.873,-42.705898,IU.TIXI,71.6341,128.8667,12568.123290732598,426,1.080334803508261
BL.TRSB,-4.873,-42.705898,IU.TRQA,-38.0568,-61.9787,4174.025197707939,594,1.2756948147084288
BL.TRSB,-4.873,-42.705898,NR.NE79,23.11937,-109.756111,7905.694655129045,498,1.1680683035010562
BL.TRSB,-4.873,-42.705898,NR.NE80,30.5,-112.319931,8358.592576229887,559,1.237540645520408
BL.TRSB,-4.873,-42.705898,NR.NE82,26.915661,-109.230843,7962.834787713599,450,1.110349815296408
BL.TRSB,-4.873,-42.705898,PS.MCSJ,24.29,153.978,17213.979121034823,402,1.0494617015468923
BL.TRSB,-4.873,-42.705898,PS.SYO,-69.0067,39.585,9195.00715483064,600,1.2821215295120647
BL.TRSB,-4.873,-42.705898,TW.KMNB,24.4638,118.388199,17043.550780482354,418,1.0701427378868926
BX.KOOLE,-22.993059,20.195551,BX.PHPEN,-25.475531,22.857294,386.0277633839491,118,0.5685839174940466
C.COCH,-36.131302,-72.788399,IU.TRQA,-38.0568,-61.9787,981.7496858387079,135,0.6081636405595373
C1.AC02,-26.835517,-69.129067,XM.ANB10,-25.0271,-64.5865,496.7238177980456,159,0.6600124531826383
C1.AC02,-26.835517,-69.129067,XM.ANB11,-25.951,-62.49889,667.5963181044259,159,0.6600124531826383
C1.AC02,-26.835517,-69.129067,XM.ANB16,-24.0911,-61.4628,827.7228752986753,159,0.6600124531826383
C1.AC02,-26.835517,-69.129067,XM.ANB17,-25.2429,-59.8069,947.8012767196948,159,0.6600124531826383
C1.AC02,-26.835517,-69.129067,XM.ANB19,-27.7766,-62.9698,617.4214843363499,159,0.6600124531826383
C1.AC02,-26.835517,-69.129067,XM.ANB20,-26.7962,-65.316,378.4093903965052,159,0.6600124531826383
C1.AC02,-26.835517,-69.129067,XM.ASB11,-37.8946,-63.8453,1325.4184132868613,149,0.6389203221702936
C1.AC02,-26.835517,-69.129067,XM.ASB22,-33.66389,-67.46128,775.9575164524296,152,0.6453203515808126
C1.AC02,-26.835517,-69.129067,XM.CB01,-22.09872,-70.21211,537.9832980249395,159,0.6600124531826383
C1.AC02,-26.835517,-69.129067,XM.CB22,-24.00541,-68.52551,320.47652067093304,159,0.6600124531826383
CB.HEH,50.252998,127.410004,CM.SJC,9.896667,-75.1795,12977.127559683864,371,1.0081856754409793
CB.HEH,50.252998,127.410004,GB.LRW,60.136,-1.17783,6903.297844478692,374,1.0122536906559418
CB.HEH,50.252998,127.410004,IC.HIA,49.270115,119.741363,561.2967102021345,387,1.0296960583603008
CB.HEH,50.252998,127.410004,II.RAYN,23.5225,45.5032,7459.26687493392,486,1.1539093765608583
CB.HEH,50.252998,127.410004,MX.MOIG,19.646708,-101.227303,10898.710698989009,367,1.0027359832252927
CB.HEH,50.252998,127.410004,NZ.URZ,-38.259249,177.110894,10975.708338296863,530,1.205012362808178
CB.HEH,50.252998,127.410004,PB.B934,39.844501,-123.691399,7840.5394854930055,462,1.1250570761777086
CB.HEH,50.252998,127.410004,PM.PESTR,38.867168,-7.590169,9174.039835027483,504,1.1750837918243189
CB.HEH,50.252998,127.410004,PM.PFVI,37.132832,-8.826829,9395.017497501482,523,1.1970282838466129
CB.HEH,50.252998,127.410004,PS.SYO,-69.0067,39.585,15029.73144494545,531,1.2061486312009582
CB.HEH,50.252998,127.410004,RM.DLV,11.952,108.481499,4595.493832052431,382,1.023022650025772
CB.HEH,50.252998,127.410004,RM.SLV,21.325247,103.906708,3817.181357984429,444,1.1029226428740972
CB.HEH,50.252998,127.410004,TW.KMNB,24.4638,118.388199,2971.3267045492676,471,1.1359625693235273
CC.YOCR,45.379178,-121.743539,CN.PHC,50.7067,-127.433,727.4218900102059,97,0.5155127783649347
CC.YOCR,45.379178,-121.743539,II.COCO,-12.1901,96.8349,14832.897089191645,374,1.0122536906559418
CC.YOCR,45.379178,-121.743539,II.FFC,54.725,-101.9783,1742.5495274942991,372,1.0095435018818064
CC.YOCR,45.379178,-121.743539,II.KAPI,-5.0142,119.7517,12602.534153118804,430,1.0853949473720717
CC.YOCR,45.379178,-121.743539,II.LVZ,67.8979,34.6514,7265.072852042477,398,1.0442274459638137
CC.YOCR,45.379178,-121.743539,MX.MOIG,19.646708,-101.227303,3425.8915609914543,409,1.0585593725462352
CC.YOCR,45.379178,-121.743539,MX.ZAIG,22.769176,-102.567123,3055.1877921889877,372,1.0095435018818064
CC.YOCR,45.379178,-121.743539,N4.ABTX,32.6238,-99.6431,2365.5833077322227,422,1.07525084680815
CC.YOCR,45.379178,-121.743539,NN.RUB,39.051701,-120.1549,715.6022342015951,181,0.7041948671773347
CC.YOCR,45.379178,-121.743539,NZ.URZ,-38.259249,177.110894,11125.504679390986,431,1.0866563016005655
CC.YOCR,45.379178,-121.743539,PB.B934,39.844501,-123.691399,635.6813924921922,418,1.0701427378868926
CC.YOCR,45.379178,-121.743539,PM.PESTR,38.867168,-7.590169,8575.641222229697,401,1.0481555881577418
CC.YOCR,45.379178,-121.743539,PM.PFVI,37.132832,-8.826829,8649.083360496206,429,1.0841321255979017
CC.YOCR,45.379178,-121.743539,PQ.NBC8,56.57308,-122.40441,1245.5512670887852,185,0.7119335046677415
CC.YOCR,45.379178,-121.743539,PS.JAY,-2.5147,140.703,10796.220116409759,398,1.0442274459638137
CC.YOCR,45.379178,-121.743539,PS.SYO,-69.0067,39.585,17184.689124440396,431,1.0866563016005655
CC.YOCR,45.379178,-121.743539,PS.VIVO,18.6498,105.6965,11437.239695443272,388,1.0310255567298694
CC.YOCR,45.379178,-121.743539,S1.AUBUS,-33.6601,115.3828,15054.202940004943,428,1.082867831143777
CC.YOCR,45.379178,-121.743539,TW.KMNB,24.4638,118.388199,10158.21052961377,431,1.0866563016005655
CC.YOCR,45.379178,-121.743539,US.MVCO,37.19956,-108.49251,1429.579097162321,98,0.5181632471383237
CC.YOCR,45.379178,-121.743539,UU.PSUT,38.5337,-113.8547,1001.450197206485,146,0.6324555320336759
CM.FLO2,1.582667,-75.652667,CM.PRV,13.376167,-81.3635,1454.1834800573747,170,0.6824612990181452
CM.FLO2,1.582667,-75.652667,CM.RUS,5.8925,-73.083167,557.5941644651458,168,0.6784349435301367
CM.FLO2,1.582667,-75.652667,CM.SJC,9.896667,-75.1795,925.9542414080622,170,0.6824612990181452
CM.LCBC,8.857167,-76.367667,CM.PRV,13.376167,-81.3635,741.2419404264593,348,0.9764346662907081
CM.LCBC,8.857167,-76.367667,CM.RUS,5.8925,-73.083167,489.72453130869235,93,0.5047717509409032
CM.LCBC,8.857167,-76.367667,CM.SJC,9.896667,-75.1795,174.21765217309732,376,1.0149566425721692
CM.LCBC,8.857167,-76.367667,II.KAPI,-5.0142,119.7517,18185.66533933754,406,1.054669980194415
CM.LCBC,8.857167,-76.367667,MM.KTN,21.2857,99.589798,16634.42716725811,366,1.0013689260344547
CM.LCBC,8.857167,-76.367667,NZ.URZ,-38.259249,177.110894,12055.73633783063,406,1.054669980194415
CM.LCBC,8.857167,-76.367667,PB.B934,39.844501,-123.691399,5804.502284764981,404,1.0520690638301713
CM.LCBC,8.857167,-76.367667,PM.PESTR,38.867168,-7.590169,7557.833906621705,373,1.010899504510304
CM.LCBC,8.857167,-76.367667,PM.PFVI,37.132832,-8.826829,7428.258646578952,401,1.0481555881577418
CM.LCBC,8.857167,-76.367667,PS.SYO,-69.0067,39.585,11939.850217302741,390,1.0336794235569031
CM.LCBC,8.857167,-76.367667,S1.AUBUS,-33.6601,115.3828,17006.045437506207,404,1.0520690638301713
CM.LCBC,8.857167,-76.367667,VE.BAUV,8.9433,-68.041496,914.7123058414995,95,0.5101705328640019
CM.LCBC,8.857167,-76.367667,YT.RMBO,-83.8714,-66.3959,10321.125045967714,385,1.027031898505565
CM.PRV,13.376167,-81.3635,CM.RUS,5.8925,-73.083167,1230.917449570931,1032,1.6814866220918834
CM.PRV,13.376167,-81.3635,CM.SJC,9.896667,-75.1795,776.6068166110533,2804,2.77167670929023
CM.PRV,13.376167,-81.3635,CW.CHIV,19.97648,-76.415131,903.3624079562683,95,0.5101705328640019
CM.PRV,13.376167,-81.3635,DK.KULLO,74.580498,-57.2201,6968.9880818170295,2071,2.382010202064577
CM.PRV,13.376167,-81.3635,GB.JSA,49.18783,-2.17167,8104.195282792944,2002,2.3419930629379144
CM.PRV,13.376167,-81.3635,GB.LRW,60.136,-1.17783,8178.269149342992,2040,2.364115288197767
CM.PRV,13.376167,-81.3635,GE.SUMG,72.5742,-38.4626,7146.396586169683,386,1.0283648411800856
CM.PRV,13.376167,-81.3635,GT.DBIC,6.67015,-4.85653,8382.37837977761,462,1.1250570761777086
CM.PRV,13.376167,-81.3635,IC.HIA,49.270115,119.741363,12747.312858156682,2292,2.505883487872994
CM.PRV,13.376167,-81.3635,IC.LSA,29.70317,91.12757,15157.68656687587,512,1.1843731363161685
CM.PRV,13.376167,-81.3635,IC.SSE,31.09455,121.18863,14514.773102159712,446,1.1054039117983878
CM.PRV,13.376167,-81.3635,IC.XAN,34.03107,108.92321,14632.399042762705,650,1.3344743975843896
CM.PRV,13.376167,-81.3635,II.ARTI,56.3879,58.3849,11410.06784742371,1378,1.943024051769155
CM.PRV,13.376167,-81.3635,II.COCO,-12.1901,96.8349,19779.405099697105,779,1.4609060802606257
CM.PRV,13.376167,-81.3635,II.EFI,-51.6753,-58.0637,7575.020429034891,777,1.459029514193483
CM.PRV,13.376167,-81.3635,II.ERM,42.015,143.1572,12357.35233158394,683,1.367930143213581
CM.PRV,13.376167,-81.3635,II.FFC,54.725,-101.9783,4934.752020629582,1428,1.9779607597531574
CM.PRV,13.376167,-81.3635,II.HOPE,-54.2836,-36.4879,8629.413566267387,653,1.3375504087287369
CM.PRV,13.376167,-81.3635,II.KAPI,-5.0142,119.7517,17520.20905924009,2848,2.793338455330359
CM.PRV,13.376167,-81.3635,II.LVZ,67.8979,34.6514,9664.687991640443,1824,2.2354552721923566
CM.PRV,13.376167,-81.3635,II.NIL,33.6506,73.2686,14135.764473158577,1664,2.1351590361350232
CM.PRV,13.376167,-81.3635,II.PALK,7.2728,80.7022,16982.962597698366,876,1.5491933384829668
CM.PRV,13.376167,-81.3635,II.RAYN,23.5225,45.5032,12930.393725344542,2421,2.575437188581536
CM.PRV,13.376167,-81.3635,II.SHEL,-15.9594,-5.7455,8927.446435132379,1433,1.9814205503275355
CM.PRV,13.376167,-81.3635,KS.SH2B,38.2686,128.2524,13497.133754359076,381,1.021682737662899
CM.PRV,13.376167,-81.3635,KZ.AB06,49.261101,59.969299,12085.75961912907,540,1.2163272811190746
CM.PRV,13.376167,-81.3635,KZ.MAKZ,46.807999,81.976997,13119.52023848228,424,1.0777958227866902
CM.PRV,13.376167,-81.3635,MM.KTN,21.2857,99.589798,16159.48004637888,1747,2.1877617260257147
CM.PRV,13.376167,-81.3635,MM.YGN,16.864799,96.153397,16641.42560771489,1790,2.214522429112222
CM.PRV,13.376167,-81.3635,MN.CLTB,37.578,13.216,9500.384927577434,704,1.388800606022215
CM.PRV,13.376167,-81.3635,MX.HPIG,26.936794,-105.664017,2941.7701595227095,1962,2.318478480761343
CM.PRV,13.376167,-81.3635,MX.MOIG,19.646708,-101.227303,2227.4128620783863,1607,2.098270651281049
CM.PRV,13.376167,-81.3635,MX.ZAIG,22.769176,-102.567123,2468.673644608691,2246,2.4806097350317415
CM.PRV,13.376167,-81.3635,MY.SBM,2.4529,112.213997,17703.8789154727,473,1.1383718245630046
CM.PRV,13.376167,-81.3635,N4.ABTX,32.6238,-99.6431,2832.970734042642,1561,2.0680213559746243
CM.PRV,13.376167,-81.3635,N4.E62A,46.6201,-69.5227,3858.6720508068324,1079,1.7193499886764312
CM.PRV,13.376167,-81.3635,NU.BILN,14.0488,-83.374641,229.76702951650432,148,0.6367726847586935
CM.PRV,13.376167,-81.3635,NU.SIUN,13.71616,-84.773499,370.5569883159687,143,0.6259239745510697
CM.PRV,13.376167,-81.3635,NZ.URZ,-38.259249,177.110894,11921.308558500526,2976,2.855420224333758
CM.PRV,13.376167,-81.3635,PB.B934,39.844501,-123.691399,5063.464671178267,2964,2.8496575136681743
CM.PRV,13.376167,-81.3635,PM.PESTR,38.867168,-7.590169,7682.878573724238,2600,2.668948795168779
CM.PRV,13.376167,-81.3635,PM.PFVI,37.132832,-8.826829,7576.345044471963,2964,2.8496575136681743
CM.PRV,13.376167,-81.3635,PS.CHUK,7.4638,151.8554,13698.976232587818,376,1.0149566425721692
CM.PRV,13.376167,-81.3635,PS.JAY,-2.5147,140.703,15236.809854500909,786,1.4674551637219606
CM.PRV,13.376167,-81.3635,PS.KOR,7.3436,134.4741,15436.136151511124,536,1.211813991784602
CM.PRV,13.376167,-81.3635,PS.PSI,2.6938,98.923698,18227.93220604357,2233,2.473420348258274
CM.PRV,13.376167,-81.3635,PS.SYO,-69.0067,39.585,12596.214060255534,2956,2.8458092235753085
CM.PRV,13.376167,-81.3635,PS.VIVO,18.6498,105.6965,16370.883416769699,863,1.5376552154640635
CM.PRV,13.376167,-81.3635,RM.DLV,11.952,108.481499,16996.74611065197,1785,2.211427357817595
CM.PRV,13.376167,-81.3635,RM.SLV,21.325247,103.906708,16113.819908513427,1969,2.3226107181241558
CM.PRV,13.376167,-81.3635,S1.AUBUS,-33.6601,115.3828,17195.351241218938,2629,2.6837920422468278
CM.PRV,13.376167,-81.3635,S1.AUKAL,-30.7637,121.4789,16981.26522305939,529,1.2038750219574914
CM.PRV,13.376167,-81.3635,S1.AUMAZ,-32.0069,116.0384,17288.94447234052,396,1.041600454516661
CM.PRV,13.376167,-81.3635,TW.KMNB,24.4638,118.388199,15292.630974112815,1225,1.831983729065748
CM.PRV,13.376167,-81.3635,VE.BAUV,8.9433,-68.041496,1534.1442585257882,982,1.6402472249341284
CM.PRV,13.376167,-81.3635,XA.AX08,38.8984,46.1815,12056.737738121104,393,1.0376474973550138
CM.PRV,13.376167,-81.3635,XA.GP03,42.6352,44.6162,11708.302510460575,439,1.0966949101857806
CM.PRV,13.376167,-81.3635,XM.ANB10,-25.0271,-64.5865,4641.640076287783,509,1.1808981954195736
CM.PRV,13.376167,-81.3635,XM.ANB11,-25.951,-62.49889,4826.0820383287055,453,1.114044833214067
CM.PRV,13.376167,-81.3635,XM.ANB16,-24.0911,-61.4628,4693.7540132544855,419,1.0714220482515058
CM.PRV,13.376167,-81.3635,XM.ANB17,-25.2429,-59.8069,4888.698023524772,421,1.073976097282545
CM.PRV,13.376167,-81.3635,XM.ANB20,-26.7962,-65.316,4791.52090995639,500,1.1704114719613057
CM.PRV,13.376167,-81.3635,XM.CB01,-22.09872,-70.21211,4127.795697543762,392,1.0363264942766475
CM.PRV,13.376167,-81.3635,XM.CB22,-24.00541,-68.52551,4384.496188792639,460,1.122619246495774
CM.PRV,13.376167,-81.3635,XR.BA07,24.1371,91.4975,15772.335219013159,953,1.6158461882585202
CM.PRV,13.376167,-81.3635,XW.AMDT,1.9487,34.935799,12789.590205972381,559,1.237540645520408
CM.PRV,13.376167,-81.3635,XW.KABG,3.5104,34.143299,12657.06455426805,499,1.1692404746976701
CM.PRV,13.376167,-81.3635,Y1.KERK,2.61653,36.255065,12910.009169369081,604,1.2863881686909069
CM.PRV,13.376167,-81.3635,Y1.TURK,3.127577,38.27457,13108.717056662177,611,1.293820931481527
CM.PRV,13.376167,-81.3635,YT.LPLY,-73.1142,-90.2834,9639.115312928925,806,1.486007798795885
CM.PRV,13.376167,-81.3635,YT.MA07,-78.2496,-93.4991,10216.555487606325,475,1.140775991601199
CM.PRV,13.376167,-81.3635,YT.MA09,-79.8993,-104.9977,10463.138902682138,377,1.0163054227587134
CM.PRV,13.376167,-81.3635,YT.MCRG,-73.6681,-94.6493,9725.596105299575,1022,1.6733200530681511
CM.PRV,13.376167,-81.3635,YT.MTAK,-76.3157,-112.7986,10188.527711486631,458,1.120176111398536
CM.PRV,13.376167,-81.3635,YT.RMBO,-83.8714,-66.3959,10836.087808059718,2872,2.8050834480786717
CM.PRV,13.376167,-81.3635,YT.THUR,-72.5301,-97.5606,9626.37020910157,481,1.147958282856168
CM.PRV,13.376167,-81.3635,YU.MD04,10.8953,-74.1514,831.0559067584393,647,1.3313912797243443
CM.PRV,13.376167,-81.3635,YU.NL02,9.2491,-70.2202,1298.4389576656697,498,1.1680683035010562
CM.PRV,13.376167,-81.3635,YU.SL02,7.6943,-71.0365,1293.2260305689897,567,1.246364576492066
CM.PRV,13.376167,-81.3635,YU.SL09,8.9599,-72.6846,1066.288730321446,275,0.8680003787638843
CM.PRV,13.376167,-81.3635,ZC.HMDR,18.7879,-69.381,1413.9224171016917,313,0.9260314501005581
CM.PRV,13.376167,-81.3635,ZC.SODR,19.7524,-70.5763,1349.9872156512995,123,0.5805052121814782
CM.PRV,13.376167,-81.3635,ZE.BULG,61.126701,-151.091202,7624.719811184168,420,1.0726998329014736
CM.RUS,5.8925,-73.083167,CM.SJC,9.896667,-75.1795,501.5279575749639,1078,1.718553070910016
CM.RUS,5.8925,-73.083167,DK.KULLO,74.580498,-57.2201,7706.503098599946,575,1.2551264740070718
CM.RUS,5.8925,-73.083167,GB.JSA,49.18783,-2.17167,8130.96582135119,818,1.4970290212320396
CM.RUS,5.8925,-73.083167,GB.LRW,60.136,-1.17783,8444.61533016049,802,1.4823158482498267
CM.RUS,5.8925,-73.083167,IC.HIA,49.270115,119.741363,13756.47015893173,980,1.638576060745828
CM.RUS,5.8925,-73.083167,II.ARTI,56.3879,58.3849,11809.900334139797,399,1.0455384665001604
CM.RUS,5.8925,-73.083167,II.EFI,-51.6753,-58.0637,6559.093516443458,413,1.063723107446232
CM.RUS,5.8925,-73.083167,II.FFC,54.725,-101.9783,6012.7089142715,476,1.141976177090002
CM.RUS,5.8925,-73.083167,II.KAPI,-5.0142,119.7517,18591.088267682848,1064,1.7073571662515974
CM.RUS,5.8925,-73.083167,II.LVZ,67.8979,34.6514,10127.896325493639,851,1.5269272573751078
CM.RUS,5.8925,-73.083167,II.NIL,33.6506,73.2686,14369.559681283867,673,1.3578790875620539
CM.RUS,5.8925,-73.083167,II.PALK,7.2728,80.7022,16759.181021752596,507,1.1785758761702239
CM.RUS,5.8925,-73.083167,II.RAYN,23.5225,45.5032,12597.608805408401,913,1.5815719594800923
CM.RUS,5.8925,-73.083167,II.SHEL,-15.9594,-5.7455,7795.559421501538,557,1.2353248144760447
CM.RUS,5.8925,-73.083167,KZ.AB06,49.261101,59.969299,12390.558407446275,410,1.0598526648703945
CM.RUS,5.8925,-73.083167,MM.KTN,21.2857,99.589798,16889.112493738867,426,1.080334803508261
CM.RUS,5.8925,-73.083167,MM.YGN,16.864799,96.153397,17221.643060980656,393,1.0376474973550138
CM.RUS,5.8925,-73.083167,MX.HPIG,26.936794,-105.664017,4165.6612895052685,728,1.4122749547964113
CM.RUS,5.8925,-73.083167,MX.MOIG,19.646708,-101.227303,3404.846665359472,607,1.2895788842215652
CM.RUS,5.8925,-73.083167,MX.ZAIG,22.769176,-102.567123,3675.5390552756703,901,1.5711438987836002
CM.RUS,5.8925,-73.083167,N4.ABTX,32.6238,-99.6431,4049.4454138475494,429,1.0841321255979017
CM.RUS,5.8925,-73.083167,N4.E62A,46.6201,-69.5227,4541.570273275191,718,1.4025417240393359
CM.RUS,5.8925,-73.083167,NU.BILN,14.0488,-83.374641,1445.819953619905,129,0.5944952964778162
CM.RUS,5.8925,-73.083167,NZ.URZ,-38.259249,177.110894,12138.169159878837,1127,1.7571770636099004
CM.RUS,5.8925,-73.083167,PB.B934,39.844501,-123.691399,6293.846233375674,1126,1.7563973089393285
CM.RUS,5.8925,-73.083167,PM.PESTR,38.867168,-7.590169,7484.96357352214,922,1.5893481044945044
CM.RUS,5.8925,-73.083167,PM.PFVI,37.132832,-8.826829,7341.0770422967025,1118,1.750146764882916
CM.RUS,5.8925,-73.083167,PS.PSI,2.6938,98.923698,18711.497045521504,880,1.5527262811292881
CM.RUS,5.8925,-73.083167,PS.SYO,-69.0067,39.585,11507.010450512404,1121,1.7524933314316289
CM.RUS,5.8925,-73.083167,RM.DLV,11.952,108.481499,18023.36382072091,467,1.1311286641202762
CM.RUS,5.8925,-73.083167,RM.SLV,21.325247,103.906708,16970.874471501804,639,1.3231345099825826
CM.RUS,5.8925,-73.083167,S1.AUBUS,-33.6601,115.3828,16806.30392790936,872,1.5456523205075618
CM.RUS,5.8925,-73.083167,VE.BAUV,8.9433,-68.041496,651.186257133059,517,1.1901421579644944
CM.RUS,5.8925,-73.083167,YT.MA07,-78.2496,-93.4991,9437.630409085075,435,1.091687144706673
CM.RUS,5.8925,-73.083167,YT.MA09,-79.8993,-104.9977,9707.94353755473,367,1.0027359832252927
CM.RUS,5.8925,-73.083167,YT.RMBO,-83.8714,-66.3959,9985.907154832648,1058,1.702536383454492
CM.RUS,5.8925,-73.083167,YU.MD04,10.8953,-74.1514,568.5544413082641,361,0.994505452921406
CM.RUS,5.8925,-73.083167,YU.NL02,9.2491,-70.2202,488.7350673279267,249,0.8259490182946632
CM.RUS,5.8925,-73.083167,YU.SL02,7.6943,-71.0365,301.9996947634983,275,0.8680003787638843
CM.RUS,5.8925,-73.083167,YU.SL09,8.9599,-72.6846,343.89863643043077,246,0.8209583440953176
CM.RUS,5.8925,-73.083167,ZC.HMDR,18.7879,-69.381,1488.9678516681201,263,0.8488509558252729
CM.SJC,9.896667,-75.1795,CW.CHIV,19.97648,-76.415131,1128.635617124208,112,0.5539398117742514
CM.SJC,9.896667,-75.1795,DK.KULLO,74.580498,-57.2201,7282.175867045204,2253,2.484472326214568
CM.SJC,9.896667,-75.1795,GB.JSA,49.18783,-2.17167,7944.14142292944,2268,2.492729152984132
CM.SJC,9.896667,-75.1795,GB.LRW,60.136,-1.17783,8171.3160874521955,2316,2.5189691303094714
CM.SJC,9.896667,-75.1795,GE.SUMG,72.5742,-38.4626,7382.533367836853,505,1.1762489718744142
CM.SJC,9.896667,-75.1795,GO.GHRG,41.7348,42.341,11455.153108260694,473,1.1383718245630046
CM.SJC,9.896667,-75.1795,GT.DBIC,6.67015,-4.85653,7733.375715442683,508,1.179737607232137
CM.SJC,9.896667,-75.1795,GT.PLCA,-40.73277,-70.55083,5649.7824815248005,419,1.0714220482515058
CM.SJC,9.896667,-75.1795,IC.HIA,49.270115,119.741363,13276.428364630061,2493,2.613453077118732
CM.SJC,9.896667,-75.1795,IC.LSA,29.70317,91.12757,15374.03910519248,586,1.2670751564350058
CM.SJC,9.896667,-75.1795,IC.QIZ,19.02928,109.84398,16751.88388776777,473,1.1383718245630046
CM.SJC,9.896667,-75.1795,IC.SSE,31.09455,121.18863,15134.291101544104,488,1.156281238008238
CM.SJC,9.896667,-75.1795,IC.XAN,34.03107,108.92321,15111.383393349008,898,1.5685260509799446
CM.SJC,9.896667,-75.1795,II.ARTI,56.3879,58.3849,11503.736764715644,1745,2.1865090710555535
CM.SJC,9.896667,-75.1795,II.COCO,-12.1901,96.8349,19107.140150301682,790,1.4711844077626148
CM.SJC,9.896667,-75.1795,II.EFI,-51.6753,-58.0637,7040.9275973464155,773,1.4552691225948835
CM.SJC,9.896667,-75.1795,II.ERM,42.015,143.1572,13046.124618865853,697,1.3818788083967024
CM.SJC,9.896667,-75.1795,II.FFC,54.725,-101.9783,5515.285138923792,1611,2.1008804416570177
CM.SJC,9.896667,-75.1795,II.HOPE,-54.2836,-36.4879,8004.0004027868845,792,1.4730454893514422
CM.SJC,9.896667,-75.1795,II.KAPI,-5.0142,119.7517,18282.236099939073,3305,3.00911856206231
CM.SJC,9.896667,-75.1795,II.LVZ,67.8979,34.6514,9794.105294172168,2184,2.4461319759644238
CM.SJC,9.896667,-75.1795,II.NIL,33.6506,73.2686,14135.836009042365,1858,2.25619390986327
CM.SJC,9.896667,-75.1795,II.PALK,7.2728,80.7022,16731.946208554713,1040,1.6879914302191081
CM.SJC,9.896667,-75.1795,II.RAYN,23.5225,45.5032,12576.06224345851,2874,2.8060599784644173
CM.SJC,9.896667,-75.1795,II.SHEL,-15.9594,-5.7455,8163.214981340556,1554,2.0633793268750518
CM.SJC,9.896667,-75.1795,KS.SH2B,38.2686,128.2524,14132.845716608235,410,1.0598526648703945
CM.SJC,9.896667,-75.1795,KZ.AB06,49.261101,59.969299,12120.164327654194,540,1.2163272811190746
CM.SJC,9.896667,-75.1795,KZ.MAKZ,46.807999,81.976997,13314.547634933735,445,1.1041639743225553
CM.SJC,9.896667,-75.1795,MM.KTN,21.2857,99.589798,16501.036495071374,2090,2.392911907542832
CM.SJC,9.896667,-75.1795,MM.YGN,16.864799,96.153397,16890.482711247205,2043,2.3658529696438455
CM.SJC,9.896667,-75.1795,MN.CLTB,37.578,13.216,9198.335417923163,747,1.4305856641479926
CM.SJC,9.896667,-75.1795,MX.HPIG,26.936794,-105.664017,3715.657896201391,2286,2.502601386283908
CM.SJC,9.896667,-75.1795,MX.MOIG,19.646708,-101.227303,2997.8573799230844,1971,2.32379000772445
CM.SJC,9.896667,-75.1795,MX.ZAIG,22.769176,-102.567123,3245.153061788008,2619,2.678682972237182
CM.SJC,9.896667,-75.1795,MY.SBM,2.4529,112.213997,18416.3345154538,541,1.2174529891629975
CM.SJC,9.896667,-75.1795,N4.250A,31.9778,-86.2677,2707.4558505811633,481,1.147958282856168
CM.SJC,9.896667,-75.1795,N4.ABTX,32.6238,-99.6431,3560.3959820371992,2035,2.3612163106656334
CM.SJC,9.896667,-75.1795,N4.E62A,46.6201,-69.5227,4118.443602882901,1107,1.7415156365444344
CM.SJC,9.896667,-75.1795,NU.BILN,14.0488,-83.374641,1003.6777953320933,149,0.6389203221702936
CM.SJC,9.896667,-75.1795,NU.SIUN,13.71616,-84.773499,1127.050944861857,129,0.5944952964778162
CM.SJC,9.896667,-75.1795,NZ.URZ,-38.259249,177.110894,12229.488752314359,3448,3.0735281587234162
CM.SJC,9.896667,-75.1795,PB.B934,39.844501,-123.691399,5818.283727112631,3433,3.066835413264754
CM.SJC,9.896667,-75.1795,PM.PESTR,38.867168,-7.590169,7383.88979963248,3113,2.9204053012018165
CM.SJC,9.896667,-75.1795,PM.PFVI,37.132832,-8.826829,7254.695848076312,3446,3.072636634945785
CM.SJC,9.896667,-75.1795,PS.CHUK,7.4638,151.8554,14460.421175413794,389,1.032353342929413
CM.SJC,9.896667,-75.1795,PS.JAY,-2.5147,140.703,15968.07127352385,924,1.5910709755743357
CM.SJC,9.896667,-75.1795,PS.KOR,7.3436,134.4741,16212.57554405561,627,1.3106518298839254
CM.SJC,9.896667,-75.1795,PS.PSI,2.6938,98.923698,18470.288446089708,2493,2.613453077118732
CM.SJC,9.896667,-75.1795,PS.SYO,-69.0067,39.585,12004.27320932709,3430,3.0654951107402866
CM.SJC,9.896667,-75.1795,PS.VIVO,18.6498,105.6965,16839.43365288261,988,1.64525053261456
CM.SJC,9.896667,-75.1795,RM.DLV,11.952,108.481499,17552.20008083859,2180,2.4438909017642394
CM.SJC,9.896667,-75.1795,RM.SLV,21.325247,103.906708,16541.95705031685,2331,2.527113248325649
CM.SJC,9.896667,-75.1795,S1.AUBUS,-33.6601,115.3828,17161.02945608114,3097,2.9128905758454633
CM.SJC,9.896667,-75.1795,S1.AUKAL,-30.7637,121.4789,17125.33297168655,633,1.3169079600877451
CM.SJC,9.896667,-75.1795,S1.AUMAZ,-32.0069,116.0384,17299.14314793891,369,1.0054645215568718
CM.SJC,9.896667,-75.1795,TW.KMNB,24.4638,118.388199,15920.461494950756,1615,2.103486994075926
CM.SJC,9.896667,-75.1795,VE.BAUV,8.9433,-68.041496,790.1283141668404,995,1.651068562253026
CM.SJC,9.896667,-75.1795,XA.AX08,38.8984,46.1815,11889.246880339791,507,1.1785758761702239
CM.SJC,9.896667,-75.1795,XA.GP03,42.6352,44.6162,11576.05137486901,460,1.122619246495774
CM.SJC,9.896667,-75.1795,XM.ANB10,-25.0271,-64.5865,4049.557433852326,595,1.2767681803292914
CM.SJC,9.896667,-75.1795,XM.ANB11,-25.951,-62.49889,4215.460842616918,536,1.211813991784602
CM.SJC,9.896667,-75.1795,XM.ANB16,-24.0911,-61.4628,4062.3493179449115,506,1.1774129988508764
CM.SJC,9.896667,-75.1795,XM.ANB17,-25.2429,-59.8069,4247.488506137418,508,1.179737607232137
CM.SJC,9.896667,-75.1795,XM.ANB19,-27.7766,-62.9698,4390.5170314018005,479,1.1455691891471627
CM.SJC,9.896667,-75.1795,XM.ANB20,-26.7962,-65.316,4216.696764366322,583,1.263827628267638
CM.SJC,9.896667,-75.1795,XM.ASB11,-37.8946,-63.8453,5443.380168046045,468,1.1323390750221056
CM.SJC,9.896667,-75.1795,XM.ASB22,-33.66389,-67.46128,4912.0090276100955,472,1.1371678349880932
CM.SJC,9.896667,-75.1795,XM.CB01,-22.09872,-70.21211,3598.7393387315574,510,1.1820576440988835
CM.SJC,9.896667,-75.1795,XM.CB22,-24.00541,-68.52551,3838.433475322941,575,1.2551264740070718
CM.SJC,9.896667,-75.1795,XR.BA07,24.1371,91.4975,15963.525485522718,1024,1.6749565522886838
CM.SJC,9.896667,-75.1795,XW.AMDT,1.9487,34.935799,12168.736223628866,587,1.268155817745671
CM.SJC,9.896667,-75.1795,XW.KABG,3.5104,34.143299,12048.053525954347,520,1.1935901868927103
CM.SJC,9.896667,-75.1795,Y1.KERK,2.61653,36.255065,12297.749175553286,576,1.2562174142165128
CM.SJC,9.896667,-75.1795,Y1.TURK,3.127577,38.27457,12505.629542403745,815,1.4942813364051521
CM.SJC,9.896667,-75.1795,YT.LPLY,-73.1142,-90.2834,9293.810184730624,1010,1.6634672487522058
CM.SJC,9.896667,-75.1795,YT.MA07,-78.2496,-93.4991,9866.234282054098,476,1.141976177090002
CM.SJC,9.896667,-75.1795,YT.MA09,-79.8993,-104.9977,10130.603524055417,378,1.017652415295205
CM.SJC,9.896667,-75.1795,YT.MCRG,-73.6681,-94.6493,9393.464341895871,1131,1.7602926282258589
CM.SJC,9.896667,-75.1795,YT.MTAK,-76.3157,-112.7986,9895.396874905626,532,1.2072838301639521
CM.SJC,9.896667,-75.1795,YT.RMBO,-83.8714,-66.3959,10434.423339366193,3337,3.0236510634371583
CM.SJC,9.896667,-75.1795,YT.THUR,-72.5301,-97.5606,9308.428141278653,571,1.2507531977348032
CM.SJC,9.896667,-75.1795,YU.MD04,10.8953,-74.1514,158.03047384272148,652,1.3365258582844604
CM.SJC,9.896667,-75.1795,YU.NL02,9.2491,-70.2202,548.5097965992505,501,1.1715812988120062
CM.SJC,9.896667,-75.1795,YU.SL02,7.6943,-71.0365,516.9216009035498,584,1.2649110640673518
CM.SJC,9.896667,-75.1795,YU.SL09,8.9599,-72.6846,292.8223462775325,275,0.8680003787638843
CM.SJC,9.896667,-75.1795,Z7.LA01,31.9874,-93.8349,3116.9608107081763,496,1.1657204251401967
CM.SJC,9.896667,-75.1795,ZC.HMDR,18.7879,-69.381,1169.06169761158,398,1.0442274459638137
CM.SJC,9.896667,-75.1795,ZC.SODR,19.7524,-70.5763,1202.1310810449029,128,0.5921865681580842
CM.SJC,9.896667,-75.1795,ZE.BULG,61.126701,-151.091202,8290.256065029207,421,1.073976097282545
CN.PHC,50.7067,-127.433,DK.KULLO,74.580498,-57.2201,4067.159764402014,432,1.087916193387899
CN.PHC,50.7067,-127.433,GB.JSA,49.18783,-2.17167,7751.281734122313,381,1.021682737662899
CN.PHC,50.7067,-127.433,GB.LRW,60.136,-1.17783,6784.004063852971,384,1.0256972236096518
CN.PHC,50.7067,-127.433,II.KAPI,-5.0142,119.7517,12030.859983876351,474,1.1395745420929257
CN.PHC,50.7067,-127.433,II.LVZ,67.8979,34.6514,6742.716141325427,366,1.0013689260344547
CN.PHC,50.7067,-127.433,IU.JOHN,16.7329,-169.5292,5305.534989313014,365,1.0
CN.PHC,50.7067,-127.433,IU.KBS,78.9154,11.9385,5355.002785790205,365,1.0
CN.PHC,50.7067,-127.433,NZ.URZ,-38.259249,177.110894,11272.552292942904,484,1.1515326296984703
CN.PHC,50.7067,-127.433,PB.B934,39.844501,-123.691399,1242.3735813635185,484,1.1515326296984703
CN.PHC,50.7067,-127.433,PM.PESTR,38.867168,-7.590169,8461.632115262011,467,1.1311286641202762
CN.PHC,50.7067,-127.433,PM.PFVI,37.132832,-8.826829,8558.734649477701,480,1.1467643581619917
CN.PHC,50.7067,-127.433,PS.PSI,2.6938,98.923698,12630.865521084117,397,1.0429147773795864
CN.PHC,50.7067,-127.433,PS.SYO,-69.0067,39.585,17865.689838774717,397,1.0429147773795864
CN.PHC,50.7067,-127.433,RM.DLV,11.952,108.481499,11205.659905648572,388,1.0310255567298694
CN.PHC,50.7067,-127.433,RM.SLV,21.325247,103.906708,10563.09312027027,411,1.061144380968148
CN.PHC,50.7067,-127.433,X8.QMM5,50.8438,-68.798203,4011.331041055675,365,1.0
CN.PHC,50.7067,-127.433,X9.BB420,43.6297,-130.208206,814.2556930067468,274,0.8664207589311612
CN.PHC,50.7067,-127.433,XL.HD09,45.413898,100.5718,8373.11009848119,365,1.0
CN.PHC,50.7067,-127.433,XL.HD41,48.242298,99.400002,8141.170523252845,365,1.0
CN.PHC,50.7067,-127.433,XL.HD73,49.4953,101.357101,7949.4284359842095,365,1.0
CN.PHC,50.7067,-127.433,XL.HD74,49.500999,99.152298,8027.348560981394,365,1.0
CU.BBGH,13.1434,-59.5588,VE.BAUV,8.9433,-68.041496,1036.6667478239995,113,0.5564072619007505
CU.GRGR,12.13237,-61.65407,IC.HIA,49.270115,119.741363,13186.08750152587,384,1.0256972236096518
CU.GRGR,12.13237,-61.65407,NZ.URZ,-38.259249,177.110894,13553.057392919996,411,1.061144380968148
CU.GRGR,12.13237,-61.65407,PM.PESTR,38.867168,-7.590169,6076.353456516193,365,1.0
CU.GRGR,12.13237,-61.65407,PS.PSI,2.6938,98.923698,17308.889772796974,377,1.0163054227587134
CU.GRGR,12.13237,-61.65407,PS.SYO,-69.0067,39.585,11712.894131996183,411,1.061144380968148
DK.KULLO,74.580498,-57.2201,DK.NOR,81.604718,-16.66103,1170.596219002021,300,0.9065968278232491
DK.KULLO,74.580498,-57.2201,DK.SCO,70.485536,-21.949715,1239.1941965030524,285,0.8836412834449391
DK.KULLO,74.580498,-57.2201,GB.JSA,49.18783,-2.17167,3779.155489311021,2878,2.8080120204246484
DK.KULLO,74.580498,-57.2201,GB.LRW,60.136,-1.17783,2724.4834747351165,3801,3.22702628283951
DK.KULLO,74.580498,-57.2201,GE.DAG,76.771301,-18.655001,1067.363779253459,99,0.5208002272583305
DK.KULLO,74.580498,-57.2201,GE.SNAA,-71.6707,-2.8379,16684.04826241821,453,1.114044833214067
DK.KULLO,74.580498,-57.2201,GE.SOCY,12.18703,53.987419,9308.596412840388,729,1.413244590993577
DK.KULLO,74.580498,-57.2201,GE.SUMG,72.5742,-38.4626,627.2088759836531,721,1.4054687708211182
DK.KULLO,74.580498,-57.2201,GG.SE1,63.24852,-42.03487,1389.043720627912,126,0.5875418959121594
DK.KULLO,74.580498,-57.2201,GT.DBIC,6.67015,-4.85653,8244.350648021376,522,1.1958833497885024
DK.KULLO,74.580498,-57.2201,GT.PLCA,-40.73277,-70.55083,12860.582836822157,510,1.1820576440988835
DK.KULLO,74.580498,-57.2201,IC.HIA,49.270115,119.741363,6241.664323877768,3133,2.929771602674109
DK.KULLO,74.580498,-57.2201,IC.LSA,29.70317,91.12757,8192.35522867305,999,1.654383964311146
DK.KULLO,74.580498,-57.2201,IC.SSE,31.09455,121.18863,8263.987989454481,378,1.017652415295205
DK.KULLO,74.580498,-57.2201,IC.XAN,34.03107,108.92321,7894.88373006785,1122,1.7532748223652006
DK.KULLO,74.580498,-57.2201,II.AAK,42.6375,74.4942,6502.499767973054,560,1.2386470745706646
DK.KULLO,74.580498,-57.2201,II.ALE,82.5033,-62.35,887.3757977414501,131,0.5990860619218586
DK.KULLO,74.580498,-57.2201,II.ARTI,56.3879,58.3849,4707.447269220967,1170,1.7903852803390656
DK.KULLO,74.580498,-57.2201,II.CMLA,37.7637,-25.5243,4416.381283572321,428,1.082867831143777
DK.KULLO,74.580498,-57.2201,II.COCO,-12.1901,96.8349,12890.694967271575,737,1.4209778612602593
DK.KULLO,74.580498,-57.2201,II.EFI,-51.6753,-58.0637,14039.164785704344,998,1.6535557369930007
DK.KULLO,74.580498,-57.2201,II.ERM,42.015,143.1572,6961.878773334212,1549,2.0600571876621183
DK.KULLO,74.580498,-57.2201,II.FFC,54.725,-101.9783,2930.8988977753716,1773,2.2039814533192748
DK.KULLO,74.580498,-57.2201,II.HOPE,-54.2836,-36.4879,14411.728161174802,1367,1.9352533372796583
DK.KULLO,74.580498,-57.2201,II.KAPI,-5.0142,119.7517,12277.170030172032,4241,3.4086915498753743
DK.KULLO,74.580498,-57.2201,II.LVZ,67.8979,34.6514,3017.789806943715,1535,2.0507265668671666
DK.KULLO,74.580498,-57.2201,II.NIL,33.6506,73.2686,7451.866824151195,2542,2.639011853259442
DK.KULLO,74.580498,-57.2201,II.NNA,-11.9875,-76.8422,9722.294288391264,585,1.2659935726643312
DK.KULLO,74.580498,-57.2201,II.PALK,7.2728,80.7022,10477.682230868168,1065,1.7081593073182848
DK.KULLO,74.580498,-57.2201,II.RAYN,23.5225,45.5032,7857.8751829405455,3780,3.218099498704421
DK.KULLO,74.580498,-57.2201,II.SHEL,-15.9594,-5.7455,10683.086005801326,1601,2.0943498680647923
DK.KULLO,74.580498,-57.2201,IU.DAV,7.0697,125.5791,10933.986859256776,474,1.1395745420929257
DK.KULLO,74.580498,-57.2201,IU.JOHN,16.7329,-169.5292,8848.724199223525,1521,2.0413532981018334
DK.KULLO,74.580498,-57.2201,IU.KBS,78.9154,11.9385,1709.7037404144849,1523,2.042694969819534
DK.KULLO,74.580498,-57.2201,IU.KEV,69.7565,27.0035,2665.973238163578,1765,2.199003510310105
DK.KULLO,74.580498,-57.2201,IU.MBWA,-21.159,119.7313,14072.123110243507,532,1.2072838301639521
DK.KULLO,74.580498,-57.2201,IU.MIDW,28.2154,-177.3697,7810.249077685331,1798,2.219465565684738
DK.KULLO,74.580498,-57.2201,IU.RAO,-29.245,-177.929,14023.573040379659,606,1.2885161902757527
DK.KULLO,74.580498,-57.2201,IU.SAML,-8.9489,-63.1831,9297.169500886266,997,1.6527270946272614
DK.KULLO,74.580498,-57.2201,IU.TIXI,71.6341,128.8667,3751.355996825239,441,1.0991902374394489
DK.KULLO,74.580498,-57.2201,IU.TRQA,-38.0568,-61.9787,12529.695549786518,1864,2.259833913160101
DK.KULLO,74.580498,-57.2201,IU.YAK,62.031,129.6805,4816.20448831568,530,1.205012362808178
DK.KULLO,74.580498,-57.2201,JP.ASAJ,44.118801,142.593002,6733.972261434657,365,1.0
DK.KULLO,74.580498,-57.2201,KP.UPNV,72.782898,-56.1395,202.70701315519088,102,0.5286322491056713
DK.KULLO,74.580498,-57.2201,KZ.AB06,49.261101,59.969299,5490.038794558691,402,1.0494617015468923
DK.KULLO,74.580498,-57.2201,LD.FRNY,44.835,-73.5883,3404.396609462369,478,1.1443727719130206
DK.KULLO,74.580498,-57.2201,MM.KTN,21.2857,99.589798,9226.923225253628,1560,2.0673588471138062
DK.KULLO,74.580498,-57.2201,MM.YGN,16.864799,96.153397,9674.790850630336,1744,2.18588247437524
DK.KULLO,74.580498,-57.2201,MN.CLTB,37.578,13.216,5428.340534377141,1431,1.980037359547915
DK.KULLO,74.580498,-57.2201,MN.VSL,39.496,9.378,5115.299839443632,443,1.101679912740986
DK.KULLO,74.580498,-57.2201,MX.HPIG,26.936794,-105.664017,5955.92363934937,1698,2.156862256733273
DK.KULLO,74.580498,-57.2201,MX.MOIG,19.646708,-101.227303,6640.601719420574,1351,1.923894452150039
DK.KULLO,74.580498,-57.2201,MX.ZAIG,22.769176,-102.567123,6332.390446749396,2027,2.3565705288690695
DK.KULLO,74.580498,-57.2201,MY.KOM,1.7922,103.846703,11428.755663409594,1012,1.6651134314892868
DK.KULLO,74.580498,-57.2201,MY.KUM,5.2902,100.6492,11007.865623688684,635,1.318986742692003
DK.KULLO,74.580498,-57.2201,MY.SBM,2.4529,112.213997,11419.94905110788,847,1.5233344823791917
DK.KULLO,74.580498,-57.2201,N4.ABTX,32.6238,-99.6431,5199.790220476655,1333,1.9110350060950083
DK.KULLO,74.580498,-57.2201,N4.E62A,46.6201,-69.5227,3165.571762375209,734,1.4180828269567294
DK.KULLO,74.580498,-57.2201,NZ.URZ,-38.259249,177.110894,15116.390863996992,4327,3.443079220777231
DK.KULLO,74.580498,-57.2201,PB.B934,39.844501,-123.691399,5075.167113378368,4434,3.4853902515327393
DK.KULLO,74.580498,-57.2201,PM.PESTR,38.867168,-7.590169,4709.336074643488,4117,3.3584895496032914
DK.KULLO,74.580498,-57.2201,PM.PFVI,37.132832,-8.826829,4861.7887106437465,4406,3.4743679823404325
DK.KULLO,74.580498,-57.2201,PS.JAY,-2.5147,140.703,11915.61618436457,409,1.0585593725462352
DK.KULLO,74.580498,-57.2201,PS.MCSJ,24.29,153.978,8794.531204198607,369,1.0054645215568718
DK.KULLO,74.580498,-57.2201,PS.PSI,2.6938,98.923698,11274.760659754667,3739,3.200599258957353
DK.KULLO,74.580498,-57.2201,PS.SYO,-69.0067,39.585,17311.531014481876,4034,3.3244630836453197
DK.KULLO,74.580498,-57.2201,PS.VIVO,18.6498,105.6965,9577.411838304883,478,1.1443727719130206
DK.KULLO,74.580498,-57.2201,RM.DLV,11.952,108.481499,10341.707652239525,3156,2.9405059670855547
DK.KULLO,74.580498,-57.2201,RM.SLV,21.325247,103.906708,9265.51648283086,3412,3.057440956989922
DK.KULLO,74.580498,-57.2201,S1.AUBUS,-33.6601,115.3828,15447.082203348595,2502,2.618166251510386
DK.KULLO,74.580498,-57.2201,S1.AUKAL,-30.7637,121.4789,15142.360133900987,474,1.1395745420929257
DK.KULLO,74.580498,-57.2201,S1.AUTAR,-42.9425,147.3551,16288.49165526432,375,1.0136060675992289
DK.KULLO,74.580498,-57.2201,TR.TOSP,11.2984,-60.535198,7039.769543408501,869,1.5429912241513946
DK.KULLO,74.580498,-57.2201,TT.TATN,32.578701,10.5292,5876.579926990264,1357,1.9281618757713477
DK.KULLO,74.580498,-57.2201,TW.KMNB,24.4638,118.388199,8997.291357096472,2055,2.372790969786713
DK.KULLO,74.580498,-57.2201,US.LAO,46.6885,-106.2231,3870.212242037927,444,1.1029226428740972
DK.KULLO,74.580498,-57.2201,VE.BAUV,8.9433,-68.041496,7331.161599519768,1024,1.6749565522886838
DK.KULLO,74.580498,-57.2201,X5.KIMN,62.850731,-69.879456,1393.7036032552032,137,0.612651994001019
DK.KULLO,74.580498,-57.2201,X8.QM38,47.675201,-70.853104,3061.9902899556714,632,1.3158673372779903
DK.KULLO,74.580498,-57.2201,X8.QM58,49.048401,-72.740601,2931.5706432818924,479,1.1455691891471627
DK.KULLO,74.580498,-57.2201,X8.QM76,50.764801,-74.817596,2769.7377269634394,492,1.1610104243629564
DK.KULLO,74.580498,-57.2201,X8.QM90,52.2915,-77.098801,2636.435898959335,473,1.1383718245630046
DK.KULLO,74.580498,-57.2201,X8.QMM5,50.8438,-68.798203,2692.961827593841,866,1.5403255304402466
DK.KULLO,74.580498,-57.2201,X9.BB420,43.6297,-130.208206,4873.072247448891,372,1.0095435018818064
DK.KULLO,74.580498,-57.2201,XA.AX08,38.8984,46.1815,6240.861658688573,393,1.0376474973550138
DK.KULLO,74.580498,-57.2201,XF.GOAT,60.136902,-141.453003,3543.097044860816,418,1.0701427378868926
DK.KULLO,74.580498,-57.2201,XF.NE4,76.657433,-34.27758,669.1506466392739,383,1.0243608097214334
DK.KULLO,74.580498,-57.2201,XF.NE5,74.117332,-31.150419,777.414844942726,116,0.5637448174290228
DK.KULLO,74.580498,-57.2201,XI.SC04,49.624001,-89.675003,3156.8903984701165,465,1.128703948225453
DK.KULLO,74.580498,-57.2201,XI.SC14,47.723,-84.814003,3261.6811686104197,570,1.2496574873206012
DK.KULLO,74.580498,-57.2201,XI.SM37,44.381001,-93.380997,3796.1550665128907,852,1.5278241310250555
DK.KULLO,74.580498,-57.2201,XL.HD03,46.515701,102.547203,6465.474447464483,617,1.3001580515091655
DK.KULLO,74.580498,-57.2201,XL.HD09,45.413898,100.5718,6569.996126796204,646,1.3303619859642075
DK.KULLO,74.580498,-57.2201,XL.HD41,48.242298,99.400002,6246.971712441608,644,1.328301005662435
DK.KULLO,74.580498,-57.2201,XL.HD48,46.209202,97.608299,6453.504982456353,581,1.2616579655032534
DK.KULLO,74.580498,-57.2201,XL.HD73,49.4953,101.357101,6126.268867392422,646,1.3303619859642075
DK.KULLO,74.580498,-57.2201,XL.HD74,49.500999,99.152298,6105.842946024466,648,1.3324197783556895
DK.KULLO,74.580498,-57.2201,XM.ANB10,-25.0271,-64.5865,11088.725549895955,396,1.041600454516661
DK.KULLO,74.580498,-57.2201,XM.ANB11,-25.951,-62.49889,11185.179238728413,388,1.0310255567298694
DK.KULLO,74.580498,-57.2201,XM.ANB20,-26.7962,-65.316,11287.965301847855,385,1.027031898505565
DK.KULLO,74.580498,-57.2201,XM.CB01,-22.09872,-70.21211,10790.720449467128,428,1.082867831143777
DK.KULLO,74.580498,-57.2201,XM.CB22,-24.00541,-68.52551,10992.645527697508,425,1.0790660599072865
DK.KULLO,74.580498,-57.2201,XP.LZAE,-25.3074,-68.3992,11136.549426749061,455,1.1165013848919998
DK.KULLO,74.580498,-57.2201,XR.BA07,24.1371,91.4975,8810.164241856415,997,1.6527270946272614
DK.KULLO,74.580498,-57.2201,XT.D58,45.032299,-118.073799,4372.835671350406,546,1.2230659879822119
DK.KULLO,74.580498,-57.2201,XV.NAPU,-15.08,39.25,11813.83397160945,518,1.19129260981162
DK.KULLO,74.580498,-57.2201,XW.AMDT,1.9487,34.935799,9862.385998142896,458,1.120176111398536
DK.KULLO,74.580498,-57.2201,XW.KABG,3.5104,34.143299,9671.5774434358,394,1.0389668208342944
DK.KULLO,74.580498,-57.2201,XY.PACW,39.9962,-77.9247,3990.870018198575,493,1.1621897140772024
DK.KULLO,74.580498,-57.2201,Y1.KERK,2.61653,36.255065,9829.732224799003,599,1.2810526493516803
DK.KULLO,74.580498,-57.2201,Y1.TURK,3.127577,38.27457,9834.408785833297,755,1.4382256953221673
DK.KULLO,74.580498,-57.2201,Y2.GUGE,31.4769,79.664101,7812.033167117869,652,1.3365258582844604
DK.KULLO,74.580498,-57.2201,Y2.PURG,30.198799,81.275299,7980.697065936996,648,1.3324197783556895
DK.KULLO,74.580498,-57.2201,Y2.WT06,32.226398,82.261299,7776.434993329557,604,1.2863881686909069
DK.KULLO,74.580498,-57.2201,Y5.FMC,56.650002,-111.5,3007.989893036942,630,1.3137836188886942
DK.KULLO,74.580498,-57.2201,Y5.RW1,58.852901,-113.175903,2843.7230784858366,577,1.2573074078395543
DK.KULLO,74.580498,-57.2201,YB.AT56,36.7019,35.546902,6175.638759203988,508,1.179737607232137
DK.KULLO,74.580498,-57.2201,YK.OCW,38.425842,-122.846184,5199.162596352018,372,1.0095435018818064
DK.KULLO,74.580498,-57.2201,YM.KASE,71.4776,-51.349701,393.7289079320783,192,0.7252774622585993
DK.KULLO,74.580498,-57.2201,YP.NE61,44.849098,115.991798,6725.46090028443,577,1.2573074078395543
DK.KULLO,74.580498,-57.2201,YP.NE7D,45.342098,128.742905,6672.876134022431,582,1.2627432628785653
DK.KULLO,74.580498,-57.2201,YP.NE8B,46.207199,126.056297,6581.886006018215,443,1.101679912740986
DK.KULLO,74.580498,-57.2201,YP.NE8I,45.994301,133.655807,6583.210183782915,412,1.0624345265886606
DK.KULLO,74.580498,-57.2201,YP.NEAD,47.581402,133.5802,6407.374437954951,582,1.2627432628785653
DK.KULLO,74.580498,-57.2201,YT.CLRK,-77.3231,-141.8485,17706.1619984275,1080,1.7201465372429876
DK.KULLO,74.580498,-57.2201,YT.DEVL,-81.4755,161.973,18870.36639717103,391,1.0350038051680432
DK.KULLO,74.580498,-57.2201,YT.LPLY,-73.1142,-90.2834,16574.889843523644,860,1.5349802551048153
DK.KULLO,74.580498,-57.2201,YT.MA07,-78.2496,-93.4991,17143.855938294215,385,1.027031898505565
DK.KULLO,74.580498,-57.2201,YT.MCRG,-73.6681,-94.6493,16675.544311283484,933,1.5988009205531637
DK.KULLO,74.580498,-57.2201,YT.RMBO,-83.8714,-66.3959,17625.3802166931,2737,2.7383626744801903
DK.KULLO,74.580498,-57.2201,YT.ST04,-80.7152,-116.5792,17608.722930126954,583,1.263827628267638
DK.KULLO,74.580498,-57.2201,YT.THUR,-72.5301,-97.5606,16587.08076080298,878,1.5509608157702743
DK.KULLO,74.580498,-57.2201,YT.UPTW,-77.5781,-109.0374,17231.83643900249,403,1.050766191424665
DK.KULLO,74.580498,-57.2201,YU.MD04,10.8953,-74.1514,7161.670144430403,516,1.1889905929556324
DK.KULLO,74.580498,-57.2201,YU.NL02,9.2491,-70.2202,7311.606205973749,416,1.0675795180675116
DK.KULLO,74.580498,-57.2201,YU.SL02,7.6943,-71.0365,7490.134497507105,453,1.114044833214067
DK.KULLO,74.580498,-57.2201,YY.CHGE,10.9614,36.518398,8943.221973054753,384,1.0256972236096518
DK.KULLO,74.580498,-57.2201,YY.NEKE,9.089,36.523701,9143.940291176565,399,1.0455384665001604
DK.KULLO,74.580498,-57.2201,ZD.FM03,-13.7229,-75.889503,9905.515664207516,559,1.237540645520408
DK.KULLO,74.580498,-57.2201,ZD.FM09,-12.65027,-73.041481,9762.306844710623,561,1.239752516178073
DK.KULLO,74.580498,-57.2201,ZD.FS07,-13.46172,-71.9198,9843.807093460724,520,1.1935901868927103
DK.KULLO,74.580498,-57.2201,ZE.BULG,61.126701,-151.091202,3706.3453636661698,366,1.0013689260344547
DK.KULLO,74.580498,-57.2201,ZG.CB14,-17.249399,-65.900902,10229.575360760844,499,1.1692404746976701
DK.NOR,81.604718,-16.66103,IU.KBS,78.9154,11.9385,606.3973092261076,243,0.8159371450409243
DK.SCO,70.485536,-21.949715,GB.LRW,60.136,-1.17783,1486.0947509274,100,0.5234239225902136
DW.GDH,69.25,-53.533298,DW.LEM,-6.8333,107.616699,12939.80779176614,434,1.090431609909769
DW.GDH,69.25,-53.533298,G.SEY,62.933,152.373,5176.307668538305,657,1.3416407864998738
DW.GDH,69.25,-53.533298,SR.BCAO,4.4335,18.5354,8847.759112227272,1311,1.8951994148157096
DW.LEM,-6.8333,107.616699,SR.BCAO,4.4335,18.5354,9965.03253441934,621,1.3043656937430157
G.MATO,-15.49678,-58.1596,GO.GHRG,41.7348,42.341,12008.379201876003,615,1.2980491157307243
G.MATO,-15.49678,-58.1596,IC.HIA,49.270115,119.741363,16254.853284819521,487,1.1550959160790353
G.MATO,-15.49678,-58.1596,II.ARTI,56.3879,58.3849,13059.356082728089,670,1.354849230857871
G.MATO,-15.49678,-58.1596,II.FFC,54.725,-101.9783,8832.383680834893,435,1.091687144706673
G.MATO,-15.49678,-58.1596,II.KAPI,-5.0142,119.7517,17722.82556392992,671,1.355859935385496
G.MATO,-15.49678,-58.1596,II.LVZ,67.8979,34.6514,11718.477821151444,671,1.355859935385496
G.MATO,-15.49678,-58.1596,II.RAYN,23.5225,45.5032,12051.48070622446,400,1.0468478451804273
G.MATO,-15.49678,-58.1596,M8.AI45,-29.9886,114.9982,14904.469647360496,412,1.0624345265886606
G.MATO,-15.49678,-58.1596,M8.AU52,-33.4865,120.9751,14567.640841806795,634,1.3179477612446795
G.MATO,-15.49678,-58.1596,M8.WATNG,-30.73225,118.19848,14859.931659090953,412,1.0624345265886606
G.MATO,-15.49678,-58.1596,MM.KTN,21.2857,99.589798,17583.406447129415,404,1.0520690638301713
G.MATO,-15.49678,-58.1596,MM.YGN,16.864799,96.153397,17269.672865889745,397,1.0429147773795864
G.MATO,-15.49678,-58.1596,MX.HPIG,26.936794,-105.664017,6967.181572461058,657,1.3416407864998738
G.MATO,-15.49678,-58.1596,MX.MOIG,19.646708,-101.227303,6118.870857778262,647,1.3313912797243443
G.MATO,-15.49678,-58.1596,MX.ZAIG,22.769176,-102.567123,6438.503692550842,576,1.2562174142165128
G.MATO,-15.49678,-58.1596,N4.250A,31.9778,-86.2677,6069.451130163481,365,1.0
G.MATO,-15.49678,-58.1596,N4.ABTX,32.6238,-99.6431,6933.726566715147,671,1.355859935385496
G.MATO,-15.49678,-58.1596,NZ.URZ,-38.259249,177.110894,11720.459540513812,671,1.355859935385496
G.MATO,-15.49678,-58.1596,PB.B934,39.844501,-123.691399,9143.163158489793,671,1.355859935385496
G.MATO,-15.49678,-58.1596,PM.PESTR,38.867168,-7.590169,8006.942716295516,582,1.2627432628785653
G.MATO,-15.49678,-58.1596,PM.PFVI,37.132832,-8.826829,7801.716686385739,661,1.345718731425549
G.MATO,-15.49678,-58.1596,PS.CHUK,7.4638,151.8554,16628.98314180081,592,1.273545369517387
G.MATO,-15.49678,-58.1596,PS.JAY,-2.5147,140.703,17131.30778080687,671,1.355859935385496
G.MATO,-15.49678,-58.1596,PS.KOR,7.3436,134.4741,18367.655708871665,671,1.355859935385496
G.MATO,-15.49678,-58.1596,PS.SYO,-69.0067,39.585,8705.670981776108,651,1.3355005218402636
G.MATO,-15.49678,-58.1596,PS.VIVO,18.6498,105.6965,18264.409251702444,671,1.355859935385496
G.MATO,-15.49678,-58.1596,QZ.ALGA,49.986897,57.210083,13125.574018372905,426,1.080334803508261
G.MATO,-15.49678,-58.1596,QZ.FDRN,51.26934,51.769418,12726.537053962462,426,1.080334803508261
G.MATO,-15.49678,-58.1596,QZ.INDER,48.501565,51.694986,12747.815448390977,426,1.080334803508261
G.MATO,-15.49678,-58.1596,S1.AUBUS,-33.6601,115.3828,14506.377685019399,671,1.355859935385496
G.MATO,-15.49678,-58.1596,TW.KMNB,24.4638,118.388199,18954.94493959427,505,1.1762489718744142
G.MATO,-15.49678,-58.1596,YT.RMBO,-83.8714,-66.3959,7610.192057207806,439,1.0966949101857806
GB.GAL1,54.86633,-4.71133,GB.JSA,49.18783,-2.17167,654.7781675494085,299,0.9050845718449635
GB.GAL1,54.86633,-4.71133,GB.LRW,60.136,-1.17783,622.6083633988533,299,0.9050845718449635
GB.JSA,49.18783,-2.17167,GB.LRW,60.136,-1.17783,1219.023882521059,4004,3.3120783525905044
GB.JSA,49.18783,-2.17167,GB.WACR,52.72433,0.62833,439.3518870535524,205,0.7494290063884893
GB.JSA,49.18783,-2.17167,GE.SOCY,12.18703,53.987419,6556.744171594165,1034,1.6831151809453706
GB.JSA,49.18783,-2.17167,GE.SUMG,72.5742,-38.4626,3154.8109100956317,439,1.0966949101857806
GB.JSA,49.18783,-2.17167,GT.DBIC,6.67015,-4.85653,4734.470630641756,589,1.270314382401847
GB.JSA,49.18783,-2.17167,GT.PLCA,-40.73277,-70.55083,12024.961599042746,374,1.0122536906559418
GB.JSA,49.18783,-2.17167,IC.HIA,49.270115,119.741363,7742.370850032851,3088,2.9086550109290616
GB.JSA,49.18783,-2.17167,IC.LSA,29.70317,91.12757,7781.381233812364,1094,1.7312597361379958
GB.JSA,49.18783,-2.17167,IC.QIZ,19.02928,109.84398,9910.960260398706,412,1.0624345265886606
GB.JSA,49.18783,-2.17167,IC.SSE,31.09455,121.18863,9477.420439568848,378,1.017652415295205
GB.JSA,49.18783,-2.17167,IC.XAN,34.03107,108.92321,8537.99848091388,999,1.654383964311146
GB.JSA,49.18783,-2.17167,II.ARTI,56.3879,58.3849,4012.284133419761,910,1.5789714009226092
GB.JSA,49.18783,-2.17167,II.EFI,-51.6753,-58.0637,12398.164817920191,1186,1.8025856619015783
GB.JSA,49.18783,-2.17167,II.ERM,42.015,143.1572,9323.155879334743,1341,1.916760966510881
GB.JSA,49.18783,-2.17167,II.FFC,54.725,-101.9783,6269.792803260734,1450,1.9931389163141708
GB.JSA,49.18783,-2.17167,II.HOPE,-54.2836,-36.4879,11944.566180971015,1722,2.172051615219602
GB.JSA,49.18783,-2.17167,II.KAPI,-5.0142,119.7517,12702.03629085921,3450,3.0744194239759395
GB.JSA,49.18783,-2.17167,II.LVZ,67.8979,34.6514,2901.26767374617,1827,2.237292884728058
GB.JSA,49.18783,-2.17167,II.NIL,33.6506,73.2686,6250.159134037617,2698,2.718782967049376
GB.JSA,49.18783,-2.17167,II.NNA,-11.9875,-76.8422,9932.243609347363,792,1.4730454893514422
GB.JSA,49.18783,-2.17167,II.PALK,7.2728,80.7022,8878.833123238113,1350,1.9231822942680972
GB.JSA,49.18783,-2.17167,II.RAYN,23.5225,45.5032,5017.524413755566,3219,2.969710100698683
GB.JSA,49.18783,-2.17167,II.SHEL,-15.9594,-5.7455,7252.628947102814,1298,1.885779516158144
GB.JSA,49.18783,-2.17167,IU.JOHN,16.7329,-169.5292,12579.542668440421,1241,1.8439088914585775
GB.JSA,49.18783,-2.17167,IU.KBS,78.9154,11.9385,3353.9475535520587,864,1.5385458354144776
GB.JSA,49.18783,-2.17167,IU.KEV,69.7565,27.0035,2760.918093034205,1388,1.9500614672433783
GB.JSA,49.18783,-2.17167,IU.MBWA,-21.159,119.7313,14070.060096591165,795,1.4758327113127767
GB.JSA,49.18783,-2.17167,IU.MIDW,28.2154,-177.3697,11395.062520332793,1393,1.9535706683312952
GB.JSA,49.18783,-2.17167,IU.SAML,-8.9489,-63.1831,8756.152070973549,655,1.3395971588299243
GB.JSA,49.18783,-2.17167,IU.TIXI,71.6341,128.8667,6041.38177156883,537,1.2129438885258992
GB.JSA,49.18783,-2.17167,IU.TRQA,-38.0568,-61.9787,11340.803861730954,1416,1.9696324669324783
GB.JSA,49.18783,-2.17167,IU.YAK,62.031,129.6805,6933.947570895818,821,1.4997716721198433
GB.JSA,49.18783,-2.17167,JP.JGF,35.604,137.354172,9775.663122446354,365,1.0
GB.JSA,49.18783,-2.17167,KZ.AB06,49.261101,59.969299,4380.593327644391,530,1.205012362808178
GB.JSA,49.18783,-2.17167,LD.FRNY,44.835,-73.5883,5231.912126930076,504,1.1750837918243189
GB.JSA,49.18783,-2.17167,MM.KTN,21.2857,99.589798,9044.31089246673,1562,2.0686836526628523
GB.JSA,49.18783,-2.17167,MM.YGN,16.864799,96.153397,9183.315194267945,1353,1.925317977651612
GB.JSA,49.18783,-2.17167,MN.CLTB,37.578,13.216,1785.7933655267182,1105,1.7399417404827016
GB.JSA,49.18783,-2.17167,MN.VSL,39.496,9.378,1412.7383910652095,513,1.185529186504826
GB.JSA,49.18783,-2.17167,MX.HPIG,26.936794,-105.664017,8679.707638863176,1645,2.122934128763418
GB.JSA,49.18783,-2.17167,MX.MOIG,19.646708,-101.227303,8999.353245516864,1215,1.824490921678612
GB.JSA,49.18783,-2.17167,MX.ZAIG,22.769176,-102.567123,8827.435881568348,2089,2.3923393720860084
GB.JSA,49.18783,-2.17167,MY.KOM,1.7922,103.846703,11009.343509774237,813,1.4924467361597775
GB.JSA,49.18783,-2.17167,MY.SBM,2.4529,112.213997,11533.363116698378,655,1.3395971588299243
GB.JSA,49.18783,-2.17167,N4.250A,31.9778,-86.2677,6977.6580615184175,382,1.023022650025772
GB.JSA,49.18783,-2.17167,N4.ABTX,32.6238,-99.6431,7821.319792157243,969,1.6293540194039922
GB.JSA,49.18783,-2.17167,N4.E62A,46.6201,-69.5227,4859.293943945464,1084,1.7233290497460518
GB.JSA,49.18783,-2.17167,NZ.URZ,-38.259249,177.110894,18798.55873770446,3941,3.2859184825513554
GB.JSA,49.18783,-2.17167,PB.B934,39.844501,-123.691399,8577.521399536166,3644,3.1596774588295586
GB.JSA,49.18783,-2.17167,PM.PESTR,38.867168,-7.590169,1225.8343746705855,3817,3.233811102488106
GB.JSA,49.18783,-2.17167,PM.PFVI,37.132832,-8.826829,1443.6534408533535,4006,3.3129054417162926
GB.JSA,49.18783,-2.17167,PS.MCSJ,24.29,153.978,11509.143463613293,641,1.3252035253355026
GB.JSA,49.18783,-2.17167,PS.PSI,2.6938,98.923698,10582.153092063756,3599,3.1401073186441795
GB.JSA,49.18783,-2.17167,PS.SYO,-69.0067,39.585,13581.035380859936,3970,3.297986101966945
GB.JSA,49.18783,-2.17167,RM.DLV,11.952,108.481499,10446.154643164342,2740,2.739863010274144
GB.JSA,49.18783,-2.17167,RM.SLV,21.325247,103.906708,9326.970254966613,3142,2.9339766832887735
GB.JSA,49.18783,-2.17167,S1.AUBUS,-33.6601,115.3828,14695.081840258094,2390,2.5588953095973763
GB.JSA,49.18783,-2.17167,TR.TOSP,11.2984,-60.535198,6785.444804312306,732,1.4161495161369066
GB.JSA,49.18783,-2.17167,TT.TATN,32.578701,10.5292,2126.703087297508,760,1.4429801733987608
GB.JSA,49.18783,-2.17167,TW.KMNB,24.4638,118.388199,9937.758301956615,1795,2.217613180691818
GB.JSA,49.18783,-2.17167,US.LAO,46.6885,-106.2231,7091.709786356919,476,1.141976177090002
GB.JSA,49.18783,-2.17167,VE.BAUV,8.9433,-68.041496,7513.126416795145,1300,1.8872317917035095
GB.JSA,49.18783,-2.17167,WM.UCM,40.307499,-3.2441,991.0457430158414,261,0.8456172261435341
GB.JSA,49.18783,-2.17167,X8.QM38,47.675201,-70.853104,4890.513292426945,705,1.389786620066213
GB.JSA,49.18783,-2.17167,X8.QM58,49.048401,-72.740601,4940.15176791542,486,1.1539093765608583
GB.JSA,49.18783,-2.17167,X8.QM76,50.764801,-74.817596,4981.881445482402,555,1.2331050016951028
GB.JSA,49.18783,-2.17167,X8.QM90,52.2915,-77.098801,5043.090799674394,408,1.0572644982113426
GB.JSA,49.18783,-2.17167,X8.QMM5,50.8438,-68.798203,4598.641280649551,788,1.4693209688795166
GB.JSA,49.18783,-2.17167,XA.GP03,42.6352,44.6162,3631.920591507755,452,1.112814523801501
GB.JSA,49.18783,-2.17167,XF.NE4,76.657433,-34.27758,3359.177931843875,551,1.2286533445589485
GB.JSA,49.18783,-2.17167,XL.AT13,44.992001,96.270103,6910.127601199452,642,1.3262368225882741
GB.JSA,49.18783,-2.17167,XL.HD03,46.515701,102.547203,7141.265518790437,433,1.0891746278090642
GB.JSA,49.18783,-2.17167,XL.HD09,45.413898,100.5718,7120.355934127108,455,1.1165013848919998
GB.JSA,49.18783,-2.17167,XL.HD41,48.242298,99.400002,6837.637435275844,454,1.1152737854169963
GB.JSA,49.18783,-2.17167,XL.HD48,46.209202,97.608299,6893.719552417319,390,1.0336794235569031
GB.JSA,49.18783,-2.17167,XL.HD73,49.4953,101.357101,6845.655949194651,459,1.1213983442895492
GB.JSA,49.18783,-2.17167,XL.HD74,49.500999,99.152298,6729.074373702177,460,1.122619246495774
GB.JSA,49.18783,-2.17167,XL.HV10,51.572102,100.448601,6641.059258303206,644,1.328301005662435
GB.JSA,49.18783,-2.17167,XR.BA07,24.1371,91.4975,8256.995785036752,973,1.632713515794346
GB.JSA,49.18783,-2.17167,XW.AMDT,1.9487,34.935799,6322.680483386091,577,1.2573074078395543
GB.JSA,49.18783,-2.17167,XW.KABG,3.5104,34.143299,6128.03969662407,512,1.1843731363161685
GB.JSA,49.18783,-2.17167,XY.PACW,39.9962,-77.9247,5830.34004464376,513,1.185529186504826
GB.JSA,49.18783,-2.17167,Y1.KERK,2.61653,36.255065,6327.505157959135,556,1.2342154071445053
GB.JSA,49.18783,-2.17167,Y1.TURK,3.127577,38.27457,6388.89333722645,798,1.4786146793072947
GB.JSA,49.18783,-2.17167,Y2.GUGE,31.4769,79.664101,6858.812677198042,793,1.4739751489513069
GB.JSA,49.18783,-2.17167,Y2.PURG,30.198799,81.275299,7068.232021928568,783,1.4646519994360623
GB.JSA,49.18783,-2.17167,YB.AT56,36.7019,35.546902,3325.410583143432,522,1.1958833497885024
GB.JSA,49.18783,-2.17167,YT.CLRK,-77.3231,-141.8485,16453.393785883487,398,1.0442274459638137
GB.JSA,49.18783,-2.17167,YT.DEVL,-81.4755,161.973,16381.159948601275,446,1.1054039117983878
GB.JSA,49.18783,-2.17167,YT.LPLY,-73.1142,-90.2834,15109.975434158807,807,1.486929354108523
GB.JSA,49.18783,-2.17167,YT.MA07,-78.2496,-93.4991,15353.822713597674,682,1.3669283634064118
GB.JSA,49.18783,-2.17167,YT.MA09,-79.8993,-104.9977,15612.370354716117,581,1.2616579655032534
GB.JSA,49.18783,-2.17167,YT.MCRG,-73.6681,-94.6493,15260.95002674064,461,1.1238388223540496
GB.JSA,49.18783,-2.17167,YT.RMBO,-83.8714,-66.3959,15148.71117974355,2790,2.7647487438171225
GB.JSA,49.18783,-2.17167,YU.MD04,10.8953,-74.1514,7786.502831158179,645,1.3293318952282882
GB.JSA,49.18783,-2.17167,YU.NL02,9.2491,-70.2202,7642.232783556673,493,1.1621897140772024
GB.JSA,49.18783,-2.17167,YU.SL02,7.6943,-71.0365,7832.043643376429,579,1.2594845651547357
GB.JSA,49.18783,-2.17167,YY.ABMD,11.8317,35.5825,5407.102712332804,591,1.2724692853628259
GB.JSA,49.18783,-2.17167,YY.CHGE,10.9614,36.518398,5543.393273773568,608,1.2906407031616252
GB.JSA,49.18783,-2.17167,YY.NEKE,9.089,36.523701,5720.456949484076,657,1.3416407864998738
GB.JSA,49.18783,-2.17167,Z7.LA01,31.9874,-93.8349,7490.776565469812,533,1.2084179627110563
GB.JSA,49.18783,-2.17167,ZC.HMDR,18.7879,-69.381,6792.8540893520185,373,1.010899504510304
GB.JSA,49.18783,-2.17167,ZE.BULG,61.126701,-151.091202,7437.96310962626,507,1.1785758761702239
GB.LRW,60.136,-1.17783,GB.WACR,52.72433,0.62833,831.5084605620004,205,0.7494290063884893
GB.LRW,60.136,-1.17783,GE.SOCY,12.18703,53.987419,6954.409345338138,1042,1.6896137193299376
GB.LRW,60.136,-1.17783,GE.SUMG,72.5742,-38.4626,2102.2021687289603,803,1.4832396974191326
GB.LRW,60.136,-1.17783,GT.DBIC,6.67015,-4.85653,5953.215765548204,644,1.328301005662435
GB.LRW,60.136,-1.17783,GT.PLCA,-40.73277,-70.55083,12860.31531236151,523,1.1970282838466129
GB.LRW,60.136,-1.17783,IC.HIA,49.270115,119.741363,6743.412614939669,3827,3.2380443954413773
GB.LRW,60.136,-1.17783,IC.LSA,29.70317,91.12757,7299.954312882488,1287,1.8777719236532093
GB.LRW,60.136,-1.17783,IC.QIZ,19.02928,109.84398,9280.36878671688,390,1.0336794235569031
GB.LRW,60.136,-1.17783,IC.XAN,34.03107,108.92321,7773.586242323981,1146,1.7719272071383916
GB.LRW,60.136,-1.17783,II.AAK,42.6375,74.4942,5260.3606967505175,533,1.2084179627110563
GB.LRW,60.136,-1.17783,II.ARTI,56.3879,58.3849,3388.5965346545245,930,1.5962284314844952
GB.LRW,60.136,-1.17783,II.CMLA,37.7637,-25.5243,3020.230162443689,415,1.0662955975571986
GB.LRW,60.136,-1.17783,II.COCO,-12.1901,96.8349,11623.71123385817,393,1.0376474973550138
GB.LRW,60.136,-1.17783,II.EFI,-51.6753,-58.0637,13429.401537318894,1240,1.8431658292114148
GB.LRW,60.136,-1.17783,II.ERM,42.015,143.1572,8200.313367374318,1790,2.214522429112222
GB.LRW,60.136,-1.17783,II.FFC,54.725,-101.9783,5465.120890645437,1909,2.286949274973402
GB.LRW,60.136,-1.17783,II.HOPE,-54.2836,-36.4879,13102.418477737765,1917,2.2917361965375833
GB.LRW,60.136,-1.17783,II.KAPI,-5.0142,119.7517,12155.222237041535,4289,3.427927206273034
GB.LRW,60.136,-1.17783,II.LVZ,67.8979,34.6514,1910.282962846766,1861,2.2580146449893324
GB.LRW,60.136,-1.17783,II.NIL,33.6506,73.2686,5973.7381250893295,3038,2.885010861545044
GB.LRW,60.136,-1.17783,II.NNA,-11.9875,-76.8422,10386.953032036225,841,1.5179293755116197
GB.LRW,60.136,-1.17783,II.PALK,7.2728,80.7022,8857.405056813148,1382,1.9458420721792953
GB.LRW,60.136,-1.17783,II.RAYN,23.5225,45.5032,5420.788797353027,4038,3.326110896923032
GB.LRW,60.136,-1.17783,II.SHEL,-15.9594,-5.7455,8471.411888740035,1669,2.1383645011377337
GB.LRW,60.136,-1.17783,IU.DAV,7.0697,125.5791,11218.840969001763,646,1.3303619859642075
GB.LRW,60.136,-1.17783,IU.JOHN,16.7329,-169.5292,11403.493853219827,2027,2.3565705288690695
GB.LRW,60.136,-1.17783,IU.KBS,78.9154,11.9385,2137.0535873526746,1572,2.0752949947100277
GB.LRW,60.136,-1.17783,IU.KEV,69.7565,27.0035,1678.0782645710176,2319,2.5206000590205195
GB.LRW,60.136,-1.17783,IU.MBWA,-21.159,119.7313,13729.74166503999,1043,1.690424280047865
GB.LRW,60.136,-1.17783,IU.MIDW,28.2154,-177.3697,10184.698772944284,2327,2.5249440520046034
GB.LRW,60.136,-1.17783,IU.PTGA,-0.7308,-59.9666,8417.79282959488,370,1.0068260178089292
GB.LRW,60.136,-1.17783,IU.RAO,-29.245,-177.929,16571.5319448033,735,1.4190484946389206
GB.LRW,60.136,-1.17783,IU.SAML,-8.9489,-63.1831,9395.080222586961,1164,1.7857886481581213
GB.LRW,60.136,-1.17783,IU.TIXI,71.6341,128.8667,4867.267345580122,707,1.391756552479586
GB.LRW,60.136,-1.17783,IU.TRQA,-38.0568,-61.9787,12240.205336329625,2373,2.549778394883308
GB.LRW,60.136,-1.17783,IU.YAK,62.031,129.6805,5802.453513476662,964,1.625144882898432
GB.LRW,60.136,-1.17783,KZ.AB06,49.261101,59.969299,3949.8686499140204,513,1.185529186504826
GB.LRW,60.136,-1.17783,LD.FRNY,44.835,-73.5883,4903.484251140503,589,1.270314382401847
GB.LRW,60.136,-1.17783,MB.HRY,46.711285,-111.831786,6591.817829922684,383,1.0243608097214334
GB.LRW,60.136,-1.17783,MM.KTN,21.2857,99.589798,8541.222409327725,1626,2.110638415396618
GB.LRW,60.136,-1.17783,MM.YGN,16.864799,96.153397,8784.582729742275,1427,1.9772680751723803
GB.LRW,60.136,-1.17783,MN.CLTB,37.578,13.216,2706.6676301051916,1491,2.0211213488678297
GB.LRW,60.136,-1.17783,MN.VSL,39.496,9.378,2409.856738050026,540,1.2163272811190746
GB.LRW,60.136,-1.17783,MX.HPIG,26.936794,-105.664017,8187.504320634625,1642,2.120997439174857
GB.LRW,60.136,-1.17783,MX.MOIG,19.646708,-101.227303,8661.299394281974,1215,1.824490921678612
GB.LRW,60.136,-1.17783,MX.ZAIG,22.769176,-102.567123,8430.875925833814,2081,2.387754146266675
GB.LRW,60.136,-1.17783,MY.KOM,1.7922,103.846703,10657.880236072966,1062,1.7057517524821395
GB.LRW,60.136,-1.17783,MY.KUM,5.2902,100.6492,10145.599798697895,612,1.2948792718887439
GB.LRW,60.136,-1.17783,MY.SBM,2.4529,112.213997,11033.87298397278,894,1.5650287756118577
GB.LRW,60.136,-1.17783,N4.250A,31.9778,-86.2677,6705.353255734299,403,1.050766191424665
GB.LRW,60.136,-1.17783,N4.ABTX,32.6238,-99.6431,7345.450575002984,991,1.6477464893455804
GB.LRW,60.136,-1.17783,N4.E62A,46.6201,-69.5227,4541.511686059554,1065,1.7081593073182848
GB.LRW,60.136,-1.17783,NZ.URZ,-38.259249,177.110894,17579.547462588744,4946,3.681125497929519
GB.LRW,60.136,-1.17783,PB.B934,39.844501,-123.691399,7728.561575141627,4553,3.5318511580670733
GB.LRW,60.136,-1.17783,PM.PESTR,38.867168,-7.590169,2407.2298491949914,4794,3.6241201105016465
GB.LRW,60.136,-1.17783,PM.PFVI,37.132832,-8.826829,2614.8272669166654,4982,3.6944979453903004
GB.LRW,60.136,-1.17783,PS.MCSJ,24.29,153.978,10358.956548082593,868,1.5421031715747238
GB.LRW,60.136,-1.17783,PS.PSI,2.6938,98.923698,10303.79961531068,4527,3.5217523658013485
GB.LRW,60.136,-1.17783,PS.SYO,-69.0067,39.585,14724.180854756494,4678,3.580005357002191
GB.LRW,60.136,-1.17783,RM.DLV,11.952,108.481499,9907.511809596057,3194,2.958155663839692
GB.LRW,60.136,-1.17783,RM.SLV,21.325247,103.906708,8759.427007171083,3630,3.1536019849454773
GB.LRW,60.136,-1.17783,S1.AUBUS,-33.6601,115.3828,14650.848104394967,2479,2.606104530121117
GB.LRW,60.136,-1.17783,TR.TOSP,11.2984,-60.535198,7254.658935772932,1064,1.7073571662515974
GB.LRW,60.136,-1.17783,TT.TATN,32.578701,10.5292,3182.344896462234,1405,1.961967142562064
GB.LRW,60.136,-1.17783,TW.KMNB,24.4638,118.388199,9141.703602977235,2181,2.444451362934723
GB.LRW,60.136,-1.17783,US.LAO,46.6885,-106.2231,6355.519549498613,516,1.1889905929556324
GB.LRW,60.136,-1.17783,VE.BAUV,8.9433,-68.041496,7877.869846200137,1321,1.9024137515776585
GB.LRW,60.136,-1.17783,X8.QM38,47.675201,-70.853104,4530.6688909058685,728,1.4122749547964113
GB.LRW,60.136,-1.17783,X8.QM58,49.048401,-72.740601,4525.104801986111,512,1.1843731363161685
GB.LRW,60.136,-1.17783,X8.QM76,50.764801,-74.817596,4503.294905613348,578,1.258396457335929
GB.LRW,60.136,-1.17783,X8.QM90,52.2915,-77.098801,4505.750774623152,539,1.215200530269438
GB.LRW,60.136,-1.17783,X8.QMM5,50.8438,-68.798203,4182.175614919279,943,1.6073461493516623
GB.LRW,60.136,-1.17783,X9.BB420,43.6297,-130.208206,7583.261331974577,372,1.0095435018818064
GB.LRW,60.136,-1.17783,XA.GP03,42.6352,44.6162,3620.8062899514593,460,1.122619246495774
GB.LRW,60.136,-1.17783,XF.GOAT,60.136902,-141.453003,6210.232658079501,446,1.1054039117983878
GB.LRW,60.136,-1.17783,XF.NE4,76.657433,-34.27758,2216.941757669137,553,1.2308811856351876
GB.LRW,60.136,-1.17783,XI.SC04,49.624001,-89.675003,5337.552414572243,464,1.1274896348580457
GB.LRW,60.136,-1.17783,XI.SC14,47.723,-84.814003,5254.159835667484,551,1.2286533445589485
GB.LRW,60.136,-1.17783,XI.SM37,44.381001,-93.380997,5964.4139552668485,826,1.5043316451601145
GB.LRW,60.136,-1.17783,XL.AT13,44.992001,96.270103,6163.0451113575855,614,1.2969933619035672
GB.LRW,60.136,-1.17783,XL.HD03,46.515701,102.547203,6313.206675866486,614,1.2969933619035672
GB.LRW,60.136,-1.17783,XL.HD09,45.413898,100.5718,6324.401047494957,643,1.3272693154052941
GB.LRW,60.136,-1.17783,XL.HD41,48.242298,99.400002,6018.3098097257935,641,1.3252035253355026
GB.LRW,60.136,-1.17783,XL.HD48,46.209202,97.608299,6117.265124075254,581,1.2616579655032534
GB.LRW,60.136,-1.17783,XL.HD73,49.4953,101.357101,5993.448470080986,643,1.3272693154052941
GB.LRW,60.136,-1.17783,XL.HD74,49.500999,99.152298,5896.229188175035,645,1.3293318952282882
GB.LRW,60.136,-1.17783,XL.HV10,51.572102,100.448601,5771.366926023591,616,1.2991040115697867
GB.LRW,60.136,-1.17783,XP.LZAE,-25.3074,-68.3992,11267.161576262088,430,1.0853949473720717
GB.LRW,60.136,-1.17783,XR.BA07,24.1371,91.4975,7841.931177052895,1048,1.6944712675971607
GB.LRW,60.136,-1.17783,XT.D58,45.032299,-118.073799,7002.607130239685,520,1.1935901868927103
GB.LRW,60.136,-1.17783,XV.NAPU,-15.08,39.25,9110.27597252894,507,1.1785758761702239
GB.LRW,60.136,-1.17783,XW.AMDT,1.9487,34.935799,7164.962009516092,586,1.2670751564350058
GB.LRW,60.136,-1.17783,XW.KABG,3.5104,34.143299,6972.13967794866,520,1.1935901868927103
GB.LRW,60.136,-1.17783,XY.PACW,39.9962,-77.9247,5542.661633095197,537,1.2129438885258992
GB.LRW,60.136,-1.17783,Y1.KERK,2.61653,36.255065,7143.356294900929,603,1.2853228366914469
GB.LRW,60.136,-1.17783,Y1.TURK,3.127577,38.27457,7167.008689058691,867,1.5412146072995236
GB.LRW,60.136,-1.17783,Y2.GUGE,31.4769,79.664101,6520.522743221239,1155,1.7788714292055612
GB.LRW,60.136,-1.17783,Y2.PURG,30.198799,81.275299,6725.051529430022,1142,1.768832135418076
GB.LRW,60.136,-1.17783,Y2.WT06,32.226398,82.261299,6593.569894293049,614,1.2969933619035672
GB.LRW,60.136,-1.17783,Y5.FMC,56.650002,-111.5,5670.84329104673,796,1.4767606162842437
GB.LRW,60.136,-1.17783,Y5.RW1,58.852901,-113.175903,5535.3172766412445,551,1.2286533445589485
GB.LRW,60.136,-1.17783,YB.AT56,36.7019,35.546902,3674.024488153415,546,1.2230659879822119
GB.LRW,60.136,-1.17783,YK.OCW,38.425842,-122.846184,7836.789555022722,383,1.0243608097214334
GB.LRW,60.136,-1.17783,YP.NE61,44.849098,115.991798,7030.9924366553105,588,1.2692355589525488
GB.LRW,60.136,-1.17783,YP.NE7D,45.342098,128.742905,7439.471215760429,591,1.2724692853628259
GB.LRW,60.136,-1.17783,YP.NE8B,46.207199,126.056297,7263.731630231275,453,1.114044833214067
GB.LRW,60.136,-1.17783,YP.NE8I,45.994301,133.655807,7525.151450419798,422,1.07525084680815
GB.LRW,60.136,-1.17783,YP.NEAD,47.581402,133.5802,7359.998595938051,593,1.2746205452002473
GB.LRW,60.136,-1.17783,YT.CLRK,-77.3231,-141.8485,17627.52144001722,1079,1.7193499886764312
GB.LRW,60.136,-1.17783,YT.DEVL,-81.4755,161.973,17587.395062738102,582,1.2627432628785653
GB.LRW,60.136,-1.17783,YT.LPLY,-73.1142,-90.2834,16217.711881376272,851,1.5269272573751078
GB.LRW,60.136,-1.17783,YT.MA07,-78.2496,-93.4991,16518.614972548647,658,1.3426614338795158
GB.LRW,60.136,-1.17783,YT.MA09,-79.8993,-104.9977,16790.581091670552,557,1.2353248144760447
GB.LRW,60.136,-1.17783,YT.MCRG,-73.6681,-94.6493,16369.431443566313,482,1.149150967108099
GB.LRW,60.136,-1.17783,YT.RMBO,-83.8714,-66.3959,16360.909760281389,2861,2.7997064425370675
GB.LRW,60.136,-1.17783,YT.ST04,-80.7152,-116.5792,17003.088633683896,581,1.2616579655032534
GB.LRW,60.136,-1.17783,YT.THUR,-72.5301,-97.5606,16406.451650092586,727,1.4113046524113098
GB.LRW,60.136,-1.17783,YT.UPTW,-77.5781,-109.0374,16858.641782922794,404,1.0520690638301713
GB.LRW,60.136,-1.17783,YU.MD04,10.8953,-74.1514,8018.940817461542,653,1.3375504087287369
GB.LRW,60.136,-1.17783,YU.NL02,9.2491,-70.2202,7964.773638599848,498,1.1680683035010562
GB.LRW,60.136,-1.17783,YU.SL02,7.6943,-71.0365,8159.480222058246,588,1.2692355589525488
GB.LRW,60.136,-1.17783,YY.ABMD,11.8317,35.5825,6156.984640589842,586,1.2670751564350058
GB.LRW,60.136,-1.17783,YY.CHGE,10.9614,36.518398,6284.227734936691,625,1.3085598064755342
GB.LRW,60.136,-1.17783,YY.NEKE,9.089,36.523701,6478.5574869152915,653,1.3375504087287369
GB.LRW,60.136,-1.17783,Z6.13,29.351299,155.244003,9833.695891538726,365,1.0
GB.LRW,60.136,-1.17783,Z7.LA01,31.9874,-93.8349,7106.276985773307,537,1.2129438885258992
GB.LRW,60.136,-1.17783,ZC.HMDR,18.7879,-69.381,7002.78123814426,379,1.0189976272708203
GB.LRW,60.136,-1.17783,ZD.FM03,-13.7229,-75.889503,10506.133186920828,558,1.2364332263764475
GB.LRW,60.136,-1.17783,ZD.FM09,-12.65027,-73.041481,10254.059928184019,535,1.2106830405426245
GB.LRW,60.136,-1.17783,ZD.FS07,-13.46172,-71.9198,10276.250380229461,505,1.1762489718744142
GB.LRW,60.136,-1.17783,ZE.BULG,61.126701,-151.091202,6286.943513375758,512,1.1843731363161685
GB.LRW,60.136,-1.17783,ZG.CB14,-17.249399,-65.900902,10352.393714330916,484,1.1515326296984703
GB.LRW,60.136,-1.17783,ZM.N173,-81.112198,77.473602,16380.777653818272,456,1.1177276360961783
GE.APE,37.068901,25.5306,GE.IBBN,52.306301,7.7592,2188.7635121197895,376,1.0149566425721692
GE.APE,37.068901,25.5306,MN.CLTB,37.578,13.216,1089.609456375587,139,0.6171077035722526
GE.APE,37.068901,25.5306,PS.MCSJ,24.29,153.978,11318.140344402507,373,1.010899504510304
GE.APE,37.068901,25.5306,TW.MATB,26.151501,119.945602,8656.122917493714,399,1.0455384665001604
GE.DAG,76.771301,-18.655001,IU.KBS,78.9154,11.9385,744.7350570691538,159,0.6600124531826383
GE.DAG,76.771301,-18.655001,PS.SYO,-69.0067,39.585,16675.05604416814,440,1.0979432827130893
GE.IBBN,52.306301,7.7592,GE.MAHO,39.895901,4.2665,1405.5720309125281,268,0.8568818911276312
GE.IBBN,52.306301,7.7592,GE.MHV,54.959499,37.766399,1984.616566177477,421,1.073976097282545
GE.IBBN,52.306301,7.7592,GE.PMG,-9.4092,147.1539,14006.997223133674,619,1.3022635720002707
GE.IBBN,52.306301,7.7592,GE.RUE,52.475899,13.78,408.8806252396424,497,1.166894954833741
GE.IBBN,52.306301,7.7592,GE.SKD,35.411999,23.927999,2271.1308550660315,449,1.1091154071156752
GE.IBBN,52.306301,7.7592,GE.SNAA,-71.6707,-2.8379,13810.861684217829,622,1.3054154852157591
GE.IBBN,52.306301,7.7592,GE.TRTE,58.378601,26.720501,1369.2425778033394,649,1.3334474836981103
GE.IBBN,52.306301,7.7592,GT.DBIC,6.67015,-4.85653,5203.902491393494,631,1.3148258908645172
GE.IBBN,52.306301,7.7592,IC.HIA,49.270115,119.741363,7031.669911535784,687,1.3719299474907303
GE.IBBN,52.306301,7.7592,IC.SSE,31.09455,121.18863,8721.610551197338,592,1.273545369517387
GE.IBBN,52.306301,7.7592,IC.XAN,34.03107,108.92321,7765.277252354424,1013,1.6659359128590225
GE.IBBN,52.306301,7.7592,II.ERM,42.015,143.1572,8684.481629358643,509,1.1808981954195736
GE.IBBN,52.306301,7.7592,II.FFC,54.725,-101.9783,6473.072411060792,668,1.3528255564932863
GE.IBBN,52.306301,7.7592,II.HOPE,-54.2836,-36.4879,12537.658373981198,579,1.2594845651547357
GE.IBBN,52.306301,7.7592,II.KAPI,-5.0142,119.7517,11930.464768788926,601,1.283189519309503
GE.IBBN,52.306301,7.7592,II.LVZ,67.8979,34.6514,2249.272505076878,430,1.0853949473720717
GE.IBBN,52.306301,7.7592,II.NIL,33.6506,73.2686,5503.963522817801,1200,1.8131936556464983
GE.IBBN,52.306301,7.7592,II.RAYN,23.5225,45.5032,4515.876229400303,1421,1.9731068610015796
GE.IBBN,52.306301,7.7592,II.SHEL,-15.9594,-5.7455,7701.910551917492,628,1.3116965903765547
GE.IBBN,52.306301,7.7592,IU.FUNA,-8.5259,179.1966,15085.19899920776,778,1.4599680987319785
GE.IBBN,52.306301,7.7592,IU.INCN,37.4776,126.6239,8416.022368962438,590,1.2713922904298198
GE.IBBN,52.306301,7.7592,IU.JOHN,16.7329,-169.5292,12333.822522278482,1085,1.7241237599795518
GE.IBBN,52.306301,7.7592,IU.KEV,69.7565,27.0035,2177.5491149889244,1891,2.2761418931622472
GE.IBBN,52.306301,7.7592,IU.MBWA,-21.159,119.7313,13335.851176570191,702,1.3868264748096197
GE.IBBN,52.306301,7.7592,IU.MIDW,28.2154,-177.3697,11047.565902946953,1476,2.0109290431137437
GE.IBBN,52.306301,7.7592,IU.RCBR,-5.8274,-35.9014,7663.271141031387,374,1.0122536906559418
GE.IBBN,52.306301,7.7592,IU.TATO,24.9735,121.4971,9299.184094580303,586,1.2670751564350058
GE.IBBN,52.306301,7.7592,IU.TIXI,71.6341,128.8667,5487.356154226053,991,1.6477464893455804
GE.IBBN,52.306301,7.7592,IU.TRQA,-38.0568,-61.9787,12089.861256948658,1578,2.079251709445703
GE.IBBN,52.306301,7.7592,IU.YAK,62.031,129.6805,6318.319271341389,1081,1.7209427171223446
GE.IBBN,52.306301,7.7592,MN.CLTB,37.578,13.216,1691.8710302553834,779,1.4609060802606257
GE.IBBN,52.306301,7.7592,MN.VSL,39.496,9.378,1429.8432000439277,233,0.7989719421754193
GE.IBBN,52.306301,7.7592,NL.HGN,50.764,5.9317,213.03124313022948,531,1.2061486312009582
GE.IBBN,52.306301,7.7592,NR.NE79,23.11937,-109.756111,9683.079678279008,854,1.5296163007098416
GE.IBBN,52.306301,7.7592,NR.NE80,30.5,-112.319931,9128.352420556406,502,1.1727499587522587
GE.IBBN,52.306301,7.7592,NR.NE81,28.918341,-109.636261,9135.978162971382,618,1.3012112376288127
GE.IBBN,52.306301,7.7592,NR.NE82,26.915661,-109.230843,9300.40994283926,595,1.2767681803292914
GE.IBBN,52.306301,7.7592,NR.NE83,24.730881,-107.739326,9420.813029937477,676,1.3609021987345555
GE.IBBN,52.306301,7.7592,NZ.URZ,-38.259249,177.110894,18249.156332256953,961,1.6226141600296624
GE.IBBN,52.306301,7.7592,PS.MCSJ,24.29,153.978,10887.757038965692,1699,2.1574972817011715
GE.IBBN,52.306301,7.7592,PS.PSI,2.6938,98.923698,9849.687531636768,1558,2.066033192057894
GE.IBBN,52.306301,7.7592,PS.SYO,-69.0067,39.585,13738.015117064228,1700,2.158132119814573
GE.IBBN,52.306301,7.7592,PS.TSK,36.2108,140.1097,9144.091863476053,486,1.1539093765608583
GE.IBBN,52.306301,7.7592,TW.KMNB,24.4638,118.388199,9166.642316946874,1569,2.0733138057193132
GE.IBBN,52.306301,7.7592,TW.MATB,26.151501,119.945602,9103.011788206853,815,1.4942813364051521
GE.IBBN,52.306301,7.7592,XK.NOVR,57.691681,-4.410162,977.9345832569774,168,0.6784349435301367
GE.IBBN,52.306301,7.7592,XM.A106,48.146099,13.5743,620.1872234117365,297,0.9020524542048463
GE.IBBN,52.306301,7.7592,XT.CMPC,7.6508,-64.073097,8104.403029646404,419,1.0714220482515058
GE.IBBN,52.306301,7.7592,YF.DUOK,44.113098,14.9318,1053.5623528991146,369,1.0054645215568718
GE.IBBN,52.306301,7.7592,YF.HVAR,43.177601,16.449,1203.3247651297418,354,0.9848162334662391
GE.IBBN,52.306301,7.7592,YF.N6002,63.53149,9.06231,1250.4903822798515,131,0.5990860619218586
GE.MAHO,39.895901,4.2665,MN.CLTB,37.578,13.216,817.4663800100873,191,0.7233862531406556
GE.MAHO,39.895901,4.2665,NL.HGN,50.764,5.9317,1215.3843053659957,157,0.6558482951882774
GE.MHV,54.959499,37.766399,GE.PMG,-9.4092,147.1539,12095.44205446213,650,1.3344743975843896
GE.MHV,54.959499,37.766399,GE.RUE,52.475899,13.78,1594.1027178851232,494,1.1633678083625345
GE.MHV,54.959499,37.766399,GE.SKD,35.411999,23.927999,2418.9651763440957,655,1.3395971588299243
GE.MHV,54.959499,37.766399,GE.SNAA,-71.6707,-2.8379,14433.227791406269,447,1.1066424599872242
GE.MHV,54.959499,37.766399,GE.TRTE,58.378601,26.720501,773.281471328265,479,1.1455691891471627
GE.MHV,54.959499,37.766399,IC.HIA,49.270115,119.741363,5306.334267425983,957,1.6192337101910823
GE.MHV,54.959499,37.766399,IC.SSE,31.09455,121.18863,6823.955461141402,474,1.1395745420929257
GE.MHV,54.959499,37.766399,IC.XAN,34.03107,108.92321,5812.613114297869,417,1.0688618963292955
GE.MHV,54.959499,37.766399,II.LVZ,67.8979,34.6514,1447.74084971298,532,1.2072838301639521
GE.MHV,54.959499,37.766399,II.NIL,33.6506,73.2686,3621.066021341071,793,1.4739751489513069
GE.MHV,54.959499,37.766399,II.RAYN,23.5225,45.5032,3553.745778578444,1097,1.7336318675124758
GE.MHV,54.959499,37.766399,IU.JOHN,16.7329,-169.5292,11636.439205288181,840,1.5170266520446167
GE.MHV,54.959499,37.766399,IU.KEV,69.7565,27.0035,1730.3886311468732,1105,1.7399417404827016
GE.MHV,54.959499,37.766399,IU.MIDW,28.2154,-177.3697,10177.375529798199,612,1.2948792718887439
GE.MHV,54.959499,37.766399,IU.RCBR,-5.8274,-35.9014,9513.355669687742,440,1.0979432827130893
GE.MHV,54.959499,37.766399,IU.TIXI,71.6341,128.8667,4372.698225046236,793,1.4739751489513069
GE.MHV,54.959499,37.766399,IU.TRQA,-38.0568,-61.9787,13959.13191546826,611,1.293820931481527
GE.MHV,54.959499,37.766399,IU.YAK,62.031,129.6805,4940.236543292251,453,1.114044833214067
GE.MHV,54.959499,37.766399,NR.NE79,23.11937,-109.756111,10799.474086924705,367,1.0027359832252927
GE.MHV,54.959499,37.766399,NR.NE80,30.5,-112.319931,10092.023666708707,367,1.0027359832252927
GE.MHV,54.959499,37.766399,NR.NE82,26.915661,-109.230843,10381.896754941687,367,1.0027359832252927
GE.MHV,54.959499,37.766399,PS.MCSJ,24.29,153.978,9333.213902487036,1116,1.748580637710295
GE.MHV,54.959499,37.766399,PS.PSI,2.6938,98.923698,7964.918071576629,961,1.6226141600296624
GE.MHV,54.959499,37.766399,PS.SYO,-69.0067,39.585,13785.227363163858,1067,1.7097624604701311
GE.MHV,54.959499,37.766399,PS.TSK,36.2108,140.1097,7492.0936418781275,457,1.1189525434622096
GE.MHV,54.959499,37.766399,TW.KMNB,24.4638,118.388199,7216.434763411957,518,1.19129260981162
GE.MRNI,33.01178,35.391998,GE.SKD,35.411999,23.927999,1086.706497581365,181,0.7041948671773347
GE.MRNI,33.01178,35.391998,II.RAYN,23.5225,45.5032,1445.3980670972092,168,0.6784349435301367
GE.MTE,40.3997,-7.5442,II.NIL,33.6506,73.2686,6959.716481374365,491,1.1598299355733386
GE.MTE,40.3997,-7.5442,II.RAYN,23.5225,45.5032,5257.1748213486,375,1.0136060675992289
GE.MTE,40.3997,-7.5442,IU.KEV,69.7565,27.0035,3825.0785801444076,385,1.027031898505565
GE.MTE,40.3997,-7.5442,IU.YAK,62.031,129.6805,7997.753339890942,370,1.0068260178089292
GE.MTE,40.3997,-7.5442,PS.MCSJ,24.29,153.978,12571.998961650657,505,1.1762489718744142
GE.MTE,40.3997,-7.5442,PS.PSI,2.6938,98.923698,11194.199003545704,476,1.141976177090002
GE.MTE,40.3997,-7.5442,PS.SYO,-69.0067,39.585,12765.369905558942,365,1.0
GE.PMG,-9.4092,147.1539,GE.SKD,35.411999,23.927999,13606.295072693343,446,1.1054039117983878
GE.PMG,-9.4092,147.1539,GE.SNAA,-71.6707,-2.8379,10732.033104732986,713,1.3976496905642153
GE.PMG,-9.4092,147.1539,IC.HIA,49.270115,119.741363,7051.273483796549,857,1.532300625033956
GE.PMG,-9.4092,147.1539,IC.SSE,31.09455,121.18863,5286.091832689533,709,1.3937237005320162
GE.PMG,-9.4092,147.1539,IC.XAN,34.03107,108.92321,6291.658198457257,532,1.2072838301639521
GE.PMG,-9.4092,147.1539,II.ERM,42.015,143.1572,5732.631392024102,383,1.0243608097214334
GE.PMG,-9.4092,147.1539,II.FFC,54.725,-101.9783,12193.48231374615,442,1.100435779184587
GE.PMG,-9.4092,147.1539,II.LVZ,67.8979,34.6514,11905.633213060593,569,1.248560815334616
GE.PMG,-9.4092,147.1539,II.NIL,33.6506,73.2686,9129.716711818446,981,1.6394118557814301
GE.PMG,-9.4092,147.1539,II.RAYN,23.5225,45.5032,11603.707081597668,1008,1.6618194353227544
GE.PMG,-9.4092,147.1539,IU.ADK,51.8823,-176.6842,7640.570162603166,405,1.0533703247651751
GE.PMG,-9.4092,147.1539,IU.JOHN,16.7329,-169.5292,5580.248949767121,672,1.3568698870602733
GE.PMG,-9.4092,147.1539,IU.KEV,69.7565,27.0035,12115.352203526376,1172,1.7919148707763963
GE.PMG,-9.4092,147.1539,IU.MA2,59.5756,150.77,7677.5574866973275,389,1.032353342929413
GE.PMG,-9.4092,147.1539,IU.TIXI,71.6341,128.8667,9112.747393068637,801,1.4813914229349396
GE.PMG,-9.4092,147.1539,IU.XMAS,2.0448,-157.4457,6266.684035444183,380,1.0203410657280039
GE.PMG,-9.4092,147.1539,IU.YAK,62.031,129.6805,8086.754773959533,899,1.569399152105715
GE.PMG,-9.4092,147.1539,PS.MCSJ,24.29,153.978,3819.717031984521,795,1.4758327113127767
GE.PMG,-9.4092,147.1539,PS.PSI,2.6938,98.923698,5509.856822587508,1058,1.702536383454492
GE.PMG,-9.4092,147.1539,PS.SYO,-69.0067,39.585,9714.729777300385,883,1.555370721786861
GE.PMG,-9.4092,147.1539,TW.KMNB,24.4638,118.388199,4891.480013786999,652,1.3365258582844604
GE.PSZ,47.918201,19.8934,IU.KIEV,50.7012,29.2242,743.1710667632095,166,0.6743845494582044
GE.RUE,52.475899,13.78,GE.SKD,35.411999,23.927999,2059.3474292766177,440,1.0979432827130893
GE.RUE,52.475899,13.78,GE.TRTE,58.378601,26.720501,1044.6369617574508,243,0.8159371450409243
GE.RUE,52.475899,13.78,IC.HIA,49.270115,119.741363,6732.485847162248,663,1.34775307685213
GE.RUE,52.475899,13.78,IC.XAN,34.03107,108.92321,7395.5100278323835,528,1.2027366056064617
GE.RUE,52.475899,13.78,II.NIL,33.6506,73.2686,5095.083175901768,641,1.3252035253355026
GE.RUE,52.475899,13.78,II.RAYN,23.5225,45.5032,4188.384743261784,458,1.120176111398536
GE.RUE,52.475899,13.78,II.SHEL,-15.9594,-5.7455,7838.7966880885615,392,1.0363264942766475
GE.RUE,52.475899,13.78,IU.JOHN,16.7329,-169.5292,12312.809562523391,527,1.201597110698239
GE.RUE,52.475899,13.78,IU.KEV,69.7565,27.0035,2037.9546835891222,887,1.5588896645694237
GE.RUE,52.475899,13.78,IU.MIDW,28.2154,-177.3697,10977.290396865916,825,1.503420757008077
GE.RUE,52.475899,13.78,IU.SAML,-8.9489,-63.1831,9928.827247613553,552,1.229767769590376
GE.RUE,52.475899,13.78,IU.TATO,24.9735,121.4971,8939.772234123697,459,1.1213983442895492
GE.RUE,52.475899,13.78,IU.TIXI,71.6341,128.8667,5318.488825274702,538,1.214072733710681
GE.RUE,52.475899,13.78,IU.TRQA,-38.0568,-61.9787,12428.494884183832,756,1.4391778474922161
GE.RUE,52.475899,13.78,IU.YAK,62.031,129.6805,6099.316778918633,557,1.2353248144760447
GE.RUE,52.475899,13.78,MN.CLTB,37.578,13.216,1657.152520996543,387,1.0296960583603008
GE.RUE,52.475899,13.78,NR.NE74,28.007509,-114.013802,9734.307127200693,419,1.0714220482515058
GE.RUE,52.475899,13.78,NR.NE75,27.293341,-112.856491,9748.392288031979,420,1.0726998329014736
GE.RUE,52.475899,13.78,NR.NE79,23.11937,-109.756111,9995.25603095267,598,1.2799828765977932
GE.RUE,52.475899,13.78,NR.NE80,30.5,-112.319931,9412.217365071177,520,1.1935901868927103
GE.RUE,52.475899,13.78,NR.NE82,26.915661,-109.230843,9605.083653833379,624,1.307512539555889
GE.RUE,52.475899,13.78,PS.MCSJ,24.29,153.978,10647.483564789087,649,1.3334474836981103
GE.RUE,52.475899,13.78,PS.SYO,-69.0067,39.585,13672.139207402,840,1.5170266520446167
GE.RUE,52.475899,13.78,PS.TSK,36.2108,140.1097,8871.45917690176,439,1.0966949101857806
GE.RUE,52.475899,13.78,TW.KMNB,24.4638,118.388199,8798.68768446596,603,1.2853228366914469
GE.RUE,52.475899,13.78,YF.N6002,63.53149,9.06231,1259.5188809626438,139,0.6171077035722526
GE.RUE,52.475899,13.78,YY.SW03,58.074699,12.6033,626.9790082586092,94,0.5074783212860846
GE.SKD,35.411999,23.927999,GE.SNAA,-71.6707,-2.8379,12090.943946702486,433,1.0891746278090642
GE.SKD,35.411999,23.927999,GE.TRTE,58.378601,26.720501,2562.0455674884224,465,1.128703948225453
GE.SKD,35.411999,23.927999,IC.HIA,49.270115,119.741363,7488.0180665939215,698,1.3828697578308984
GE.SKD,35.411999,23.927999,IC.XAN,34.03107,108.92321,7502.042367816778,429,1.0841321255979017
GE.SKD,35.411999,23.927999,II.FFC,54.725,-101.9783,8744.008808646935,382,1.023022650025772
GE.SKD,35.411999,23.927999,II.LVZ,67.8979,34.6514,3675.3062692691096,422,1.07525084680815
GE.SKD,35.411999,23.927999,II.NIL,33.6506,73.2686,4476.57898599292,461,1.1238388223540496
GE.SKD,35.411999,23.927999,II.RAYN,23.5225,45.5032,2463.1565643758586,683,1.367930143213581
GE.SKD,35.411999,23.927999,IU.JOHN,16.7329,-169.5292,14045.711031078816,707,1.391756552479586
GE.SKD,35.411999,23.927999,IU.KEV,69.7565,27.0035,3823.5238571801483,767,1.4496102452085866
GE.SKD,35.411999,23.927999,IU.MIDW,28.2154,-177.3697,12595.731061894681,549,1.2264214565316018
GE.SKD,35.411999,23.927999,IU.TIXI,71.6341,128.8667,6790.699411356078,760,1.4429801733987608
GE.SKD,35.411999,23.927999,IU.TRQA,-38.0568,-61.9787,12024.978476165066,535,1.2106830405426245
GE.SKD,35.411999,23.927999,IU.YAK,62.031,129.6805,7330.039699751391,471,1.1359625693235273
GE.SKD,35.411999,23.927999,MN.CLTB,37.578,13.216,986.7527045628243,317,0.9319297992257418
GE.SKD,35.411999,23.927999,MN.WDD,35.8373,14.5242,850.9478435598237,175,0.6924247647178143
GE.SKD,35.411999,23.927999,PS.MCSJ,24.29,153.978,11549.28222951617,515,1.1878379115475264
GE.SKD,35.411999,23.927999,PS.PSI,2.6938,98.923698,8476.574948857002,471,1.1359625693235273
GE.SKD,35.411999,23.927999,PS.SYO,-69.0067,39.585,11682.219319359046,672,1.3568698870602733
GE.SKD,35.411999,23.927999,TW.KMNB,24.4638,118.388199,8839.776388070177,635,1.318986742692003
GE.SKD,35.411999,23.927999,YF.DUOK,44.113098,14.9318,1234.2570869817143,120,0.5733821790809959
GE.SKD,35.411999,23.927999,YF.HVAR,43.177601,16.449,1075.962219560467,124,0.5828602125700983
GE.SNAA,-71.6707,-2.8379,IC.HIA,49.270115,119.741363,16243.607362232286,765,1.4477190372993318
GE.SNAA,-71.6707,-2.8379,IC.SSE,31.09455,121.18863,14440.005017490175,573,1.252941743936497
GE.SNAA,-71.6707,-2.8379,IC.XAN,34.03107,108.92321,14332.283370243162,631,1.3148258908645172
GE.SNAA,-71.6707,-2.8379,II.ERM,42.015,143.1572,16234.716813103209,368,1.0041011792056576
GE.SNAA,-71.6707,-2.8379,II.FFC,54.725,-101.9783,15956.09602202849,556,1.2342154071445053
GE.SNAA,-71.6707,-2.8379,II.HOPE,-54.2836,-36.4879,2507.4371631761037,383,1.0243608097214334
GE.SNAA,-71.6707,-2.8379,II.KAPI,-5.0142,119.7517,10554.651480184377,772,1.4543275054645308
GE.SNAA,-71.6707,-2.8379,II.LVZ,67.8979,34.6514,15765.032716534743,455,1.1165013848919998
GE.SNAA,-71.6707,-2.8379,II.NIL,33.6506,73.2686,13075.525588711942,698,1.3828697578308984
GE.SNAA,-71.6707,-2.8379,II.RAYN,23.5225,45.5032,11207.27723066367,1238,1.8416788053072144
GE.SNAA,-71.6707,-2.8379,II.SHEL,-15.9594,-5.7455,6197.823495112337,586,1.2670751564350058
GE.SNAA,-71.6707,-2.8379,IU.JOHN,16.7329,-169.5292,13843.564061752511,719,1.4035180845641535
GE.SNAA,-71.6707,-2.8379,IU.KEV,69.7565,27.0035,15875.650315090561,982,1.6402472249341284
GE.SNAA,-71.6707,-2.8379,IU.MIDW,28.2154,-177.3697,15171.428872037755,446,1.1054039117983878
GE.SNAA,-71.6707,-2.8379,IU.PMSA,-64.7744,-64.0489,2511.7783434764287,422,1.07525084680815
GE.SNAA,-71.6707,-2.8379,IU.TIXI,71.6341,128.8667,18369.701930636922,734,1.4180828269567294
GE.SNAA,-71.6707,-2.8379,IU.TRQA,-38.0568,-61.9787,4957.9148997507955,414,1.0650101292205938
GE.SNAA,-71.6707,-2.8379,IU.YAK,62.031,129.6805,17761.154996355217,690,1.3749221646711896
GE.SNAA,-71.6707,-2.8379,MX.MOIG,19.646708,-101.227303,12370.004763136005,375,1.0136060675992289
GE.SNAA,-71.6707,-2.8379,NZ.URZ,-38.259249,177.110894,7791.444274606097,571,1.2507531977348032
GE.SNAA,-71.6707,-2.8379,PB.B934,39.844501,-123.691399,15240.020214724513,488,1.156281238008238
GE.SNAA,-71.6707,-2.8379,PM.PESTR,38.867168,-7.590169,12296.994865675271,564,1.2430629426750903
GE.SNAA,-71.6707,-2.8379,PM.PFVI,37.132832,-8.826829,12107.629199389845,562,1.240856972981681
GE.SNAA,-71.6707,-2.8379,PS.MCSJ,24.29,153.978,14548.994486741445,687,1.3719299474907303
GE.SNAA,-71.6707,-2.8379,PS.PSI,2.6938,98.923698,10701.112235879034,1100,1.7360007575277685
GE.SNAA,-71.6707,-2.8379,PS.SYO,-69.0067,39.585,1579.5735421581028,1019,1.6708622989097002
GE.SNAA,-71.6707,-2.8379,RM.DLV,11.952,108.481499,12005.206527121842,433,1.0891746278090642
GE.SNAA,-71.6707,-2.8379,RM.SLV,21.325247,103.906708,12836.678539920898,430,1.0853949473720717
GE.SNAA,-71.6707,-2.8379,S1.AUBUS,-33.6601,115.3828,7369.29976058127,399,1.0455384665001604
GE.SNAA,-71.6707,-2.8379,TW.KMNB,24.4638,118.388199,13653.193443907045,1193,1.8078974392052585
GE.SNAA,-71.6707,-2.8379,YT.RMBO,-83.8714,-66.3959,1835.3935311988819,399,1.0455384665001604
GE.SOCY,12.18703,53.987419,IC.HIA,49.270115,119.741363,7232.834263810813,983,1.641082168854292
GE.SOCY,12.18703,53.987419,II.EFI,-51.6753,-58.0637,12581.994631530131,404,1.0520690638301713
GE.SOCY,12.18703,53.987419,II.KAPI,-5.0142,119.7517,7515.52135220226,1060,1.7041448263105738
GE.SOCY,12.18703,53.987419,II.LVZ,67.8979,34.6514,6353.414897041171,409,1.0585593725462352
GE.SOCY,12.18703,53.987419,II.NIL,33.6506,73.2686,3085.3425191581246,932,1.5979438843508387
GE.SOCY,12.18703,53.987419,II.PALK,7.2728,80.7022,2976.6528270892213,596,1.2778406443405872
GE.SOCY,12.18703,53.987419,II.RAYN,23.5225,45.5032,1546.4410203683422,971,1.6310346325577332
GE.SOCY,12.18703,53.987419,IU.JOHN,16.7329,-169.5292,14252.21655096372,510,1.1820576440988835
GE.SOCY,12.18703,53.987419,IU.KBS,78.9154,11.9385,7751.805026150386,510,1.1820576440988835
GE.SOCY,12.18703,53.987419,IU.KEV,69.7565,27.0035,6675.70086074462,466,1.1299169565800504
GE.SOCY,12.18703,53.987419,IU.MIDW,28.2154,-177.3697,12896.389921577023,445,1.1041639743225553
GE.SOCY,12.18703,53.987419,IU.TRQA,-38.0568,-61.9787,13104.053137009263,484,1.1515326296984703
GE.SOCY,12.18703,53.987419,MN.CLTB,37.578,13.216,4928.536195087134,437,1.0941938923118713
GE.SOCY,12.18703,53.987419,MX.HPIG,26.936794,-105.664017,15141.482685965482,498,1.1680683035010562
GE.SOCY,12.18703,53.987419,MX.ZAIG,22.769176,-102.567123,15364.321138750895,786,1.4674551637219606
GE.SOCY,12.18703,53.987419,MY.KOM,1.7922,103.846703,5612.425125052612,370,1.0068260178089292
GE.SOCY,12.18703,53.987419,NZ.URZ,-38.259249,177.110894,13718.780317117054,1081,1.7209427171223446
GE.SOCY,12.18703,53.987419,PB.B934,39.844501,-123.691399,14224.489307017951,1081,1.7209427171223446
GE.SOCY,12.18703,53.987419,PM.PESTR,38.867168,-7.590169,6710.556249772951,905,1.574627592414956
GE.SOCY,12.18703,53.987419,PM.PFVI,37.132832,-8.826829,6792.677620150608,1081,1.7209427171223446
GE.SOCY,12.18703,53.987419,PS.PSI,2.6938,98.923698,5057.70462719981,902,1.5720155459512253
GE.SOCY,12.18703,53.987419,PS.SYO,-69.0067,39.585,9099.235468639801,1012,1.6651134314892868
GE.SOCY,12.18703,53.987419,RM.DLV,11.952,108.481499,5914.896457393707,661,1.345718731425549
GE.SOCY,12.18703,53.987419,RM.SLV,21.325247,103.906708,5389.433368268323,838,1.5152195916628401
GE.SOCY,12.18703,53.987419,S1.AUBUS,-33.6601,115.3828,8249.1828787117,556,1.2342154071445053
GE.SOCY,12.18703,53.987419,TT.TATN,32.578701,10.5292,4963.644400584037,453,1.114044833214067
GE.SOCY,12.18703,53.987419,VE.BAUV,8.9433,-68.041496,13191.970950120496,547,1.2241854994184098
GE.SOCY,12.18703,53.987419,X8.QM38,47.675201,-70.853104,11420.247406350714,683,1.367930143213581
GE.SOCY,12.18703,53.987419,X8.QM58,49.048401,-72.740601,11444.791416834436,475,1.140775991601199
GE.SOCY,12.18703,53.987419,X8.QM76,50.764801,-74.817596,11446.411559257727,542,1.2185776572912024
GE.SOCY,12.18703,53.987419,X8.QMM5,50.8438,-68.798203,11099.277466110983,593,1.2746205452002473
GE.SOCY,12.18703,53.987419,XF.NE4,76.657433,-34.27758,8645.043932878221,538,1.214072733710681
GE.SOCY,12.18703,53.987419,XL.AT13,44.992001,96.270103,5409.483234932234,602,1.2842566209652768
GE.SOCY,12.18703,53.987419,XL.HV10,51.572102,100.448601,6035.345742631842,604,1.2863881686909069
GE.SOCY,12.18703,53.987419,XY.PACW,39.9962,-77.9247,12384.702938910883,424,1.0777958227866902
GE.SOCY,12.18703,53.987419,YB.AT56,36.7019,35.546902,3289.8474893842636,455,1.1165013848919998
GE.SOCY,12.18703,53.987419,YT.MA07,-78.2496,-93.4991,12453.38613754003,564,1.2430629426750903
GE.SOCY,12.18703,53.987419,YT.MA09,-79.8993,-104.9977,12407.530802734727,546,1.2230659879822119
GE.SOCY,12.18703,53.987419,YT.RMBO,-83.8714,-66.3959,11700.947731554266,897,1.5676524635822005
GE.SOCY,12.18703,53.987419,YY.ABMD,11.8317,35.5825,2001.7551659395237,565,1.244164460784607
GE.SOCY,12.18703,53.987419,YY.CHGE,10.9614,36.518398,1907.5047477775354,582,1.2627432628785653
GE.SOCY,12.18703,53.987419,YY.NEKE,9.089,36.523701,1938.8417790833118,631,1.3148258908645172
GE.SUMG,72.5742,-38.4626,IC.HIA,49.270115,119.741363,6361.315011071042,760,1.4429801733987608
GE.SUMG,72.5742,-38.4626,II.ARTI,56.3879,58.3849,4360.120501704618,413,1.063723107446232
GE.SUMG,72.5742,-38.4626,II.ERM,42.015,143.1572,7272.736212424558,600,1.2821215295120647
GE.SUMG,72.5742,-38.4626,II.HOPE,-54.2836,-36.4879,14106.78995896201,400,1.0468478451804273
GE.SUMG,72.5742,-38.4626,II.KAPI,-5.0142,119.7517,12356.58816605903,900,1.570271767770641
GE.SUMG,72.5742,-38.4626,II.LVZ,67.8979,34.6514,2618.4737505473013,383,1.0243608097214334
GE.SUMG,72.5742,-38.4626,II.NIL,33.6506,73.2686,7130.480232178831,496,1.1657204251401967
GE.SUMG,72.5742,-38.4626,II.PALK,7.2728,80.7022,10160.355202303339,386,1.0283648411800856
GE.SUMG,72.5742,-38.4626,II.RAYN,23.5225,45.5032,7318.492424115646,892,1.5632772039655527
GE.SUMG,72.5742,-38.4626,II.SHEL,-15.9594,-5.7455,10135.554221942231,653,1.3375504087287369
GE.SUMG,72.5742,-38.4626,IU.JOHN,16.7329,-169.5292,9457.090832269778,414,1.0650101292205938
GE.SUMG,72.5742,-38.4626,IU.KBS,78.9154,11.9385,1483.6913887716855,346,0.973624776533266
GE.SUMG,72.5742,-38.4626,IU.KEV,69.7565,27.0035,2251.5902449521805,546,1.2230659879822119
GE.SUMG,72.5742,-38.4626,IU.MIDW,28.2154,-177.3697,8383.16492343394,584,1.2649110640673518
GE.SUMG,72.5742,-38.4626,IU.TRQA,-38.0568,-61.9787,12435.48137572293,604,1.2863881686909069
GE.SUMG,72.5742,-38.4626,JP.ASAJ,44.118801,142.593002,7039.16664742015,365,1.0
GE.SUMG,72.5742,-38.4626,MM.KTN,21.2857,99.589798,9120.271394728194,370,1.0068260178089292
GE.SUMG,72.5742,-38.4626,MX.HPIG,26.936794,-105.664017,6406.022686604427,451,1.111582852672784
GE.SUMG,72.5742,-38.4626,MX.MOIG,19.646708,-101.227303,7034.7785393325985,500,1.1704114719613057
GE.SUMG,72.5742,-38.4626,MX.ZAIG,22.769176,-102.567123,6746.10030245067,498,1.1680683035010562
GE.SUMG,72.5742,-38.4626,N4.ABTX,32.6238,-99.6431,5616.3076989084375,402,1.0494617015468923
GE.SUMG,72.5742,-38.4626,NZ.URZ,-38.259249,177.110894,15728.55113285636,1189,1.804864052103466
GE.SUMG,72.5742,-38.4626,PB.B934,39.844501,-123.691399,5661.878516120368,955,1.6175408360113768
GE.SUMG,72.5742,-38.4626,PM.PESTR,38.867168,-7.590169,4111.959356698271,889,1.5606461605233148
GE.SUMG,72.5742,-38.4626,PM.PFVI,37.132832,-8.826829,4272.103765101203,946,1.6099008733204065
GE.SUMG,72.5742,-38.4626,PS.PSI,2.6938,98.923698,11130.233963779197,995,1.651068562253026
GE.SUMG,72.5742,-38.4626,PS.SYO,-69.0067,39.585,16711.637409689083,1176,1.7949701413168906
GE.SUMG,72.5742,-38.4626,RM.DLV,11.952,108.481499,10313.283799973222,435,1.091687144706673
GE.SUMG,72.5742,-38.4626,RM.SLV,21.325247,103.906708,9202.40738601195,448,1.107879623548503
GE.SUMG,72.5742,-38.4626,S1.AUBUS,-33.6601,115.3828,15435.340701069328,544,1.2208238852939066
GE.SUMG,72.5742,-38.4626,TW.KMNB,24.4638,118.388199,9083.873313554577,518,1.19129260981162
GE.SUMG,72.5742,-38.4626,Y5.RW1,58.852901,-113.175903,3444.139307722187,365,1.0
GE.SUMG,72.5742,-38.4626,YT.RMBO,-83.8714,-66.3959,17456.015613505715,592,1.273545369517387
GE.SUMG,72.5742,-38.4626,ZD.FM09,-12.65027,-73.041481,9805.985018811518,365,1.0
GE.SUMG,72.5742,-38.4626,ZD.FS07,-13.46172,-71.9198,9874.57483922334,365,1.0
GE.SUMG,72.5742,-38.4626,ZG.CB14,-17.249399,-65.900902,10192.9427987417,365,1.0
GE.TIRR,44.458099,28.4128,MN.CLTB,37.578,13.216,1483.3423813701015,101,0.5260345319150856
GE.TRTE,58.378601,26.720501,IC.HIA,49.270115,119.741363,5687.850517912834,548,1.225303988002038
GE.TRTE,58.378601,26.720501,IC.XAN,34.03107,108.92321,6407.285799559917,401,1.0481555881577418
GE.TRTE,58.378601,26.720501,II.LVZ,67.8979,34.6514,1128.8722712131766,440,1.0979432827130893
GE.TRTE,58.378601,26.720501,II.NIL,33.6506,73.2686,4388.232551168718,545,1.2219454508821197
GE.TRTE,58.378601,26.720501,II.RAYN,23.5225,45.5032,4152.6659404937245,764,1.4467725062813113
GE.TRTE,58.378601,26.720501,II.SHEL,-15.9594,-5.7455,8782.02377947599,426,1.080334803508261
GE.TRTE,58.378601,26.720501,IU.JOHN,16.7329,-169.5292,11531.207104961557,735,1.4190484946389206
GE.TRTE,58.378601,26.720501,IU.KEV,69.7565,27.0035,1265.237855160449,848,1.5242334700540061
GE.TRTE,58.378601,26.720501,IU.MIDW,28.2154,-177.3697,10129.710734903707,471,1.1359625693235273
GE.TRTE,58.378601,26.720501,IU.RCBR,-5.8274,-35.9014,9026.351383221669,395,1.0402844711048598
GE.TRTE,58.378601,26.720501,IU.TIXI,71.6341,128.8667,4374.41155834751,731,1.4151818703005623
GE.TRTE,58.378601,26.720501,IU.TRQA,-38.0568,-61.9787,13458.395215434355,628,1.3116965903765547
GE.TRTE,58.378601,26.720501,IU.YAK,62.031,129.6805,5094.855043307815,424,1.0777958227866902
GE.TRTE,58.378601,26.720501,MN.CLTB,37.578,13.216,2510.966096675379,386,1.0283648411800856
GE.TRTE,58.378601,26.720501,NL.HGN,50.764,5.9317,1575.1826710507291,509,1.1808981954195736
GE.TRTE,58.378601,26.720501,PS.MCSJ,24.29,153.978,9618.887804764914,661,1.345718731425549
GE.TRTE,58.378601,26.720501,PS.PSI,2.6938,98.923698,8724.100081834,727,1.4113046524113098
GE.TRTE,58.378601,26.720501,PS.SYO,-69.0067,39.585,14202.509373993867,848,1.5242334700540061
GE.TRTE,58.378601,26.720501,TW.KMNB,24.4638,118.388199,7805.841286279151,749,1.4324994919791587
GO.GHRG,41.7348,42.341,IC.HIA,49.270115,119.741363,5822.441223287445,576,1.2562174142165128
GO.GHRG,41.7348,42.341,II.ARTI,56.3879,58.3849,1994.7207875909774,741,1.4248287568340872
GO.GHRG,41.7348,42.341,II.FFC,54.725,-101.9783,8767.563335686214,630,1.3137836188886942
GO.GHRG,41.7348,42.341,II.KAPI,-5.0142,119.7517,9344.765320520744,862,1.5367640793617081
GO.GHRG,41.7348,42.341,II.LVZ,67.8979,34.6514,2945.480291789155,866,1.5403255304402466
GO.GHRG,41.7348,42.341,II.RAYN,23.5225,45.5032,2046.248832868617,569,1.248560815334616
GO.GHRG,41.7348,42.341,KS.SH2B,38.2686,128.2524,7004.770834088016,372,1.0095435018818064
GO.GHRG,41.7348,42.341,M8.AI45,-29.9886,114.9982,10902.845999459996,393,1.0376474973550138
GO.GHRG,41.7348,42.341,M8.AU52,-33.4865,120.9751,11582.086566141756,659,1.343681305985461
GO.GHRG,41.7348,42.341,M8.WATNG,-30.73225,118.19848,11183.021367352354,393,1.0376474973550138
GO.GHRG,41.7348,42.341,MM.KTN,21.2857,99.589798,5764.655945134389,377,1.0163054227587134
GO.GHRG,41.7348,42.341,MM.YGN,16.864799,96.153397,5789.309887366947,382,1.023022650025772
GO.GHRG,41.7348,42.341,MX.HPIG,26.936794,-105.664017,11700.794771115225,772,1.4543275054645308
GO.GHRG,41.7348,42.341,MX.MOIG,19.646708,-101.227303,12228.783460539507,839,1.516123391082105
GO.GHRG,41.7348,42.341,MX.ZAIG,22.769176,-102.567123,11984.698582873814,780,1.4618434599401753
GO.GHRG,41.7348,42.341,N4.250A,31.9778,-86.2677,10278.076491881902,365,1.0
GO.GHRG,41.7348,42.341,N4.ABTX,32.6238,-99.6431,10878.46450417603,866,1.5403255304402466
GO.GHRG,41.7348,42.341,NZ.URZ,-38.259249,177.110894,16187.269820922711,866,1.5403255304402466
GO.GHRG,41.7348,42.341,PB.B934,39.844501,-123.691399,10834.924495162668,861,1.5358724262089742
GO.GHRG,41.7348,42.341,PM.PESTR,38.867168,-7.590169,4186.726328649051,832,1.5097854333628076
GO.GHRG,41.7348,42.341,PM.PFVI,37.132832,-8.826829,4359.363927707562,856,1.531406373061068
GO.GHRG,41.7348,42.341,PS.CHUK,7.4638,151.8554,11035.776161781503,573,1.252941743936497
GO.GHRG,41.7348,42.341,PS.JAY,-2.5147,140.703,10887.161132220022,858,1.5331943554249243
GO.GHRG,41.7348,42.341,PS.KOR,7.3436,134.4741,9640.769896064774,790,1.4711844077626148
GO.GHRG,41.7348,42.341,PS.PSI,2.6938,98.923698,7092.104393583636,400,1.0468478451804273
GO.GHRG,41.7348,42.341,PS.SYO,-69.0067,39.585,12316.016702888559,840,1.5170266520446167
GO.GHRG,41.7348,42.341,PS.VIVO,18.6498,105.6965,6449.059391888871,856,1.531406373061068
GO.GHRG,41.7348,42.341,QZ.ALGA,49.986897,57.210083,1467.7483871032912,470,1.1347560235031635
GO.GHRG,41.7348,42.341,QZ.FDRN,51.26934,51.769418,1280.211484406759,470,1.1347560235031635
GO.GHRG,41.7348,42.341,QZ.INDER,48.501565,51.694986,1049.6283483245797,470,1.1347560235031635
GO.GHRG,41.7348,42.341,QZ.USHN,49.969499,82.743909,3216.7807847740105,388,1.0310255567298694
GO.GHRG,41.7348,42.341,S1.AUBUS,-33.6601,115.3828,11211.18252255222,860,1.5349802551048153
GO.GHRG,41.7348,42.341,TW.KMNB,24.4638,118.388199,7108.82363157382,730,1.4142135623730951
GO.GHRG,41.7348,42.341,YT.RMBO,-83.8714,-66.3959,14836.782420530608,590,1.2713922904298198
GT.DBIC,6.67015,-4.85653,GT.PLCA,-40.73277,-70.55083,8502.832257382459,371,1.0081856754409793
GT.DBIC,6.67015,-4.85653,IC.HIA,49.270115,119.741363,11815.39093515636,1070,1.7121643756704754
GT.DBIC,6.67015,-4.85653,IC.SSE,31.09455,121.18863,12913.570293894447,704,1.388800606022215
GT.DBIC,6.67015,-4.85653,IC.XAN,34.03107,108.92321,11728.827300146359,399,1.0455384665001604
GT.DBIC,6.67015,-4.85653,II.EFI,-51.6753,-58.0637,8214.32653747908,414,1.0650101292205938
GT.DBIC,6.67015,-4.85653,II.ERM,42.015,143.1572,13703.767739712779,712,1.3966692276651795
GT.DBIC,6.67015,-4.85653,II.FFC,54.725,-101.9783,9856.46603684481,570,1.2496574873206012
GT.DBIC,6.67015,-4.85653,II.HOPE,-54.2836,-36.4879,7390.109616840298,439,1.0966949101857806
GT.DBIC,6.67015,-4.85653,II.KAPI,-5.0142,119.7517,13887.993643321632,779,1.4609060802606257
GT.DBIC,6.67015,-4.85653,II.LVZ,67.8979,34.6514,7413.907170484457,569,1.248560815334616
GT.DBIC,6.67015,-4.85653,II.NIL,33.6506,73.2686,8499.526086156167,999,1.654383964311146
GT.DBIC,6.67015,-4.85653,II.NNA,-11.9875,-76.8422,8223.788689954848,539,1.215200530269438
GT.DBIC,6.67015,-4.85653,II.RAYN,23.5225,45.5032,5687.076622792631,1276,1.8697300369194756
GT.DBIC,6.67015,-4.85653,II.SHEL,-15.9594,-5.7455,2518.1971087225984,644,1.328301005662435
GT.DBIC,6.67015,-4.85653,IU.FUNA,-8.5259,179.1966,19523.048094233858,484,1.1515326296984703
GT.DBIC,6.67015,-4.85653,IU.JOHN,16.7329,-169.5292,16914.622822445723,401,1.0481555881577418
GT.DBIC,6.67015,-4.85653,IU.KEV,69.7565,27.0035,7379.730222215726,1158,1.7811801536414074
GT.DBIC,6.67015,-4.85653,IU.MBWA,-21.159,119.7313,13854.112009481158,474,1.1395745420929257
GT.DBIC,6.67015,-4.85653,IU.MIDW,28.2154,-177.3697,16053.659948992165,824,1.5025093166351224
GT.DBIC,6.67015,-4.85653,IU.TRQA,-38.0568,-61.9787,7709.429250997269,845,1.5215349135496974
GT.DBIC,6.67015,-4.85653,IU.YAK,62.031,129.6805,11447.692267932076,550,1.2275379077928685
GT.DBIC,6.67015,-4.85653,MM.KTN,21.2857,99.589798,11217.116413899843,365,1.0
GT.DBIC,6.67015,-4.85653,MN.CLTB,37.578,13.216,3891.74289994992,578,1.258396457335929
GT.DBIC,6.67015,-4.85653,MX.HPIG,26.936794,-105.664017,10731.691979968267,452,1.112814523801501
GT.DBIC,6.67015,-4.85653,MX.MOIG,19.646708,-101.227303,10420.316808998828,418,1.0701427378868926
GT.DBIC,6.67015,-4.85653,MX.ZAIG,22.769176,-102.567123,10504.507811072097,537,1.2129438885258992
GT.DBIC,6.67015,-4.85653,NR.NE79,23.11937,-109.756111,11220.70091710683,617,1.3001580515091655
GT.DBIC,6.67015,-4.85653,NR.NE81,28.918341,-109.636261,11067.582072907833,383,1.0243608097214334
GT.DBIC,6.67015,-4.85653,NR.NE83,24.730881,-107.739326,10983.22662568272,466,1.1299169565800504
GT.DBIC,6.67015,-4.85653,NZ.URZ,-38.259249,177.110894,16496.974364840924,1421,1.9731068610015796
GT.DBIC,6.67015,-4.85653,PB.B934,39.844501,-123.691399,11904.502975131938,737,1.4209778612602593
GT.DBIC,6.67015,-4.85653,PM.PESTR,38.867168,-7.590169,3590.6584948905056,699,1.3838599976698094
GT.DBIC,6.67015,-4.85653,PM.PFVI,37.132832,-8.826829,3411.1059855294166,787,1.4683883626485343
GT.DBIC,6.67015,-4.85653,PS.MCSJ,24.29,153.978,15877.86612408794,937,1.6022244810485304
GT.DBIC,6.67015,-4.85653,PS.PSI,2.6938,98.923698,11491.793275783933,1528,2.046045300051544
GT.DBIC,6.67015,-4.85653,PS.SYO,-69.0067,39.585,9076.566638961618,1817,2.231161623858931
GT.DBIC,6.67015,-4.85653,RM.DLV,11.952,108.481499,12359.868436478511,577,1.2573074078395543
GT.DBIC,6.67015,-4.85653,RM.SLV,21.325247,103.906708,11652.718832106852,629,1.3127405193841153
GT.DBIC,6.67015,-4.85653,S1.AUBUS,-33.6601,115.3828,13202.46207712841,619,1.3022635720002707
GT.DBIC,6.67015,-4.85653,TW.KMNB,24.4638,118.388199,12963.645454359841,915,1.5833032921927792
GT.DBIC,6.67015,-4.85653,TW.MATB,26.151501,119.945602,13036.063057814346,641,1.3252035253355026
GT.DBIC,6.67015,-4.85653,XT.CMPC,7.6508,-64.073097,6529.014665750853,440,1.0979432827130893
GT.DBIC,6.67015,-4.85653,YT.RMBO,-83.8714,-66.3959,10421.688198871028,658,1.3426614338795158
GT.PLCA,-40.73277,-70.55083,IC.HIA,49.270115,119.741363,18770.00527510362,944,1.608198174934611
GT.PLCA,-40.73277,-70.55083,IC.XAN,34.03107,108.92321,19268.475284272135,478,1.1443727719130206
GT.PLCA,-40.73277,-70.55083,II.COCO,-12.1901,96.8349,13988.763509170782,390,1.0336794235569031
GT.PLCA,-40.73277,-70.55083,II.ERM,42.015,143.1572,17217.04134664104,703,1.387813891435114
GT.PLCA,-40.73277,-70.55083,II.FFC,54.725,-101.9783,11026.857912770458,931,1.5970863882416786
GT.PLCA,-40.73277,-70.55083,II.HOPE,-54.2836,-36.4879,2927.6358521657316,388,1.0310255567298694
GT.PLCA,-40.73277,-70.55083,II.KAPI,-5.0142,119.7517,14820.898989119036,795,1.4758327113127767
GT.PLCA,-40.73277,-70.55083,II.LVZ,67.8979,34.6514,14765.870358116641,848,1.5242334700540061
GT.PLCA,-40.73277,-70.55083,II.NIL,33.6506,73.2686,16739.70752839571,650,1.3344743975843896
GT.PLCA,-40.73277,-70.55083,II.RAYN,23.5225,45.5032,13837.539882048173,755,1.4382256953221673
GT.PLCA,-40.73277,-70.55083,II.SHEL,-15.9594,-5.7455,6748.245498762368,420,1.0726998329014736
GT.PLCA,-40.73277,-70.55083,IU.JOHN,16.7329,-169.5292,11956.243959370877,371,1.0081856754409793
GT.PLCA,-40.73277,-70.55083,IU.KEV,69.7565,27.0035,14487.927173443682,1028,1.6782247633032898
GT.PLCA,-40.73277,-70.55083,IU.MBWA,-21.159,119.7313,13051.361587770558,397,1.0429147773795864
GT.PLCA,-40.73277,-70.55083,IU.MIDW,28.2154,-177.3697,13356.012976060543,557,1.2353248144760447
GT.PLCA,-40.73277,-70.55083,IU.TRQA,-38.0568,-61.9787,793.9925330951655,632,1.3158673372779903
GT.PLCA,-40.73277,-70.55083,MM.YGN,16.864799,96.153397,17069.99182427971,390,1.0336794235569031
GT.PLCA,-40.73277,-70.55083,MX.HPIG,26.936794,-105.664017,8351.564431955465,465,1.128703948225453
GT.PLCA,-40.73277,-70.55083,MX.ZAIG,22.769176,-102.567123,7798.079732804005,486,1.1539093765608583
GT.PLCA,-40.73277,-70.55083,NZ.URZ,-38.259249,177.110894,8867.995765546748,1096,1.7328415178623224
GT.PLCA,-40.73277,-70.55083,PB.B934,39.844501,-123.691399,10448.062908552787,704,1.388800606022215
GT.PLCA,-40.73277,-70.55083,PM.PESTR,38.867168,-7.590169,10910.55798032548,885,1.5571311872307276
GT.PLCA,-40.73277,-70.55083,PM.PFVI,37.132832,-8.826829,10695.234892849256,792,1.4730454893514422
GT.PLCA,-40.73277,-70.55083,PS.MCSJ,24.29,153.978,15515.648920087915,671,1.355859935385496
GT.PLCA,-40.73277,-70.55083,PS.PSI,2.6938,98.923698,15655.3720475078,1295,1.883599003365486
GT.PLCA,-40.73277,-70.55083,PS.SYO,-69.0067,39.585,6555.112345001225,1522,2.0420242441505514
GT.PLCA,-40.73277,-70.55083,PS.TSK,36.2108,140.1097,17313.26969718093,416,1.0675795180675116
GT.PLCA,-40.73277,-70.55083,RM.DLV,11.952,108.481499,16813.435645421112,454,1.1152737854169963
GT.PLCA,-40.73277,-70.55083,RM.SLV,21.325247,103.906708,17794.686884427683,436,1.09294123718762
GT.PLCA,-40.73277,-70.55083,S1.AUBUS,-33.6601,115.3828,11720.651258711761,502,1.1727499587522587
GT.PLCA,-40.73277,-70.55083,TW.KMNB,24.4638,118.388199,18024.42071995235,676,1.3609021987345555
GT.PLCA,-40.73277,-70.55083,XM.ASB11,-37.8946,-63.8453,657.289668746435,109,0.54647061859381
GT.PLCA,-40.73277,-70.55083,XM.ASB22,-33.66389,-67.46128,832.137059962523,119,0.570988088545001
GT.PLCA,-40.73277,-70.55083,YT.RMBO,-83.8714,-66.3959,4798.784189810753,465,1.128703948225453
HK.HKPS,22.277599,114.141502,IC.XAN,34.03107,108.92321,1402.8679496260454,167,0.6764127782466431
HK.HKPS,22.277599,114.141502,RM.DLV,11.952,108.481499,1295.6745170293875,181,0.7041948671773347
HK.HKPS,22.277599,114.141502,RM.SLV,21.325247,103.906708,1061.742802246073,216,0.7692729177072388
HK.HKPS,22.277599,114.141502,TW.KMNB,24.4638,118.388199,496.9331679360786,250,0.827605888602368
HT.LKD,38.707199,20.6506,YL.ARSL,40.955002,35.887001,1323.0341497519237,90,0.49656353316142077
HT.LKD,38.707199,20.6506,YL.BEKI,41.314999,34.263,1193.636217045904,127,0.5898688036160685
IC.HIA,49.270115,119.741363,IC.LSA,29.70317,91.12757,3245.4699404055796,1525,2.044035760886003
IC.HIA,49.270115,119.741363,IC.QIZ,19.02928,109.84398,3477.007809563801,692,1.3769133636358186
IC.HIA,49.270115,119.741363,IC.SSE,31.09455,121.18863,2024.6707448728773,1309,1.8937532494659945
IC.HIA,49.270115,119.741363,IC.XAN,34.03107,108.92321,1913.6528906539402,1900,2.281551983202398
IC.HIA,49.270115,119.741363,II.AAK,42.6375,74.4942,3519.5799530016097,762,1.4448775840453447
IC.HIA,49.270115,119.741363,II.ARTI,56.3879,58.3849,4054.532999384267,1307,1.8923059789072747
IC.HIA,49.270115,119.741363,II.CMLA,37.7637,-25.5243,9751.552540931545,453,1.114044833214067
IC.HIA,49.270115,119.741363,II.COCO,-12.1901,96.8349,7193.500561318566,1574,2.07661473728838
IC.HIA,49.270115,119.741363,II.EFI,-51.6753,-58.0637,19705.86583540204,1545,2.0573956139568215
IC.HIA,49.270115,119.741363,II.ERM,42.015,143.1572,1980.5247884649555,1989,2.334376805165171
IC.HIA,49.270115,119.741363,II.FFC,54.725,-101.9783,7814.978737180337,2991,2.8626072989401123
IC.HIA,49.270115,119.741363,II.HOPE,-54.2836,-36.4879,18297.072149137275,2011,2.3472513800391916
IC.HIA,49.270115,119.741363,II.KAPI,-5.0142,119.7517,6036.148844854979,4269,3.419925497866716
IC.HIA,49.270115,119.741363,II.LVZ,67.8979,34.6514,4857.8087176422005,3001,2.867388674075975
IC.HIA,49.270115,119.741363,II.NIL,33.6506,73.2686,4163.191629587599,4232,3.405072766908984
IC.HIA,49.270115,119.741363,II.NNA,-11.9875,-76.8422,15597.766298181035,831,1.5088778375889558
IC.HIA,49.270115,119.741363,II.PALK,7.2728,80.7022,5918.497294351144,1604,2.0963111763154836
IC.HIA,49.270115,119.741363,II.RAYN,23.5225,45.5032,6926.624675164051,4908,3.666957232156622
IC.HIA,49.270115,119.741363,II.SHEL,-15.9594,-5.7455,13891.357568501862,2391,2.559430587358612
IC.HIA,49.270115,119.741363,II.TLY,51.6807,103.6438,1167.6465638083769,438,1.0954451150103321
IC.HIA,49.270115,119.741363,IU.ADK,51.8823,-176.6842,4353.878245441307,1046,1.6928536335600708
IC.HIA,49.270115,119.741363,IU.BBSR,32.371299,-64.696299,10926.353483745475,607,1.2895788842215652
IC.HIA,49.270115,119.741363,IU.BILL,68.0653,166.4531,3284.056098539508,566,1.245265004529899
IC.HIA,49.270115,119.741363,IU.DAV,7.0697,125.5791,4724.241823360544,836,1.5134103735947197
IC.HIA,49.270115,119.741363,IU.FUNA,-8.5259,179.1966,8623.147632586104,674,1.3588875385644514
IC.HIA,49.270115,119.741363,IU.INCN,37.4776,126.6239,1422.9135788232418,165,0.6723502022908507
IC.HIA,49.270115,119.741363,IU.JOHN,16.7329,-169.5292,7215.143541858161,2487,2.6103062330188362
IC.HIA,49.270115,119.741363,IU.KBS,78.9154,11.9385,5020.015634479075,2113,2.4060426213786013
IC.HIA,49.270115,119.741363,IU.KEV,69.7565,27.0035,5065.696212465833,3900,3.2687813488897226
IC.HIA,49.270115,119.741363,IU.KIEV,50.7012,29.2242,6044.557137829111,414,1.0650101292205938
IC.HIA,49.270115,119.741363,IU.LSZ,-15.2779,28.1882,11399.455885022575,394,1.0389668208342944
IC.HIA,49.270115,119.741363,IU.MA2,59.5756,150.77,2281.0385648409765,617,1.3001580515091655
IC.HIA,49.270115,119.741363,IU.MBWA,-21.159,119.7313,7831.371156661049,1192,1.807139569778033
IC.HIA,49.270115,119.741363,IU.MIDW,28.2154,-177.3697,5744.591292291953,2738,2.7388628777311395
IC.HIA,49.270115,119.741363,IU.PMSA,-64.7744,-64.0489,18276.676447565365,560,1.2386470745706646
IC.HIA,49.270115,119.741363,IU.PTGA,-0.7308,-59.9666,14617.709367287343,443,1.101679912740986
IC.HIA,49.270115,119.741363,IU.RAO,-29.245,-177.929,10683.070564959567,620,1.3033150566867173
IC.HIA,49.270115,119.741363,IU.RCBR,-5.8274,-35.9014,14670.505066741236,550,1.2275379077928685
IC.HIA,49.270115,119.741363,IU.SAML,-8.9489,-63.1831,15523.335146237523,1132,1.7610706581547768
IC.HIA,49.270115,119.741363,IU.TATO,24.9735,121.4971,2705.960518294441,869,1.5429912241513946
IC.HIA,49.270115,119.741363,IU.TIXI,71.6341,128.8667,2529.9778193619136,1538,2.0527295560148655
IC.HIA,49.270115,119.741363,IU.TRQA,-38.0568,-61.9787,18760.68714324442,2738,2.7388628777311395
IC.HIA,49.270115,119.741363,IU.ULN,47.8651,107.0532,945.4275186928666,345,0.972216786242685
IC.HIA,49.270115,119.741363,IU.YAK,62.031,129.6805,1545.8474276891093,2221,2.4667653935567757
IC.HIA,49.270115,119.741363,IU.YSS,46.9587,142.7604,1721.247004190519,637,1.3210622541924566
IC.HIA,49.270115,119.741363,JP.JMM,37.868999,140.789673,2105.2394489273365,461,1.1238388223540496
IC.HIA,49.270115,119.741363,JP.JTU,34.5275,129.396332,1820.1989851450257,375,1.0136060675992289
IC.HIA,49.270115,119.741363,KS.SH2B,38.2686,128.2524,1399.1937251863658,444,1.1029226428740972
IC.HIA,49.270115,119.741363,KZ.AB06,49.261101,59.969299,4219.804432915238,665,1.349784356191454
IC.HIA,49.270115,119.741363,LD.FRNY,44.835,-73.5883,9471.428335648527,486,1.1539093765608583
IC.HIA,49.270115,119.741363,M8.AU52,-33.4865,120.9751,9202.938637393083,494,1.1633678083625345
IC.HIA,49.270115,119.741363,MB.HRY,46.711285,-111.831786,8242.337056497687,448,1.107879623548503
IC.HIA,49.270115,119.741363,MM.KTN,21.2857,99.589798,3584.493954610603,1601,2.0943498680647923
IC.HIA,49.270115,119.741363,MM.YGN,16.864799,96.153397,4182.862949973435,1767,2.200249051905479
IC.HIA,49.270115,119.741363,MN.CLTB,37.578,13.216,7965.621346233427,1956,2.3149306921782866
IC.HIA,49.270115,119.741363,MN.VSL,39.496,9.378,8021.10522701816,639,1.3231345099825826
IC.HIA,49.270115,119.741363,MN.WDD,35.8373,14.5242,8034.03668257437,504,1.1750837918243189
IC.HIA,49.270115,119.741363,MX.HPIG,26.936794,-105.664017,10422.725413332877,2072,2.38258521962324
IC.HIA,49.270115,119.741363,MX.MOIG,19.646708,-101.227303,11350.35801013447,1727,2.175202714533767
IC.HIA,49.270115,119.741363,MX.ZAIG,22.769176,-102.567123,10977.494215348182,2554,2.645233500841202
IC.HIA,49.270115,119.741363,MY.KOM,1.7922,103.846703,5491.648697938864,1101,1.7367896695237406
IC.HIA,49.270115,119.741363,MY.KUM,5.2902,100.6492,5210.064484415992,733,1.4171165012384097
IC.HIA,49.270115,119.741363,MY.SBM,2.4529,112.213997,5254.752415557526,938,1.6030792287652629
IC.HIA,49.270115,119.741363,N4.250A,31.9778,-86.2677,10620.792656715274,681,1.3659258488869497
IC.HIA,49.270115,119.741363,N4.ABTX,32.6238,-99.6431,10110.816329954248,1440,1.986254132645683
IC.HIA,49.270115,119.741363,N4.E62A,46.6201,-69.5227,9315.144445971257,1108,1.742302051412488
IC.HIA,49.270115,119.741363,NR.NE74,28.007509,-114.013802,9910.382286027185,656,1.340619362075829
IC.HIA,49.270115,119.741363,NR.NE75,27.293341,-112.856491,10037.639109030551,759,1.4420305318524016
IC.HIA,49.270115,119.741363,NR.NE79,23.11937,-109.756111,10595.811141410322,686,1.3709310904617054
IC.HIA,49.270115,119.741363,NR.NE80,30.5,-112.319931,9759.317303482278,892,1.5632772039655527
IC.HIA,49.270115,119.741363,NR.NE81,28.918341,-109.636261,10042.010668581961,761,1.4439291903861888
IC.HIA,49.270115,119.741363,NR.NE82,26.915661,-109.230843,10255.315903738665,764,1.4467725062813113
IC.HIA,49.270115,119.741363,NR.NE83,24.730881,-107.739326,10540.200030125077,652,1.3365258582844604
IC.HIA,49.270115,119.741363,NZ.URZ,-38.259249,177.110894,11244.754582036123,5282,3.804107369240822
IC.HIA,49.270115,119.741363,PB.B934,39.844501,-123.691399,8322.184564849393,4306,3.434714001772579
IC.HIA,49.270115,119.741363,PM.PESTR,38.867168,-7.590169,8935.72160163385,4494,3.508892812145063
IC.HIA,49.270115,119.741363,PM.PFVI,37.132832,-8.826829,9156.783819608918,4739,3.6032709645314793
IC.HIA,49.270115,119.741363,PS.CHUK,7.4638,151.8554,5529.554958413149,593,1.2746205452002473
IC.HIA,49.270115,119.741363,PS.JAY,-2.5147,140.703,6100.941034453375,843,1.5197332137898054
IC.HIA,49.270115,119.741363,PS.KOR,7.3436,134.4741,4861.447604678592,674,1.3588875385644514
IC.HIA,49.270115,119.741363,PS.MCSJ,24.29,153.978,4063.512634095558,2541,2.6384927204023967
IC.HIA,49.270115,119.741363,PS.PSI,2.6938,98.923698,5542.685772579355,5503,3.8828742355073933
IC.HIA,49.270115,119.741363,PS.SYO,-69.0067,39.585,14664.038564760585,6619,4.258432408215782
IC.HIA,49.270115,119.741363,PS.TSK,36.2108,140.1097,2195.287896618162,950,1.6133008789520316
IC.HIA,49.270115,119.741363,PS.VIVO,18.6498,105.6965,3629.36010671958,841,1.5179293755116197
IC.HIA,49.270115,119.741363,RM.DLV,11.952,108.481499,4277.05294968831,2430,2.5802198058644814
IC.HIA,49.270115,119.741363,RM.SLV,21.325247,103.906708,3407.6711442401197,2761,2.750342444431936
IC.HIA,49.270115,119.741363,RV.SWHSA,54.899441,-116.751793,7296.073792586634,399,1.0455384665001604
IC.HIA,49.270115,119.741363,S1.AUBUS,-33.6601,115.3828,9231.514209658293,2880,2.8089875327071336
IC.HIA,49.270115,119.741363,S1.AUHPC,-38.1068,142.3183,9966.659736002051,465,1.128703948225453
IC.HIA,49.270115,119.741363,S1.AUKAL,-30.7637,121.4789,8901.034013081175,508,1.179737607232137
IC.HIA,49.270115,119.741363,TR.TOSP,11.2984,-60.535198,13280.139031454917,825,1.503420757008077
IC.HIA,49.270115,119.741363,TT.TATN,32.578701,10.5292,8547.898062869332,971,1.6310346325577332
IC.HIA,49.270115,119.741363,TW.KMNB,24.4638,118.388199,2760.8541942015568,3485,3.089974952241434
IC.HIA,49.270115,119.741363,US.ECSD,43.7337,-96.6141,9085.829859932986,443,1.101679912740986
IC.HIA,49.270115,119.741363,US.JCT,30.4794,-99.8022,10321.508746483049,596,1.2778406443405872
IC.HIA,49.270115,119.741363,US.LAO,46.6885,-106.2231,8461.62069989376,475,1.140775991601199
IC.HIA,49.270115,119.741363,VE.BAUV,8.9433,-68.041496,13497.662546398782,1349,1.9224698725750955
IC.HIA,49.270115,119.741363,X2.260,39.795799,112.886002,1184.198430026969,120,0.5733821790809959
IC.HIA,49.270115,119.741363,X2.281,39.6814,110.487,1292.473812378423,171,0.6844655949607193
IC.HIA,49.270115,119.741363,X8.QM38,47.675201,-70.853104,9187.181470820606,603,1.2853228366914469
IC.HIA,49.270115,119.741363,X8.QM58,49.048401,-72.740601,9017.445872307802,400,1.0468478451804273
IC.HIA,49.270115,119.741363,X8.QM76,50.764801,-74.817596,8805.87743738477,475,1.140775991601199
IC.HIA,49.270115,119.741363,X8.QM90,52.2915,-77.098801,8610.46243940529,367,1.0027359832252927
IC.HIA,49.270115,119.741363,X8.QMM5,50.8438,-68.798203,8853.36701837468,633,1.3169079600877451
IC.HIA,49.270115,119.741363,XA.GP03,42.6352,44.6162,5611.84977061082,460,1.122619246495774
IC.HIA,49.270115,119.741363,XC.OR088,42.965599,-117.302299,8353.356618802401,379,1.0189976272708203
IC.HIA,49.270115,119.741363,XF.NE4,76.657433,-34.27758,5892.028603224966,551,1.2286533445589485
IC.HIA,49.270115,119.741363,XG.XZHOU,38.423,113.002502,1320.3707684514118,122,0.578140619004119
IC.HIA,49.270115,119.741363,XI.SC14,47.723,-84.814003,8974.448942316852,400,1.0468478451804273
IC.HIA,49.270115,119.741363,XI.SM37,44.381001,-93.380997,9116.159767222307,475,1.140775991601199
IC.HIA,49.270115,119.741363,XL.AT13,44.992001,96.270103,1829.9164029069918,645,1.3293318952282882
IC.HIA,49.270115,119.741363,XL.HD03,46.515701,102.547203,1314.9017053048128,323,0.9407079817080937
IC.HIA,49.270115,119.741363,XL.HD41,48.242298,99.400002,1491.003904697679,329,0.9494050047338589
IC.HIA,49.270115,119.741363,XL.HD73,49.4953,101.357101,1327.7371702221476,331,0.952286361904072
IC.HIA,49.270115,119.741363,XL.HD74,49.500999,99.152298,1485.8974304881112,333,0.9551590271380404
IC.HIA,49.270115,119.741363,XL.HV10,51.572102,100.448601,1386.3209768608926,647,1.3313912797243443
IC.HIA,49.270115,119.741363,XO.SCCC,41.764851,-74.670135,9794.872628737916,457,1.1189525434622096
IC.HIA,49.270115,119.741363,XR.BA07,24.1371,91.4975,3718.7343365218203,1052,1.6977019116505458
IC.HIA,49.270115,119.741363,XS.S24D,-0.1383,-12.7806,12930.278385029545,366,1.0013689260344547
IC.HIA,49.270115,119.741363,XT.D58,45.032299,-118.073799,8129.538138019282,426,1.080334803508261
IC.HIA,49.270115,119.741363,XW.AMDT,1.9487,34.935799,9466.591927135689,588,1.2692355589525488
IC.HIA,49.270115,119.741363,XW.KABG,3.5104,34.143299,9392.524946369736,521,1.1947373185240229
IC.HIA,49.270115,119.741363,XY.PACW,39.9962,-77.9247,9938.951840769165,379,1.0189976272708203
IC.HIA,49.270115,119.741363,Y1.KERK,2.61653,36.255065,9314.705595254318,604,1.2863881686909069
IC.HIA,49.270115,119.741363,Y1.TURK,3.127577,38.27457,9125.419054691227,703,1.387813891435114
IC.HIA,49.270115,119.741363,Y2.GUGE,31.4769,79.664101,3865.768155429155,901,1.5711438987836002
IC.HIA,49.270115,119.741363,Y2.PURG,30.198799,81.275299,3851.970208108948,888,1.559768159800926
IC.HIA,49.270115,119.741363,Y5.FMC,56.650002,-111.5,7326.994081160663,565,1.244164460784607
IC.HIA,49.270115,119.741363,Y5.RW1,58.852901,-113.175903,7069.025963780588,383,1.0243608097214334
IC.HIA,49.270115,119.741363,YB.AT56,36.7019,35.546902,6628.850447424027,406,1.054669980194415
IC.HIA,49.270115,119.741363,YK.OCW,38.425842,-122.846184,8492.106261467374,458,1.120176111398536
IC.HIA,49.270115,119.741363,YP.NE59,44.095901,125.961098,745.2206232143229,150,0.6410607647560324
IC.HIA,49.270115,119.741363,YP.NE5D,44.107601,129.6008,944.8106932451359,107,0.5414339155718885
IC.HIA,49.270115,119.741363,YP.NE61,44.849098,115.991798,567.5782254561092,326,0.9450664976241127
IC.HIA,49.270115,119.741363,YP.NE7D,45.342098,128.742905,806.2829629014996,311,0.9230681418619906
IC.HIA,49.270115,119.741363,YP.NE8B,46.207199,126.056297,581.9181524463427,160,0.6620847108818944
IC.HIA,49.270115,119.741363,YP.NE8I,45.994301,133.655807,1102.5045048179848,150,0.6410607647560324
IC.HIA,49.270115,119.741363,YP.NEA3,47.562302,121.292,221.70593327831975,124,0.5828602125700983
IC.HIA,49.270115,119.741363,YP.NEA5,47.648602,124.036697,364.3783812618647,150,0.6410607647560324
IC.HIA,49.270115,119.741363,YP.NEAD,47.581402,133.5802,1036.7165816129962,320,0.9363291775690444
IC.HIA,49.270115,119.741363,YT.CLRK,-77.3231,-141.8485,15510.324759118364,861,1.5358724262089742
IC.HIA,49.270115,119.741363,YT.DEVL,-81.4755,161.973,14752.532296479536,527,1.201597110698239
IC.HIA,49.270115,119.741363,YT.LPLY,-73.1142,-90.2834,16987.819056412343,402,1.0494617015468923
IC.HIA,49.270115,119.741363,YT.MA07,-78.2496,-93.4991,16517.48408171441,690,1.3749221646711896
IC.HIA,49.270115,119.741363,YT.MA09,-79.8993,-104.9977,16215.110307754318,589,1.270314382401847
IC.HIA,49.270115,119.741363,YT.MCRG,-73.6681,-94.6493,16843.511431607196,654,1.3385741749779159
IC.HIA,49.270115,119.741363,YT.MTAK,-76.3157,-112.7986,16247.372913735422,493,1.1621897140772024
IC.HIA,49.270115,119.741363,YT.RMBO,-83.8714,-66.3959,16163.144754449093,3153,2.9391080559216536
IC.HIA,49.270115,119.741363,YT.THUR,-72.5301,-97.5606,16843.89524712289,885,1.5571311872307276
IC.HIA,49.270115,119.741363,YT.UPTW,-77.5781,-109.0374,16274.631313176717,370,1.0068260178089292
IC.HIA,49.270115,119.741363,YU.MD04,10.8953,-74.1514,13188.189057454061,657,1.3416407864998738
IC.HIA,49.270115,119.741363,YU.NL02,9.2491,-70.2202,13435.782831808792,502,1.1727499587522587
IC.HIA,49.270115,119.741363,YU.SL02,7.6943,-71.0365,13594.643137640838,589,1.270314382401847
IC.HIA,49.270115,119.741363,YY.004,36.4473,119.562599,1425.9072763159743,271,0.8616645248730259
IC.HIA,49.270115,119.741363,YY.ABMD,11.8317,35.5825,8591.957926880395,608,1.2906407031616252
IC.HIA,49.270115,119.741363,YY.CHGE,10.9614,36.518398,8596.425181700522,625,1.3085598064755342
IC.HIA,49.270115,119.741363,YY.NEKE,9.089,36.523701,8752.014073360022,674,1.3588875385644514
IC.HIA,49.270115,119.741363,ZD.FM09,-12.65027,-73.041481,15777.5167327291,384,1.0256972236096518
IC.HIA,49.270115,119.741363,ZE.BULG,61.126701,-151.091202,5345.5891391950945,514,1.186684110486945
IC.HIA,49.270115,119.741363,ZM.N173,-81.112198,77.473602,14720.43525752811,390,1.0336794235569031
IC.HIA,49.270115,119.741363,ZX.215,40.438499,118.3479,988.1079297524653,96,0.5128486118048259
IC.LSA,29.70317,91.12757,IC.XAN,34.03107,108.92321,1745.4276805562229,1013,1.6659359128590225
IC.LSA,29.70317,91.12757,II.EFI,-51.6753,-58.0637,16496.825367778267,511,1.1832159566199232
IC.LSA,29.70317,91.12757,II.ERM,42.015,143.1572,4806.061703990874,852,1.5278241310250555
IC.LSA,29.70317,91.12757,II.FFC,54.725,-101.9783,10543.530716883346,1076,1.716958125721024
IC.LSA,29.70317,91.12757,II.HOPE,-54.2836,-36.4879,15053.796932507359,922,1.5893481044945044
IC.LSA,29.70317,91.12757,II.KAPI,-5.0142,119.7517,4921.148513376662,1314,1.8973665961010275
IC.LSA,29.70317,91.12757,II.LVZ,67.8979,34.6514,5586.289813386721,907,1.5763665521855363
IC.LSA,29.70317,91.12757,II.NIL,33.6506,73.2686,1743.524817792041,658,1.3426614338795158
IC.LSA,29.70317,91.12757,II.NNA,-11.9875,-76.8422,17686.02311282556,394,1.0389668208342944
IC.LSA,29.70317,91.12757,II.PALK,7.2728,80.7022,2721.8417090545286,488,1.156281238008238
IC.LSA,29.70317,91.12757,II.RAYN,23.5225,45.5032,4558.612347477619,1237,1.8409348429236736
IC.LSA,29.70317,91.12757,II.SHEL,-15.9594,-5.7455,11526.628986210668,608,1.2906407031616252
IC.LSA,29.70317,91.12757,IU.JOHN,16.7329,-169.5292,9959.034309335693,976,1.6352286087088026
IC.LSA,29.70317,91.12757,IU.KBS,78.9154,11.9385,6541.5548947869875,456,1.1177276360961783
IC.LSA,29.70317,91.12757,IU.KEV,69.7565,27.0035,5939.0849892329425,1192,1.807139569778033
IC.LSA,29.70317,91.12757,IU.MBWA,-21.159,119.7313,6431.236236902788,716,1.4005869611046786
IC.LSA,29.70317,91.12757,IU.MIDW,28.2154,-177.3697,8632.247483507706,1022,1.6733200530681511
IC.LSA,29.70317,91.12757,IU.SAML,-8.9489,-63.1831,16484.02752847579,452,1.112814523801501
IC.LSA,29.70317,91.12757,IU.TIXI,71.6341,128.8667,5185.106185547345,433,1.0891746278090642
IC.LSA,29.70317,91.12757,IU.TRQA,-38.0568,-61.9787,17375.9519093002,1053,1.6985086125331583
IC.LSA,29.70317,91.12757,IU.YAK,62.031,129.6805,4544.419324503196,770,1.452442439856358
IC.LSA,29.70317,91.12757,MM.KTN,21.2857,99.589798,1262.9333855719112,170,0.6824612990181452
IC.LSA,29.70317,91.12757,MN.CLTB,37.578,13.216,7059.85000208221,579,1.2594845651547357
IC.LSA,29.70317,91.12757,MX.HPIG,26.936794,-105.664017,13468.309896858129,498,1.1680683035010562
IC.LSA,29.70317,91.12757,MX.MOIG,19.646708,-101.227303,14370.220235041115,553,1.2308811856351876
IC.LSA,29.70317,91.12757,MX.ZAIG,22.769176,-102.567123,13999.482179250997,621,1.3043656937430157
IC.LSA,29.70317,91.12757,NZ.URZ,-38.259249,177.110894,11677.027314475015,1503,2.0292383347399294
IC.LSA,29.70317,91.12757,PB.B934,39.844501,-123.691399,11486.295820771935,1246,1.8476197201093592
IC.LSA,29.70317,91.12757,PM.PESTR,38.867168,-7.590169,8669.810249978445,1509,2.03328467641461
IC.LSA,29.70317,91.12757,PM.PFVI,37.132832,-8.826829,8858.284879148017,1543,2.0560635350771563
IC.LSA,29.70317,91.12757,PS.MCSJ,24.29,153.978,6181.428414158095,793,1.4739751489513069
IC.LSA,29.70317,91.12757,PS.PSI,2.6938,98.923698,3113.9365390720945,1569,2.0733138057193132
IC.LSA,29.70317,91.12757,PS.SYO,-69.0067,39.585,11743.259346074763,1797,2.2188482758478276
IC.LSA,29.70317,91.12757,RM.DLV,11.952,108.481499,2666.1306033831092,822,1.5006847752011572
IC.LSA,29.70317,91.12757,RM.SLV,21.325247,103.906708,1583.095083579837,806,1.486007798795885
IC.LSA,29.70317,91.12757,S1.AUBUS,-33.6601,115.3828,7493.057697652595,677,1.3619084112185904
IC.LSA,29.70317,91.12757,TR.TOSP,11.2984,-60.535198,14537.608049991708,394,1.0389668208342944
IC.LSA,29.70317,91.12757,TT.TATN,32.578701,10.5292,7480.201598987435,426,1.080334803508261
IC.LSA,29.70317,91.12757,TW.KMNB,24.4638,118.388199,2754.118409514351,1210,1.8207329549252094
IC.LSA,29.70317,91.12757,X4.D11,34.0555,97.205399,750.420074701301,91,0.49931459871823364
IC.LSA,29.70317,91.12757,X4.D26,32.459202,96.394203,587.6388065955799,271,0.8616645248730259
IC.LSA,29.70317,91.12757,XR.BA07,24.1371,91.4975,620.0038682388599,141,0.6215314713375452
IC.LSA,29.70317,91.12757,Y2.GUGE,31.4769,79.664101,1114.31292943508,725,1.409362043572557
IC.LSA,29.70317,91.12757,Y2.PURG,30.198799,81.275299,950.5209288016085,722,1.40644309937545
IC.LSA,29.70317,91.12757,Y2.WT06,32.226398,82.261299,890.3764717394201,365,1.0
IC.LSA,29.70317,91.12757,YT.RMBO,-83.8714,-66.3959,13936.689524736166,801,1.4813914229349396
IC.LSA,29.70317,91.12757,YT.ST04,-80.7152,-116.5792,14212.192788814966,374,1.0122536906559418
IC.LSA,29.70317,91.12757,Z8.365,35.987999,105.131699,1481.0526056010303,142,0.623731589620416
IC.LSA,29.70317,91.12757,Z8.373,35.941299,103.562599,1351.5789339027053,144,0.6281087071082564
IC.LSA,29.70317,91.12757,ZV.LORI,32.489201,102.437401,1119.8940642104794,218,0.7728261602537809
IC.LSA,29.70317,91.12757,ZV.MAQU,34.0023,102.046799,1135.8561990514029,220,0.7763631405646441
IC.QIZ,19.02928,109.84398,IC.XAN,34.03107,108.92321,1670.613364171463,447,1.1066424599872242
IC.QIZ,19.02928,109.84398,II.EFI,-51.6753,-58.0637,16234.18736476241,369,1.0054645215568718
IC.QIZ,19.02928,109.84398,II.ERM,42.015,143.1572,4044.324254084097,467,1.1311286641202762
IC.QIZ,19.02928,109.84398,II.HOPE,-54.2836,-36.4879,15165.685487672574,464,1.1274896348580457
IC.QIZ,19.02928,109.84398,II.KAPI,-5.0142,119.7517,2885.2881457623803,465,1.128703948225453
IC.QIZ,19.02928,109.84398,II.LVZ,67.8979,34.6514,7434.379128645887,726,1.410333682463271
IC.QIZ,19.02928,109.84398,II.NIL,33.6506,73.2686,3963.5219914797253,449,1.1091154071156752
IC.QIZ,19.02928,109.84398,II.RAYN,23.5225,45.5032,6631.40313250773,619,1.3022635720002707
IC.QIZ,19.02928,109.84398,II.SHEL,-15.9594,-5.7455,13213.428770371265,503,1.1739174552671163
IC.QIZ,19.02928,109.84398,IU.KBS,78.9154,11.9385,8099.919413518047,435,1.091687144706673
IC.QIZ,19.02928,109.84398,IU.KEV,69.7565,27.0035,7752.04209649408,481,1.147958282856168
IC.QIZ,19.02928,109.84398,IU.MIDW,28.2154,-177.3697,7381.091676912715,485,1.1527216156937767
IC.QIZ,19.02928,109.84398,IU.TIXI,71.6341,128.8667,5978.846668336521,483,1.1503424147760861
IC.QIZ,19.02928,109.84398,IU.TRQA,-38.0568,-61.9787,17756.107756456284,469,1.1335481934392182
IC.QIZ,19.02928,109.84398,MM.KTN,21.2857,99.589798,1099.1283730749412,325,0.9436158958517548
IC.QIZ,19.02928,109.84398,MM.YGN,16.864799,96.153397,1467.6781791687035,273,0.8648382539408465
IC.QIZ,19.02928,109.84398,MX.HPIG,26.936794,-105.664017,13629.370665701814,438,1.0954451150103321
IC.QIZ,19.02928,109.84398,MX.ZAIG,22.769176,-102.567123,14184.968470506146,476,1.141976177090002
IC.QIZ,19.02928,109.84398,MY.SBM,2.4529,112.213997,1861.1686315043198,398,1.0442274459638137
IC.QIZ,19.02928,109.84398,NR.NE80,30.5,-112.319931,12897.96979409977,442,1.100435779184587
IC.QIZ,19.02928,109.84398,NZ.URZ,-38.259249,177.110894,9465.634224151365,855,1.530511598592006
IC.QIZ,19.02928,109.84398,PB.B934,39.844501,-123.691399,11436.91265866216,526,1.200456534161466
IC.QIZ,19.02928,109.84398,PM.PESTR,38.867168,-7.590169,10867.181707892665,769,1.4514989890001622
IC.QIZ,19.02928,109.84398,PM.PFVI,37.132832,-8.826829,11062.103142493554,526,1.200456534161466
IC.QIZ,19.02928,109.84398,PS.MCSJ,24.29,153.978,4579.921126253201,382,1.023022650025772
IC.QIZ,19.02928,109.84398,PS.PSI,2.6938,98.923698,2170.4020293508347,662,1.346736288267672
IC.QIZ,19.02928,109.84398,PS.SYO,-69.0067,39.585,11225.536473678101,1004,1.658518896939932
IC.QIZ,19.02928,109.84398,PS.VIVO,18.6498,105.6965,438.4964116403074,112,0.5539398117742514
IC.QIZ,19.02928,109.84398,RM.DLV,11.952,108.481499,800.366126810218,392,1.0363264942766475
IC.QIZ,19.02928,109.84398,RM.SLV,21.325247,103.906708,670.1249200089295,422,1.07525084680815
IC.QIZ,19.02928,109.84398,S1.AUBUS,-33.6601,115.3828,5888.176232053514,412,1.0624345265886606
IC.QIZ,19.02928,109.84398,TW.KMNB,24.4638,118.388199,1069.0382751461013,724,1.4083897343546694
IC.QIZ,19.02928,109.84398,TW.MATB,26.151501,119.945602,1303.912238648171,148,0.6367726847586935
IC.QIZ,19.02928,109.84398,US.DUG,40.195,-112.8133,12086.973456839449,394,1.0389668208342944
IC.QIZ,19.02928,109.84398,YT.RMBO,-83.8714,-66.3959,12803.460577221718,526,1.200456534161466
IC.SSE,31.09455,121.18863,IC.XAN,34.03107,108.92321,1194.0546197358588,593,1.2746205452002473
IC.SSE,31.09455,121.18863,II.COCO,-12.1901,96.8349,5470.323866534732,713,1.3976496905642153
IC.SSE,31.09455,121.18863,II.EFI,-51.6753,-58.0637,17725.817035019245,544,1.2208238852939066
IC.SSE,31.09455,121.18863,II.ERM,42.015,143.1572,2297.2114812816963,560,1.2386470745706646
IC.SSE,31.09455,121.18863,II.FFC,54.725,-101.9783,9619.078375645066,476,1.141976177090002
IC.SSE,31.09455,121.18863,II.HOPE,-54.2836,-36.4879,16885.379431115,601,1.283189519309503
IC.SSE,31.09455,121.18863,II.KAPI,-5.0142,119.7517,4018.014458425352,752,1.4353654491462233
IC.SSE,31.09455,121.18863,II.LVZ,67.8979,34.6514,6686.695109036307,916,1.5841682489861644
IC.SSE,31.09455,121.18863,II.NIL,33.6506,73.2686,4469.095453587034,1300,1.8872317917035095
IC.SSE,31.09455,121.18863,II.PALK,7.2728,80.7022,4964.802198188183,443,1.101679912740986
IC.SSE,31.09455,121.18863,II.RAYN,23.5225,45.5032,7384.057755163434,1576,2.0779336416685887
IC.SSE,31.09455,121.18863,II.SHEL,-15.9594,-5.7455,14405.115717363373,455,1.1165013848919998
IC.SSE,31.09455,121.18863,IU.DAV,7.0697,125.5791,2710.2043473604854,453,1.114044833214067
IC.SSE,31.09455,121.18863,IU.FUNA,-8.5259,179.1966,7578.503858102821,437,1.0941938923118713
IC.SSE,31.09455,121.18863,IU.INCN,37.4776,126.6239,867.4351516674114,327,0.9465148762480725
IC.SSE,31.09455,121.18863,IU.JOHN,16.7329,-169.5292,7113.4427377631655,554,1.231993595429003
IC.SSE,31.09455,121.18863,IU.KEV,69.7565,27.0035,6941.221656252838,1233,1.837955982003057
IC.SSE,31.09455,121.18863,IU.MIDW,28.2154,-177.3697,5868.736695755667,586,1.2670751564350058
IC.SSE,31.09455,121.18863,IU.TIXI,71.6341,128.8667,4531.458359993474,646,1.3303619859642075
IC.SSE,31.09455,121.18863,IU.TRQA,-38.0568,-61.9787,19188.573367764366,537,1.2129438885258992
IC.SSE,31.09455,121.18863,IU.XMAS,2.0448,-157.4457,9068.241113030474,484,1.1515326296984703
IC.SSE,31.09455,121.18863,IU.YAK,62.031,129.6805,3494.161670581841,702,1.3868264748096197
IC.SSE,31.09455,121.18863,KS.SH2B,38.2686,128.2524,1025.6922838256753,143,0.6259239745510697
IC.SSE,31.09455,121.18863,MN.VSL,39.496,9.378,9478.3781943183,499,1.1692404746976701
IC.SSE,31.09455,121.18863,MX.MOIG,19.646708,-101.227303,12781.301906362174,463,1.126274012256756
IC.SSE,31.09455,121.18863,MX.ZAIG,22.769176,-102.567123,12425.215639964692,482,1.149150967108099
IC.SSE,31.09455,121.18863,NR.NE80,30.5,-112.319931,11139.053062192377,498,1.1680683035010562
IC.SSE,31.09455,121.18863,NR.NE81,28.918341,-109.636261,11445.197242796983,380,1.0203410657280039
IC.SSE,31.09455,121.18863,NR.NE83,24.730881,-107.739326,11915.020400958036,402,1.0494617015468923
IC.SSE,31.09455,121.18863,NZ.URZ,-38.259249,177.110894,9644.492083446605,1135,1.7634026882977951
IC.SSE,31.09455,121.18863,PB.B934,39.844501,-123.691399,9677.461369646498,629,1.3127405193841153
IC.SSE,31.09455,121.18863,PM.PESTR,38.867168,-7.590169,10604.124873054778,614,1.2969933619035672
IC.SSE,31.09455,121.18863,PM.PFVI,37.132832,-8.826829,10820.154519477052,638,1.3220987880939352
IC.SSE,31.09455,121.18863,PS.MCSJ,24.29,153.978,3302.9629832821242,1132,1.7610706581547768
IC.SSE,31.09455,121.18863,PS.PSI,2.6938,98.923698,3928.1631993219694,1636,2.1171187450924704
IC.SSE,31.09455,121.18863,PS.SYO,-69.0067,39.585,12891.566384848087,1552,2.062051113459739
IC.SSE,31.09455,121.18863,RM.SLV,21.325247,103.906708,2033.6189061401556,421,1.073976097282545
IC.SSE,31.09455,121.18863,S1.AUBUS,-33.6601,115.3828,7226.126693602043,524,1.1981721238437173
IC.SSE,31.09455,121.18863,TW.KMNB,24.4638,118.388199,786.99826864136,1317,1.8995313048439586
IC.SSE,31.09455,121.18863,TW.MATB,26.151501,119.945602,562.8587206381145,540,1.2163272811190746
IC.SSE,31.09455,121.18863,YT.RMBO,-83.8714,-66.3959,14140.191524472248,610,1.2927617246470167
IC.SSE,31.09455,121.18863,Z8.320,36.0107,112.366096,982.7926746669137,138,0.614883884795188
IC.SSE,31.09455,121.18863,Z8.341,36.0462,109.201599,1238.2999458727083,92,0.5020505896028288
IC.SSE,31.09455,121.18863,Z8.356,36.036201,106.672401,1450.981460825958,125,0.5852057359806528
IC.XAN,34.03107,108.92321,II.ARTI,56.3879,58.3849,4530.435292681872,615,1.2980491157307243
IC.XAN,34.03107,108.92321,II.COCO,-12.1901,96.8349,5296.232164576291,1024,1.6749565522886838
IC.XAN,34.03107,108.92321,II.EFI,-51.6753,-58.0637,17792.449653229465,474,1.1395745420929257
IC.XAN,34.03107,108.92321,II.ERM,42.015,143.1572,3104.1757923567634,1110,1.7438738172273127
IC.XAN,34.03107,108.92321,II.FFC,54.725,-101.9783,9712.939816397417,1377,1.9423189078331158
IC.XAN,34.03107,108.92321,II.HOPE,-54.2836,-36.4879,16512.75877415845,1235,1.8394460154719454
IC.XAN,34.03107,108.92321,II.KAPI,-5.0142,119.7517,4488.247755934658,1789,2.2139037610098815
IC.XAN,34.03107,108.92321,II.LVZ,67.8979,34.6514,5883.539408491447,1553,2.062715327074472
IC.XAN,34.03107,108.92321,II.NIL,33.6506,73.2686,3276.3196941237843,1603,2.0956576108510205
IC.XAN,34.03107,108.92321,II.PALK,7.2728,80.7022,4150.503570842878,485,1.1527216156937767
IC.XAN,34.03107,108.92321,II.RAYN,23.5225,45.5032,6194.850703135461,2013,2.348418296034734
IC.XAN,34.03107,108.92321,II.SHEL,-15.9594,-5.7455,13244.05987937033,1097,1.7336318675124758
IC.XAN,34.03107,108.92321,IU.ADK,51.8823,-176.6842,6081.822359248706,619,1.3022635720002707
IC.XAN,34.03107,108.92321,IU.BILL,68.0653,166.4531,5197.10672881125,455,1.1165013848919998
IC.XAN,34.03107,108.92321,IU.FUNA,-8.5259,179.1966,8765.883839767841,723,1.407416753420329
IC.XAN,34.03107,108.92321,IU.INCN,37.4776,126.6239,1639.88794835993,500,1.1704114719613057
IC.XAN,34.03107,108.92321,IU.JOHN,16.7329,-169.5292,8214.21147694019,957,1.6192337101910823
IC.XAN,34.03107,108.92321,IU.KBS,78.9154,11.9385,6450.011134802938,782,1.463716418376407
IC.XAN,34.03107,108.92321,IU.KEV,69.7565,27.0035,6179.26091852382,2494,2.6139771828248173
IC.XAN,34.03107,108.92321,IU.LSZ,-15.2779,28.1882,10127.051754180684,521,1.1947373185240229
IC.XAN,34.03107,108.92321,IU.MBWA,-21.159,119.7313,6242.642363132812,931,1.5970863882416786
IC.XAN,34.03107,108.92321,IU.MIDW,28.2154,-177.3697,6894.1407230174855,1535,2.0507265668671666
IC.XAN,34.03107,108.92321,IU.SAML,-8.9489,-63.1831,17111.709235842474,772,1.4543275054645308
IC.XAN,34.03107,108.92321,IU.TATO,24.9735,121.4971,1577.219305618343,1026,1.6765914541442675
IC.XAN,34.03107,108.92321,IU.TIXI,71.6341,128.8667,4342.154422677734,976,1.6352286087088026
IC.XAN,34.03107,108.92321,IU.TRQA,-38.0568,-61.9787,19083.288165688653,1474,2.009566163226173
IC.XAN,34.03107,108.92321,IU.YAK,62.031,129.6805,3440.2098468885583,1473,2.00888437655236
IC.XAN,34.03107,108.92321,IU.YSS,46.9587,142.7604,3168.641087160645,559,1.237540645520408
IC.XAN,34.03107,108.92321,MM.KTN,21.2857,99.589798,1687.2286679950312,495,1.1645447108469662
IC.XAN,34.03107,108.92321,MM.YGN,16.864799,96.153397,2294.664873655975,524,1.1981721238437173
IC.XAN,34.03107,108.92321,MN.CLTB,37.578,13.216,8226.176818455244,947,1.6107515475532548
IC.XAN,34.03107,108.92321,MN.VSL,39.496,9.378,8398.392475976758,682,1.3669283634064118
IC.XAN,34.03107,108.92321,MX.HPIG,26.936794,-105.664017,12317.797205564018,672,1.3568698870602733
IC.XAN,34.03107,108.92321,MX.MOIG,19.646708,-101.227303,13246.230825714048,748,1.4315428978878526
IC.XAN,34.03107,108.92321,MX.ZAIG,22.769176,-102.567123,12874.908189878535,800,1.4804664203952105
IC.XAN,34.03107,108.92321,MY.KOM,1.7922,103.846703,3623.423375844202,430,1.0853949473720717
IC.XAN,34.03107,108.92321,MY.KUM,5.2902,100.6492,3307.8589426241806,409,1.0585593725462352
IC.XAN,34.03107,108.92321,MY.SBM,2.4529,112.213997,3527.912473678409,408,1.0572644982113426
IC.XAN,34.03107,108.92321,N4.ABTX,32.6238,-99.6431,12024.3634232919,797,1.4776879385836565
IC.XAN,34.03107,108.92321,NR.NE74,28.007509,-114.013802,11768.295943476185,426,1.080334803508261
IC.XAN,34.03107,108.92321,NR.NE79,23.11937,-109.756111,12458.312048988535,478,1.1443727719130206
IC.XAN,34.03107,108.92321,NR.NE81,28.918341,-109.636261,11926.14317247125,534,1.2095510318420373
IC.XAN,34.03107,108.92321,NR.NE82,26.915661,-109.230843,12134.940893295237,649,1.3334474836981103
IC.XAN,34.03107,108.92321,NR.NE83,24.730881,-107.739326,12420.036142482604,560,1.2386470745706646
IC.XAN,34.03107,108.92321,NZ.URZ,-38.259249,177.110894,10676.145625445957,2125,2.412865062165553
IC.XAN,34.03107,108.92321,PB.B934,39.844501,-123.691399,10184.517541314519,1425,1.9758819775080434
IC.XAN,34.03107,108.92321,PM.PESTR,38.867168,-7.590169,9605.030447266978,1546,2.0580613300764785
IC.XAN,34.03107,108.92321,PM.PFVI,37.132832,-8.826829,9815.090009711059,1478,2.0122909999533247
IC.XAN,34.03107,108.92321,PS.MCSJ,24.29,153.978,4469.72164736086,1656,2.1300202584411876
IC.XAN,34.03107,108.92321,PS.PSI,2.6938,98.923698,3635.669527729117,2644,2.691437462851098
IC.XAN,34.03107,108.92321,PS.SYO,-69.0067,39.585,12753.133606650574,3246,2.9821386092754825
IC.XAN,34.03107,108.92321,PS.TSK,36.2108,140.1097,2834.5836530011243,572,1.2518479491021395
IC.XAN,34.03107,108.92321,RM.DLV,11.952,108.481499,2455.492292547102,938,1.6030792287652629
IC.XAN,34.03107,108.92321,RM.SLV,21.325247,103.906708,1496.0707731725195,947,1.6107515475532548
IC.XAN,34.03107,108.92321,S1.AUBUS,-33.6601,115.3828,7557.052832635629,886,1.55801067399231
IC.XAN,34.03107,108.92321,TW.KMNB,24.4638,118.388199,1403.8270822142908,2126,2.4134327283449553
IC.XAN,34.03107,108.92321,TW.MATB,26.151501,119.945602,1373.9715807162163,339,0.9637256473123827
IC.XAN,34.03107,108.92321,US.DUG,40.195,-112.8133,10717.40592241905,415,1.0662955975571986
IC.XAN,34.03107,108.92321,X2.260,39.795799,112.886002,731.244078523763,207,0.7530758844042431
IC.XAN,34.03107,108.92321,X2.281,39.6814,110.487,643.4768607658716,285,0.8836412834449391
IC.XAN,34.03107,108.92321,X4.D26,32.459202,96.394203,1177.4103109841071,118,0.5685839174940466
IC.XAN,34.03107,108.92321,XC.OR088,42.965599,-117.302299,10250.45976714128,385,1.027031898505565
IC.XAN,34.03107,108.92321,XF.MA28,20.1786,-102.597,13125.20018986529,405,1.0533703247651751
IC.XAN,34.03107,108.92321,XF.MA36,19.3594,-104.893204,13082.211990784725,405,1.0533703247651751
IC.XAN,34.03107,108.92321,XL.HD03,46.515701,102.547203,1488.6230006718226,115,0.561309623247887
IC.XAN,34.03107,108.92321,XL.HD09,45.413898,100.5718,1451.4351112932661,115,0.561309623247887
IC.XAN,34.03107,108.92321,Y2.GUGE,31.4769,79.664101,2741.5541021839103,435,1.091687144706673
IC.XAN,34.03107,108.92321,Y2.PURG,30.198799,81.275299,2630.3176294882187,435,1.091687144706673
IC.XAN,34.03107,108.92321,YP.NE61,44.849098,115.991798,1346.086377310279,216,0.7692729177072388
IC.XAN,34.03107,108.92321,YS.NGOK,22.122999,-159.664993,8777.692857390564,411,1.061144380968148
IC.XAN,34.03107,108.92321,YT.MCRG,-73.6681,-94.6493,15416.880246854922,535,1.2106830405426245
IC.XAN,34.03107,108.92321,YT.RMBO,-83.8714,-66.3959,14470.655332185557,942,1.6064936718855194
IC.XAN,34.03107,108.92321,YY.004,36.4473,119.562599,1002.2938095209491,274,0.8664207589311612
IC.XAN,34.03107,108.92321,Z8.320,36.0107,112.366096,383.03314159494465,195,0.7309217299700876
IC.XAN,34.03107,108.92321,Z8.341,36.0462,109.201599,225.5010478828069,119,0.570988088545001
IC.XAN,34.03107,108.92321,Z8.356,36.036201,106.672401,302.81392777506073,99,0.5208002272583305
IC.XAN,34.03107,108.92321,Z8.365,35.987999,105.131699,408.1024465725373,186,0.7138550560834395
IC.XAN,34.03107,108.92321,Z8.373,35.941299,103.562599,532.4455511172954,185,0.7119335046677415
IE.BCYI,44.310799,-113.405197,PB.B934,39.844501,-123.691399,982.4631411314853,363,0.9972565106055741
IE.BCYI,44.310799,-113.405197,PS.PSI,2.6938,98.923698,13880.491659254783,368,1.0041011792056576
IE.BCYI,44.310799,-113.405197,PS.SYO,-69.0067,39.585,16869.633271745355,381,1.021682737662899
IE.BCYI,44.310799,-113.405197,TO.CC08,35.992199,-120.961197,1124.9400644745265,98,0.5181632471383237
IE.BCYI,44.310799,-113.405197,US.DUG,40.195,-112.8133,460.2382564350391,91,0.49931459871823364
II.AAK,42.6375,74.4942,II.ERM,42.015,143.1572,5480.702573694612,526,1.200456534161466
II.AAK,42.6375,74.4942,II.FFC,54.725,-101.9783,9183.71244017281,560,1.2386470745706646
II.AAK,42.6375,74.4942,II.KAPI,-5.0142,119.7517,6986.200408403303,580,1.260571733734503
II.AAK,42.6375,74.4942,II.LVZ,67.8979,34.6514,3652.598881407521,505,1.1762489718744142
II.AAK,42.6375,74.4942,II.NIL,33.6506,73.2686,1004.996839001973,1059,1.7033407947365373
II.AAK,42.6375,74.4942,II.RAYN,23.5225,45.5032,3407.565131417354,916,1.5841682489861644
II.AAK,42.6375,74.4942,IU.JOHN,16.7329,-169.5292,10732.59649374411,443,1.101679912740986
II.AAK,42.6375,74.4942,IU.KBS,78.9154,11.9385,4794.890304434156,421,1.073976097282545
II.AAK,42.6375,74.4942,IU.KEV,69.7565,27.0035,4019.268428628744,601,1.283189519309503
II.AAK,42.6375,74.4942,IU.MIDW,28.2154,-177.3697,9251.039418575305,475,1.140775991601199
II.AAK,42.6375,74.4942,IU.RAO,-29.245,-177.929,13527.107079457981,379,1.0189976272708203
II.AAK,42.6375,74.4942,IU.TRQA,-38.0568,-61.9787,16332.463800005487,445,1.1041639743225553
II.AAK,42.6375,74.4942,MN.CLTB,37.578,13.216,5127.378877140387,574,1.2540345847407988
II.AAK,42.6375,74.4942,NZ.URZ,-38.259249,177.110894,13684.359176377286,741,1.4248287568340872
II.AAK,42.6375,74.4942,PB.B934,39.844501,-123.691399,10662.534721849892,559,1.237540645520408
II.AAK,42.6375,74.4942,PM.PESTR,38.867168,-7.590169,6642.7259143879555,555,1.2331050016951028
II.AAK,42.6375,74.4942,PM.PFVI,37.132832,-8.826829,6838.85372832185,560,1.2386470745706646
II.AAK,42.6375,74.4942,PS.MCSJ,24.29,153.978,7378.719248999366,415,1.0662955975571986
II.AAK,42.6375,74.4942,PS.PSI,2.6938,98.923698,5059.583896875401,1041,1.6888027695739216
II.AAK,42.6375,74.4942,PS.SYO,-69.0067,39.585,12742.850433389285,711,1.3956880759967294
II.AAK,42.6375,74.4942,RM.SLV,21.325247,103.906708,3615.1033647618597,378,1.017652415295205
II.AAK,42.6375,74.4942,TW.KMNB,24.4638,118.388199,4477.475755260084,557,1.2353248144760447
II.ALE,82.5033,-62.35,II.KAPI,-5.0142,119.7517,11398.137191235623,395,1.0402844711048598
II.ALE,82.5033,-62.35,IU.KBS,78.9154,11.9385,1284.354572457231,211,0.7603171652546205
II.ALE,82.5033,-62.35,MX.MOIG,19.646708,-101.227303,7182.7327266716,380,1.0203410657280039
II.ALE,82.5033,-62.35,NZ.URZ,-38.259249,177.110894,14650.822630355602,406,1.054669980194415
II.ALE,82.5033,-62.35,PB.B934,39.844501,-123.691399,5215.0706012790215,395,1.0402844711048598
II.ALE,82.5033,-62.35,PM.PFVI,37.132832,-8.826829,5412.3165748856345,395,1.0402844711048598
II.ALE,82.5033,-62.35,PS.SYO,-69.0067,39.585,17710.93195136295,408,1.0572644982113426
II.ALE,82.5033,-62.35,XF.NE4,76.657433,-34.27758,843.0682105042683,201,0.7420814857593803
II.ALE,82.5033,-62.35,XF.NE5,74.117332,-31.150419,1136.0464785035026,196,0.7327934916262991
II.ARTI,56.3879,58.3849,II.COCO,-12.1901,96.8349,8411.54052655477,971,1.6310346325577332
II.ARTI,56.3879,58.3849,II.EFI,-51.6753,-58.0637,15982.048705696436,372,1.0095435018818064
II.ARTI,56.3879,58.3849,II.ERM,42.015,143.1572,5948.3991946388205,390,1.0336794235569031
II.ARTI,56.3879,58.3849,II.FFC,54.725,-101.9783,7532.430022432971,924,1.5910709755743357
II.ARTI,56.3879,58.3849,II.HOPE,-54.2836,-36.4879,14979.977991027741,456,1.1177276360961783
II.ARTI,56.3879,58.3849,II.KAPI,-5.0142,119.7517,8780.151202976882,2261,2.488879375933114
II.ARTI,56.3879,58.3849,II.LVZ,67.8979,34.6514,1755.553664259804,1555,2.06404311306783
II.ARTI,56.3879,58.3849,II.NIL,33.6506,73.2686,2772.0514724457043,601,1.283189519309503
II.ARTI,56.3879,58.3849,II.PALK,7.2728,80.7022,5800.324700186008,534,1.2095510318420373
II.ARTI,56.3879,58.3849,II.RAYN,23.5225,45.5032,3801.81849965148,1756,2.193389820371561
II.ARTI,56.3879,58.3849,II.SHEL,-15.9594,-5.7455,9986.91003038913,947,1.6107515475532548
II.ARTI,56.3879,58.3849,JP.JGF,35.604,137.354172,6136.065925522008,365,1.0
II.ARTI,56.3879,58.3849,JP.JMM,37.868999,140.789673,6151.384943291618,570,1.2496574873206012
II.ARTI,56.3879,58.3849,JP.JTU,34.5275,129.396332,5743.522344379853,482,1.149150967108099
II.ARTI,56.3879,58.3849,KS.SH2B,38.2686,128.2524,5369.381906936716,531,1.2061486312009582
II.ARTI,56.3879,58.3849,M8.AI45,-29.9886,114.9982,10982.419149465914,412,1.0624345265886606
II.ARTI,56.3879,58.3849,M8.AU52,-33.4865,120.9751,11597.356796218666,682,1.3669283634064118
II.ARTI,56.3879,58.3849,M8.WATNG,-30.73225,118.19848,11201.661211285598,412,1.0624345265886606
II.ARTI,56.3879,58.3849,MM.KTN,21.2857,99.589798,5152.6420034705925,1379,1.9437289398938375
II.ARTI,56.3879,58.3849,MM.YGN,16.864799,96.153397,5411.998714969403,1197,1.8109257452459282
II.ARTI,56.3879,58.3849,MN.CLTB,37.578,13.216,3913.6681520514558,371,1.0081856754409793
II.ARTI,56.3879,58.3849,MX.HPIG,26.936794,-105.664017,10628.060599845128,1769,2.2014938888095403
II.ARTI,56.3879,58.3849,MX.MOIG,19.646708,-101.227303,11346.88336327072,1954,2.3137468870933673
II.ARTI,56.3879,58.3849,MX.ZAIG,22.769176,-102.567123,11032.409237632133,1861,2.2580146449893324
II.ARTI,56.3879,58.3849,MY.KOM,1.7922,103.846703,7287.294538665901,470,1.1347560235031635
II.ARTI,56.3879,58.3849,N4.250A,31.9778,-86.2677,9637.575992987737,507,1.1785758761702239
II.ARTI,56.3879,58.3849,N4.ABTX,32.6238,-99.6431,9901.694478443098,2276,2.497121630669232
II.ARTI,56.3879,58.3849,NN.RUB,39.051701,-120.1549,9401.806937486874,406,1.054669980194415
II.ARTI,56.3879,58.3849,NZ.URZ,-38.259249,177.110894,15170.981015634748,2337,2.5303635560977
II.ARTI,56.3879,58.3849,PB.B934,39.844501,-123.691399,9312.756523005759,2325,2.523858754704516
II.ARTI,56.3879,58.3849,PM.PESTR,38.867168,-7.590169,5084.621976811257,1936,2.3030652593969405
II.ARTI,56.3879,58.3849,PM.PFVI,37.132832,-8.826829,5298.323770816885,2314,2.5178812576047465
II.ARTI,56.3879,58.3849,PQ.NBC8,56.57308,-122.40441,7454.2089935897975,559,1.237540645520408
II.ARTI,56.3879,58.3849,PS.CHUK,7.4638,151.8554,9529.569844297406,801,1.4813914229349396
II.ARTI,56.3879,58.3849,PS.JAY,-2.5147,140.703,9769.315482245873,1229,1.8349722852597075
II.ARTI,56.3879,58.3849,PS.KOR,7.3436,134.4741,8473.67421827326,1000,1.655211777204736
II.ARTI,56.3879,58.3849,PS.PSI,2.6938,98.923698,6966.7795091279595,1508,2.0326108455174268
II.ARTI,56.3879,58.3849,PS.SYO,-69.0067,39.585,14026.340521480302,2300,2.5102529480141436
II.ARTI,56.3879,58.3849,PS.VIVO,18.6498,105.6965,5731.277020723563,1307,1.8923059789072747
II.ARTI,56.3879,58.3849,QZ.AKST,45.734274,62.857266,1224.5123354525958,263,0.8488509558252729
II.ARTI,56.3879,58.3849,QZ.ALGA,49.986897,57.210083,716.0228894182064,474,1.1395745420929257
II.ARTI,56.3879,58.3849,QZ.BRZS,49.981769,72.677469,1185.476919015596,204,0.7475988961930329
II.ARTI,56.3879,58.3849,QZ.FDRN,51.26934,51.769418,715.1709356847609,469,1.1335481934392182
II.ARTI,56.3879,58.3849,QZ.INDER,48.501565,51.694986,986.133223272716,469,1.1335481934392182
II.ARTI,56.3879,58.3849,QZ.USHN,49.969499,82.743909,1761.136693605907,392,1.0363264942766475
II.ARTI,56.3879,58.3849,RM.DLV,11.952,108.481499,6524.46148900266,1114,1.7470131065680499
II.ARTI,56.3879,58.3849,RM.SLV,21.325247,103.906708,5379.90413506628,1106,1.7407288663951574
II.ARTI,56.3879,58.3849,S1.AUBUS,-33.6601,115.3828,11359.63553212194,2321,2.5216867588162177
II.ARTI,56.3879,58.3849,S1.AUHPC,-38.1068,142.3183,13109.784591371354,557,1.2353248144760447
II.ARTI,56.3879,58.3849,S1.AUKAL,-30.7637,121.4789,11360.217534076795,695,1.3798947746263466
II.ARTI,56.3879,58.3849,S1.AUMAZ,-32.0069,116.0384,11227.064808202604,403,1.050766191424665
II.ARTI,56.3879,58.3849,TW.KMNB,24.4638,118.388199,5933.337105111104,1283,1.874851592300224
II.ARTI,56.3879,58.3849,WM.UCM,40.307499,-3.2441,4706.446842130247,505,1.1762489718744142
II.ARTI,56.3879,58.3849,XA.AX08,38.8984,46.1815,2141.5111057143754,557,1.2353248144760447
II.ARTI,56.3879,58.3849,XM.ANB10,-25.0271,-64.5865,14311.207418244394,439,1.0966949101857806
II.ARTI,56.3879,58.3849,XM.ANB11,-25.951,-62.49889,14267.568101034918,378,1.017652415295205
II.ARTI,56.3879,58.3849,XM.ANB20,-26.7962,-65.316,14512.326105491611,427,1.08160205884541
II.ARTI,56.3879,58.3849,XM.CB22,-24.00541,-68.52551,14452.989672030746,413,1.063723107446232
II.ARTI,56.3879,58.3849,XR.BA07,24.1371,91.4975,4471.184893537549,452,1.112814523801501
II.ARTI,56.3879,58.3849,Y1.TURK,3.127577,38.27457,6186.200230968088,529,1.2038750219574914
II.ARTI,56.3879,58.3849,YL.WKZ15,43.36841,54.59763,1472.3500143716976,371,1.0081856754409793
II.ARTI,56.3879,58.3849,YT.LPLY,-73.1142,-90.2834,17691.814609667872,725,1.409362043572557
II.ARTI,56.3879,58.3849,YT.MCRG,-73.6681,-94.6493,17758.780008820748,1145,1.7711539462649382
II.ARTI,56.3879,58.3849,YT.MTAK,-76.3157,-112.7986,17770.495990923093,440,1.0979432827130893
II.ARTI,56.3879,58.3849,YT.RMBO,-83.8714,-66.3959,16625.270502071362,2044,2.3664319132398464
II.ARTI,56.3879,58.3849,Z7.LA01,31.9874,-93.8349,9843.403381148739,451,1.111582852672784
II.CMLA,37.7637,-25.5243,II.FFC,54.725,-101.9783,5852.711218456265,441,1.0991902374394489
II.CMLA,37.7637,-25.5243,II.KAPI,-5.0142,119.7517,14954.683348211842,429,1.0841321255979017
II.CMLA,37.7637,-25.5243,II.NIL,33.6506,73.2686,8471.608526568358,379,1.0189976272708203
II.CMLA,37.7637,-25.5243,II.RAYN,23.5225,45.5032,6817.325043794222,398,1.0442274459638137
II.CMLA,37.7637,-25.5243,NZ.URZ,-38.259249,177.110894,18036.2478151005,481,1.147958282856168
II.CMLA,37.7637,-25.5243,PB.B934,39.844501,-123.691399,8025.266640545965,441,1.0991902374394489
II.CMLA,37.7637,-25.5243,PM.PESTR,38.867168,-7.590169,1566.9308562417239,438,1.0954451150103321
II.CMLA,37.7637,-25.5243,PM.PFVI,37.132832,-8.826829,1473.732367963072,441,1.0991902374394489
II.CMLA,37.7637,-25.5243,PS.PSI,2.6938,98.923698,12754.31251851877,478,1.1443727719130206
II.CMLA,37.7637,-25.5243,YT.CLRK,-77.3231,-141.8485,14723.161599994111,420,1.0726998329014736
II.CMLA,37.7637,-25.5243,YT.THUR,-72.5301,-97.5606,13424.37087311234,409,1.0585593725462352
II.COCO,-12.1901,96.8349,II.EFI,-51.6753,-58.0637,12513.264661176463,486,1.1539093765608583
II.COCO,-12.1901,96.8349,II.FFC,54.725,-101.9783,15007.746766664053,1189,1.804864052103466
II.COCO,-12.1901,96.8349,II.HOPE,-54.2836,-36.4879,11421.129168782243,501,1.1715812988120062
II.COCO,-12.1901,96.8349,II.KAPI,-5.0142,119.7517,2640.851204696411,1319,1.900973074542874
II.COCO,-12.1901,96.8349,II.LVZ,67.8979,34.6514,10160.605413289648,1153,1.7773306134732054
II.COCO,-12.1901,96.8349,II.NIL,33.6506,73.2686,5675.258325162329,851,1.5269272573751078
II.COCO,-12.1901,96.8349,II.RAYN,23.5225,45.5032,6849.07126611948,1371,1.9380826565349694
II.COCO,-12.1901,96.8349,II.SHEL,-15.9594,-5.7455,10945.14372381491,628,1.3116965903765547
II.COCO,-12.1901,96.8349,IU.ADK,51.8823,-176.6842,10832.296547033711,466,1.1299169565800504
II.COCO,-12.1901,96.8349,IU.BILL,68.0653,166.4531,10445.629027039784,503,1.1739174552671163
II.COCO,-12.1901,96.8349,IU.DAV,7.0697,125.5791,3831.9987109535086,410,1.0598526648703945
II.COCO,-12.1901,96.8349,IU.FUNA,-8.5259,179.1966,8985.141964999664,395,1.0402844711048598
II.COCO,-12.1901,96.8349,IU.KBS,78.9154,11.9385,11228.695091148405,608,1.2906407031616252
II.COCO,-12.1901,96.8349,IU.KEV,69.7565,27.0035,10527.396377122612,1054,1.6993149304577748
II.COCO,-12.1901,96.8349,IU.MIDW,28.2154,-177.3697,10241.312867020844,464,1.1274896348580457
II.COCO,-12.1901,96.8349,IU.TIXI,71.6341,128.8667,9620.65847145003,446,1.1054039117983878
II.COCO,-12.1901,96.8349,IU.TRQA,-38.0568,-61.9787,14008.018526272432,416,1.0675795180675116
II.COCO,-12.1901,96.8349,IU.YSS,46.9587,142.7604,8001.272667004321,395,1.0402844711048598
II.COCO,-12.1901,96.8349,JP.JMM,37.868999,140.789673,7204.887726791421,449,1.1091154071156752
II.COCO,-12.1901,96.8349,JP.JTU,34.5275,129.396332,6228.276231477028,417,1.0688618963292955
II.COCO,-12.1901,96.8349,KS.SH2B,38.2686,128.2524,6492.752031513337,479,1.1455691891471627
II.COCO,-12.1901,96.8349,MM.KTN,21.2857,99.589798,3734.484664894157,376,1.0149566425721692
II.COCO,-12.1901,96.8349,MM.YGN,16.864799,96.153397,3231.629771974719,500,1.1704114719613057
II.COCO,-12.1901,96.8349,MN.CLTB,37.578,13.216,10279.526193613985,389,1.032353342929413
II.COCO,-12.1901,96.8349,MN.VSL,39.496,9.378,10651.056683096176,375,1.0136060675992289
II.COCO,-12.1901,96.8349,MX.HPIG,26.936794,-105.664017,17152.382314246,839,1.516123391082105
II.COCO,-12.1901,96.8349,MX.MOIG,19.646708,-101.227303,17915.37439409028,987,1.644417705159214
II.COCO,-12.1901,96.8349,MX.ZAIG,22.769176,-102.567123,17648.910908898422,895,1.5659038267149576
II.COCO,-12.1901,96.8349,MY.KOM,1.7922,103.846703,1736.9851676319595,436,1.09294123718762
II.COCO,-12.1901,96.8349,MY.KUM,5.2902,100.6492,1988.9415490735119,593,1.2746205452002473
II.COCO,-12.1901,96.8349,N4.ABTX,32.6238,-99.6431,17189.720774591042,1112,1.7454441676735906
II.COCO,-12.1901,96.8349,NZ.URZ,-38.259249,177.110894,8329.288662884524,1544,2.0567296823601713
II.COCO,-12.1901,96.8349,PB.B934,39.844501,-123.691399,14998.946082580387,1254,1.8535415933709618
II.COCO,-12.1901,96.8349,PM.PESTR,38.867168,-7.590169,12096.850255845648,1138,1.7657316384938233
II.COCO,-12.1901,96.8349,PM.PFVI,37.132832,-8.826829,12203.106968492037,1256,1.85501910782907
II.COCO,-12.1901,96.8349,PS.CHUK,7.4638,151.8554,6462.371029745922,410,1.0598526648703945
II.COCO,-12.1901,96.8349,PS.JAY,-2.5147,140.703,4948.0246475450795,852,1.5278241310250555
II.COCO,-12.1901,96.8349,PS.KOR,7.3436,134.4741,4693.628438050224,603,1.2853228366914469
II.COCO,-12.1901,96.8349,PS.MCSJ,24.29,153.978,7410.0618820241425,1033,1.6823010985853186
II.COCO,-12.1901,96.8349,PS.PSI,2.6938,98.923698,1671.0321587903668,1669,2.1383645011377337
II.COCO,-12.1901,96.8349,PS.SYO,-69.0067,39.585,7478.778625104059,1929,2.2988978896091306
II.COCO,-12.1901,96.8349,PS.VIVO,18.6498,105.6965,3564.2476565821003,850,1.5260298566173833
II.COCO,-12.1901,96.8349,S1.AUBUS,-33.6601,115.3828,3039.3249450726726,1102,1.7375782233303285
II.COCO,-12.1901,96.8349,S1.AUHPC,-38.1068,142.3183,5333.744370199093,458,1.120176111398536
II.COCO,-12.1901,96.8349,S1.AUMAZ,-32.0069,116.0384,2950.5801917647796,443,1.101679912740986
II.COCO,-12.1901,96.8349,TW.KMNB,24.4638,118.388199,4699.631695518893,1055,1.7001208659692726
II.COCO,-12.1901,96.8349,XM.ANB10,-25.0271,-64.5865,15412.432368612814,412,1.0624345265886606
II.COCO,-12.1901,96.8349,XM.ANB16,-24.0911,-61.4628,15342.335917850063,411,1.061144380968148
II.COCO,-12.1901,96.8349,XM.ANB17,-25.2429,-59.8069,15143.35381590757,413,1.063723107446232
II.COCO,-12.1901,96.8349,XM.ANB19,-27.7766,-62.9698,15066.927569257045,411,1.061144380968148
II.COCO,-12.1901,96.8349,XM.ANB20,-26.7962,-65.316,15270.715279483891,411,1.061144380968148
II.COCO,-12.1901,96.8349,XM.ASB11,-37.8946,-63.8453,14093.122966564546,400,1.0468478451804273
II.COCO,-12.1901,96.8349,XM.ASB22,-33.66389,-67.46128,14652.012285273262,404,1.0520690638301713
II.COCO,-12.1901,96.8349,XO.SCCC,41.764851,-74.670135,16624.727254298305,434,1.090431609909769
II.COCO,-12.1901,96.8349,YT.MCRG,-73.6681,-94.6493,10432.961610909622,741,1.4248287568340872
II.COCO,-12.1901,96.8349,YT.RMBO,-83.8714,-66.3959,9305.110157689642,890,1.5615236675707358
II.COCO,-12.1901,96.8349,YT.THUR,-72.5301,-97.5606,10535.722532105392,365,1.0
II.EFI,-51.6753,-58.0637,II.ERM,42.015,143.1572,18087.544910592824,659,1.343681305985461
II.EFI,-51.6753,-58.0637,II.FFC,54.725,-101.9783,12508.082491154211,618,1.3012112376288127
II.EFI,-51.6753,-58.0637,II.HOPE,-54.2836,-36.4879,1467.2208822219109,1004,1.658518896939932
II.EFI,-51.6753,-58.0637,II.KAPI,-5.0142,119.7517,13708.098765455563,1209,1.8199804304231646
II.EFI,-51.6753,-58.0637,II.LVZ,67.8979,34.6514,15295.310103224094,926,1.592791983081866
II.EFI,-51.6753,-58.0637,II.NIL,33.6506,73.2686,15663.209663864121,1071,1.712964265635003
II.EFI,-51.6753,-58.0637,II.NNA,-11.9875,-76.8422,4726.080689795734,535,1.2106830405426245
II.EFI,-51.6753,-58.0637,II.PALK,7.2728,80.7022,13809.049973732013,901,1.5711438987836002
II.EFI,-51.6753,-58.0637,II.RAYN,23.5225,45.5032,12956.267175577477,1491,2.0211213488678297
II.EFI,-51.6753,-58.0637,II.SHEL,-15.9594,-5.7455,6064.396202609865,705,1.389786620066213
II.EFI,-51.6753,-58.0637,IU.DAV,7.0697,125.5791,15043.920422813606,410,1.0598526648703945
II.EFI,-51.6753,-58.0637,IU.FUNA,-8.5259,179.1966,11390.445305530258,389,1.032353342929413
II.EFI,-51.6753,-58.0637,IU.JOHN,16.7329,-169.5292,12932.803844169526,472,1.1371678349880932
II.EFI,-51.6753,-58.0637,IU.KBS,78.9154,11.9385,15212.72246119433,478,1.1443727719130206
II.EFI,-51.6753,-58.0637,IU.KEV,69.7565,27.0035,15106.59877964606,914,1.5824378626161268
II.EFI,-51.6753,-58.0637,IU.MBWA,-21.159,119.7313,11913.443537055997,565,1.244164460784607
II.EFI,-51.6753,-58.0637,IU.MIDW,28.2154,-177.3697,14418.714176060274,908,1.577235313095897
II.EFI,-51.6753,-58.0637,IU.PMSA,-64.7744,-64.0489,1496.5154899586455,156,0.6537562697779445
II.EFI,-51.6753,-58.0637,IU.TRQA,-38.0568,-61.9787,1544.839359661614,910,1.5789714009226092
II.EFI,-51.6753,-58.0637,IU.YAK,62.031,129.6805,18773.11525702844,592,1.273545369517387
II.EFI,-51.6753,-58.0637,KZ.AB06,49.261101,59.969299,15754.685820578072,390,1.0336794235569031
II.EFI,-51.6753,-58.0637,MM.KTN,21.2857,99.589798,16123.958266078382,419,1.0714220482515058
II.EFI,-51.6753,-58.0637,MM.YGN,16.864799,96.153397,15527.039935525321,438,1.0954451150103321
II.EFI,-51.6753,-58.0637,MN.CLTB,37.578,13.216,12087.44394033459,795,1.4758327113127767
II.EFI,-51.6753,-58.0637,MX.HPIG,26.936794,-105.664017,9896.760491239718,649,1.3334474836981103
II.EFI,-51.6753,-58.0637,MX.MOIG,19.646708,-101.227303,8969.488953748876,615,1.2980491157307243
II.EFI,-51.6753,-58.0637,MX.ZAIG,22.769176,-102.567123,9342.574770861458,752,1.4353654491462233
II.EFI,-51.6753,-58.0637,MY.KOM,1.7922,103.846703,14217.233266876261,475,1.140775991601199
II.EFI,-51.6753,-58.0637,MY.SBM,2.4529,112.213997,14467.33696459251,368,1.0041011792056576
II.EFI,-51.6753,-58.0637,N4.ABTX,32.6238,-99.6431,10213.12230062272,465,1.128703948225453
II.EFI,-51.6753,-58.0637,N4.E62A,46.6201,-69.5227,10984.659941901924,438,1.0954451150103321
II.EFI,-51.6753,-58.0637,NR.NE80,30.5,-112.319931,10556.426359528146,434,1.090431609909769
II.EFI,-51.6753,-58.0637,NR.NE81,28.918341,-109.636261,10275.217378663518,372,1.0095435018818064
II.EFI,-51.6753,-58.0637,NZ.URZ,-38.259249,177.110894,8674.520855884852,1850,2.25133141733618
II.EFI,-51.6753,-58.0637,PB.B934,39.844501,-123.691399,11989.961282346534,1372,1.9387893412098802
II.EFI,-51.6753,-58.0637,PM.PESTR,38.867168,-7.590169,11193.062886228621,1500,2.0272121351984578
II.EFI,-51.6753,-58.0637,PM.PFVI,37.132832,-8.826829,10971.872982936939,1434,1.982111783751782
II.EFI,-51.6753,-58.0637,PS.MCSJ,24.29,153.978,15934.822021250093,851,1.5269272573751078
II.EFI,-51.6753,-58.0637,PS.PSI,2.6938,98.923698,14163.300485250646,1437,1.984184039188367
II.EFI,-51.6753,-58.0637,PS.SYO,-69.0067,39.585,5041.8773287895,1906,2.2851515941440685
II.EFI,-51.6753,-58.0637,RM.DLV,11.952,108.481499,15434.592045845233,817,1.4961136869849034
II.EFI,-51.6753,-58.0637,RM.SLV,21.325247,103.906708,16298.210606268096,947,1.6107515475532548
II.EFI,-51.6753,-58.0637,S1.AUBUS,-33.6601,115.3828,10504.682073084432,873,1.546538335094804
II.EFI,-51.6753,-58.0637,TW.KMNB,24.4638,118.388199,16974.290009509168,1254,1.8535415933709618
II.EFI,-51.6753,-58.0637,VE.BAUV,8.9433,-68.041496,6808.0323657175595,637,1.3210622541924566
II.EFI,-51.6753,-58.0637,XR.BA07,24.1371,91.4975,16008.713327208168,490,1.1586482440433152
II.EFI,-51.6753,-58.0637,Y2.GUGE,31.4769,79.664101,15925.723883806446,413,1.063723107446232
II.EFI,-51.6753,-58.0637,Y2.PURG,30.198799,81.275299,15927.863496528615,412,1.0624345265886606
II.EFI,-51.6753,-58.0637,YT.RMBO,-83.8714,-66.3959,3588.3951047620035,911,1.5798387294147793
II.ERM,42.015,143.1572,II.FFC,54.725,-101.9783,7620.16391498187,1075,1.7161600972671678
II.ERM,42.015,143.1572,II.HOPE,-54.2836,-36.4879,18650.6570375913,1635,2.1164716050054913
II.ERM,42.015,143.1572,II.KAPI,-5.0142,119.7517,5741.099448986205,1698,2.156862256733273
II.ERM,42.015,143.1572,II.LVZ,67.8979,34.6514,6438.10308572936,1412,1.9668485327256218
II.ERM,42.015,143.1572,II.NIL,33.6506,73.2686,6037.820193481025,1681,2.146038082619876
II.ERM,42.015,143.1572,II.NNA,-11.9875,-76.8422,14909.894952417711,453,1.114044833214067
II.ERM,42.015,143.1572,II.PALK,7.2728,80.7022,7207.049988447723,571,1.2507531977348032
II.ERM,42.015,143.1572,II.RAYN,23.5225,45.5032,8877.798182376599,1589,2.08648619874042
II.ERM,42.015,143.1572,II.SHEL,-15.9594,-5.7455,15870.05070521517,1417,1.9703278358745069
II.ERM,42.015,143.1572,IU.ADK,51.8823,-176.6842,3191.999492809034,518,1.19129260981162
II.ERM,42.015,143.1572,IU.CASY,-66.2792,110.5354,12360.938148190287,390,1.0336794235569031
II.ERM,42.015,143.1572,IU.DAV,7.0697,125.5791,4253.68524502775,588,1.2692355589525488
II.ERM,42.015,143.1572,IU.FUNA,-8.5259,179.1966,6709.133563058843,854,1.5296163007098416
II.ERM,42.015,143.1572,IU.INCN,37.4776,126.6239,1497.907224828055,373,1.010899504510304
II.ERM,42.015,143.1572,IU.JOHN,16.7329,-169.5292,5286.008159000369,1068,1.7105634736133803
II.ERM,42.015,143.1572,IU.KBS,78.9154,11.9385,6199.8198876537,1283,1.874851592300224
II.ERM,42.015,143.1572,IU.KEV,69.7565,27.0035,6563.263936447109,2473,2.6029488019846694
II.ERM,42.015,143.1572,IU.MA2,59.5756,150.77,2021.50297750962,434,1.090431609909769
II.ERM,42.015,143.1572,IU.MBWA,-21.159,119.7313,7426.237243217275,1300,1.8872317917035095
II.ERM,42.015,143.1572,IU.MIDW,28.2154,-177.3697,3862.128735157781,1941,2.3060373412367117
II.ERM,42.015,143.1572,IU.PTGA,-0.7308,-59.9666,14874.517034705263,559,1.237540645520408
II.ERM,42.015,143.1572,IU.SAML,-8.9489,-63.1831,15525.814556685618,792,1.4730454893514422
II.ERM,42.015,143.1572,IU.TATO,24.9735,121.4971,2746.0868576792845,376,1.0149566425721692
II.ERM,42.015,143.1572,IU.TIXI,71.6341,128.8667,3385.705304874102,728,1.4122749547964113
II.ERM,42.015,143.1572,IU.TRQA,-38.0568,-61.9787,17838.69408720935,1900,2.281551983202398
II.ERM,42.015,143.1572,IU.YAK,62.031,129.6805,2397.899561495231,1018,1.6700422437442746
II.ERM,42.015,143.1572,IU.YSS,46.9587,142.7604,550.6134154724981,347,0.9750307336216891
II.ERM,42.015,143.1572,JP.ASAJ,44.118801,142.593002,238.37798366020365,573,1.252941743936497
II.ERM,42.015,143.1572,MM.KTN,21.2857,99.589798,4656.485227244662,407,1.0559680360459236
II.ERM,42.015,143.1572,MM.YGN,16.864799,96.153397,5251.735114299297,436,1.09294123718762
II.ERM,42.015,143.1572,MN.CLTB,37.578,13.216,9815.391155773435,705,1.389786620066213
II.ERM,42.015,143.1572,MN.VSL,39.496,9.378,9822.560258593849,517,1.1901421579644944
II.ERM,42.015,143.1572,MX.HPIG,26.936794,-105.664017,9600.09987591744,567,1.246364576492066
II.ERM,42.015,143.1572,MX.MOIG,19.646708,-101.227303,10501.60245623349,589,1.270314382401847
II.ERM,42.015,143.1572,MX.ZAIG,22.769176,-102.567123,10151.615309213981,727,1.4113046524113098
II.ERM,42.015,143.1572,MY.KOM,1.7922,103.846703,5943.525972037768,518,1.19129260981162
II.ERM,42.015,143.1572,MY.KUM,5.2902,100.6492,5851.2047469091885,365,1.0
II.ERM,42.015,143.1572,MY.SBM,2.4529,112.213997,5370.211184143519,636,1.3200249063652767
II.ERM,42.015,143.1572,N4.ABTX,32.6238,-99.6431,9530.427256764448,456,1.1177276360961783
II.ERM,42.015,143.1572,NR.NE74,28.007509,-114.013802,8927.88510605437,607,1.2895788842215652
II.ERM,42.015,143.1572,NR.NE75,27.293341,-112.856491,9065.426341707733,575,1.2551264740070718
II.ERM,42.015,143.1572,NR.NE79,23.11937,-109.756111,9612.027034799385,499,1.1692404746976701
II.ERM,42.015,143.1572,NR.NE80,30.5,-112.319931,8859.824286720881,465,1.128703948225453
II.ERM,42.015,143.1572,NR.NE81,28.918341,-109.636261,9168.735058178967,843,1.5197332137898054
II.ERM,42.015,143.1572,NR.NE82,26.915661,-109.230843,9353.1153886318,676,1.3609021987345555
II.ERM,42.015,143.1572,NR.NE83,24.730881,-107.739326,9630.411213400597,825,1.503420757008077
II.ERM,42.015,143.1572,NZ.URZ,-38.259249,177.110894,9564.685021130228,2745,2.7423617458689655
II.ERM,42.015,143.1572,PB.B934,39.844501,-123.691399,7403.279894906039,1725,2.173942822905026
II.ERM,42.015,143.1572,PM.PESTR,38.867168,-7.590169,10547.791252325596,2196,2.4528429130632037
II.ERM,42.015,143.1572,PM.PFVI,37.132832,-8.826829,10766.642928382731,1956,2.3149306921782866
II.ERM,42.015,143.1572,PS.MCSJ,24.29,153.978,2209.045884944498,1493,2.022476442113507
II.ERM,42.015,143.1572,PS.PSI,2.6938,98.923698,6196.012528302628,3022,2.877403700351155
II.ERM,42.015,143.1572,PS.SYO,-69.0067,39.585,14835.816982383085,3370,3.0385649100074805
II.ERM,42.015,143.1572,PS.TSK,36.2108,140.1097,696.7693907849399,558,1.2364332263764475
II.ERM,42.015,143.1572,RM.DLV,11.952,108.481499,4734.307203568737,1119,1.75092930315805
II.ERM,42.015,143.1572,RM.SLV,21.325247,103.906708,4314.137116841395,1365,1.9338371253539581
II.ERM,42.015,143.1572,S1.AUBUS,-33.6601,115.3828,8879.266400268252,737,1.4209778612602593
II.ERM,42.015,143.1572,TR.TOSP,11.2984,-60.535198,13611.816378991994,593,1.2746205452002473
II.ERM,42.015,143.1572,TT.TATN,32.578701,10.5292,10412.966558288148,620,1.3033150566867173
II.ERM,42.015,143.1572,TW.KMNB,24.4638,118.388199,2999.072116454013,1595,2.0904217310625697
II.ERM,42.015,143.1572,US.DUG,40.195,-112.8133,8103.739436661991,415,1.0662955975571986
II.ERM,42.015,143.1572,VE.BAUV,8.9433,-68.041496,13519.489633334731,414,1.0650101292205938
II.ERM,42.015,143.1572,X4.D26,32.459202,96.394203,4218.663451686603,368,1.0041011792056576
II.ERM,42.015,143.1572,XC.OR088,42.965599,-117.302299,7619.7954777206,438,1.0954451150103321
II.ERM,42.015,143.1572,XF.MA28,20.1786,-102.597,10361.28704238686,388,1.0310255567298694
II.ERM,42.015,143.1572,XF.MA36,19.3594,-104.893204,10263.33393926335,389,1.032353342929413
II.ERM,42.015,143.1572,XI.SM37,44.381001,-93.380997,8884.541661892446,396,1.041600454516661
II.ERM,42.015,143.1572,Y2.GUGE,31.4769,79.664101,5646.571695552744,838,1.5152195916628401
II.ERM,42.015,143.1572,Y2.PURG,30.198799,81.275299,5588.661447768647,837,1.5143152528227095
II.ERM,42.015,143.1572,Y2.WT06,32.226398,82.261299,5392.8260291124925,413,1.063723107446232
II.ERM,42.015,143.1572,Y5.FMC,56.650002,-111.5,7026.4190944392085,429,1.0841321255979017
II.ERM,42.015,143.1572,Y5.RW1,58.852901,-113.175903,6803.074846733033,403,1.050766191424665
II.ERM,42.015,143.1572,YK.OCW,38.425842,-122.846184,7555.683857891905,420,1.0726998329014736
II.ERM,42.015,143.1572,YP.NE59,44.095901,125.961098,1413.508902605749,187,0.7157714489439263
II.ERM,42.015,143.1572,YP.NE5D,44.107601,129.6008,1124.265954516343,116,0.5637448174290228
II.ERM,42.015,143.1572,YP.NE61,44.849098,115.991798,2205.561414843181,397,1.0429147773795864
II.ERM,42.015,143.1572,YP.NE7D,45.342098,128.742905,1214.817054152046,402,1.0494617015468923
II.ERM,42.015,143.1572,YP.NE8B,46.207199,126.056297,1439.2376519363202,273,0.8648382539408465
II.ERM,42.015,143.1572,YP.NE8I,45.994301,133.655807,878.4975413856226,279,0.8742903188551475
II.ERM,42.015,143.1572,YP.NEAD,47.581402,133.5802,975.5431939284773,405,1.0533703247651751
II.ERM,42.015,143.1572,YS.NGOK,22.122999,-159.664993,5705.218721838885,425,1.0790660599072865
II.ERM,42.015,143.1572,YT.CLRK,-77.3231,-141.8485,14193.709543097326,550,1.2275379077928685
II.ERM,42.015,143.1572,YT.LPLY,-73.1142,-90.2834,15596.826814521404,389,1.032353342929413
II.ERM,42.015,143.1572,YT.RMBO,-83.8714,-66.3959,15263.190373486617,833,1.5106924838702012
II.ERM,42.015,143.1572,YT.ST04,-80.7152,-116.5792,14788.215151842322,517,1.1901421579644944
II.ERM,42.015,143.1572,Z8.320,36.0107,112.366096,2726.7922892079414,417,1.0688618963292955
II.ERM,42.015,143.1572,Z8.365,35.987999,105.131699,3325.1141931894012,420,1.0726998329014736
II.ERM,42.015,143.1572,Z8.373,35.941299,103.562599,3456.757058193052,421,1.073976097282545
II.ERM,42.015,143.1572,ZD.FM09,-12.65027,-73.041481,15235.883857236066,402,1.0494617015468923
II.ERM,42.015,143.1572,ZG.CB14,-17.249399,-65.900902,16118.445984182968,365,1.0
II.FFC,54.725,-101.9783,II.HOPE,-54.2836,-36.4879,13513.824226327384,1281,1.873389719491353
II.FFC,54.725,-101.9783,II.KAPI,-5.0142,119.7517,13348.47722937059,2922,2.8293955983663355
II.FFC,54.725,-101.9783,II.LVZ,67.8979,34.6514,5920.199839019672,2590,2.663811256631915
II.FFC,54.725,-101.9783,II.NIL,33.6506,73.2686,10177.645816924249,2158,2.4315280724522363
II.FFC,54.725,-101.9783,II.PALK,7.2728,80.7022,13116.742182831253,494,1.1633678083625345
II.FFC,54.725,-101.9783,II.RAYN,23.5225,45.5032,10778.201246782399,2842,2.7903944828398393
II.FFC,54.725,-101.9783,II.SHEL,-15.9594,-5.7455,11847.179278278809,1701,2.1587667712383243
II.FFC,54.725,-101.9783,IU.ADK,51.8823,-176.6842,4734.813003354569,436,1.09294123718762
II.FFC,54.725,-101.9783,IU.FUNA,-8.5259,179.1966,10073.494966597038,437,1.0941938923118713
II.FFC,54.725,-101.9783,IU.INCN,37.4776,126.6239,8765.855794914278,389,1.032353342929413
II.FFC,54.725,-101.9783,IU.JOHN,16.7329,-169.5292,7060.618379210745,1622,2.108040705593314
II.FFC,54.725,-101.9783,IU.KBS,78.9154,11.9385,4545.021783918743,800,1.4804664203952105
II.FFC,54.725,-101.9783,IU.KEV,69.7565,27.0035,5580.7527748872535,2270,2.493827997715917
II.FFC,54.725,-101.9783,IU.MBWA,-21.159,119.7313,14918.576129903062,871,1.5447657977386131
II.FFC,54.725,-101.9783,IU.MIDW,28.2154,-177.3697,6565.800554454114,1635,2.1164716050054913
II.FFC,54.725,-101.9783,IU.PMSA,-64.7744,-64.0489,13675.202095237451,429,1.0841321255979017
II.FFC,54.725,-101.9783,IU.RAO,-29.245,-177.929,11792.528722821839,632,1.3158673372779903
II.FFC,54.725,-101.9783,IU.TATO,24.9735,121.4971,10231.953892596588,380,1.0203410657280039
II.FFC,54.725,-101.9783,IU.TIXI,71.6341,128.8667,5415.965047793111,813,1.4924467361597775
II.FFC,54.725,-101.9783,IU.TRQA,-38.0568,-61.9787,10998.518223571287,1514,2.0366504868237585
II.FFC,54.725,-101.9783,IU.YAK,62.031,129.6805,6274.244498920149,1126,1.7563973089393285
II.FFC,54.725,-101.9783,KS.SH2B,38.2686,128.2524,8623.179657256898,556,1.2342154071445053
II.FFC,54.725,-101.9783,M8.AU52,-33.4865,120.9751,15946.84849469103,447,1.1066424599872242
II.FFC,54.725,-101.9783,MB.HRY,46.711285,-111.831786,1127.048595397287,286,0.8851901738245949
II.FFC,54.725,-101.9783,MM.KTN,21.2857,99.589798,11316.842417766477,1048,1.6944712675971607
II.FFC,54.725,-101.9783,MM.YGN,16.864799,96.153397,11871.262112574559,1182,1.7995433210633085
II.FFC,54.725,-101.9783,MN.CLTB,37.578,13.216,8046.066024423151,1035,1.6839288697436612
II.FFC,54.725,-101.9783,MX.HPIG,26.936794,-105.664017,3104.432598055174,1630,2.1132329319451593
II.FFC,54.725,-101.9783,MX.MOIG,19.646708,-101.227303,3901.051391888979,1186,1.8025856619015783
II.FFC,54.725,-101.9783,MX.ZAIG,22.769176,-102.567123,3553.668886947734,1671,2.1396453425231066
II.FFC,54.725,-101.9783,MY.KOM,1.7922,103.846703,13299.643746876109,924,1.5910709755743357
II.FFC,54.725,-101.9783,MY.SBM,2.4529,112.213997,12926.552923781994,510,1.1820576440988835
II.FFC,54.725,-101.9783,N4.ABTX,32.6238,-99.6431,2464.375356257153,1194,1.8086549910672098
II.FFC,54.725,-101.9783,N4.E62A,46.6201,-69.5227,2431.3754789175946,453,1.114044833214067
II.FFC,54.725,-101.9783,NR.NE75,27.293341,-112.856491,3175.4386574504856,404,1.0520690638301713
II.FFC,54.725,-101.9783,NR.NE81,28.918341,-109.636261,2934.8614869763787,428,1.082867831143777
II.FFC,54.725,-101.9783,NR.NE83,24.730881,-107.739326,3368.808583376251,434,1.090431609909769
II.FFC,54.725,-101.9783,NZ.URZ,-38.259249,177.110894,12866.909535797708,3342,3.0259154620646034
II.FFC,54.725,-101.9783,PB.B934,39.844501,-123.691399,2309.6634189348038,2652,2.69550615370426
II.FFC,54.725,-101.9783,PM.PESTR,38.867168,-7.590169,6833.158950822273,2665,2.702104709853728
II.FFC,54.725,-101.9783,PM.PFVI,37.132832,-8.826829,6908.207422794596,3031,2.881685199504119
II.FFC,54.725,-101.9783,PQ.NBC8,56.57308,-122.40441,1292.9782207155467,312,0.9245509832064132
II.FFC,54.725,-101.9783,PS.CHUK,7.4638,151.8554,10347.805754176026,566,1.245265004529899
II.FFC,54.725,-101.9783,PS.JAY,-2.5147,140.703,11952.782429500528,1122,1.7532748223652006
II.FFC,54.725,-101.9783,PS.KOR,7.3436,134.4741,11369.687235706691,870,1.5438787659125366
II.FFC,54.725,-101.9783,PS.MCSJ,24.29,153.978,8672.02700952189,1408,1.9640606524685897
II.FFC,54.725,-101.9783,PS.PSI,2.6938,98.923698,13347.32498016923,3298,3.0059302118239812
II.FFC,54.725,-101.9783,PS.SYO,-69.0067,39.585,17519.558316372357,3756,3.2078670419617006
II.FFC,54.725,-101.9783,PS.TSK,36.2108,140.1097,8304.328435850382,656,1.340619362075829
II.FFC,54.725,-101.9783,PS.VIVO,18.6498,105.6965,11443.683148871665,1121,1.7524933314316289
II.FFC,54.725,-101.9783,RM.DLV,11.952,108.481499,12068.922887972027,1423,1.9744949068018132
II.FFC,54.725,-101.9783,RM.SLV,21.325247,103.906708,11206.629136977477,1419,1.9717178380480085
II.FFC,54.725,-101.9783,RV.SWHSA,54.899441,-116.751793,945.0839952397687,134,0.605906995892301
II.FFC,54.725,-101.9783,S1.AUBUS,-33.6601,115.3828,16297.772607927436,1925,2.296513140119108
II.FFC,54.725,-101.9783,S1.AUKAL,-30.7637,121.4789,15685.085314063545,447,1.1066424599872242
II.FFC,54.725,-101.9783,S1.AUMAZ,-32.0069,116.0384,16116.211033196607,449,1.1091154071156752
II.FFC,54.725,-101.9783,TT.TATN,32.578701,10.5292,8375.966730457034,619,1.3022635720002707
II.FFC,54.725,-101.9783,TW.KMNB,24.4638,118.388199,10405.518778515638,2212,2.461762371270375
II.FFC,54.725,-101.9783,US.ECSD,43.7337,-96.6141,1281.8077865024593,237,0.8058008863814625
II.FFC,54.725,-101.9783,US.LAO,46.6885,-106.2231,941.8472534816556,180,0.7022468831767834
II.FFC,54.725,-101.9783,VE.BAUV,8.9433,-68.041496,5906.094634775087,444,1.1029226428740972
II.FFC,54.725,-101.9783,X8.QMM5,50.8438,-68.798203,2250.6005169594578,424,1.0777958227866902
II.FFC,54.725,-101.9783,XI.SC04,49.624001,-89.675003,1010.5153838187022,99,0.5208002272583305
II.FFC,54.725,-101.9783,XI.SC14,47.723,-84.814003,1420.7077762794092,364,0.9986291974364673
II.FFC,54.725,-101.9783,XI.SM37,44.381001,-93.380997,1304.5337684476685,499,1.1692404746976701
II.FFC,54.725,-101.9783,XL.HD03,46.515701,102.547203,8523.836250146007,391,1.0350038051680432
II.FFC,54.725,-101.9783,XL.HD09,45.413898,100.5718,8678.960471805063,414,1.0650101292205938
II.FFC,54.725,-101.9783,XL.HD41,48.242298,99.400002,8392.082285268993,412,1.0624345265886606
II.FFC,54.725,-101.9783,XL.HD48,46.209202,97.608299,8641.315751102424,366,1.0013689260344547
II.FFC,54.725,-101.9783,XL.HD73,49.4953,101.357101,8223.8262760928,411,1.061144380968148
II.FFC,54.725,-101.9783,XL.HD74,49.500999,99.152298,8259.380663640886,412,1.0624345265886606
II.FFC,54.725,-101.9783,XM.ANB10,-25.0271,-64.5865,9558.829519167324,484,1.1515326296984703
II.FFC,54.725,-101.9783,XM.ANB11,-25.951,-62.49889,9730.030653802316,431,1.0866563016005655
II.FFC,54.725,-101.9783,XM.ANB16,-24.0911,-61.4628,9576.853848890056,483,1.1503424147760861
II.FFC,54.725,-101.9783,XM.ANB17,-25.2429,-59.8069,9759.132911031016,485,1.1527216156937767
II.FFC,54.725,-101.9783,XM.ANB19,-27.7766,-62.9698,9901.908187820205,483,1.1503424147760861
II.FFC,54.725,-101.9783,XM.ANB20,-26.7962,-65.316,9717.805698449609,483,1.1503424147760861
II.FFC,54.725,-101.9783,XM.ASB11,-37.8946,-63.8453,10921.532862244752,472,1.1371678349880932
II.FFC,54.725,-101.9783,XM.ASB22,-33.66389,-67.46128,10367.713076088607,476,1.141976177090002
II.FFC,54.725,-101.9783,XM.CB01,-22.09872,-70.21211,9062.49051665329,365,1.0
II.FFC,54.725,-101.9783,XM.CB22,-24.00541,-68.52551,9317.941012114585,434,1.090431609909769
II.FFC,54.725,-101.9783,XP.LZAE,-25.3074,-68.3992,9459.173506767207,403,1.050766191424665
II.FFC,54.725,-101.9783,XR.BA07,24.1371,91.4975,11151.95610067658,365,1.0
II.FFC,54.725,-101.9783,XR.FA24,46.531807,-101.240036,912.515958667217,157,0.6558482951882774
II.FFC,54.725,-101.9783,Y2.GUGE,31.4769,79.664101,10428.595323070344,511,1.1832159566199232
II.FFC,54.725,-101.9783,Y2.PURG,30.198799,81.275299,10566.860083966194,510,1.1820576440988835
II.FFC,54.725,-101.9783,Y5.FMC,56.650002,-111.5,633.4184569942635,165,0.6723502022908507
II.FFC,54.725,-101.9783,Y5.RW1,58.852901,-113.175903,820.449955825105,134,0.605906995892301
II.FFC,54.725,-101.9783,YH.L01,42.4263,-110.368103,1497.8942123725326,133,0.6036419150819761
II.FFC,54.725,-101.9783,YT.CLRK,-77.3231,-141.8485,14940.668017014996,685,1.369931505137072
II.FFC,54.725,-101.9783,YT.DEVL,-81.4755,161.973,16092.72392708848,448,1.107879623548503
II.FFC,54.725,-101.9783,YT.LPLY,-73.1142,-90.2834,14243.230484793625,365,1.0
II.FFC,54.725,-101.9783,YT.MCRG,-73.6681,-94.6493,14287.473113708904,565,1.244164460784607
II.FFC,54.725,-101.9783,YT.MTAK,-76.3157,-112.7986,14591.62756401268,467,1.1311286641202762
II.FFC,54.725,-101.9783,YT.RMBO,-83.8714,-66.3959,15523.259108273549,1802,2.2219330100995087
II.FFC,54.725,-101.9783,YT.THUR,-72.5301,-97.5606,14154.264906135762,852,1.5278241310250555
II.FFC,54.725,-101.9783,YU.SL02,7.6943,-71.0365,5906.514844031771,372,1.0095435018818064
II.FFC,54.725,-101.9783,ZM.N173,-81.112198,77.473602,17080.929321784133,395,1.0402844711048598
II.HOPE,-54.2836,-36.4879,II.KAPI,-5.0142,119.7517,13062.083012083762,1963,2.3190692511826425
II.HOPE,-54.2836,-36.4879,II.LVZ,67.8979,34.6514,14782.402361113576,1585,2.0838583813264897
II.HOPE,-54.2836,-36.4879,II.NIL,33.6506,73.2686,14220.904117840275,1616,2.1041381276603426
II.HOPE,-54.2836,-36.4879,II.NNA,-11.9875,-76.8422,5877.489267372326,602,1.2842566209652768
II.HOPE,-54.2836,-36.4879,II.PALK,7.2728,80.7022,12404.334376043073,625,1.3085598064755342
II.HOPE,-54.2836,-36.4879,II.RAYN,23.5225,45.5032,11613.875938330115,1932,2.3006848295521722
II.HOPE,-54.2836,-36.4879,II.SHEL,-15.9594,-5.7455,5016.969935726144,1151,1.775788460806705
II.HOPE,-54.2836,-36.4879,IU.ADK,51.8823,-176.6842,17378.92076628227,403,1.050766191424665
II.HOPE,-54.2836,-36.4879,IU.FUNA,-8.5259,179.1966,12275.808723251468,784,1.4655869832525983
II.HOPE,-54.2836,-36.4879,IU.JOHN,16.7329,-169.5292,14230.278876943881,1117,1.7493638765570585
II.HOPE,-54.2836,-36.4879,IU.KBS,78.9154,11.9385,15149.670365817761,899,1.569399152105715
II.HOPE,-54.2836,-36.4879,IU.KEV,69.7565,27.0035,14699.033446672685,1815,2.2299333487183035
II.HOPE,-54.2836,-36.4879,IU.MBWA,-21.159,119.7313,11323.759359853955,1041,1.6888027695739216
II.HOPE,-54.2836,-36.4879,IU.MIDW,28.2154,-177.3697,15737.758410883966,1722,2.172051615219602
II.HOPE,-54.2836,-36.4879,IU.SAML,-8.9489,-63.1831,5570.4840417214855,758,1.4410802645123981
II.HOPE,-54.2836,-36.4879,IU.TATO,24.9735,121.4971,16284.444093762802,407,1.0559680360459236
II.HOPE,-54.2836,-36.4879,IU.TIXI,71.6341,128.8667,17961.99213380428,823,1.5015973230356883
II.HOPE,-54.2836,-36.4879,IU.TRQA,-38.0568,-61.9787,2639.215401247664,1602,2.0950038414977694
II.HOPE,-54.2836,-36.4879,IU.YAK,62.031,129.6805,18836.362497778886,1043,1.690424280047865
II.HOPE,-54.2836,-36.4879,IU.YSS,46.9587,142.7604,19198.9098893374,394,1.0389668208342944
II.HOPE,-54.2836,-36.4879,MN.CLTB,37.578,13.216,11263.915562536615,797,1.4776879385836565
II.HOPE,-54.2836,-36.4879,MN.VSL,39.496,9.378,11308.045608553617,488,1.156281238008238
II.HOPE,-54.2836,-36.4879,MX.HPIG,26.936794,-105.664017,11178.699071288353,659,1.343681305985461
II.HOPE,-54.2836,-36.4879,MX.MOIG,19.646708,-101.227303,10252.057218563687,758,1.4410802645123981
II.HOPE,-54.2836,-36.4879,MX.ZAIG,22.769176,-102.567123,10619.919657420047,727,1.4113046524113098
II.HOPE,-54.2836,-36.4879,MY.KOM,1.7922,103.846703,13157.74096871223,725,1.409362043572557
II.HOPE,-54.2836,-36.4879,MY.SBM,2.4529,112.213997,13589.813839300128,653,1.3375504087287369
II.HOPE,-54.2836,-36.4879,N4.ABTX,32.6238,-99.6431,11392.634116603489,573,1.252941743936497
II.HOPE,-54.2836,-36.4879,N4.E62A,46.6201,-69.5227,11643.570109905284,386,1.0283648411800856
II.HOPE,-54.2836,-36.4879,NR.NE74,28.007509,-114.013802,11748.942621101589,557,1.2353248144760447
II.HOPE,-54.2836,-36.4879,NR.NE75,27.293341,-112.856491,11617.630621872004,485,1.1527216156937767
II.HOPE,-54.2836,-36.4879,NR.NE80,30.5,-112.319931,11875.174400043294,545,1.2219454508821197
II.HOPE,-54.2836,-36.4879,NR.NE81,28.918341,-109.636261,11581.0994209532,740,1.423867009335483
II.HOPE,-54.2836,-36.4879,NR.NE82,26.915661,-109.230843,11375.811013944958,517,1.1901421579644944
II.HOPE,-54.2836,-36.4879,NR.NE83,24.730881,-107.739326,11091.039001214,642,1.3262368225882741
II.HOPE,-54.2836,-36.4879,NZ.URZ,-38.259249,177.110894,9235.103747079867,2648,2.693472576535344
II.HOPE,-54.2836,-36.4879,PB.B934,39.844501,-123.691399,13331.146751888546,1883,2.2713221060847006
II.HOPE,-54.2836,-36.4879,PM.PESTR,38.867168,-7.590169,10719.787660210624,2238,2.476187967282587
II.HOPE,-54.2836,-36.4879,PM.PFVI,37.132832,-8.826829,10504.429579258729,2059,2.3750991327544537
II.HOPE,-54.2836,-36.4879,PS.MCSJ,24.29,153.978,16568.828822505046,1383,1.9465459398355875
II.HOPE,-54.2836,-36.4879,PS.PSI,2.6938,98.923698,13005.919667823304,2626,2.6822603430586685
II.HOPE,-54.2836,-36.4879,PS.SYO,-69.0067,39.585,4010.1262838488487,2838,2.788430107740451
II.HOPE,-54.2836,-36.4879,PS.TSK,36.2108,140.1097,17988.526878407814,431,1.0866563016005655
II.HOPE,-54.2836,-36.4879,RM.DLV,11.952,108.481499,14397.459526142227,1189,1.804864052103466
II.HOPE,-54.2836,-36.4879,RM.SLV,21.325247,103.906708,15075.915913886618,1516,2.0379952545416407
II.HOPE,-54.2836,-36.4879,S1.AUBUS,-33.6601,115.3828,9870.50657265542,1071,1.712964265635003
II.HOPE,-54.2836,-36.4879,TR.TOSP,11.2984,-60.535198,7635.989644798943,574,1.2540345847407988
II.HOPE,-54.2836,-36.4879,TT.TATN,32.578701,10.5292,10657.26694606636,548,1.225303988002038
II.HOPE,-54.2836,-36.4879,TW.KMNB,24.4638,118.388199,16103.007960783545,2272,2.494926358481664
II.HOPE,-54.2836,-36.4879,US.DUG,40.195,-112.8133,12759.114998329167,458,1.120176111398536
II.HOPE,-54.2836,-36.4879,US.LAO,46.6885,-106.2231,12996.17113987616,496,1.1657204251401967
II.HOPE,-54.2836,-36.4879,VE.BAUV,8.9433,-68.041496,7625.788438525923,670,1.354849230857871
II.HOPE,-54.2836,-36.4879,XC.OR088,42.965599,-117.302299,13234.886382548108,384,1.0256972236096518
II.HOPE,-54.2836,-36.4879,XR.BA07,24.1371,91.4975,14598.940939726748,490,1.1586482440433152
II.HOPE,-54.2836,-36.4879,Y2.GUGE,31.4769,79.664101,14460.330758751015,696,1.3808871478395666
II.HOPE,-54.2836,-36.4879,Y2.PURG,30.198799,81.275299,14460.644426317913,698,1.3828697578308984
II.HOPE,-54.2836,-36.4879,YT.LPLY,-73.1142,-90.2834,3192.3294495432942,386,1.0283648411800856
II.HOPE,-54.2836,-36.4879,YT.RMBO,-83.8714,-66.3959,3395.576636165122,980,1.638576060745828
II.HOPE,-54.2836,-36.4879,Z8.320,36.0107,112.366096,16882.125330318315,366,1.0013689260344547
II.HOPE,-54.2836,-36.4879,Z8.365,35.987999,105.131699,16448.805976197847,377,1.0163054227587134
II.HOPE,-54.2836,-36.4879,Z8.373,35.941299,103.562599,16348.193547899993,379,1.0189976272708203
II.KAPI,-5.0142,119.7517,II.LVZ,67.8979,34.6514,10319.644620569894,3190,2.9563027631481287
II.KAPI,-5.0142,119.7517,II.NIL,33.6506,73.2686,6504.446468223545,3362,3.0349561618101815
II.KAPI,-5.0142,119.7517,II.NNA,-11.9875,-76.8422,17380.59280281105,837,1.5143152528227095
II.KAPI,-5.0142,119.7517,II.PALK,7.2728,80.7022,4543.130562454058,1449,1.992451508493652
II.KAPI,-5.0142,119.7517,II.RAYN,23.5225,45.5032,8639.586167716816,5351,3.8288737211617128
II.KAPI,-5.0142,119.7517,II.SHEL,-15.9594,-5.7455,13582.302266764098,2183,2.4455718999465583
II.KAPI,-5.0142,119.7517,IU.DAV,7.0697,125.5791,1491.1845838690033,365,1.0
II.KAPI,-5.0142,119.7517,IU.FUNA,-8.5259,179.1966,6569.835862851683,408,1.0572644982113426
II.KAPI,-5.0142,119.7517,IU.JOHN,16.7329,-169.5292,8134.074373987373,1987,2.3332028665416895
II.KAPI,-5.0142,119.7517,IU.KBS,78.9154,11.9385,10930.511185837217,1570,2.0739744123334067
II.KAPI,-5.0142,119.7517,IU.KEV,69.7565,27.0035,10636.315564465485,2293,2.506430086960719
II.KAPI,-5.0142,119.7517,IU.MBWA,-21.159,119.7313,1795.2236805269206,509,1.1808981954195736
II.KAPI,-5.0142,119.7517,IU.MIDW,28.2154,-177.3697,7669.182927371161,1990,2.3349635531460757
II.KAPI,-5.0142,119.7517,IU.PTGA,-0.7308,-59.9666,19375.53292181633,375,1.0136060675992289
II.KAPI,-5.0142,119.7517,IU.RAO,-29.245,-177.929,7058.868982630196,473,1.1383718245630046
II.KAPI,-5.0142,119.7517,IU.SAML,-8.9489,-63.1831,18428.768286311544,974,1.633552310360746
II.KAPI,-5.0142,119.7517,IU.TIXI,71.6341,128.8667,8548.854657966558,949,1.61245154965971
II.KAPI,-5.0142,119.7517,IU.TRQA,-38.0568,-61.9787,15222.49501992328,2119,2.4094562565140696
II.KAPI,-5.0142,119.7517,IU.ULN,47.8651,107.0532,6009.540131559382,466,1.1299169565800504
II.KAPI,-5.0142,119.7517,IU.YAK,62.031,129.6805,7503.433077059766,917,1.58503273377028
II.KAPI,-5.0142,119.7517,JP.JGF,35.604,137.354172,4876.043256961386,365,1.0
II.KAPI,-5.0142,119.7517,JP.JMM,37.868999,140.789673,5240.74338063764,567,1.246364576492066
II.KAPI,-5.0142,119.7517,JP.JTU,34.5275,129.396332,4511.678504052036,483,1.1503424147760861
II.KAPI,-5.0142,119.7517,KS.SH2B,38.2686,128.2524,4892.15635816608,600,1.2821215295120647
II.KAPI,-5.0142,119.7517,KZ.AB06,49.261101,59.969299,8325.44365285649,545,1.2219454508821197
II.KAPI,-5.0142,119.7517,KZ.MAKZ,46.807999,81.976997,6852.612499863122,451,1.111582852672784
II.KAPI,-5.0142,119.7517,LD.FRNY,44.835,-73.5883,15400.851300356617,457,1.1189525434622096
II.KAPI,-5.0142,119.7517,M8.AI45,-29.9886,114.9982,2821.47892280318,412,1.0624345265886606
II.KAPI,-5.0142,119.7517,M8.AU52,-33.4865,120.9751,3168.509723904224,680,1.3649225980362905
II.KAPI,-5.0142,119.7517,M8.WATNG,-30.73225,118.19848,2864.3362168371536,412,1.0624345265886606
II.KAPI,-5.0142,119.7517,MB.HRY,46.711285,-111.831786,13255.849569599162,414,1.0650101292205938
II.KAPI,-5.0142,119.7517,MM.KTN,21.2857,99.589798,3658.452953420519,2275,2.496572993591168
II.KAPI,-5.0142,119.7517,MM.YGN,16.864799,96.153397,3555.810584623961,2230,2.4717582893753773
II.KAPI,-5.0142,119.7517,MN.CLTB,37.578,13.216,11802.3487525111,1722,2.172051615219602
II.KAPI,-5.0142,119.7517,MN.VSL,39.496,9.378,12104.396594618944,696,1.3808871478395666
II.KAPI,-5.0142,119.7517,MX.HPIG,26.936794,-105.664017,14625.379114283254,3076,2.9029979780003243
II.KAPI,-5.0142,119.7517,MX.MOIG,19.646708,-101.227303,15292.981011043192,2634,2.6863429334625883
II.KAPI,-5.0142,119.7517,MX.ZAIG,22.769176,-102.567123,15064.713744096018,3530,3.109860587986595
II.KAPI,-5.0142,119.7517,MY.KOM,1.7922,103.846703,1922.0878073525942,1313,1.8966444774845397
II.KAPI,-5.0142,119.7517,MY.KUM,5.2902,100.6492,2410.903477042027,624,1.307512539555889
II.KAPI,-5.0142,119.7517,MY.SBM,2.4529,112.213997,1179.221505486815,1090,1.7280918291176004
II.KAPI,-5.0142,119.7517,N4.250A,31.9778,-86.2677,15975.734303514435,758,1.4410802645123981
II.KAPI,-5.0142,119.7517,N4.ABTX,32.6238,-99.6431,14907.56818507633,2530,2.632775503022441
II.KAPI,-5.0142,119.7517,N4.E62A,46.6201,-69.5227,15303.565040521284,973,1.632713515794346
II.KAPI,-5.0142,119.7517,NN.RUB,39.051701,-120.1549,12931.19821676787,404,1.0520690638301713
II.KAPI,-5.0142,119.7517,NZ.URZ,-38.259249,177.110894,6846.723092716586,5908,4.02322027359465
II.KAPI,-5.0142,119.7517,PB.B934,39.844501,-123.691399,12615.108425579816,5941,4.034440770263845
II.KAPI,-5.0142,119.7517,PM.PESTR,38.867168,-7.590169,13531.276087632497,5322,3.8184842434935122
II.KAPI,-5.0142,119.7517,PM.PFVI,37.132832,-8.826829,13702.609120473975,5914,4.025262690313192
II.KAPI,-5.0142,119.7517,PQ.NBC8,56.57308,-122.40441,12145.113576149419,623,1.3064644331433188
II.KAPI,-5.0142,119.7517,PS.CHUK,7.4638,151.8554,3822.5278260063133,791,1.4721152426597697
II.KAPI,-5.0142,119.7517,PS.JAY,-2.5147,140.703,2340.968533784408,1418,1.9710229594931954
II.KAPI,-5.0142,119.7517,PS.KOR,7.3436,134.4741,2134.6319055902804,1088,1.7265056958516585
II.KAPI,-5.0142,119.7517,PS.MCSJ,24.29,153.978,4934.167145738465,1020,1.67168195179143
II.KAPI,-5.0142,119.7517,PS.PSI,2.6938,98.923698,2467.3851300761617,5327,3.820277548548692
II.KAPI,-5.0142,119.7517,PS.SYO,-69.0067,39.585,9096.258440665893,5939,4.033761628642963
II.KAPI,-5.0142,119.7517,PS.TSK,36.2108,140.1097,5050.321048535685,368,1.0041011792056576
II.KAPI,-5.0142,119.7517,PS.VIVO,18.6498,105.6965,3048.927054936773,1495,2.0238306280316305
II.KAPI,-5.0142,119.7517,QZ.ALGA,49.986897,57.210083,8539.481535968029,472,1.1371678349880932
II.KAPI,-5.0142,119.7517,QZ.FDRN,51.26934,51.769418,8948.438150892667,470,1.1347560235031635
II.KAPI,-5.0142,119.7517,QZ.INDER,48.501565,51.694986,8846.743285965444,470,1.1347560235031635
II.KAPI,-5.0142,119.7517,QZ.USHN,49.969499,82.743909,7071.290085372271,390,1.0336794235569031
II.KAPI,-5.0142,119.7517,RM.DLV,11.952,108.481499,2261.025271762852,3479,3.0873138566260265
II.KAPI,-5.0142,119.7517,RM.SLV,21.325247,103.906708,3400.3154859315464,3820,3.2350816720227535
II.KAPI,-5.0142,119.7517,S1.AUBUS,-33.6601,115.3828,3217.1564099899215,3931,3.281746945408593
II.KAPI,-5.0142,119.7517,S1.AUDHS,-12.44,130.833,1470.6454505211098,275,0.8680003787638843
II.KAPI,-5.0142,119.7517,S1.AUHPC,-38.1068,142.3183,4330.256247974724,597,1.2789122090105187
II.KAPI,-5.0142,119.7517,S1.AUKAL,-30.7637,121.4789,2868.915782088638,780,1.4618434599401753
II.KAPI,-5.0142,119.7517,S1.AUMAZ,-32.0069,116.0384,3026.2542222496277,449,1.1091154071156752
II.KAPI,-5.0142,119.7517,S1.AUTAR,-42.9425,147.3551,5015.757246262932,403,1.050766191424665
II.KAPI,-5.0142,119.7517,TR.TOSP,11.2984,-60.535198,19315.62988267515,1065,1.7081593073182848
II.KAPI,-5.0142,119.7517,TT.TATN,32.578701,10.5292,12105.8872378791,1405,1.961967142562064
II.KAPI,-5.0142,119.7517,TW.KMNB,24.4638,118.388199,3281.1310507173475,3336,3.0231979801854294
II.KAPI,-5.0142,119.7517,US.LAO,46.6885,-106.2231,13630.474686574686,529,1.2038750219574914
II.KAPI,-5.0142,119.7517,VE.BAUV,8.9433,-68.041496,19050.537880061,1226,1.832731324987119
II.KAPI,-5.0142,119.7517,WM.UCM,40.307499,-3.2441,13126.540475394844,510,1.1820576440988835
II.KAPI,-5.0142,119.7517,X8.QM38,47.675201,-70.853104,15164.67760286923,715,1.3996085558430404
II.KAPI,-5.0142,119.7517,X8.QM58,49.048401,-72.740601,14978.628533601224,498,1.1680683035010562
II.KAPI,-5.0142,119.7517,X8.QM76,50.764801,-74.817596,14750.06147973563,580,1.260571733734503
II.KAPI,-5.0142,119.7517,X8.QM90,52.2915,-77.098801,14534.806782243682,539,1.215200530269438
II.KAPI,-5.0142,119.7517,X8.QMM5,50.8438,-68.798203,14857.287302069954,927,1.593651789882991
II.KAPI,-5.0142,119.7517,X9.BB420,43.6297,-130.208206,11998.193535891392,371,1.0081856754409793
II.KAPI,-5.0142,119.7517,XA.AX08,38.8984,46.1815,8955.403713022799,562,1.240856972981681
II.KAPI,-5.0142,119.7517,XA.EP15,40.33766,47.79234,8863.67466509475,367,1.0027359832252927
II.KAPI,-5.0142,119.7517,XA.GP03,42.6352,44.6162,9184.65512690166,383,1.0243608097214334
II.KAPI,-5.0142,119.7517,XF.GOAT,60.136902,-141.453003,10977.407895640716,410,1.0598526648703945
II.KAPI,-5.0142,119.7517,XF.NE4,76.657433,-34.27758,11893.520645480809,563,1.2419604476088026
II.KAPI,-5.0142,119.7517,XI.SC04,49.624001,-89.675003,14338.668922646391,463,1.126274012256756
II.KAPI,-5.0142,119.7517,XI.SC14,47.723,-84.814003,14720.93725282704,555,1.2331050016951028
II.KAPI,-5.0142,119.7517,XI.SM37,44.381001,-93.380997,14577.37637413315,837,1.5143152528227095
II.KAPI,-5.0142,119.7517,XL.AT13,44.992001,96.270103,6031.437126531833,654,1.3385741749779159
II.KAPI,-5.0142,119.7517,XL.HD03,46.515701,102.547203,5975.764639904509,598,1.2799828765977932
II.KAPI,-5.0142,119.7517,XL.HD09,45.413898,100.5718,5921.8947656664295,627,1.3106518298839254
II.KAPI,-5.0142,119.7517,XL.HD41,48.242298,99.400002,6245.148104184171,625,1.3085598064755342
II.KAPI,-5.0142,119.7517,XL.HD48,46.209202,97.608299,6101.2301895055725,577,1.2573074078395543
II.KAPI,-5.0142,119.7517,XL.HD73,49.4953,101.357101,6316.295501877815,627,1.3106518298839254
II.KAPI,-5.0142,119.7517,XL.HD74,49.500999,99.152298,6379.932878887331,629,1.3127405193841153
II.KAPI,-5.0142,119.7517,XL.HV10,51.572102,100.448601,6554.2980323028005,656,1.340619362075829
II.KAPI,-5.0142,119.7517,XM.ANB10,-25.0271,-64.5865,16641.903742927127,639,1.3231345099825826
II.KAPI,-5.0142,119.7517,XM.ANB11,-25.951,-62.49889,16563.390585769597,579,1.2594845651547357
II.KAPI,-5.0142,119.7517,XM.ANB16,-24.0911,-61.4628,16776.07343935923,546,1.2230659879822119
II.KAPI,-5.0142,119.7517,XM.ANB17,-25.2429,-59.8069,16650.335719026476,548,1.225303988002038
II.KAPI,-5.0142,119.7517,XM.ANB19,-27.7766,-62.9698,16357.261046537618,477,1.1431751025405046
II.KAPI,-5.0142,119.7517,XM.ANB20,-26.7962,-65.316,16436.163496305056,627,1.3106518298839254
II.KAPI,-5.0142,119.7517,XM.ASB11,-37.8946,-63.8453,15229.392926982367,466,1.1299169565800504
II.KAPI,-5.0142,119.7517,XM.ASB22,-33.66389,-67.46128,15647.8424644469,470,1.1347560235031635
II.KAPI,-5.0142,119.7517,XM.CB01,-22.09872,-70.21211,16811.137581511983,554,1.231993595429003
II.KAPI,-5.0142,119.7517,XM.CB22,-24.00541,-68.52551,16665.892602598804,618,1.3012112376288127
II.KAPI,-5.0142,119.7517,XP.LZAE,-25.3074,-68.3992,16530.40649022762,442,1.100435779184587
II.KAPI,-5.0142,119.7517,XR.BA07,24.1371,91.4975,4457.8942862416525,975,1.6343906744448613
II.KAPI,-5.0142,119.7517,XS.S24D,-0.1383,-12.7806,14712.773997472701,366,1.0013689260344547
II.KAPI,-5.0142,119.7517,XT.D58,45.032299,-118.073799,12886.926636795582,532,1.2072838301639521
II.KAPI,-5.0142,119.7517,XV.NAPU,-15.08,39.25,8844.999557638808,506,1.1774129988508764
II.KAPI,-5.0142,119.7517,XW.AMDT,1.9487,34.935799,9452.66575384417,453,1.114044833214067
II.KAPI,-5.0142,119.7517,XW.KABG,3.5104,34.143299,9556.20769888887,444,1.1029226428740972
II.KAPI,-5.0142,119.7517,XY.PACW,39.9962,-77.9247,15741.200260801801,522,1.1958833497885024
II.KAPI,-5.0142,119.7517,Y1.KERK,2.61653,36.255065,9313.526365514123,604,1.2863881686909069
II.KAPI,-5.0142,119.7517,Y1.TURK,3.127577,38.27457,9095.631833471723,865,1.5394359401087887
II.KAPI,-5.0142,119.7517,Y2.GUGE,31.4769,79.664101,5873.108800195233,547,1.2241854994184098
II.KAPI,-5.0142,119.7517,Y2.PURG,30.198799,81.275299,5664.840393842247,544,1.2208238852939066
II.KAPI,-5.0142,119.7517,Y2.WT06,32.226398,82.261299,5730.37695068122,550,1.2275379077928685
II.KAPI,-5.0142,119.7517,Y5.FMC,56.650002,-111.5,12739.468519597749,570,1.2496574873206012
II.KAPI,-5.0142,119.7517,Y5.RW1,58.852901,-113.175903,12528.276441383725,572,1.2518479491021395
II.KAPI,-5.0142,119.7517,YB.AT56,36.7019,35.546902,9826.535492505554,531,1.2061486312009582
II.KAPI,-5.0142,119.7517,YC.SBC5,5.28637,116.88076,1188.9129586565182,258,0.8407433110459417
II.KAPI,-5.0142,119.7517,YC.SBF4,6.37312,117.620827,1288.1175076987324,172,0.6864640389068671
II.KAPI,-5.0142,119.7517,YK.OCW,38.425842,-122.846184,12723.43801743015,370,1.0068260178089292
II.KAPI,-5.0142,119.7517,YL.WKZ15,43.36841,54.59763,8435.44411777417,376,1.0149566425721692
II.KAPI,-5.0142,119.7517,YP.NE61,44.849098,115.991798,5557.210837223734,529,1.2038750219574914
II.KAPI,-5.0142,119.7517,YP.NE7D,45.342098,128.742905,5670.231611959102,534,1.2095510318420373
II.KAPI,-5.0142,119.7517,YP.NE8B,46.207199,126.056297,5729.569142404137,407,1.0559680360459236
II.KAPI,-5.0142,119.7517,YP.NE8I,45.994301,133.655807,5836.412963229768,410,1.0598526648703945
II.KAPI,-5.0142,119.7517,YP.NEAD,47.581402,133.5802,6003.15509336796,537,1.2129438885258992
II.KAPI,-5.0142,119.7517,YS.SARA,-8.7873,121.1043,445.31814975698444,236,0.8040990874673055
II.KAPI,-5.0142,119.7517,YS.SAVU,-10.5476,121.8613,657.6863265423468,211,0.7603171652546205
II.KAPI,-5.0142,119.7517,YT.CLRK,-77.3231,-141.8485,9667.584588304355,1091,1.72888435006232
II.KAPI,-5.0142,119.7517,YT.DUFK,-82.8619,-53.2006,10237.761767176558,365,1.0
II.KAPI,-5.0142,119.7517,YT.LPLY,-73.1142,-90.2834,11075.64837306183,1105,1.7399417404827016
II.KAPI,-5.0142,119.7517,YT.MA07,-78.2496,-93.4991,10543.891359923166,701,1.385838354645115
II.KAPI,-5.0142,119.7517,YT.MA09,-79.8993,-104.9977,10249.892890792693,600,1.2821215295120647
II.KAPI,-5.0142,119.7517,YT.MCRG,-73.6681,-94.6493,10949.152165440002,1277,1.870462546266645
II.KAPI,-5.0142,119.7517,YT.MTAK,-76.3157,-112.7986,10379.701323142574,564,1.2430629426750903
II.KAPI,-5.0142,119.7517,YT.RMBO,-83.8714,-66.3959,10127.575824409518,4091,3.3478678555286785
II.KAPI,-5.0142,119.7517,YT.ST04,-80.7152,-116.5792,10025.698509192798,582,1.2627432628785653
II.KAPI,-5.0142,119.7517,YT.THUR,-72.5301,-97.5606,10995.713784085077,929,1.5953700133361084
II.KAPI,-5.0142,119.7517,YT.UPTW,-77.5781,-109.0374,10363.382503634613,403,1.050766191424665
II.KAPI,-5.0142,119.7517,YU.MD04,10.8953,-74.1514,18350.946626525823,597,1.2789122090105187
II.KAPI,-5.0142,119.7517,YU.NL02,9.2491,-70.2202,18818.591372418396,502,1.1727499587522587
II.KAPI,-5.0142,119.7517,YU.SL02,7.6943,-71.0365,18786.337578488285,521,1.1947373185240229
II.KAPI,-5.0142,119.7517,YY.ABMD,11.8317,35.5825,9490.09994239486,617,1.3001580515091655
II.KAPI,-5.0142,119.7517,YY.CHGE,10.9614,36.518398,9378.25722357621,637,1.3210622541924566
II.KAPI,-5.0142,119.7517,YY.NEKE,9.089,36.523701,9355.392978008142,683,1.367930143213581
II.KAPI,-5.0142,119.7517,Z7.LA01,31.9874,-93.8349,15412.110863111451,541,1.2174529891629975
II.KAPI,-5.0142,119.7517,ZD.FM03,-13.7229,-75.889503,17309.405194202955,555,1.2331050016951028
II.KAPI,-5.0142,119.7517,ZD.FM09,-12.65027,-73.041481,17595.09688184457,556,1.2342154071445053
II.KAPI,-5.0142,119.7517,ZD.FS07,-13.46172,-71.9198,17590.027155183863,518,1.19129260981162
II.KAPI,-5.0142,119.7517,ZE.BULG,61.126701,-151.091202,10450.45214501239,517,1.1901421579644944
II.KAPI,-5.0142,119.7517,ZG.CB14,-17.249399,-65.900902,17462.844182430043,497,1.166894954833741
II.KWAJ,8.8019,167.613,II.RAYN,23.5225,45.5032,12772.995773251816,378,1.017652415295205
II.KWAJ,8.8019,167.613,IU.JOHN,16.7329,-169.5292,2628.104448742109,402,1.0494617015468923
II.KWAJ,8.8019,167.613,IU.KEV,69.7565,27.0035,10778.382085485604,483,1.1503424147760861
II.KWAJ,8.8019,167.613,IU.MIDW,28.2154,-177.3697,2670.8886792962417,540,1.2163272811190746
II.KWAJ,8.8019,167.613,IU.TIXI,71.6341,128.8667,7468.460544030184,383,1.0243608097214334
II.KWAJ,8.8019,167.613,IU.TRQA,-38.0568,-61.9787,14097.221355717342,547,1.2241854994184098
II.KWAJ,8.8019,167.613,NZ.URZ,-38.259249,177.110894,5324.92563932566,416,1.0675795180675116
II.KWAJ,8.8019,167.613,PS.SYO,-69.0067,39.585,12360.396554741312,524,1.1981721238437173
II.KWAJ,8.8019,167.613,TW.KMNB,24.4638,118.388199,5492.592074981481,395,1.0402844711048598
II.LVZ,67.8979,34.6514,II.NIL,33.6506,73.2686,4525.704166652097,2234,2.4739741197525653
II.LVZ,67.8979,34.6514,II.NNA,-11.9875,-76.8422,12131.864110995246,381,1.021682737662899
II.LVZ,67.8979,34.6514,II.PALK,7.2728,80.7022,7549.48134626064,664,1.3487690989164087
II.LVZ,67.8979,34.6514,II.RAYN,23.5225,45.5032,4990.277400407801,3033,2.882635780166459
II.LVZ,67.8979,34.6514,II.SHEL,-15.9594,-5.7455,9875.331386523747,1867,2.261651717915622
II.LVZ,67.8979,34.6514,II.TLY,51.6807,103.6438,3986.3948725389014,431,1.0866563016005655
II.LVZ,67.8979,34.6514,IU.DAV,7.0697,125.5791,9318.228202227061,400,1.0468478451804273
II.LVZ,67.8979,34.6514,IU.JOHN,16.7329,-169.5292,10402.543075738522,1165,1.7865555748192687
II.LVZ,67.8979,34.6514,IU.KBS,78.9154,11.9385,1399.8216906136304,737,1.4209778612602593
II.LVZ,67.8979,34.6514,IU.KEV,69.7565,27.0035,369.8088265452559,2103,2.4003424413229957
II.LVZ,67.8979,34.6514,IU.MBWA,-21.159,119.7313,11977.746703502959,525,1.1993148729101801
II.LVZ,67.8979,34.6514,IU.MIDW,28.2154,-177.3697,9003.54536841457,1173,1.7926791765781702
II.LVZ,67.8979,34.6514,IU.TATO,24.9735,121.4971,7316.5065929178545,383,1.0243608097214334
II.LVZ,67.8979,34.6514,IU.TIXI,71.6341,128.8667,3276.9965239971143,1221,1.8289902896002632
II.LVZ,67.8979,34.6514,IU.TRQA,-38.0568,-61.9787,14150.018630542269,1133,1.7618483445067272
II.LVZ,67.8979,34.6514,IU.YAK,62.031,129.6805,4069.603455115654,1106,1.7407288663951574
II.LVZ,67.8979,34.6514,KS.SH2B,38.2686,128.2524,6256.931210455421,612,1.2948792718887439
II.LVZ,67.8979,34.6514,M8.AI45,-29.9886,114.9982,12688.205082661878,412,1.0624345265886606
II.LVZ,67.8979,34.6514,M8.AU52,-33.4865,120.9751,13277.942785463405,683,1.367930143213581
II.LVZ,67.8979,34.6514,M8.WATNG,-30.73225,118.19848,12889.806180431031,412,1.0624345265886606
II.LVZ,67.8979,34.6514,MM.KTN,21.2857,99.589798,6782.607777436867,1278,1.8711947688612478
II.LVZ,67.8979,34.6514,MM.YGN,16.864799,96.153397,7100.693282658742,1175,1.7942068114327794
II.LVZ,67.8979,34.6514,MN.CLTB,37.578,13.216,3623.2815773697,649,1.3334474836981103
II.LVZ,67.8979,34.6514,MN.VSL,39.496,9.378,3512.376749350242,368,1.0041011792056576
II.LVZ,67.8979,34.6514,MX.HPIG,26.936794,-105.664017,8973.62612728085,2072,2.38258521962324
II.LVZ,67.8979,34.6514,MX.MOIG,19.646708,-101.227303,9643.363086119616,1938,2.3042545521482407
II.LVZ,67.8979,34.6514,MX.ZAIG,22.769176,-102.567123,9344.123239372868,2121,2.4105930606615438
II.LVZ,67.8979,34.6514,MY.KOM,1.7922,103.846703,8967.322210639335,702,1.3868264748096197
II.LVZ,67.8979,34.6514,MY.SBM,2.4529,112.213997,9237.244804232107,579,1.2594845651547357
II.LVZ,67.8979,34.6514,N4.250A,31.9778,-86.2677,7887.362205312373,464,1.1274896348580457
II.LVZ,67.8979,34.6514,N4.ABTX,32.6238,-99.6431,8211.441587037038,1837,2.2434073888459864
II.LVZ,67.8979,34.6514,N4.E62A,46.6201,-69.5227,5826.7855518488295,584,1.2649110640673518
II.LVZ,67.8979,34.6514,NR.NE74,28.007509,-114.013802,9039.655580696695,505,1.1762489718744142
II.LVZ,67.8979,34.6514,NR.NE75,27.293341,-112.856491,9094.522967120838,473,1.1383718245630046
II.LVZ,67.8979,34.6514,NR.NE80,30.5,-112.319931,8734.86338626393,441,1.0991902374394489
II.LVZ,67.8979,34.6514,NR.NE81,28.918341,-109.636261,8850.502928500313,514,1.186684110486945
II.LVZ,67.8979,34.6514,NR.NE82,26.915661,-109.230843,9058.631218601864,391,1.0350038051680432
II.LVZ,67.8979,34.6514,NR.NE83,24.730881,-107.739326,9261.186454664652,444,1.1029226428740972
II.LVZ,67.8979,34.6514,NZ.URZ,-38.259249,177.110894,16000.883857669165,3590,3.136178636231706
II.LVZ,67.8979,34.6514,PB.B934,39.844501,-123.691399,7897.796964610088,3004,2.868821532668313
II.LVZ,67.8979,34.6514,PM.PESTR,38.867168,-7.590169,4117.938400515411,3141,2.933509749780081
II.LVZ,67.8979,34.6514,PM.PFVI,37.132832,-8.826829,4338.372753354694,3204,2.9627828458698793
II.LVZ,67.8979,34.6514,PQ.NBC8,56.57308,-122.40441,6046.943733918216,532,1.2072838301639521
II.LVZ,67.8979,34.6514,PS.CHUK,7.4638,151.8554,10327.50829545868,802,1.4823158482498267
II.LVZ,67.8979,34.6514,PS.JAY,-2.5147,140.703,10931.967624606503,1358,1.9288721951455154
II.LVZ,67.8979,34.6514,PS.KOR,7.3436,134.4741,9658.484199284832,1106,1.7407288663951574
II.LVZ,67.8979,34.6514,PS.MCSJ,24.29,153.978,8639.05014800413,1414,1.9682409920382529
II.LVZ,67.8979,34.6514,PS.PSI,2.6938,98.923698,8681.134140454935,3659,3.166173958304656
II.LVZ,67.8979,34.6514,PS.SYO,-69.0067,39.585,15227.776926496013,4877,3.6553582362904513
II.LVZ,67.8979,34.6514,PS.TSK,36.2108,140.1097,6916.024619989573,665,1.349784356191454
II.LVZ,67.8979,34.6514,PS.VIVO,18.6498,105.6965,7301.536054956254,1357,1.9281618757713477
II.LVZ,67.8979,34.6514,QZ.ALGA,49.986897,57.210083,2344.9447703674264,475,1.140775991601199
II.LVZ,67.8979,34.6514,QZ.FDRN,51.26934,51.769418,2068.5659650953257,470,1.1347560235031635
II.LVZ,67.8979,34.6514,QZ.INDER,48.501565,51.694986,2357.8468114222155,470,1.1347560235031635
II.LVZ,67.8979,34.6514,QZ.USHN,49.969499,82.743909,3270.8915239760427,393,1.0376474973550138
II.LVZ,67.8979,34.6514,RM.DLV,11.952,108.481499,8103.821751499425,1512,2.03530483059041
II.LVZ,67.8979,34.6514,RM.SLV,21.325247,103.906708,6954.455844120469,1596,2.0910769330003207
II.LVZ,67.8979,34.6514,RV.SWHSA,54.899441,-116.751793,6158.516201657469,392,1.0363264942766475
II.LVZ,67.8979,34.6514,S1.AUBUS,-33.6601,115.3828,13075.087696446224,2457,2.5945147618225395
II.LVZ,67.8979,34.6514,S1.AUKAL,-30.7637,121.4789,13024.331205939117,555,1.2331050016951028
II.LVZ,67.8979,34.6514,S1.AUMAZ,-32.0069,116.0384,12933.544351673561,457,1.1189525434622096
II.LVZ,67.8979,34.6514,TW.KMNB,24.4638,118.388199,7238.70189601501,2588,2.6627825594486887
II.LVZ,67.8979,34.6514,US.DUG,40.195,-112.8133,7690.90265461188,684,1.3689311899214387
II.LVZ,67.8979,34.6514,US.ECSD,43.7337,-96.6141,6953.6650241506295,436,1.09294123718762
II.LVZ,67.8979,34.6514,US.LAO,46.6885,-106.2231,6861.8103291698935,499,1.1692404746976701
II.LVZ,67.8979,34.6514,VE.BAUV,8.9433,-68.041496,9609.972215703521,973,1.632713515794346
II.LVZ,67.8979,34.6514,XM.ANB10,-25.0271,-64.5865,12957.7325884294,484,1.1515326296984703
II.LVZ,67.8979,34.6514,XM.ANB11,-25.951,-62.49889,12963.903034679746,431,1.0866563016005655
II.LVZ,67.8979,34.6514,XM.ANB16,-24.0911,-61.4628,12732.427570983104,483,1.1503424147760861
II.LVZ,67.8979,34.6514,XM.ANB17,-25.2429,-59.8069,12780.090919808297,485,1.1527216156937767
II.LVZ,67.8979,34.6514,XM.ANB19,-27.7766,-62.9698,13167.712180062807,483,1.1503424147760861
II.LVZ,67.8979,34.6514,XM.ANB20,-26.7962,-65.316,13166.930989413393,483,1.1503424147760861
II.LVZ,67.8979,34.6514,XM.ASB11,-37.8946,-63.8453,14211.047502972893,472,1.1371678349880932
II.LVZ,67.8979,34.6514,XM.ASB22,-33.66389,-67.46128,13943.99330673474,476,1.141976177090002
II.LVZ,67.8979,34.6514,XM.CB01,-22.09872,-70.21211,12895.889010143583,365,1.0
II.LVZ,67.8979,34.6514,XM.CB22,-24.00541,-68.52551,13019.048930961875,434,1.090431609909769
II.LVZ,67.8979,34.6514,XR.BA07,24.1371,91.4975,6169.420206931735,604,1.2863881686909069
II.LVZ,67.8979,34.6514,Y1.TURK,3.127577,38.27457,7207.428877086495,499,1.1692404746976701
II.LVZ,67.8979,34.6514,Y2.GUGE,31.4769,79.664101,4971.875069387253,406,1.054669980194415
II.LVZ,67.8979,34.6514,Y2.PURG,30.198799,81.275299,5161.583940132518,408,1.0572644982113426
II.LVZ,67.8979,34.6514,YT.LPLY,-73.1142,-90.2834,17974.720725871077,684,1.3689311899214387
II.LVZ,67.8979,34.6514,YT.MA07,-78.2496,-93.4991,18084.407942522415,397,1.0429147773795864
II.LVZ,67.8979,34.6514,YT.MCRG,-73.6681,-94.6493,18121.304513189167,565,1.244164460784607
II.LVZ,67.8979,34.6514,YT.MTAK,-76.3157,-112.7986,18594.572686685646,509,1.1808981954195736
II.LVZ,67.8979,34.6514,YT.RMBO,-83.8714,-66.3959,17598.466866556802,2398,2.563174401732865
II.LVZ,67.8979,34.6514,YU.MD04,10.8953,-74.1514,9650.347615697565,380,1.0203410657280039
II.LVZ,67.8979,34.6514,Z7.LA01,31.9874,-93.8349,8118.367636248017,409,1.0585593725462352
II.LVZ,67.8979,34.6514,Z8.320,36.0107,112.366096,5831.865121427772,424,1.0777958227866902
II.LVZ,67.8979,34.6514,Z8.365,35.987999,105.131699,5531.659135875782,427,1.08160205884541
II.LVZ,67.8979,34.6514,Z8.373,35.941299,103.562599,5470.699860292264,428,1.082867831143777
II.NIL,33.6506,73.2686,II.NNA,-11.9875,-76.8422,16144.572127172425,826,1.5043316451601145
II.NIL,33.6506,73.2686,II.PALK,7.2728,80.7022,3031.082773074756,1343,1.9181897859165344
II.NIL,33.6506,73.2686,II.RAYN,23.5225,45.5032,2923.700741294615,4413,3.477126825254453
II.NIL,33.6506,73.2686,II.SHEL,-15.9594,-5.7455,10006.540552576522,1424,1.975188563913253
II.NIL,33.6506,73.2686,IU.ADK,51.8823,-176.6842,8333.06826011324,977,1.636066113812985
II.NIL,33.6506,73.2686,IU.BILL,68.0653,166.4531,6695.6628437851205,568,1.247463179240832
II.NIL,33.6506,73.2686,IU.FUNA,-8.5259,179.1966,12002.73957973658,733,1.4171165012384097
II.NIL,33.6506,73.2686,IU.JOHN,16.7329,-169.5292,11322.15692951954,2017,2.3507503902499463
II.NIL,33.6506,73.2686,IU.KBS,78.9154,11.9385,5742.349909153587,1649,2.125513636554252
II.NIL,33.6506,73.2686,IU.KEV,69.7565,27.0035,4895.508937995827,3302,3.007752540097964
II.NIL,33.6506,73.2686,IU.KIEV,50.7012,29.2242,4016.31521578509,483,1.1503424147760861
II.NIL,33.6506,73.2686,IU.LSZ,-15.2779,28.1882,7239.010326878588,514,1.186684110486945
II.NIL,33.6506,73.2686,IU.MA2,59.5756,150.77,6150.855093852201,447,1.1066424599872242
II.NIL,33.6506,73.2686,IU.MBWA,-21.159,119.7313,7833.026870834405,498,1.1680683035010562
II.NIL,33.6506,73.2686,IU.MIDW,28.2154,-177.3697,9887.773997479642,1957,2.315522367764224
II.NIL,33.6506,73.2686,IU.RAO,-29.245,-177.929,13378.894776038413,465,1.128703948225453
II.NIL,33.6506,73.2686,IU.RCBR,-5.8274,-35.9014,12137.98294372452,435,1.091687144706673
II.NIL,33.6506,73.2686,IU.SAML,-8.9489,-63.1831,14790.649436773048,680,1.3649225980362905
II.NIL,33.6506,73.2686,IU.TATO,24.9735,121.4971,4731.807677359435,814,1.4933643180086265
II.NIL,33.6506,73.2686,IU.TIXI,71.6341,128.8667,5294.700600587541,1262,1.8594446070198871
II.NIL,33.6506,73.2686,IU.TRQA,-38.0568,-61.9787,15990.94565508843,1894,2.2779466841632643
II.NIL,33.6506,73.2686,IU.ULN,47.8651,107.0532,3218.6273754987997,594,1.2756948147084288
II.NIL,33.6506,73.2686,IU.XMAS,2.0448,-157.4457,13394.867910288789,436,1.09294123718762
II.NIL,33.6506,73.2686,IU.YAK,62.031,129.6805,5019.270458651651,2019,2.351915570192746
II.NIL,33.6506,73.2686,IU.YSS,46.9587,142.7604,5875.580107572622,728,1.4122749547964113
II.NIL,33.6506,73.2686,KR.BTK,40.06675,70.81572,745.983232261876,98,0.5181632471383237
II.NIL,33.6506,73.2686,KZ.AB06,49.261101,59.969299,2052.679198652518,458,1.120176111398536
II.NIL,33.6506,73.2686,LD.FRNY,44.835,-73.5883,10668.620842972092,449,1.1091154071156752
II.NIL,33.6506,73.2686,MM.KTN,21.2857,99.589798,2925.865140363009,1226,1.832731324987119
II.NIL,33.6506,73.2686,MM.YGN,16.864799,96.153397,2950.1970728347637,1230,1.8357186640927934
II.NIL,33.6506,73.2686,MN.CLTB,37.578,13.216,5353.332920150685,1763,2.1977572628253035
II.NIL,33.6506,73.2686,MN.VSL,39.496,9.378,5623.151105008266,638,1.3220987880939352
II.NIL,33.6506,73.2686,MX.HPIG,26.936794,-105.664017,13277.15253368906,1282,1.874120798434105
II.NIL,33.6506,73.2686,MX.MOIG,19.646708,-101.227303,14060.040768595338,970,1.630194542554766
II.NIL,33.6506,73.2686,MX.ZAIG,22.769176,-102.567123,13726.028994844504,1710,2.1644702600981414
II.NIL,33.6506,73.2686,MY.KOM,1.7922,103.846703,4759.890402428724,877,1.550077329047618
II.NIL,33.6506,73.2686,MY.KUM,5.2902,100.6492,4234.6439449171685,544,1.2208238852939066
II.NIL,33.6506,73.2686,MY.SBM,2.4529,112.213997,5325.247978437882,555,1.2331050016951028
II.NIL,33.6506,73.2686,N4.ABTX,32.6238,-99.6431,12608.48490239332,719,1.4035180845641535
II.NIL,33.6506,73.2686,N4.E62A,46.6201,-69.5227,10342.882090953213,1000,1.655211777204736
II.NIL,33.6506,73.2686,NR.NE79,23.11937,-109.756111,13694.453104380218,621,1.3043656937430157
II.NIL,33.6506,73.2686,NR.NE80,30.5,-112.319931,12857.770888571249,603,1.2853228366914469
II.NIL,33.6506,73.2686,NR.NE81,28.918341,-109.636261,13051.037378286635,367,1.0027359832252927
II.NIL,33.6506,73.2686,NR.NE82,26.915661,-109.230843,13275.279722340802,513,1.185529186504826
II.NIL,33.6506,73.2686,NR.NE83,24.730881,-107.739326,13522.505759251924,464,1.1274896348580457
II.NIL,33.6506,73.2686,NZ.URZ,-38.259249,177.110894,13339.808237684814,3682,3.176109449133753
II.NIL,33.6506,73.2686,PB.B934,39.844501,-123.691399,11658.87881558434,3110,2.918997763823309
II.NIL,33.6506,73.2686,PM.PESTR,38.867168,-7.590169,7028.85186003305,2914,2.8255197121654656
II.NIL,33.6506,73.2686,PM.PFVI,37.132832,-8.826829,7205.478139000952,3113,2.9204053012018165
II.NIL,33.6506,73.2686,PS.MCSJ,24.29,153.978,7726.505261406209,1654,2.1287336257303466
II.NIL,33.6506,73.2686,PS.PSI,2.6938,98.923698,4352.416168224952,4971,3.6904170607387696
II.NIL,33.6506,73.2686,PS.SYO,-69.0067,39.585,11743.970767756244,4990,3.6974630325011133
II.NIL,33.6506,73.2686,PS.TSK,36.2108,140.1097,5975.217378127054,1221,1.8289902896002632
II.NIL,33.6506,73.2686,RM.DLV,11.952,108.481499,4306.399130643801,2234,2.4739741197525653
II.NIL,33.6506,73.2686,RM.SLV,21.325247,103.906708,3301.5768736338423,2628,2.6832815729997477
II.NIL,33.6506,73.2686,S1.AUBUS,-33.6601,115.3828,8680.181276910915,2087,2.391193889917353
II.NIL,33.6506,73.2686,TR.TOSP,11.2984,-60.535198,13027.577085911176,511,1.1832159566199232
II.NIL,33.6506,73.2686,TT.TATN,32.578701,10.5292,5749.7081322470585,812,1.4915285898187052
II.NIL,33.6506,73.2686,TW.KMNB,24.4638,118.388199,4466.758258127119,2748,2.7438598949814605
II.NIL,33.6506,73.2686,TW.MATB,26.151501,119.945602,4537.655795152979,543,1.2197012883803608
II.NIL,33.6506,73.2686,US.DUG,40.195,-112.8133,11780.121029944603,410,1.0598526648703945
II.NIL,33.6506,73.2686,US.LAO,46.6885,-106.2231,11081.656552764993,507,1.1785758761702239
II.NIL,33.6506,73.2686,US.MVCO,37.19956,-108.49251,12134.81307534079,374,1.0122536906559418
II.NIL,33.6506,73.2686,VE.BAUV,8.9433,-68.041496,13761.423973117568,1238,1.8416788053072144
II.NIL,33.6506,73.2686,X8.QM38,47.675201,-70.853104,10290.95525272651,729,1.413244590993577
II.NIL,33.6506,73.2686,X8.QM58,49.048401,-72.740601,10223.288052513704,510,1.1820576440988835
II.NIL,33.6506,73.2686,X8.QM76,50.764801,-74.817596,10120.516337850637,579,1.2594845651547357
II.NIL,33.6506,73.2686,X8.QM90,52.2915,-77.098801,10034.152299679163,493,1.1621897140772024
II.NIL,33.6506,73.2686,X8.QMM5,50.8438,-68.798203,9911.30373184889,895,1.5659038267149576
II.NIL,33.6506,73.2686,XA.GP03,42.6352,44.6162,2681.298049696993,443,1.101679912740986
II.NIL,33.6506,73.2686,XA.SA01,-34.294456,19.245956,9421.945245620393,474,1.1395745420929257
II.NIL,33.6506,73.2686,XF.NE4,76.657433,-34.27758,6808.758509667549,477,1.1431751025405046
II.NIL,33.6506,73.2686,XI.SM37,44.381001,-93.380997,11233.854295691472,513,1.185529186504826
II.NIL,33.6506,73.2686,XL.AT13,44.992001,96.270103,2333.5404120281423,553,1.2308811856351876
II.NIL,33.6506,73.2686,XL.HD03,46.515701,102.547203,2848.2906757587043,562,1.240856972981681
II.NIL,33.6506,73.2686,XL.HD09,45.413898,100.5718,2663.176713829823,589,1.270314382401847
II.NIL,33.6506,73.2686,XL.HD41,48.242298,99.400002,2707.041420564849,587,1.268155817745671
II.NIL,33.6506,73.2686,XL.HD48,46.209202,97.608299,2485.310963716706,524,1.1981721238437173
II.NIL,33.6506,73.2686,XL.HD73,49.4953,101.357101,2897.8740298537664,589,1.270314382401847
II.NIL,33.6506,73.2686,XL.HD74,49.500999,99.152298,2758.1286593523205,591,1.2724692853628259
II.NIL,33.6506,73.2686,XL.HV10,51.572102,100.448601,2955.0360143769653,553,1.2308811856351876
II.NIL,33.6506,73.2686,XO.SCCC,41.764851,-74.670135,11012.667820663988,572,1.2518479491021395
II.NIL,33.6506,73.2686,XR.BA07,24.1371,91.4975,2061.132628303118,1048,1.6944712675971607
II.NIL,33.6506,73.2686,XV.NAPU,-15.08,39.25,6508.3336632007395,367,1.0027359832252927
II.NIL,33.6506,73.2686,XW.AMDT,1.9487,34.935799,5317.512398068956,575,1.2551264740070718
II.NIL,33.6506,73.2686,XW.ATUS,39.716,76.157204,721.8398182463017,99,0.5208002272583305
II.NIL,33.6506,73.2686,XW.KABG,3.5104,34.143299,5256.650143493886,503,1.1739174552671163
II.NIL,33.6506,73.2686,XY.PACW,39.9962,-77.9247,11307.585892943853,519,1.1924419517188996
II.NIL,33.6506,73.2686,Y1.KERK,2.61653,36.255065,5162.305259403539,603,1.2853228366914469
II.NIL,33.6506,73.2686,Y1.TURK,3.127577,38.27457,4967.195543219609,828,1.5061517688084862
II.NIL,33.6506,73.2686,YB.AT56,36.7019,35.546902,3423.205225000108,543,1.2197012883803608
II.NIL,33.6506,73.2686,YF.DUOK,44.113098,14.9318,5072.476435909521,453,1.114044833214067
II.NIL,33.6506,73.2686,YF.HVAR,43.177601,16.449,4965.0976205705,377,1.0163054227587134
II.NIL,33.6506,73.2686,YT.CLRK,-77.3231,-141.8485,14859.424046188635,590,1.2713922904298198
II.NIL,33.6506,73.2686,YT.LPLY,-73.1142,-90.2834,15528.688869183414,500,1.1704114719613057
II.NIL,33.6506,73.2686,YT.MA07,-78.2496,-93.4991,15015.217335635603,551,1.2286533445589485
II.NIL,33.6506,73.2686,YT.MA09,-79.8993,-104.9977,14871.897138157405,459,1.1213983442895492
II.NIL,33.6506,73.2686,YT.MCRG,-73.6681,-94.6493,15514.234571937195,365,1.0
II.NIL,33.6506,73.2686,YT.RMBO,-83.8714,-66.3959,14257.60019415917,2394,2.561035749377396
II.NIL,33.6506,73.2686,YT.THUR,-72.5301,-97.5606,15659.584475514863,535,1.2106830405426245
II.NIL,33.6506,73.2686,YU.MD04,10.8953,-74.1514,13981.282731661886,537,1.2129438885258992
II.NIL,33.6506,73.2686,YU.NL02,9.2491,-70.2202,13881.680155814065,443,1.101679912740986
II.NIL,33.6506,73.2686,YU.SL02,7.6943,-71.0365,14073.689763211678,472,1.1371678349880932
II.NIL,33.6506,73.2686,YY.ABMD,11.8317,35.5825,4523.197570361527,619,1.3022635720002707
II.NIL,33.6506,73.2686,YY.CHGE,10.9614,36.518398,4505.5700815998725,636,1.3200249063652767
II.NIL,33.6506,73.2686,YY.NEKE,9.089,36.523701,4641.094617668789,685,1.369931505137072
II.NIL,33.6506,73.2686,ZE.BULG,61.126701,-151.091202,8738.63943069931,444,1.1029226428740972
II.NNA,-11.9875,-76.8422,II.PALK,7.2728,80.7022,17499.324448579806,419,1.0714220482515058
II.NNA,-11.9875,-76.8422,II.RAYN,23.5225,45.5032,13815.642403187137,966,1.6268298443493572
II.NNA,-11.9875,-76.8422,IU.JOHN,16.7329,-169.5292,10669.512182500106,533,1.2084179627110563
II.NNA,-11.9875,-76.8422,IU.KBS,78.9154,11.9385,11289.250699655271,679,1.3639186092295756
II.NNA,-11.9875,-76.8422,IU.KEV,69.7565,27.0035,11788.195913546897,965,1.625987581883194
II.NNA,-11.9875,-76.8422,IU.MIDW,28.2154,-177.3697,11654.812918222686,747,1.4305856641479926
II.NNA,-11.9875,-76.8422,IU.PTGA,-0.7308,-59.9666,2243.3855782403903,394,1.0389668208342944
II.NNA,-11.9875,-76.8422,IU.TRQA,-38.0568,-61.9787,3252.5205219579125,792,1.4730454893514422
II.NNA,-11.9875,-76.8422,IU.YAK,62.031,129.6805,14059.058104867097,836,1.5134103735947197
II.NNA,-11.9875,-76.8422,MN.CLTB,37.578,13.216,10821.759246681524,483,1.1503424147760861
II.NNA,-11.9875,-76.8422,MX.MOIG,19.646708,-101.227303,4416.130270466142,417,1.0688618963292955
II.NNA,-11.9875,-76.8422,MX.ZAIG,22.769176,-102.567123,4773.6143796159295,387,1.0296960583603008
II.NNA,-11.9875,-76.8422,NZ.URZ,-38.259249,177.110894,10541.490361373906,1030,1.6798564844114448
II.NNA,-11.9875,-76.8422,PB.B934,39.844501,-123.691399,7520.163496024159,844,1.520634330509241
II.NNA,-11.9875,-76.8422,PM.PESTR,38.867168,-7.590169,9116.041106935532,662,1.346736288267672
II.NNA,-11.9875,-76.8422,PM.PFVI,37.132832,-8.826829,8941.40863007649,828,1.5061517688084862
II.NNA,-11.9875,-76.8422,PS.MCSJ,24.29,153.978,14504.781278350842,408,1.0572644982113426
II.NNA,-11.9875,-76.8422,PS.PSI,2.6938,98.923698,18881.32222262798,1104,1.739154258324021
II.NNA,-11.9875,-76.8422,PS.SYO,-69.0067,39.585,9765.770066605204,1328,1.9074475521973238
II.NNA,-11.9875,-76.8422,RM.DLV,11.952,108.481499,19436.0118753452,766,1.4486649498715365
II.NNA,-11.9875,-76.8422,RM.SLV,21.325247,103.906708,18973.750959673354,817,1.4961136869849034
II.NNA,-11.9875,-76.8422,S1.AUBUS,-33.6601,115.3828,14776.832788281603,504,1.1750837918243189
II.NNA,-11.9875,-76.8422,TT.TATN,32.578701,10.5292,10479.660647824183,423,1.0765240868596675
II.NNA,-11.9875,-76.8422,TW.KMNB,24.4638,118.388199,17894.487048464922,765,1.4477190372993318
II.NNA,-11.9875,-76.8422,YT.RMBO,-83.8714,-66.3959,8004.735567852312,588,1.2692355589525488
II.PALK,7.2728,80.7022,II.RAYN,23.5225,45.5032,4165.67412440293,1534,2.050058468928971
II.PALK,7.2728,80.7022,II.SHEL,-15.9594,-5.7455,9852.825222551519,518,1.19129260981162
II.PALK,7.2728,80.7022,IU.JOHN,16.7329,-169.5292,11847.805806467595,435,1.091687144706673
II.PALK,7.2728,80.7022,IU.KEV,69.7565,27.0035,7919.0447561119545,543,1.2197012883803608
II.PALK,7.2728,80.7022,IU.MIDW,28.2154,-177.3697,10779.110075637807,489,1.1574653460891433
II.PALK,7.2728,80.7022,IU.TRQA,-38.0568,-61.9787,14940.45728943761,517,1.1901421579644944
II.PALK,7.2728,80.7022,IU.YAK,62.031,129.6805,7266.046374557267,468,1.1323390750221056
II.PALK,7.2728,80.7022,KZ.AB06,49.261101,59.969299,5055.359251832246,367,1.0027359832252927
II.PALK,7.2728,80.7022,MM.KTN,21.2857,99.589798,2557.997940901101,554,1.231993595429003
II.PALK,7.2728,80.7022,MM.YGN,16.864799,96.153397,1988.0001503148649,639,1.3231345099825826
II.PALK,7.2728,80.7022,MN.CLTB,37.578,13.216,7536.398490575488,692,1.3769133636358186
II.PALK,7.2728,80.7022,MX.HPIG,26.936794,-105.664017,16149.813977615058,725,1.409362043572557
II.PALK,7.2728,80.7022,MX.MOIG,19.646708,-101.227303,17014.35234236188,728,1.4122749547964113
II.PALK,7.2728,80.7022,MX.ZAIG,22.769176,-102.567123,16655.699157022987,1027,1.6774083075199628
II.PALK,7.2728,80.7022,MY.KOM,1.7922,103.846703,2635.8138547605995,369,1.0054645215568718
II.PALK,7.2728,80.7022,MY.SBM,2.4529,112.213997,3530.873160121942,436,1.09294123718762
II.PALK,7.2728,80.7022,N4.ABTX,32.6238,-99.6431,15578.658105580047,561,1.239752516178073
II.PALK,7.2728,80.7022,N4.E62A,46.6201,-69.5227,13338.638261457412,545,1.2219454508821197
II.PALK,7.2728,80.7022,NZ.URZ,-38.259249,177.110894,11065.734755601196,1711,2.1651030536389513
II.PALK,7.2728,80.7022,PB.B934,39.844501,-123.691399,14207.535720246879,1532,2.048721619442867
II.PALK,7.2728,80.7022,PM.PESTR,38.867168,-7.590169,9353.668653230356,1431,1.980037359547915
II.PALK,7.2728,80.7022,PM.PFVI,37.132832,-8.826829,9478.661549575514,1544,2.0567296823601713
II.PALK,7.2728,80.7022,PS.PSI,2.6938,98.923698,2081.113375648685,1349,1.9224698725750955
II.PALK,7.2728,80.7022,PS.SYO,-69.0067,39.585,9051.26349736673,1713,2.1663680862059214
II.PALK,7.2728,80.7022,RM.DLV,11.952,108.481499,3087.92793741615,917,1.58503273377028
II.PALK,7.2728,80.7022,RM.SLV,21.325247,103.906708,2941.1109978783666,1060,1.7041448263105738
II.PALK,7.2728,80.7022,S1.AUBUS,-33.6601,115.3828,5837.505728494158,1103,1.7383664194349757
II.PALK,7.2728,80.7022,TW.KMNB,24.4638,118.388199,4438.766352154755,792,1.4730454893514422
II.PALK,7.2728,80.7022,VE.BAUV,8.9433,-68.041496,16110.377497453135,588,1.2692355589525488
II.PALK,7.2728,80.7022,XL.AT13,44.992001,96.270103,4455.3539765871055,411,1.061144380968148
II.PALK,7.2728,80.7022,XL.HV10,51.572102,100.448601,5248.352755148016,411,1.061144380968148
II.PALK,7.2728,80.7022,XR.BA07,24.1371,91.4975,2199.9014435559598,530,1.205012362808178
II.PALK,7.2728,80.7022,YT.MA07,-78.2496,-93.4991,12115.878721998226,378,1.017652415295205
II.PALK,7.2728,80.7022,YT.RMBO,-83.8714,-66.3959,11386.70202278779,1359,1.9295822530363604
II.PALK,7.2728,80.7022,YY.CHGE,10.9614,36.518398,4864.159894641789,371,1.0081856754409793
II.PALK,7.2728,80.7022,YY.NEKE,9.089,36.523701,4863.82766293434,424,1.0777958227866902
II.RAYN,23.5225,45.5032,II.SHEL,-15.9594,-5.7455,7090.246441420184,2442,2.586582873001387
II.RAYN,23.5225,45.5032,IU.ADK,51.8823,-176.6842,10680.126135071563,680,1.3649225980362905
II.RAYN,23.5225,45.5032,IU.BBSR,32.371299,-64.696299,10349.925172036454,516,1.1889905929556324
II.RAYN,23.5225,45.5032,IU.BILL,68.0653,166.4531,8763.243815098494,551,1.2286533445589485
II.RAYN,23.5225,45.5032,IU.DAV,7.0697,125.5791,8686.043390458854,763,1.4458253556028506
II.RAYN,23.5225,45.5032,IU.FUNA,-8.5259,179.1966,14820.103315034314,648,1.3324197783556895
II.RAYN,23.5225,45.5032,IU.INCN,37.4776,126.6239,7694.384368153785,516,1.1889905929556324
II.RAYN,23.5225,45.5032,IU.JOHN,16.7329,-169.5292,14139.92554069684,2893,2.8153201234069765
II.RAYN,23.5225,45.5032,IU.KBS,78.9154,11.9385,6384.245935080175,1848,2.250114152355417
II.RAYN,23.5225,45.5032,IU.KEV,69.7565,27.0035,5284.096296614568,3991,3.306697230673299
II.RAYN,23.5225,45.5032,IU.MA2,59.5756,150.77,8582.036435199174,473,1.1383718245630046
II.RAYN,23.5225,45.5032,IU.MBWA,-21.159,119.7313,9443.888556390208,846,1.5224349638582537
II.RAYN,23.5225,45.5032,IU.MIDW,28.2154,-177.3697,12653.175812234002,2970,2.8525403242320455
II.RAYN,23.5225,45.5032,IU.PMSA,-64.7744,-64.0489,13283.43237774762,644,1.328301005662435
II.RAYN,23.5225,45.5032,IU.RAO,-29.245,-177.929,15666.493864109454,957,1.6192337101910823
II.RAYN,23.5225,45.5032,IU.RCBR,-5.8274,-35.9014,9396.237838489827,794,1.4749042225695284
II.RAYN,23.5225,45.5032,IU.SAML,-8.9489,-63.1831,12301.094705297102,1110,1.7438738172273127
II.RAYN,23.5225,45.5032,IU.TATO,24.9735,121.4971,7595.157130474385,461,1.1238388223540496
II.RAYN,23.5225,45.5032,IU.TIXI,71.6341,128.8667,7300.944107535792,2005,2.343747146116984
II.RAYN,23.5225,45.5032,IU.TRQA,-38.0568,-61.9787,13073.772037281537,3110,2.918997763823309
II.RAYN,23.5225,45.5032,IU.ULN,47.8651,107.0532,5994.888244996819,593,1.2746205452002473
II.RAYN,23.5225,45.5032,IU.XMAS,2.0448,-157.4457,16240.380988841405,431,1.0866563016005655
II.RAYN,23.5225,45.5032,IU.YAK,62.031,129.6805,7412.728066935523,1799,2.2200826838853707
II.RAYN,23.5225,45.5032,IU.YSS,46.9587,142.7604,8642.408939581492,605,1.2874526191574363
II.RAYN,23.5225,45.5032,JP.JMM,37.868999,140.789673,8865.45422618237,458,1.120176111398536
II.RAYN,23.5225,45.5032,JP.JTU,34.5275,129.396332,8022.383387089757,371,1.0081856754409793
II.RAYN,23.5225,45.5032,KZ.AB06,49.261101,59.969299,3128.820628214233,720,1.4044937663535668
II.RAYN,23.5225,45.5032,KZ.MAKZ,46.807999,81.976997,4145.9987639445435,429,1.0841321255979017
II.RAYN,23.5225,45.5032,LD.FRNY,44.835,-73.5883,10228.92043456117,462,1.1250570761777086
II.RAYN,23.5225,45.5032,M8.AU52,-33.4865,120.9751,10188.346274821966,441,1.0991902374394489
II.RAYN,23.5225,45.5032,MB.HRY,46.711285,-111.831786,11879.622493376548,438,1.0954451150103321
II.RAYN,23.5225,45.5032,MM.KTN,21.2857,99.589798,5532.860697100731,1903,2.2833524980030977
II.RAYN,23.5225,45.5032,MM.YGN,16.864799,96.153397,5311.435018379964,1828,2.2379050869244193
II.RAYN,23.5225,45.5032,MN.CLTB,37.578,13.216,3440.3976371907597,2235,2.4745277673190245
II.RAYN,23.5225,45.5032,MN.VSL,39.496,9.378,3822.44643879942,684,1.3689311899214387
II.RAYN,23.5225,45.5032,MN.WDD,35.8373,14.5242,3272.4188668095835,475,1.140775991601199
II.RAYN,23.5225,45.5032,MX.HPIG,26.936794,-105.664017,13606.233717410189,2370,2.5481661415479775
II.RAYN,23.5225,45.5032,MX.MOIG,19.646708,-101.227303,14010.730220271907,2143,2.4230627058977094
II.RAYN,23.5225,45.5032,MX.ZAIG,22.769176,-102.567123,13818.024066437594,2745,2.7423617458689655
II.RAYN,23.5225,45.5032,MY.KOM,1.7922,103.846703,6719.706342535866,1175,1.7942068114327794
II.RAYN,23.5225,45.5032,MY.KUM,5.2902,100.6492,6231.75176944291,634,1.3179477612446795
II.RAYN,23.5225,45.5032,MY.SBM,2.4529,112.213997,7529.207517053493,927,1.593651789882991
II.RAYN,23.5225,45.5032,N4.250A,31.9778,-86.2677,11993.871726280207,618,1.3012112376288127
II.RAYN,23.5225,45.5032,N4.ABTX,32.6238,-99.6431,12758.828625893279,1998,2.339652239701389
II.RAYN,23.5225,45.5032,N4.E62A,46.6201,-69.5227,9856.72156829518,881,1.5536082614793816
II.RAYN,23.5225,45.5032,NL.HGN,50.764,5.9317,4544.733352188588,505,1.1762489718744142
II.RAYN,23.5225,45.5032,NR.NE75,27.293341,-112.856491,13905.667541144701,403,1.050766191424665
II.RAYN,23.5225,45.5032,NR.NE79,23.11937,-109.756111,14180.525942106615,720,1.4044937663535668
II.RAYN,23.5225,45.5032,NR.NE80,30.5,-112.319931,13559.072094492507,635,1.318986742692003
II.RAYN,23.5225,45.5032,NR.NE81,28.918341,-109.636261,13605.615022671373,396,1.041600454516661
II.RAYN,23.5225,45.5032,NR.NE82,26.915661,-109.230843,13784.387902699526,492,1.1610104243629564
II.RAYN,23.5225,45.5032,NR.NE83,24.730881,-107.739326,13923.405516812018,486,1.1539093765608583
II.RAYN,23.5225,45.5032,NZ.URZ,-38.259249,177.110894,15176.65055321467,5556,3.901527624946308
II.RAYN,23.5225,45.5032,PB.B934,39.844501,-123.691399,12880.360277702628,5022,3.709299679129342
II.RAYN,23.5225,45.5032,PM.PESTR,38.867168,-7.590169,5250.884395640194,4772,3.615794878410517
II.RAYN,23.5225,45.5032,PM.PFVI,37.132832,-8.826829,5354.066479815891,5175,3.7653794220212156
II.RAYN,23.5225,45.5032,PQ.NBC8,56.57308,-122.40441,11036.466484264225,479,1.1455691891471627
II.RAYN,23.5225,45.5032,PS.CHUK,7.4638,151.8554,11317.176006038237,425,1.0790660599072865
II.RAYN,23.5225,45.5032,PS.JAY,-2.5147,140.703,10649.114043627415,926,1.592791983081866
II.RAYN,23.5225,45.5032,PS.KOR,7.3436,134.4741,9578.166507170798,685,1.369931505137072
II.RAYN,23.5225,45.5032,PS.MCSJ,24.29,153.978,10649.939509602184,2672,2.7056511129865726
II.RAYN,23.5225,45.5032,PS.PSI,2.6938,98.923698,6185.50435413474,6070,4.078006496598721
II.RAYN,23.5225,45.5032,PS.SYO,-69.0067,39.585,10299.957539246921,6778,4.3092763909615535
II.RAYN,23.5225,45.5032,PS.TSK,36.2108,140.1097,8878.04684047245,663,1.34775307685213
II.RAYN,23.5225,45.5032,PS.VIVO,18.6498,105.6965,6224.822821854052,1013,1.6659359128590225
II.RAYN,23.5225,45.5032,RM.DLV,11.952,108.481499,6743.592845213551,3242,2.9803006192030224
II.RAYN,23.5225,45.5032,RM.SLV,21.325247,103.906708,5966.178589380197,3533,3.1111817778449593
II.RAYN,23.5225,45.5032,S1.AUBUS,-33.6601,115.3828,9744.259826272566,3253,2.98535236900492
II.RAYN,23.5225,45.5032,S1.AUHPC,-38.1068,142.3183,12163.08880835373,475,1.140775991601199
II.RAYN,23.5225,45.5032,S1.AUKAL,-30.7637,121.4789,10091.746177374895,645,1.3293318952282882
II.RAYN,23.5225,45.5032,TR.TOSP,11.2984,-60.535198,11097.344048994953,815,1.4942813364051521
II.RAYN,23.5225,45.5032,TT.TATN,32.578701,10.5292,3558.740139430966,1266,1.8623890975531756
II.RAYN,23.5225,45.5032,TW.KMNB,24.4638,118.388199,7309.885038967526,4218,3.3994358919623187
II.RAYN,23.5225,45.5032,TW.MATB,26.151501,119.945602,7409.038995182203,745,1.4286692725788426
II.RAYN,23.5225,45.5032,US.DUG,40.195,-112.8133,12582.403719845535,460,1.122619246495774
II.RAYN,23.5225,45.5032,US.JCT,30.4794,-99.8022,12961.786469913473,529,1.2038750219574914
II.RAYN,23.5225,45.5032,US.LAO,46.6885,-106.2231,11706.501919446038,495,1.1645447108469662
II.RAYN,23.5225,45.5032,VE.BAUV,8.9433,-68.041496,11947.24110869439,1281,1.873389719491353
II.RAYN,23.5225,45.5032,WM.UCM,40.307499,-3.2441,4893.597809514674,385,1.027031898505565
II.RAYN,23.5225,45.5032,X8.QM38,47.675201,-70.853104,9873.821243919603,710,1.3947062341052523
II.RAYN,23.5225,45.5032,X8.QM58,49.048401,-72.740601,9898.96041400562,498,1.1680683035010562
II.RAYN,23.5225,45.5032,X8.QM76,50.764801,-74.817596,9903.375073663565,570,1.2496574873206012
II.RAYN,23.5225,45.5032,X8.QM90,52.2915,-77.098801,9921.042376614745,458,1.120176111398536
II.RAYN,23.5225,45.5032,X8.QMM5,50.8438,-68.798203,9553.466217608167,861,1.5358724262089742
II.RAYN,23.5225,45.5032,XA.AX08,38.8984,46.1815,1710.9255330914168,494,1.1633678083625345
II.RAYN,23.5225,45.5032,XA.SA01,-34.294456,19.245956,7001.901557817117,381,1.021682737662899
II.RAYN,23.5225,45.5032,XF.NE4,76.657433,-34.27758,7204.755916602958,483,1.1503424147760861
II.RAYN,23.5225,45.5032,XI.HALM,22.8454,44.317299,142.69536360326268,90,0.49656353316142077
II.RAYN,23.5225,45.5032,XI.RIYD,24.722,46.643002,176.54793523801266,142,0.623731589620416
II.RAYN,23.5225,45.5032,XI.SC14,47.723,-84.814003,10669.994873827663,421,1.073976097282545
II.RAYN,23.5225,45.5032,XI.SM37,44.381001,-93.380997,11385.20106762628,665,1.349784356191454
II.RAYN,23.5225,45.5032,XI.UQSK,25.789,42.360001,405.4474474709589,144,0.6281087071082564
II.RAYN,23.5225,45.5032,XL.AT13,44.992001,96.270103,5135.862398770154,539,1.215200530269438
II.RAYN,23.5225,45.5032,XL.HD03,46.515701,102.547203,5642.169712589526,530,1.205012362808178
II.RAYN,23.5225,45.5032,XL.HD09,45.413898,100.5718,5476.069939944534,559,1.237540645520408
II.RAYN,23.5225,45.5032,XL.HD41,48.242298,99.400002,5436.066044183305,557,1.2353248144760447
II.RAYN,23.5225,45.5032,XL.HD48,46.209202,97.608299,5262.311071798861,498,1.1680683035010562
II.RAYN,23.5225,45.5032,XL.HD73,49.4953,101.357101,5601.598817575089,559,1.237540645520408
II.RAYN,23.5225,45.5032,XL.HD74,49.500999,99.152298,5445.332018469039,561,1.239752516178073
II.RAYN,23.5225,45.5032,XL.HV10,51.572102,100.448601,5583.115950454775,541,1.2174529891629975
II.RAYN,23.5225,45.5032,XM.ANB10,-25.0271,-64.5865,13011.45607940054,556,1.2342154071445053
II.RAYN,23.5225,45.5032,XM.ANB11,-25.951,-62.49889,12835.536949042476,495,1.1645447108469662
II.RAYN,23.5225,45.5032,XM.ANB16,-24.0911,-61.4628,12679.214828165907,463,1.126274012256756
II.RAYN,23.5225,45.5032,XM.ANB17,-25.2429,-59.8069,12554.35339956053,465,1.128703948225453
II.RAYN,23.5225,45.5032,XM.ANB19,-27.7766,-62.9698,12931.80729261398,394,1.0389668208342944
II.RAYN,23.5225,45.5032,XM.ANB20,-26.7962,-65.316,13130.729391134766,544,1.2208238852939066
II.RAYN,23.5225,45.5032,XM.ASB11,-37.8946,-63.8453,13232.613965963115,383,1.0243608097214334
II.RAYN,23.5225,45.5032,XM.ASB22,-33.66389,-67.46128,13483.959131687896,387,1.0296960583603008
II.RAYN,23.5225,45.5032,XM.CB01,-22.09872,-70.21211,13482.332424369884,469,1.1335481934392182
II.RAYN,23.5225,45.5032,XM.CB22,-24.00541,-68.52551,13368.68517368595,535,1.2106830405426245
II.RAYN,23.5225,45.5032,XO.SCCC,41.764851,-74.670135,10504.398729957331,428,1.082867831143777
II.RAYN,23.5225,45.5032,XP.LZAE,-25.3074,-68.3992,13391.073337931015,445,1.1041639743225553
II.RAYN,23.5225,45.5032,XR.BA07,24.1371,91.4975,4657.167461750045,1052,1.6977019116505458
II.RAYN,23.5225,45.5032,XT.CMPC,7.6508,-64.073097,11626.262995743178,419,1.0714220482515058
II.RAYN,23.5225,45.5032,XT.D58,45.032299,-118.073799,12212.171791874018,422,1.07525084680815
II.RAYN,23.5225,45.5032,XV.NAPU,-15.08,39.25,4345.915394007047,394,1.0389668208342944
II.RAYN,23.5225,45.5032,XW.ADEN,12.77592,44.982441,1196.228115459947,192,0.7252774622585993
II.RAYN,23.5225,45.5032,XW.AMDT,1.9487,34.935799,2655.219259420563,506,1.1774129988508764
II.RAYN,23.5225,45.5032,XW.GHDI,15.63811,52.161732,1119.8703017945768,116,0.5637448174290228
II.RAYN,23.5225,45.5032,XW.MOKA,13.31374,43.25631,1159.563894083536,183,0.7080747580684533
II.RAYN,23.5225,45.5032,XY.PACW,39.9962,-77.9247,10840.94309575003,485,1.1527216156937767
II.RAYN,23.5225,45.5032,Y1.KERK,2.61653,36.255065,2528.691598320614,604,1.2863881686909069
II.RAYN,23.5225,45.5032,Y1.TURK,3.127577,38.27457,2397.3160904811257,827,1.5052419820937544
II.RAYN,23.5225,45.5032,Y2.GUGE,31.4769,79.664101,3468.1276264549683,739,1.4229046117876543
II.RAYN,23.5225,45.5032,Y2.PURG,30.198799,81.275299,3609.9548494537803,734,1.4180828269567294
II.RAYN,23.5225,45.5032,Y2.WT06,32.226398,82.261299,3720.713064455885,501,1.1715812988120062
II.RAYN,23.5225,45.5032,Y5.FMC,56.650002,-111.5,10842.138116988306,662,1.346736288267672
II.RAYN,23.5225,45.5032,Y5.RW1,58.852901,-113.175903,10647.153969986372,404,1.0520690638301713
II.RAYN,23.5225,45.5032,YB.AT56,36.7019,35.546902,1748.1618262601335,519,1.1924419517188996
II.RAYN,23.5225,45.5032,YF.DUOK,44.113098,14.9318,3599.365060418292,415,1.0662955975571986
II.RAYN,23.5225,45.5032,YF.HVAR,43.177601,16.449,3441.7738346570754,368,1.0041011792056576
II.RAYN,23.5225,45.5032,YP.NE61,44.849098,115.991798,6682.124564478844,428,1.082867831143777
II.RAYN,23.5225,45.5032,YP.NE7D,45.342098,128.742905,7662.98113135299,436,1.09294123718762
II.RAYN,23.5225,45.5032,YP.NE8B,46.207199,126.056297,7439.582062810973,371,1.0081856754409793
II.RAYN,23.5225,45.5032,YP.NEAD,47.581402,133.5802,7963.298801462823,436,1.09294123718762
II.RAYN,23.5225,45.5032,YT.CLRK,-77.3231,-141.8485,14019.702819099113,849,1.5251319278214177
II.RAYN,23.5225,45.5032,YT.DEVL,-81.4755,161.973,13019.053612563404,424,1.0777958227866902
II.RAYN,23.5225,45.5032,YT.LPLY,-73.1142,-90.2834,13893.286366598539,1004,1.658518896939932
II.RAYN,23.5225,45.5032,YT.MA07,-78.2496,-93.4991,13578.993420358032,584,1.2649110640673518
II.RAYN,23.5225,45.5032,YT.MA09,-79.8993,-104.9977,13588.085738107558,483,1.1503424147760861
II.RAYN,23.5225,45.5032,YT.MCRG,-73.6681,-94.6493,13956.975080285796,1048,1.6944712675971607
II.RAYN,23.5225,45.5032,YT.MTAK,-76.3157,-112.7986,14022.706575374843,470,1.1347560235031635
II.RAYN,23.5225,45.5032,YT.RMBO,-83.8714,-66.3959,12863.001707484857,3507,3.0997127573506216
II.RAYN,23.5225,45.5032,YT.THUR,-72.5301,-97.5606,14113.011639403712,711,1.3956880759967294
II.RAYN,23.5225,45.5032,YU.MD04,10.8953,-74.1514,12422.511096123282,527,1.201597110698239
II.RAYN,23.5225,45.5032,YU.NL02,9.2491,-70.2202,12140.969167846199,377,1.0163054227587134
II.RAYN,23.5225,45.5032,YU.SL02,7.6943,-71.0365,12303.09563217081,429,1.0841321255979017
II.RAYN,23.5225,45.5032,YY.ABMD,11.8317,35.5825,1670.1279049420568,502,1.1727499587522587
II.RAYN,23.5225,45.5032,YY.CHGE,10.9614,36.518398,1690.0966704607415,519,1.1924419517188996
II.RAYN,23.5225,45.5032,YY.DAQU,13.1448,37.897598,1404.8531009619082,154,0.6495520057848934
II.RAYN,23.5225,45.5032,YY.NEKE,9.089,36.523701,1867.595677545936,574,1.2540345847407988
II.RAYN,23.5225,45.5032,Z7.LA01,31.9874,-93.8349,12480.663445021386,500,1.1704114719613057
II.RAYN,23.5225,45.5032,ZD.FM09,-12.65027,-73.041481,13453.620420157162,389,1.032353342929413
II.RAYN,23.5225,45.5032,ZE.BULG,61.126701,-151.091202,10484.637771727015,423,1.0765240868596675
II.SHEL,-15.9594,-5.7455,IU.ADK,51.8823,-176.6842,15940.92352403945,378,1.017652415295205
II.SHEL,-15.9594,-5.7455,IU.JOHN,16.7329,-169.5292,18283.168279488484,1156,1.7796413368067265
II.SHEL,-15.9594,-5.7455,IU.KBS,78.9154,11.9385,10605.483749499545,665,1.349784356191454
II.SHEL,-15.9594,-5.7455,IU.KEV,69.7565,27.0035,9868.512225597116,1754,2.192140381466204
II.SHEL,-15.9594,-5.7455,IU.MBWA,-21.159,119.7313,12777.025876234258,773,1.4552691225948835
II.SHEL,-15.9594,-5.7455,IU.MIDW,28.2154,-177.3697,18403.417490670727,1404,1.9612688093338337
II.SHEL,-15.9594,-5.7455,IU.RCBR,-5.8274,-35.9014,3474.3090844019703,462,1.1250570761777086
II.SHEL,-15.9594,-5.7455,IU.SAML,-8.9489,-63.1831,6267.1713276838545,476,1.141976177090002
II.SHEL,-15.9594,-5.7455,IU.TATO,24.9735,121.4971,14461.693827365432,547,1.2241854994184098
II.SHEL,-15.9594,-5.7455,IU.TIXI,71.6341,128.8667,13151.619771552656,781,1.4627802389276594
II.SHEL,-15.9594,-5.7455,IU.TRQA,-38.0568,-61.9787,5984.9117887603115,1424,1.975188563913253
II.SHEL,-15.9594,-5.7455,IU.YAK,62.031,129.6805,13825.591088231633,913,1.5815719594800923
II.SHEL,-15.9594,-5.7455,MM.KTN,21.2857,99.589798,12195.709513891157,988,1.64525053261456
II.SHEL,-15.9594,-5.7455,MM.YGN,16.864799,96.153397,11745.913937163437,946,1.6099008733204065
II.SHEL,-15.9594,-5.7455,MN.CLTB,37.578,13.216,6274.772792156741,885,1.5571311872307276
II.SHEL,-15.9594,-5.7455,MX.HPIG,26.936794,-105.664017,11763.896456284536,1353,1.925317977651612
II.SHEL,-15.9594,-5.7455,MX.MOIG,19.646708,-101.227303,11153.798643326418,1175,1.7942068114327794
II.SHEL,-15.9594,-5.7455,MX.ZAIG,22.769176,-102.567123,11366.677555036442,1418,1.9710229594931954
II.SHEL,-15.9594,-5.7455,MY.KOM,1.7922,103.846703,12155.822955470912,399,1.0455384665001604
II.SHEL,-15.9594,-5.7455,MY.SBM,2.4529,112.213997,13068.168511848415,453,1.114044833214067
II.SHEL,-15.9594,-5.7455,N4.ABTX,32.6238,-99.6431,11311.727166100092,1067,1.7097624604701311
II.SHEL,-15.9594,-5.7455,N4.E62A,46.6201,-69.5227,9420.9394867139,365,1.0
II.SHEL,-15.9594,-5.7455,NR.NE74,28.007509,-114.013802,12596.038166217868,474,1.1395745420929257
II.SHEL,-15.9594,-5.7455,NR.NE75,27.293341,-112.856491,12473.538149740587,547,1.2241854994184098
II.SHEL,-15.9594,-5.7455,NR.NE79,23.11937,-109.756111,12096.486663230617,543,1.2197012883803608
II.SHEL,-15.9594,-5.7455,NR.NE80,30.5,-112.319931,12462.506591211042,434,1.090431609909769
II.SHEL,-15.9594,-5.7455,NR.NE81,28.918341,-109.636261,12183.90069836988,517,1.1901421579644944
II.SHEL,-15.9594,-5.7455,NR.NE82,26.915661,-109.230843,12112.310303253518,494,1.1633678083625345
II.SHEL,-15.9594,-5.7455,NR.NE83,24.730881,-107.739326,11925.406362013307,439,1.0966949101857806
II.SHEL,-15.9594,-5.7455,NZ.URZ,-38.259249,177.110894,13978.904311532524,2864,2.8011739222093572
II.SHEL,-15.9594,-5.7455,PB.B934,39.844501,-123.691399,13507.30829892142,2169,2.4377173243476484
II.SHEL,-15.9594,-5.7455,PM.PESTR,38.867168,-7.590169,6099.467810640779,2095,2.3957725324824266
II.SHEL,-15.9594,-5.7455,PM.PFVI,37.132832,-8.826829,5912.420144791827,2408,2.5685132419305536
II.SHEL,-15.9594,-5.7455,PS.JAY,-2.5147,140.703,15794.066042753815,554,1.231993595429003
II.SHEL,-15.9594,-5.7455,PS.KOR,7.3436,134.4741,15586.389872222484,366,1.0013689260344547
II.SHEL,-15.9594,-5.7455,PS.MCSJ,24.29,153.978,17707.94817051087,1362,1.9317108606919071
II.SHEL,-15.9594,-5.7455,PS.PSI,2.6938,98.923698,11657.758601976715,2626,2.6822603430586685
II.SHEL,-15.9594,-5.7455,PS.SYO,-69.0067,39.585,6680.092912801053,3574,3.1291821330689285
II.SHEL,-15.9594,-5.7455,PS.VIVO,18.6498,105.6965,12775.643679907782,631,1.3148258908645172
II.SHEL,-15.9594,-5.7455,RM.DLV,11.952,108.481499,12930.947206597322,1300,1.8872317917035095
II.SHEL,-15.9594,-5.7455,RM.SLV,21.325247,103.906708,12637.67272476855,1406,1.9626652273173202
II.SHEL,-15.9594,-5.7455,S1.AUBUS,-33.6601,115.3828,11691.855654128614,1528,2.046045300051544
II.SHEL,-15.9594,-5.7455,S1.AUKAL,-30.7637,121.4789,12347.915817501667,436,1.09294123718762
II.SHEL,-15.9594,-5.7455,S1.AUMAZ,-32.0069,116.0384,11840.17960051378,408,1.0572644982113426
II.SHEL,-15.9594,-5.7455,TW.KMNB,24.4638,118.388199,14146.646664199574,2064,2.3779811859112647
II.SHEL,-15.9594,-5.7455,VE.BAUV,8.9433,-68.041496,7394.070185324241,720,1.4044937663535668
II.SHEL,-15.9594,-5.7455,XA.AX08,38.8984,46.1815,8141.209537889498,378,1.017652415295205
II.SHEL,-15.9594,-5.7455,XM.ANB10,-25.0271,-64.5865,6166.097149679616,398,1.0442274459638137
II.SHEL,-15.9594,-5.7455,XM.ANB20,-26.7962,-65.316,6231.323917452109,386,1.0283648411800856
II.SHEL,-15.9594,-5.7455,XM.CB22,-24.00541,-68.52551,6571.20079414327,377,1.0163054227587134
II.SHEL,-15.9594,-5.7455,XR.BA07,24.1371,91.4975,11440.702563382232,464,1.1274896348580457
II.SHEL,-15.9594,-5.7455,Y1.TURK,3.127577,38.27457,5283.851278766474,390,1.0336794235569031
II.SHEL,-15.9594,-5.7455,Y2.GUGE,31.4769,79.664101,10504.650808720675,469,1.1335481934392182
II.SHEL,-15.9594,-5.7455,Y2.PURG,30.198799,81.275299,10614.452609872467,460,1.122619246495774
II.SHEL,-15.9594,-5.7455,YT.LPLY,-73.1142,-90.2834,8135.135772426838,834,1.5115989900927147
II.SHEL,-15.9594,-5.7455,YT.MCRG,-73.6681,-94.6493,8272.16075745816,808,1.4878503386217936
II.SHEL,-15.9594,-5.7455,YT.RMBO,-83.8714,-66.3959,7907.467395229869,1744,2.18588247437524
II.TLY,51.6807,103.6438,IU.KEV,69.7565,27.0035,4249.49431740781,428,1.082867831143777
II.TLY,51.6807,103.6438,PS.MCSJ,24.29,153.978,5213.261644734667,530,1.205012362808178
II.TLY,51.6807,103.6438,PS.PSI,2.6938,98.923698,5464.816177534411,434,1.090431609909769
II.TLY,51.6807,103.6438,PS.SYO,-69.0067,39.585,14393.47813041108,490,1.1586482440433152
II.TLY,51.6807,103.6438,QZ.USHN,49.969499,82.743909,1475.1347542992455,90,0.49656353316142077
II.TLY,51.6807,103.6438,TW.KMNB,24.4638,118.388199,3275.8361738250646,396,1.041600454516661
IM.TX02,29.329901,-103.657997,MX.HPIG,26.936794,-105.664017,330.89561533466673,171,0.6844655949607193
IM.TX02,29.329901,-103.657997,MX.ZAIG,22.769176,-102.567123,737.5999425550388,169,0.6804510993672778
IM.TX02,29.329901,-103.657997,N4.Z38B,33.2599,-94.9852,932.271705699363,125,0.5852057359806528
IO.EVN,27.958651,86.811653,MM.KTN,21.2857,99.589798,1488.1873825295072,160,0.6620847108818944
IP.MTOR,28.494801,-9.8487,PM.PESTR,38.867168,-7.590169,1172.0167050310188,183,0.7080747580684533
IP.MTOR,28.494801,-9.8487,PM.PFVI,37.132832,-8.826829,965.22195774415,196,0.7327934916262991
IU.ADK,51.8823,-176.6842,IU.BILL,68.0653,166.4531,2013.7345338810485,512,1.1843731363161685
IU.ADK,51.8823,-176.6842,IU.JOHN,16.7329,-169.5292,3959.0967824820946,462,1.1250570761777086
IU.ADK,51.8823,-176.6842,IU.KBS,78.9154,11.9385,5459.755980651495,777,1.459029514193483
IU.ADK,51.8823,-176.6842,IU.KEV,69.7565,27.0035,6353.92050010277,1308,1.893029752496145
IU.ADK,51.8823,-176.6842,IU.MA2,59.5756,150.77,2182.219597871646,470,1.1347560235031635
IU.ADK,51.8823,-176.6842,IU.MIDW,28.2154,-177.3697,2632.26063503996,483,1.1503424147760861
IU.ADK,51.8823,-176.6842,IU.TATO,24.9735,121.4971,5936.230831085815,471,1.1359625693235273
IU.ADK,51.8823,-176.6842,IU.TRQA,-38.0568,-61.9787,14842.547695634024,446,1.1054039117983878
IU.ADK,51.8823,-176.6842,IU.YAK,62.031,129.6805,3329.7369747422463,842,1.5188315624415016
IU.ADK,51.8823,-176.6842,IU.YSS,46.9587,142.7604,2944.270784456744,416,1.0675795180675116
IU.ADK,51.8823,-176.6842,NZ.URZ,-38.259249,177.110894,10041.387393254638,487,1.1550959160790353
IU.ADK,51.8823,-176.6842,PS.MCSJ,24.29,153.978,3947.531446958539,815,1.4942813364051521
IU.ADK,51.8823,-176.6842,PS.PSI,2.6938,98.923698,9387.126456966645,1119,1.75092930315805
IU.ADK,51.8823,-176.6842,PS.SYO,-69.0067,39.585,17335.091093803792,1276,1.8697300369194756
IU.ADK,51.8823,-176.6842,PS.TSK,36.2108,140.1097,3794.6810716221294,391,1.0350038051680432
IU.ADK,51.8823,-176.6842,TW.KMNB,24.4638,118.388199,6190.670705396995,641,1.3252035253355026
IU.ADK,51.8823,-176.6842,XA.SA01,-34.294456,19.245956,17681.620265127174,368,1.0041011792056576
IU.ADK,51.8823,-176.6842,XO.SCCC,41.764851,-74.670135,7188.430063425456,474,1.1395745420929257
IU.BBSR,32.371299,-64.696299,IU.JOHN,16.7329,-169.5292,10344.829126548428,370,1.0068260178089292
IU.BBSR,32.371299,-64.696299,IU.KBS,78.9154,11.9385,6198.000581372352,369,1.0054645215568718
IU.BBSR,32.371299,-64.696299,IU.KEV,69.7565,27.0035,6718.221649879014,383,1.0243608097214334
IU.BBSR,32.371299,-64.696299,IU.MIDW,28.2154,-177.3697,10222.651425491154,380,1.0203410657280039
IU.BBSR,32.371299,-64.696299,IU.TRQA,-38.0568,-61.9787,7836.314647297911,383,1.0243608097214334
IU.BBSR,32.371299,-64.696299,MN.CLTB,37.578,13.216,6914.210356137792,371,1.0081856754409793
IU.BBSR,32.371299,-64.696299,PS.SYO,-69.0067,39.585,13906.626759285738,580,1.260571733734503
IU.BILL,68.0653,166.4531,IU.KEV,69.7565,27.0035,4387.42124625414,786,1.4674551637219606
IU.BILL,68.0653,166.4531,IU.MA2,59.5756,150.77,1210.632528762735,157,0.6558482951882774
IU.BILL,68.0653,166.4531,IU.TIXI,71.6341,128.8667,1466.3379156235783,108,0.5439580966939495
IU.BILL,68.0653,166.4531,PS.MCSJ,24.29,153.978,4941.184290522855,758,1.4410802645123981
IU.BILL,68.0653,166.4531,PS.PSI,2.6938,98.923698,8814.230125426837,793,1.4739751489513069
IU.BILL,68.0653,166.4531,PS.SYO,-69.0067,39.585,17918.358063164924,737,1.4209778612602593
IU.BILL,68.0653,166.4531,XA.SA01,-34.294456,19.245956,15728.759586507802,428,1.082867831143777
IU.BILL,68.0653,166.4531,XO.SCCC,41.764851,-74.670135,6793.874004732403,529,1.2038750219574914
IU.CASY,-66.2792,110.5354,IU.KEV,69.7565,27.0035,16400.019246646458,430,1.0853949473720717
IU.CASY,-66.2792,110.5354,IU.MIDW,28.2154,-177.3697,12108.779079057864,444,1.1029226428740972
IU.CASY,-66.2792,110.5354,IU.TRQA,-38.0568,-61.9787,8395.705438705201,449,1.1091154071156752
IU.CASY,-66.2792,110.5354,NZ.URZ,-38.259249,177.110894,5134.231799233811,449,1.1091154071156752
IU.CASY,-66.2792,110.5354,PS.PSI,2.6938,98.923698,7725.496584917227,447,1.1066424599872242
IU.CASY,-66.2792,110.5354,PS.SYO,-69.0067,39.585,2847.2842482598694,447,1.1066424599872242
IU.DAV,7.0697,125.5791,IU.JOHN,16.7329,-169.5292,7114.091059723381,497,1.166894954833741
IU.DAV,7.0697,125.5791,IU.KBS,78.9154,11.9385,9725.410624391583,576,1.2562174142165128
IU.DAV,7.0697,125.5791,IU.KEV,69.7565,27.0035,9597.800754060212,1216,1.8252415865619183
IU.DAV,7.0697,125.5791,IU.MBWA,-21.159,119.7313,3203.1621671967655,674,1.3588875385644514
IU.DAV,7.0697,125.5791,IU.MIDW,28.2154,-177.3697,6420.0592685108295,954,1.6166937341800351
IU.DAV,7.0697,125.5791,IU.SAML,-8.9489,-63.1831,19027.998897041613,431,1.0866563016005655
IU.DAV,7.0697,125.5791,IU.TIXI,71.6341,128.8667,7182.873619462524,703,1.387813891435114
IU.DAV,7.0697,125.5791,IU.TRQA,-38.0568,-61.9787,16486.39782653769,948,1.611601772762925
IU.DAV,7.0697,125.5791,IU.YAK,62.031,129.6805,6120.696254653709,403,1.050766191424665
IU.DAV,7.0697,125.5791,JP.ASAJ,44.118801,142.593002,4438.932553584112,433,1.0891746278090642
IU.DAV,7.0697,125.5791,NZ.URZ,-38.259249,177.110894,7326.274993244576,959,1.6209248163545318
IU.DAV,7.0697,125.5791,PB.B934,39.844501,-123.691399,11230.908785518119,488,1.156281238008238
IU.DAV,7.0697,125.5791,PM.PESTR,38.867168,-7.590169,12991.337941030604,896,1.5667783890990918
IU.DAV,7.0697,125.5791,PM.PFVI,37.132832,-8.826829,13192.287268579657,640,1.3241694217637887
IU.DAV,7.0697,125.5791,PS.MCSJ,24.29,153.978,3578.9831216146663,1023,1.674138502641701
IU.DAV,7.0697,125.5791,PS.PSI,2.6938,98.923698,2992.0933004809613,1157,1.7804109114748286
IU.DAV,7.0697,125.5791,PS.SYO,-69.0067,39.585,10582.171096692933,1215,1.824490921678612
IU.DAV,7.0697,125.5791,PS.TGY,14.1,120.940002,931.5927957499653,127,0.5898688036160685
IU.DAV,7.0697,125.5791,TW.KMNB,24.4638,118.388199,2080.222268436398,581,1.2616579655032534
IU.DAV,7.0697,125.5791,US.DUG,40.195,-112.8133,12068.383365484295,395,1.0402844711048598
IU.DAV,7.0697,125.5791,Y2.GUGE,31.4769,79.664101,5473.467634654351,622,1.3054154852157591
IU.DAV,7.0697,125.5791,Y2.PURG,30.198799,81.275299,5280.575818268973,611,1.293820931481527
IU.DAV,7.0697,125.5791,Y5.FMC,56.650002,-111.5,11249.46282105778,481,1.147958282856168
IU.FUNA,-8.5259,179.1966,IU.JOHN,16.7329,-169.5292,3070.219529413318,508,1.179737607232137
IU.FUNA,-8.5259,179.1966,IU.KBS,78.9154,11.9385,12156.508220104812,641,1.3252035253355026
IU.FUNA,-8.5259,179.1966,IU.KEV,69.7565,27.0035,12922.754717742884,1524,2.043365475325798
IU.FUNA,-8.5259,179.1966,IU.MBWA,-21.159,119.7313,6507.9940496553945,894,1.5650287756118577
IU.FUNA,-8.5259,179.1966,IU.MIDW,28.2154,-177.3697,4102.084304114102,1603,2.0956576108510205
IU.FUNA,-8.5259,179.1966,IU.RAO,-29.245,-177.929,2323.3336474936355,477,1.1431751025405046
IU.FUNA,-8.5259,179.1966,IU.SAML,-8.9489,-63.1831,12838.322760117691,521,1.1947373185240229
IU.FUNA,-8.5259,179.1966,IU.TIXI,71.6341,128.8667,9636.481432312748,424,1.0777958227866902
IU.FUNA,-8.5259,179.1966,IU.TRQA,-38.0568,-61.9787,11842.462445103336,1582,2.0818853415456062
IU.FUNA,-8.5259,179.1966,IU.YAK,62.031,129.6805,8918.025594902743,503,1.1739174552671163
IU.FUNA,-8.5259,179.1966,IU.YSS,46.9587,142.7604,7142.614670857679,512,1.1843731363161685
IU.FUNA,-8.5259,179.1966,MN.CLTB,37.578,13.216,16490.496625460073,720,1.4044937663535668
IU.FUNA,-8.5259,179.1966,MY.KUM,5.2902,100.6492,8842.460002395868,480,1.1467643581619917
IU.FUNA,-8.5259,179.1966,NR.NE74,28.007509,-114.013802,8236.048716723371,486,1.1539093765608583
IU.FUNA,-8.5259,179.1966,NR.NE79,23.11937,-109.756111,8481.877394547026,787,1.4683883626485343
IU.FUNA,-8.5259,179.1966,NR.NE80,30.5,-112.319931,8481.278860555483,745,1.4286692725788426
IU.FUNA,-8.5259,179.1966,NR.NE81,28.918341,-109.636261,8674.31067915907,766,1.4486649498715365
IU.FUNA,-8.5259,179.1966,NR.NE82,26.915661,-109.230843,8648.96281622623,616,1.2991040115697867
IU.FUNA,-8.5259,179.1966,NR.NE83,24.730881,-107.739326,8727.066646085963,865,1.5394359401087887
IU.FUNA,-8.5259,179.1966,NZ.URZ,-38.259249,177.110894,3312.804662085534,1614,2.1028356588709394
IU.FUNA,-8.5259,179.1966,PM.PESTR,38.867168,-7.590169,16573.874349292728,656,1.340619362075829
IU.FUNA,-8.5259,179.1966,PS.MCSJ,24.29,153.978,4561.008974845857,1224,1.8312358279408598
IU.FUNA,-8.5259,179.1966,PS.PSI,2.6938,98.923698,8984.208963715808,1292,1.8814159634161873
IU.FUNA,-8.5259,179.1966,PS.SYO,-69.0067,39.585,10847.4164542246,1408,1.9640606524685897
IU.FUNA,-8.5259,179.1966,TW.KMNB,24.4638,118.388199,7540.388342922917,979,1.637739839175294
IU.FUNA,-8.5259,179.1966,TW.MATB,26.151501,119.945602,7465.336970282361,567,1.246364576492066
IU.FUNA,-8.5259,179.1966,XF.MA28,20.1786,-102.597,9121.805308393641,471,1.1359625693235273
IU.FUNA,-8.5259,179.1966,XF.MA36,19.3594,-104.893204,8867.484034976156,472,1.1371678349880932
IU.FUNA,-8.5259,179.1966,XT.CMPC,7.6508,-64.073097,13057.16802150783,392,1.0363264942766475
IU.FUNA,-8.5259,179.1966,YS.NGOK,22.122999,-159.664993,4113.937032320728,509,1.1808981954195736
IU.HNR,-9.4387,159.9475,IU.KEV,69.7565,27.0035,12535.11376594267,610,1.2927617246470167
IU.HNR,-9.4387,159.9475,IU.YAK,62.031,129.6805,8366.512277556916,457,1.1189525434622096
IU.HNR,-9.4387,159.9475,PS.PSI,2.6938,98.923698,6892.791693577244,431,1.0866563016005655
IU.HNR,-9.4387,159.9475,PS.SYO,-69.0067,39.585,10170.228263867579,623,1.3064644331433188
IU.INCN,37.4776,126.6239,IU.KEV,69.7565,27.0035,6486.369392132335,725,1.409362043572557
IU.INCN,37.4776,126.6239,IU.MBWA,-21.159,119.7313,6559.933877255045,406,1.054669980194415
IU.INCN,37.4776,126.6239,IU.MIDW,28.2154,-177.3697,5255.330471221992,508,1.179737607232137
IU.INCN,37.4776,126.6239,IU.TIXI,71.6341,128.8667,3800.2077486418384,395,1.0402844711048598
IU.INCN,37.4776,126.6239,IU.TRQA,-38.0568,-61.9787,19256.47994171498,457,1.1189525434622096
IU.INCN,37.4776,126.6239,IU.YAK,62.031,129.6805,2738.3241454809468,403,1.050766191424665
IU.INCN,37.4776,126.6239,NZ.URZ,-38.259249,177.110894,9881.975351494435,425,1.0790660599072865
IU.INCN,37.4776,126.6239,PS.MCSJ,24.29,153.978,2977.74563269525,497,1.166894954833741
IU.INCN,37.4776,126.6239,PS.PSI,2.6938,98.923698,4789.739409020252,647,1.3313912797243443
IU.INCN,37.4776,126.6239,PS.SYO,-69.0067,39.585,13743.598478668677,441,1.0991902374394489
IU.INCN,37.4776,126.6239,TW.KMNB,24.4638,118.388199,1644.6133321047512,422,1.07525084680815
IU.INCN,37.4776,126.6239,TW.MATB,26.151501,119.945602,1407.6123988043537,497,1.166894954833741
IU.JOHN,16.7329,-169.5292,IU.KBS,78.9154,11.9385,9379.107331819812,1802,2.2219330100995087
IU.JOHN,16.7329,-169.5292,IU.KEV,69.7565,27.0035,10310.510649371256,3611,3.145337928574847
IU.JOHN,16.7329,-169.5292,IU.MBWA,-21.159,119.7313,8785.27475391635,834,1.5115989900927147
IU.JOHN,16.7329,-169.5292,IU.MIDW,28.2154,-177.3697,1508.5688626263166,3049,2.890229170417849
IU.JOHN,16.7329,-169.5292,IU.PMSA,-64.7744,-64.0489,12418.039080205786,485,1.1527216156937767
IU.JOHN,16.7329,-169.5292,IU.RAO,-29.245,-177.929,5191.462938897601,581,1.2616579655032534
IU.JOHN,16.7329,-169.5292,IU.RCBR,-5.8274,-35.9014,14828.915091600851,875,1.5483088432133307
IU.JOHN,16.7329,-169.5292,IU.SAML,-8.9489,-63.1831,12022.53621385824,1066,1.708961071881241
IU.JOHN,16.7329,-169.5292,IU.TATO,24.9735,121.4971,7154.26484422324,505,1.1762489718744142
IU.JOHN,16.7329,-169.5292,IU.TIXI,71.6341,128.8667,7268.922454685081,1872,2.2646781500442112
IU.JOHN,16.7329,-169.5292,IU.TRQA,-38.0568,-61.9787,12663.185537373965,3156,2.9405059670855547
IU.JOHN,16.7329,-169.5292,IU.ULN,47.8651,107.0532,8151.980925752492,528,1.2027366056064617
IU.JOHN,16.7329,-169.5292,IU.XMAS,2.0448,-157.4457,2100.9907204921037,450,1.110349815296408
IU.JOHN,16.7329,-169.5292,IU.YAK,62.031,129.6805,6865.249916584455,1760,2.1958865654261785
IU.JOHN,16.7329,-169.5292,JP.ASAJ,44.118801,142.593002,5402.105011070936,390,1.0336794235569031
IU.JOHN,16.7329,-169.5292,MN.CLTB,37.578,13.216,13969.179991745807,1216,1.8252415865619183
IU.JOHN,16.7329,-169.5292,MY.KOM,1.7922,103.846703,9590.788158690319,915,1.5833032921927792
IU.JOHN,16.7329,-169.5292,NL.HGN,50.764,5.9317,12496.69528656735,510,1.1820576440988835
IU.JOHN,16.7329,-169.5292,NR.NE74,28.007509,-114.013802,5796.295757932479,536,1.211813991784602
IU.JOHN,16.7329,-169.5292,NR.NE75,27.293341,-112.856491,5910.987545555404,726,1.410333682463271
IU.JOHN,16.7329,-169.5292,NR.NE79,23.11937,-109.756111,6248.070757981234,563,1.2419604476088026
IU.JOHN,16.7329,-169.5292,NR.NE80,30.5,-112.319931,5963.359599051174,678,1.3629138808359618
IU.JOHN,16.7329,-169.5292,NR.NE81,28.918341,-109.636261,6223.012220019402,582,1.2627432628785653
IU.JOHN,16.7329,-169.5292,NR.NE82,26.915661,-109.230843,6271.08393693278,594,1.2756948147084288
IU.JOHN,16.7329,-169.5292,NR.NE83,24.730881,-107.739326,6436.525270938032,550,1.2275379077928685
IU.JOHN,16.7329,-169.5292,NZ.URZ,-38.259249,177.110894,6271.806347270261,2278,2.498218543364643
IU.JOHN,16.7329,-169.5292,PB.B934,39.844501,-123.691399,5096.627544931735,1599,2.0930413081944224
IU.JOHN,16.7329,-169.5292,PM.PESTR,38.867168,-7.590169,13553.090531436601,1884,2.2719251386470547
IU.JOHN,16.7329,-169.5292,PM.PFVI,37.132832,-8.826829,13693.29549118982,2017,2.3507503902499463
IU.JOHN,16.7329,-169.5292,PS.MCSJ,24.29,153.978,3880.5070440362965,1847,2.249505272855065
IU.JOHN,16.7329,-169.5292,PS.PSI,2.6938,98.923698,10085.894906930718,3262,2.98947926926578
IU.JOHN,16.7329,-169.5292,PS.SYO,-69.0067,39.585,13860.297850558018,3102,2.915241008387866
IU.JOHN,16.7329,-169.5292,RM.DLV,11.952,108.481499,8788.441083684089,944,1.608198174934611
IU.JOHN,16.7329,-169.5292,RM.SLV,21.325247,103.906708,8995.627017544315,1087,1.7257120825273322
IU.JOHN,16.7329,-169.5292,TR.TOSP,11.2984,-60.535198,11612.387754168687,527,1.201597110698239
IU.JOHN,16.7329,-169.5292,TT.TATN,32.578701,10.5292,14531.903490347713,1361,1.931001585521791
IU.JOHN,16.7329,-169.5292,TW.KMNB,24.4638,118.388199,7473.12180794654,2280,2.4993149746412024
IU.JOHN,16.7329,-169.5292,TW.MATB,26.151501,119.945602,7291.718393848727,524,1.1981721238437173
IU.JOHN,16.7329,-169.5292,X8.QM38,47.675201,-70.853104,9269.461339270794,522,1.1958833497885024
IU.JOHN,16.7329,-169.5292,X8.QM58,49.048401,-72.740601,9091.735252143173,429,1.0841321255979017
IU.JOHN,16.7329,-169.5292,X8.QM76,50.764801,-74.817596,8898.192143216167,437,1.0941938923118713
IU.JOHN,16.7329,-169.5292,X8.QM90,52.2915,-77.098801,8705.604473472775,436,1.09294123718762
IU.JOHN,16.7329,-169.5292,X8.QMM5,50.8438,-68.798203,9301.096867707442,861,1.5358724262089742
IU.JOHN,16.7329,-169.5292,X9.BB420,43.6297,-130.208206,4748.2083757060445,372,1.0095435018818064
IU.JOHN,16.7329,-169.5292,XI.SC04,49.624001,-89.675003,7874.318183268048,462,1.1250570761777086
IU.JOHN,16.7329,-169.5292,XI.SC14,47.723,-84.814003,8250.126044507866,567,1.246364576492066
IU.JOHN,16.7329,-169.5292,XI.SM37,44.381001,-93.380997,7625.52869435211,849,1.5251319278214177
IU.JOHN,16.7329,-169.5292,XL.HD03,46.515701,102.547203,8510.816937753254,617,1.3001580515091655
IU.JOHN,16.7329,-169.5292,XL.HD09,45.413898,100.5718,8684.142794985097,646,1.3303619859642075
IU.JOHN,16.7329,-169.5292,XL.HD41,48.242298,99.400002,8706.146237068158,644,1.328301005662435
IU.JOHN,16.7329,-169.5292,XL.HD48,46.209202,97.608299,8888.55331658074,581,1.2616579655032534
IU.JOHN,16.7329,-169.5292,XL.HD73,49.4953,101.357101,8538.577981638286,646,1.3303619859642075
IU.JOHN,16.7329,-169.5292,XL.HD74,49.500999,99.152298,8694.640444448092,648,1.3324197783556895
IU.JOHN,16.7329,-169.5292,XP.LZAE,-25.3074,-68.3992,11883.375890775567,455,1.1165013848919998
IU.JOHN,16.7329,-169.5292,XT.D58,45.032299,-118.073799,5702.873037089503,543,1.2197012883803608
IU.JOHN,16.7329,-169.5292,XV.NAPU,-15.08,39.25,16934.672700418123,518,1.19129260981162
IU.JOHN,16.7329,-169.5292,XY.PACW,39.9962,-77.9247,8954.687013502808,540,1.2163272811190746
IU.JOHN,16.7329,-169.5292,Y2.GUGE,31.4769,79.664101,10901.055215798706,803,1.4832396974191326
IU.JOHN,16.7329,-169.5292,Y2.PURG,30.198799,81.275299,10820.912103899924,791,1.4721152426597697
IU.JOHN,16.7329,-169.5292,Y5.FMC,56.650002,-111.5,6529.077091069097,537,1.2129438885258992
IU.JOHN,16.7329,-169.5292,Y5.RW1,58.852901,-113.175903,6517.172407606585,574,1.2540345847407988
IU.JOHN,16.7329,-169.5292,YB.AT56,36.7019,35.546902,13516.700593325319,549,1.2264214565316018
IU.JOHN,16.7329,-169.5292,YK.OCW,38.425842,-122.846184,5124.094391166004,369,1.0054645215568718
IU.JOHN,16.7329,-169.5292,YT.CLRK,-77.3231,-141.8485,10612.33669751304,819,1.4979437961547009
IU.JOHN,16.7329,-169.5292,YT.ST04,-80.7152,-116.5792,11232.229142465085,377,1.0163054227587134
IU.JOHN,16.7329,-169.5292,YT.THUR,-72.5301,-97.5606,11197.174625906726,386,1.0283648411800856
IU.JOHN,16.7329,-169.5292,ZD.FM03,-13.7229,-75.889503,10821.169389695502,556,1.2342154071445053
IU.JOHN,16.7329,-169.5292,ZD.FM09,-12.65027,-73.041481,11087.067817954345,558,1.2364332263764475
IU.JOHN,16.7329,-169.5292,ZD.FS07,-13.46172,-71.9198,11227.73894514272,517,1.1901421579644944
IU.JOHN,16.7329,-169.5292,ZG.CB14,-17.249399,-65.900902,11954.57448639668,496,1.1657204251401967
IU.JOHN,16.7329,-169.5292,ZM.N173,-81.112198,77.473602,12233.075880068573,434,1.090431609909769
IU.KBS,78.9154,11.9385,IU.KEV,69.7565,27.0035,1106.1889426601138,2684,2.711719870770992
IU.KBS,78.9154,11.9385,IU.MA2,59.5756,150.77,4379.202502153875,454,1.1152737854169963
IU.KBS,78.9154,11.9385,IU.MBWA,-21.159,119.7313,12692.116966379861,560,1.2386470745706646
IU.KBS,78.9154,11.9385,IU.MIDW,28.2154,-177.3697,8087.819331659126,2091,2.3934843060458264
IU.KBS,78.9154,11.9385,IU.PTGA,-0.7308,-59.9666,9706.782357936165,421,1.073976097282545
IU.KBS,78.9154,11.9385,IU.RAO,-29.245,-177.929,14471.299396766393,438,1.0954451150103321
IU.KBS,78.9154,11.9385,IU.RCBR,-5.8274,-35.9014,9824.430486764944,475,1.140775991601199
IU.KBS,78.9154,11.9385,IU.SAML,-8.9489,-63.1831,10670.616227760614,891,1.5624006817749918
IU.KBS,78.9154,11.9385,IU.TATO,24.9735,121.4971,7688.762869411292,390,1.0336794235569031
IU.KBS,78.9154,11.9385,IU.TIXI,71.6341,128.8667,2815.592835717019,1073,1.714562926053535
IU.KBS,78.9154,11.9385,IU.TRQA,-38.0568,-61.9787,13817.529973351984,2167,2.4365931751874097
IU.KBS,78.9154,11.9385,IU.YAK,62.031,129.6805,3829.180276070333,1095,1.7320508075688772
IU.KBS,78.9154,11.9385,JP.ASAJ,44.118801,142.593002,5961.466828377981,601,1.283189519309503
IU.KBS,78.9154,11.9385,MN.CLTB,37.578,13.216,4596.880811894108,956,1.6183874944498864
IU.KBS,78.9154,11.9385,MY.KOM,1.7922,103.846703,9852.774215456191,807,1.486929354108523
IU.KBS,78.9154,11.9385,MY.KUM,5.2902,100.6492,9402.755807738802,554,1.231993595429003
IU.KBS,78.9154,11.9385,NR.NE75,27.293341,-112.856491,7712.489363225564,385,1.027031898505565
IU.KBS,78.9154,11.9385,NR.NE80,30.5,-112.319931,7352.248415719222,610,1.2927617246470167
IU.KBS,78.9154,11.9385,NR.NE82,26.915661,-109.230843,7691.981719417599,502,1.1727499587522587
IU.KBS,78.9154,11.9385,NZ.URZ,-38.259249,177.110894,15445.410432797955,1823,2.2348423989053914
IU.KBS,78.9154,11.9385,PB.B934,39.844501,-123.691399,6499.415640795618,1601,2.0943498680647923
IU.KBS,78.9154,11.9385,PM.PESTR,38.867168,-7.590169,4537.765042535995,1653,2.128090017665529
IU.KBS,78.9154,11.9385,PM.PFVI,37.132832,-8.826829,4740.439504033166,1581,2.0812272459573147
IU.KBS,78.9154,11.9385,PS.MCSJ,24.29,153.978,8295.411663066292,895,1.5659038267149576
IU.KBS,78.9154,11.9385,PS.PSI,2.6938,98.923698,9649.177265593698,2445,2.5881711954556446
IU.KBS,78.9154,11.9385,PS.SYO,-69.0067,39.585,16543.695678699114,2393,2.5605008071784794
IU.KBS,78.9154,11.9385,RM.DLV,11.952,108.481499,8842.856279802592,953,1.6158461882585202
IU.KBS,78.9154,11.9385,RM.SLV,21.325247,103.906708,7724.527411715156,1106,1.7407288663951574
IU.KBS,78.9154,11.9385,TR.TOSP,11.2984,-60.535198,8404.05125287974,501,1.1715812988120062
IU.KBS,78.9154,11.9385,TT.TATN,32.578701,10.5292,5152.844534959854,1276,1.8697300369194756
IU.KBS,78.9154,11.9385,TW.KMNB,24.4638,118.388199,7682.899063787047,1129,1.758735535813019
IU.KBS,78.9154,11.9385,US.DUG,40.195,-112.8133,6300.062104996128,454,1.1152737854169963
IU.KBS,78.9154,11.9385,X8.QM38,47.675201,-70.853104,4683.073342828176,522,1.1958833497885024
IU.KBS,78.9154,11.9385,X8.QM58,49.048401,-72.740601,4576.940271106732,429,1.0841321255979017
IU.KBS,78.9154,11.9385,X8.QM76,50.764801,-74.817596,4438.448817689236,437,1.0941938923118713
IU.KBS,78.9154,11.9385,X8.QM90,52.2915,-77.098801,4324.4097972869,436,1.09294123718762
IU.KBS,78.9154,11.9385,X8.QMM5,50.8438,-68.798203,4302.508713540253,861,1.5358724262089742
IU.KBS,78.9154,11.9385,X9.BB420,43.6297,-130.208206,6164.843905498795,372,1.0095435018818064
IU.KBS,78.9154,11.9385,XF.NE4,76.657433,-34.27758,1084.1691046990795,203,0.7457642949093526
IU.KBS,78.9154,11.9385,XF.NE5,74.117332,-31.150419,1200.2988850573915,198,0.7365227446757211
IU.KBS,78.9154,11.9385,XI.SC04,49.624001,-89.675003,4863.294536296561,465,1.128703948225453
IU.KBS,78.9154,11.9385,XI.SC14,47.723,-84.814003,4969.595017531119,570,1.2496574873206012
IU.KBS,78.9154,11.9385,XI.SM37,44.381001,-93.380997,5498.9031999906565,852,1.5278241310250555
IU.KBS,78.9154,11.9385,XL.HD03,46.515701,102.547203,4972.031017006342,617,1.3001580515091655
IU.KBS,78.9154,11.9385,XL.HD09,45.413898,100.5718,5048.473091931264,646,1.3303619859642075
IU.KBS,78.9154,11.9385,XL.HD41,48.242298,99.400002,4721.592726939338,644,1.328301005662435
IU.KBS,78.9154,11.9385,XL.HD48,46.209202,97.608299,4900.737824543184,581,1.2616579655032534
IU.KBS,78.9154,11.9385,XL.HD73,49.4953,101.357101,4629.198982247493,646,1.3303619859642075
IU.KBS,78.9154,11.9385,XL.HD74,49.500999,99.152298,4582.343421101769,648,1.3324197783556895
IU.KBS,78.9154,11.9385,XP.LZAE,-25.3074,-68.3992,12562.254012916936,455,1.1165013848919998
IU.KBS,78.9154,11.9385,XT.D58,45.032299,-118.073799,5852.290373981557,546,1.2230659879822119
IU.KBS,78.9154,11.9385,XV.NAPU,-15.08,39.25,10584.093736923185,518,1.19129260981162
IU.KBS,78.9154,11.9385,XY.PACW,39.9962,-77.9247,5656.364374946147,540,1.2163272811190746
IU.KBS,78.9154,11.9385,Y1.N7001,68.400002,15.95431,1175.3112743299691,94,0.5074783212860846
IU.KBS,78.9154,11.9385,Y2.GUGE,31.4769,79.664101,6108.042623810052,410,1.0598526648703945
IU.KBS,78.9154,11.9385,Y2.PURG,30.198799,81.275299,6280.102325767757,409,1.0585593725462352
IU.KBS,78.9154,11.9385,Y5.FMC,56.650002,-111.5,4492.634057177541,425,1.0790660599072865
IU.KBS,78.9154,11.9385,Y5.RW1,58.852901,-113.175903,4280.324584534247,480,1.1467643581619917
IU.KBS,78.9154,11.9385,YB.AT56,36.7019,35.546902,4815.004276255162,549,1.2264214565316018
IU.KBS,78.9154,11.9385,YT.CLRK,-77.3231,-141.8485,19395.52405427295,833,1.5106924838702012
IU.KBS,78.9154,11.9385,YT.ST04,-80.7152,-116.5792,19019.113991708116,409,1.0585593725462352
IU.KBS,78.9154,11.9385,YT.THUR,-72.5301,-97.5606,18103.997001039552,387,1.0296960583603008
IU.KBS,78.9154,11.9385,ZD.FM03,-13.7229,-75.889503,11458.136920776851,559,1.237540645520408
IU.KBS,78.9154,11.9385,ZD.FM09,-12.65027,-73.041481,11280.651068053403,481,1.147958282856168
IU.KBS,78.9154,11.9385,ZD.FS07,-13.46172,-71.9198,11345.3952644993,437,1.0941938923118713
IU.KBS,78.9154,11.9385,ZG.CB14,-17.249399,-65.900902,11632.665054381028,426,1.080334803508261
IU.KEV,69.7565,27.0035,IU.KIEV,50.7012,29.2242,2122.065040827339,535,1.2106830405426245
IU.KEV,69.7565,27.0035,IU.LSZ,-15.2779,28.1882,9455.8632083116,644,1.328301005662435
IU.KEV,69.7565,27.0035,IU.MA2,59.5756,150.77,4962.753348973119,815,1.4942813364051521
IU.KEV,69.7565,27.0035,IU.MBWA,-21.159,119.7313,12312.995473727495,2167,2.4365931751874097
IU.KEV,69.7565,27.0035,IU.MIDW,28.2154,-177.3697,8945.950913761328,4509,3.5147438964360185
IU.KEV,69.7565,27.0035,IU.PMSA,-64.7744,-64.0489,16498.18213971793,711,1.3956880759967294
IU.KEV,69.7565,27.0035,IU.PTGA,-0.7308,-59.9666,9967.286158525889,615,1.2980491157307243
IU.KEV,69.7565,27.0035,IU.RAO,-29.245,-177.929,15241.06960552841,1011,1.6642905436547522
IU.KEV,69.7565,27.0035,IU.RCBR,-5.8274,-35.9014,9615.351504259537,872,1.5456523205075618
IU.KEV,69.7565,27.0035,IU.SAML,-8.9489,-63.1831,10947.876774573064,1647,2.1242242742053596
IU.KEV,69.7565,27.0035,IU.TATO,24.9735,121.4971,7582.285168112278,1116,1.748580637710295
IU.KEV,69.7565,27.0035,IU.TBT,28.6794,-17.9145,5370.794378604901,414,1.0650101292205938
IU.KEV,69.7565,27.0035,IU.TIXI,71.6341,128.8667,3310.2431123200877,2646,2.6924552119753358
IU.KEV,69.7565,27.0035,IU.TRQA,-38.0568,-61.9787,13898.98943837417,4663,3.5742611076631525
IU.KEV,69.7565,27.0035,IU.ULN,47.8651,107.0532,4739.028786240346,594,1.2756948147084288
IU.KEV,69.7565,27.0035,IU.XMAS,2.0448,-157.4457,12024.175993425048,523,1.1970282838466129
IU.KEV,69.7565,27.0035,IU.YAK,62.031,129.6805,4173.153815345413,3082,2.9058278710960077
IU.KEV,69.7565,27.0035,IU.YSS,46.9587,142.7604,6041.413544217836,1016,1.6684009241892719
IU.KEV,69.7565,27.0035,JP.ASAJ,44.118801,142.593002,6328.851075232204,650,1.3344743975843896
IU.KEV,69.7565,27.0035,MB.HRY,46.711285,-111.831786,6639.7445630313705,372,1.0095435018818064
IU.KEV,69.7565,27.0035,MN.CLTB,37.578,13.216,3671.5291747497263,1797,2.2188482758478276
IU.KEV,69.7565,27.0035,MN.VSL,39.496,9.378,3520.058665356264,761,1.4439291903861888
IU.KEV,69.7565,27.0035,MY.KOM,1.7922,103.846703,9317.74538032235,916,1.5841682489861644
IU.KEV,69.7565,27.0035,MY.KUM,5.2902,100.6492,8831.694968070326,593,1.2746205452002473
IU.KEV,69.7565,27.0035,MY.SBM,2.4529,112.213997,9567.491344299857,369,1.0054645215568718
IU.KEV,69.7565,27.0035,NL.HGN,50.764,5.9317,2381.834604769182,535,1.2106830405426245
IU.KEV,69.7565,27.0035,NR.NE74,28.007509,-114.013802,8704.446660743726,996,1.6518980365893263
IU.KEV,69.7565,27.0035,NR.NE75,27.293341,-112.856491,8756.190796886369,1092,1.729676507881693
IU.KEV,69.7565,27.0035,NR.NE79,23.11937,-109.756111,9134.714408838287,1277,1.870462546266645
IU.KEV,69.7565,27.0035,NR.NE80,30.5,-112.319931,8397.177738303224,1292,1.8814159634161873
IU.KEV,69.7565,27.0035,NR.NE81,28.918341,-109.636261,8506.106540571713,1281,1.873389719491353
IU.KEV,69.7565,27.0035,NR.NE82,26.915661,-109.230843,8712.313771063025,1267,1.8631244930793887
IU.KEV,69.7565,27.0035,NR.NE83,24.730881,-107.739326,8910.869305677968,1333,1.9110350060950083
IU.KEV,69.7565,27.0035,NZ.URZ,-38.259249,177.110894,16094.139962693354,3686,3.1778341896622457
IU.KEV,69.7565,27.0035,PB.B934,39.844501,-123.691399,7596.549299680627,1858,2.25619390986327
IU.KEV,69.7565,27.0035,PM.PESTR,38.867168,-7.590169,3986.599797399121,2483,2.6082062276644074
IU.KEV,69.7565,27.0035,PM.PFVI,37.132832,-8.826829,4204.517670387592,2309,2.5151595172593475
IU.KEV,69.7565,27.0035,PS.MCSJ,24.29,153.978,8749.028124560271,3970,3.297986101966945
IU.KEV,69.7565,27.0035,PS.PSI,2.6938,98.923698,9039.533442771086,5544,3.89731203470936
IU.KEV,69.7565,27.0035,PS.SYO,-69.0067,39.585,15458.629696774351,6258,4.140676934928884
IU.KEV,69.7565,27.0035,PS.TSK,36.2108,140.1097,7071.494761942763,1233,1.837955982003057
IU.KEV,69.7565,27.0035,RM.DLV,11.952,108.481499,8434.131239233444,1252,1.8520629002011162
IU.KEV,69.7565,27.0035,RM.SLV,21.325247,103.906708,7286.484601323096,1410,1.9654550869023024
IU.KEV,69.7565,27.0035,TR.TOSP,11.2984,-60.535198,8735.182298788211,653,1.3375504087287369
IU.KEV,69.7565,27.0035,TT.TATN,32.578701,10.5292,4258.585739175718,1350,1.9231822942680972
IU.KEV,69.7565,27.0035,TW.KMNB,24.4638,118.388199,7517.770941541266,3401,3.052508512548013
IU.KEV,69.7565,27.0035,TW.MATB,26.151501,119.945602,7402.59258756036,1011,1.6642905436547522
IU.KEV,69.7565,27.0035,US.DUG,40.195,-112.8133,7360.708849657715,614,1.2969933619035672
IU.KEV,69.7565,27.0035,US.JCT,30.4794,-99.8022,8084.734495882286,411,1.061144380968148
IU.KEV,69.7565,27.0035,X2.281,39.6814,110.487,5671.128917308212,368,1.0041011792056576
IU.KEV,69.7565,27.0035,X4.D26,32.459202,96.394203,5857.376401883629,519,1.1924419517188996
IU.KEV,69.7565,27.0035,X8.QM38,47.675201,-70.853104,5399.729064701836,462,1.1250570761777086
IU.KEV,69.7565,27.0035,X8.QM58,49.048401,-72.740601,5327.942589175667,374,1.0122536906559418
IU.KEV,69.7565,27.0035,X8.QM76,50.764801,-74.817596,5227.2116320391915,387,1.0296960583603008
IU.KEV,69.7565,27.0035,X8.QM90,52.2915,-77.098801,5149.946695672105,392,1.0363264942766475
IU.KEV,69.7565,27.0035,X8.QMM5,50.8438,-68.798203,5018.741714677953,755,1.4382256953221673
IU.KEV,69.7565,27.0035,XA.SA01,-34.294456,19.245956,11587.1416841128,438,1.0954451150103321
IU.KEV,69.7565,27.0035,XC.OR088,42.965599,-117.302299,7148.656944620699,562,1.240856972981681
IU.KEV,69.7565,27.0035,XF.GOAT,60.136902,-141.453003,5542.614196533836,436,1.09294123718762
IU.KEV,69.7565,27.0035,XF.MA28,20.1786,-102.597,9262.87531434913,505,1.1762489718744142
IU.KEV,69.7565,27.0035,XF.MA36,19.3594,-104.893204,9414.074352078207,506,1.1774129988508764
IU.KEV,69.7565,27.0035,XI.SC14,47.723,-84.814003,5846.342548017782,528,1.2027366056064617
IU.KEV,69.7565,27.0035,XI.SM37,44.381001,-93.380997,6440.131165054453,721,1.4054687708211182
IU.KEV,69.7565,27.0035,XL.HD03,46.515701,102.547203,4698.28409903071,533,1.2084179627110563
IU.KEV,69.7565,27.0035,XL.HD09,45.413898,100.5718,4729.235408462678,541,1.2174529891629975
IU.KEV,69.7565,27.0035,XL.HD41,48.242298,99.400002,4412.6402984930555,539,1.215200530269438
IU.KEV,69.7565,27.0035,XL.HD48,46.209202,97.608299,4538.675651120869,476,1.141976177090002
IU.KEV,69.7565,27.0035,XL.HD73,49.4953,101.357101,4368.381284541559,541,1.2174529891629975
IU.KEV,69.7565,27.0035,XL.HD74,49.500999,99.152298,4283.844899292405,543,1.2197012883803608
IU.KEV,69.7565,27.0035,XO.SCCC,41.764851,-74.670135,6122.449406072948,566,1.245265004529899
IU.KEV,69.7565,27.0035,XP.LZAE,-25.3074,-68.3992,12843.107434976886,455,1.1165013848919998
IU.KEV,69.7565,27.0035,XT.CMPC,7.6508,-64.073097,9251.018825735724,443,1.101679912740986
IU.KEV,69.7565,27.0035,XT.D58,45.032299,-118.073799,6938.486649391026,519,1.1924419517188996
IU.KEV,69.7565,27.0035,XV.NAPU,-15.08,39.25,9482.019036599755,481,1.147958282856168
IU.KEV,69.7565,27.0035,XY.PACW,39.9962,-77.9247,6412.9586362964465,453,1.114044833214067
IU.KEV,69.7565,27.0035,Y1.N7001,68.400002,15.95431,463.1649943870215,101,0.5260345319150856
IU.KEV,69.7565,27.0035,Y2.GUGE,31.4769,79.664101,5339.448998196273,1413,1.9675448855648323
IU.KEV,69.7565,27.0035,Y2.PURG,30.198799,81.275299,5528.311951110682,1402,1.9598713963959367
IU.KEV,69.7565,27.0035,Y2.WT06,32.226398,82.261299,5354.445037927845,614,1.2969933619035672
IU.KEV,69.7565,27.0035,Y5.FMC,56.650002,-111.5,5572.479966852207,810,1.4896905994842624
IU.KEV,69.7565,27.0035,Y5.RW1,58.852901,-113.175903,5368.257304899788,548,1.225303988002038
IU.KEV,69.7565,27.0035,YB.AT56,36.7019,35.546902,3711.310888670373,443,1.101679912740986
IU.KEV,69.7565,27.0035,YF.N6002,63.53149,9.06231,1043.9695286104452,139,0.6171077035722526
IU.KEV,69.7565,27.0035,YK.OCW,38.425842,-122.846184,7738.206440310979,525,1.1993148729101801
IU.KEV,69.7565,27.0035,YP.NE61,44.849098,115.991798,5364.0583921178395,560,1.2386470745706646
IU.KEV,69.7565,27.0035,YP.NE7D,45.342098,128.742905,5764.053037633349,565,1.244164460784607
IU.KEV,69.7565,27.0035,YP.NE8B,46.207199,126.056297,5586.369506959081,453,1.114044833214067
IU.KEV,69.7565,27.0035,YP.NE8I,45.994301,133.655807,5860.235352839635,422,1.07525084680815
IU.KEV,69.7565,27.0035,YP.NEAD,47.581402,133.5802,5697.7332215446895,565,1.244164460784607
IU.KEV,69.7565,27.0035,YS.NGOK,22.122999,-159.664993,9784.742456732849,552,1.229767769590376
IU.KEV,69.7565,27.0035,YS.PL62,14.6891,-151.6866,10624.619300812943,367,1.0027359832252927
IU.KEV,69.7565,27.0035,YT.CLRK,-77.3231,-141.8485,19107.050440491028,842,1.5188315624415016
IU.KEV,69.7565,27.0035,YT.ST04,-80.7152,-116.5792,18473.37888074905,555,1.2331050016951028
IU.KEV,69.7565,27.0035,YT.THUR,-72.5301,-97.5606,18072.76721487867,378,1.017652415295205
IU.KEV,69.7565,27.0035,YY.SW03,58.074699,12.6033,1468.9013511679682,153,0.6474396359443719
IU.KEV,69.7565,27.0035,Z6.13,29.351299,155.244003,8244.514609303444,367,1.0027359832252927
IU.KEV,69.7565,27.0035,Z6.16,27.7988,155.108505,8406.420892483266,365,1.0
IU.KEV,69.7565,27.0035,Z8.320,36.0107,112.366096,6110.497848390253,497,1.166894954833741
IU.KEV,69.7565,27.0035,Z8.365,35.987999,105.131699,5836.5045502383,495,1.1645447108469662
IU.KEV,69.7565,27.0035,Z8.373,35.941299,103.562599,5780.896651343157,496,1.1657204251401967
IU.KEV,69.7565,27.0035,ZD.FM03,-13.7229,-75.889503,11932.56715352789,524,1.1981721238437173
IU.KEV,69.7565,27.0035,ZD.FM09,-12.65027,-73.041481,11712.048722502755,532,1.2072838301639521
IU.KEV,69.7565,27.0035,ZD.FS07,-13.46172,-71.9198,11753.395772018455,491,1.1598299355733386
IU.KEV,69.7565,27.0035,ZG.CB14,-17.249399,-65.900902,11915.115437466564,470,1.1347560235031635
IU.KEV,69.7565,27.0035,ZM.N173,-81.112198,77.473602,17040.089853610545,501,1.1715812988120062
IU.KEV,69.7565,27.0035,ZU.NZ01,-44.4981,165.001602,16372.959612536899,370,1.0068260178089292
IU.KEV,69.7565,27.0035,ZU.NZ22,-44.500599,173.998703,16660.96041522262,368,1.0041011792056576
IU.KIEV,50.7012,29.2242,IU.YAK,62.031,129.6805,5668.990088021499,367,1.0027359832252927
IU.KIEV,50.7012,29.2242,PS.MCSJ,24.29,153.978,10076.108423361813,432,1.087916193387899
IU.KIEV,50.7012,29.2242,PS.PSI,2.6938,98.923698,8359.080801045202,531,1.2061486312009582
IU.KIEV,50.7012,29.2242,PS.SYO,-69.0067,39.585,13338.101135984894,506,1.1774129988508764
IU.LSZ,-15.2779,28.1882,IU.MIDW,28.2154,-177.3697,17018.918723406507,384,1.0256972236096518
IU.LSZ,-15.2779,28.1882,IU.TATO,24.9735,121.4971,11042.442725720237,515,1.1878379115475264
IU.LSZ,-15.2779,28.1882,IU.TRQA,-38.0568,-61.9787,8982.372025087407,370,1.0068260178089292
IU.LSZ,-15.2779,28.1882,IU.YAK,62.031,129.6805,12102.043321686913,493,1.1621897140772024
IU.LSZ,-15.2779,28.1882,IU.YSS,46.9587,142.7604,13098.685144538953,409,1.0585593725462352
IU.LSZ,-15.2779,28.1882,NZ.URZ,-38.259249,177.110894,13237.852986607635,385,1.027031898505565
IU.LSZ,-15.2779,28.1882,PS.MCSJ,24.29,153.978,14289.23880883018,554,1.231993595429003
IU.LSZ,-15.2779,28.1882,PS.PSI,2.6938,98.923698,8029.365589859748,379,1.0189976272708203
IU.LSZ,-15.2779,28.1882,PS.SYO,-69.0067,39.585,6028.062239770961,597,1.2789122090105187
IU.LSZ,-15.2779,28.1882,PS.TSK,36.2108,140.1097,12954.565466224149,376,1.0149566425721692
IU.LSZ,-15.2779,28.1882,TW.KMNB,24.4638,118.388199,10723.800012745744,418,1.0701427378868926
IU.LSZ,-15.2779,28.1882,XA.SA26,-27.545601,26.1803,1379.7658140545525,116,0.5637448174290228
IU.LSZ,-15.2779,28.1882,XA.SA29,-26.931738,23.03492,1401.2679621677285,99,0.5208002272583305
IU.LSZ,-15.2779,28.1882,XA.SA35,-27.018299,29.088301,1308.7907290521014,99,0.5208002272583305
IU.MA2,59.5756,150.77,IU.YAK,62.031,129.6805,1170.3709333552538,311,0.9230681418619906
IU.MA2,59.5756,150.77,IU.YSS,46.9587,142.7604,1498.1086754336673,248,0.8242888175842983
IU.MA2,59.5756,150.77,PS.MCSJ,24.29,153.978,3931.5554720944447,402,1.0494617015468923
IU.MA2,59.5756,150.77,PS.PSI,2.6938,98.923698,7708.904024595456,769,1.4514989890001622
IU.MA2,59.5756,150.77,PS.SYO,-69.0067,39.585,16738.324043352848,856,1.531406373061068
IU.MBWA,-21.159,119.7313,IU.MIDW,28.2154,-177.3697,8700.573846037078,2141,2.421931754748167
IU.MBWA,-21.159,119.7313,IU.PMSA,-64.7744,-64.0489,10454.220194876789,375,1.0136060675992289
IU.MBWA,-21.159,119.7313,IU.RAO,-29.245,-177.929,6266.034276223508,513,1.185529186504826
IU.MBWA,-21.159,119.7313,IU.SAML,-8.9489,-63.1831,16652.162031960805,771,1.4533852782807757
IU.MBWA,-21.159,119.7313,IU.TIXI,71.6341,128.8667,10341.91218372817,821,1.4997716721198433
IU.MBWA,-21.159,119.7313,IU.TRQA,-38.0568,-61.9787,13428.183975679,2084,2.3894746370480457
IU.MBWA,-21.159,119.7313,IU.YAK,62.031,129.6805,9292.505696836557,1119,1.75092930315805
IU.MBWA,-21.159,119.7313,MN.CLTB,37.578,13.216,12841.045887014221,672,1.3568698870602733
IU.MBWA,-21.159,119.7313,NR.NE74,28.007509,-114.013802,14569.609831724572,798,1.4786146793072947
IU.MBWA,-21.159,119.7313,NR.NE75,27.293341,-112.856491,14676.834726529396,731,1.4151818703005623
IU.MBWA,-21.159,119.7313,NR.NE79,23.11937,-109.756111,14937.768127181116,614,1.2969933619035672
IU.MBWA,-21.159,119.7313,NR.NE80,30.5,-112.319931,14748.502543017237,524,1.1981721238437173
IU.MBWA,-21.159,119.7313,NR.NE81,28.918341,-109.636261,15002.471486619348,918,1.585896747317014
IU.MBWA,-21.159,119.7313,NR.NE82,26.915661,-109.230843,15031.706882946648,792,1.4730454893514422
IU.MBWA,-21.159,119.7313,NR.NE83,24.730881,-107.739326,15161.605220866195,910,1.5789714009226092
IU.MBWA,-21.159,119.7313,NZ.URZ,-38.259249,177.110894,5761.085972415655,2079,2.3866064633615034
IU.MBWA,-21.159,119.7313,PB.B934,39.844501,-123.691399,13730.171563434424,553,1.2308811856351876
IU.MBWA,-21.159,119.7313,PM.PESTR,38.867168,-7.590169,14657.270551454449,1332,1.9103180542760807
IU.MBWA,-21.159,119.7313,PM.PFVI,37.132832,-8.826829,14783.04666254875,1018,1.6700422437442746
IU.MBWA,-21.159,119.7313,PS.MCSJ,24.29,153.978,6265.459552220676,1912,2.288745543826041
IU.MBWA,-21.159,119.7313,PS.PSI,2.6938,98.923698,3488.106911600649,1809,2.226244457278141
IU.MBWA,-21.159,119.7313,PS.SYO,-69.0067,39.585,7426.220181288912,2188,2.4483709988368196
IU.MBWA,-21.159,119.7313,PS.TSK,36.2108,140.1097,6729.515229630338,433,1.0891746278090642
IU.MBWA,-21.159,119.7313,RM.DLV,11.952,108.481499,3881.4681492143022,519,1.1924419517188996
IU.MBWA,-21.159,119.7313,RM.SLV,21.325247,103.906708,5026.871402115205,582,1.2627432628785653
IU.MBWA,-21.159,119.7313,S1.AUBUS,-33.6601,115.3828,1454.3665566803381,144,0.6281087071082564
IU.MBWA,-21.159,119.7313,TW.KMNB,24.4638,118.388199,5075.109364873163,1228,1.8342256027119008
IU.MBWA,-21.159,119.7313,TW.MATB,26.151501,119.945602,5260.745707193762,366,1.0013689260344547
IU.MBWA,-21.159,119.7313,US.DUG,40.195,-112.8133,14652.439613571156,449,1.1091154071156752
IU.MBWA,-21.159,119.7313,X2.281,39.6814,110.487,6832.9592872785615,368,1.0041011792056576
IU.MBWA,-21.159,119.7313,X4.D26,32.459202,96.394203,6457.810782766936,523,1.1970282838466129
IU.MBWA,-21.159,119.7313,XC.OR088,42.965599,-117.302299,14246.679481585008,537,1.2129438885258992
IU.MBWA,-21.159,119.7313,XF.MA28,20.1786,-102.597,15623.169857078601,439,1.0966949101857806
IU.MBWA,-21.159,119.7313,XF.MA36,19.3594,-104.893204,15370.908505085465,440,1.0979432827130893
IU.MBWA,-21.159,119.7313,Y2.GUGE,31.4769,79.664101,7244.665281018949,1119,1.75092930315805
IU.MBWA,-21.159,119.7313,Y2.PURG,30.198799,81.275299,7036.511771307918,1111,1.744659169132572
IU.MBWA,-21.159,119.7313,Y5.FMC,56.650002,-111.5,14288.874236821424,388,1.0310255567298694
IU.MBWA,-21.159,119.7313,YS.NGOK,22.122999,-159.664993,9974.995957377181,476,1.141976177090002
IU.MBWA,-21.159,119.7313,YS.PL08,20.892599,-153.292099,10535.488270818569,370,1.0068260178089292
IU.MBWA,-21.159,119.7313,YS.PL21,17.180099,-154.691299,10249.161509606749,365,1.0
IU.MBWA,-21.159,119.7313,YS.PL27,18.000299,-155.714996,10181.903412559986,369,1.0054645215568718
IU.MBWA,-21.159,119.7313,Z8.320,36.0107,112.366096,6404.069339360844,457,1.1189525434622096
IU.MBWA,-21.159,119.7313,Z8.365,35.987999,105.131699,6537.574101648868,468,1.1323390750221056
IU.MBWA,-21.159,119.7313,Z8.373,35.941299,103.562599,6573.38080057501,470,1.1347560235031635
IU.MBWA,-21.159,119.7313,ZM.N173,-81.112198,77.473602,6938.804659145131,500,1.1704114719613057
IU.MIDW,28.2154,-177.3697,IU.PMSA,-64.7744,-64.0489,13921.142456068093,575,1.2551264740070718
IU.MIDW,28.2154,-177.3697,IU.RAO,-29.245,-177.929,6389.590624416173,1061,1.7049484787137978
IU.MIDW,28.2154,-177.3697,IU.RCBR,-5.8274,-35.9014,15256.183496146727,732,1.4161495161369066
IU.MIDW,28.2154,-177.3697,IU.SAML,-8.9489,-63.1831,12840.664498320992,1687,2.149864602299219
IU.MIDW,28.2154,-177.3697,IU.TATO,24.9735,121.4971,6024.50865371075,605,1.2874526191574363
IU.MIDW,28.2154,-177.3697,IU.TIXI,71.6341,128.8667,5805.032851371842,1913,2.2893439869121806
IU.MIDW,28.2154,-177.3697,IU.TRQA,-38.0568,-61.9787,14019.832217030955,4489,3.506940281354432
IU.MIDW,28.2154,-177.3697,IU.YAK,62.031,129.6805,5359.319365947854,1854,2.2537639749526837
IU.MIDW,28.2154,-177.3697,IU.YSS,46.9587,142.7604,4023.349477473668,657,1.3416407864998738
IU.MIDW,28.2154,-177.3697,JP.ASAJ,44.118801,142.593002,3954.598369217692,660,1.3447004045817015
IU.MIDW,28.2154,-177.3697,MN.CLTB,37.578,13.216,12616.431616978569,1670,2.1390050177017876
IU.MIDW,28.2154,-177.3697,MN.VSL,39.496,9.378,12453.542480258415,455,1.1165013848919998
IU.MIDW,28.2154,-177.3697,MY.KOM,1.7922,103.846703,8814.929791522818,931,1.5970863882416786
IU.MIDW,28.2154,-177.3697,MY.KUM,5.2902,100.6492,8945.106669923323,590,1.2713922904298198
IU.MIDW,28.2154,-177.3697,NR.NE74,28.007509,-114.013802,6136.542972246317,1007,1.6609949155819355
IU.MIDW,28.2154,-177.3697,NR.NE75,27.293341,-112.856491,6268.624030309171,1070,1.7121643756704754
IU.MIDW,28.2154,-177.3697,NR.NE79,23.11937,-109.756111,6713.676091302771,1339,1.9153310812193622
IU.MIDW,28.2154,-177.3697,NR.NE80,30.5,-112.319931,6218.937459879165,1354,1.9260293458553248
IU.MIDW,28.2154,-177.3697,NR.NE81,28.918341,-109.636261,6516.989522993778,1331,1.9096008332805454
IU.MIDW,28.2154,-177.3697,NR.NE82,26.915661,-109.230843,6623.110103141113,1299,1.8865057936802212
IU.MIDW,28.2154,-177.3697,NR.NE83,24.730881,-107.739326,6844.153626104932,1407,1.9633630638646398
IU.MIDW,28.2154,-177.3697,NZ.URZ,-38.259249,177.110894,7413.927540077723,3776,3.216396349869222
IU.MIDW,28.2154,-177.3697,PB.B934,39.844501,-123.691399,5034.813205392909,1867,2.261651717915622
IU.MIDW,28.2154,-177.3697,PM.PESTR,38.867168,-7.590169,12480.745723361322,2525,2.6301726595754285
IU.MIDW,28.2154,-177.3697,PM.PFVI,37.132832,-8.826829,12650.925528497153,2315,2.5184252526975377
IU.MIDW,28.2154,-177.3697,PS.MCSJ,24.29,153.978,2883.6761849669947,2887,2.8123991610537598
IU.MIDW,28.2154,-177.3697,PS.PSI,2.6938,98.923698,9249.480784476138,3943,3.2867521546395
IU.MIDW,28.2154,-177.3697,PS.SYO,-69.0067,39.585,14891.444145282774,4239,3.407887707970582
IU.MIDW,28.2154,-177.3697,PS.TSK,36.2108,140.1097,4064.399983075293,538,1.214072733710681
IU.MIDW,28.2154,-177.3697,RM.DLV,11.952,108.481499,7842.155394723558,1245,1.8468781508560843
IU.MIDW,28.2154,-177.3697,RM.SLV,21.325247,103.906708,7848.459358302827,1416,1.9696324669324783
IU.MIDW,28.2154,-177.3697,TR.TOSP,11.2984,-60.535198,11931.662606926991,606,1.2885161902757527
IU.MIDW,28.2154,-177.3697,TT.TATN,32.578701,10.5292,13203.80359153808,1351,1.923894452150039
IU.MIDW,28.2154,-177.3697,TW.KMNB,24.4638,118.388199,6340.36188893602,2640,2.689400809163403
IU.MIDW,28.2154,-177.3697,TW.MATB,26.151501,119.945602,6133.060476572075,898,1.5685260509799446
IU.MIDW,28.2154,-177.3697,US.DUG,40.195,-112.8133,5953.0247197046965,507,1.1785758761702239
IU.MIDW,28.2154,-177.3697,US.JCT,30.4794,-99.8022,7362.79581625772,411,1.061144380968148
IU.MIDW,28.2154,-177.3697,X2.281,39.6814,110.487,6599.131149041576,367,1.0027359832252927
IU.MIDW,28.2154,-177.3697,X4.D26,32.459202,96.394203,8049.301532758978,523,1.1970282838466129
IU.MIDW,28.2154,-177.3697,X8.QM38,47.675201,-70.853104,8848.839116116586,466,1.1299169565800504
IU.MIDW,28.2154,-177.3697,X8.QM58,49.048401,-72.740601,8651.693936607744,399,1.0455384665001604
IU.MIDW,28.2154,-177.3697,X8.QM76,50.764801,-74.817596,8430.12474675848,394,1.0389668208342944
IU.MIDW,28.2154,-177.3697,X8.QM90,52.2915,-77.098801,8213.177810525698,393,1.0376474973550138
IU.MIDW,28.2154,-177.3697,X8.QMM5,50.8438,-68.798203,8793.531345909194,788,1.4693209688795166
IU.MIDW,28.2154,-177.3697,XC.OR088,42.965599,-117.302299,5549.816110516402,560,1.2386470745706646
IU.MIDW,28.2154,-177.3697,XF.GOAT,60.136902,-141.453003,4454.666736583327,442,1.100435779184587
IU.MIDW,28.2154,-177.3697,XF.MA28,20.1786,-102.597,7521.945686357908,504,1.1750837918243189
IU.MIDW,28.2154,-177.3697,XF.MA36,19.3594,-104.893204,7336.735396690689,505,1.1762489718744142
IU.MIDW,28.2154,-177.3697,XI.SC04,49.624001,-89.675003,7502.551488184477,442,1.100435779184587
IU.MIDW,28.2154,-177.3697,XI.SC14,47.723,-84.814003,7909.563925238533,557,1.2353248144760447
IU.MIDW,28.2154,-177.3697,XI.SM37,44.381001,-93.380997,7409.161680998805,824,1.5025093166351224
IU.MIDW,28.2154,-177.3697,XL.HD03,46.515701,102.547203,7051.835358926424,581,1.2616579655032534
IU.MIDW,28.2154,-177.3697,XL.HD09,45.413898,100.5718,7230.758958110763,610,1.2927617246470167
IU.MIDW,28.2154,-177.3697,XL.HD41,48.242298,99.400002,7233.000324806404,608,1.2906407031616252
IU.MIDW,28.2154,-177.3697,XL.HD48,46.209202,97.608299,7426.000757559366,549,1.2264214565316018
IU.MIDW,28.2154,-177.3697,XL.HD73,49.4953,101.357101,7060.006554657989,610,1.2927617246470167
IU.MIDW,28.2154,-177.3697,XL.HD74,49.500999,99.152298,7214.329053419461,612,1.2948792718887439
IU.MIDW,28.2154,-177.3697,XP.LZAE,-25.3074,-68.3992,13060.526674266082,442,1.100435779184587
IU.MIDW,28.2154,-177.3697,XT.CMPC,7.6508,-64.073097,11831.879761829587,506,1.1774129988508764
IU.MIDW,28.2154,-177.3697,XT.D58,45.032299,-118.073799,5478.7880235236735,542,1.2185776572912024
IU.MIDW,28.2154,-177.3697,XV.NAPU,-15.08,39.25,15978.343947491683,503,1.1739174552671163
IU.MIDW,28.2154,-177.3697,XY.PACW,39.9962,-77.9247,8769.535524990071,490,1.1586482440433152
IU.MIDW,28.2154,-177.3697,Y2.GUGE,31.4769,79.664101,9508.535337088084,1381,1.9451379498214558
IU.MIDW,28.2154,-177.3697,Y2.PURG,30.198799,81.275299,9447.03938346022,1373,1.9394957683935374
IU.MIDW,28.2154,-177.3697,Y2.WT06,32.226398,82.261299,9254.31706881494,576,1.2562174142165128
IU.MIDW,28.2154,-177.3697,Y5.FMC,56.650002,-111.5,5963.581469017959,793,1.4739751489513069
IU.MIDW,28.2154,-177.3697,Y5.RW1,58.852901,-113.175903,5883.526560168743,553,1.2308811856351876
IU.MIDW,28.2154,-177.3697,YB.AT56,36.7019,35.546902,12019.059696438811,490,1.1586482440433152
IU.MIDW,28.2154,-177.3697,YK.OCW,38.425842,-122.846184,5116.541917137099,519,1.1924419517188996
IU.MIDW,28.2154,-177.3697,YP.NE61,44.849098,115.991798,6056.613593019322,547,1.2241854994184098
IU.MIDW,28.2154,-177.3697,YP.NE7D,45.342098,128.742905,5055.590800667173,552,1.229767769590376
IU.MIDW,28.2154,-177.3697,YP.NE8B,46.207199,126.056297,5267.792161075069,426,1.080334803508261
IU.MIDW,28.2154,-177.3697,YP.NE8I,45.994301,133.655807,4682.09158938184,395,1.0402844711048598
IU.MIDW,28.2154,-177.3697,YP.NEAD,47.581402,133.5802,4713.380760688816,552,1.229767769590376
IU.MIDW,28.2154,-177.3697,YS.NGOK,22.122999,-159.664993,1903.6859316649343,551,1.2286533445589485
IU.MIDW,28.2154,-177.3697,YS.PL08,20.892599,-153.292099,2562.1795264870343,365,1.0
IU.MIDW,28.2154,-177.3697,YS.PL62,14.6891,-151.6866,3043.466765984081,366,1.0013689260344547
IU.MIDW,28.2154,-177.3697,YT.CLRK,-77.3231,-141.8485,11974.640532425175,851,1.5269272573751078
IU.MIDW,28.2154,-177.3697,YT.ST04,-80.7152,-116.5792,12609.977294314276,542,1.2185776572912024
IU.MIDW,28.2154,-177.3697,YT.THUR,-72.5301,-97.5606,12658.397601874136,372,1.0095435018818064
IU.MIDW,28.2154,-177.3697,Z8.320,36.0107,112.366096,6533.507699109996,500,1.1704114719613057
IU.MIDW,28.2154,-177.3697,Z8.365,35.987999,105.131699,7160.47488346266,498,1.1680683035010562
IU.MIDW,28.2154,-177.3697,Z8.373,35.941299,103.562599,7296.496331427907,499,1.1692404746976701
IU.MIDW,28.2154,-177.3697,ZD.FM03,-13.7229,-75.889503,11832.41711001396,542,1.2185776572912024
IU.MIDW,28.2154,-177.3697,ZD.FM09,-12.65027,-73.041481,12058.030585422957,537,1.2129438885258992
IU.MIDW,28.2154,-177.3697,ZD.FS07,-13.46172,-71.9198,12206.627906339247,496,1.1657204251401967
IU.MIDW,28.2154,-177.3697,ZG.CB14,-17.249399,-65.900902,12968.46578082595,475,1.140775991601199
IU.MIDW,28.2154,-177.3697,ZM.N173,-81.112198,77.473602,13363.337321850651,500,1.1704114719613057
IU.MIDW,28.2154,-177.3697,ZU.NZ01,-44.4981,165.001602,8281.417394500655,370,1.0068260178089292
IU.MIDW,28.2154,-177.3697,ZU.NZ22,-44.500599,173.998703,8133.103345074329,368,1.0041011792056576
IU.PMSA,-64.7744,-64.0489,IU.TIXI,71.6341,128.8667,19088.604401575987,595,1.2767681803292914
IU.PMSA,-64.7744,-64.0489,IU.TRQA,-38.0568,-61.9787,2973.9678947257466,596,1.2778406443405872
IU.PMSA,-64.7744,-64.0489,IU.YAK,62.031,129.6805,19268.59371790003,475,1.140775991601199
IU.PMSA,-64.7744,-64.0489,NZ.URZ,-38.259249,177.110894,7394.488264568057,365,1.0
IU.PMSA,-64.7744,-64.0489,PS.MCSJ,24.29,153.978,14755.260787576633,708,1.3927404738131437
IU.PMSA,-64.7744,-64.0489,PS.PSI,2.6938,98.923698,12978.240556861374,556,1.2342154071445053
IU.PMSA,-64.7744,-64.0489,PS.SYO,-69.0067,39.585,4007.5534136881065,717,1.4015646833606488
IU.PMSA,-64.7744,-64.0489,TW.KMNB,24.4638,118.388199,15529.319727556673,607,1.2895788842215652
IU.PMSA,-64.7744,-64.0489,Y2.GUGE,31.4769,79.664101,15560.340651928225,365,1.0
IU.PTGA,-0.7308,-59.9666,IU.SAML,-8.9489,-63.1831,980.7341575818459,372,1.0095435018818064
IU.PTGA,-0.7308,-59.9666,IU.TRQA,-38.0568,-61.9787,4155.565530105083,370,1.0068260178089292
IU.PTGA,-0.7308,-59.9666,PB.B934,39.844501,-123.691399,7853.578851991212,372,1.0095435018818064
IU.PTGA,-0.7308,-59.9666,PS.PSI,2.6938,98.923698,17658.86292214486,524,1.1981721238437173
IU.PTGA,-0.7308,-59.9666,PS.SYO,-69.0067,39.585,10310.518618811446,628,1.3116965903765547
IU.PTGA,-0.7308,-59.9666,TR.TOSP,11.2984,-60.535198,1339.063058548447,303,0.9111185358126405
IU.RAO,-29.245,-177.929,IU.SAML,-8.9489,-63.1831,11847.48570142219,443,1.101679912740986
IU.RAO,-29.245,-177.929,IU.TRQA,-38.0568,-61.9787,10004.254026320068,1085,1.7241237599795518
IU.RAO,-29.245,-177.929,MN.CLTB,37.578,13.216,18628.282980363878,560,1.2386470745706646
IU.RAO,-29.245,-177.929,NZ.URZ,-38.259249,177.110894,1101.7811185499693,1086,1.7249181040714439
IU.RAO,-29.245,-177.929,PB.B934,39.844501,-123.691399,9506.879043631467,607,1.2895788842215652
IU.RAO,-29.245,-177.929,PM.PESTR,38.867168,-7.590169,18625.18619276835,788,1.4693209688795166
IU.RAO,-29.245,-177.929,PM.PFVI,37.132832,-8.826829,18676.066129834308,766,1.4486649498715365
IU.RAO,-29.245,-177.929,PS.MCSJ,24.29,153.978,6667.045551638762,641,1.3252035253355026
IU.RAO,-29.245,-177.929,PS.PSI,2.6938,98.923698,9490.728551381133,950,1.6133008789520316
IU.RAO,-29.245,-177.929,PS.SYO,-69.0067,39.585,8671.565500022967,754,1.4372729123786945
IU.RAO,-29.245,-177.929,RM.DLV,11.952,108.481499,9112.744367839105,416,1.0675795180675116
IU.RAO,-29.245,-177.929,RM.SLV,21.325247,103.906708,10077.356815249683,466,1.1299169565800504
IU.RAO,-29.245,-177.929,TT.TATN,32.578701,10.5292,19127.51313114713,401,1.0481555881577418
IU.RAO,-29.245,-177.929,TW.KMNB,24.4638,118.388199,9049.654405199899,622,1.3054154852157591
IU.RAO,-29.245,-177.929,XI.SM37,44.381001,-93.380997,11831.885985332192,432,1.087916193387899
IU.RAO,-29.245,-177.929,YT.CLRK,-77.3231,-141.8485,5653.971738632945,366,1.0013689260344547
IU.RCBR,-5.8274,-35.9014,IU.TIXI,71.6341,128.8667,12621.028629562548,716,1.4005869611046786
IU.RCBR,-5.8274,-35.9014,IU.TRQA,-38.0568,-61.9787,4446.479851795005,883,1.555370721786861
IU.RCBR,-5.8274,-35.9014,MN.CLTB,37.578,13.216,7004.3869920712095,496,1.1657204251401967
IU.RCBR,-5.8274,-35.9014,NL.HGN,50.764,5.9317,7453.7107006932265,374,1.0122536906559418
IU.RCBR,-5.8274,-35.9014,NR.NE75,27.293341,-112.856491,9028.998932658715,412,1.0624345265886606
IU.RCBR,-5.8274,-35.9014,NR.NE80,30.5,-112.319931,9049.848655787346,420,1.0726998329014736
IU.RCBR,-5.8274,-35.9014,NR.NE82,26.915661,-109.230843,8669.321015959975,428,1.082867831143777
IU.RCBR,-5.8274,-35.9014,PS.MCSJ,24.29,153.978,17706.899953004224,622,1.3054154852157591
IU.RCBR,-5.8274,-35.9014,PS.PSI,2.6938,98.923698,14995.067418111288,669,1.353837771791276
IU.RCBR,-5.8274,-35.9014,PS.SYO,-69.0067,39.585,8827.849503746585,909,1.5781035957452572
IU.RCBR,-5.8274,-35.9014,TW.KMNB,24.4638,118.388199,16577.359648371475,593,1.2746205452002473
IU.SAML,-8.9489,-63.1831,IU.TATO,24.9735,121.4971,18165.59730548638,468,1.1323390750221056
IU.SAML,-8.9489,-63.1831,IU.TIXI,71.6341,128.8667,12995.750975693352,577,1.2573074078395543
IU.SAML,-8.9489,-63.1831,IU.TRQA,-38.0568,-61.9787,3238.90512737034,1725,2.173942822905026
IU.SAML,-8.9489,-63.1831,IU.YAK,62.031,129.6805,14020.489587206212,684,1.3689311899214387
IU.SAML,-8.9489,-63.1831,IU.YSS,46.9587,142.7604,15128.238105188617,558,1.2364332263764475
IU.SAML,-8.9489,-63.1831,MN.CLTB,37.578,13.216,9438.274276783048,571,1.2507531977348032
IU.SAML,-8.9489,-63.1831,MY.KOM,1.7922,103.846703,18374.312197830353,401,1.0481555881577418
IU.SAML,-8.9489,-63.1831,NR.NE79,23.11937,-109.756111,6194.168929971755,453,1.114044833214067
IU.SAML,-8.9489,-63.1831,NR.NE80,30.5,-112.319931,6833.023400526168,375,1.0136060675992289
IU.SAML,-8.9489,-63.1831,NR.NE82,26.915661,-109.230843,6366.293028617484,478,1.1443727719130206
IU.SAML,-8.9489,-63.1831,NZ.URZ,-38.259249,177.110894,11869.13886408613,1412,1.9668485327256218
IU.SAML,-8.9489,-63.1831,PB.B934,39.844501,-123.691399,8241.179107205331,1011,1.6642905436547522
IU.SAML,-8.9489,-63.1831,PM.PESTR,38.867168,-7.590169,7817.684287630956,1122,1.7532748223652006
IU.SAML,-8.9489,-63.1831,PM.PFVI,37.132832,-8.826829,7626.948695063576,1153,1.7773306134732054
IU.SAML,-8.9489,-63.1831,PS.MCSJ,24.29,153.978,15723.152037009597,941,1.605640741816432
IU.SAML,-8.9489,-63.1831,PS.PSI,2.6938,98.923698,17918.129292140206,1249,1.8498426441779252
IU.SAML,-8.9489,-63.1831,PS.SYO,-69.0067,39.585,9580.284788765743,1537,2.0520621101978342
IU.SAML,-8.9489,-63.1831,RM.DLV,11.952,108.481499,19044.522425242736,648,1.3324197783556895
IU.SAML,-8.9489,-63.1831,RM.SLV,21.325247,103.906708,18064.6037566775,744,1.427710112166879
IU.SAML,-8.9489,-63.1831,TR.TOSP,11.2984,-60.535198,2270.363963697015,527,1.201597110698239
IU.SAML,-8.9489,-63.1831,TT.TATN,32.578701,10.5292,9050.249560274755,638,1.3220987880939352
IU.SAML,-8.9489,-63.1831,TW.KMNB,24.4638,118.388199,18281.899347496274,1012,1.6651134314892868
IU.SAML,-8.9489,-63.1831,XF.GOAT,60.136902,-141.453003,10229.957805914251,403,1.050766191424665
IU.SAML,-8.9489,-63.1831,XI.SM37,44.381001,-93.380997,6661.422656291086,390,1.0336794235569031
IU.SAML,-8.9489,-63.1831,Y2.GUGE,31.4769,79.664101,15436.581845692848,697,1.3818788083967024
IU.SAML,-8.9489,-63.1831,Y2.PURG,30.198799,81.275299,15636.168155931462,685,1.369931505137072
IU.SAML,-8.9489,-63.1831,Y2.WT06,32.226398,82.261299,15618.387836245622,508,1.179737607232137
IU.SAML,-8.9489,-63.1831,Y5.FMC,56.650002,-111.5,8521.116647651275,625,1.3085598064755342
IU.SAML,-8.9489,-63.1831,YP.NE61,44.849098,115.991798,16022.40012147045,453,1.114044833214067
IU.SAML,-8.9489,-63.1831,YP.NE7D,45.342098,128.742905,15810.09683422489,458,1.120176111398536
IU.SAML,-8.9489,-63.1831,YP.NE8B,46.207199,126.056297,15779.717462066212,404,1.0520690638301713
IU.SAML,-8.9489,-63.1831,YP.NE8I,45.994301,133.655807,15594.026257122137,407,1.0559680360459236
IU.SAML,-8.9489,-63.1831,YP.NEAD,47.581402,133.5802,15438.090151860168,461,1.1238388223540496
IU.SAML,-8.9489,-63.1831,YS.OLC5,-21.009501,-68.352997,1451.030551474806,119,0.570988088545001
IU.SAML,-8.9489,-63.1831,YS.PARW,-18.201099,-69.2677,1220.5891480244388,102,0.5286322491056713
IU.SAML,-8.9489,-63.1831,YT.CLRK,-77.3231,-141.8485,8761.307628034985,431,1.0866563016005655
IU.SAML,-8.9489,-63.1831,YT.ST04,-80.7152,-116.5792,8407.27196922258,505,1.1762489718744142
IU.SAML,-8.9489,-63.1831,ZD.FM03,-13.7229,-75.889503,1483.029038564515,199,0.7383803081421219
IU.SAML,-8.9489,-63.1831,ZD.FM09,-12.65027,-73.041481,1152.526692410313,337,0.9608785933888196
IU.SAML,-8.9489,-63.1831,ZD.FS07,-13.46172,-71.9198,1076.7291519298315,322,0.9392506485608183
IU.SAML,-8.9489,-63.1831,ZG.CB14,-17.249399,-65.900902,968.680906522455,294,0.8974850706584453
IU.SAML,-8.9489,-63.1831,ZG.CB34,-14.4346,-67.538803,772.5450029834869,119,0.570988088545001
IU.TATO,24.9735,121.4971,IU.TRQA,-38.0568,-61.9787,18523.811754864844,632,1.3158673372779903
IU.TATO,24.9735,121.4971,IU.YAK,62.031,129.6805,4166.163971076193,790,1.4711844077626148
IU.TATO,24.9735,121.4971,NZ.URZ,-38.259249,177.110894,9109.017182801264,482,1.149150967108099
IU.TATO,24.9735,121.4971,PS.MCSJ,24.29,153.978,3276.079956617455,843,1.5197332137898054
IU.TATO,24.9735,121.4971,PS.PSI,2.6938,98.923698,3461.8012804860255,804,1.4841629715187605
IU.TATO,24.9735,121.4971,PS.SYO,-69.0067,39.585,12275.330795074624,1168,1.7888543819998317
IU.TATO,24.9735,121.4971,PS.TSK,36.2108,140.1097,2169.5839542584063,496,1.1657204251401967
IU.TATO,24.9735,121.4971,TW.KMNB,24.4638,118.388199,319.0845837113629,764,1.4467725062813113
IU.TATO,24.9735,121.4971,YY.004,36.4473,119.562599,1289.0728307976328,206,0.7512546583175612
IU.TBT,28.6794,-17.9145,PS.SYO,-69.0067,39.585,11810.127604759396,517,1.1901421579644944
IU.TIXI,71.6341,128.8667,IU.TRQA,-38.0568,-61.9787,16230.740115832052,2054,2.3722135781320306
IU.TIXI,71.6341,128.8667,IU.ULN,47.8651,107.0532,2872.8749197839766,371,1.0081856754409793
IU.TIXI,71.6341,128.8667,IU.XMAS,2.0448,-157.4457,9226.387351949472,530,1.205012362808178
IU.TIXI,71.6341,128.8667,IU.YAK,62.031,129.6805,1068.386572376351,1313,1.8966444774845397
IU.TIXI,71.6341,128.8667,MN.CLTB,37.578,13.216,6885.359697323886,590,1.2713922904298198
IU.TIXI,71.6341,128.8667,MN.VSL,39.496,9.378,6789.224500392099,566,1.245265004529899
IU.TIXI,71.6341,128.8667,NL.HGN,50.764,5.9317,5692.07438928502,529,1.2038750219574914
IU.TIXI,71.6341,128.8667,NR.NE74,28.007509,-114.013802,7940.003684399198,532,1.2072838301639521
IU.TIXI,71.6341,128.8667,NR.NE75,27.293341,-112.856491,8049.374480465487,705,1.389786620066213
IU.TIXI,71.6341,128.8667,NR.NE79,23.11937,-109.756111,8582.82203537023,380,1.0203410657280039
IU.TIXI,71.6341,128.8667,NR.NE80,30.5,-112.319931,7723.744684347728,739,1.4229046117876543
IU.TIXI,71.6341,128.8667,NR.NE81,28.918341,-109.636261,7966.994468968727,544,1.2208238852939066
IU.TIXI,71.6341,128.8667,NR.NE82,26.915661,-109.230843,8191.90600604673,688,1.3729280778137343
IU.TIXI,71.6341,128.8667,NR.NE83,24.730881,-107.739326,8466.50954551928,500,1.1704114719613057
IU.TIXI,71.6341,128.8667,NZ.URZ,-38.259249,177.110894,12789.525588110719,1124,1.7548367601559185
IU.TIXI,71.6341,128.8667,PB.B934,39.844501,-123.691399,6406.856544471219,522,1.1958833497885024
IU.TIXI,71.6341,128.8667,PM.PESTR,38.867168,-7.590169,7262.014307078137,1003,1.6576927355452373
IU.TIXI,71.6341,128.8667,PM.PFVI,37.132832,-8.826829,7474.888839166475,694,1.3789016872183812
IU.TIXI,71.6341,128.8667,PS.MCSJ,24.29,153.978,5495.75739731494,2002,2.3419930629379144
IU.TIXI,71.6341,128.8667,PS.PSI,2.6938,98.923698,7950.27604594037,2171,2.4388409553473247
IU.TIXI,71.6341,128.8667,PS.SYO,-69.0067,39.585,16924.860713321996,2388,2.5578244180210374
IU.TIXI,71.6341,128.8667,RM.DLV,11.952,108.481499,6777.927986078543,505,1.1762489718744142
IU.TIXI,71.6341,128.8667,RM.SLV,21.325247,103.906708,5817.84742377885,539,1.215200530269438
IU.TIXI,71.6341,128.8667,TW.KMNB,24.4638,118.388199,5286.5303951351025,2004,2.3431625976240125
IU.TIXI,71.6341,128.8667,US.DUG,40.195,-112.8133,6683.904821955537,451,1.111582852672784
IU.TIXI,71.6341,128.8667,Y2.GUGE,31.4769,79.664101,5320.150700183451,687,1.3719299474907303
IU.TIXI,71.6341,128.8667,Y2.PURG,30.198799,81.275299,5406.39973291559,679,1.3639186092295756
IU.TIXI,71.6341,128.8667,Z8.320,36.0107,112.366096,4074.55736396322,431,1.0866563016005655
IU.TIXI,71.6341,128.8667,Z8.365,35.987999,105.131699,4193.6759298714,433,1.0891746278090642
IU.TIXI,71.6341,128.8667,Z8.373,35.941299,103.562599,4228.827608752422,432,1.087916193387899
IU.TRQA,-38.0568,-61.9787,IU.YAK,62.031,129.6805,17232.242692541346,1775,2.2052241833043045
IU.TRQA,-38.0568,-61.9787,IU.YSS,46.9587,142.7604,17771.535562953643,639,1.3231345099825826
IU.TRQA,-38.0568,-61.9787,JP.ASAJ,44.118801,142.593002,17857.84045671965,672,1.3568698870602733
IU.TRQA,-38.0568,-61.9787,MN.CLTB,37.578,13.216,11397.689415918952,1831,2.239740689491617
IU.TRQA,-38.0568,-61.9787,MN.VSL,39.496,9.378,11276.326974384063,394,1.0389668208342944
IU.TRQA,-38.0568,-61.9787,MY.KOM,1.7922,103.846703,15731.283066322252,936,1.6013692771012673
IU.TRQA,-38.0568,-61.9787,MY.KUM,5.2902,100.6492,15970.028015757753,577,1.2573074078395543
IU.TRQA,-38.0568,-61.9787,MY.SBM,2.4529,112.213997,16012.164878872087,370,1.0068260178089292
IU.TRQA,-38.0568,-61.9787,NL.HGN,50.764,5.9317,11883.221054323312,518,1.19129260981162
IU.TRQA,-38.0568,-61.9787,NR.NE74,28.007509,-114.013802,9124.326597203126,963,1.6243017467156655
IU.TRQA,-38.0568,-61.9787,NR.NE75,27.293341,-112.856491,8991.206305136766,1047,1.6936626437059217
IU.TRQA,-38.0568,-61.9787,NR.NE79,23.11937,-109.756111,8433.223884810448,1326,1.9060106800143506
IU.TRQA,-38.0568,-61.9787,NR.NE80,30.5,-112.319931,9240.380072614791,1268,1.8638595984514836
IU.TRQA,-38.0568,-61.9787,NR.NE81,28.918341,-109.636261,8944.134219645488,1246,1.8476197201093592
IU.TRQA,-38.0568,-61.9787,NR.NE82,26.915661,-109.230843,8740.830707802948,1264,1.8609174346623056
IU.TRQA,-38.0568,-61.9787,NR.NE83,24.730881,-107.739326,8456.489120074404,1337,1.9139001276529914
IU.TRQA,-38.0568,-61.9787,NZ.URZ,-38.259249,177.110894,9598.861484519068,3780,3.218099498704421
IU.TRQA,-38.0568,-61.9787,PB.B934,39.844501,-123.691399,10699.945313539329,1957,2.315522367764224
IU.TRQA,-38.0568,-61.9787,PM.PESTR,38.867168,-7.590169,10197.728485421785,2531,2.6332957629826668
IU.TRQA,-38.0568,-61.9787,PM.PFVI,37.132832,-8.826829,9979.959574420125,2394,2.561035749377396
IU.TRQA,-38.0568,-61.9787,PS.MCSJ,24.29,153.978,16297.444412218245,3072,2.9011098490343974
IU.TRQA,-38.0568,-61.9787,PS.PSI,2.6938,98.923698,15628.807233927493,3987,3.3050397382229577
IU.TRQA,-38.0568,-61.9787,PS.SYO,-69.0067,39.585,6531.194245069174,4437,3.4865691422316067
IU.TRQA,-38.0568,-61.9787,PS.TSK,36.2108,140.1097,18050.959668529107,516,1.1889905929556324
IU.TRQA,-38.0568,-61.9787,RM.DLV,11.952,108.481499,16961.761340805544,1305,1.8908576006017546
IU.TRQA,-38.0568,-61.9787,RM.SLV,21.325247,103.906708,17714.74710286435,1481,2.014332208593047
IU.TRQA,-38.0568,-61.9787,TR.TOSP,11.2984,-60.535198,5490.112617236345,667,1.3518125832651406
IU.TRQA,-38.0568,-61.9787,TT.TATN,32.578701,10.5292,10854.177387082325,1403,1.9605702273671188
IU.TRQA,-38.0568,-61.9787,TW.KMNB,24.4638,118.388199,18503.241425306245,2723,2.7313502105374075
IU.TRQA,-38.0568,-61.9787,TW.MATB,26.151501,119.945602,18679.050043891282,947,1.6107515475532548
IU.TRQA,-38.0568,-61.9787,US.DUG,40.195,-112.8133,10122.172949773076,474,1.1395745420929257
IU.TRQA,-38.0568,-61.9787,US.JCT,30.4794,-99.8022,8572.52793288302,411,1.061144380968148
IU.TRQA,-38.0568,-61.9787,X4.D26,32.459202,96.394203,17960.747336483997,503,1.1739174552671163
IU.TRQA,-38.0568,-61.9787,X6.NS10,-27.051001,-67.688004,1334.9042157609997,102,0.5286322491056713
IU.TRQA,-38.0568,-61.9787,X8.QM38,47.675201,-70.853104,9573.515806001866,496,1.1657204251401967
IU.TRQA,-38.0568,-61.9787,X8.QM58,49.048401,-72.740601,9743.560728560002,403,1.050766191424665
IU.TRQA,-38.0568,-61.9787,X8.QM76,50.764801,-74.817596,9955.862335065074,436,1.09294123718762
IU.TRQA,-38.0568,-61.9787,X8.QM90,52.2915,-77.098801,10152.52084619246,429,1.0841321255979017
IU.TRQA,-38.0568,-61.9787,X8.QMM5,50.8438,-68.798203,9907.723231675829,828,1.5061517688084862
IU.TRQA,-38.0568,-61.9787,XC.OR088,42.965599,-117.302299,10596.591455396754,502,1.1727499587522587
IU.TRQA,-38.0568,-61.9787,XF.GOAT,60.136902,-141.453003,13074.181900719175,455,1.1165013848919998
IU.TRQA,-38.0568,-61.9787,XF.MA28,20.1786,-102.597,7740.609606663183,474,1.1395745420929257
IU.TRQA,-38.0568,-61.9787,XF.MA36,19.3594,-104.893204,7799.2681029644855,475,1.140775991601199
IU.TRQA,-38.0568,-61.9787,XI.SC04,49.624001,-89.675003,10122.090758067294,462,1.1250570761777086
IU.TRQA,-38.0568,-61.9787,XI.SC14,47.723,-84.814003,9803.175633556617,569,1.248560815334616
IU.TRQA,-38.0568,-61.9787,XI.SM37,44.381001,-93.380997,9694.135678352264,843,1.5197332137898054
IU.TRQA,-38.0568,-61.9787,XL.HD03,46.515701,102.547203,18437.04618747552,585,1.2659935726643312
IU.TRQA,-38.0568,-61.9787,XL.HD09,45.413898,100.5718,18357.195031453713,613,1.2959367479913981
IU.TRQA,-38.0568,-61.9787,XL.HD41,48.242298,99.400002,18135.36236430973,611,1.293820931481527
IU.TRQA,-38.0568,-61.9787,XL.HD48,46.209202,97.608299,18111.14653256479,569,1.248560815334616
IU.TRQA,-38.0568,-61.9787,XL.HD73,49.4953,101.357101,18176.799288344686,613,1.2959367479913981
IU.TRQA,-38.0568,-61.9787,XL.HD74,49.500999,99.152298,18046.467242108887,615,1.2980491157307243
IU.TRQA,-38.0568,-61.9787,XP.LZAE,-25.3074,-68.3992,1541.2688252130888,447,1.1066424599872242
IU.TRQA,-38.0568,-61.9787,XT.B151,12.9915,-67.651299,5707.0407057725015,366,1.0013689260344547
IU.TRQA,-38.0568,-61.9787,XT.CMPC,7.6508,-64.073097,5087.098749571484,510,1.1820576440988835
IU.TRQA,-38.0568,-61.9787,XT.D58,45.032299,-118.073799,10810.727697429254,545,1.2219454508821197
IU.TRQA,-38.0568,-61.9787,XT.MHTO,13.9497,-66.490997,5801.992730217322,368,1.0041011792056576
IU.TRQA,-38.0568,-61.9787,XV.NAPU,-15.08,39.25,9928.992527060489,516,1.1889905929556324
IU.TRQA,-38.0568,-61.9787,XY.PACW,39.9962,-77.9247,8829.898638457678,514,1.186684110486945
IU.TRQA,-38.0568,-61.9787,XY.U06B,-37.2244,-73.550003,1022.3864255892998,148,0.6367726847586935
IU.TRQA,-38.0568,-61.9787,XY.U54B,-35.545898,-71.359703,880.1863798237899,185,0.7119335046677415
IU.TRQA,-38.0568,-61.9787,XY.U72B,-33.978699,-71.812401,993.1382955570376,152,0.6453203515808126
IU.TRQA,-38.0568,-61.9787,Y2.GUGE,31.4769,79.664101,16461.912891582433,1372,1.9387893412098802
IU.TRQA,-38.0568,-61.9787,Y2.PURG,30.198799,81.275299,16546.070360351954,1361,1.931001585521791
IU.TRQA,-38.0568,-61.9787,Y2.WT06,32.226398,82.261299,16720.564239590312,614,1.2969933619035672
IU.TRQA,-38.0568,-61.9787,Y5.FMC,56.650002,-111.5,11511.82891621455,837,1.5143152528227095
IU.TRQA,-38.0568,-61.9787,Y5.RW1,58.852901,-113.175903,11764.990158819299,576,1.2562174142165128
IU.TRQA,-38.0568,-61.9787,YB.AT56,36.7019,35.546902,12989.166447405072,523,1.1970282838466129
IU.TRQA,-38.0568,-61.9787,YJ.VMG01,-45.175499,-72.142502,1156.0915223835134,153,0.6474396359443719
IU.TRQA,-38.0568,-61.9787,YK.OCW,38.425842,-122.846184,10535.76561613167,534,1.2095510318420373
IU.TRQA,-38.0568,-61.9787,YP.NE61,44.849098,115.991798,19241.210065691695,587,1.268155817745671
IU.TRQA,-38.0568,-61.9787,YP.NE7D,45.342098,128.742905,18813.465776053145,592,1.273545369517387
IU.TRQA,-38.0568,-61.9787,YP.NE8B,46.207199,126.056297,18893.737823790154,453,1.114044833214067
IU.TRQA,-38.0568,-61.9787,YP.NE8I,45.994301,133.655807,18455.322937867262,422,1.07525084680815
IU.TRQA,-38.0568,-61.9787,YP.NEAD,47.581402,133.5802,18367.631236505265,592,1.273545369517387
IU.TRQA,-38.0568,-61.9787,YS.NGOK,22.122999,-159.664993,12148.19577038091,521,1.1947373185240229
IU.TRQA,-38.0568,-61.9787,YS.PL08,20.892599,-153.292099,11529.994238509325,370,1.0068260178089292
IU.TRQA,-38.0568,-61.9787,YS.PL21,17.180099,-154.691299,11405.619217994357,365,1.0
IU.TRQA,-38.0568,-61.9787,YS.PL27,18.000299,-155.714996,11547.034836217015,369,1.0054645215568718
IU.TRQA,-38.0568,-61.9787,YT.CLRK,-77.3231,-141.8485,5650.529617683429,859,1.5340875651455645
IU.TRQA,-38.0568,-61.9787,YT.ST04,-80.7152,-116.5792,5226.525022432092,583,1.263827628267638
IU.TRQA,-38.0568,-61.9787,YT.THUR,-72.5301,-97.5606,4305.046441183924,388,1.0310255567298694
IU.TRQA,-38.0568,-61.9787,Z6.13,29.351299,155.244003,16464.342375525037,365,1.0
IU.TRQA,-38.0568,-61.9787,Z8.320,36.0107,112.366096,19464.11130009901,440,1.0979432827130893
IU.TRQA,-38.0568,-61.9787,Z8.365,35.987999,105.131699,18848.93125345145,438,1.0954451150103321
IU.TRQA,-38.0568,-61.9787,Z8.373,35.941299,103.562599,18711.145748620744,439,1.0966949101857806
IU.TRQA,-38.0568,-61.9787,ZD.FM03,-13.7229,-75.889503,3034.123721883376,551,1.2286533445589485
IU.TRQA,-38.0568,-61.9787,ZD.FM09,-12.65027,-73.041481,3030.1688854937534,560,1.2386470745706646
IU.TRQA,-38.0568,-61.9787,ZD.FS07,-13.46172,-71.9198,2905.8553491404277,519,1.1924419517188996
IU.TRQA,-38.0568,-61.9787,ZG.CB14,-17.249399,-65.900902,2345.0655842070687,498,1.1680683035010562
IU.TRQA,-38.0568,-61.9787,ZL.CHUM,-28.8195,-66.2481,1100.524884456758,169,0.6804510993672778
IU.TRQA,-38.0568,-61.9787,ZM.N173,-81.112198,77.473602,6548.890568357496,456,1.1177276360961783
IU.TRQA,-38.0568,-61.9787,ZU.NZ01,-44.4981,165.001602,9696.002383253799,368,1.0041011792056576
IU.TRQA,-38.0568,-61.9787,ZU.NZ22,-44.500599,173.998703,9255.02247652798,366,1.0013689260344547
IU.ULN,47.8651,107.0532,IU.YAK,62.031,129.6805,2115.5620330416996,590,1.2713922904298198
IU.ULN,47.8651,107.0532,PS.PSI,2.6938,98.923698,5083.038932337567,475,1.140775991601199
IU.ULN,47.8651,107.0532,TW.KMNB,24.4638,118.388199,2786.9992197489346,462,1.1250570761777086
IU.ULN,47.8651,107.0532,XL.HD03,46.515701,102.547203,372.01147920383085,92,0.5020505896028288
IU.ULN,47.8651,107.0532,XL.HD09,45.413898,100.5718,564.6576922456177,93,0.5047717509409032
IU.ULN,47.8651,107.0532,XL.HD41,48.242298,99.400002,570.1417323459526,92,0.5020505896028288
IU.ULN,47.8651,107.0532,XL.HD54,47.499901,96.803398,767.8168322330268,94,0.5074783212860846
IU.ULN,47.8651,107.0532,XL.HD73,49.4953,101.357101,455.63928154534915,97,0.5155127783649347
IU.ULN,47.8651,107.0532,XL.HD74,49.500999,99.152298,607.549246074514,98,0.5181632471383237
IU.XMAS,2.0448,-157.4457,IU.YAK,62.031,129.6805,8922.21547510988,468,1.1323390750221056
IU.XMAS,2.0448,-157.4457,PS.MCSJ,24.29,153.978,5768.516924383209,385,1.027031898505565
IU.XMAS,2.0448,-157.4457,PS.PSI,2.6938,98.923698,11509.533358116083,481,1.147958282856168
IU.XMAS,2.0448,-157.4457,TW.KMNB,24.4638,118.388199,9323.03473349373,469,1.1335481934392182
IU.YAK,62.031,129.6805,MN.CLTB,37.578,13.216,7572.494692306485,762,1.4448775840453447
IU.YAK,62.031,129.6805,MN.VSL,39.496,9.378,7530.142730977053,418,1.0701427378868926
IU.YAK,62.031,129.6805,MY.KOM,1.7922,103.846703,7037.081118998053,554,1.231993595429003
IU.YAK,62.031,129.6805,NR.NE74,28.007509,-114.013802,8520.858698929482,552,1.229767769590376
IU.YAK,62.031,129.6805,NR.NE75,27.293341,-112.856491,8641.494042360308,432,1.087916193387899
IU.YAK,62.031,129.6805,NR.NE79,23.11937,-109.756111,9193.289348163657,534,1.2095510318420373
IU.YAK,62.031,129.6805,NR.NE80,30.5,-112.319931,8341.415664476162,546,1.2230659879822119
IU.YAK,62.031,129.6805,NR.NE81,28.918341,-109.636261,8610.038669636753,670,1.354849230857871
IU.YAK,62.031,129.6805,NR.NE82,26.915661,-109.230843,8829.427218166167,472,1.1371678349880932
IU.YAK,62.031,129.6805,NR.NE83,24.730881,-107.739326,9111.953146996264,617,1.3001580515091655
IU.YAK,62.031,129.6805,NZ.URZ,-38.259249,177.110894,11933.888022801475,1571,2.0746348085967075
IU.YAK,62.031,129.6805,PB.B934,39.844501,-123.691399,6941.9171398406825,607,1.2895788842215652
IU.YAK,62.031,129.6805,PM.PESTR,38.867168,-7.590169,8159.717442445396,894,1.5650287756118577
IU.YAK,62.031,129.6805,PM.PFVI,37.132832,-8.826829,8377.377280371365,932,1.5979438843508387
IU.YAK,62.031,129.6805,PS.MCSJ,24.29,153.978,4576.3457226922355,1849,2.250722867137919
IU.YAK,62.031,129.6805,PS.PSI,2.6938,98.923698,7075.873972157562,2406,2.5674463620332575
IU.YAK,62.031,129.6805,PS.SYO,-69.0067,39.585,16187.108435732367,2836,2.7874474010640324
IU.YAK,62.031,129.6805,PS.TSK,36.2108,140.1097,2961.2092807194954,639,1.3231345099825826
IU.YAK,62.031,129.6805,RM.DLV,11.952,108.481499,5822.304094659993,568,1.247463179240832
IU.YAK,62.031,129.6805,RM.SLV,21.325247,103.906708,4935.839908908831,608,1.2906407031616252
IU.YAK,62.031,129.6805,TT.TATN,32.578701,10.5292,8179.197011709236,422,1.07525084680815
IU.YAK,62.031,129.6805,TW.KMNB,24.4638,118.388199,4262.899361046304,2052,2.371058373009652
IU.YAK,62.031,129.6805,TW.MATB,26.151501,119.945602,4055.0561326860634,456,1.1177276360961783
IU.YAK,62.031,129.6805,X8.QMM5,50.8438,-68.798203,7358.036433178186,399,1.0455384665001604
IU.YAK,62.031,129.6805,XC.OR088,42.965599,-117.302299,6906.4150469029555,507,1.1785758761702239
IU.YAK,62.031,129.6805,Y2.GUGE,31.4769,79.664101,4903.18004705066,631,1.3148258908645172
IU.YAK,62.031,129.6805,Y2.PURG,30.198799,81.275299,4947.337549909129,622,1.3054154852157591
IU.YSS,46.9587,142.7604,NZ.URZ,-38.259249,177.110894,10071.904800509756,661,1.345718731425549
IU.YSS,46.9587,142.7604,PS.MCSJ,24.29,153.978,2710.3815323866556,681,1.3659258488869497
IU.YSS,46.9587,142.7604,PS.PSI,2.6938,98.923698,6477.800367797266,781,1.4627802389276594
IU.YSS,46.9587,142.7604,PS.SYO,-69.0067,39.585,15296.928929078851,814,1.4933643180086265
IU.YSS,46.9587,142.7604,PS.TSK,36.2108,140.1097,1215.0785082159525,613,1.2959367479913981
IU.YSS,46.9587,142.7604,TW.KMNB,24.4638,118.388199,3303.5388592898425,447,1.1066424599872242
JP.ASAJ,44.118801,142.593002,NZ.URZ,-38.259249,177.110894,9794.75570910313,673,1.3578790875620539
JP.ASAJ,44.118801,142.593002,PB.B934,39.844501,-123.691399,7313.952896582782,365,1.0
JP.ASAJ,44.118801,142.593002,PM.PESTR,38.867168,-7.590169,10314.231477883252,647,1.3313912797243443
JP.ASAJ,44.118801,142.593002,PS.PSI,2.6938,98.923698,6286.4233078743055,657,1.3416407864998738
JP.ASAJ,44.118801,142.593002,PS.SYO,-69.0067,39.585,15017.860567913038,678,1.3629138808359618
JP.ASAJ,44.118801,142.593002,Y5.RW1,58.852901,-113.175903,6638.480352478319,365,1.0
JP.ASAJ,44.118801,142.593002,YP.NE5D,44.107601,129.6008,1036.1446100204457,116,0.5637448174290228
JP.ASAJ,44.118801,142.593002,YP.NE7D,45.342098,128.742905,1101.129029969017,189,0.7195889237461081
JP.ASAJ,44.118801,142.593002,YP.NEAD,47.581402,133.5802,796.4844627848353,225,0.7851358838853205
JP.ASAJ,44.118801,142.593002,ZD.FM09,-12.65027,-73.041481,15144.804816559083,365,1.0
JP.ASAJ,44.118801,142.593002,ZD.FS07,-13.46172,-71.9198,15290.061125046106,365,1.0
JP.ASAJ,44.118801,142.593002,ZG.CB14,-17.249399,-65.900902,16011.796130280834,365,1.0
JP.JEW,42.84267,141.446167,JP.JMM,37.868999,140.789673,555.832802710056,246,0.8209583440953176
JP.JEW,42.84267,141.446167,JP.JMN,33.731499,133.876328,1208.3153127759751,272,0.8632528479258292
JP.JEW,42.84267,141.446167,JP.JTU,34.5275,129.396332,1393.4164999543325,249,0.8259490182946632
JP.JEW,42.84267,141.446167,KS.SH2B,38.2686,128.2524,1223.3972999714097,147,0.6346177794762744
JP.JGF,35.604,137.354172,JP.JHS,35.001831,133.113663,390.5630787127853,150,0.6410607647560324
JP.JGF,35.604,137.354172,JP.JMZ,25.81983,131.223663,1235.0361857552966,323,0.9407079817080937
JP.JGF,35.604,137.354172,NZ.URZ,-38.259249,177.110894,9175.01561682883,365,1.0
JP.JGF,35.604,137.354172,PB.B934,39.844501,-123.691399,8227.083470029762,365,1.0
JP.JGF,35.604,137.354172,PM.PESTR,38.867168,-7.590169,10985.41941342888,365,1.0
JP.JGF,35.604,137.354172,PM.PFVI,37.132832,-8.826829,11206.543303059012,365,1.0
JP.JGF,35.604,137.354172,RM.DLV,11.952,108.481499,3914.314290170147,365,1.0
JP.JGF,35.604,137.354172,RM.SLV,21.325247,103.906708,3610.453292158007,365,1.0
JP.JGF,35.604,137.354172,YT.LPLY,-73.1142,-90.2834,15093.911006814245,365,1.0
JP.JGF,35.604,137.354172,YT.RMBO,-83.8714,-66.3959,14585.53003392784,365,1.0
JP.JGF,35.604,137.354172,Z7.LA01,31.9874,-93.8349,10798.40892572909,365,1.0
JP.JHS,35.001831,133.113663,JP.JMZ,25.81983,131.223663,1036.886252798456,138,0.614883884795188
JP.JMJ2,24.740801,125.327797,JP.JTU,34.5275,129.396332,1156.771470174312,162,0.6662098891778447
JP.JMM,37.868999,140.789673,JP.JMN,33.731499,133.876328,774.4714284499744,246,0.8209583440953176
JP.JMM,37.868999,140.789673,JP.JTU,34.5275,129.396332,1086.8640987573947,460,1.122619246495774
JP.JMM,37.868999,140.789673,JP.JWT,35.285671,135.398666,560.4363477789036,302,0.9096137973194848
JP.JMM,37.868999,140.789673,KS.SH2B,38.2686,128.2524,1097.5797354148012,147,0.6346177794762744
JP.JMM,37.868999,140.789673,MX.MOIG,19.646708,-101.227303,10918.18908335079,393,1.0376474973550138
JP.JMM,37.868999,140.789673,N4.ABTX,32.6238,-99.6431,9989.286791725637,570,1.2496574873206012
JP.JMM,37.868999,140.789673,NZ.URZ,-38.259249,177.110894,9245.581323609424,572,1.2518479491021395
JP.JMM,37.868999,140.789673,PB.B934,39.844501,-123.691399,7831.1125797010145,563,1.2419604476088026
JP.JMM,37.868999,140.789673,PM.PESTR,38.867168,-7.590169,10890.775518358969,569,1.248560815334616
JP.JMM,37.868999,140.789673,PM.PFVI,37.132832,-8.826829,11111.12667982245,568,1.247463179240832
JP.JMM,37.868999,140.789673,PS.PSI,2.6938,98.923698,5778.716346728245,374,1.0122536906559418
JP.JMM,37.868999,140.789673,PS.SYO,-69.0067,39.585,14333.89486692861,562,1.240856972981681
JP.JMM,37.868999,140.789673,S1.AUBUS,-33.6601,115.3828,8376.17445669152,567,1.246364576492066
JP.JMM,37.868999,140.789673,S1.AUHPC,-38.1068,142.3183,8449.58665607729,520,1.1935901868927103
JP.JMN,33.731499,133.876328,JP.JTU,34.5275,129.396332,421.70966217473887,249,0.8259490182946632
JP.JMN,33.731499,133.876328,KS.SH2B,38.2686,128.2524,714.1868714004665,147,0.6346177794762744
JP.JMZ,25.81983,131.223663,TW.KMNB,24.4638,118.388199,1300.2548469224034,148,0.6367726847586935
JP.JSD,38.040001,138.257172,PS.TSK,36.2108,140.1097,261.41684017774185,97,0.5155127783649347
JP.JSU,31.509331,130.452667,TW.KMNB,24.4638,118.388199,1418.6937376946607,185,0.7119335046677415
JP.JTU,34.5275,129.396332,JP.JWT,35.285671,135.398666,553.713723690099,216,0.7692729177072388
JP.JTU,34.5275,129.396332,KS.SH2B,38.2686,128.2524,428.3946635954946,147,0.6346177794762744
JP.JTU,34.5275,129.396332,MX.MOIG,19.646708,-101.227303,11959.883190086894,399,1.0455384665001604
JP.JTU,34.5275,129.396332,N4.ABTX,32.6238,-99.6431,10962.234487756843,483,1.1503424147760861
JP.JTU,34.5275,129.396332,NZ.URZ,-38.259249,177.110894,9469.985409863735,483,1.1503424147760861
JP.JTU,34.5275,129.396332,PB.B934,39.844501,-123.691399,8860.048175405129,477,1.1431751025405046
JP.JTU,34.5275,129.396332,PM.PESTR,38.867168,-7.590169,10731.26573050051,483,1.1503424147760861
JP.JTU,34.5275,129.396332,PM.PFVI,37.132832,-8.826829,10951.709303620579,478,1.1443727719130206
JP.JTU,34.5275,129.396332,PS.SYO,-69.0067,39.585,13552.94322601349,476,1.141976177090002
JP.JTU,34.5275,129.396332,S1.AUBUS,-33.6601,115.3828,7721.573649681084,481,1.147958282856168
JP.JTU,34.5275,129.396332,S1.AUHPC,-38.1068,142.3183,8185.875811350184,460,1.122619246495774
KR.BTK,40.06675,70.81572,KZ.MAKZ,46.807999,81.976997,1170.1886268493743,103,0.5312172632943303
KR.BTK,40.06675,70.81572,YL.WKZ15,43.36841,54.59763,1392.727909883229,165,0.6723502022908507
KS.SH2B,38.2686,128.2524,MX.HPIG,26.936794,-105.664017,10848.859576228668,547,1.2241854994184098
KS.SH2B,38.2686,128.2524,MX.MOIG,19.646708,-101.227303,11763.709449426851,585,1.2659935726643312
KS.SH2B,38.2686,128.2524,MX.ZAIG,22.769176,-102.567123,11405.431636161524,537,1.2129438885258992
KS.SH2B,38.2686,128.2524,N4.ABTX,32.6238,-99.6431,10706.279004699372,612,1.2948792718887439
KS.SH2B,38.2686,128.2524,NZ.URZ,-38.259249,177.110894,9866.837873974824,612,1.2948792718887439
KS.SH2B,38.2686,128.2524,PB.B934,39.844501,-123.691399,8659.724500605913,598,1.2799828765977932
KS.SH2B,38.2686,128.2524,PM.PESTR,38.867168,-7.590169,10325.649636758299,411,1.061144380968148
KS.SH2B,38.2686,128.2524,PM.PFVI,37.132832,-8.826829,10546.439996823043,605,1.2874526191574363
KS.SH2B,38.2686,128.2524,PS.JAY,-2.5147,140.703,4711.989715977579,604,1.2863881686909069
KS.SH2B,38.2686,128.2524,PS.KOR,7.3436,134.4741,3495.1489736745457,501,1.1715812988120062
KS.SH2B,38.2686,128.2524,PS.SYO,-69.0067,39.585,13884.775807049893,598,1.2799828765977932
KS.SH2B,38.2686,128.2524,PS.VIVO,18.6498,105.6965,3084.8921398675407,602,1.2842566209652768
KS.SH2B,38.2686,128.2524,S1.AUBUS,-33.6601,115.3828,8107.826934260292,604,1.2863881686909069
KS.SH2B,38.2686,128.2524,TW.KMNB,24.4638,118.388199,1795.5072005518132,374,1.0122536906559418
KS.SH2B,38.2686,128.2524,YT.RMBO,-83.8714,-66.3959,14920.059730963896,465,1.128703948225453
KY.LLKY,36.92159,-88.096558,XI.SM37,44.381001,-93.380997,941.1532081637704,92,0.5020505896028288
KY.LLKY,36.92159,-88.096558,ZT.WEST,40.416389,-86.7725,405.2346110051837,107,0.5414339155718885
KZ.AB06,49.261101,59.969299,MM.YGN,16.864799,96.153397,4850.5905531574535,415,1.0662955975571986
KZ.AB06,49.261101,59.969299,MX.HPIG,26.936794,-105.664017,11423.185646370492,494,1.1633678083625345
KZ.AB06,49.261101,59.969299,MX.ZAIG,22.769176,-102.567123,11820.77709488363,533,1.2084179627110563
KZ.AB06,49.261101,59.969299,N4.E62A,46.6201,-69.5227,8294.616818930439,484,1.1515326296984703
KZ.AB06,49.261101,59.969299,NZ.URZ,-38.259249,177.110894,14973.993015980699,763,1.4458253556028506
KZ.AB06,49.261101,59.969299,PB.B934,39.844501,-123.691399,10100.495717373344,548,1.225303988002038
KZ.AB06,49.261101,59.969299,PM.PESTR,38.867168,-7.590169,5334.81009530232,544,1.2208238852939066
KZ.AB06,49.261101,59.969299,PM.PFVI,37.132832,-8.826829,5536.549470476115,548,1.225303988002038
KZ.AB06,49.261101,59.969299,PS.PSI,2.6938,98.923698,6353.96343760268,489,1.1574653460891433
KZ.AB06,49.261101,59.969299,PS.SYO,-69.0067,39.585,13257.191428026275,763,1.4458253556028506
KZ.AB06,49.261101,59.969299,YT.RMBO,-83.8714,-66.3959,15859.123143780935,524,1.1981721238437173
KZ.AB06,49.261101,59.969299,YU.MD04,10.8953,-74.1514,11968.310327243562,406,1.054669980194415
KZ.AB06,49.261101,59.969299,ZE.BULG,61.126701,-151.091202,7430.513632560231,369,1.0054645215568718
KZ.MAKZ,46.807999,81.976997,MX.HPIG,26.936794,-105.664017,11779.129534003894,395,1.0402844711048598
KZ.MAKZ,46.807999,81.976997,MX.ZAIG,22.769176,-102.567123,12264.993590672964,449,1.1091154071156752
KZ.MAKZ,46.807999,81.976997,NZ.URZ,-38.259249,177.110894,13340.051968515088,453,1.114044833214067
KZ.MAKZ,46.807999,81.976997,PB.B934,39.844501,-123.691399,10049.176229515728,454,1.1152737854169963
KZ.MAKZ,46.807999,81.976997,PM.PESTR,38.867168,-7.590169,6951.291723748858,444,1.1029226428740972
KZ.MAKZ,46.807999,81.976997,PM.PFVI,37.132832,-8.826829,7158.351791383451,454,1.1152737854169963
KZ.MAKZ,46.807999,81.976997,PS.SYO,-69.0067,39.585,13340.261085345777,454,1.1152737854169963
KZ.MAKZ,46.807999,81.976997,XL.AT13,44.992001,96.270103,1122.6626363880541,147,0.6346177794762744
KZ.MAKZ,46.807999,81.976997,XL.HV10,51.572102,100.448601,1438.1934251607588,147,0.6346177794762744
KZ.MAKZ,46.807999,81.976997,YT.RMBO,-83.8714,-66.3959,15780.455019036537,449,1.1091154071156752
LD.FRNY,44.835,-73.5883,N4.E62A,46.6201,-69.5227,372.74120505636085,249,0.8259490182946632
LD.FRNY,44.835,-73.5883,NZ.URZ,-38.259249,177.110894,14273.31957090188,602,1.2842566209652768
LD.FRNY,44.835,-73.5883,PB.B934,39.844501,-123.691399,4089.4685146185934,562,1.240856972981681
LD.FRNY,44.835,-73.5883,PM.PESTR,38.867168,-7.590169,5355.321364528402,551,1.2286533445589485
LD.FRNY,44.835,-73.5883,PM.PFVI,37.132832,-8.826829,5358.304927759211,602,1.2842566209652768
LD.FRNY,44.835,-73.5883,PS.PSI,2.6938,98.923698,14678.163629927842,581,1.2616579655032534
LD.FRNY,44.835,-73.5883,PS.SYO,-69.0067,39.585,15490.518286341641,610,1.2927617246470167
LD.FRNY,44.835,-73.5883,RM.DLV,11.952,108.481499,13697.23322309953,449,1.1091154071156752
LD.FRNY,44.835,-73.5883,RM.SLV,21.325247,103.906708,12654.024335971046,505,1.1762489718744142
LD.FRNY,44.835,-73.5883,TA.Q56A,39.0401,-79.187103,793.0762861897122,117,0.5661695375110528
LD.FRNY,44.835,-73.5883,TW.KMNB,24.4638,118.388199,12214.003136542906,441,1.0991902374394489
LD.FRNY,44.835,-73.5883,X8.QM38,47.675201,-70.853104,379.3704029600144,140,0.6193235372853323
LD.FRNY,44.835,-73.5883,X8.QM58,49.048401,-72.740601,472.8999806750621,135,0.6081636405595373
LD.FRNY,44.835,-73.5883,X8.QM76,50.764801,-74.817596,665.7006142473577,90,0.49656353316142077
LD.FRNY,44.835,-73.5883,X8.QMM5,50.8438,-68.798203,757.3967822845094,208,0.7548927166814038
LD.FRNY,44.835,-73.5883,XI.SC04,49.624001,-89.675003,1322.8463894864715,95,0.5101705328640019
LD.FRNY,44.835,-73.5883,XO.SOKY,37.5256,-85.961899,1313.9033840519776,117,0.5661695375110528
LD.FRNY,44.835,-73.5883,XY.PACW,39.9962,-77.9247,644.927928913587,180,0.7022468831767834
M8.AI45,-29.9886,114.9982,M8.AU52,-33.4865,120.9751,685.9035357208193,412,1.0624345265886606
M8.AI45,-29.9886,114.9982,M8.WATNG,-30.73225,118.19848,317.9798047803062,412,1.0624345265886606
M8.AI45,-29.9886,114.9982,MX.HPIG,26.936794,-105.664017,16046.237506954076,400,1.0468478451804273
M8.AI45,-29.9886,114.9982,MX.MOIG,19.646708,-101.227303,16200.878279859715,405,1.0533703247651751
M8.AI45,-29.9886,114.9982,MX.ZAIG,22.769176,-102.567123,16205.479551535756,395,1.0402844711048598
M8.AI45,-29.9886,114.9982,N4.250A,31.9778,-86.2677,17979.1211749709,365,1.0
M8.AI45,-29.9886,114.9982,N4.ABTX,32.6238,-99.6431,16725.43313636014,412,1.0624345265886606
M8.AI45,-29.9886,114.9982,NZ.URZ,-38.259249,177.110894,5684.9775272967145,412,1.0624345265886606
M8.AI45,-29.9886,114.9982,PB.B934,39.844501,-123.691399,14649.471012460323,412,1.0624345265886606
M8.AI45,-29.9886,114.9982,PM.PFVI,37.132832,-8.826829,14824.818497034625,407,1.0559680360459236
M8.AI45,-29.9886,114.9982,PS.CHUK,7.4638,151.8554,5728.979623033548,368,1.0041011792056576
M8.AI45,-29.9886,114.9982,PS.JAY,-2.5147,140.703,4082.8114533929056,412,1.0624345265886606
M8.AI45,-29.9886,114.9982,PS.KOR,7.3436,134.4741,4643.123368153598,412,1.0624345265886606
M8.AI45,-29.9886,114.9982,PS.SYO,-69.0067,39.585,6336.916286434137,392,1.0363264942766475
M8.AI45,-29.9886,114.9982,PS.VIVO,18.6498,105.6965,5499.377487024921,412,1.0624345265886606
M8.AI45,-29.9886,114.9982,S1.AUBUS,-33.6601,115.3828,409.8654308455135,412,1.0624345265886606
M8.AI45,-29.9886,114.9982,S1.AUKAL,-30.7637,121.4789,627.5502029385881,186,0.7138550560834395
M8.AI45,-29.9886,114.9982,YT.RMBO,-83.8714,-66.3959,7354.251932480701,402,1.0494617015468923
M8.AM37,-25.9866,116.9921,M8.AU41,-28.0108,120.9861,455.2006827649201,95,0.5101705328640019
M8.AM37,-25.9866,116.9921,M8.AU52,-33.4865,120.9751,918.1152640661012,134,0.605906995892301
M8.AM37,-25.9866,116.9921,M8.AY41,-27.9822,122.9615,631.6552619981088,131,0.5990860619218586
M8.AM37,-25.9866,116.9921,M8.TEFOZ,-22.8162,122.5786,666.425803497944,134,0.605906995892301
M8.AM37,-25.9866,116.9921,S1.AUBUS,-33.6601,115.3828,867.2223062243555,134,0.605906995892301
M8.AQ41,-27.9997,118.5997,M8.AU41,-28.0108,120.9861,234.28348841095612,145,0.6302858668672515
M8.AQ41,-27.9997,118.5997,M8.AU52,-33.4865,120.9751,650.9073469818875,172,0.6864640389068671
M8.AQ41,-27.9997,118.5997,M8.AY41,-27.9822,122.9615,428.25661882331656,153,0.6474396359443719
M8.AQ41,-27.9997,118.5997,S1.AUBUS,-33.6601,115.3828,700.2396022336835,172,0.6864640389068671
M8.AU41,-28.0108,120.9861,M8.AU52,-33.4865,120.9751,608.871806834283,253,0.8325567157446434
M8.AU41,-28.0108,120.9861,M8.AY41,-27.9822,122.9615,193.97389236514425,231,0.7955354877871679
M8.AU41,-28.0108,120.9861,M8.TEFOZ,-22.8162,122.5786,599.3245929679549,95,0.5101705328640019
M8.AU41,-28.0108,120.9861,S1.AUBUS,-33.6601,115.3828,824.7863485110132,253,0.8325567157446434
M8.AU52,-33.4865,120.9751,M8.AY41,-27.9822,122.9615,640.7755071264679,297,0.9020524542048463
M8.AU52,-33.4865,120.9751,M8.TEFOZ,-22.8162,122.5786,1196.7989175400269,134,0.605906995892301
M8.AU52,-33.4865,120.9751,M8.WATNG,-30.73225,118.19848,402.68388567458385,412,1.0624345265886606
M8.AU52,-33.4865,120.9751,MM.KTN,21.2857,99.589798,6498.746503938831,371,1.0081856754409793
M8.AU52,-33.4865,120.9751,MM.YGN,16.864799,96.153397,6187.2499235295045,365,1.0
M8.AU52,-33.4865,120.9751,MX.HPIG,26.936794,-105.664017,15512.089321588464,664,1.3487690989164087
M8.AU52,-33.4865,120.9751,MX.MOIG,19.646708,-101.227303,15580.346322318423,654,1.3385741749779159
M8.AU52,-33.4865,120.9751,MX.ZAIG,22.769176,-102.567123,15616.387961167238,598,1.2799828765977932
M8.AU52,-33.4865,120.9751,N4.250A,31.9778,-86.2677,17468.63352114811,365,1.0
M8.AU52,-33.4865,120.9751,N4.ABTX,32.6238,-99.6431,16252.844915098975,680,1.3649225980362905
M8.AU52,-33.4865,120.9751,NZ.URZ,-38.259249,177.110894,5008.635582021493,683,1.367930143213581
M8.AU52,-33.4865,120.9751,PB.B934,39.844501,-123.691399,14329.246398229745,673,1.3578790875620539
M8.AU52,-33.4865,120.9751,PM.PESTR,38.867168,-7.590169,15420.64981520768,627,1.3106518298839254
M8.AU52,-33.4865,120.9751,PM.PFVI,37.132832,-8.826829,15494.98872490689,670,1.354849230857871
M8.AU52,-33.4865,120.9751,PS.CHUK,7.4638,151.8554,5599.044014680453,576,1.2562174142165128
M8.AU52,-33.4865,120.9751,PS.JAY,-2.5147,140.703,4008.446282317236,682,1.3669283634064118
M8.AU52,-33.4865,120.9751,PS.KOR,7.3436,134.4741,4758.490388002091,682,1.3669283634064118
M8.AU52,-33.4865,120.9751,PS.SYO,-69.0067,39.585,6221.885195240624,652,1.3365258582844604
M8.AU52,-33.4865,120.9751,PS.VIVO,18.6498,105.6965,6019.718337019398,683,1.367930143213581
M8.AU52,-33.4865,120.9751,QZ.ALGA,49.986897,57.210083,11196.454184146065,475,1.140775991601199
M8.AU52,-33.4865,120.9751,QZ.FDRN,51.26934,51.769418,11585.560256449035,470,1.1347560235031635
M8.AU52,-33.4865,120.9751,QZ.INDER,48.501565,51.694986,11405.872041236908,470,1.1347560235031635
M8.AU52,-33.4865,120.9751,QZ.USHN,49.969499,82.743909,10014.490948587398,393,1.0376474973550138
M8.AU52,-33.4865,120.9751,S1.AUBUS,-33.6601,115.3828,518.39705600492,683,1.367930143213581
M8.AU52,-33.4865,120.9751,S1.AUKAL,-30.7637,121.4789,306.4550487978885,186,0.7138550560834395
M8.AU52,-33.4865,120.9751,TW.KMNB,24.4638,118.388199,6449.6016835043665,554,1.231993595429003
M8.AU52,-33.4865,120.9751,YT.RMBO,-83.8714,-66.3959,6960.214034579673,402,1.0494617015468923
M8.AY41,-27.9822,122.9615,M8.TEFOZ,-22.8162,122.5786,575.7184684232598,131,0.5990860619218586
M8.AY41,-27.9822,122.9615,S1.AUBUS,-33.6601,115.3828,959.8229756174533,297,0.9020524542048463
M8.RUGBY,-34.36646,148.94292,S1.AUHPC,-38.1068,142.3183,724.9324136757182,133,0.6036419150819761
M8.TEFOZ,-22.8162,122.5786,S1.AUBUS,-33.6601,115.3828,1395.6747343000418,134,0.605906995892301
M8.WATNG,-30.73225,118.19848,MX.HPIG,26.936794,-105.664017,15748.476584297503,400,1.0468478451804273
M8.WATNG,-30.73225,118.19848,MX.MOIG,19.646708,-101.227303,15885.009129351545,405,1.0533703247651751
M8.WATNG,-30.73225,118.19848,MX.ZAIG,22.769176,-102.567123,15894.886661323982,395,1.0402844711048598
M8.WATNG,-30.73225,118.19848,N4.250A,31.9778,-86.2677,17692.705511137843,365,1.0
M8.WATNG,-30.73225,118.19848,N4.ABTX,32.6238,-99.6431,16446.87643894945,412,1.0624345265886606
M8.WATNG,-30.73225,118.19848,NZ.URZ,-38.259249,177.110894,5373.159625092595,412,1.0624345265886606
M8.WATNG,-30.73225,118.19848,PB.B934,39.844501,-123.691399,14418.715060311855,412,1.0624345265886606
M8.WATNG,-30.73225,118.19848,PM.PFVI,37.132832,-8.826829,15139.074254665427,407,1.0559680360459236
M8.WATNG,-30.73225,118.19848,PS.CHUK,7.4638,151.8554,5557.7175541818415,368,1.0041011792056576
M8.WATNG,-30.73225,118.19848,PS.JAY,-2.5147,140.703,3929.289306959064,412,1.0624345265886606
M8.WATNG,-30.73225,118.19848,PS.KOR,7.3436,134.4741,4575.282758571226,412,1.0624345265886606
M8.WATNG,-30.73225,118.19848,PS.SYO,-69.0067,39.585,6389.158509800804,392,1.0363264942766475
M8.WATNG,-30.73225,118.19848,PS.VIVO,18.6498,105.6965,5651.410915819066,412,1.0624345265886606
M8.WATNG,-30.73225,118.19848,S1.AUBUS,-33.6601,115.3828,419.7018460682491,412,1.0624345265886606
M8.WATNG,-30.73225,118.19848,S1.AUKAL,-30.7637,121.4789,313.49761895541843,186,0.7138550560834395
M8.WATNG,-30.73225,118.19848,YT.RMBO,-83.8714,-66.3959,7269.686000978701,402,1.0494617015468923
MB.HRY,46.711285,-111.831786,NZ.URZ,-38.259249,177.110894,11788.803026923573,560,1.2386470745706646
MB.HRY,46.711285,-111.831786,PB.B934,39.844501,-123.691399,1224.4124302436917,425,1.0790660599072865
MB.HRY,46.711285,-111.831786,PM.PESTR,38.867168,-7.590169,7895.73609570429,446,1.1054039117983878
MB.HRY,46.711285,-111.831786,PM.PFVI,37.132832,-8.826829,7956.5404437510915,492,1.1610104243629564
MB.HRY,46.711285,-111.831786,PS.PSI,2.6938,98.923698,13751.26274628699,417,1.0688618963292955
MB.HRY,46.711285,-111.831786,PS.SYO,-69.0067,39.585,17073.68632845933,559,1.237540645520408
MB.HRY,46.711285,-111.831786,Y5.FMC,56.650002,-111.5,1105.3697048410133,188,0.7176827245731117
MB.HRY,46.711285,-111.831786,Y5.RW1,58.852901,-113.175903,1353.0407312455077,115,0.561309623247887
MB.HRY,46.711285,-111.831786,YK.OCW,38.425842,-122.846184,1286.9401989520964,173,0.6884566818179093
MM.KTN,21.2857,99.589798,MM.YGN,16.864799,96.153397,609.8979524941823,1908,2.286350205081009
MM.KTN,21.2857,99.589798,MN.CLTB,37.578,13.216,8278.409421346598,639,1.3231345099825826
MM.KTN,21.2857,99.589798,MX.HPIG,26.936794,-105.664017,14003.202437557704,1731,2.1777203111108316
MM.KTN,21.2857,99.589798,MX.MOIG,19.646708,-101.227303,14931.55719352792,1163,1.785021391990307
MM.KTN,21.2857,99.589798,MX.ZAIG,22.769176,-102.567123,14559.545885897887,1854,2.2537639749526837
MM.KTN,21.2857,99.589798,N4.250A,31.9778,-86.2677,14059.730511267993,511,1.1832159566199232
MM.KTN,21.2857,99.589798,N4.ABTX,32.6238,-99.6431,13681.729408644956,1394,1.9542717523905884
MM.KTN,21.2857,99.589798,N4.E62A,46.6201,-69.5227,12385.312123589254,517,1.1901421579644944
MM.KTN,21.2857,99.589798,NZ.URZ,-38.259249,177.110894,10432.777450377956,2291,2.505336769531618
MM.KTN,21.2857,99.589798,PB.B934,39.844501,-123.691399,11870.28574509525,2292,2.505883487872994
MM.KTN,21.2857,99.589798,PM.PESTR,38.867168,-7.590169,9921.481771815299,2173,2.4399640689022957
MM.KTN,21.2857,99.589798,PM.PFVI,37.132832,-8.826829,10106.58850644308,2288,2.503695898204279
MM.KTN,21.2857,99.589798,PS.JAY,-2.5147,140.703,5196.3683353818715,493,1.1621897140772024
MM.KTN,21.2857,99.589798,PS.KOR,7.3436,134.4741,4051.942507248257,464,1.1274896348580457
MM.KTN,21.2857,99.589798,PS.PSI,2.6938,98.923698,2068.584307588458,1808,2.225629047603002
MM.KTN,21.2857,99.589798,PS.SYO,-69.0067,39.585,11109.086634119907,2278,2.498218543364643
MM.KTN,21.2857,99.589798,PS.VIVO,18.6498,105.6965,702.196661633727,567,1.246364576492066
MM.KTN,21.2857,99.589798,RM.DLV,11.952,108.481499,1404.308426124128,1512,2.03530483059041
MM.KTN,21.2857,99.589798,RM.SLV,21.325247,103.906708,447.22061090450984,1533,2.04939015319192
MM.KTN,21.2857,99.589798,S1.AUBUS,-33.6601,115.3828,6334.8097639247435,2082,2.388327780904685
MM.KTN,21.2857,99.589798,TM.SRIT,8.59549,99.601994,1411.0895244529177,93,0.5047717509409032
MM.KTN,21.2857,99.589798,TW.KMNB,24.4638,118.388199,1956.3873347373178,880,1.5527262811292881
MM.KTN,21.2857,99.589798,VE.BAUV,8.9433,-68.041496,16392.561023313327,497,1.166894954833741
MM.KTN,21.2857,99.589798,WM.UCM,40.307499,-3.2441,9516.50838846096,365,1.0
MM.KTN,21.2857,99.589798,XA.AX08,38.8984,46.1815,5413.229682102966,533,1.2084179627110563
MM.KTN,21.2857,99.589798,XR.BA07,24.1371,91.4975,888.3283657997347,659,1.343681305985461
MM.KTN,21.2857,99.589798,XR.MS02,23.605983,93.696263,658.2530066902096,300,0.9065968278232491
MM.KTN,21.2857,99.589798,XR.MS05,22.585486,94.508708,543.6136029147624,275,0.8680003787638843
MM.KTN,21.2857,99.589798,XR.MS09,23.478138,96.080143,435.4544283374659,346,0.973624776533266
MM.KTN,21.2857,99.589798,Y1.KERK,2.61653,36.255065,7145.319322802355,598,1.2799828765977932
MM.KTN,21.2857,99.589798,Y1.TURK,3.127577,38.27457,6916.336956166488,748,1.4315428978878526
MM.KTN,21.2857,99.589798,YL.WKZ15,43.36841,54.59763,4809.727530225028,369,1.0054645215568718
MM.KTN,21.2857,99.589798,YT.LPLY,-73.1142,-90.2834,14219.621005252535,993,1.649408362172776
MM.KTN,21.2857,99.589798,YT.MCRG,-73.6681,-94.6493,14125.953944859084,731,1.4151818703005623
MM.KTN,21.2857,99.589798,YT.RMBO,-83.8714,-66.3959,13034.660397885053,2221,2.4667653935567757
MM.KTN,21.2857,99.589798,YT.THUR,-72.5301,-97.5606,14216.009168748904,365,1.0
MM.KTN,21.2857,99.589798,YU.MD04,10.8953,-74.1514,16372.028857868982,454,1.1152737854169963
MM.KTN,21.2857,99.589798,YU.NL02,9.2491,-70.2202,16442.06657740657,448,1.107879623548503
MM.KTN,21.2857,99.589798,YU.SL02,7.6943,-71.0365,16634.09380737806,440,1.0979432827130893
MM.KTN,21.2857,99.589798,Z7.LA01,31.9874,-93.8349,13921.427799893656,493,1.1621897140772024
MM.YGN,16.864799,96.153397,MN.CLTB,37.578,13.216,8264.600005791553,685,1.369931505137072
MM.YGN,16.864799,96.153397,MX.HPIG,26.936794,-105.664017,14605.255264762214,1673,2.1409254176256622
MM.YGN,16.864799,96.153397,MX.MOIG,19.646708,-101.227303,15533.140526300329,1095,1.7320508075688772
MM.YGN,16.864799,96.153397,MX.ZAIG,22.769176,-102.567123,15160.35580542566,1799,2.2200826838853707
MM.YGN,16.864799,96.153397,MY.KUM,5.2902,100.6492,1377.0385419209356,316,0.9304587173311528
MM.YGN,16.864799,96.153397,N4.250A,31.9778,-86.2677,14577.928521122521,468,1.1323390750221056
MM.YGN,16.864799,96.153397,N4.ABTX,32.6238,-99.6431,14261.306838465785,1338,1.9146157381201936
MM.YGN,16.864799,96.153397,N4.E62A,46.6201,-69.5227,12811.2282913927,569,1.248560815334616
MM.YGN,16.864799,96.153397,NZ.URZ,-38.259249,177.110894,10399.890595157762,2247,2.4811619019245086
MM.YGN,16.864799,96.153397,PB.B934,39.844501,-123.691399,12478.987044014157,2236,2.475081291040816
MM.YGN,16.864799,96.153397,PM.PESTR,38.867168,-7.590169,9975.516011355061,2134,2.417969260033252
MM.YGN,16.864799,96.153397,PM.PFVI,37.132832,-8.826829,10148.240214944113,2244,2.479505032356146
MM.YGN,16.864799,96.153397,PS.JAY,-2.5147,140.703,5341.840322717385,646,1.3303619859642075
MM.YGN,16.864799,96.153397,PS.KOR,7.3436,134.4741,4289.94887534741,400,1.0468478451804273
MM.YGN,16.864799,96.153397,PS.PSI,2.6938,98.923698,1604.5603712621091,1629,2.1125846015320042
MM.YGN,16.864799,96.153397,PS.SYO,-69.0067,39.585,10530.353571621401,2240,2.477294149141329
MM.YGN,16.864799,96.153397,PS.VIVO,18.6498,105.6965,1029.7374808874217,716,1.4005869611046786
MM.YGN,16.864799,96.153397,RM.DLV,11.952,108.481499,1435.0990559360318,1473,2.00888437655236
MM.YGN,16.864799,96.153397,RM.SLV,21.325247,103.906708,953.4970962828061,1485,2.0170506068725524
MM.YGN,16.864799,96.153397,S1.AUBUS,-33.6601,115.3828,5976.798417060427,1990,2.3349635531460757
MM.YGN,16.864799,96.153397,S1.AUKAL,-30.7637,121.4789,5948.301923090896,427,1.08160205884541
MM.YGN,16.864799,96.153397,TM.SRIT,8.59549,99.601994,992.5303571706871,93,0.5047717509409032
MM.YGN,16.864799,96.153397,TW.KMNB,24.4638,118.388199,2458.8201458367025,943,1.6073461493516623
MM.YGN,16.864799,96.153397,VE.BAUV,8.9433,-68.041496,16660.089183846354,548,1.225303988002038
MM.YGN,16.864799,96.153397,XR.BA07,24.1371,91.4975,942.6518223795312,724,1.4083897343546694
MM.YGN,16.864799,96.153397,XR.MS02,23.605983,93.696263,792.1434816207567,299,0.9050845718449635
MM.YGN,16.864799,96.153397,XR.MS05,22.585486,94.508708,658.9690167689481,274,0.8664207589311612
MM.YGN,16.864799,96.153397,XR.MS09,23.478138,96.080143,735.4104459218868,345,0.972216786242685
MM.YGN,16.864799,96.153397,Y1.KERK,2.61653,36.255065,6725.208794675565,597,1.2789122090105187
MM.YGN,16.864799,96.153397,Y1.TURK,3.127577,38.27457,6494.3283435356,696,1.3808871478395666
MM.YGN,16.864799,96.153397,YT.LPLY,-73.1142,-90.2834,13747.040351248474,714,1.398629466142353
MM.YGN,16.864799,96.153397,YT.MCRG,-73.6681,-94.6493,13662.624926353767,858,1.5331943554249243
MM.YGN,16.864799,96.153397,YT.RMBO,-83.8714,-66.3959,12531.801182378533,2163,2.434343319513555
MM.YGN,16.864799,96.153397,YT.THUR,-72.5301,-97.5606,13762.426693760191,496,1.1657204251401967
MM.YGN,16.864799,96.153397,YU.MD04,10.8953,-74.1514,16749.484279688957,506,1.1774129988508764
MM.YGN,16.864799,96.153397,YU.NL02,9.2491,-70.2202,16747.541094353262,493,1.1621897140772024
MM.YGN,16.864799,96.153397,YU.SL02,7.6943,-71.0365,16942.345905503138,478,1.1443727719130206
MM.YGN,16.864799,96.153397,ZE.BULG,61.126701,-151.091202,9527.31386847541,370,1.0068260178089292
MN.CLTB,37.578,13.216,MN.DIVS,44.0981,19.9917,921.5439072705691,122,0.578140619004119
MN.CLTB,37.578,13.216,MN.VSL,39.496,9.378,396.07331683065513,234,0.8006846385506337
MN.CLTB,37.578,13.216,MN.WDD,35.8373,14.5242,225.9677205751258,177,0.6963702369065718
MN.CLTB,37.578,13.216,MX.HPIG,26.936794,-105.664017,10421.839813263472,503,1.1739174552671163
MN.CLTB,37.578,13.216,MX.MOIG,19.646708,-101.227303,10670.11667723705,423,1.0765240868596675
MN.CLTB,37.578,13.216,MX.ZAIG,22.769176,-102.567123,10529.524495989956,672,1.3568698870602733
MN.CLTB,37.578,13.216,MY.KOM,1.7922,103.846703,9941.596670467454,579,1.2594845651547357
MN.CLTB,37.578,13.216,MY.KUM,5.2902,100.6492,9423.353181486156,578,1.258396457335929
MN.CLTB,37.578,13.216,N4.ABTX,32.6238,-99.6431,9564.530047108487,436,1.09294123718762
MN.CLTB,37.578,13.216,NR.NE79,23.11937,-109.756111,11013.402974045212,763,1.4458253556028506
MN.CLTB,37.578,13.216,NR.NE80,30.5,-112.319931,10564.90730130782,528,1.2027366056064617
MN.CLTB,37.578,13.216,NR.NE81,28.918341,-109.636261,10526.863086574349,375,1.0136060675992289
MN.CLTB,37.578,13.216,NR.NE82,26.915661,-109.230843,10665.449816407468,482,1.149150967108099
MN.CLTB,37.578,13.216,NR.NE83,24.730881,-107.739326,10742.685656302276,395,1.0402844711048598
MN.CLTB,37.578,13.216,NZ.URZ,-38.259249,177.110894,18602.1295252797,2139,2.4208002752401403
MN.CLTB,37.578,13.216,PB.B934,39.844501,-123.691399,10349.337255685148,1589,2.08648619874042
MN.CLTB,37.578,13.216,PM.PESTR,38.867168,-7.590169,1819.24478374106,1447,1.9910759808816527
MN.CLTB,37.578,13.216,PM.PFVI,37.132832,-8.826829,1944.465629781403,1580,2.0805689422097196
MN.CLTB,37.578,13.216,PS.MCSJ,24.29,153.978,12006.470802634847,976,1.6352286087088026
MN.CLTB,37.578,13.216,PS.PSI,2.6938,98.923698,9446.743690668793,2133,2.4174026591443876
MN.CLTB,37.578,13.216,PS.SYO,-69.0067,39.585,12049.018884728614,2364,2.5449385707256518
MN.CLTB,37.578,13.216,PS.TSK,36.2108,140.1097,10158.006478324483,424,1.0777958227866902
MN.CLTB,37.578,13.216,RM.DLV,11.952,108.481499,9656.086182010684,993,1.649408362172776
MN.CLTB,37.578,13.216,RM.SLV,21.325247,103.906708,8640.863172995263,1101,1.7367896695237406
MN.CLTB,37.578,13.216,S1.AUBUS,-33.6601,115.3828,13175.756874532308,827,1.5052419820937544
MN.CLTB,37.578,13.216,TT.TATN,32.578701,10.5292,607.2082125510069,713,1.3976496905642153
MN.CLTB,37.578,13.216,TW.KMNB,24.4638,118.388199,9601.144427849325,1457,1.9979441488484628
MN.CLTB,37.578,13.216,TW.MATB,26.151501,119.945602,9599.493434800046,535,1.2106830405426245
MN.CLTB,37.578,13.216,VE.BAUV,8.9433,-68.041496,8634.848719426689,542,1.2185776572912024
MN.CLTB,37.578,13.216,WM.UCM,40.307499,-3.2441,1453.2511528520529,151,0.6431940843454534
MN.CLTB,37.578,13.216,X8.QMM5,50.8438,-68.798203,6355.032540970513,405,1.0533703247651751
MN.CLTB,37.578,13.216,XB.PS57,37.011501,-2.9864,1432.8544200744093,274,0.8664207589311612
MN.CLTB,37.578,13.216,XM.A106,48.146099,13.5743,1175.479737228873,189,0.7195889237461081
MN.CLTB,37.578,13.216,XR.BA07,24.1371,91.4975,7411.6979360515725,579,1.2594845651547357
MN.CLTB,37.578,13.216,Y1.KERK,2.61653,36.255065,4542.65189511812,477,1.1431751025405046
MN.CLTB,37.578,13.216,Y1.TURK,3.127577,38.27457,4603.284153717405,554,1.231993595429003
MN.CLTB,37.578,13.216,YD.OBS14,39.169399,14.4694,207.96559366673168,106,0.5388979113933451
MN.CLTB,37.578,13.216,YT.CLRK,-77.3231,-141.8485,15436.480999312655,412,1.0624345265886606
MN.CLTB,37.578,13.216,YT.MCRG,-73.6681,-94.6493,14545.841090872884,373,1.010899504510304
MN.CLTB,37.578,13.216,YT.RMBO,-83.8714,-66.3959,14036.71532958703,1035,1.6839288697436612
MN.RTC,33.9881,-6.8569,PM.PESTR,38.867168,-7.590169,546.4742282788287,256,0.8374782761443419
MN.RTC,33.9881,-6.8569,PM.PFVI,37.132832,-8.826829,392.4376702961197,345,0.972216786242685
MN.VSL,39.496,9.378,NZ.URZ,-38.259249,177.110894,18945.210781923903,712,1.3966692276651795
MN.VSL,39.496,9.378,PB.B934,39.844501,-123.691399,9989.004526759005,541,1.2174529891629975
MN.VSL,39.496,9.378,PM.PESTR,38.867168,-7.590169,1462.0379611356643,656,1.340619362075829
MN.VSL,39.496,9.378,PM.PFVI,37.132832,-8.826829,1607.0194799031447,528,1.2027366056064617
MN.VSL,39.496,9.378,PS.MCSJ,24.29,153.978,12027.009230998228,390,1.0336794235569031
MN.VSL,39.496,9.378,PS.PSI,2.6938,98.923698,9778.126533673958,928,1.5945111330513368
MN.VSL,39.496,9.378,PS.SYO,-69.0067,39.585,12318.926386981939,909,1.5781035957452572
MN.VSL,39.496,9.378,TW.KMNB,24.4638,118.388199,9787.108517118186,743,1.4267503069409744
MN.VSL,39.496,9.378,YF.DUOK,44.113098,14.9318,689.2222112433305,230,0.7938116818876942
MN.VSL,39.496,9.378,YF.HVAR,43.177601,16.449,717.995235404673,227,0.7886176565479485
MN.VTS,42.618,23.235,YD.3H07,47.673592,23.49605,562.528667286765,103,0.5312172632943303
MN.WDD,35.8373,14.5242,PS.PSI,2.6938,98.923698,9327.46537919335,386,1.0283648411800856
MN.WDD,35.8373,14.5242,PS.SYO,-69.0067,39.585,11839.05117667903,527,1.201597110698239
MX.HPIG,26.936794,-105.664017,MX.MOIG,19.646708,-101.227303,928.4350153012264,2187,2.4478114351227727
MX.HPIG,26.936794,-105.664017,MX.ZAIG,22.769176,-102.567123,558.8542535108323,2945,2.840509311846193
MX.HPIG,26.936794,-105.664017,MY.KOM,1.7922,103.846703,15520.478254807873,632,1.3158673372779903
MX.HPIG,26.936794,-105.664017,MY.SBM,2.4529,112.213997,14803.360172680545,512,1.1843731363161685
MX.HPIG,26.936794,-105.664017,N4.250A,31.9778,-86.2677,1956.587188535363,636,1.3200249063652767
MX.HPIG,26.936794,-105.664017,N4.ABTX,32.6238,-99.6431,858.4379357242174,1981,2.329677501345191
MX.HPIG,26.936794,-105.664017,N4.E62A,46.6201,-69.5227,3840.5991706735003,678,1.3629138808359618
MX.HPIG,26.936794,-105.664017,N4.Z38B,33.2599,-94.9852,1243.712814874543,136,0.6104119426469533
MX.HPIG,26.936794,-105.664017,NN.RUB,39.051701,-120.1549,1903.3619866440335,381,1.021682737662899
MX.HPIG,26.936794,-105.664017,NZ.URZ,-38.259249,177.110894,10810.6498065276,3134,2.9302391318564793
MX.HPIG,26.936794,-105.664017,PB.B934,39.844501,-123.691399,2196.992115279628,3119,2.923218342760604
MX.HPIG,26.936794,-105.664017,PM.PESTR,38.867168,-7.590169,8810.55195690574,2686,2.712730010448707
MX.HPIG,26.936794,-105.664017,PM.PFVI,37.132832,-8.826829,8797.111861889256,3118,2.9227496905182724
MX.HPIG,26.936794,-105.664017,PQ.NBC8,56.57308,-122.40441,3554.386666427214,566,1.245265004529899
MX.HPIG,26.936794,-105.664017,PS.CHUK,7.4638,151.8554,10852.1775710584,779,1.4609060802606257
MX.HPIG,26.936794,-105.664017,PS.JAY,-2.5147,140.703,12469.72549510402,1293,1.882143924737069
MX.HPIG,26.936794,-105.664017,PS.KOR,7.3436,134.4741,12507.125485895423,1049,1.6952795057865018
MX.HPIG,26.936794,-105.664017,PS.PSI,2.6938,98.923698,15794.593950973247,2202,2.4561915056299597
MX.HPIG,26.936794,-105.664017,PS.SYO,-69.0067,39.585,14818.297640243838,3110,2.918997763823309
MX.HPIG,26.936794,-105.664017,PS.VIVO,18.6498,105.6965,13921.596289168867,1363,1.9324198755297632
MX.HPIG,26.936794,-105.664017,QZ.ALGA,49.986897,57.210083,11295.824802773317,465,1.128703948225453
MX.HPIG,26.936794,-105.664017,QZ.FDRN,51.26934,51.769418,11042.191826662425,465,1.128703948225453
MX.HPIG,26.936794,-105.664017,QZ.INDER,48.501565,51.694986,11328.78654707525,465,1.128703948225453
MX.HPIG,26.936794,-105.664017,QZ.USHN,49.969499,82.743909,11423.229904191883,383,1.0243608097214334
MX.HPIG,26.936794,-105.664017,RM.DLV,11.952,108.481499,14333.470279605628,1713,2.1663680862059214
MX.HPIG,26.936794,-105.664017,RM.SLV,21.325247,103.906708,13775.605930796464,1782,2.2095682340271634
MX.HPIG,26.936794,-105.664017,S1.AUBUS,-33.6601,115.3828,16030.484675917052,2724,2.7318516977738994
MX.HPIG,26.936794,-105.664017,S1.AUKAL,-30.7637,121.4789,15437.250096630685,616,1.2991040115697867
MX.HPIG,26.936794,-105.664017,S1.AUMAZ,-32.0069,116.0384,15963.695199974267,409,1.0585593725462352
MX.HPIG,26.936794,-105.664017,TW.KMNB,24.4638,118.388199,12598.85123854746,1602,2.0950038414977694
MX.HPIG,26.936794,-105.664017,US.JCT,30.4794,-99.8022,694.0694270265963,188,0.7176827245731117
MX.HPIG,26.936794,-105.664017,US.MVCO,37.19956,-108.49251,1171.7013535736462,152,0.6453203515808126
MX.HPIG,26.936794,-105.664017,UU.PSUT,38.5337,-113.8547,1498.3320011019978,258,0.8407433110459417
MX.HPIG,26.936794,-105.664017,VE.BAUV,8.9433,-68.041496,4428.819270698772,748,1.4315428978878526
MX.HPIG,26.936794,-105.664017,WM.UCM,40.307499,-3.2441,9068.724383637997,418,1.0701427378868926
MX.HPIG,26.936794,-105.664017,XA.AX08,38.8984,46.1815,12131.723483814274,459,1.1213983442895492
MX.HPIG,26.936794,-105.664017,XM.ANB10,-25.0271,-64.5865,7265.05367282104,518,1.19129260981162
MX.HPIG,26.936794,-105.664017,XM.ANB11,-25.951,-62.49889,7479.678978264115,458,1.120176111398536
MX.HPIG,26.936794,-105.664017,XM.ANB16,-24.0911,-61.4628,7395.950457698764,436,1.09294123718762
MX.HPIG,26.936794,-105.664017,XM.ANB17,-25.2429,-59.8069,7603.773882401335,436,1.09294123718762
MX.HPIG,26.936794,-105.664017,XM.ANB19,-27.7766,-62.9698,7602.301474751805,376,1.0149566425721692
MX.HPIG,26.936794,-105.664017,XM.ANB20,-26.7962,-65.316,7370.094016559484,507,1.1785758761702239
MX.HPIG,26.936794,-105.664017,XM.ASB11,-37.8946,-63.8453,8423.600298420319,375,1.0136060675992289
MX.HPIG,26.936794,-105.664017,XM.ASB22,-33.66389,-67.46128,7851.62097517336,369,1.0054645215568718
MX.HPIG,26.936794,-105.664017,XM.CB01,-22.09872,-70.21211,6653.6641671188545,437,1.0941938923118713
MX.HPIG,26.936794,-105.664017,XM.CB22,-24.00541,-68.52551,6926.845740120784,498,1.1680683035010562
MX.HPIG,26.936794,-105.664017,XR.FG01,36.6308,-98.7392,1260.156614299197,117,0.5661695375110528
MX.HPIG,26.936794,-105.664017,XW.KABG,3.5104,34.143299,14532.265502752209,394,1.0389668208342944
MX.HPIG,26.936794,-105.664017,Y1.TURK,3.127577,38.27457,14902.21754415595,391,1.0350038051680432
MX.HPIG,26.936794,-105.664017,YT.LPLY,-73.1142,-90.2834,11185.236978842666,774,1.456210130855255
MX.HPIG,26.936794,-105.664017,YT.MA07,-78.2496,-93.4991,11723.138071479643,414,1.0650101292205938
MX.HPIG,26.936794,-105.664017,YT.MCRG,-73.6681,-94.6493,11216.716584397373,940,1.6047873584227366
MX.HPIG,26.936794,-105.664017,YT.MTAK,-76.3157,-112.7986,11491.860029784537,503,1.1739174552671163
MX.HPIG,26.936794,-105.664017,YT.RMBO,-83.8714,-66.3959,12468.46339835619,2816,2.77760121204443
MX.HPIG,26.936794,-105.664017,YT.THUR,-72.5301,-97.5606,11077.49326234153,512,1.1843731363161685
MX.HPIG,26.936794,-105.664017,YU.MD04,10.8953,-74.1514,3747.2426176467516,534,1.2095510318420373
MX.HPIG,26.936794,-105.664017,YU.NL02,9.2491,-70.2202,4208.268185200764,451,1.111582852672784
MX.HPIG,26.936794,-105.664017,YU.SL02,7.6943,-71.0365,4229.292931600656,496,1.1657204251401967
MX.HPIG,26.936794,-105.664017,Z7.LA01,31.9874,-93.8349,1274.4336560045465,371,1.0081856754409793
MX.MOIG,19.646708,-101.227303,MX.ZAIG,22.769176,-102.567123,373.9435260223519,2315,2.5184252526975377
MX.MOIG,19.646708,-101.227303,MY.KOM,1.7922,103.846703,16385.973702109124,750,1.43345544770249
MX.MOIG,19.646708,-101.227303,MY.SBM,2.4529,112.213997,15614.281876324143,499,1.1692404746976701
MX.MOIG,19.646708,-101.227303,N4.250A,31.9778,-86.2677,2026.146053578776,614,1.2969933619035672
MX.MOIG,19.646708,-101.227303,N4.441B,30.7498,-93.1898,1474.6597278678125,94,0.5074783212860846
MX.MOIG,19.646708,-101.227303,N4.ABTX,32.6238,-99.6431,1451.5652116640604,2200,2.455075815585737
MX.MOIG,19.646708,-101.227303,N4.E62A,46.6201,-69.5227,4155.833245365829,372,1.0095435018818064
MX.MOIG,19.646708,-101.227303,NZ.URZ,-38.259249,177.110894,10651.834603700843,2767,2.753329242536791
MX.MOIG,19.646708,-101.227303,PB.B934,39.844501,-123.691399,3104.0832487038406,2748,2.7438598949814605
MX.MOIG,19.646708,-101.227303,PM.PESTR,38.867168,-7.590169,8954.9583522161,2213,2.4623187646261675
MX.MOIG,19.646708,-101.227303,PM.PFVI,37.132832,-8.826829,8909.39522830591,2749,2.744359096276409
MX.MOIG,19.646708,-101.227303,PQ.NBC8,56.57308,-122.40441,4464.3490093244445,470,1.1347560235031635
MX.MOIG,19.646708,-101.227303,PS.CHUK,7.4638,151.8554,11473.388255341257,768,1.4505549245171987
MX.MOIG,19.646708,-101.227303,PS.JAY,-2.5147,140.703,13034.778783679507,1353,1.925317977651612
MX.MOIG,19.646708,-101.227303,PS.KOR,7.3436,134.4741,13221.748226086014,1068,1.7105634736133803
MX.MOIG,19.646708,-101.227303,PS.PSI,2.6938,98.923698,16696.261312713912,1893,2.2773452460843555
MX.MOIG,19.646708,-101.227303,PS.SYO,-69.0067,39.585,13913.701922999213,2742,2.7408627778718304
MX.MOIG,19.646708,-101.227303,PS.VIVO,18.6498,105.6965,14842.253990219204,1430,1.9793454016866492
MX.MOIG,19.646708,-101.227303,QZ.ALGA,49.986897,57.210083,11986.493124513927,448,1.107879623548503
MX.MOIG,19.646708,-101.227303,QZ.FDRN,51.26934,51.769418,11701.19392159031,448,1.107879623548503
MX.MOIG,19.646708,-101.227303,QZ.INDER,48.501565,51.694986,11974.194812980828,448,1.107879623548503
MX.MOIG,19.646708,-101.227303,QZ.USHN,49.969499,82.743909,12264.252411904974,366,1.0013689260344547
MX.MOIG,19.646708,-101.227303,RM.DLV,11.952,108.481499,15226.96926903439,1397,1.956373497130334
MX.MOIG,19.646708,-101.227303,RM.SLV,21.325247,103.906708,14702.09189776284,1482,2.0150121519739628
MX.MOIG,19.646708,-101.227303,RV.SWHSA,54.899441,-116.751793,4133.013062667993,405,1.0533703247651751
MX.MOIG,19.646708,-101.227303,S1.AUBUS,-33.6601,115.3828,16083.877278700778,2589,2.6632969577070273
MX.MOIG,19.646708,-101.227303,S1.AUHPC,-38.1068,142.3183,13623.813217542758,413,1.063723107446232
MX.MOIG,19.646708,-101.227303,S1.AUKAL,-30.7637,121.4789,15573.34788772023,668,1.3528255564932863
MX.MOIG,19.646708,-101.227303,S1.AUMAZ,-32.0069,116.0384,16063.925212110717,439,1.0966949101857806
MX.MOIG,19.646708,-101.227303,TW.KMNB,24.4638,118.388199,13499.959661784878,1757,2.194014273002112
MX.MOIG,19.646708,-101.227303,US.JCT,30.4794,-99.8022,1213.0228284859816,125,0.5852057359806528
MX.MOIG,19.646708,-101.227303,US.LAO,46.6885,-106.2231,3041.1260239969433,367,1.0027359832252927
MX.MOIG,19.646708,-101.227303,VE.BAUV,8.9433,-68.041496,3759.7709694639384,662,1.346736288267672
MX.MOIG,19.646708,-101.227303,WM.UCM,40.307499,-3.2441,9255.608608631583,507,1.1785758761702239
MX.MOIG,19.646708,-101.227303,XA.AX08,38.8984,46.1815,12673.980704614289,455,1.1165013848919998
MX.MOIG,19.646708,-101.227303,XM.ANB10,-25.0271,-64.5865,6354.421848998952,596,1.2778406443405872
MX.MOIG,19.646708,-101.227303,XM.ANB11,-25.951,-62.49889,6571.988671483738,536,1.211813991784602
MX.MOIG,19.646708,-101.227303,XM.ANB16,-24.0911,-61.4628,6496.430592229816,504,1.1750837918243189
MX.MOIG,19.646708,-101.227303,XM.ANB17,-25.2429,-59.8069,6705.500194884007,504,1.1750837918243189
MX.MOIG,19.646708,-101.227303,XM.ANB19,-27.7766,-62.9698,6689.189418135512,476,1.141976177090002
MX.MOIG,19.646708,-101.227303,XM.ANB20,-26.7962,-65.316,6454.032659200226,585,1.2659935726643312
MX.MOIG,19.646708,-101.227303,XM.ASB11,-37.8946,-63.8453,7496.2970906307955,465,1.128703948225453
MX.MOIG,19.646708,-101.227303,XM.ASB22,-33.66389,-67.46128,6924.499782416654,469,1.1335481934392182
MX.MOIG,19.646708,-101.227303,XM.CB01,-22.09872,-70.21211,5735.974390456778,510,1.1820576440988835
MX.MOIG,19.646708,-101.227303,XM.CB22,-24.00541,-68.52551,6009.320506523149,576,1.2562174142165128
MX.MOIG,19.646708,-101.227303,XR.BA07,24.1371,91.4975,14955.184482071994,513,1.185529186504826
MX.MOIG,19.646708,-101.227303,YT.LPLY,-73.1142,-90.2834,10346.293181240106,610,1.2927617246470167
MX.MOIG,19.646708,-101.227303,YT.MCRG,-73.6681,-94.6493,10387.274137496932,1046,1.6928536335600708
MX.MOIG,19.646708,-101.227303,YT.MTAK,-76.3157,-112.7986,10699.56083745116,477,1.1431751025405046
MX.MOIG,19.646708,-101.227303,YT.RMBO,-83.8714,-66.3959,11629.012993495082,2483,2.6082062276644074
MX.MOIG,19.646708,-101.227303,ZC.HMDR,18.7879,-69.381,3340.3576073014647,402,1.0494617015468923
MX.ZAIG,22.769176,-102.567123,MY.KOM,1.7922,103.846703,16058.78834879362,645,1.3293318952282882
MX.ZAIG,22.769176,-102.567123,MY.SBM,2.4529,112.213997,15315.757025610495,614,1.2969933619035672
MX.ZAIG,22.769176,-102.567123,N4.250A,31.9778,-86.2677,1903.9674623780825,653,1.3375504087287369
MX.ZAIG,22.769176,-102.567123,N4.441B,30.7498,-93.1898,1285.0923567878872,105,0.5363499164507368
MX.ZAIG,22.769176,-102.567123,N4.ABTX,32.6238,-99.6431,1132.8042979396905,2078,2.3860324148953858
MX.ZAIG,22.769176,-102.567123,N4.E62A,46.6201,-69.5227,3968.8106928931447,844,1.520634330509241
MX.ZAIG,22.769176,-102.567123,N4.Z38B,33.2599,-94.9852,1382.635538393934,134,0.605906995892301
MX.ZAIG,22.769176,-102.567123,NZ.URZ,-38.259249,177.110894,10760.666206964312,3592,3.137052101959889
MX.ZAIG,22.769176,-102.567123,PB.B934,39.844501,-123.691399,2748.9943205061477,3578,3.1309327246089778
MX.ZAIG,22.769176,-102.567123,PM.PESTR,38.867168,-7.590169,8850.75012181187,3075,2.902526060907391
MX.ZAIG,22.769176,-102.567123,PM.PFVI,37.132832,-8.826829,8817.709784759272,3576,3.1300575512237154
MX.ZAIG,22.769176,-102.567123,PQ.NBC8,56.57308,-122.40441,4091.1934941831987,485,1.1527216156937767
MX.ZAIG,22.769176,-102.567123,PS.CHUK,7.4638,151.8554,11259.489842381168,704,1.388800606022215
MX.ZAIG,22.769176,-102.567123,PS.JAY,-2.5147,140.703,12848.708121135205,1286,1.8770422667678202
MX.ZAIG,22.769176,-102.567123,PS.KOR,7.3436,134.4741,12967.464229684027,992,1.6485776351685966
MX.ZAIG,22.769176,-102.567123,PS.PSI,2.6938,98.923698,16347.522052534412,2653,2.69601430832348
MX.ZAIG,22.769176,-102.567123,PS.SYO,-69.0067,39.585,14285.85075892147,3568,3.1265544079311054
MX.ZAIG,22.769176,-102.567123,PS.VIVO,18.6498,105.6965,14479.899146098607,1363,1.9324198755297632
MX.ZAIG,22.769176,-102.567123,QZ.ALGA,49.986897,57.210083,11682.574489681474,404,1.0520690638301713
MX.ZAIG,22.769176,-102.567123,QZ.FDRN,51.26934,51.769418,11408.212481617618,404,1.0520690638301713
MX.ZAIG,22.769176,-102.567123,QZ.INDER,48.501565,51.694986,11686.460478146562,404,1.0520690638301713
MX.ZAIG,22.769176,-102.567123,RM.DLV,11.952,108.481499,14882.74963180552,1984,2.3314408502803934
MX.ZAIG,22.769176,-102.567123,RM.SLV,21.325247,103.906708,14334.364338196234,2149,2.426452396581625
MX.ZAIG,22.769176,-102.567123,S1.AUBUS,-33.6601,115.3828,16129.4269328187,3051,2.8911769419371485
MX.ZAIG,22.769176,-102.567123,S1.AUHPC,-38.1068,142.3183,13693.296005947417,373,1.010899504510304
MX.ZAIG,22.769176,-102.567123,S1.AUKAL,-30.7637,121.4789,15581.419606378373,702,1.3868264748096197
MX.ZAIG,22.769176,-102.567123,S1.AUMAZ,-32.0069,116.0384,16090.110709615281,408,1.0572644982113426
MX.ZAIG,22.769176,-102.567123,TR.TOSP,11.2984,-60.535198,4629.14943517877,456,1.1177276360961783
MX.ZAIG,22.769176,-102.567123,TW.KMNB,24.4638,118.388199,13150.687403010805,1736,2.180863219819538
MX.ZAIG,22.769176,-102.567123,US.JCT,30.4794,-99.8022,900.2039663632189,234,0.8006846385506337
MX.ZAIG,22.769176,-102.567123,VE.BAUV,8.9433,-68.041496,3985.8444098124637,896,1.5667783890990918
MX.ZAIG,22.769176,-102.567123,WM.UCM,40.307499,-3.2441,9135.529883848185,496,1.1657204251401967
MX.ZAIG,22.769176,-102.567123,X8.QM38,47.675201,-70.853104,3945.4627794387898,439,1.0966949101857806
MX.ZAIG,22.769176,-102.567123,X8.QM76,50.764801,-74.817596,3927.7087853459575,376,1.0149566425721692
MX.ZAIG,22.769176,-102.567123,XA.AX08,38.8984,46.1815,12425.385108075357,468,1.1323390750221056
MX.ZAIG,22.769176,-102.567123,XF.NE4,76.657433,-34.27758,6996.015273928761,557,1.2353248144760447
MX.ZAIG,22.769176,-102.567123,XL.AT13,44.992001,96.270103,12241.77781624074,657,1.3416407864998738
MX.ZAIG,22.769176,-102.567123,XL.HV10,51.572102,100.448601,11448.752388965093,659,1.343681305985461
MX.ZAIG,22.769176,-102.567123,XM.ANB10,-25.0271,-64.5865,6709.699352435805,605,1.2874526191574363
MX.ZAIG,22.769176,-102.567123,XM.ANB11,-25.951,-62.49889,6925.381749930163,545,1.2219454508821197
MX.ZAIG,22.769176,-102.567123,XM.ANB16,-24.0911,-61.4628,6844.733078084493,513,1.185529186504826
MX.ZAIG,22.769176,-102.567123,XM.ANB17,-25.2429,-59.8069,7053.09344003817,513,1.185529186504826
MX.ZAIG,22.769176,-102.567123,XM.ANB19,-27.7766,-62.9698,7046.16016561343,444,1.1029226428740972
MX.ZAIG,22.769176,-102.567123,XM.ANB20,-26.7962,-65.316,6813.025461316952,594,1.2756948147084288
MX.ZAIG,22.769176,-102.567123,XM.ASB11,-37.8946,-63.8453,7865.020957674261,433,1.0891746278090642
MX.ZAIG,22.769176,-102.567123,XM.ASB22,-33.66389,-67.46128,7292.987360138358,437,1.0941938923118713
MX.ZAIG,22.769176,-102.567123,XM.CB01,-22.09872,-70.21211,6096.091904046364,519,1.1924419517188996
MX.ZAIG,22.769176,-102.567123,XM.CB22,-24.00541,-68.52551,6369.335960742505,585,1.2659935726643312
MX.ZAIG,22.769176,-102.567123,XR.BA07,24.1371,91.4975,14582.69562791448,411,1.061144380968148
MX.ZAIG,22.769176,-102.567123,XW.KABG,3.5104,34.143299,14483.936632093322,398,1.0442274459638137
MX.ZAIG,22.769176,-102.567123,Y1.TURK,3.127577,38.27457,14883.680946608358,494,1.1633678083625345
MX.ZAIG,22.769176,-102.567123,YT.LPLY,-73.1142,-90.2834,10701.044233061371,807,1.486929354108523
MX.ZAIG,22.769176,-102.567123,YT.MA07,-78.2496,-93.4991,11248.027223013369,689,1.3739254830145309
MX.ZAIG,22.769176,-102.567123,YT.MA09,-79.8993,-104.9977,11417.179459963489,588,1.2692355589525488
MX.ZAIG,22.769176,-102.567123,YT.MCRG,-73.6681,-94.6493,10739.201144100203,1070,1.7121643756704754
MX.ZAIG,22.769176,-102.567123,YT.MTAK,-76.3157,-112.7986,11040.137349569288,543,1.2197012883803608
MX.ZAIG,22.769176,-102.567123,YT.RMBO,-83.8714,-66.3959,11984.457279638067,3310,3.0113938883322673
MX.ZAIG,22.769176,-102.567123,YT.THUR,-72.5301,-97.5606,10603.56824610311,565,1.244164460784607
MX.ZAIG,22.769176,-102.567123,YU.MD04,10.8953,-74.1514,3291.14850489059,576,1.2562174142165128
MX.ZAIG,22.769176,-102.567123,YU.NL02,9.2491,-70.2202,3757.4726878033857,492,1.1610104243629564
MX.ZAIG,22.769176,-102.567123,YU.SL02,7.6943,-71.0365,3761.8960373994933,525,1.1993148729101801
MX.ZAIG,22.769176,-102.567123,YY.ABMD,11.8317,35.5825,14050.915506224805,584,1.2649110640673518
MX.ZAIG,22.769176,-102.567123,YY.CHGE,10.9614,36.518398,14191.303925606955,591,1.2724692853628259
MX.ZAIG,22.769176,-102.567123,YY.NEKE,9.089,36.523701,14324.902017435359,625,1.3085598064755342
MX.ZAIG,22.769176,-102.567123,Z7.LA01,31.9874,-93.8349,1338.2410324321597,372,1.0095435018818064
MX.ZAIG,22.769176,-102.567123,ZE.BULG,61.126701,-151.091202,5634.164485199567,502,1.1727499587522587
MY.KOM,1.7922,103.846703,MY.KUM,5.2902,100.6492,526.480390989419,229,0.7920841244930822
MY.KOM,1.7922,103.846703,MY.SBM,2.4529,112.213997,932.6553000843962,390,1.0336794235569031
MY.KOM,1.7922,103.846703,N4.ABTX,32.6238,-99.6431,15460.834275381676,453,1.114044833214067
MY.KOM,1.7922,103.846703,NZ.URZ,-38.259249,177.110894,8681.538290145583,1584,2.083200909033322
MY.KOM,1.7922,103.846703,PB.B934,39.844501,-123.691399,13329.005879713473,1383,1.9465459398355875
MY.KOM,1.7922,103.846703,PM.PESTR,38.867168,-7.590169,11714.938704480093,1326,1.9060106800143506
MY.KOM,1.7922,103.846703,PM.PFVI,37.132832,-8.826829,11870.694852921833,1440,1.986254132645683
MY.KOM,1.7922,103.846703,PS.MCSJ,24.29,153.978,5932.755656053697,434,1.090431609909769
MY.KOM,1.7922,103.846703,PS.PSI,2.6938,98.923698,556.100064737871,1180,1.7980202202224442
MY.KOM,1.7922,103.846703,PS.SYO,-69.0067,39.585,9200.724377399854,1359,1.9295822530363604
MY.KOM,1.7922,103.846703,RM.DLV,11.952,108.481499,1239.8985267803525,800,1.4804664203952105
MY.KOM,1.7922,103.846703,RM.SLV,21.325247,103.906708,2171.9884578524616,917,1.58503273377028
MY.KOM,1.7922,103.846703,S1.AUBUS,-33.6601,115.3828,4123.131697283221,824,1.5025093166351224
MY.KOM,1.7922,103.846703,TM.SRIT,8.59549,99.601994,890.4849338691258,140,0.6193235372853323
MY.KOM,1.7922,103.846703,TT.TATN,32.578701,10.5292,10210.823820905582,684,1.3689311899214387
MY.KOM,1.7922,103.846703,TW.KMNB,24.4638,118.388199,2965.871507895022,1135,1.7634026882977951
MY.KOM,1.7922,103.846703,X8.QMM5,50.8438,-68.798203,14120.726284861808,579,1.2594845651547357
MY.KOM,1.7922,103.846703,XI.SM37,44.381001,-93.380997,14603.558864803168,478,1.1443727719130206
MY.KOM,1.7922,103.846703,XL.HD03,46.515701,102.547203,4974.634708561476,381,1.021682737662899
MY.KOM,1.7922,103.846703,XL.HD09,45.413898,100.5718,4861.090377618094,396,1.041600454516661
MY.KOM,1.7922,103.846703,XL.HD41,48.242298,99.400002,5182.6124942281895,394,1.0389668208342944
MY.KOM,1.7922,103.846703,XL.HD73,49.4953,101.357101,5309.625949675765,396,1.041600454516661
MY.KOM,1.7922,103.846703,XL.HD74,49.500999,99.152298,5323.712907010901,398,1.0442274459638137
MY.KOM,1.7922,103.846703,XY.PACW,39.9962,-77.9247,15364.952574160543,396,1.041600454516661
MY.KOM,1.7922,103.846703,YB.AT56,36.7019,35.546902,7965.954848850158,393,1.0376474973550138
MY.KOM,1.7922,103.846703,YT.CLRK,-77.3231,-141.8485,10779.013592264479,373,1.010899504510304
MY.KOM,1.7922,103.846703,YT.RMBO,-83.8714,-66.3959,10878.38313656657,641,1.3252035253355026
MY.KUM,5.2902,100.6492,NZ.URZ,-38.259249,177.110894,9203.053474422128,915,1.5833032921927792
MY.KUM,5.2902,100.6492,PB.B934,39.844501,-123.691399,13253.336332070614,635,1.318986742692003
MY.KUM,5.2902,100.6492,PM.PESTR,38.867168,-7.590169,11191.711722695709,860,1.5349802551048153
MY.KUM,5.2902,100.6492,PM.PFVI,37.132832,-8.826829,11349.11026407275,637,1.3210622541924566
MY.KUM,5.2902,100.6492,PS.PSI,2.6938,98.923698,346.3812355738795,874,1.547423842373254
MY.KUM,5.2902,100.6492,PS.SYO,-69.0067,39.585,9455.663289251223,636,1.3200249063652767
MY.KUM,5.2902,100.6492,RM.DLV,11.952,108.481499,1135.4521265113553,280,0.8758557459257962
MY.KUM,5.2902,100.6492,TM.SRIT,8.59549,99.601994,385.27522893007546,157,0.6558482951882774
MY.KUM,5.2902,100.6492,TW.KMNB,24.4638,118.388199,2852.450434847051,372,1.0095435018818064
MY.SBM,2.4529,112.213997,NZ.URZ,-38.259249,177.110894,8024.101659735467,1105,1.7399417404827016
MY.SBM,2.4529,112.213997,PB.B934,39.844501,-123.691399,12647.249572541743,1146,1.7719272071383916
MY.SBM,2.4529,112.213997,PM.PESTR,38.867168,-7.590169,12352.315784515964,1087,1.7257120825273322
MY.SBM,2.4529,112.213997,PM.PFVI,37.132832,-8.826829,12524.618239715242,1132,1.7610706581547768
MY.SBM,2.4529,112.213997,PS.PSI,2.6938,98.923698,1476.5607701112344,858,1.5331943554249243
MY.SBM,2.4529,112.213997,PS.SYO,-69.0067,39.585,9580.981831758663,1106,1.7407288663951574
MY.SBM,2.4529,112.213997,RM.DLV,11.952,108.481499,1133.4943132776252,677,1.3619084112185904
MY.SBM,2.4529,112.213997,RM.SLV,21.325247,103.906708,2283.0588327932983,747,1.4305856641479926
MY.SBM,2.4529,112.213997,S1.AUBUS,-33.6601,115.3828,4029.311911316961,625,1.3085598064755342
MY.SBM,2.4529,112.213997,TW.KMNB,24.4638,118.388199,2535.667015667813,777,1.459029514193483
MY.SBM,2.4529,112.213997,YT.CLRK,-77.3231,-141.8485,10658.268910709556,391,1.0350038051680432
MY.SBM,2.4529,112.213997,YT.RMBO,-83.8714,-66.3959,10961.575543838464,662,1.346736288267672
N4.250A,31.9778,-86.2677,N4.ABTX,32.6238,-99.6431,1258.3479313058297,493,1.1621897140772024
N4.250A,31.9778,-86.2677,NM.CLTN,36.09115,-86.3315,457.4220263189086,95,0.5101705328640019
N4.250A,31.9778,-86.2677,NZ.URZ,-38.259249,177.110894,12662.293973479258,817,1.4961136869849034
N4.250A,31.9778,-86.2677,PB.B934,39.844501,-123.691399,3454.892517590157,815,1.4942813364051521
N4.250A,31.9778,-86.2677,PM.PESTR,38.867168,-7.590169,6947.928316907757,776,1.458090325480652
N4.250A,31.9778,-86.2677,PM.PFVI,37.132832,-8.826829,6913.745448134383,812,1.4915285898187052
N4.250A,31.9778,-86.2677,PS.JAY,-2.5147,140.703,14119.289008846004,371,1.0081856754409793
N4.250A,31.9778,-86.2677,PS.KOR,7.3436,134.4741,13869.461293448878,365,1.0
N4.250A,31.9778,-86.2677,PS.PSI,2.6938,98.923698,16121.047670324348,591,1.2724692853628259
N4.250A,31.9778,-86.2677,PS.SYO,-69.0067,39.585,14706.089191046205,797,1.4776879385836565
N4.250A,31.9778,-86.2677,PS.VIVO,18.6498,105.6965,14242.98511525191,382,1.023022650025772
N4.250A,31.9778,-86.2677,RM.DLV,11.952,108.481499,14884.107809645511,421,1.073976097282545
N4.250A,31.9778,-86.2677,RM.SLV,21.325247,103.906708,13989.904641123698,432,1.087916193387899
N4.250A,31.9778,-86.2677,S1.AUBUS,-33.6601,115.3828,17987.029769719065,796,1.4767606162842437
N4.250A,31.9778,-86.2677,TA.Q56A,39.0401,-79.187103,1012.8924097805049,182,0.7061374773982056
N4.250A,31.9778,-86.2677,TA.Z50A,33.254002,-85.9226,145.54148149095874,141,0.6215314713375452
N4.250A,31.9778,-86.2677,TW.KMNB,24.4638,118.388199,13214.631568174413,548,1.225303988002038
N4.250A,31.9778,-86.2677,XO.SOKY,37.5256,-85.961899,617.519186580768,187,0.7157714489439263
N4.250A,31.9778,-86.2677,XY.PACW,39.9962,-77.9247,1164.3516400844908,187,0.7157714489439263
N4.250A,31.9778,-86.2677,YO.D03,34.3559,-74.488701,1127.0809470379425,91,0.49931459871823364
N4.250A,31.9778,-86.2677,YO.X01,36.225201,-74.5793,1174.2010471160731,95,0.5101705328640019
N4.250A,31.9778,-86.2677,YO.X06,33.6507,-72.205704,1326.153590050679,91,0.49931459871823364
N4.250A,31.9778,-86.2677,YO.X09,32.516899,-74.3536,1121.4616558057646,90,0.49656353316142077
N4.250A,31.9778,-86.2677,YO.X10,33.047501,-76.059898,964.1309610174579,90,0.49656353316142077
N4.250A,31.9778,-86.2677,YT.RMBO,-83.8714,-66.3959,12920.091048524102,802,1.4823158482498267
N4.250A,31.9778,-86.2677,YU.B01A,42.554493,-76.505821,1457.0253723090138,140,0.6193235372853323
N4.ABTX,32.6238,-99.6431,NM.WADM,36.366,-89.796,993.0707378750689,101,0.5260345319150856
N4.ABTX,32.6238,-99.6431,NN.RUB,39.051701,-120.1549,1976.8323874457133,404,1.0520690638301713
N4.ABTX,32.6238,-99.6431,NZ.URZ,-38.259249,177.110894,11657.276912548043,2607,2.6725391958631137
N4.ABTX,32.6238,-99.6431,PB.B934,39.844501,-123.691399,2292.75544399398,2583,2.660209076138025
N4.ABTX,32.6238,-99.6431,PM.PESTR,38.867168,-7.590169,7967.158688345574,2207,2.458978516064293
N4.ABTX,32.6238,-99.6431,PM.PFVI,37.132832,-8.826829,7959.9995791809615,2587,2.662268061799321
N4.ABTX,32.6238,-99.6431,PQ.NBC8,56.57308,-122.40441,3182.9591613265247,535,1.2106830405426245
N4.ABTX,32.6238,-99.6431,PS.CHUK,7.4638,151.8554,11257.706013977813,801,1.4813914229349396
N4.ABTX,32.6238,-99.6431,PS.JAY,-2.5147,140.703,12909.851707777922,1434,1.982111783751782
N4.ABTX,32.6238,-99.6431,PS.KOR,7.3436,134.4741,12773.923971154843,1104,1.739154258324021
N4.ABTX,32.6238,-99.6431,PS.PSI,2.6938,98.923698,15628.40551162974,1730,2.1770911849064247
N4.ABTX,32.6238,-99.6431,PS.SYO,-69.0067,39.585,15238.31033971417,2577,2.657117606091748
N4.ABTX,32.6238,-99.6431,PS.VIVO,18.6498,105.6965,13708.836628561561,1511,2.0346316687295665
N4.ABTX,32.6238,-99.6431,QZ.ALGA,49.986897,57.210083,10549.864159785151,472,1.1371678349880932
N4.ABTX,32.6238,-99.6431,QZ.FDRN,51.26934,51.769418,10276.120556574559,470,1.1347560235031635
N4.ABTX,32.6238,-99.6431,QZ.INDER,48.501565,51.694986,10555.44579879693,470,1.1347560235031635
N4.ABTX,32.6238,-99.6431,QZ.USHN,49.969499,82.743909,10828.12614387787,390,1.0336794235569031
N4.ABTX,32.6238,-99.6431,RM.DLV,11.952,108.481499,14227.881844441723,1263,1.8601811666079031
N4.ABTX,32.6238,-99.6431,RM.SLV,21.325247,103.906708,13515.15117738386,1255,1.8542804977628282
N4.ABTX,32.6238,-99.6431,S1.AUBUS,-33.6601,115.3828,16767.62228526727,2563,2.649890150217397
N4.ABTX,32.6238,-99.6431,S1.AUHPC,-38.1068,142.3183,14467.351651231325,557,1.2353248144760447
N4.ABTX,32.6238,-99.6431,S1.AUKAL,-30.7637,121.4789,16143.199970274578,718,1.4025417240393359
N4.ABTX,32.6238,-99.6431,S1.AUMAZ,-32.0069,116.0384,16677.24774766384,451,1.111582852672784
N4.ABTX,32.6238,-99.6431,TW.KMNB,24.4638,118.388199,12494.975190926445,1590,2.0871426361323855
N4.ABTX,32.6238,-99.6431,US.DUG,40.195,-112.8133,1445.8064868429076,208,0.7548927166814038
N4.ABTX,32.6238,-99.6431,US.ECSD,43.7337,-96.6141,1263.168122592656,242,0.8142565312173659
N4.ABTX,32.6238,-99.6431,US.JCT,30.4794,-99.8022,238.92272295022025,129,0.5944952964778162
N4.ABTX,32.6238,-99.6431,US.MVCO,37.19956,-108.49251,953.2724100274327,127,0.5898688036160685
N4.ABTX,32.6238,-99.6431,UU.PSUT,38.5337,-113.8547,1441.2239052842747,214,0.765703186530534
N4.ABTX,32.6238,-99.6431,WM.UCM,40.307499,-3.2441,8218.27840240899,491,1.1598299355733386
N4.ABTX,32.6238,-99.6431,XA.AX08,38.8984,46.1815,11314.811992917714,504,1.1750837918243189
N4.ABTX,32.6238,-99.6431,XM.ANB10,-25.0271,-64.5865,7409.189125111007,645,1.3293318952282882
N4.ABTX,32.6238,-99.6431,XM.ANB11,-25.951,-62.49889,7608.36777861223,584,1.2649110640673518
N4.ABTX,32.6238,-99.6431,XM.ANB16,-24.0911,-61.4628,7494.3710412746,552,1.229767769590376
N4.ABTX,32.6238,-99.6431,XM.ANB17,-25.2429,-59.8069,7695.016570191108,554,1.231993595429003
N4.ABTX,32.6238,-99.6431,XM.ANB19,-27.7766,-62.9698,7753.728234663127,483,1.1503424147760861
N4.ABTX,32.6238,-99.6431,XM.ANB20,-26.7962,-65.316,7539.282747526045,633,1.3169079600877451
N4.ABTX,32.6238,-99.6431,XM.ASB11,-37.8946,-63.8453,8672.999914914386,472,1.1371678349880932
N4.ABTX,32.6238,-99.6431,XM.ASB22,-33.66389,-67.46128,8103.417339632879,476,1.141976177090002
N4.ABTX,32.6238,-99.6431,XM.CB01,-22.09872,-70.21211,6840.877397957852,558,1.2364332263764475
N4.ABTX,32.6238,-99.6431,XM.CB22,-24.00541,-68.52551,7109.562218360549,624,1.307512539555889
N4.ABTX,32.6238,-99.6431,XR.BA07,24.1371,91.4975,13593.871673302667,571,1.2507531977348032
N4.ABTX,32.6238,-99.6431,Y1.TURK,3.127577,38.27457,14065.538729111855,569,1.248560815334616
N4.ABTX,32.6238,-99.6431,YT.LPLY,-73.1142,-90.2834,11779.113722220107,748,1.4315428978878526
N4.ABTX,32.6238,-99.6431,YT.MCRG,-73.6681,-94.6493,11825.10430444598,1277,1.870462546266645
N4.ABTX,32.6238,-99.6431,YT.MTAK,-76.3157,-112.7986,12148.791306005736,486,1.1539093765608583
N4.ABTX,32.6238,-99.6431,YT.RMBO,-83.8714,-66.3959,13058.904883415065,2301,2.5107985958736507
N4.ABTX,32.6238,-99.6431,Z7.LA01,31.9874,-93.8349,550.3682470252701,393,1.0376474973550138
N4.ABTX,32.6238,-99.6431,ZT.WEST,40.416389,-86.7725,1437.4495287382028,272,0.8632528479258292
N4.E62A,46.6201,-69.5227,NZ.URZ,-38.259249,177.110894,14633.52577454881,1107,1.7415156365444344
N4.E62A,46.6201,-69.5227,PB.B934,39.844501,-123.691399,4364.525969940014,1111,1.744659169132572
N4.E62A,46.6201,-69.5227,PM.PESTR,38.867168,-7.590169,4998.39324211155,1086,1.7249181040714439
N4.E62A,46.6201,-69.5227,PM.PFVI,37.132832,-8.826829,5006.918016442125,1111,1.744659169132572
N4.E62A,46.6201,-69.5227,PS.PSI,2.6938,98.923698,14415.754792096306,981,1.6394118557814301
N4.E62A,46.6201,-69.5227,PS.SYO,-69.0067,39.585,15499.103886556399,1110,1.7438738172273127
N4.E62A,46.6201,-69.5227,RM.DLV,11.952,108.481499,13499.142150096757,765,1.4477190372993318
N4.E62A,46.6201,-69.5227,RM.SLV,21.325247,103.906708,12431.064621135352,941,1.605640741816432
N4.E62A,46.6201,-69.5227,S1.AUBUS,-33.6601,115.3828,18515.69972397522,848,1.5242334700540061
N4.E62A,46.6201,-69.5227,TW.KMNB,24.4638,118.388199,12070.908643815766,369,1.0054645215568718
N4.E62A,46.6201,-69.5227,VE.BAUV,8.9433,-68.041496,4191.837370006167,582,1.2627432628785653
N4.E62A,46.6201,-69.5227,XA.GP03,42.6352,44.6162,8161.945068364683,460,1.122619246495774
N4.E62A,46.6201,-69.5227,XW.AMDT,1.9487,34.935799,10945.396478398745,588,1.2692355589525488
N4.E62A,46.6201,-69.5227,XW.KABG,3.5104,34.143299,10757.659222392844,521,1.1947373185240229
N4.E62A,46.6201,-69.5227,YT.MA07,-78.2496,-93.4991,13979.105011652473,395,1.0402844711048598
N4.E62A,46.6201,-69.5227,YT.RMBO,-83.8714,-66.3959,14510.927372938015,1033,1.6823010985853186
N4.E62A,46.6201,-69.5227,YT.THUR,-72.5301,-97.5606,13426.856499329018,365,1.0
N4.E62A,46.6201,-69.5227,YU.MD04,10.8953,-74.1514,3996.3607167355162,596,1.2778406443405872
N4.E62A,46.6201,-69.5227,YU.NL02,9.2491,-70.2202,4155.998561342177,493,1.1621897140772024
N4.E62A,46.6201,-69.5227,YU.SL02,7.6943,-71.0365,4330.765638611422,527,1.201597110698239
N4.E62A,46.6201,-69.5227,ZE.BULG,61.126701,-151.091202,5199.145608455851,374,1.0122536906559418
NL.HGN,50.764,5.9317,PS.MCSJ,24.29,153.978,11099.480687096295,479,1.1455691891471627
NL.HGN,50.764,5.9317,PS.PSI,2.6938,98.923698,9985.744023856398,525,1.1993148729101801
NL.HGN,50.764,5.9317,PS.SYO,-69.0067,39.585,13600.329028410679,569,1.248560815334616
NL.HGN,50.764,5.9317,TW.KMNB,24.4638,118.388199,9364.040226745927,562,1.240856972981681
NL.HGN,50.764,5.9317,XK.NOVR,57.691681,-4.410162,1020.1705144433832,162,0.6662098891778447
NN.RUB,39.051701,-120.1549,NZ.URZ,-38.259249,177.110894,10714.722342393827,407,1.0559680360459236
NN.RUB,39.051701,-120.1549,PB.B934,39.844501,-123.691399,316.1726820986674,397,1.0429147773795864
NN.RUB,39.051701,-120.1549,PM.PESTR,38.867168,-7.590169,8962.295526155633,384,1.0256972236096518
NN.RUB,39.051701,-120.1549,PM.PFVI,37.132832,-8.826829,9015.124213328269,399,1.0455384665001604
NN.RUB,39.051701,-120.1549,PS.SYO,-69.0067,39.585,16470.801866896385,396,1.041600454516661
NN.RUB,39.051701,-120.1549,PS.VIVO,18.6498,105.6965,12022.563310126623,407,1.0559680360459236
NN.RUB,39.051701,-120.1549,S1.AUBUS,-33.6601,115.3828,15082.493120801993,408,1.0572644982113426
NN.RUB,39.051701,-120.1549,TW.KMNB,24.4638,118.388199,10696.817129273779,373,1.010899504510304
NN.RUB,39.051701,-120.1549,US.MVCO,37.19956,-108.49251,1039.9371406684556,98,0.5181632471383237
NN.RUB,39.051701,-120.1549,UU.PSUT,38.5337,-113.8547,548.9388430464085,158,0.6579336686389952
NR.NE74,28.007509,-114.013802,NR.NE75,27.293341,-112.856491,138.92343420486108,753,1.4363194974065265
NR.NE74,28.007509,-114.013802,NR.NE78,24.398199,-111.10643,495.1333678230748,156,0.6537562697779445
NR.NE74,28.007509,-114.013802,NR.NE79,23.11937,-109.756111,691.1114993935088,410,1.0598526648703945
NR.NE74,28.007509,-114.013802,NR.NE80,30.5,-112.319931,322.19376649744845,547,1.2241854994184098
NR.NE74,28.007509,-114.013802,NR.NE81,28.918341,-109.636261,439.71490705857667,631,1.3148258908645172
NR.NE74,28.007509,-114.013802,NR.NE82,26.915661,-109.230843,487.23996024309855,609,1.2917016492537785
NR.NE74,28.007509,-114.013802,NR.NE83,24.730881,-107.739326,723.346946649247,593,1.2746205452002473
NR.NE74,28.007509,-114.013802,NZ.URZ,-38.259249,177.110894,10268.389474275327,807,1.486929354108523
NR.NE74,28.007509,-114.013802,PM.PESTR,38.867168,-7.590169,9367.369359728993,506,1.1774129988508764
NR.NE74,28.007509,-114.013802,PS.MCSJ,24.29,153.978,8951.721344773636,845,1.5215349135496974
NR.NE74,28.007509,-114.013802,PS.PSI,2.6938,98.923698,15111.042564771216,721,1.4054687708211182
NR.NE74,28.007509,-114.013802,PS.SYO,-69.0067,39.585,15144.485777760656,1006,1.660169986345267
NR.NE74,28.007509,-114.013802,TW.KMNB,24.4638,118.388199,11920.99241072257,618,1.3012112376288127
NR.NE74,28.007509,-114.013802,US.DUG,40.195,-112.8133,1359.6491128146665,212,0.7621167350270031
NR.NE74,28.007509,-114.013802,US.JCT,30.4794,-99.8022,1404.952731000659,149,0.6389203221702936
NR.NE74,28.007509,-114.013802,X4.D26,32.459202,96.394203,12563.134392029542,425,1.0790660599072865
NR.NE74,28.007509,-114.013802,XC.OR088,42.965599,-117.302299,1689.3254030453022,421,1.073976097282545
NR.NE74,28.007509,-114.013802,XF.MA28,20.1786,-102.597,1448.0290277065526,213,0.7639120655125278
NR.NE74,28.007509,-114.013802,XF.MA36,19.3594,-104.893204,1335.8235397377618,214,0.765703186530534
NR.NE74,28.007509,-114.013802,Y2.GUGE,31.4769,79.664101,13243.94280954572,492,1.1610104243629564
NR.NE74,28.007509,-114.013802,Y2.PURG,30.198799,81.275299,13342.34665773803,494,1.1633678083625345
NR.NE74,28.007509,-114.013802,YK.OCW,38.425842,-122.846184,1418.6199413028364,102,0.5286322491056713
NR.NE74,28.007509,-114.013802,ZL.I02,25.684299,-110.099602,466.3550077680222,166,0.6743845494582044
NR.NE74,28.007509,-114.013802,ZL.N06,27.174299,-111.153603,296.6973808407905,168,0.6784349435301367
NR.NE74,28.007509,-114.013802,ZL.S05,23.347799,-108.094299,787.3917265435147,165,0.6723502022908507
NR.NE75,27.293341,-112.856491,NR.NE78,24.398199,-111.10643,366.4641004529955,131,0.5990860619218586
NR.NE75,27.293341,-112.856491,NR.NE79,23.11937,-109.756111,559.13349405279,564,1.2430629426750903
NR.NE75,27.293341,-112.856491,NR.NE80,30.5,-112.319931,360.3684919871233,646,1.3303619859642075
NR.NE75,27.293341,-112.856491,NR.NE81,28.918341,-109.636261,363.85727784230414,656,1.340619362075829
NR.NE75,27.293341,-112.856491,NR.NE82,26.915661,-109.230843,361.31396958896954,686,1.3709310904617054
NR.NE75,27.293341,-112.856491,NR.NE83,24.730881,-107.739326,585.2965259674664,612,1.2948792718887439
NR.NE75,27.293341,-112.856491,NZ.URZ,-38.259249,177.110894,10298.51572726935,697,1.3818788083967024
NR.NE75,27.293341,-112.856491,PM.PESTR,38.867168,-7.590169,9333.787916539579,466,1.1299169565800504
NR.NE75,27.293341,-112.856491,PS.MCSJ,24.29,153.978,9087.595729676264,989,1.6460829387050613
NR.NE75,27.293341,-112.856491,PS.PSI,2.6938,98.923698,15249.600588231304,713,1.3976496905642153
NR.NE75,27.293341,-112.856491,PS.SYO,-69.0067,39.585,15040.714834227938,1109,1.7430881114801862
NR.NE75,27.293341,-112.856491,TW.KMNB,24.4638,118.388199,12059.048572502445,571,1.2507531977348032
NR.NE75,27.293341,-112.856491,US.DUG,40.195,-112.8133,1434.6065109385227,172,0.6864640389068671
NR.NE75,27.293341,-112.856491,US.JCT,30.4794,-99.8022,1318.4971119836703,184,0.7100067528137292
NR.NE75,27.293341,-112.856491,X4.D26,32.459202,96.394203,12685.917734038087,380,1.0203410657280039
NR.NE75,27.293341,-112.856491,XF.MA28,20.1786,-102.597,1309.1060212196583,95,0.5101705328640019
NR.NE75,27.293341,-112.856491,XF.MA36,19.3594,-104.893204,1199.0102052906,96,0.5128486118048259
NR.NE75,27.293341,-112.856491,Y2.GUGE,31.4769,79.664101,13346.697569227472,449,1.1091154071156752
NR.NE75,27.293341,-112.856491,Y2.PURG,30.198799,81.275299,13448.162922842475,451,1.111582852672784
NR.NE75,27.293341,-112.856491,ZL.I02,25.684299,-110.099602,327.53539894797444,102,0.5286322491056713
NR.NE75,27.293341,-112.856491,ZL.N06,27.174299,-111.153603,168.88053481485957,102,0.5286322491056713
NR.NE75,27.293341,-112.856491,ZL.S05,23.347799,-108.094299,649.1679541492431,102,0.5286322491056713
NR.NE78,24.398199,-111.10643,NR.NE79,23.11937,-109.756111,197.74878106845964,216,0.7692729177072388
NR.NE78,24.398199,-111.10643,NR.NE80,30.5,-112.319931,688.9579797406608,216,0.7692729177072388
NR.NE78,24.398199,-111.10643,NR.NE81,28.918341,-109.636261,523.4016643206586,121,0.5757663148492351
NR.NE78,24.398199,-111.10643,NR.NE82,26.915661,-109.230843,337.1818724535339,168,0.6784349435301367
NR.NE78,24.398199,-111.10643,US.JCT,30.4794,-99.8022,1303.3671881001983,128,0.5921865681580842
NR.NE79,23.11937,-109.756111,NR.NE80,30.5,-112.319931,859.1339362566122,879,1.551843799511469
NR.NE79,23.11937,-109.756111,NR.NE81,28.918341,-109.636261,644.9280877232738,664,1.3487690989164087
NR.NE79,23.11937,-109.756111,NR.NE82,26.915661,-109.230843,425.4320172168989,827,1.5052419820937544
NR.NE79,23.11937,-109.756111,NR.NE83,24.730881,-107.739326,272.258334760683,748,1.4315428978878526
NR.NE79,23.11937,-109.756111,NZ.URZ,-38.259249,177.110894,10221.673821091972,981,1.6394118557814301
NR.NE79,23.11937,-109.756111,PS.MCSJ,24.29,153.978,9561.051940493997,1190,1.8056228766281015
NR.NE79,23.11937,-109.756111,PS.PSI,2.6938,98.923698,15784.539532551476,656,1.340619362075829
NR.NE79,23.11937,-109.756111,PS.SYO,-69.0067,39.585,14515.713095017885,1341,1.916760966510881
NR.NE79,23.11937,-109.756111,TW.KMNB,24.4638,118.388199,12601.365329671495,737,1.4209778612602593
NR.NE79,23.11937,-109.756111,TW.MATB,26.151501,119.945602,12359.77220552343,895,1.5659038267149576
NR.NE79,23.11937,-109.756111,US.JCT,30.4794,-99.8022,1281.770153812326,222,0.779884079900463
NR.NE79,23.11937,-109.756111,XF.MA28,20.1786,-102.597,808.7730913422648,215,0.7674901275524076
NR.NE79,23.11937,-109.756111,XF.MA36,19.3594,-104.893204,654.7251516470963,215,0.7674901275524076
NR.NE79,23.11937,-109.756111,XT.B151,12.9915,-67.651299,4574.224608997929,366,1.0013689260344547
NR.NE79,23.11937,-109.756111,XT.CMPC,7.6508,-64.073097,5164.237956547957,510,1.1820576440988835
NR.NE79,23.11937,-109.756111,XT.MHTO,13.9497,-66.490997,4656.199037838018,368,1.0041011792056576
NR.NE79,23.11937,-109.756111,ZL.I02,25.684299,-110.099602,287.32005252947295,305,0.9141205819563217
NR.NE79,23.11937,-109.756111,ZL.N06,27.174299,-111.153603,472.3062789706422,304,0.9126207932809591
NR.NE79,23.11937,-109.756111,ZL.S05,23.347799,-108.094299,171.6882100411496,307,0.9171128013559504
NR.NE80,30.5,-112.319931,NR.NE81,28.918341,-109.636261,313.2041681649463,907,1.5763665521855363
NR.NE80,30.5,-112.319931,NR.NE82,26.915661,-109.230843,499.5526142167898,783,1.4646519994360623
NR.NE80,30.5,-112.319931,NR.NE83,24.730881,-107.739326,784.1354898224672,794,1.4749042225695284
NR.NE80,30.5,-112.319931,NZ.URZ,-38.259249,177.110894,10576.646527190567,930,1.5962284314844952
NR.NE80,30.5,-112.319931,PS.MCSJ,24.29,153.978,8996.252725573291,1131,1.7602926282258589
NR.NE80,30.5,-112.319931,PS.PSI,2.6938,98.923698,15055.570132760577,757,1.440129370139963
NR.NE80,30.5,-112.319931,PS.SYO,-69.0067,39.585,15373.721509616717,1348,1.9217571867776393
NR.NE80,30.5,-112.319931,TW.KMNB,24.4638,118.388199,11858.643208276111,954,1.6166937341800351
NR.NE80,30.5,-112.319931,TW.MATB,26.151501,119.945602,11615.03756071129,538,1.214072733710681
NR.NE80,30.5,-112.319931,US.DUG,40.195,-112.8133,1078.959020856797,306,0.9156179139704299
NR.NE80,30.5,-112.319931,US.JCT,30.4794,-99.8022,1198.823289938818,222,0.779884079900463
NR.NE80,30.5,-112.319931,XC.OR088,42.965599,-117.302299,1454.7591278928091,248,0.8242888175842983
NR.NE80,30.5,-112.319931,XF.MA36,19.3594,-104.893204,1446.487282531492,300,0.9065968278232491
NR.NE80,30.5,-112.319931,XT.CMPC,7.6508,-64.073097,5613.999584416932,386,1.0283648411800856
NR.NE80,30.5,-112.319931,YK.OCW,38.425842,-122.846184,1305.2171507919359,135,0.6081636405595373
NR.NE80,30.5,-112.319931,Z8.320,36.0107,112.366096,11271.760055656225,404,1.0520690638301713
NR.NE80,30.5,-112.319931,Z8.365,35.987999,105.131699,11651.820027569911,396,1.041600454516661
NR.NE80,30.5,-112.319931,Z8.373,35.941299,103.562599,11731.487324220017,395,1.0402844711048598
NR.NE80,30.5,-112.319931,ZL.I02,25.684299,-110.099602,578.0369114362861,159,0.6600124531826383
NR.NE80,30.5,-112.319931,ZL.N06,27.174299,-111.153603,386.8499493860812,159,0.6600124531826383
NR.NE80,30.5,-112.319931,ZL.S05,23.347799,-108.094299,898.6518231605471,159,0.6600124531826383
NR.NE81,28.918341,-109.636261,NR.NE82,26.915661,-109.230843,226.22221896560703,778,1.4599680987319785
NR.NE81,28.918341,-109.636261,NR.NE83,24.730881,-107.739326,502.20452788502524,949,1.61245154965971
NR.NE81,28.918341,-109.636261,NZ.URZ,-38.259249,177.110894,10654.59385562395,1203,1.815458732926448
NR.NE81,28.918341,-109.636261,PM.PESTR,38.867168,-7.590169,8975.973571407338,541,1.2174529891629975
NR.NE81,28.918341,-109.636261,PS.MCSJ,24.29,153.978,9304.165686624498,1246,1.8476197201093592
NR.NE81,28.918341,-109.636261,PS.PSI,2.6938,98.923698,15364.74725493434,1028,1.6782247633032898
NR.NE81,28.918341,-109.636261,PS.SYO,-69.0067,39.585,15136.704430419166,1323,1.9038533384288232
NR.NE81,28.918341,-109.636261,TW.KMNB,24.4638,118.388199,12167.77142766455,866,1.5403255304402466
NR.NE81,28.918341,-109.636261,TW.MATB,26.151501,119.945602,11924.011558405391,520,1.1935901868927103
NR.NE81,28.918341,-109.636261,US.DUG,40.195,-112.8133,1286.9593855594244,321,0.9377910507114687
NR.NE81,28.918341,-109.636261,X4.D26,32.459202,96.394203,12657.979353064347,365,1.0
NR.NE81,28.918341,-109.636261,XF.MA28,20.1786,-102.597,1204.0067507438357,284,0.8820896733217218
NR.NE81,28.918341,-109.636261,XF.MA36,19.3594,-104.893204,1166.4152018419309,285,0.8836412834449391
NR.NE81,28.918341,-109.636261,Y2.GUGE,31.4769,79.664101,13227.78203518024,425,1.0790660599072865
NR.NE81,28.918341,-109.636261,Y2.PURG,30.198799,81.275299,13340.519696334064,427,1.08160205884541
NR.NE81,28.918341,-109.636261,Z8.320,36.0107,112.366096,11563.855770285416,452,1.112814523801501
NR.NE81,28.918341,-109.636261,Z8.365,35.987999,105.131699,11933.097448324754,455,1.1165013848919998
NR.NE81,28.918341,-109.636261,Z8.373,35.941299,103.562599,12010.061186016133,456,1.1177276360961783
NR.NE81,28.918341,-109.636261,ZL.I02,25.684299,-110.099602,362.51073612679266,144,0.6281087071082564
NR.NE81,28.918341,-109.636261,ZL.N06,27.174299,-111.153603,244.49633278376913,144,0.6281087071082564
NR.NE81,28.918341,-109.636261,ZL.S05,23.347799,-108.094299,638.2315912588426,144,0.6281087071082564
NR.NE82,26.915661,-109.230843,NR.NE83,24.730881,-107.739326,285.132143949241,764,1.4467725062813113
NR.NE82,26.915661,-109.230843,NZ.URZ,-38.259249,177.110894,10538.92597445861,872,1.5456523205075618
NR.NE82,26.915661,-109.230843,PS.MCSJ,24.29,153.978,9432.71931573825,1055,1.7001208659692726
NR.NE82,26.915661,-109.230843,PS.PSI,2.6938,98.923698,15547.336712045495,797,1.4776879385836565
NR.NE82,26.915661,-109.230843,PS.SYO,-69.0067,39.585,14911.346791321741,1296,1.8843261213247693
NR.NE82,26.915661,-109.230843,TW.KMNB,24.4638,118.388199,12351.180682033231,765,1.4477190372993318
NR.NE82,26.915661,-109.230843,TW.MATB,26.151501,119.945602,12107.863111063805,468,1.1323390750221056
NR.NE82,26.915661,-109.230843,US.JCT,30.4794,-99.8022,1000.9022953969329,222,0.779884079900463
NR.NE82,26.915661,-109.230843,US.MVCO,37.19956,-108.49251,1145.6215255460372,178,0.6983346138325898
NR.NE82,26.915661,-109.230843,XF.MA28,20.1786,-102.597,1008.7455234728677,388,1.0310255567298694
NR.NE82,26.915661,-109.230843,XF.MA36,19.3594,-104.893204,949.8573528596124,389,1.032353342929413
NR.NE82,26.915661,-109.230843,YS.NGOK,22.122999,-159.664993,5097.517659498962,430,1.0853949473720717
NR.NE82,26.915661,-109.230843,ZL.I02,25.684299,-110.099602,162.0088673731412,210,0.7585133260223084
NR.NE82,26.915661,-109.230843,ZL.N06,27.174299,-111.153603,192.57961556556245,212,0.7621167350270031
NR.NE82,26.915661,-109.230843,ZL.S05,23.347799,-108.094299,412.88885507711973,209,0.7567051867973599
NR.NE83,24.730881,-107.739326,NZ.URZ,-38.259249,177.110894,10493.928012511597,1287,1.8777719236532093
NR.NE83,24.730881,-107.739326,PM.PESTR,38.867168,-7.590169,9126.117262242322,480,1.1467643581619917
NR.NE83,24.730881,-107.739326,PS.MCSJ,24.29,153.978,9670.808859592084,1333,1.9110350060950083
NR.NE83,24.730881,-107.739326,PS.PSI,2.6938,98.923698,15822.169564066495,1120,1.7517114918515924
NR.NE83,24.730881,-107.739326,PS.SYO,-69.0067,39.585,14638.074066487277,1409,1.9647579933932677
NR.NE83,24.730881,-107.739326,TW.KMNB,24.4638,118.388199,12627.441637203074,819,1.4979437961547009
NR.NE83,24.730881,-107.739326,TW.MATB,26.151501,119.945602,12384.40999273584,574,1.2540345847407988
NR.NE83,24.730881,-107.739326,US.MVCO,37.19956,-108.49251,1388.2991044720377,170,0.6824612990181452
NR.NE83,24.730881,-107.739326,XC.OR088,42.965599,-117.302299,2207.9426244283995,408,1.0572644982113426
NR.NE83,24.730881,-107.739326,XF.MA28,20.1786,-102.597,731.5992733828263,350,0.9792364931869324
NR.NE83,24.730881,-107.739326,XF.MA36,19.3594,-104.893204,665.3540567125153,350,0.9792364931869324
NR.NE83,24.730881,-107.739326,XT.CMPC,7.6508,-64.073097,5005.844578642648,460,1.122619246495774
NR.NE83,24.730881,-107.739326,Y2.GUGE,31.4769,79.664101,13715.707505141705,392,1.0363264942766475
NR.NE83,24.730881,-107.739326,Y2.PURG,30.198799,81.275299,13832.035957306858,392,1.0363264942766475
NR.NE83,24.730881,-107.739326,YS.NGOK,22.122999,-159.664993,5274.447444820795,373,1.010899504510304
NR.NE83,24.730881,-107.739326,Z8.320,36.0107,112.366096,12055.82622238586,395,1.0402844711048598
NR.NE83,24.730881,-107.739326,Z8.365,35.987999,105.131699,12432.029666277971,398,1.0442274459638137
NR.NE83,24.730881,-107.739326,Z8.373,35.941299,103.562599,12510.025752742213,399,1.0455384665001604
NR.NE83,24.730881,-107.739326,ZL.I02,25.684299,-110.099602,260.04224085685695,126,0.5875418959121594
NR.NE83,24.730881,-107.739326,ZL.N06,27.174299,-111.153603,436.2480001167745,128,0.5921865681580842
NR.NE83,24.730881,-107.739326,ZL.S05,23.347799,-108.094299,157.95977863953595,125,0.5852057359806528
NZ.URZ,-38.259249,177.110894,PB.B934,39.844501,-123.691399,10569.047903469882,6123,4.095771290703794
NZ.URZ,-38.259249,177.110894,PM.PESTR,38.867168,-7.590169,19600.8744312077,6368,4.176909783855255
NZ.URZ,-38.259249,177.110894,PM.PFVI,37.132832,-8.826829,19477.987840038997,6575,4.244254779126365
NZ.URZ,-38.259249,177.110894,PQ.NBC8,56.57308,-122.40441,11973.443848229124,626,1.3096062359162333
NZ.URZ,-38.259249,177.110894,PS.CHUK,7.4638,151.8554,5716.828380827566,802,1.4823158482498267
NZ.URZ,-38.259249,177.110894,PS.JAY,-2.5147,140.703,5427.8202837848285,1436,1.9834935279305717
NZ.URZ,-38.259249,177.110894,PS.KOR,7.3436,134.4741,6717.457689359809,1106,1.7407288663951574
NZ.URZ,-38.259249,177.110894,PS.MCSJ,24.29,153.978,7361.844170359762,2628,2.6832815729997477
NZ.URZ,-38.259249,177.110894,PS.PSI,2.6938,98.923698,9167.557460369866,6448,4.20306476569866
NZ.URZ,-38.259249,177.110894,PS.SYO,-69.0067,39.585,7588.578298744026,7719,4.598689509575467
NZ.URZ,-38.259249,177.110894,PS.TSK,36.2108,140.1097,9111.650996436947,565,1.244164460784607
NZ.URZ,-38.259249,177.110894,PS.VIVO,18.6498,105.6965,9758.337287836755,1514,2.0366504868237585
NZ.URZ,-38.259249,177.110894,QZ.ALGA,49.986897,57.210083,15183.31862825467,475,1.140775991601199
NZ.URZ,-38.259249,177.110894,QZ.FDRN,51.26934,51.769418,15579.083960085449,470,1.1347560235031635
NZ.URZ,-38.259249,177.110894,QZ.INDER,48.501565,51.694986,15559.82715248626,470,1.1347560235031635
NZ.URZ,-38.259249,177.110894,QZ.USHN,49.969499,82.743909,13436.463556490884,393,1.0376474973550138
NZ.URZ,-38.259249,177.110894,RM.DLV,11.952,108.481499,9037.370333877476,3686,3.1778341896622457
NZ.URZ,-38.259249,177.110894,RM.SLV,21.325247,103.906708,10095.636487087851,4028,3.321989831163871
NZ.URZ,-38.259249,177.110894,RV.SWHSA,54.899441,-116.751793,12109.397990852858,406,1.054669980194415
NZ.URZ,-38.259249,177.110894,S1.AUBUS,-33.6601,115.3828,5476.196784934495,4099,3.3511396548489842
NZ.URZ,-38.259249,177.110894,S1.AUHPC,-38.1068,142.3183,3022.8135869121925,600,1.2821215295120647
NZ.URZ,-38.259249,177.110894,S1.AUKAL,-30.7637,121.4789,5088.720696842019,792,1.4730454893514422
NZ.URZ,-38.259249,177.110894,S1.AUMAZ,-32.0069,116.0384,5497.229681228573,459,1.1213983442895492
NZ.URZ,-38.259249,177.110894,S1.AUTAR,-42.9425,147.3551,2551.4935672642,416,1.0675795180675116
NZ.URZ,-38.259249,177.110894,TR.TOSP,11.2984,-60.535198,13591.83375494785,986,1.643584455698489
NZ.URZ,-38.259249,177.110894,TT.TATN,32.578701,10.5292,18646.85820567385,1346,1.9203310216930602
NZ.URZ,-38.259249,177.110894,TW.KMNB,24.4638,118.388199,9275.578332302577,4134,3.3654163779925175
NZ.URZ,-38.259249,177.110894,TW.MATB,26.151501,119.945602,9310.100749461739,732,1.4161495161369066
NZ.URZ,-38.259249,177.110894,US.DUG,40.195,-112.8133,11259.507748175647,723,1.407416753420329
NZ.URZ,-38.259249,177.110894,US.ECSD,43.7337,-96.6141,12568.36890352549,454,1.1152737854169963
NZ.URZ,-38.259249,177.110894,US.JCT,30.4794,-99.8022,11503.383100052593,429,1.0841321255979017
NZ.URZ,-38.259249,177.110894,US.LAO,46.6885,-106.2231,12125.491135603286,634,1.3179477612446795
NZ.URZ,-38.259249,177.110894,US.MVCO,37.19956,-108.49251,11330.387804778939,480,1.1467643581619917
NZ.URZ,-38.259249,177.110894,VE.BAUV,8.9433,-68.041496,12784.521829200183,1345,1.91961754181642
NZ.URZ,-38.259249,177.110894,WM.UCM,40.307499,-3.2441,19785.319525920902,510,1.1820576440988835
NZ.URZ,-38.259249,177.110894,X2.281,39.6814,110.487,11003.02792907889,368,1.0041011792056576
NZ.URZ,-38.259249,177.110894,X4.D26,32.459202,96.394203,11456.392985148803,523,1.1970282838466129
NZ.URZ,-38.259249,177.110894,X8.QM38,47.675201,-70.853104,14567.589690366112,733,1.4171165012384097
NZ.URZ,-38.259249,177.110894,X8.QM58,49.048401,-72.740601,14473.346220297786,516,1.1889905929556324
NZ.URZ,-38.259249,177.110894,X8.QM76,50.764801,-74.817596,14380.028574172013,583,1.263827628267638
NZ.URZ,-38.259249,177.110894,X8.QM90,52.2915,-77.098801,14272.80647699707,538,1.214072733710681
NZ.URZ,-38.259249,177.110894,X8.QMM5,50.8438,-68.798203,14793.710582794063,946,1.6099008733204065
NZ.URZ,-38.259249,177.110894,X9.BB420,43.6297,-130.208206,10535.004488204744,372,1.0095435018818064
NZ.URZ,-38.259249,177.110894,XA.AX08,38.8984,46.1815,15801.873824041417,562,1.240856972981681
NZ.URZ,-38.259249,177.110894,XA.EP15,40.33766,47.79234,15708.101591153292,367,1.0027359832252927
NZ.URZ,-38.259249,177.110894,XA.GP03,42.6352,44.6162,16018.890994241961,457,1.1189525434622096
NZ.URZ,-38.259249,177.110894,XC.OR088,42.965599,-117.302299,11190.093987621698,562,1.240856972981681
NZ.URZ,-38.259249,177.110894,XF.GOAT,60.136902,-141.453003,11577.160178390926,373,1.010899504510304
NZ.URZ,-38.259249,177.110894,XF.MA28,20.1786,-102.597,10577.364102690804,505,1.1762489718744142
NZ.URZ,-38.259249,177.110894,XF.MA36,19.3594,-104.893204,10333.834035099668,506,1.1774129988508764
NZ.URZ,-38.259249,177.110894,XF.NE4,76.657433,-34.27758,15480.300797513135,563,1.2419604476088026
NZ.URZ,-38.259249,177.110894,XI.SC04,49.624001,-89.675003,13345.232579326497,465,1.128703948225453
NZ.URZ,-38.259249,177.110894,XI.SC14,47.723,-84.814003,13584.173775315381,570,1.2496574873206012
NZ.URZ,-38.259249,177.110894,XI.SM37,44.381001,-93.380997,12827.302502293773,852,1.5278241310250555
NZ.URZ,-38.259249,177.110894,XL.AT13,44.992001,96.270103,12281.570604985858,657,1.3416407864998738
NZ.URZ,-38.259249,177.110894,XL.HD03,46.515701,102.547203,11985.254179193706,617,1.3001580515091655
NZ.URZ,-38.259249,177.110894,XL.HD09,45.413898,100.5718,12033.72792923528,646,1.3303619859642075
NZ.URZ,-38.259249,177.110894,XL.HD41,48.242298,99.400002,12289.820246714895,644,1.328301005662435
NZ.URZ,-38.259249,177.110894,XL.HD48,46.209202,97.608299,12272.026241929321,581,1.2616579655032534
NZ.URZ,-38.259249,177.110894,XL.HD73,49.4953,101.357101,12253.839384445506,646,1.3303619859642075
NZ.URZ,-38.259249,177.110894,XL.HD74,49.500999,99.152298,12384.42881709952,648,1.3324197783556895
NZ.URZ,-38.259249,177.110894,XL.HV10,51.572102,100.448601,12439.428064360412,659,1.343681305985461
NZ.URZ,-38.259249,177.110894,XM.ANB10,-25.0271,-64.5865,10488.25154698951,645,1.3293318952282882
NZ.URZ,-38.259249,177.110894,XM.ANB11,-25.951,-62.49889,10557.451962895268,584,1.2649110640673518
NZ.URZ,-38.259249,177.110894,XM.ANB16,-24.0911,-61.4628,10780.301366315756,552,1.229767769590376
NZ.URZ,-38.259249,177.110894,XM.ANB17,-25.2429,-59.8069,10797.065916736248,554,1.231993595429003
NZ.URZ,-38.259249,177.110894,XM.ANB19,-27.7766,-62.9698,10376.954624340204,483,1.1503424147760861
NZ.URZ,-38.259249,177.110894,XM.ANB20,-26.7962,-65.316,10296.104344326435,633,1.3169079600877451
NZ.URZ,-38.259249,177.110894,XM.ASB11,-37.8946,-63.8453,9500.484537560438,472,1.1371678349880932
NZ.URZ,-38.259249,177.110894,XM.ASB22,-33.66389,-67.46128,9608.254609385804,476,1.141976177090002
NZ.URZ,-38.259249,177.110894,XM.CB01,-22.09872,-70.21211,10310.528113254939,558,1.2364332263764475
NZ.URZ,-38.259249,177.110894,XM.CB22,-24.00541,-68.52551,10287.921455172984,624,1.307512539555889
NZ.URZ,-38.259249,177.110894,XP.LZAE,-25.3074,-68.3992,10195.900308220584,455,1.1165013848919998
NZ.URZ,-38.259249,177.110894,XR.BA07,24.1371,91.4975,11280.043774086058,1051,1.6968948272637643
NZ.URZ,-38.259249,177.110894,XS.S24D,-0.1383,-12.7806,15627.148308906675,365,1.0
NZ.URZ,-38.259249,177.110894,XT.B151,12.9915,-67.651299,13091.914291851868,367,1.0027359832252927
NZ.URZ,-38.259249,177.110894,XT.CMPC,7.6508,-64.073097,13035.26094119668,492,1.1610104243629564
NZ.URZ,-38.259249,177.110894,XT.D58,45.032299,-118.073799,11303.176998967896,546,1.2230659879822119
NZ.URZ,-38.259249,177.110894,XT.MHTO,13.9497,-66.490997,13256.144354817212,369,1.0054645215568718
NZ.URZ,-38.259249,177.110894,XT.PNCH,11.2493,-66.5009,13075.00237778179,365,1.0
NZ.URZ,-38.259249,177.110894,XV.NAPU,-15.08,39.25,12636.988449143262,518,1.19129260981162
NZ.URZ,-38.259249,177.110894,XW.AMDT,1.9487,34.935799,14439.939952169958,585,1.2659935726643312
NZ.URZ,-38.259249,177.110894,XW.KABG,3.5104,34.143299,14630.267146234357,518,1.19129260981162
NZ.URZ,-38.259249,177.110894,XY.PACW,39.9962,-77.9247,13743.211601176583,540,1.2163272811190746
NZ.URZ,-38.259249,177.110894,Y1.KERK,2.61653,36.255065,14404.205423389838,604,1.2863881686909069
NZ.URZ,-38.259249,177.110894,Y1.TURK,3.127577,38.27457,14300.999781600014,868,1.5421031715747238
NZ.URZ,-38.259249,177.110894,Y2.GUGE,31.4769,79.664101,12699.870042929255,1295,1.883599003365486
NZ.URZ,-38.259249,177.110894,Y2.PURG,30.198799,81.275299,12494.194553851947,1284,1.8755821014229375
NZ.URZ,-38.259249,177.110894,Y2.WT06,32.226398,82.261299,12534.859219068294,492,1.1610104243629564
NZ.URZ,-38.259249,177.110894,Y5.FMC,56.650002,-111.5,12487.426459440656,780,1.4618434599401753
NZ.URZ,-38.259249,177.110894,Y5.RW1,58.852901,-113.175903,12554.017563913068,565,1.244164460784607
NZ.URZ,-38.259249,177.110894,YB.AT56,36.7019,35.546902,16643.542128609733,549,1.2264214565316018
NZ.URZ,-38.259249,177.110894,YK.OCW,38.425842,-122.846184,10502.898085168054,554,1.231993595429003
NZ.URZ,-38.259249,177.110894,YL.WKZ15,43.36841,54.59763,15239.966944815027,376,1.0149566425721692
NZ.URZ,-38.259249,177.110894,YP.NE61,44.849098,115.991798,11081.84358614698,520,1.1935901868927103
NZ.URZ,-38.259249,177.110894,YP.NE7D,45.342098,128.742905,10478.200393008763,508,1.179737607232137
NZ.URZ,-38.259249,177.110894,YP.NEAD,47.581402,133.5802,10473.843909064328,514,1.186684110486945
NZ.URZ,-38.259249,177.110894,YS.NGOK,22.122999,-159.664993,7138.455722836345,552,1.229767769590376
NZ.URZ,-38.259249,177.110894,YS.PL08,20.892599,-153.292099,7266.792922090791,370,1.0068260178089292
NZ.URZ,-38.259249,177.110894,YS.PL21,17.180099,-154.691299,6830.598690529386,365,1.0
NZ.URZ,-38.259249,177.110894,YS.PL27,18.000299,-155.714996,6868.581133739883,369,1.0054645215568718
NZ.URZ,-38.259249,177.110894,YS.PL62,14.6891,-151.6866,6725.5786683427505,367,1.0027359832252927
NZ.URZ,-38.259249,177.110894,YT.CLRK,-77.3231,-141.8485,4755.715060803126,1098,1.7344218570123566
NZ.URZ,-38.259249,177.110894,YT.DEVL,-81.4755,161.973,4842.895541189833,590,1.2713922904298198
NZ.URZ,-38.259249,177.110894,YT.DUFK,-82.8619,-53.2006,6281.195481840291,365,1.0
NZ.URZ,-38.259249,177.110894,YT.LPLY,-73.1142,-90.2834,6048.76618398632,1105,1.7399417404827016
NZ.URZ,-38.259249,177.110894,YT.MA07,-78.2496,-93.4991,5844.28124085677,703,1.387813891435114
NZ.URZ,-38.259249,177.110894,YT.MA09,-79.8993,-104.9977,5595.244774519165,603,1.2853228366914469
NZ.URZ,-38.259249,177.110894,YT.MCRG,-73.6681,-94.6493,5899.704980284558,1296,1.8843261213247693
NZ.URZ,-38.259249,177.110894,YT.MTAK,-76.3157,-112.7986,5373.5283839069225,566,1.245265004529899
NZ.URZ,-38.259249,177.110894,YT.RMBO,-83.8714,-66.3959,6079.027595341201,4249,3.411905023650418
NZ.URZ,-38.259249,177.110894,YT.ST04,-80.7152,-116.5792,5398.147861119743,460,1.122619246495774
NZ.URZ,-38.259249,177.110894,YT.THUR,-72.5301,-97.5606,5828.937750647827,958,1.6200794839286667
NZ.URZ,-38.259249,177.110894,YT.UPTW,-77.5781,-109.0374,5485.2481155949545,397,1.0429147773795864
NZ.URZ,-38.259249,177.110894,YU.MD04,10.8953,-74.1514,12386.163740711783,654,1.3385741749779159
NZ.URZ,-38.259249,177.110894,YU.NL02,9.2491,-70.2202,12616.951600495748,499,1.1692404746976701
NZ.URZ,-38.259249,177.110894,YU.SL02,7.6943,-71.0365,12439.71061624471,587,1.268155817745671
NZ.URZ,-38.259249,177.110894,YY.ABMD,11.8317,35.5825,15208.63193759504,620,1.3033150566867173
NZ.URZ,-38.259249,177.110894,YY.CHGE,10.9614,36.518398,15068.044649342,637,1.3210622541924566
NZ.URZ,-38.259249,177.110894,YY.NEKE,9.089,36.523701,14919.601778005339,686,1.3709310904617054
NZ.URZ,-38.259249,177.110894,Z7.LA01,31.9874,-93.8349,12062.809660080753,541,1.2174529891629975
NZ.URZ,-38.259249,177.110894,Z8.320,36.0107,112.366096,10601.350494503371,501,1.1715812988120062
NZ.URZ,-38.259249,177.110894,Z8.365,35.987999,105.131699,11078.529710152901,499,1.1692404746976701
NZ.URZ,-38.259249,177.110894,Z8.373,35.941299,103.562599,11182.73693772266,500,1.1704114719613057
NZ.URZ,-38.259249,177.110894,ZC.HMDR,18.7879,-69.381,13313.63867955062,414,1.0650101292205938
NZ.URZ,-38.259249,177.110894,ZD.FM03,-13.7229,-75.889503,10492.996173334985,559,1.237540645520408
NZ.URZ,-38.259249,177.110894,ZD.FM09,-12.65027,-73.041481,10802.915157940317,553,1.2308811856351876
NZ.URZ,-38.259249,177.110894,ZD.FS07,-13.46172,-71.9198,10832.559286250213,512,1.1843731363161685
NZ.URZ,-38.259249,177.110894,ZE.BULG,61.126701,-151.091202,11420.68417133425,516,1.1889905929556324
NZ.URZ,-38.259249,177.110894,ZG.CB14,-17.249399,-65.900902,11009.971422658868,491,1.1598299355733386
NZ.URZ,-38.259249,177.110894,ZM.N173,-81.112198,77.473602,5975.421156382544,501,1.1715812988120062
NZ.URZ,-38.259249,177.110894,ZU.NZ01,-44.4981,165.001602,1223.5388854450587,370,1.0068260178089292
NZ.URZ,-38.259249,177.110894,ZU.NZ04,-41.999298,165.502396,1069.8297417277709,315,0.9289853059279986
NZ.URZ,-38.259249,177.110894,ZU.NZ05,-40.6493,167.251007,886.6985070291804,361,0.994505452921406
NZ.URZ,-38.259249,177.110894,ZU.NZ18,-41.000198,170.0,680.68941139885,356,0.9875942819566265
NZ.URZ,-38.259249,177.110894,ZU.NZ21,-39.5005,170.000107,630.617325099209,354,0.9848162334662391
NZ.URZ,-38.259249,177.110894,ZU.NZ22,-44.500599,173.998703,740.8389005947004,368,1.0041011792056576
NZ.URZ,-38.259249,177.110894,ZU.NZ26,-46.997898,174.498398,994.7642632465684,247,0.82262526630728
PB.B934,39.844501,-123.691399,PM.PESTR,38.867168,-7.590169,9118.809922144314,5593,3.9144971160077353
PB.B934,39.844501,-123.691399,PM.PFVI,37.132832,-8.826829,9180.8581212677,6184,4.116122660152957
PB.B934,39.844501,-123.691399,PQ.NBC8,56.57308,-122.40441,1862.495836214626,616,1.2991040115697867
PB.B934,39.844501,-123.691399,PS.CHUK,7.4638,151.8554,9004.365910887824,797,1.4776879385836565
PB.B934,39.844501,-123.691399,PS.JAY,-2.5147,140.703,10665.172116590426,1410,1.9654550869023024
PB.B934,39.844501,-123.691399,PS.KOR,7.3436,134.4741,10481.203336646298,1095,1.7320508075688772
PB.B934,39.844501,-123.691399,PS.MCSJ,24.29,153.978,7682.11089799891,717,1.4015646833606488
PB.B934,39.844501,-123.691399,PS.PSI,2.6938,98.923698,13598.700874586963,4965,3.68818922047492
PB.B934,39.844501,-123.691399,PS.SYO,-69.0067,39.585,16623.41858333193,5810,3.9897127990844257
PB.B934,39.844501,-123.691399,PS.VIVO,18.6498,105.6965,11740.406707157777,1487,2.0184084330827905
PB.B934,39.844501,-123.691399,QZ.ALGA,49.986897,57.210083,10025.915650397343,465,1.128703948225453
PB.B934,39.844501,-123.691399,QZ.FDRN,51.26934,51.769418,9874.102314712856,465,1.128703948225453
PB.B934,39.844501,-123.691399,QZ.INDER,48.501565,51.694986,10180.960403922594,465,1.128703948225453
PB.B934,39.844501,-123.691399,QZ.USHN,49.969499,82.743909,9699.140965730423,383,1.0243608097214334
PB.B934,39.844501,-123.691399,RM.DLV,11.952,108.481499,12136.491534267703,3685,3.177403092300205
PB.B934,39.844501,-123.691399,RM.SLV,21.325247,103.906708,11612.710039953723,4067,3.338033216345316
PB.B934,39.844501,-123.691399,RV.SWHSA,54.899441,-116.751793,1751.6121336983733,407,1.0559680360459236
PB.B934,39.844501,-123.691399,S1.AUBUS,-33.6601,115.3828,14802.486475328245,4074,3.340904643298943
PB.B934,39.844501,-123.691399,S1.AUHPC,-38.1068,142.3183,12892.025862026792,590,1.2713922904298198
PB.B934,39.844501,-123.691399,S1.AUKAL,-30.7637,121.4789,14145.323148336554,790,1.4711844077626148
PB.B934,39.844501,-123.691399,S1.AUMAZ,-32.0069,116.0384,14666.16995607835,454,1.1152737854169963
PB.B934,39.844501,-123.691399,S1.AUTAR,-42.9425,147.3551,12812.811613982723,399,1.0455384665001604
PB.B934,39.844501,-123.691399,TD.TD009,52.32058,-116.323372,1497.273334481163,172,0.6864640389068671
PB.B934,39.844501,-123.691399,TO.CC08,35.992199,-120.961197,490.6956712350067,158,0.6579336686389952
PB.B934,39.844501,-123.691399,TR.TOSP,11.2984,-60.535198,6922.655937474488,1076,1.716958125721024
PB.B934,39.844501,-123.691399,TT.TATN,32.578701,10.5292,10685.586522142412,1434,1.982111783751782
PB.B934,39.844501,-123.691399,TW.KMNB,24.4638,118.388199,10402.223720776166,3005,2.869298993191328
PB.B934,39.844501,-123.691399,UO.RSBO,44.043361,-122.267036,481.50285563425217,128,0.5921865681580842
PB.B934,39.844501,-123.691399,US.DUG,40.195,-112.8133,926.57155752912,356,0.9875942819566265
PB.B934,39.844501,-123.691399,US.LAO,46.6885,-106.2231,1601.1425184059,606,1.2885161902757527
PB.B934,39.844501,-123.691399,US.MVCO,37.19956,-108.49251,1352.7429191498975,266,0.8536785831257987
PB.B934,39.844501,-123.691399,UU.PSUT,38.5337,-113.8547,859.7335264794076,333,0.9551590271380404
PB.B934,39.844501,-123.691399,VE.BAUV,8.9433,-68.041496,6467.043521877154,1347,1.9210442365817892
PB.B934,39.844501,-123.691399,WM.UCM,40.307499,-3.2441,9255.523548167303,510,1.1820576440988835
PB.B934,39.844501,-123.691399,X4.LR13,46.9506,-122.9639,792.3360917131557,306,0.9156179139704299
PB.B934,39.844501,-123.691399,X7.WA33,46.507801,-117.348701,901.2709901801214,123,0.5805052121814782
PB.B934,39.844501,-123.691399,X8.QM38,47.675201,-70.853104,4246.309980244757,733,1.4171165012384097
PB.B934,39.844501,-123.691399,X8.QM58,49.048401,-72.740601,4089.903548763738,514,1.186684110486945
PB.B934,39.844501,-123.691399,X8.QM76,50.764801,-74.817596,3930.333093133939,583,1.263827628267638
PB.B934,39.844501,-123.691399,X8.QM90,52.2915,-77.098801,3774.3068750172397,540,1.2163272811190746
PB.B934,39.844501,-123.691399,X8.QMM5,50.8438,-68.798203,4351.875711131166,944,1.608198174934611
PB.B934,39.844501,-123.691399,X9.BB420,43.6297,-130.208206,684.8657474133698,370,1.0068260178089292
PB.B934,39.844501,-123.691399,XA.AX08,38.8984,46.1815,11198.872569506004,562,1.240856972981681
PB.B934,39.844501,-123.691399,XA.GP03,42.6352,44.6162,10768.513729949402,460,1.122619246495774
PB.B934,39.844501,-123.691399,XF.GOAT,60.136902,-141.453003,2570.3824153503942,421,1.073976097282545
PB.B934,39.844501,-123.691399,XF.NE4,76.657433,-34.27758,5704.453504426239,563,1.2419604476088026
PB.B934,39.844501,-123.691399,XI.SC04,49.624001,-89.675003,2868.271679692867,465,1.128703948225453
PB.B934,39.844501,-123.691399,XI.SC14,47.723,-84.814003,3204.474998006697,568,1.247463179240832
PB.B934,39.844501,-123.691399,XI.SM37,44.381001,-93.380997,2535.357003885556,850,1.5260298566173833
PB.B934,39.844501,-123.691399,XL.AT13,44.992001,96.270103,9773.043085311072,659,1.343681305985461
PB.B934,39.844501,-123.691399,XL.HD03,46.515701,102.547203,9373.03033781024,615,1.2980491157307243
PB.B934,39.844501,-123.691399,XL.HD09,45.413898,100.5718,9559.117267351783,644,1.328301005662435
PB.B934,39.844501,-123.691399,XL.HD41,48.242298,99.400002,9340.321167142381,642,1.3262368225882741
PB.B934,39.844501,-123.691399,XL.HD48,46.209202,97.608299,9603.764579694654,579,1.2594845651547357
PB.B934,39.844501,-123.691399,XL.HD73,49.4953,101.357101,9145.880371476032,644,1.328301005662435
PB.B934,39.844501,-123.691399,XL.HD74,49.500999,99.152298,9230.888168865107,646,1.3303619859642075
PB.B934,39.844501,-123.691399,XL.HV10,51.572102,100.448601,8987.252561405377,661,1.345718731425549
PB.B934,39.844501,-123.691399,XM.ANB10,-25.0271,-64.5865,9457.890251320374,630,1.3137836188886942
PB.B934,39.844501,-123.691399,XM.ANB11,-25.951,-62.49889,9674.249527963908,569,1.248560815334616
PB.B934,39.844501,-123.691399,XM.ANB16,-24.0911,-61.4628,9592.788270645364,537,1.2129438885258992
PB.B934,39.844501,-123.691399,XM.ANB17,-25.2429,-59.8069,9800.722667742892,539,1.215200530269438
PB.B934,39.844501,-123.691399,XM.ANB19,-27.7766,-62.9698,9793.219916506087,468,1.1323390750221056
PB.B934,39.844501,-123.691399,XM.ANB20,-26.7962,-65.316,9557.926542925505,618,1.3012112376288127
PB.B934,39.844501,-123.691399,XM.ASB11,-37.8946,-63.8453,10576.442697918465,457,1.1189525434622096
PB.B934,39.844501,-123.691399,XM.ASB22,-33.66389,-67.46128,10007.208179459869,461,1.1238388223540496
PB.B934,39.844501,-123.691399,XM.CB01,-22.09872,-70.21211,8839.48026273533,543,1.2197012883803608
PB.B934,39.844501,-123.691399,XM.CB22,-24.00541,-68.52551,9112.838392788091,609,1.2917016492537785
PB.B934,39.844501,-123.691399,XP.LZAE,-25.3074,-68.3992,9232.661474779221,453,1.114044833214067
PB.B934,39.844501,-123.691399,XP.TWRS,45.103471,-114.849947,930.5958844775595,169,0.6804510993672778
PB.B934,39.844501,-123.691399,XR.BA07,24.1371,91.4975,12019.803581114385,1050,1.6960873588253416
PB.B934,39.844501,-123.691399,XS.S24D,-0.1383,-12.7806,11786.294402822441,366,1.0013689260344547
PB.B934,39.844501,-123.691399,XT.D58,45.032299,-118.073799,738.032815398347,546,1.2230659879822119
PB.B934,39.844501,-123.691399,XV.NAPU,-15.08,39.25,16801.01371230112,518,1.19129260981162
PB.B934,39.844501,-123.691399,XW.AMDT,1.9487,34.935799,14883.561990137212,588,1.2692355589525488
PB.B934,39.844501,-123.691399,XW.KABG,3.5104,34.143299,14689.343483619692,521,1.1947373185240229
PB.B934,39.844501,-123.691399,XY.PACW,39.9962,-77.9247,3858.774778594783,538,1.214072733710681
PB.B934,39.844501,-123.691399,Y1.KERK,2.61653,36.255065,14869.901886672844,602,1.2842566209652768
PB.B934,39.844501,-123.691399,Y1.TURK,3.127577,38.27457,14894.515641074231,866,1.5403255304402466
PB.B934,39.844501,-123.691399,Y2.GUGE,31.4769,79.664101,11726.901203942118,667,1.3518125832651406
PB.B934,39.844501,-123.691399,Y2.PURG,30.198799,81.275299,11810.966463361585,663,1.34775307685213
PB.B934,39.844501,-123.691399,Y2.WT06,32.226398,82.261299,11567.039095140863,616,1.2991040115697867
PB.B934,39.844501,-123.691399,Y5.FMC,56.650002,-111.5,2068.1456019644456,645,1.3293318952282882
PB.B934,39.844501,-123.691399,Y5.RW1,58.852901,-113.175903,2240.445536937342,577,1.2573074078395543
PB.B934,39.844501,-123.691399,YB.AT56,36.7019,35.546902,11242.874604429957,547,1.2241854994184098
PB.B934,39.844501,-123.691399,YK.OCW,38.425842,-122.846184,173.7753339835843,384,1.0256972236096518
PB.B934,39.844501,-123.691399,YL.WKZ15,43.36841,54.59763,10760.65158437105,376,1.0149566425721692
PB.B934,39.844501,-123.691399,YP.NE61,44.849098,115.991798,8873.377408265904,589,1.270314382401847
PB.B934,39.844501,-123.691399,YP.NE7D,45.342098,128.742905,8113.873820142382,594,1.2756948147084288
PB.B934,39.844501,-123.691399,YP.NE8B,46.207199,126.056297,8209.035442106137,455,1.1165013848919998
PB.B934,39.844501,-123.691399,YP.NE8I,45.994301,133.655807,7770.206004522521,424,1.0777958227866902
PB.B934,39.844501,-123.691399,YP.NEAD,47.581402,133.5802,7668.945236505526,594,1.2756948147084288
PB.B934,39.844501,-123.691399,YT.CLRK,-77.3231,-141.8485,13088.689002979087,1104,1.739154258324021
PB.B934,39.844501,-123.691399,YT.DEVL,-81.4755,161.973,14130.42627598246,415,1.0662955975571986
PB.B934,39.844501,-123.691399,YT.DUFK,-82.8619,-53.2006,14138.254687209006,365,1.0
PB.B934,39.844501,-123.691399,YT.LPLY,-73.1142,-90.2834,12817.679854654816,1103,1.7383664194349757
PB.B934,39.844501,-123.691399,YT.MA07,-78.2496,-93.4991,13285.680145762919,704,1.388800606022215
PB.B934,39.844501,-123.691399,YT.MA09,-79.8993,-104.9977,13367.168669187467,603,1.2853228366914469
PB.B934,39.844501,-123.691399,YT.MCRG,-73.6681,-94.6493,12811.914654340622,1291,1.8806877203219738
PB.B934,39.844501,-123.691399,YT.MTAK,-76.3157,-112.7986,12939.693325142882,564,1.2430629426750903
PB.B934,39.844501,-123.691399,YT.RMBO,-83.8714,-66.3959,14049.812647922332,4232,3.405072766908984
PB.B934,39.844501,-123.691399,YT.ST04,-80.7152,-116.5792,13412.700013147363,584,1.2649110640673518
PB.B934,39.844501,-123.691399,YT.THUR,-72.5301,-97.5606,12658.691734636348,950,1.6133008789520316
PB.B934,39.844501,-123.691399,YT.UPTW,-77.5781,-109.0374,13095.436851411274,405,1.0533703247651751
PB.B934,39.844501,-123.691399,YU.MD04,10.8953,-74.1514,5824.962491849148,657,1.3416407864998738
PB.B934,39.844501,-123.691399,YU.NL02,9.2491,-70.2202,6266.409849334405,502,1.1727499587522587
PB.B934,39.844501,-123.691399,YU.SL02,7.6943,-71.0365,6317.5849442691,589,1.270314382401847
PB.B934,39.844501,-123.691399,YY.ABMD,11.8317,35.5825,13883.030389905953,620,1.3033150566867173
PB.B934,39.844501,-123.691399,YY.CHGE,10.9614,36.518398,14007.785654759991,637,1.3210622541924566
PB.B934,39.844501,-123.691399,YY.NEKE,9.089,36.523701,14204.880594642384,686,1.3709310904617054
PB.B934,39.844501,-123.691399,Z6.13,29.351299,155.244003,7260.139966002078,367,1.0027359832252927
PB.B934,39.844501,-123.691399,Z6.16,27.7988,155.108505,7366.941879738167,365,1.0
PB.B934,39.844501,-123.691399,Z7.LA01,31.9874,-93.8349,2811.777079942868,541,1.2174529891629975
PB.B934,39.844501,-123.691399,ZC.HMDR,18.7879,-69.381,5662.054618000399,415,1.0662955975571986
PB.B934,39.844501,-123.691399,ZD.FM03,-13.7229,-75.889503,7736.234699800466,557,1.2353248144760447
PB.B934,39.844501,-123.691399,ZD.FM09,-12.65027,-73.041481,7833.294432486008,561,1.239752516178073
PB.B934,39.844501,-123.691399,ZD.FS07,-13.46172,-71.9198,7980.032691664837,520,1.1935901868927103
PB.B934,39.844501,-123.691399,ZE.BULG,61.126701,-151.091202,3013.3864303986848,517,1.1901421579644944
PB.B934,39.844501,-123.691399,ZG.CB14,-17.249399,-65.900902,8719.198342031568,499,1.1692404746976701
PM.PESTR,38.867168,-7.590169,PM.PFVI,37.132832,-8.826829,221.2015057479452,6050,4.071282656086829
PM.PESTR,38.867168,-7.590169,PQ.NBC8,56.57308,-122.40441,7772.165054403203,622,1.3054154852157591
PM.PESTR,38.867168,-7.590169,PS.CHUK,7.4638,151.8554,14443.371546748067,565,1.244164460784607
PM.PESTR,38.867168,-7.590169,PS.JAY,-2.5147,140.703,14852.764515237335,1042,1.6896137193299376
PM.PESTR,38.867168,-7.590169,PS.KOR,7.3436,134.4741,13557.686405353446,761,1.4439291903861888
PM.PESTR,38.867168,-7.590169,PS.MCSJ,24.29,153.978,12734.955148511872,1578,2.079251709445703
PM.PESTR,38.867168,-7.590169,PS.PSI,2.6938,98.923698,11235.701029463184,5277,3.8023064377526627
PM.PESTR,38.867168,-7.590169,PS.SYO,-69.0067,39.585,12603.296923132422,6028,4.063873582328895
PM.PESTR,38.867168,-7.590169,PS.VIVO,18.6498,105.6965,10587.959409423387,1119,1.75092930315805
PM.PESTR,38.867168,-7.590169,QZ.ALGA,49.986897,57.210083,5122.906383422004,471,1.1359625693235273
PM.PESTR,38.867168,-7.590169,QZ.FDRN,51.26934,51.769418,4720.917888929262,470,1.1347560235031635
PM.PESTR,38.867168,-7.590169,QZ.INDER,48.501565,51.694986,4761.315596323694,470,1.1347560235031635
PM.PESTR,38.867168,-7.590169,QZ.USHN,49.969499,82.743909,6835.507601295542,389,1.032353342929413
PM.PESTR,38.867168,-7.590169,RM.DLV,11.952,108.481499,11321.767785375923,3514,3.1028047409197335
PM.PESTR,38.867168,-7.590169,RM.SLV,21.325247,103.906708,10247.035988763555,3862,3.252817535277412
PM.PESTR,38.867168,-7.590169,RV.SWHSA,54.899441,-116.751793,7617.23653204518,401,1.0481555881577418
PM.PESTR,38.867168,-7.590169,S1.AUBUS,-33.6601,115.3828,14952.211900999697,3591,3.136615399500481
PM.PESTR,38.867168,-7.590169,S1.AUHPC,-38.1068,142.3183,17406.5379900409,596,1.2778406443405872
PM.PESTR,38.867168,-7.590169,S1.AUKAL,-30.7637,121.4789,15340.13279862967,599,1.2810526493516803
PM.PESTR,38.867168,-7.590169,TR.TOSP,11.2984,-60.535198,6041.9719630478285,970,1.630194542554766
PM.PESTR,38.867168,-7.590169,TT.TATN,32.578701,10.5292,1774.8132070261706,1209,1.8199804304231646
PM.PESTR,38.867168,-7.590169,TW.KMNB,24.4638,118.388199,11008.619762301803,3359,3.033601774463385
PM.PESTR,38.867168,-7.590169,US.DUG,40.195,-112.8133,8405.437063504018,605,1.2874526191574363
PM.PESTR,38.867168,-7.590169,US.ECSD,43.7337,-96.6141,7080.855128315534,454,1.1152737854169963
PM.PESTR,38.867168,-7.590169,US.JCT,30.4794,-99.8022,8117.084496151967,397,1.0429147773795864
PM.PESTR,38.867168,-7.590169,US.LAO,46.6885,-106.2231,7548.703867699344,595,1.2767681803292914
PM.PESTR,38.867168,-7.590169,VE.BAUV,8.9433,-68.041496,6840.650975010231,1152,1.7765597044742527
PM.PESTR,38.867168,-7.590169,WM.UCM,40.307499,-3.2441,405.34357340624746,510,1.1820576440988835
PM.PESTR,38.867168,-7.590169,X4.D26,32.459202,96.394203,8867.264549036758,511,1.1832159566199232
PM.PESTR,38.867168,-7.590169,X8.QM38,47.675201,-70.853104,5069.182706269126,561,1.239752516178073
PM.PESTR,38.867168,-7.590169,X8.QM58,49.048401,-72.740601,5170.232155602474,394,1.0389668208342944
PM.PESTR,38.867168,-7.590169,X8.QM76,50.764801,-74.817596,5272.431756770772,414,1.0650101292205938
PM.PESTR,38.867168,-7.590169,X8.QM90,52.2915,-77.098801,5388.361108105869,432,1.087916193387899
PM.PESTR,38.867168,-7.590169,X8.QMM5,50.8438,-68.798203,4855.397331251619,774,1.456210130855255
PM.PESTR,38.867168,-7.590169,X9.BB420,43.6297,-130.208206,9182.10074933437,369,1.0054645215568718
PM.PESTR,38.867168,-7.590169,XA.AX08,38.8984,46.1815,4583.638063978173,562,1.240856972981681
PM.PESTR,38.867168,-7.590169,XA.GP03,42.6352,44.6162,4347.592180762254,443,1.101679912740986
PM.PESTR,38.867168,-7.590169,XB.PM04,35.402599,-5.1525,441.663009109903,167,0.6764127782466431
PM.PESTR,38.867168,-7.590169,XB.PS57,37.011501,-2.9864,453.32159154869333,279,0.8742903188551475
PM.PESTR,38.867168,-7.590169,XF.GOAT,60.136902,-141.453003,8229.010393014101,395,1.0402844711048598
PM.PESTR,38.867168,-7.590169,XF.NE4,76.657433,-34.27758,4397.27904238464,396,1.041600454516661
PM.PESTR,38.867168,-7.590169,XI.SC04,49.624001,-89.675003,6316.323687125883,458,1.120176111398536
PM.PESTR,38.867168,-7.590169,XI.SC14,47.723,-84.814003,6064.611473904151,562,1.240856972981681
PM.PESTR,38.867168,-7.590169,XI.SM37,44.381001,-93.380997,6819.728102639105,839,1.516123391082105
PM.PESTR,38.867168,-7.590169,XL.AT13,44.992001,96.270103,7987.709516464557,556,1.2342154071445053
PM.PESTR,38.867168,-7.590169,XL.HD03,46.515701,102.547203,8260.195413683037,611,1.293820931481527
PM.PESTR,38.867168,-7.590169,XL.HD09,45.413898,100.5718,8222.39292190413,640,1.3241694217637887
PM.PESTR,38.867168,-7.590169,XL.HD41,48.242298,99.400002,7955.265694469031,638,1.3220987880939352
PM.PESTR,38.867168,-7.590169,XL.HD48,46.209202,97.608299,7987.868845362855,575,1.2551264740070718
PM.PESTR,38.867168,-7.590169,XL.HD73,49.4953,101.357101,7979.80822376599,640,1.3241694217637887
PM.PESTR,38.867168,-7.590169,XL.HD74,49.500999,99.152298,7854.760210330655,642,1.3262368225882741
PM.PESTR,38.867168,-7.590169,XL.HV10,51.572102,100.448601,7785.562740925488,558,1.2364332263764475
PM.PESTR,38.867168,-7.590169,XM.ANB10,-25.0271,-64.5865,9248.821657095756,506,1.1774129988508764
PM.PESTR,38.867168,-7.590169,XM.ANB11,-25.951,-62.49889,9190.670302756405,498,1.1680683035010562
PM.PESTR,38.867168,-7.590169,XM.ANB16,-24.0911,-61.4628,8964.940414245137,414,1.0650101292205938
PM.PESTR,38.867168,-7.590169,XM.ANB17,-25.2429,-59.8069,8958.809949516008,414,1.0650101292205938
PM.PESTR,38.867168,-7.590169,XM.ANB20,-26.7962,-65.316,9444.838088520602,495,1.1645447108469662
PM.PESTR,38.867168,-7.590169,XM.CB01,-22.09872,-70.21211,9397.104550050524,509,1.1808981954195736
PM.PESTR,38.867168,-7.590169,XM.CB22,-24.00541,-68.52551,9431.861752338262,535,1.2106830405426245
PM.PESTR,38.867168,-7.590169,XP.LZAE,-25.3074,-68.3992,9528.967033763927,449,1.1091154071156752
PM.PESTR,38.867168,-7.590169,XR.BA07,24.1371,91.4975,9084.483418327793,1026,1.6765914541442675
PM.PESTR,38.867168,-7.590169,XT.D58,45.032299,-118.073799,8388.39020925488,540,1.2163272811190746
PM.PESTR,38.867168,-7.590169,XV.NAPU,-15.08,39.25,7722.7193829850285,515,1.1878379115475264
PM.PESTR,38.867168,-7.590169,XW.AMDT,1.9487,34.935799,5949.002924718964,567,1.246364576492066
PM.PESTR,38.867168,-7.590169,XW.KABG,3.5104,34.143299,5760.2612284366105,506,1.1774129988508764
PM.PESTR,38.867168,-7.590169,XY.PACW,39.9962,-77.9247,5875.414769789966,379,1.0189976272708203
PM.PESTR,38.867168,-7.590169,Y1.KERK,2.61653,36.255065,5990.2282928763425,601,1.283189519309503
PM.PESTR,38.867168,-7.590169,Y1.TURK,3.127577,38.27457,6099.875419483945,865,1.5394359401087887
PM.PESTR,38.867168,-7.590169,Y2.GUGE,31.4769,79.664101,7664.9342148526575,1351,1.923894452150039
PM.PESTR,38.867168,-7.590169,Y2.PURG,30.198799,81.275299,7871.939176693934,1340,1.9160461572499574
PM.PESTR,38.867168,-7.590169,Y2.WT06,32.226398,82.261299,7822.117410961641,561,1.239752516178073
PM.PESTR,38.867168,-7.590169,Y5.FMC,56.650002,-111.5,7237.053846427381,803,1.4832396974191326
PM.PESTR,38.867168,-7.590169,Y5.RW1,58.852901,-113.175903,7183.787680685351,541,1.2174529891629975
PM.PESTR,38.867168,-7.590169,YB.AT56,36.7019,35.546902,3763.207537119013,394,1.0389668208342944
PM.PESTR,38.867168,-7.590169,YL.WKZ15,43.36841,54.59763,5112.010868014763,376,1.0149566425721692
PM.PESTR,38.867168,-7.590169,YP.NE61,44.849098,115.991798,9130.547422601527,542,1.2185776572912024
PM.PESTR,38.867168,-7.590169,YP.NE7D,45.342098,128.742905,9685.716563450773,561,1.239752516178073
PM.PESTR,38.867168,-7.590169,YP.NE8B,46.207199,126.056297,9490.526830847934,422,1.07525084680815
PM.PESTR,38.867168,-7.590169,YP.NE8I,45.994301,133.655807,9819.430486639318,385,1.027031898505565
PM.PESTR,38.867168,-7.590169,YP.NEAD,47.581402,133.5802,9662.605207935752,547,1.2241854994184098
PM.PESTR,38.867168,-7.590169,YT.CLRK,-77.3231,-141.8485,15234.784366418433,1079,1.7193499886764312
PM.PESTR,38.867168,-7.590169,YT.DEVL,-81.4755,161.973,15259.334905985994,589,1.270314382401847
PM.PESTR,38.867168,-7.590169,YT.LPLY,-73.1142,-90.2834,13884.794366587694,1083,1.7225339728641735
PM.PESTR,38.867168,-7.590169,YT.MA07,-78.2496,-93.4991,14131.670390261717,697,1.3818788083967024
PM.PESTR,38.867168,-7.590169,YT.MA09,-79.8993,-104.9977,14394.132331079281,596,1.2778406443405872
PM.PESTR,38.867168,-7.590169,YT.MCRG,-73.6681,-94.6493,14035.640740755469,924,1.5910709755743357
PM.PESTR,38.867168,-7.590169,YT.MTAK,-76.3157,-112.7986,14583.166480646556,415,1.0662955975571986
PM.PESTR,38.867168,-7.590169,YT.RMBO,-83.8714,-66.3959,13956.346739979053,3662,3.1674716592779117
PM.PESTR,38.867168,-7.590169,YT.ST04,-80.7152,-116.5792,14601.351806300938,525,1.1993148729101801
PM.PESTR,38.867168,-7.590169,YT.THUR,-72.5301,-97.5606,14094.989640474549,913,1.5815719594800923
PM.PESTR,38.867168,-7.590169,YT.UPTW,-77.5781,-109.0374,14482.681215151759,387,1.0296960583603008
PM.PESTR,38.867168,-7.590169,YU.MD04,10.8953,-74.1514,7226.885397313995,653,1.3375504087287369
PM.PESTR,38.867168,-7.590169,YU.NL02,9.2491,-70.2202,7004.108649732886,498,1.1680683035010562
PM.PESTR,38.867168,-7.590169,YU.SL02,7.6943,-71.0365,7183.122751187877,585,1.2659935726643312
PM.PESTR,38.867168,-7.590169,YY.ABMD,11.8317,35.5825,5204.9380382025665,512,1.1843731363161685
PM.PESTR,38.867168,-7.590169,YY.CHGE,10.9614,36.518398,5345.548320167517,468,1.1323390750221056
PM.PESTR,38.867168,-7.590169,YY.NEKE,9.089,36.523701,5490.192426131804,517,1.1901421579644944
PM.PESTR,38.867168,-7.590169,Z7.LA01,31.9874,-93.8349,7553.970122275249,541,1.2174529891629975
PM.PESTR,38.867168,-7.590169,Z8.320,36.0107,112.366096,9660.498560329619,438,1.0954451150103321
PM.PESTR,38.867168,-7.590169,Z8.365,35.987999,105.131699,9206.544774780088,449,1.1091154071156752
PM.PESTR,38.867168,-7.590169,Z8.373,35.941299,103.562599,9107.196065834849,451,1.111582852672784
PM.PESTR,38.867168,-7.590169,ZD.FM03,-13.7229,-75.889503,9171.753955256027,552,1.229767769590376
PM.PESTR,38.867168,-7.590169,ZD.FM09,-12.65027,-73.041481,8866.115656889595,525,1.1993148729101801
PM.PESTR,38.867168,-7.590169,ZD.FS07,-13.46172,-71.9198,8841.953440498144,484,1.1515326296984703
PM.PESTR,38.867168,-7.590169,ZE.BULG,61.126701,-151.091202,8415.605757584843,510,1.1820576440988835
PM.PESTR,38.867168,-7.590169,ZG.CB14,-17.249399,-65.900902,8695.201561774526,463,1.126274012256756
PM.PESTR,38.867168,-7.590169,ZM.N173,-81.112198,77.473602,14184.361344187211,494,1.1633678083625345
PM.PESTR,38.867168,-7.590169,ZU.NZ01,-44.4981,165.001602,19138.034996287282,369,1.0054645215568718
PM.PESTR,38.867168,-7.590169,ZU.NZ22,-44.500599,173.998703,19374.99658589483,367,1.0027359832252927
PM.PFVI,37.132832,-8.826829,PQ.NBC8,56.57308,-122.40441,7877.475270789448,618,1.3012112376288127
PM.PFVI,37.132832,-8.826829,PS.CHUK,7.4638,151.8554,14664.31426161027,782,1.463716418376407
PM.PFVI,37.132832,-8.826829,PS.JAY,-2.5147,140.703,15064.282106383416,1414,1.9682409920382529
PM.PFVI,37.132832,-8.826829,PS.KOR,7.3436,134.4741,13769.900107014355,1084,1.7233290497460518
PM.PFVI,37.132832,-8.826829,PS.MCSJ,24.29,153.978,12951.84006548924,1173,1.7926791765781702
PM.PFVI,37.132832,-8.826829,PS.PSI,2.6938,98.923698,11384.29707540969,5373,3.8367366270315557
PM.PFVI,37.132832,-8.826829,PS.SYO,-69.0067,39.585,12449.751249556935,6251,4.138360472126646
PM.PFVI,37.132832,-8.826829,PS.VIVO,18.6498,105.6965,10777.052636191675,1491,2.0211213488678297
PM.PFVI,37.132832,-8.826829,QZ.ALGA,49.986897,57.210083,5325.31681212577,467,1.1311286641202762
PM.PFVI,37.132832,-8.826829,QZ.FDRN,51.26934,51.769418,4924.892669476326,465,1.128703948225453
PM.PFVI,37.132832,-8.826829,QZ.INDER,48.501565,51.694986,4958.840628880943,465,1.128703948225453
PM.PFVI,37.132832,-8.826829,QZ.USHN,49.969499,82.743909,7046.828065920206,386,1.0283648411800856
PM.PFVI,37.132832,-8.826829,RM.DLV,11.952,108.481499,11504.544894655484,3720,3.1924568629689904
PM.PFVI,37.132832,-8.826829,RM.SLV,21.325247,103.906708,10437.70452460437,4103,3.3527743572168647
PM.PFVI,37.132832,-8.826829,RV.SWHSA,54.899441,-116.751793,7710.4441098779735,402,1.0494617015468923
PM.PFVI,37.132832,-8.826829,S1.AUBUS,-33.6601,115.3828,15016.377534608859,4081,3.343773604448755
PM.PFVI,37.132832,-8.826829,S1.AUHPC,-38.1068,142.3183,17481.640629193327,592,1.273545369517387
PM.PFVI,37.132832,-8.826829,S1.AUKAL,-30.7637,121.4789,15429.014640088379,785,1.4665213709683367
PM.PFVI,37.132832,-8.826829,S1.AUMAZ,-32.0069,116.0384,15005.109164874959,449,1.1091154071156752
PM.PFVI,37.132832,-8.826829,S1.AUTAR,-42.9425,147.3551,17895.384254199515,416,1.0675795180675116
PM.PFVI,37.132832,-8.826829,TR.TOSP,11.2984,-60.535198,5886.154110678126,1061,1.7049484787137978
PM.PFVI,37.132832,-8.826829,TT.TATN,32.578701,10.5292,1833.5661961079932,1422,1.9738010059169857
PM.PFVI,37.132832,-8.826829,TW.KMNB,24.4638,118.388199,11218.309691745388,3276,2.9958875923094017
PM.PFVI,37.132832,-8.826829,US.ECSD,43.7337,-96.6141,7108.05962750618,396,1.041600454516661
PM.PFVI,37.132832,-8.826829,US.JCT,30.4794,-99.8022,8103.054618375214,415,1.0662955975571986
PM.PFVI,37.132832,-8.826829,US.LAO,46.6885,-106.2231,7600.787372571449,604,1.2863881686909069
PM.PFVI,37.132832,-8.826829,VE.BAUV,8.9433,-68.041496,6694.281455973796,1348,1.9217571867776393
PM.PFVI,37.132832,-8.826829,WM.UCM,40.307499,-3.2441,599.1192978676288,505,1.1762489718744142
PM.PFVI,37.132832,-8.826829,X8.QM38,47.675201,-70.853104,5084.319516378413,733,1.4171165012384097
PM.PFVI,37.132832,-8.826829,X8.QM58,49.048401,-72.740601,5193.904751805812,514,1.186684110486945
PM.PFVI,37.132832,-8.826829,X8.QM76,50.764801,-74.817596,5306.29642611137,583,1.263827628267638
PM.PFVI,37.132832,-8.826829,X8.QM90,52.2915,-77.098801,5431.318184915066,539,1.215200530269438
PM.PFVI,37.132832,-8.826829,X8.QMM5,50.8438,-68.798203,4886.352674447711,945,1.6090497493522105
PM.PFVI,37.132832,-8.826829,X9.BB420,43.6297,-130.208206,9266.622071131753,371,1.0081856754409793
PM.PFVI,37.132832,-8.826829,XA.AX08,38.8984,46.1815,4748.420803191878,562,1.240856972981681
PM.PFVI,37.132832,-8.826829,XA.EP15,40.33766,47.79234,4839.540643658996,367,1.0027359832252927
PM.PFVI,37.132832,-8.826829,XA.GP03,42.6352,44.6162,4524.811119045589,460,1.122619246495774
PM.PFVI,37.132832,-8.826829,XB.PM04,35.402599,-5.1525,381.43548052712725,169,0.6804510993672778
PM.PFVI,37.132832,-8.826829,XB.PS57,37.011501,-2.9864,518.2565569043887,281,0.8774183800779592
PM.PFVI,37.132832,-8.826829,XF.GOAT,60.136902,-141.453003,8366.934360539353,443,1.101679912740986
PM.PFVI,37.132832,-8.826829,XF.NE4,76.657433,-34.27758,4570.761351475509,565,1.244164460784607
PM.PFVI,37.132832,-8.826829,XI.SC04,49.624001,-89.675003,6357.994897303346,458,1.120176111398536
PM.PFVI,37.132832,-8.826829,XI.SC14,47.723,-84.814003,6092.844854289945,564,1.2430629426750903
PM.PFVI,37.132832,-8.826829,XI.SM37,44.381001,-93.380997,6844.758483438901,843,1.5197332137898054
PM.PFVI,37.132832,-8.826829,XL.AT13,44.992001,96.270103,8199.835898863912,659,1.343681305985461
PM.PFVI,37.132832,-8.826829,XL.HD03,46.515701,102.547203,8476.24788903595,614,1.2969933619035672
PM.PFVI,37.132832,-8.826829,XL.HD09,45.413898,100.5718,8436.861473864257,643,1.3272693154052941
PM.PFVI,37.132832,-8.826829,XL.HD41,48.242298,99.400002,8171.309647775869,641,1.3252035253355026
PM.PFVI,37.132832,-8.826829,XL.HD48,46.209202,97.608299,8201.671010821994,578,1.258396457335929
PM.PFVI,37.132832,-8.826829,XL.HD73,49.4953,101.357101,8197.284777363793,643,1.3272693154052941
PM.PFVI,37.132832,-8.826829,XL.HD74,49.500999,99.152298,8071.554274699114,645,1.3293318952282882
PM.PFVI,37.132832,-8.826829,XL.HV10,51.572102,100.448601,8003.921865955549,661,1.345718731425549
PM.PFVI,37.132832,-8.826829,XM.ANB10,-25.0271,-64.5865,9041.314178466555,645,1.3293318952282882
PM.PFVI,37.132832,-8.826829,XM.ANB11,-25.951,-62.49889,8980.555295192986,584,1.2649110640673518
PM.PFVI,37.132832,-8.826829,XM.ANB16,-24.0911,-61.4628,8755.419835825664,552,1.229767769590376
PM.PFVI,37.132832,-8.826829,XM.ANB17,-25.2429,-59.8069,8747.024648529177,554,1.231993595429003
PM.PFVI,37.132832,-8.826829,XM.ANB19,-27.7766,-62.9698,9165.024104116897,483,1.1503424147760861
PM.PFVI,37.132832,-8.826829,XM.ANB20,-26.7962,-65.316,9236.425126352824,633,1.3169079600877451
PM.PFVI,37.132832,-8.826829,XM.ASB11,-37.8946,-63.8453,10071.823994158798,472,1.1371678349880932
PM.PFVI,37.132832,-8.826829,XM.ASB22,-33.66389,-67.46128,9939.07533145242,476,1.141976177090002
PM.PFVI,37.132832,-8.826829,XM.CB01,-22.09872,-70.21211,9198.423340742367,558,1.2364332263764475
PM.PFVI,37.132832,-8.826829,XM.CB22,-24.00541,-68.52551,9229.197192906015,624,1.307512539555889
PM.PFVI,37.132832,-8.826829,XP.LZAE,-25.3074,-68.3992,9324.811192063737,455,1.1165013848919998
PM.PFVI,37.132832,-8.826829,XR.BA07,24.1371,91.4975,9263.884814392897,1051,1.6968948272637643
PM.PFVI,37.132832,-8.826829,XS.S24D,-0.1383,-12.7806,4164.287136315866,366,1.0013689260344547
PM.PFVI,37.132832,-8.826829,XT.D58,45.032299,-118.073799,8454.438297993845,540,1.2163272811190746
PM.PFVI,37.132832,-8.826829,XV.NAPU,-15.08,39.25,7679.988798146129,517,1.1901421579644944
PM.PFVI,37.132832,-8.826829,XW.AMDT,1.9487,34.935799,5939.8474043168735,588,1.2692355589525488
PM.PFVI,37.132832,-8.826829,XW.KABG,3.5104,34.143299,5753.370110874752,521,1.1947373185240229
PM.PFVI,37.132832,-8.826829,XY.PACW,39.9962,-77.9247,5860.704989162269,537,1.2129438885258992
PM.PFVI,37.132832,-8.826829,Y1.KERK,2.61653,36.255065,5987.886073760509,603,1.2853228366914469
PM.PFVI,37.132832,-8.826829,Y1.TURK,3.127577,38.27457,6106.132762250623,867,1.5412146072995236
PM.PFVI,37.132832,-8.826829,Y2.GUGE,31.4769,79.664101,7843.945648496948,1117,1.7493638765570585
PM.PFVI,37.132832,-8.826829,Y2.PURG,30.198799,81.275299,8050.2131606167795,1104,1.739154258324021
PM.PFVI,37.132832,-8.826829,Y2.WT06,32.226398,82.261299,8005.445641804266,587,1.268155817745671
PM.PFVI,37.132832,-8.826829,Y5.FMC,56.650002,-111.5,7329.339760323373,792,1.4730454893514422
PM.PFVI,37.132832,-8.826829,Y5.RW1,58.852901,-113.175903,7285.002253343689,566,1.245265004529899
PM.PFVI,37.132832,-8.826829,YB.AT56,36.7019,35.546902,3908.254881340313,546,1.2230659879822119
PM.PFVI,37.132832,-8.826829,YK.OCW,38.425842,-122.846184,9235.082881656695,373,1.010899504510304
PM.PFVI,37.132832,-8.826829,YL.WKZ15,43.36841,54.59763,5297.145501861476,376,1.0149566425721692
PM.PFVI,37.132832,-8.826829,YP.NE61,44.849098,115.991798,9350.158441830994,559,1.237540645520408
PM.PFVI,37.132832,-8.826829,YP.NE7D,45.342098,128.742905,9906.904272197226,559,1.237540645520408
PM.PFVI,37.132832,-8.826829,YP.NE8B,46.207199,126.056297,9711.721612547328,431,1.0866563016005655
PM.PFVI,37.132832,-8.826829,YP.NE8I,45.994301,133.655807,10040.11385850163,400,1.0468478451804273
PM.PFVI,37.132832,-8.826829,YP.NEAD,47.581402,133.5802,9883.078471742045,564,1.2430629426750903
PM.PFVI,37.132832,-8.826829,YT.CLRK,-77.3231,-141.8485,15022.255348901595,1090,1.7280918291176004
PM.PFVI,37.132832,-8.826829,YT.DEVL,-81.4755,161.973,15070.586028964259,579,1.2594845651547357
PM.PFVI,37.132832,-8.826829,YT.DUFK,-82.8619,-53.2006,13552.701757356957,365,1.0
PM.PFVI,37.132832,-8.826829,YT.LPLY,-73.1142,-90.2834,13666.346125987242,1104,1.739154258324021
PM.PFVI,37.132832,-8.826829,YT.MA07,-78.2496,-93.4991,13917.781439941591,704,1.388800606022215
PM.PFVI,37.132832,-8.826829,YT.MA09,-79.8993,-104.9977,14182.00736187248,603,1.2853228366914469
PM.PFVI,37.132832,-8.826829,YT.MCRG,-73.6681,-94.6493,13817.301283972669,1286,1.8770422667678202
PM.PFVI,37.132832,-8.826829,YT.MTAK,-76.3157,-112.7986,14366.71090219701,560,1.2386470745706646
PM.PFVI,37.132832,-8.826829,YT.RMBO,-83.8714,-66.3959,13752.730023118262,4237,3.407083676413333
PM.PFVI,37.132832,-8.826829,YT.ST04,-80.7152,-116.5792,14390.661015563759,557,1.2353248144760447
PM.PFVI,37.132832,-8.826829,YT.THUR,-72.5301,-97.5606,13875.736801580573,960,1.6217697081587663
PM.PFVI,37.132832,-8.826829,YT.UPTW,-77.5781,-109.0374,14267.5796947091,405,1.0533703247651751
PM.PFVI,37.132832,-8.826829,YU.MD04,10.8953,-74.1514,7098.3266081171105,657,1.3416407864998738
PM.PFVI,37.132832,-8.826829,YU.NL02,9.2491,-70.2202,6863.002603300388,502,1.1727499587522587
PM.PFVI,37.132832,-8.826829,YU.SL02,7.6943,-71.0365,7039.648251502178,589,1.270314382401847
PM.PFVI,37.132832,-8.826829,YY.ABMD,11.8317,35.5825,5233.222555011575,622,1.3054154852157591
PM.PFVI,37.132832,-8.826829,YY.CHGE,10.9614,36.518398,5373.641347866903,639,1.3231345099825826
PM.PFVI,37.132832,-8.826829,YY.NEKE,9.089,36.523701,5511.271425643449,688,1.3729280778137343
PM.PFVI,37.132832,-8.826829,Z7.LA01,31.9874,-93.8349,7533.663915023177,541,1.2174529891629975
PM.PFVI,37.132832,-8.826829,ZC.HMDR,18.7879,-69.381,6178.641054624604,415,1.0662955975571986
PM.PFVI,37.132832,-8.826829,ZD.FM03,-13.7229,-75.889503,8992.647553292303,552,1.229767769590376
PM.PFVI,37.132832,-8.826829,ZD.FM09,-12.65027,-73.041481,8684.503283845563,550,1.2275379077928685
PM.PFVI,37.132832,-8.826829,ZD.FS07,-13.46172,-71.9198,8657.379272368322,509,1.1808981954195736
PM.PFVI,37.132832,-8.826829,ZE.BULG,61.126701,-151.091202,8567.091529515665,517,1.1901421579644944
PM.PFVI,37.132832,-8.826829,ZG.CB14,-17.249399,-65.900902,8497.244130155163,488,1.156281238008238
PM.PFVI,37.132832,-8.826829,ZM.N173,-81.112198,77.473602,14015.965120858864,411,1.061144380968148
PQ.NBC8,56.57308,-122.40441,PS.PSI,2.6938,98.923698,12449.62108069862,403,1.050766191424665
PQ.NBC8,56.57308,-122.40441,PS.SYO,-69.0067,39.585,18370.72966007406,615,1.2980491157307243
PQ.NBC8,56.57308,-122.40441,S1.AUBUS,-33.6601,115.3828,15010.384499710079,624,1.307512539555889
PQ.NBC8,56.57308,-122.40441,TW.KMNB,24.4638,118.388199,9363.36494219082,416,1.0675795180675116
PQ.NBC8,56.57308,-122.40441,UO.RSBO,44.043361,-122.267036,1393.2765330888305,103,0.5312172632943303
PQ.NBC8,56.57308,-122.40441,XP.TWRS,45.103471,-114.849947,1379.3174615301368,124,0.5828602125700983
PS.CHUK,7.4638,151.8554,PS.JAY,-2.5147,140.703,1661.977759280914,802,1.4823158482498267
PS.CHUK,7.4638,151.8554,PS.KOR,7.3436,134.4741,1916.5247912402565,802,1.4823158482498267
PS.CHUK,7.4638,151.8554,PS.PSI,2.6938,98.923698,5883.049796850851,456,1.1177276360961783
PS.CHUK,7.4638,151.8554,PS.SYO,-69.0067,39.585,11656.232470848921,779,1.4609060802606257
PS.CHUK,7.4638,151.8554,PS.VIVO,18.6498,105.6965,5136.104023366022,802,1.4823158482498267
PS.CHUK,7.4638,151.8554,QZ.ALGA,49.986897,57.210083,9702.528789312457,412,1.0624345265886606
PS.CHUK,7.4638,151.8554,QZ.FDRN,51.26934,51.769418,10054.108426930004,409,1.0585593725462352
PS.CHUK,7.4638,151.8554,QZ.INDER,48.501565,51.694986,10126.089105041468,409,1.0585593725462352
PS.CHUK,7.4638,151.8554,QZ.USHN,49.969499,82.743909,7886.190381662661,368,1.0041011792056576
PS.CHUK,7.4638,151.8554,S1.AUBUS,-33.6601,115.3828,5974.052512210044,800,1.4804664203952105
PS.CHUK,7.4638,151.8554,TW.KMNB,24.4638,118.388199,4028.3932608444816,490,1.1586482440433152
PS.CHUK,7.4638,151.8554,YT.RMBO,-83.8714,-66.3959,11370.404791130186,584,1.2649110640673518
PS.JAY,-2.5147,140.703,PS.KOR,7.3436,134.4741,1295.8889576568477,1098,1.7344218570123566
PS.JAY,-2.5147,140.703,PS.PSI,2.6938,98.923698,4680.0067235560455,705,1.389786620066213
PS.JAY,-2.5147,140.703,PS.SYO,-69.0067,39.585,10186.308241670813,1404,1.9612688093338337
PS.JAY,-2.5147,140.703,PS.VIVO,18.6498,105.6965,4494.630005749303,1426,1.976575147842473
PS.JAY,-2.5147,140.703,QZ.ALGA,49.986897,57.210083,9757.81363696725,474,1.1395745420929257
PS.JAY,-2.5147,140.703,QZ.FDRN,51.26934,51.769418,10151.516247993282,470,1.1347560235031635
PS.JAY,-2.5147,140.703,QZ.INDER,48.501565,51.694986,10143.916829042982,470,1.1347560235031635
PS.JAY,-2.5147,140.703,QZ.USHN,49.969499,82.743909,8017.499946804836,392,1.0363264942766475
PS.JAY,-2.5147,140.703,S1.AUBUS,-33.6601,115.3828,4348.467973553157,1424,1.975188563913253
PS.JAY,-2.5147,140.703,S1.AUKAL,-30.7637,121.4789,3734.9058178264045,579,1.2594845651547357
PS.JAY,-2.5147,140.703,S1.AUMAZ,-32.0069,116.0384,4172.127387588196,447,1.1066424599872242
PS.JAY,-2.5147,140.703,TW.KMNB,24.4638,118.388199,3848.0116735844103,981,1.6394118557814301
PS.JAY,-2.5147,140.703,XM.ANB10,-25.0271,-64.5865,15914.479406486542,554,1.231993595429003
PS.JAY,-2.5147,140.703,XM.ANB11,-25.951,-62.49889,15984.350781191164,497,1.166894954833741
PS.JAY,-2.5147,140.703,XM.ANB16,-24.0911,-61.4628,16208.011015940432,535,1.2106830405426245
PS.JAY,-2.5147,140.703,XM.ANB17,-25.2429,-59.8069,16218.65435725507,537,1.2129438885258992
PS.JAY,-2.5147,140.703,XM.ANB19,-27.7766,-62.9698,15800.916064759402,475,1.140775991601199
PS.JAY,-2.5147,140.703,XM.ANB20,-26.7962,-65.316,15723.750052693931,546,1.2230659879822119
PS.JAY,-2.5147,140.703,XM.ASB11,-37.8946,-63.8453,14860.527626736533,464,1.1274896348580457
PS.JAY,-2.5147,140.703,XM.ASB22,-33.66389,-67.46128,15025.971844038793,468,1.1323390750221056
PS.JAY,-2.5147,140.703,XM.CB01,-22.09872,-70.21211,15683.42624282666,443,1.101679912740986
PS.JAY,-2.5147,140.703,XM.CB22,-24.00541,-68.52551,15693.057350716588,504,1.1750837918243189
PS.JAY,-2.5147,140.703,YT.MCRG,-73.6681,-94.6493,10758.600533982355,635,1.318986742692003
PS.JAY,-2.5147,140.703,YT.MTAK,-76.3157,-112.7986,10163.59101055607,412,1.0624345265886606
PS.JAY,-2.5147,140.703,YT.RMBO,-83.8714,-66.3959,10334.686189707345,1156,1.7796413368067265
PS.KOR,7.3436,134.4741,PS.PSI,2.6938,98.923698,3970.070062083687,644,1.328301005662435
PS.KOR,7.3436,134.4741,PS.SYO,-69.0067,39.585,10964.367629172648,1074,1.715361697550886
PS.KOR,7.3436,134.4741,PS.VIVO,18.6498,105.6965,3354.814516153001,1106,1.7407288663951574
PS.KOR,7.3436,134.4741,QZ.ALGA,49.986897,57.210083,8473.411515328844,474,1.1395745420929257
PS.KOR,7.3436,134.4741,QZ.FDRN,51.26934,51.769418,8864.151593656321,470,1.1347560235031635
PS.KOR,7.3436,134.4741,QZ.INDER,48.501565,51.694986,8865.269364448026,470,1.1347560235031635
PS.KOR,7.3436,134.4741,QZ.USHN,49.969499,82.743909,6723.251651704454,392,1.0363264942766475
PS.KOR,7.3436,134.4741,S1.AUBUS,-33.6601,115.3828,4984.322938868095,1096,1.7328415178623224
PS.KOR,7.3436,134.4741,TW.KMNB,24.4638,118.388199,2560.1087401532163,658,1.3426614338795158
PS.KOR,7.3436,134.4741,YT.MCRG,-73.6681,-94.6493,11983.376560656738,448,1.107879623548503
PS.KOR,7.3436,134.4741,YT.RMBO,-83.8714,-66.3959,11460.12649791659,826,1.5043316451601145
PS.MCSJ,24.29,153.978,PS.PSI,2.6938,98.923698,6366.869775263099,3581,3.1322450261928085
PS.MCSJ,24.29,153.978,PS.SYO,-69.0067,39.585,13483.429233298368,4224,3.401852839222477
PS.MCSJ,24.29,153.978,PS.TSK,36.2108,140.1097,1875.1963578065577,764,1.4467725062813113
PS.MCSJ,24.29,153.978,RM.DLV,11.952,108.481499,4975.494249807579,387,1.0296960583603008
PS.MCSJ,24.29,153.978,RM.SLV,21.325247,103.906708,5115.894220642512,421,1.073976097282545
PS.MCSJ,24.29,153.978,TW.KMNB,24.4638,118.388199,3594.468957589106,2821,2.7800660285841543
PS.MCSJ,24.29,153.978,TW.MATB,26.151501,119.945602,3420.109780895453,894,1.5650287756118577
PS.MCSJ,24.29,153.978,US.DUG,40.195,-112.8133,8551.79512508557,522,1.1958833497885024
PS.MCSJ,24.29,153.978,X4.D26,32.459202,96.394203,5640.309268704441,523,1.1970282838466129
PS.MCSJ,24.29,153.978,XA.SA01,-34.294456,19.245956,15524.860138112486,472,1.1371678349880932
PS.MCSJ,24.29,153.978,XC.OR088,42.965599,-117.302299,8097.951465071144,524,1.1981721238437173
PS.MCSJ,24.29,153.978,XF.MA28,20.1786,-102.597,10369.207264086348,467,1.1311286641202762
PS.MCSJ,24.29,153.978,XF.MA36,19.3594,-104.893204,10196.293017226983,468,1.1323390750221056
PS.MCSJ,24.29,153.978,XO.SCCC,41.764851,-74.670135,11129.382666476857,561,1.239752516178073
PS.MCSJ,24.29,153.978,XT.B151,12.9915,-67.651299,13882.285174550554,367,1.0027359832252927
PS.MCSJ,24.29,153.978,XT.CMPC,7.6508,-64.073097,14571.090464265384,511,1.1832159566199232
PS.MCSJ,24.29,153.978,XT.MHTO,13.9497,-66.490997,13901.089921079125,369,1.0054645215568718
PS.MCSJ,24.29,153.978,XT.PNCH,11.2493,-66.5009,14105.25762873765,365,1.0
PS.MCSJ,24.29,153.978,Y2.GUGE,31.4769,79.664101,7211.198639258266,1132,1.7610706581547768
PS.MCSJ,24.29,153.978,Y2.PURG,30.198799,81.275299,7096.8339280752925,1124,1.7548367601559185
PS.MCSJ,24.29,153.978,Y5.FMC,56.650002,-111.5,8038.889322799002,425,1.0790660599072865
PS.MCSJ,24.29,153.978,YL.ILAM,26.9102,87.922699,6553.012465265199,365,1.0
PS.MCSJ,24.29,153.978,YS.NGOK,22.122999,-159.664993,4722.109797092195,514,1.186684110486945
PS.MCSJ,24.29,153.978,YS.PL08,20.892599,-153.292099,5395.088962760476,370,1.0068260178089292
PS.MCSJ,24.29,153.978,YS.PL21,17.180099,-154.691299,5367.5215008406285,365,1.0
PS.MCSJ,24.29,153.978,YS.PL27,18.000299,-155.714996,5236.944729867381,369,1.0054645215568718
PS.MCSJ,24.29,153.978,Z6.13,29.351299,155.244003,576.6270851025329,282,0.878978236207261
PS.MCSJ,24.29,153.978,Z6.16,27.7988,155.108505,406.1708010676136,281,0.8774183800779592
PS.MCSJ,24.29,153.978,Z8.320,36.0107,112.366096,4172.470202186688,501,1.1715812988120062
PS.MCSJ,24.29,153.978,Z8.365,35.987999,105.131699,4821.355173466834,499,1.1692404746976701
PS.MCSJ,24.29,153.978,Z8.373,35.941299,103.562599,4962.439946562924,500,1.1704114719613057
PS.MCSJ,24.29,153.978,ZM.N173,-81.112198,77.473602,12446.60482395673,497,1.166894954833741
PS.PSI,2.6938,98.923698,PS.SYO,-69.0067,39.585,9121.569198550422,8286,4.7645954563859565
PS.PSI,2.6938,98.923698,PS.TSK,36.2108,140.1097,5629.9482573032665,997,1.6527270946272614
PS.PSI,2.6938,98.923698,PS.VIVO,18.6498,105.6965,1921.3677575896031,792,1.4730454893514422
PS.PSI,2.6938,98.923698,RM.DLV,11.952,108.481499,1472.5389087501476,3059,2.8949649251430007
PS.PSI,2.6938,98.923698,RM.SLV,21.325247,103.906708,2140.7496838354814,3497,3.0952902800558495
PS.PSI,2.6938,98.923698,S1.AUBUS,-33.6601,115.3828,4395.44337039148,3042,2.8869095197706605
PS.PSI,2.6938,98.923698,S1.AUHPC,-38.1068,142.3183,6357.1695439691075,371,1.0081856754409793
PS.PSI,2.6938,98.923698,S1.AUKAL,-30.7637,121.4789,4422.001706846542,452,1.112814523801501
PS.PSI,2.6938,98.923698,TM.SRIT,8.59549,99.601994,660.5134198701186,273,0.8648382539408465
PS.PSI,2.6938,98.923698,TR.TOSP,11.2984,-60.535198,17261.624975123046,1047,1.6936626437059217
PS.PSI,2.6938,98.923698,TT.TATN,32.578701,10.5292,9695.956533267157,1412,1.9668485327256218
PS.PSI,2.6938,98.923698,TW.KMNB,24.4638,118.388199,3196.9920311502897,4206,3.3945968348587257
PS.PSI,2.6938,98.923698,TW.MATB,26.151501,119.945602,3440.739009536614,727,1.4113046524113098
PS.PSI,2.6938,98.923698,US.DUG,40.195,-112.8133,14256.637561933314,950,1.6133008789520316
PS.PSI,2.6938,98.923698,US.LAO,46.6885,-106.2231,13997.053501195836,583,1.263827628267638
PS.PSI,2.6938,98.923698,VE.BAUV,8.9433,-68.041496,18075.619950304983,1169,1.7896199948668983
PS.PSI,2.6938,98.923698,X4.D26,32.459202,96.394203,3320.290097536291,520,1.1935901868927103
PS.PSI,2.6938,98.923698,X8.QM38,47.675201,-70.853104,14326.496022024172,723,1.407416753420329
PS.PSI,2.6938,98.923698,X8.QM58,49.048401,-72.740601,14205.712262674104,513,1.185529186504826
PS.PSI,2.6938,98.923698,X8.QM76,50.764801,-74.817596,14040.971352044957,581,1.2616579655032534
PS.PSI,2.6938,98.923698,X8.QM90,52.2915,-77.098801,13889.579265099548,535,1.2106830405426245
PS.PSI,2.6938,98.923698,X8.QMM5,50.8438,-68.798203,13948.452408991085,933,1.5988009205531637
PS.PSI,2.6938,98.923698,X9.BB420,43.6297,-130.208206,12914.821611316078,369,1.0054645215568718
PS.PSI,2.6938,98.923698,XA.AX08,38.8984,46.1815,6670.583387712399,413,1.063723107446232
PS.PSI,2.6938,98.923698,XA.GP03,42.6352,44.6162,6958.075664776276,446,1.1054039117983878
PS.PSI,2.6938,98.923698,XA.SA01,-34.294456,19.245956,9232.274274464904,503,1.1739174552671163
PS.PSI,2.6938,98.923698,XF.GOAT,60.136902,-141.453003,11323.553679476918,410,1.0598526648703945
PS.PSI,2.6938,98.923698,XF.NE4,76.657433,-34.27758,10723.086127289716,466,1.1299169565800504
PS.PSI,2.6938,98.923698,XI.SC04,49.624001,-89.675003,14139.285971849511,444,1.1029226428740972
PS.PSI,2.6938,98.923698,XI.SC14,47.723,-84.814003,14397.207809820564,549,1.2264214565316018
PS.PSI,2.6938,98.923698,XI.SM37,44.381001,-93.380997,14639.382043957712,828,1.5061517688084862
PS.PSI,2.6938,98.923698,XL.AT13,44.992001,96.270103,4710.518461197216,497,1.166894954833741
PS.PSI,2.6938,98.923698,XL.HD03,46.515701,102.547203,4885.410731153079,614,1.2969933619035672
PS.PSI,2.6938,98.923698,XL.HD09,45.413898,100.5718,4752.988168665767,643,1.3272693154052941
PS.PSI,2.6938,98.923698,XL.HD41,48.242298,99.400002,5064.974039535637,641,1.3252035253355026
PS.PSI,2.6938,98.923698,XL.HD48,46.209202,97.608299,4840.383912899605,578,1.258396457335929
PS.PSI,2.6938,98.923698,XL.HD73,49.4953,101.357101,5209.207698065205,643,1.3272693154052941
PS.PSI,2.6938,98.923698,XL.HD74,49.500999,99.152298,5204.775369307911,645,1.3293318952282882
PS.PSI,2.6938,98.923698,XL.HV10,51.572102,100.448601,5436.885978871122,497,1.166894954833741
PS.PSI,2.6938,98.923698,XO.SCCC,41.764851,-74.670135,15029.355060198719,577,1.2573074078395543
PS.PSI,2.6938,98.923698,XP.LZAE,-25.3074,-68.3992,17157.815510877797,452,1.112814523801501
PS.PSI,2.6938,98.923698,XR.BA07,24.1371,91.4975,2514.275705475377,937,1.6022244810485304
PS.PSI,2.6938,98.923698,XT.D58,45.032299,-118.073799,13570.505025699624,525,1.1993148729101801
PS.PSI,2.6938,98.923698,XV.NAPU,-15.08,39.25,6855.802661202047,494,1.1633678083625345
PS.PSI,2.6938,98.923698,XW.AMDT,1.9487,34.935799,7109.040152795275,574,1.2540345847407988
PS.PSI,2.6938,98.923698,XW.KABG,3.5104,34.143299,7191.9310643785275,514,1.186684110486945
PS.PSI,2.6938,98.923698,XY.PACW,39.9962,-77.9247,15257.33137825134,539,1.215200530269438
PS.PSI,2.6938,98.923698,Y1.KERK,2.61653,36.255065,6960.12163721413,515,1.1878379115475264
PS.PSI,2.6938,98.923698,Y1.TURK,3.127577,38.27457,6734.427666294769,774,1.456210130855255
PS.PSI,2.6938,98.923698,Y2.GUGE,31.4769,79.664101,3783.6727005632565,1281,1.873389719491353
PS.PSI,2.6938,98.923698,Y2.PURG,30.198799,81.275299,3578.7516893151724,1271,1.8660631770714295
PS.PSI,2.6938,98.923698,Y2.WT06,32.226398,82.261299,3716.852222614916,571,1.2507531977348032
PS.PSI,2.6938,98.923698,Y5.FMC,56.650002,-111.5,12869.595081056988,723,1.407416753420329
PS.PSI,2.6938,98.923698,Y5.RW1,58.852901,-113.175903,12611.670700505823,555,1.2331050016951028
PS.PSI,2.6938,98.923698,YB.AT56,36.7019,35.546902,7476.042233224652,548,1.225303988002038
PS.PSI,2.6938,98.923698,YK.OCW,38.425842,-122.846184,13751.696292629935,371,1.0081856754409793
PS.PSI,2.6938,98.923698,YP.NE61,44.849098,115.991798,4976.411888625235,552,1.229767769590376
PS.PSI,2.6938,98.923698,YP.NE7D,45.342098,128.742905,5561.580590005843,558,1.2364332263764475
PS.PSI,2.6938,98.923698,YP.NE8B,46.207199,126.056297,5506.7406690702155,429,1.0841321255979017
PS.PSI,2.6938,98.923698,YP.NE8I,45.994301,133.655807,5874.931847056119,424,1.0777958227866902
PS.PSI,2.6938,98.923698,YP.NEAD,47.581402,133.5802,5995.39767892073,560,1.2386470745706646
PS.PSI,2.6938,98.923698,YS.NGOK,22.122999,-159.664993,11066.074600724703,390,1.0336794235569031
PS.PSI,2.6938,98.923698,YT.CLRK,-77.3231,-141.8485,10985.452374655848,1081,1.7209427171223446
PS.PSI,2.6938,98.923698,YT.DEVL,-81.4755,161.973,9876.1203751429,526,1.200456534161466
PS.PSI,2.6938,98.923698,YT.LPLY,-73.1142,-90.2834,12159.453187767196,877,1.550077329047618
PS.PSI,2.6938,98.923698,YT.MA07,-78.2496,-93.4991,11582.366578774472,514,1.186684110486945
PS.PSI,2.6938,98.923698,YT.MA09,-79.8993,-104.9977,11332.098919461376,419,1.0714220482515058
PS.PSI,2.6938,98.923698,YT.MCRG,-73.6681,-94.6493,12070.329069291016,954,1.6166937341800351
PS.PSI,2.6938,98.923698,YT.RMBO,-83.8714,-66.3959,10966.125215571636,3253,2.98535236900492
PS.PSI,2.6938,98.923698,YT.ST04,-80.7152,-116.5792,11144.977554494488,583,1.263827628267638
PS.PSI,2.6938,98.923698,YT.THUR,-72.5301,-97.5606,12166.206835228082,789,1.4702529835427773
PS.PSI,2.6938,98.923698,YT.UPTW,-77.5781,-109.0374,11523.37787659628,377,1.0163054227587134
PS.PSI,2.6938,98.923698,YU.MD04,10.8953,-74.1514,18320.912219194037,571,1.2507531977348032
PS.PSI,2.6938,98.923698,YU.NL02,9.2491,-70.2202,18223.28135033042,477,1.1431751025405046
PS.PSI,2.6938,98.923698,YU.SL02,7.6943,-71.0365,18410.50946533812,509,1.1808981954195736
PS.PSI,2.6938,98.923698,YY.ABMD,11.8317,35.5825,7045.948068727247,549,1.2264214565316018
PS.PSI,2.6938,98.923698,YY.CHGE,10.9614,36.518398,6939.284595142834,610,1.2927617246470167
PS.PSI,2.6938,98.923698,YY.NEKE,9.089,36.523701,6930.650178994561,626,1.3096062359162333
PS.PSI,2.6938,98.923698,Z6.13,29.351299,155.244003,6628.471964225257,367,1.0027359832252927
PS.PSI,2.6938,98.923698,Z6.16,27.7988,155.108505,6570.722306744172,365,1.0
PS.PSI,2.6938,98.923698,Z7.LA01,31.9874,-93.8349,15930.380581049722,379,1.0189976272708203
PS.PSI,2.6938,98.923698,Z8.320,36.0107,112.366096,3954.073076854311,499,1.1692404746976701
PS.PSI,2.6938,98.923698,Z8.365,35.987999,105.131699,3756.8036013695573,497,1.166894954833741
PS.PSI,2.6938,98.923698,Z8.373,35.941299,103.562599,3727.6310333202387,498,1.1680683035010562
PS.PSI,2.6938,98.923698,ZB.L10S,0.6458,100.867378,313.88905601439234,102,0.5286322491056713
PS.PSI,2.6938,98.923698,ZC.HMDR,18.7879,-69.381,17305.322376825323,396,1.041600454516661
PS.PSI,2.6938,98.923698,ZD.FM03,-13.7229,-75.889503,18662.785527208824,535,1.2106830405426245
PS.PSI,2.6938,98.923698,ZD.FM09,-12.65027,-73.041481,18598.222242298154,539,1.215200530269438
PS.PSI,2.6938,98.923698,ZD.FS07,-13.46172,-71.9198,18450.95932070168,498,1.1680683035010562
PS.PSI,2.6938,98.923698,ZE.BULG,61.126701,-151.091202,10797.651728559698,464,1.1274896348580457
PS.PSI,2.6938,98.923698,ZG.CB14,-17.249399,-65.900902,17698.89895667982,477,1.1431751025405046
PS.PSI,2.6938,98.923698,ZM.N173,-81.112198,77.473602,9387.278221059472,495,1.1645447108469662
PS.SYO,-69.0067,39.585,PS.TSK,36.2108,140.1097,14141.976281767218,1366,1.9345453609116168
PS.SYO,-69.0067,39.585,PS.VIVO,18.6498,105.6965,11038.385114227493,1481,2.014332208593047
PS.SYO,-69.0067,39.585,QZ.ALGA,49.986897,57.210083,13310.536011898668,448,1.107879623548503
PS.SYO,-69.0067,39.585,QZ.FDRN,51.26934,51.769418,13411.417786272868,448,1.107879623548503
PS.SYO,-69.0067,39.585,QZ.INDER,48.501565,51.694986,13104.345208137562,448,1.107879623548503
PS.SYO,-69.0067,39.585,QZ.USHN,49.969499,82.743909,13693.325854036328,366,1.0013689260344547
PS.SYO,-69.0067,39.585,RM.DLV,11.952,108.481499,10435.691363153972,3542,3.1151419853741973
PS.SYO,-69.0067,39.585,RM.SLV,21.325247,103.906708,11257.343357590917,3869,3.255764119219941
PS.SYO,-69.0067,39.585,RV.SWHSA,54.899441,-116.751793,18044.00882906632,389,1.032353342929413
PS.SYO,-69.0067,39.585,S1.AUBUS,-33.6601,115.3828,5982.069937274871,4019,3.318276496030671
PS.SYO,-69.0067,39.585,S1.AUHPC,-38.1068,142.3183,6567.991084235186,589,1.270314382401847
PS.SYO,-69.0067,39.585,S1.AUKAL,-30.7637,121.4789,6516.440820300373,739,1.4229046117876543
PS.SYO,-69.0067,39.585,S1.AUMAZ,-32.0069,116.0384,6174.465126994047,449,1.1091154071156752
PS.SYO,-69.0067,39.585,S1.AUTAR,-42.9425,147.3551,6251.4118680804895,416,1.0675795180675116
PS.SYO,-69.0067,39.585,TR.TOSP,11.2984,-60.535198,11582.175637362065,999,1.654383964311146
PS.SYO,-69.0067,39.585,TT.TATN,32.578701,10.5292,11543.940694924531,1050,1.6960873588253416
PS.SYO,-69.0067,39.585,TW.KMNB,24.4638,118.388199,12105.04729995331,5153,3.7573671924870586
PS.SYO,-69.0067,39.585,TW.MATB,26.151501,119.945602,12337.702138926454,917,1.58503273377028
PS.SYO,-69.0067,39.585,US.DUG,40.195,-112.8133,16421.147660586594,941,1.605640741816432
PS.SYO,-69.0067,39.585,US.ECSD,43.7337,-96.6141,16271.294709389529,444,1.1029226428740972
PS.SYO,-69.0067,39.585,US.JCT,30.4794,-99.8022,15018.858374547995,648,1.3324197783556895
PS.SYO,-69.0067,39.585,US.LAO,46.6885,-106.2231,16897.117801621007,604,1.2863881686909069
PS.SYO,-69.0067,39.585,US.MVCO,37.19956,-108.49251,15986.716948887064,481,1.147958282856168
PS.SYO,-69.0067,39.585,VE.BAUV,8.9433,-68.041496,11632.54884455743,1349,1.9224698725750955
PS.SYO,-69.0067,39.585,WM.UCM,40.307499,-3.2441,12654.298803625126,510,1.1820576440988835
PS.SYO,-69.0067,39.585,X2.281,39.6814,110.487,13387.075178788702,368,1.0041011792056576
PS.SYO,-69.0067,39.585,X4.D26,32.459202,96.394203,12187.931789542989,523,1.1970282838466129
PS.SYO,-69.0067,39.585,X8.QM38,47.675201,-70.853104,15651.783842221055,651,1.3355005218402636
PS.SYO,-69.0067,39.585,X8.QM58,49.048401,-72.740601,15855.512097243696,432,1.087916193387899
PS.SYO,-69.0067,39.585,X8.QM76,50.764801,-74.817596,16096.816292782436,509,1.1808981954195736
PS.SYO,-69.0067,39.585,X8.QM90,52.2915,-77.098801,16326.434901309516,405,1.0533703247651751
PS.SYO,-69.0067,39.585,X8.QMM5,50.8438,-68.798203,15865.70215193164,730,1.4142135623730951
PS.SYO,-69.0067,39.585,XA.AX08,38.8984,46.1815,12010.878552024113,558,1.2364332263764475
PS.SYO,-69.0067,39.585,XA.GP03,42.6352,44.6162,12420.991883913788,460,1.122619246495774
PS.SYO,-69.0067,39.585,XA.SA01,-34.294456,19.245956,4061.703549426268,409,1.0585593725462352
PS.SYO,-69.0067,39.585,XC.OR088,42.965599,-117.302299,16827.674969690084,562,1.240856972981681
PS.SYO,-69.0067,39.585,XF.GOAT,60.136902,-141.453003,19027.627715672137,452,1.112814523801501
PS.SYO,-69.0067,39.585,XF.MA28,20.1786,-102.597,14009.838914293841,502,1.1727499587522587
PS.SYO,-69.0067,39.585,XF.MA36,19.3594,-104.893204,13985.429714656819,503,1.1739174552671163
PS.SYO,-69.0067,39.585,XF.NE4,76.657433,-34.27758,16935.680260184683,565,1.244164460784607
PS.SYO,-69.0067,39.585,XI.SC04,49.624001,-89.675003,16579.775944521323,437,1.0941938923118713
PS.SYO,-69.0067,39.585,XI.SM37,44.381001,-93.380997,16217.158988079364,495,1.1645447108469662
PS.SYO,-69.0067,39.585,XL.AT13,44.992001,96.270103,13498.425810377636,659,1.343681305985461
PS.SYO,-69.0067,39.585,XL.HD03,46.515701,102.547203,13835.479488854022,368,1.0041011792056576
PS.SYO,-69.0067,39.585,XL.HD09,45.413898,100.5718,13664.147111076276,371,1.0081856754409793
PS.SYO,-69.0067,39.585,XL.HD41,48.242298,99.400002,13922.064155951544,370,1.0068260178089292
PS.SYO,-69.0067,39.585,XL.HD73,49.4953,101.357101,14105.900873457778,375,1.0136060675992289
PS.SYO,-69.0067,39.585,XL.HD74,49.500999,99.152298,14044.556478212986,376,1.0149566425721692
PS.SYO,-69.0067,39.585,XL.HV10,51.572102,100.448601,14292.32607045543,661,1.345718731425549
PS.SYO,-69.0067,39.585,XM.ANB10,-25.0271,-64.5865,7962.631379165859,643,1.3272693154052941
PS.SYO,-69.0067,39.585,XM.ANB11,-25.951,-62.49889,7789.768380985994,582,1.2627432628785653
PS.SYO,-69.0067,39.585,XM.ANB16,-24.0911,-61.4628,7942.943816121604,550,1.2275379077928685
PS.SYO,-69.0067,39.585,XM.ANB17,-25.2429,-59.8069,7761.613365447624,552,1.229767769590376
PS.SYO,-69.0067,39.585,XM.ANB19,-27.7766,-62.9698,7618.998768405291,481,1.147958282856168
PS.SYO,-69.0067,39.585,XM.ANB20,-26.7962,-65.316,7806.4165371261515,631,1.3148258908645172
PS.SYO,-69.0067,39.585,XM.ASB11,-37.8946,-63.8453,6614.346829388417,470,1.1347560235031635
PS.SYO,-69.0067,39.585,XM.ASB22,-33.66389,-67.46128,7174.872647716867,474,1.1395745420929257
PS.SYO,-69.0067,39.585,XM.CB01,-22.09872,-70.21211,8471.26967994212,558,1.2364332263764475
PS.SYO,-69.0067,39.585,XM.CB22,-24.00541,-68.52551,8212.19956847183,622,1.3054154852157591
PS.SYO,-69.0067,39.585,XO.SCCC,41.764851,-74.670135,15236.368756340791,526,1.200456534161466
PS.SYO,-69.0067,39.585,XR.BA07,24.1371,91.4975,11161.290935520356,1052,1.6977019116505458
PS.SYO,-69.0067,39.585,XS.S24D,-0.1383,-12.7806,8587.757479030603,366,1.0013689260344547
PS.SYO,-69.0067,39.585,XT.B151,12.9915,-67.651299,12037.941585426159,367,1.0027359832252927
PS.SYO,-69.0067,39.585,XT.CMPC,7.6508,-64.073097,11343.383107179474,511,1.1832159566199232
PS.SYO,-69.0067,39.585,XT.MHTO,13.9497,-66.490997,12091.854309644294,369,1.0054645215568718
PS.SYO,-69.0067,39.585,XT.PNCH,11.2493,-66.5009,11812.214819820525,365,1.0
PS.SYO,-69.0067,39.585,XW.AMDT,1.9487,34.935799,7897.830108764116,587,1.268155817745671
PS.SYO,-69.0067,39.585,XW.KABG,3.5104,34.143299,8074.306464740381,520,1.1935901868927103
PS.SYO,-69.0067,39.585,XY.PACW,39.9962,-77.9247,15191.754859830959,468,1.1323390750221056
PS.SYO,-69.0067,39.585,Y1.KERK,2.61653,36.255065,7968.206938969065,604,1.2863881686909069
PS.SYO,-69.0067,39.585,Y1.TURK,3.127577,38.27457,8021.6029697900985,868,1.5421031715747238
PS.SYO,-69.0067,39.585,Y2.GUGE,31.4769,79.664101,11641.79935763252,1415,1.9689368524071875
PS.SYO,-69.0067,39.585,Y2.PURG,30.198799,81.275299,11541.117750748428,1404,1.9612688093338337
PS.SYO,-69.0067,39.585,Y2.WT06,32.226398,82.261299,11782.818640916148,612,1.2948792718887439
PS.SYO,-69.0067,39.585,Y5.FMC,56.650002,-111.5,18039.018104321767,796,1.4767606162842437
PS.SYO,-69.0067,39.585,Y5.RW1,58.852901,-113.175903,18295.364463949016,480,1.1467643581619917
PS.SYO,-69.0067,39.585,YB.AT56,36.7019,35.546902,11758.996043288395,465,1.128703948225453
PS.SYO,-69.0067,39.585,YK.OCW,38.425842,-122.846184,16454.13613973275,558,1.2364332263764475
PS.SYO,-69.0067,39.585,YL.ILAM,26.9102,87.922699,11356.74289605125,365,1.0
PS.SYO,-69.0067,39.585,YL.WKZ15,43.36841,54.59763,12556.925136574811,372,1.0095435018818064
PS.SYO,-69.0067,39.585,YP.NE61,44.849098,115.991798,14097.235408050972,585,1.2659935726643312
PS.SYO,-69.0067,39.585,YP.NE7D,45.342098,128.742905,14603.291038454141,593,1.2746205452002473
PS.SYO,-69.0067,39.585,YP.NE8B,46.207199,126.056297,14588.652425875312,454,1.1152737854169963
PS.SYO,-69.0067,39.585,YP.NE8I,45.994301,133.655807,14851.936807602104,423,1.0765240868596675
PS.SYO,-69.0067,39.585,YP.NEAD,47.581402,133.5802,15002.012145758332,590,1.2713922904298198
PS.SYO,-69.0067,39.585,YS.NGOK,22.122999,-159.664993,14641.791855095875,549,1.2264214565316018
PS.SYO,-69.0067,39.585,YS.PL08,20.892599,-153.292099,14593.387162820769,368,1.0041011792056576
PS.SYO,-69.0067,39.585,YS.PL27,18.000299,-155.714996,14245.074039513207,367,1.0027359832252927
PS.SYO,-69.0067,39.585,YT.CLRK,-77.3231,-141.8485,3743.677825298717,773,1.4552691225948835
PS.SYO,-69.0067,39.585,YT.DEVL,-81.4755,161.973,2947.6994342992925,591,1.2724692853628259
PS.SYO,-69.0067,39.585,YT.DUFK,-82.8619,-53.2006,2496.1681751330802,365,1.0
PS.SYO,-69.0067,39.585,YT.LPLY,-73.1142,-90.2834,3807.5966461863172,1101,1.7367896695237406
PS.SYO,-69.0067,39.585,YT.MA07,-78.2496,-93.4991,3358.7693538601116,704,1.388800606022215
PS.SYO,-69.0067,39.585,YT.MA09,-79.8993,-104.9977,3311.274201650842,603,1.2853228366914469
PS.SYO,-69.0067,39.585,YT.MCRG,-73.6681,-94.6493,3818.8073069517877,1294,1.8828716046114389
PS.SYO,-69.0067,39.585,YT.MTAK,-76.3157,-112.7986,3746.4892058002583,550,1.2275379077928685
PS.SYO,-69.0067,39.585,YT.RMBO,-83.8714,-66.3959,2601.9398179005925,4226,3.4026581068013315
PS.SYO,-69.0067,39.585,YT.ST04,-80.7152,-116.5792,3303.9476692980184,583,1.263827628267638
PS.SYO,-69.0067,39.585,YT.THUR,-72.5301,-97.5606,3973.6876923247078,719,1.4035180845641535
PS.SYO,-69.0067,39.585,YT.UPTW,-77.5781,-109.0374,3583.1231973349095,405,1.0533703247651751
PS.SYO,-69.0067,39.585,YU.MD04,10.8953,-74.1514,12069.867262578699,656,1.340619362075829
PS.SYO,-69.0067,39.585,YU.NL02,9.2491,-70.2202,11748.464238524755,501,1.1715812988120062
PS.SYO,-69.0067,39.585,YU.SL02,7.6943,-71.0365,11617.652599622374,588,1.2692355589525488
PS.SYO,-69.0067,39.585,YY.ABMD,11.8317,35.5825,8994.351051362384,622,1.3054154852157591
PS.SYO,-69.0067,39.585,YY.CHGE,10.9614,36.518398,8895.317781931184,639,1.3231345099825826
PS.SYO,-69.0067,39.585,YY.NEKE,9.089,36.523701,8687.144394726678,688,1.3729280778137343
PS.SYO,-69.0067,39.585,Z6.13,29.351299,155.244003,14050.51086901742,366,1.0013689260344547
PS.SYO,-69.0067,39.585,Z7.LA01,31.9874,-93.8349,14978.267404734677,537,1.2129438885258992
PS.SYO,-69.0067,39.585,Z8.320,36.0107,112.366096,13075.301218194938,498,1.1680683035010562
PS.SYO,-69.0067,39.585,Z8.365,35.987999,105.131699,12829.649939595593,496,1.1657204251401967
PS.SYO,-69.0067,39.585,Z8.373,35.941299,103.562599,12774.25473673549,497,1.166894954833741
PS.SYO,-69.0067,39.585,ZC.HMDR,18.7879,-69.381,12705.445977217041,415,1.0662955975571986
PS.SYO,-69.0067,39.585,ZD.FM09,-12.65027,-73.041481,9561.358678811415,463,1.126274012256756
PS.SYO,-69.0067,39.585,ZD.FS07,-13.46172,-71.9198,9435.812461250842,466,1.1299169565800504
PS.SYO,-69.0067,39.585,ZE.BULG,61.126701,-151.091202,19009.259897509346,516,1.1889905929556324
PS.SYO,-69.0067,39.585,ZG.CB14,-17.249399,-65.900902,8818.881052201368,456,1.1177276360961783
PS.SYO,-69.0067,39.585,ZM.N173,-81.112198,77.473602,1663.7450858912223,501,1.1715812988120062
PS.SYO,-69.0067,39.585,ZM.N190,-80.327499,69.431,1495.942859005189,316,0.9304587173311528
PS.SYO,-69.0067,39.585,ZU.NZ01,-44.4981,165.001602,6625.447777168887,370,1.0068260178089292
PS.SYO,-69.0067,39.585,ZU.NZ22,-44.500599,173.998703,6850.03894999583,368,1.0041011792056576
PS.TSK,36.2108,140.1097,TW.KMNB,24.4638,118.388199,2450.9746978971853,643,1.3272693154052941
PS.VIVO,18.6498,105.6965,QZ.ALGA,49.986897,57.210083,5510.437058635191,475,1.140775991601199
PS.VIVO,18.6498,105.6965,QZ.FDRN,51.26934,51.769418,5919.6257553411715,470,1.1347560235031635
PS.VIVO,18.6498,105.6965,QZ.INDER,48.501565,51.694986,5839.749638789169,470,1.1347560235031635
PS.VIVO,18.6498,105.6965,QZ.USHN,49.969499,82.743909,4035.2765510894988,393,1.0376474973550138
PS.VIVO,18.6498,105.6965,RM.DLV,11.952,108.481499,802.3513566470544,399,1.0455384665001604
PS.VIVO,18.6498,105.6965,RM.SLV,21.325247,103.906708,351.38971723265803,346,0.973624776533266
PS.VIVO,18.6498,105.6965,S1.AUBUS,-33.6601,115.3828,5906.632647503344,1502,2.028563159763749
PS.VIVO,18.6498,105.6965,S1.AUKAL,-30.7637,121.4789,5747.782301784951,651,1.3355005218402636
PS.VIVO,18.6498,105.6965,S1.AUMAZ,-32.0069,116.0384,5739.578200517431,449,1.1091154071156752
PS.VIVO,18.6498,105.6965,TW.KMNB,24.4638,118.388199,1462.0487789644474,1032,1.6814866220918834
PS.VIVO,18.6498,105.6965,XM.ANB10,-25.0271,-64.5865,18787.564977746963,631,1.3148258908645172
PS.VIVO,18.6498,105.6965,XM.ANB11,-25.951,-62.49889,18555.588350329486,574,1.2540345847407988
PS.VIVO,18.6498,105.6965,XM.ANB16,-24.0911,-61.4628,18555.277500395754,542,1.2185776572912024
PS.VIVO,18.6498,105.6965,XM.ANB17,-25.2429,-59.8069,18351.51669749567,544,1.2208238852939066
PS.VIVO,18.6498,105.6965,XM.ANB19,-27.7766,-62.9698,18476.826322007644,473,1.1383718245630046
PS.VIVO,18.6498,105.6965,XM.ANB20,-26.7962,-65.316,18723.677575584843,623,1.3064644331433188
PS.VIVO,18.6498,105.6965,XM.ASB11,-37.8946,-63.8453,17646.77387613397,462,1.1250570761777086
PS.VIVO,18.6498,105.6965,XM.ASB22,-33.66389,-67.46128,18212.65937852914,466,1.1299169565800504
PS.VIVO,18.6498,105.6965,XM.CB01,-22.09872,-70.21211,19441.639832848836,512,1.1843731363161685
PS.VIVO,18.6498,105.6965,XM.CB22,-24.00541,-68.52551,19171.074149529253,581,1.2616579655032534
PS.VIVO,18.6498,105.6965,YT.MCRG,-73.6681,-94.6493,13768.992092412165,722,1.40644309937545
PS.VIVO,18.6498,105.6965,YT.MTAK,-76.3157,-112.7986,13241.90175354179,415,1.0662955975571986
PS.VIVO,18.6498,105.6965,YT.RMBO,-83.8714,-66.3959,12756.04567854955,1233,1.837955982003057
QZ.AKST,45.734274,62.857266,QZ.ALGA,49.986897,57.210083,632.9672053854318,264,0.8504632098056193
QZ.AKST,45.734274,62.857266,QZ.FDRN,51.26934,51.769418,1021.025725227703,264,0.8504632098056193
QZ.AKST,45.734274,62.857266,QZ.INDER,48.501565,51.694986,897.9054103472639,264,0.8504632098056193
QZ.ALGA,49.986897,57.210083,QZ.BRZS,49.981769,72.677469,1103.914422759268,204,0.7475988961930329
QZ.ALGA,49.986897,57.210083,QZ.FDRN,51.26934,51.769418,409.28275284560846,470,1.1347560235031635
QZ.ALGA,49.986897,57.210083,QZ.INDER,48.501565,51.694986,432.9485488290583,470,1.1347560235031635
QZ.ALGA,49.986897,57.210083,QZ.USHN,49.969499,82.743909,1816.9333872512316,393,1.0376474973550138
QZ.ALGA,49.986897,57.210083,S1.AUBUS,-33.6601,115.3828,10917.148556583776,475,1.140775991601199
QZ.ALGA,49.986897,57.210083,TW.KMNB,24.4638,118.388199,5913.305047806911,407,1.0559680360459236
QZ.BRZS,49.981769,72.677469,QZ.FDRN,51.26934,51.769418,1476.7421205326416,204,0.7475988961930329
QZ.BRZS,49.981769,72.677469,QZ.USHN,49.969499,82.743909,719.3193594029605,204,0.7475988961930329
QZ.BRZS,49.981769,72.677469,QZ.ZSN,47.462283,84.866045,935.7317403825766,204,0.7475988961930329
QZ.FDRN,51.26934,51.769418,QZ.INDER,48.501565,51.694986,307.80911303142983,470,1.1347560235031635
QZ.FDRN,51.26934,51.769418,QZ.USHN,49.969499,82.743909,2173.7475684668902,388,1.0310255567298694
QZ.FDRN,51.26934,51.769418,S1.AUBUS,-33.6601,115.3828,11296.519627378519,470,1.1347560235031635
QZ.FDRN,51.26934,51.769418,TW.KMNB,24.4638,118.388199,6304.535369825135,402,1.0494617015468923
QZ.INDER,48.501565,51.694986,QZ.USHN,49.969499,82.743909,2243.9501724719917,388,1.0310255567298694
QZ.INDER,48.501565,51.694986,S1.AUBUS,-33.6601,115.3828,11100.229050099706,470,1.1347560235031635
QZ.INDER,48.501565,51.694986,TW.KMNB,24.4638,118.388199,6306.54969321395,402,1.0494617015468923
QZ.USHN,49.969499,82.743909,QZ.ZSN,47.462283,84.866045,319.28586713409635,204,0.7475988961930329
QZ.USHN,49.969499,82.743909,S1.AUBUS,-33.6601,115.3828,9839.245042859224,393,1.0376474973550138
RM.DLV,11.952,108.481499,RM.SLV,21.325247,103.906708,1150.2934240018153,3519,3.1050114155041295
RM.DLV,11.952,108.481499,S1.AUBUS,-33.6601,115.3828,5124.22978813818,2428,2.5791577684431304
RM.DLV,11.952,108.481499,S1.AUKAL,-30.7637,121.4789,4948.718176214795,418,1.0701427378868926
RM.DLV,11.952,108.481499,TM.SRIT,8.59549,99.601994,1040.5797251786955,154,0.6495520057848934
RM.DLV,11.952,108.481499,TR.TOSP,11.2984,-60.535198,17159.437209422587,484,1.1515326296984703
RM.DLV,11.952,108.481499,TT.TATN,32.578701,10.5292,10023.753579024564,831,1.5088778375889558
RM.DLV,11.952,108.481499,TW.KMNB,24.4638,118.388199,1739.116967481424,1894,2.2779466841632643
RM.DLV,11.952,108.481499,US.LAO,46.6885,-106.2231,12636.409256725688,406,1.054669980194415
RM.DLV,11.952,108.481499,VE.BAUV,8.9433,-68.041496,17660.086894981654,940,1.6047873584227366
RM.DLV,11.952,108.481499,X8.QM38,47.675201,-70.853104,13384.535017318873,586,1.2670751564350058
RM.DLV,11.952,108.481499,X8.QM58,49.048401,-72.740601,13231.107551274052,397,1.0429147773795864
RM.DLV,11.952,108.481499,X8.QM76,50.764801,-74.817596,13033.965544424966,462,1.1250570761777086
RM.DLV,11.952,108.481499,X8.QM90,52.2915,-77.098801,12851.508540440414,460,1.122619246495774
RM.DLV,11.952,108.481499,X8.QMM5,50.8438,-68.798203,13027.54479700493,831,1.5088778375889558
RM.DLV,11.952,108.481499,XA.AX08,38.8984,46.1815,6789.03316183215,562,1.240856972981681
RM.DLV,11.952,108.481499,XA.GP03,42.6352,44.6162,6981.608538955502,396,1.041600454516661
RM.DLV,11.952,108.481499,XI.SM37,44.381001,-93.380997,13373.451201463477,439,1.0966949101857806
RM.DLV,11.952,108.481499,XL.HD03,46.515701,102.547203,3883.6440259790043,505,1.1762489718744142
RM.DLV,11.952,108.481499,XL.HD09,45.413898,100.5718,3795.6299700197574,522,1.1958833497885024
RM.DLV,11.952,108.481499,XL.HD41,48.242298,99.400002,4122.407049365157,521,1.1947373185240229
RM.DLV,11.952,108.481499,XL.HD48,46.209202,97.608299,3944.6939514570813,469,1.1335481934392182
RM.DLV,11.952,108.481499,XL.HD73,49.4953,101.357101,4225.65845769129,526,1.200456534161466
RM.DLV,11.952,108.481499,XL.HD74,49.500999,99.152298,4262.34385546867,527,1.201597110698239
RM.DLV,11.952,108.481499,XM.ANB10,-25.0271,-64.5865,18388.767900314797,413,1.063723107446232
RM.DLV,11.952,108.481499,XM.ANB11,-25.951,-62.49889,18193.966178466126,405,1.0533703247651751
RM.DLV,11.952,108.481499,XM.ANB20,-26.7962,-65.316,18241.837998149254,402,1.0494617015468923
RM.DLV,11.952,108.481499,XM.CB01,-22.09872,-70.21211,18878.3600166008,445,1.1041639743225553
RM.DLV,11.952,108.481499,XM.CB22,-24.00541,-68.52551,18638.136488915257,442,1.100435779184587
RM.DLV,11.952,108.481499,XR.BA07,24.1371,91.4975,2245.399916940945,734,1.4180828269567294
RM.DLV,11.952,108.481499,XW.AMDT,1.9487,34.935799,8172.994422199626,487,1.1550959160790353
RM.DLV,11.952,108.481499,XW.KABG,3.5104,34.143299,8224.10409718147,473,1.1383718245630046
RM.DLV,11.952,108.481499,XY.PACW,39.9962,-77.9247,14200.954535885674,467,1.1311286641202762
RM.DLV,11.952,108.481499,Y1.KERK,2.61653,36.255065,8014.322850114789,377,1.0163054227587134
RM.DLV,11.952,108.481499,Y1.TURK,3.127577,38.27457,7783.191224717917,641,1.3252035253355026
RM.DLV,11.952,108.481499,Y2.GUGE,31.4769,79.664101,3663.600486191515,511,1.1832159566199232
RM.DLV,11.952,108.481499,Y2.PURG,30.198799,81.275299,3459.352785923524,510,1.1820576440988835
RM.DLV,11.952,108.481499,Y2.WT06,32.226398,82.261299,3499.6568495438382,405,1.0533703247651751
RM.DLV,11.952,108.481499,YB.AT56,36.7019,35.546902,7702.554599712072,479,1.1455691891471627
RM.DLV,11.952,108.481499,YC.SBC5,5.28637,116.88076,1183.6283326288785,233,0.7989719421754193
RM.DLV,11.952,108.481499,YC.SBF4,6.37312,117.620827,1179.1896899547824,151,0.6431940843454534
RM.DLV,11.952,108.481499,YL.WKZ15,43.36841,54.59763,6209.931222793078,376,1.0149566425721692
RM.DLV,11.952,108.481499,YT.CLRK,-77.3231,-141.8485,11777.888688805568,602,1.2842566209652768
RM.DLV,11.952,108.481499,YT.DEVL,-81.4755,161.973,10764.470126236427,437,1.0941938923118713
RM.DLV,11.952,108.481499,YT.LPLY,-73.1142,-90.2834,13104.835697220722,1041,1.6888027695739216
RM.DLV,11.952,108.481499,YT.MCRG,-73.6681,-94.6493,12993.637262606686,662,1.346736288267672
RM.DLV,11.952,108.481499,YT.RMBO,-83.8714,-66.3959,12015.235369585766,2651,2.6949979032700817
RM.DLV,11.952,108.481499,YT.THUR,-72.5301,-97.5606,13063.04888304334,592,1.273545369517387
RM.DLV,11.952,108.481499,YU.MD04,10.8953,-74.1514,17458.017861926903,461,1.1238388223540496
RM.DLV,11.952,108.481499,YU.NL02,9.2491,-70.2202,17653.293270150978,400,1.0468478451804273
RM.DLV,11.952,108.481499,YU.SL02,7.6943,-71.0365,17829.892551599292,443,1.101679912740986
RM.DLV,11.952,108.481499,YY.CHGE,10.9614,36.518398,7819.224424889017,398,1.0442274459638137
RM.DLV,11.952,108.481499,YY.NEKE,9.089,36.523701,7852.050138776136,424,1.0777958227866902
RM.DLV,11.952,108.481499,Z7.LA01,31.9874,-93.8349,14582.321559255919,527,1.201597110698239
RM.SLV,21.325247,103.906708,S1.AUBUS,-33.6601,115.3828,6233.899393912732,2579,2.658148495599434
RM.SLV,21.325247,103.906708,S1.AUKAL,-30.7637,121.4789,6088.390323776329,391,1.0350038051680432
RM.SLV,21.325247,103.906708,TM.SRIT,8.59549,99.601994,1488.749336955019,132,0.6013683028032308
RM.SLV,21.325247,103.906708,TR.TOSP,11.2984,-60.535198,16009.298267314603,691,1.3759181243560632
RM.SLV,21.325247,103.906708,TT.TATN,32.578701,10.5292,9051.049372872412,991,1.6477464893455804
RM.SLV,21.325247,103.906708,TW.KMNB,24.4638,118.388199,1523.0545085888841,2073,2.383160098439574
RM.SLV,21.325247,103.906708,US.LAO,46.6885,-106.2231,11869.098129611284,469,1.1335481934392182
RM.SLV,21.325247,103.906708,VE.BAUV,8.9433,-68.041496,16536.450515477656,1140,1.7672825668898782
RM.SLV,21.325247,103.906708,X8.QM38,47.675201,-70.853104,12324.724211581623,686,1.3709310904617054
RM.SLV,21.325247,103.906708,X8.QM58,49.048401,-72.740601,12182.844220444375,483,1.1503424147760861
RM.SLV,21.325247,103.906708,X8.QM76,50.764801,-74.817596,11998.078009877296,541,1.2174529891629975
RM.SLV,21.325247,103.906708,X8.QM90,52.2915,-77.098801,11828.711731840265,495,1.1645447108469662
RM.SLV,21.325247,103.906708,X8.QMM5,50.8438,-68.798203,11958.431927405078,892,1.5632772039655527
RM.SLV,21.325247,103.906708,XA.AX08,38.8984,46.1815,5783.609992733198,562,1.240856972981681
RM.SLV,21.325247,103.906708,XA.EP15,40.33766,47.79234,5654.902586355709,366,1.0013689260344547
RM.SLV,21.325247,103.906708,XA.GP03,42.6352,44.6162,5937.252915911023,449,1.1091154071156752
RM.SLV,21.325247,103.906708,XF.NE4,76.657433,-34.27758,8766.106525943545,441,1.0991902374394489
RM.SLV,21.325247,103.906708,XI.SM37,44.381001,-93.380997,12500.175142157621,510,1.1820576440988835
RM.SLV,21.325247,103.906708,XL.AT13,44.992001,96.270103,2722.8727614339914,500,1.1704114719613057
RM.SLV,21.325247,103.906708,XL.HD03,46.515701,102.547203,2803.754356039733,569,1.248560815334616
RM.SLV,21.325247,103.906708,XL.HD09,45.413898,100.5718,2695.772827557822,598,1.2799828765977932
RM.SLV,21.325247,103.906708,XL.HD41,48.242298,99.400002,3019.9266000390917,596,1.2778406443405872
RM.SLV,21.325247,103.906708,XL.HD48,46.209202,97.608299,2825.3126603469877,538,1.214072733710681
RM.SLV,21.325247,103.906708,XL.HD73,49.4953,101.357101,3140.4446382774317,598,1.2799828765977932
RM.SLV,21.325247,103.906708,XL.HD74,49.500999,99.152298,3160.977389800954,599,1.2810526493516803
RM.SLV,21.325247,103.906708,XL.HV10,51.572102,100.448601,3376.6110715742907,500,1.1704114719613057
RM.SLV,21.325247,103.906708,XM.CB01,-22.09872,-70.21211,19401.53648324659,382,1.023022650025772
RM.SLV,21.325247,103.906708,XM.CB22,-24.00541,-68.52551,19183.555717421335,379,1.0189976272708203
RM.SLV,21.325247,103.906708,XR.BA07,24.1371,91.4975,1309.9604272498832,835,1.5125049530089851
RM.SLV,21.325247,103.906708,XR.MS02,23.605983,93.696263,1079.1042239248666,332,0.9537237760986619
RM.SLV,21.325247,103.906708,XR.MS05,22.585486,94.508708,979.1208114948528,304,0.9126207932809591
RM.SLV,21.325247,103.906708,XR.MS09,23.478138,96.080143,839.3018925763499,309,0.9200952898834737
RM.SLV,21.325247,103.906708,XW.AMDT,1.9487,34.935799,7753.627872856378,569,1.248560815334616
RM.SLV,21.325247,103.906708,XW.KABG,3.5104,34.143299,7771.064609411207,498,1.1680683035010562
RM.SLV,21.325247,103.906708,XY.PACW,39.9962,-77.9247,13193.82436022632,517,1.1901421579644944
RM.SLV,21.325247,103.906708,Y1.KERK,2.61653,36.255065,7589.9054563408135,388,1.0310255567298694
RM.SLV,21.325247,103.906708,Y1.TURK,3.127577,38.27457,7360.646962355162,652,1.3365258582844604
RM.SLV,21.325247,103.906708,Y2.GUGE,31.4769,79.664101,2657.0659868010894,580,1.260571733734503
RM.SLV,21.325247,103.906708,Y2.PURG,30.198799,81.275299,2465.7175774600005,579,1.2594845651547357
RM.SLV,21.325247,103.906708,Y2.WT06,32.226398,82.261299,2459.8121129770857,474,1.1395745420929257
RM.SLV,21.325247,103.906708,Y5.FMC,56.650002,-111.5,10733.02597360966,385,1.027031898505565
RM.SLV,21.325247,103.906708,YB.AT56,36.7019,35.546902,6724.782096013617,530,1.205012362808178
RM.SLV,21.325247,103.906708,YL.WKZ15,43.36841,54.59763,5145.284748096295,376,1.0149566425721692
RM.SLV,21.325247,103.906708,YP.NE8B,46.207199,126.056297,3416.8134658302456,407,1.0559680360459236
RM.SLV,21.325247,103.906708,YP.NE8I,45.994301,133.655807,3843.9193193462047,380,1.0203410657280039
RM.SLV,21.325247,103.906708,YT.CLRK,-77.3231,-141.8485,12901.257940867694,662,1.346736288267672
RM.SLV,21.325247,103.906708,YT.DEVL,-81.4755,161.973,11859.502945502274,422,1.07525084680815
RM.SLV,21.325247,103.906708,YT.LPLY,-73.1142,-90.2834,14189.7693010408,1062,1.7057517524821395
RM.SLV,21.325247,103.906708,YT.MA07,-78.2496,-93.4991,13619.581880907986,472,1.1371678349880932
RM.SLV,21.325247,103.906708,YT.MA09,-79.8993,-104.9977,13351.096934733014,372,1.0095435018818064
RM.SLV,21.325247,103.906708,YT.MCRG,-73.6681,-94.6493,14085.970308135598,667,1.3518125832651406
RM.SLV,21.325247,103.906708,YT.RMBO,-83.8714,-66.3959,13050.091772841564,2862,2.800195687878074
RM.SLV,21.325247,103.906708,YT.THUR,-72.5301,-97.5606,14164.342071658275,620,1.3033150566867173
RM.SLV,21.325247,103.906708,YU.MD04,10.8953,-74.1514,16426.075840212532,499,1.1692404746976701
RM.SLV,21.325247,103.906708,YU.NL02,9.2491,-70.2202,16555.427144792753,410,1.0598526648703945
RM.SLV,21.325247,103.906708,YU.SL02,7.6943,-71.0365,16741.40596492277,442,1.100435779184587
RM.SLV,21.325247,103.906708,YY.ABMD,11.8317,35.5825,7306.880684678377,562,1.240856972981681
RM.SLV,21.325247,103.906708,YY.CHGE,10.9614,36.518398,7240.642135208488,597,1.2789122090105187
RM.SLV,21.325247,103.906708,YY.NEKE,9.089,36.523701,7307.803567324738,634,1.3179477612446795
RM.SLV,21.325247,103.906708,Z7.LA01,31.9874,-93.8349,13793.408159615137,527,1.201597110698239
RM.SLV,21.325247,103.906708,ZC.HMDR,18.7879,-69.381,15495.284759972481,374,1.0122536906559418
RM.SLV,21.325247,103.906708,ZD.FM03,-13.7229,-75.889503,19169.495248422354,392,1.0363264942766475
RM.SLV,21.325247,103.906708,ZE.BULG,61.126701,-151.091202,8711.573432482179,391,1.0350038051680432
RV.SWHSA,54.899441,-116.751793,S1.AUBUS,-33.6601,115.3828,15384.060834481363,405,1.0533703247651751
RV.SWHSA,54.899441,-116.751793,US.LAO,46.6885,-106.2231,1172.672448482554,109,0.54647061859381
RV.SWHSA,54.899441,-116.751793,YT.RMBO,-83.8714,-66.3959,15649.787214436941,395,1.0402844711048598
S1.AUALB,-34.9995,117.9046,S1.AUBUS,-33.6601,115.3828,275.30980464677793,126,0.5875418959121594
S1.AUALC,-23.6899,133.8835,S1.AUDHS,-12.44,130.833,1291.6595183140332,110,0.5489716413565446
S1.AUAYR,-19.5774,147.4088,S1.AUCSH,-16.9159,145.7682,342.9188972809293,148,0.6367726847586935
S1.AUBUS,-33.6601,115.3828,S1.AUHPC,-38.1068,142.3183,2467.353230947752,559,1.237540645520408
S1.AUBUS,-33.6601,115.3828,S1.AUKAL,-30.7637,121.4789,657.5806426856957,744,1.427710112166879
S1.AUBUS,-33.6601,115.3828,S1.AUKAR,-20.752,116.8178,1442.2625367262617,110,0.5489716413565446
S1.AUBUS,-33.6601,115.3828,S1.AUMAZ,-32.0069,116.0384,193.76288044807802,455,1.1165013848919998
S1.AUBUS,-33.6601,115.3828,S1.AUTAR,-42.9425,147.3551,2953.20237539092,385,1.027031898505565
S1.AUBUS,-33.6601,115.3828,TW.KMNB,24.4638,118.388199,6470.906472449026,2128,2.4145676603279043
S1.AUBUS,-33.6601,115.3828,US.LAO,46.6885,-106.2231,16248.011771457519,376,1.0149566425721692
S1.AUBUS,-33.6601,115.3828,VE.BAUV,8.9433,-68.041496,17244.444859929856,898,1.5685260509799446
S1.AUBUS,-33.6601,115.3828,WM.UCM,40.307499,-3.2441,14622.40347844101,508,1.179737607232137
S1.AUBUS,-33.6601,115.3828,X8.QM38,47.675201,-70.853104,18371.734846168394,399,1.0455384665001604
S1.AUBUS,-33.6601,115.3828,XA.AX08,38.8984,46.1815,10761.279322700108,557,1.2353248144760447
S1.AUBUS,-33.6601,115.3828,XA.GP03,42.6352,44.6162,11119.874982473608,406,1.054669980194415
S1.AUBUS,-33.6601,115.3828,XM.ANB10,-25.0271,-64.5865,13489.385722011088,635,1.318986742692003
S1.AUBUS,-33.6601,115.3828,XM.ANB11,-25.951,-62.49889,13382.876683497176,574,1.2540345847407988
S1.AUBUS,-33.6601,115.3828,XM.ANB16,-24.0911,-61.4628,13584.79636075144,542,1.2185776572912024
S1.AUBUS,-33.6601,115.3828,XM.ANB17,-25.2429,-59.8069,13445.679652234925,544,1.2208238852939066
S1.AUBUS,-33.6601,115.3828,XM.ANB19,-27.7766,-62.9698,13181.447882651779,473,1.1383718245630046
S1.AUBUS,-33.6601,115.3828,XM.ANB20,-26.7962,-65.316,13292.266660819916,623,1.3064644331433188
S1.AUBUS,-33.6601,115.3828,XM.ASB11,-37.8946,-63.8453,12058.183516664589,462,1.1250570761777086
S1.AUBUS,-33.6601,115.3828,XM.ASB22,-33.66389,-67.46128,12523.127285167237,466,1.1299169565800504
S1.AUBUS,-33.6601,115.3828,XM.CB01,-22.09872,-70.21211,13786.73651704988,550,1.2275379077928685
S1.AUBUS,-33.6601,115.3828,XM.CB22,-24.00541,-68.52551,13589.669191366145,614,1.2969933619035672
S1.AUBUS,-33.6601,115.3828,XR.BA07,24.1371,91.4975,6905.670410597571,1006,1.660169986345267
S1.AUBUS,-33.6601,115.3828,XW.AMDT,1.9487,34.935799,9246.274261503466,549,1.2264214565316018
S1.AUBUS,-33.6601,115.3828,XW.KABG,3.5104,34.143299,9416.794905258223,461,1.1238388223540496
S1.AUBUS,-33.6601,115.3828,Y1.KERK,2.61653,36.255065,9167.146009413713,580,1.260571733734503
S1.AUBUS,-33.6601,115.3828,Y1.TURK,3.127577,38.27457,9014.850222591664,843,1.5197332137898054
S1.AUBUS,-33.6601,115.3828,YL.WKZ15,43.36841,54.59763,10551.532483008004,371,1.0081856754409793
S1.AUBUS,-33.6601,115.3828,YT.LPLY,-73.1142,-90.2834,7982.989738888437,1070,1.7121643756704754
S1.AUBUS,-33.6601,115.3828,YT.MCRG,-73.6681,-94.6493,7869.90539203677,1281,1.873389719491353
S1.AUBUS,-33.6601,115.3828,YT.MTAK,-76.3157,-112.7986,7335.3776860670405,551,1.2286533445589485
S1.AUBUS,-33.6601,115.3828,YT.RMBO,-83.8714,-66.3959,6945.882248911033,3676,3.1735205807923053
S1.AUBUS,-33.6601,115.3828,YT.THUR,-72.5301,-97.5606,7939.026269660066,521,1.1947373185240229
S1.AUBUS,-33.6601,115.3828,YU.MD04,10.8953,-74.1514,17303.920603285496,405,1.0533703247651751
S1.AUBUS,-33.6601,115.3828,YU.SL02,7.6943,-71.0365,17053.482856015296,449,1.1091154071156752
S1.AUBUS,-33.6601,115.3828,YY.ABMD,11.8317,35.5825,9812.485418376311,365,1.0
S1.AUBUS,-33.6601,115.3828,YY.CHGE,10.9614,36.518398,9673.39603309991,402,1.0494617015468923
S1.AUBUS,-33.6601,115.3828,YY.NEKE,9.089,36.523701,9553.230900186363,406,1.054669980194415
S1.AUBUS,-33.6601,115.3828,Z7.LA01,31.9874,-93.8349,17287.67269043806,536,1.211813991784602
S1.AUBUS,-33.6601,115.3828,ZC.HMDR,18.7879,-69.381,18295.126909167408,402,1.0494617015468923
S1.AUDCS,-32.2334,148.6278,S1.AUTAR,-42.9425,147.3551,1196.0252545640606,195,0.7309217299700876
S1.AUKAL,-30.7637,121.4789,S1.AUMAZ,-32.0069,116.0384,534.5518849397241,238,0.8074990987738302
S1.AUKAL,-30.7637,121.4789,S1.AUROX,-30.5601,136.8971,1473.74564146043,109,0.54647061859381
S1.AUKAL,-30.7637,121.4789,TW.KMNB,24.4638,118.388199,6149.845933574248,493,1.1621897140772024
S1.AUKAL,-30.7637,121.4789,XM.ANB10,-25.0271,-64.5865,13777.933158290652,388,1.0310255567298694
S1.AUKAL,-30.7637,121.4789,XM.ANB20,-26.7962,-65.316,13574.148732242758,376,1.0149566425721692
S1.AUKAL,-30.7637,121.4789,XM.CB22,-24.00541,-68.52551,13832.435926518307,391,1.0350038051680432
S1.AUKAL,-30.7637,121.4789,YT.MCRG,-73.6681,-94.6493,8095.100661574712,450,1.110349815296408
S1.AUKAL,-30.7637,121.4789,YT.MTAK,-76.3157,-112.7986,7535.93075037305,395,1.0402844711048598
S1.AUKAL,-30.7637,121.4789,YT.RMBO,-83.8714,-66.3959,7262.1905162660205,718,1.4025417240393359
S1.AUMAZ,-32.0069,116.0384,YT.MCRG,-73.6681,-94.6493,8042.4805473841425,426,1.080334803508261
S1.AUMAZ,-32.0069,116.0384,YT.RMBO,-83.8714,-66.3959,7129.439061431013,451,1.111582852672784
S1.AUTAR,-42.9425,147.3551,YT.RMBO,-83.8714,-66.3959,5808.5536119078115,411,1.061144380968148
TA.A10A,48.9813,-117.558601,TA.C09A,47.800598,-118.274101,141.51773658033326,112,0.5539398117742514
TA.A10A,48.9813,-117.558601,US.DUG,40.195,-112.8133,1046.2322165498128,112,0.5539398117742514
TA.A10A,48.9813,-117.558601,Y5.CLA,50.009998,-113.519997,313.25183449144816,112,0.5539398117742514
TA.C09A,47.800598,-118.274101,US.DUG,40.195,-112.8133,951.2543812950232,339,0.9637256473123827
TA.C09A,47.800598,-118.274101,Y5.CLA,50.009998,-113.519997,425.4178721179372,256,0.8374782761443419
TA.E41A,46.464298,-88.9636,XI.SC04,49.624001,-89.675003,355.2967304982702,90,0.49656353316142077
TA.E41A,46.464298,-88.9636,XI.SM37,44.381001,-93.380997,415.25279431991794,90,0.49656353316142077
TA.E41A,46.464298,-88.9636,XO.MG05,37.482498,-90.870102,1011.0045083082515,90,0.49656353316142077
TA.F44A,45.973701,-86.4226,XI.SC04,49.624001,-89.675003,472.9338874788259,105,0.5363499164507368
TA.F44A,45.973701,-86.4226,XI.SM37,44.381001,-93.380997,573.224649907872,105,0.5363499164507368
TA.F44A,45.973701,-86.4226,XO.MG05,37.482498,-90.870102,1013.3218461202981,105,0.5363499164507368
TA.F44A,45.973701,-86.4226,ZL.N06M,34.904999,-90.221199,1271.667449728936,96,0.5128486118048259
TA.N63A,40.987801,-72.520599,TA.S56A,37.677101,-79.5662,708.6831714723979,113,0.5564072619007505
TA.N63A,40.987801,-72.520599,X8.QM38,47.675201,-70.853104,755.2899401812674,113,0.5564072619007505
TA.N63A,40.987801,-72.520599,X8.QM58,49.048401,-72.740601,896.4647609938007,113,0.5564072619007505
TA.N63A,40.987801,-72.520599,X8.QM76,50.764801,-74.817596,1101.4540287234686,105,0.5363499164507368
TA.N63A,40.987801,-72.520599,X8.QMM5,50.8438,-68.798203,1132.753262001034,113,0.5564072619007505
TA.N63A,40.987801,-72.520599,XY.PACW,39.9962,-77.9247,470.0160690384318,101,0.5260345319150856
TA.Q56A,39.0401,-79.187103,TA.Z50A,33.254002,-85.9226,882.4704071282314,144,0.6281087071082564
TA.Q56A,39.0401,-79.187103,X8.QM38,47.675201,-70.853104,1171.4931295797628,300,0.9065968278232491
TA.Q56A,39.0401,-79.187103,X8.QM58,49.048401,-72.740601,1225.2603361068861,271,0.8616645248730259
TA.Q56A,39.0401,-79.187103,X8.QM76,50.764801,-74.817596,1347.7637815861224,232,0.7972555665256684
TA.Q56A,39.0401,-79.187103,XO.SOKY,37.5256,-85.961899,614.6683608606108,300,0.9065968278232491
TA.Q56A,39.0401,-79.187103,XY.PACW,39.9962,-77.9247,151.74858559899306,300,0.9065968278232491
TA.Q56A,39.0401,-79.187103,YO.D03,34.3559,-74.488701,668.1826424564885,204,0.7475988961930329
TA.Q56A,39.0401,-79.187103,YO.X01,36.225201,-74.5793,512.3371813736943,208,0.7548927166814038
TA.Q56A,39.0401,-79.187103,YO.X03,35.893299,-72.719002,669.2923877072103,199,0.7383803081421219
TA.Q56A,39.0401,-79.187103,YO.X06,33.6507,-72.205704,865.5476576425862,204,0.7475988961930329
TA.Q56A,39.0401,-79.187103,YO.X09,32.516899,-74.3536,845.9849933488704,201,0.7420814857593803
TA.Q56A,39.0401,-79.187103,YO.X10,33.047501,-76.059898,723.1031641189005,200,0.7402332101976052
TA.S56A,37.677101,-79.5662,TA.Z58A,33.3349,-79.812897,483.34688161167514,196,0.7327934916262991
TA.S56A,37.677101,-79.5662,X8.QM38,47.675201,-70.853104,1318.4475826508956,157,0.6558482951882774
TA.S56A,37.677101,-79.5662,X8.QM58,49.048401,-72.740601,1378.1904172082975,152,0.6453203515808126
TA.S56A,37.677101,-79.5662,XI.SM37,44.381001,-93.380997,1375.0396040920393,201,0.7420814857593803
TA.S56A,37.677101,-79.5662,XO.MG05,37.482498,-90.870102,995.7610916256262,112,0.5539398117742514
TA.S56A,37.677101,-79.5662,XY.PACW,39.9962,-77.9247,294.4550066164305,222,0.779884079900463
TA.Z50A,33.254002,-85.9226,XO.SOKY,37.5256,-85.961899,474.9940260638285,144,0.6281087071082564
TA.Z50A,33.254002,-85.9226,XY.PACW,39.9962,-77.9247,1034.2186188786666,144,0.6281087071082564
TA.Z58A,33.3349,-79.812897,XO.MG05,37.482498,-90.870102,1102.154450878881,144,0.6281087071082564
TA.Z58A,33.3349,-79.812897,XY.PACW,39.9962,-77.9247,759.5522345002913,156,0.6537562697779445
TR.TOSP,11.2984,-60.535198,TT.TATN,32.578701,10.5292,7567.907318558165,530,1.205012362808178
TR.TOSP,11.2984,-60.535198,TW.KMNB,24.4638,118.388199,16036.816342228038,501,1.1715812988120062
TR.TOSP,11.2984,-60.535198,VE.BAUV,8.9433,-68.041496,862.3197232663492,164,0.6703096810379146
TR.TOSP,11.2984,-60.535198,Y2.GUGE,31.4769,79.664101,13643.531119252888,406,1.054669980194415
TR.TOSP,11.2984,-60.535198,Y2.PURG,30.198799,81.275299,13852.944917916162,403,1.050766191424665
TR.TOSP,11.2984,-60.535198,Y2.WT06,32.226398,82.261299,13765.650691886294,409,1.0585593725462352
TR.TOSP,11.2984,-60.535198,Y5.FMC,56.650002,-111.5,6648.293354506099,396,1.041600454516661
TR.TOSP,11.2984,-60.535198,Y5.RW1,58.852901,-113.175903,6850.819579481685,384,1.0256972236096518
TR.TOSP,11.2984,-60.535198,YP.NE61,44.849098,115.991798,13761.998792667078,366,1.0013689260344547
TR.TOSP,11.2984,-60.535198,YP.NEAD,47.581402,133.5802,13320.356540380997,369,1.0054645215568718
TR.TOSP,11.2984,-60.535198,YT.CLRK,-77.3231,-141.8485,11022.548178793553,462,1.1250570761777086
TR.TOSP,11.2984,-60.535198,YT.RMBO,-83.8714,-66.3959,10585.914172048691,438,1.0954451150103321
TR.TOSP,11.2984,-60.535198,YT.ST04,-80.7152,-116.5792,10677.619523617772,431,1.0866563016005655
TR.TOSP,11.2984,-60.535198,YU.SL02,7.6943,-71.0365,1219.1898522161432,108,0.5439580966939495
TR.TOSP,11.2984,-60.535198,ZD.FM09,-12.65027,-73.041481,2999.460849291983,368,1.0041011792056576
TT.TATN,32.578701,10.5292,TW.KMNB,24.4638,118.388199,10085.512533149078,544,1.2208238852939066
TT.TATN,32.578701,10.5292,X8.QM38,47.675201,-70.853104,6795.197240757325,449,1.1091154071156752
TT.TATN,32.578701,10.5292,X8.QM76,50.764801,-74.817596,6960.067825446422,368,1.0041011792056576
TT.TATN,32.578701,10.5292,X8.QMM5,50.8438,-68.798203,6552.803351715471,700,1.3848495294356287
TT.TATN,32.578701,10.5292,XB.PM04,35.402599,-5.1525,1477.757189274198,156,0.6537562697779445
TT.TATN,32.578701,10.5292,XB.PS57,37.011501,-2.9864,1327.3728870560535,268,0.8568818911276312
TT.TATN,32.578701,10.5292,XI.SC14,47.723,-84.814003,7759.2447197887095,477,1.1431751025405046
TT.TATN,32.578701,10.5292,XI.SM37,44.381001,-93.380997,8517.001541930676,637,1.3210622541924566
TT.TATN,32.578701,10.5292,XL.HD03,46.515701,102.547203,7591.067279713602,456,1.1177276360961783
TT.TATN,32.578701,10.5292,XL.HD09,45.413898,100.5718,7503.155665143447,485,1.1527216156937767
TT.TATN,32.578701,10.5292,XL.HD41,48.242298,99.400002,7297.006582053159,483,1.1503424147760861
TT.TATN,32.578701,10.5292,XL.HD48,46.209202,97.608299,7257.215046788298,422,1.07525084680815
TT.TATN,32.578701,10.5292,XL.HD73,49.4953,101.357101,7375.282894069503,483,1.1503424147760861
TT.TATN,32.578701,10.5292,XL.HD74,49.500999,99.152298,7227.792006178542,485,1.1527216156937767
TT.TATN,32.578701,10.5292,XP.LZAE,-25.3074,-68.3992,10542.63673776779,441,1.0991902374394489
TT.TATN,32.578701,10.5292,XT.D58,45.032299,-118.073799,9947.598399971843,471,1.1359625693235273
TT.TATN,32.578701,10.5292,XV.NAPU,-15.08,39.25,6116.748178061223,399,1.0455384665001604
TT.TATN,32.578701,10.5292,XY.PACW,39.9962,-77.9247,7637.37258971537,413,1.063723107446232
TT.TATN,32.578701,10.5292,Y5.FMC,56.650002,-111.5,8698.010638521338,380,1.0203410657280039
TT.TATN,32.578701,10.5292,Y5.RW1,58.852901,-113.175903,8601.08289213647,504,1.1750837918243189
TT.TATN,32.578701,10.5292,YB.AT56,36.7019,35.546902,2327.182184585349,442,1.100435779184587
TT.TATN,32.578701,10.5292,YT.CLRK,-77.3231,-141.8485,14851.77325782663,700,1.3848495294356287
TT.TATN,32.578701,10.5292,YT.ST04,-80.7152,-116.5792,14214.934362130045,384,1.0256972236096518
TT.TATN,32.578701,10.5292,ZD.FM03,-13.7229,-75.889503,10496.073099190658,410,1.0598526648703945
TT.TATN,32.578701,10.5292,ZD.FM09,-12.65027,-73.041481,10172.293850264716,488,1.156281238008238
TT.TATN,32.578701,10.5292,ZD.FS07,-13.46172,-71.9198,10120.081662503386,449,1.1091154071156752
TT.TATN,32.578701,10.5292,ZG.CB14,-17.249399,-65.900902,9821.812112162652,430,1.0853949473720717
TW.KMNB,24.4638,118.388199,TW.MATB,26.151501,119.945602,244.3850667209142,716,1.4005869611046786
TW.KMNB,24.4638,118.388199,US.DUG,40.195,-112.8133,11085.444168006301,426,1.080334803508261
TW.KMNB,24.4638,118.388199,US.ECSD,43.7337,-96.6141,11633.5185288879,397,1.0429147773795864
TW.KMNB,24.4638,118.388199,US.JCT,30.4794,-99.8022,12674.497604523705,429,1.0841321255979017
TW.KMNB,24.4638,118.388199,US.LAO,46.6885,-106.2231,10922.787358268375,503,1.1739174552671163
TW.KMNB,24.4638,118.388199,US.MVCO,37.19956,-108.49251,11585.79020141357,422,1.07525084680815
TW.KMNB,24.4638,118.388199,VE.BAUV,8.9433,-68.041496,16235.466012428087,703,1.387813891435114
TW.KMNB,24.4638,118.388199,XA.AX08,38.8984,46.1815,6843.164548520071,365,1.0
TW.KMNB,24.4638,118.388199,XC.OR088,42.965599,-117.302299,10602.144752496679,398,1.0442274459638137
TW.KMNB,24.4638,118.388199,XF.MA28,20.1786,-102.597,13358.764976416056,367,1.0027359832252927
TW.KMNB,24.4638,118.388199,XF.MA36,19.3594,-104.893204,13254.703965098974,367,1.0027359832252927
TW.KMNB,24.4638,118.388199,XM.ANB10,-25.0271,-64.5865,19708.262280184194,492,1.1610104243629564
TW.KMNB,24.4638,118.388199,XM.ANB11,-25.951,-62.49889,19827.201682867995,484,1.1515326296984703
TW.KMNB,24.4638,118.388199,XM.ANB16,-24.0911,-61.4628,19971.005808443322,410,1.0598526648703945
TW.KMNB,24.4638,118.388199,XM.ANB17,-25.2429,-59.8069,19813.45268981205,410,1.0598526648703945
TW.KMNB,24.4638,118.388199,XM.ANB19,-27.7766,-62.9698,19622.60000137663,365,1.0
TW.KMNB,24.4638,118.388199,XM.ANB20,-26.7962,-65.316,19562.200271129102,481,1.147958282856168
TW.KMNB,24.4638,118.388199,XM.CB01,-22.09872,-70.21211,19098.36495380989,521,1.1947373185240229
TW.KMNB,24.4638,118.388199,XM.CB22,-24.00541,-68.52551,19312.317905945827,518,1.19129260981162
TW.KMNB,24.4638,118.388199,XR.BA07,24.1371,91.4975,2721.1134974525103,513,1.185529186504826
TW.KMNB,24.4638,118.388199,XT.CMPC,7.6508,-64.073097,16434.16750249816,366,1.0013689260344547
TW.KMNB,24.4638,118.388199,Y2.GUGE,31.4769,79.664101,3861.584233325635,837,1.5143152528227095
TW.KMNB,24.4638,118.388199,Y2.PURG,30.198799,81.275299,3704.6374249653873,827,1.5052419820937544
TW.KMNB,24.4638,118.388199,Y2.WT06,32.226398,82.261299,3621.1410056871905,378,1.017652415295205
TW.KMNB,24.4638,118.388199,Y5.FMC,56.650002,-111.5,9857.644879623358,496,1.1657204251401967
TW.KMNB,24.4638,118.388199,YL.ILAM,26.9102,87.922699,3057.6520262451268,365,1.0
TW.KMNB,24.4638,118.388199,YT.LPLY,-73.1142,-90.2834,14335.260958305022,696,1.3808871478395666
TW.KMNB,24.4638,118.388199,YT.MCRG,-73.6681,-94.6493,14203.254366029842,541,1.2174529891629975
TW.KMNB,24.4638,118.388199,YT.MTAK,-76.3157,-112.7986,13621.62955047694,390,1.0336794235569031
TW.KMNB,24.4638,118.388199,YT.RMBO,-83.8714,-66.3959,13406.776168564566,1940,2.3054432313875535
TW.KMNB,24.4638,118.388199,YT.THUR,-72.5301,-97.5606,14237.543249408567,404,1.0520690638301713
TW.KMNB,24.4638,118.388199,YY.004,36.4473,119.562599,1337.2173816312143,310,0.9215829146057074
TW.KMNB,24.4638,118.388199,Z8.320,36.0107,112.366096,1407.4332436916866,280,0.8758557459257962
TW.MATB,26.151501,119.945602,XT.B151,12.9915,-67.651299,15585.692046618256,367,1.0027359832252927
TW.MATB,26.151501,119.945602,XT.CMPC,7.6508,-64.073097,16231.48786660202,491,1.1598299355733386
TW.MATB,26.151501,119.945602,XT.MHTO,13.9497,-66.490997,15502.016400314305,369,1.0054645215568718
TW.MATB,26.151501,119.945602,XT.PNCH,11.2493,-66.5009,15798.285429833737,365,1.0
US.DUG,40.195,-112.8133,XP.TWRS,45.103471,-114.849947,570.5951388321265,100,0.5234239225902136
US.DUG,40.195,-112.8133,Y5.CLA,50.009998,-113.519997,1092.7741374597663,261,0.8456172261435341
US.DUG,40.195,-112.8133,Z8.320,36.0107,112.366096,10365.108716053033,365,1.0
US.ECSD,43.7337,-96.6141,US.LAO,46.6885,-106.2231,820.600633705122,107,0.5414339155718885
US.JCT,30.4794,-99.8022,XP.N16,39.146099,-108.593597,1252.774607145719,128,0.5921865681580842
US.LAO,46.6885,-106.2231,US.MVCO,37.19956,-108.49251,1071.5581663208745,232,0.7972555665256684
US.LAO,46.6885,-106.2231,X7.WA33,46.507801,-117.348701,849.5633558675054,114,0.5588638180480892
US.LAO,46.6885,-106.2231,XI.SC04,49.624001,-89.675003,1267.2582599291532,143,0.6259239745510697
US.LAO,46.6885,-106.2231,XI.SM37,44.381001,-93.380997,1031.3451243461216,177,0.6963702369065718
US.MVCO,37.19956,-108.49251,XC.OR088,42.965599,-117.302299,985.3464237750763,213,0.7639120655125278
US.MVCO,37.19956,-108.49251,YK.OCW,38.425842,-122.846184,1266.9638369210916,96,0.5128486118048259
US.MVCO,37.19956,-108.49251,ZL.I02,25.684299,-110.099602,1289.4205833554727,131,0.5990860619218586
US.MVCO,37.19956,-108.49251,ZL.N06,27.174299,-111.153603,1142.3869250331772,133,0.6036419150819761
VE.BAUV,8.9433,-68.041496,XF.NE4,76.657433,-34.27758,7792.076686412871,396,1.041600454516661
VE.BAUV,8.9433,-68.041496,XL.AT13,44.992001,96.270103,13814.970765646103,372,1.0095435018818064
VE.BAUV,8.9433,-68.041496,XL.HV10,51.572102,100.448601,13196.090629193028,374,1.0122536906559418
VE.BAUV,8.9433,-68.041496,XR.BA07,24.1371,91.4975,15717.995551605727,638,1.3220987880939352
VE.BAUV,8.9433,-68.041496,YT.MA07,-78.2496,-93.4991,9819.96514680469,433,1.0891746278090642
VE.BAUV,8.9433,-68.041496,YT.RMBO,-83.8714,-66.3959,10320.815455358628,1270,1.8653289401053426
VE.BAUV,8.9433,-68.041496,YU.MD04,10.8953,-74.1514,703.5111032133752,380,1.0203410657280039
VE.BAUV,8.9433,-68.041496,YU.NL02,9.2491,-70.2202,241.61854747531524,204,0.7475988961930329
VE.BAUV,8.9433,-68.041496,YU.SL02,7.6943,-71.0365,357.5898227939069,233,0.7989719421754193
VE.BAUV,8.9433,-68.041496,YU.SL09,8.9599,-72.6846,510.0019326673432,268,0.8568818911276312
VE.BAUV,8.9433,-68.041496,YY.NEKE,9.089,36.523701,11425.622666701678,399,1.0455384665001604
VE.BAUV,8.9433,-68.041496,ZC.HMDR,18.7879,-69.381,1104.1534056556739,288,0.8882798522371264
VE.BAUV,8.9433,-68.041496,ZC.SODR,19.7524,-70.5763,1232.4399831645446,128,0.5921865681580842
WM.UCM,40.307499,-3.2441,YT.RMBO,-83.8714,-66.3959,14158.621043046423,384,1.0256972236096518
X2.260,39.795799,112.886002,X2.281,39.6814,110.487,205.5158718161788,272,0.8632528479258292
X4.A01,36.432701,94.873199,X4.D26,32.459202,96.394203,463.303889648243,119,0.570988088545001
X4.A01,36.432701,94.873199,X4.F06,33.102501,95.114601,370.95735017048173,95,0.5101705328640019
X4.A01,36.432701,94.873199,Y2.PURG,30.198799,81.275299,1439.1363209811857,90,0.49656353316142077
X4.A01,36.432701,94.873199,Z8.365,35.987999,105.131699,921.2657974344356,131,0.5990860619218586
X4.A01,36.432701,94.873199,Z8.373,35.941299,103.562599,781.4749774002811,131,0.5990860619218586
X4.D11,34.0555,97.205399,X4.D26,32.459202,96.394203,192.85968727596338,114,0.5588638180480892
X4.D11,34.0555,97.205399,ZV.LORI,32.489201,102.437401,516.564677277118,119,0.570988088545001
X4.D11,34.0555,97.205399,ZV.MAQU,34.0023,102.046799,446.14966879873276,119,0.570988088545001
X4.D26,32.459202,96.394203,X4.F06,33.102501,95.114601,139.3796445163931,147,0.6346177794762744
X4.D26,32.459202,96.394203,Y2.GUGE,31.4769,79.664101,1580.3339980001551,492,1.1610104243629564
X4.D26,32.459202,96.394203,Y2.NOCO,33.719398,80.389801,1496.0509286015852,111,0.5514613214370486
X4.D26,32.459202,96.394203,Y2.PURG,30.198799,81.275299,1456.5506983921746,494,1.1633678083625345
X4.D26,32.459202,96.394203,Z8.365,35.987999,105.131699,893.5522480483089,276,0.8695771291620105
X4.D26,32.459202,96.394203,Z8.373,35.941299,103.562599,764.2235521494084,278,0.8727220838367953
X4.D26,32.459202,96.394203,ZV.LORI,32.489201,102.437401,566.8335309019775,245,0.819288030372914
X4.D26,32.459202,96.394203,ZV.MAQU,34.0023,102.046799,552.9510959774534,247,0.82262526630728
X4.F06,33.102501,95.114601,Y2.GUGE,31.4769,79.664101,1462.1880392000535,119,0.570988088545001
X4.F06,33.102501,95.114601,Y2.NOCO,33.719398,80.389801,1367.306389482013,111,0.5514613214370486
X4.F06,33.102501,95.114601,Y2.PURG,30.198799,81.275299,1348.0346281013085,121,0.5757663148492351
X4.F06,33.102501,95.114601,Z8.365,35.987999,105.131699,971.3653934878208,147,0.6346177794762744
X4.F06,33.102501,95.114601,Z8.373,35.941299,103.562599,835.4706460180801,147,0.6346177794762744
X4.H01,36.209301,96.385002,X4.H05,35.6605,98.407898,192.07396629942636,143,0.6259239745510697
X8.QM38,47.675201,-70.853104,X8.QM58,49.048401,-72.740601,206.77511505146904,516,1.1889905929556324
X8.QM38,47.675201,-70.853104,X8.QM76,50.764801,-74.817596,448.11865938119576,585,1.2659935726643312
X8.QM38,47.675201,-70.853104,X8.QM90,52.2915,-77.098801,679.8705067471712,218,0.7728261602537809
X8.QM38,47.675201,-70.853104,X8.QMM5,50.8438,-68.798203,382.5521568434629,609,1.2917016492537785
X8.QM38,47.675201,-70.853104,XF.NE4,76.657433,-34.27758,3604.597665305789,416,1.0675795180675116
X8.QM38,47.675201,-70.853104,XY.PACW,39.9962,-77.9247,1024.1062442420653,462,1.1250570761777086
X8.QM38,47.675201,-70.853104,YB.AT56,36.7019,35.546902,8136.722774068229,468,1.1323390750221056
X8.QM38,47.675201,-70.853104,YO.X01,36.225201,-74.5793,1309.5244705373345,362,0.995881931715707
X8.QM38,47.675201,-70.853104,YO.X03,35.893299,-72.719002,1319.0834637380062,360,0.9931270663228415
X8.QM38,47.675201,-70.853104,YT.RMBO,-83.8714,-66.3959,14629.185788133056,573,1.252941743936497
X8.QM38,47.675201,-70.853104,YY.ABMD,11.8317,35.5825,10229.765932364986,416,1.0675795180675116
X8.QM38,47.675201,-70.853104,YY.CHGE,10.9614,36.518398,10369.515855020058,487,1.1550959160790353
X8.QM38,47.675201,-70.853104,YY.NEKE,9.089,36.523701,10529.138424732817,502,1.1727499587522587
X8.QM58,49.048401,-72.740601,X8.QM76,50.764801,-74.817596,241.9494653985714,433,1.0891746278090642
X8.QM58,49.048401,-72.740601,X8.QM90,52.2915,-77.098801,473.5125525281769,110,0.5489716413565446
X8.QM58,49.048401,-72.740601,X8.QMM5,50.8438,-68.798203,345.517961268652,460,1.122619246495774
X8.QM58,49.048401,-72.740601,XY.PACW,39.9962,-77.9247,1086.5768432136276,417,1.0688618963292955
X8.QM58,49.048401,-72.740601,YB.AT56,36.7019,35.546902,8156.361170311577,429,1.0841321255979017
X8.QM58,49.048401,-72.740601,YO.X01,36.225201,-74.5793,1433.6704284703626,185,0.7119335046677415
X8.QM58,49.048401,-72.740601,YO.X03,35.893299,-72.719002,1462.7836784958777,176,0.6944003030111074
X8.QM76,50.764801,-74.817596,X8.QM90,52.2915,-77.098801,231.75859960503016,218,0.7728261602537809
X8.QM76,50.764801,-74.817596,X8.QMM5,50.8438,-68.798203,422.96943665446867,491,1.1598299355733386
X8.QM76,50.764801,-74.817596,XY.PACW,39.9962,-77.9247,1221.4654998114515,377,1.0163054227587134
X8.QM76,50.764801,-74.817596,YB.AT56,36.7019,35.546902,8156.699535444815,383,1.0243608097214334
X8.QM76,50.764801,-74.817596,YT.RMBO,-83.8714,-66.3959,14977.405744152753,445,1.1041639743225553
X8.QM76,50.764801,-74.817596,YY.CHGE,10.9614,36.518398,10509.154443528003,422,1.07525084680815
X8.QM76,50.764801,-74.817596,YY.NEKE,9.089,36.523701,10677.347486312863,437,1.0941938923118713
X8.QM90,52.2915,-77.098801,X8.QMM5,50.8438,-68.798203,595.4935848109245,482,1.149150967108099
X8.QM90,52.2915,-77.098801,XI.SC04,49.624001,-89.675003,928.0175634764038,156,0.6537562697779445
X8.QM90,52.2915,-77.098801,XI.SC14,47.723,-84.814003,748.9582691519735,163,0.6682629291422302
X8.QM90,52.2915,-77.098801,XI.SM37,44.381001,-93.380997,1485.1798198171236,322,0.9392506485608183
X8.QM90,52.2915,-77.098801,XY.PACW,39.9962,-77.9247,1368.6324991653905,170,0.6824612990181452
X8.QMM5,50.8438,-68.798203,X9.BB420,43.6297,-130.208206,4568.274314327771,372,1.0095435018818064
X8.QMM5,50.8438,-68.798203,XI.SC04,49.624001,-89.675003,1486.0717390214006,251,0.829259448469966
X8.QMM5,50.8438,-68.798203,XI.SC14,47.723,-84.814003,1209.6384960070766,182,0.7061374773982056
X8.QMM5,50.8438,-68.798203,XI.SM37,44.381001,-93.380997,1966.4934782407033,424,1.0777958227866902
X8.QMM5,50.8438,-68.798203,XL.HD03,46.515701,102.547203,9157.422463533498,563,1.2419604476088026
X8.QMM5,50.8438,-68.798203,XL.HD09,45.413898,100.5718,9262.957822009403,589,1.270314382401847
X8.QMM5,50.8438,-68.798203,XL.HD41,48.242298,99.400002,8939.83097029292,588,1.2692355589525488
X8.QMM5,50.8438,-68.798203,XL.HD48,46.209202,97.608299,9144.656573840366,524,1.1981721238437173
X8.QMM5,50.8438,-68.798203,XL.HD73,49.4953,101.357101,8818.7674032996,593,1.2746205452002473
X8.QMM5,50.8438,-68.798203,XL.HD74,49.500999,99.152298,8798.70348467176,594,1.2756948147084288
X8.QMM5,50.8438,-68.798203,XY.PACW,39.9962,-77.9247,1398.4078519078716,540,1.2163272811190746
X8.QMM5,50.8438,-68.798203,YB.AT56,36.7019,35.546902,7810.862553064199,549,1.2264214565316018
X8.QMM5,50.8438,-68.798203,YT.RMBO,-83.8714,-66.3959,14980.198662520004,447,1.1066424599872242
X8.QMM5,50.8438,-68.798203,YY.NEKE,9.089,36.523701,10276.9010540867,376,1.0149566425721692
X9.BB420,43.6297,-130.208206,XI.SM37,44.381001,-93.380997,2921.6102399198076,372,1.0095435018818064
X9.BB420,43.6297,-130.208206,XL.HD09,45.413898,100.5718,8918.306507044494,372,1.0095435018818064
X9.BB420,43.6297,-130.208206,XL.HD41,48.242298,99.400002,8709.470890199713,372,1.0095435018818064
X9.BB420,43.6297,-130.208206,XL.HD48,46.209202,97.608299,8972.627614907597,372,1.0095435018818064
X9.BB420,43.6297,-130.208206,XL.HD73,49.4953,101.357101,8513.276362081386,372,1.0095435018818064
X9.BB420,43.6297,-130.208206,XL.HD74,49.500999,99.152298,8603.984117152093,372,1.0095435018818064
XA.AX08,38.8984,46.1815,XA.EP15,40.33766,47.79234,211.29670417071128,258,0.8407433110459417
XA.AX08,38.8984,46.1815,YL.WKZ15,43.36841,54.59763,861.7712686827808,376,1.0149566425721692
XA.AX08,38.8984,46.1815,YT.LPLY,-73.1142,-90.2834,15554.486710414689,562,1.240856972981681
XA.AX08,38.8984,46.1815,YT.RMBO,-83.8714,-66.3959,14568.187621660243,562,1.240856972981681
XA.CHUK,27.082701,89.550301,YL.ILAM,26.9102,87.922699,162.3961808171878,203,0.7457642949093526
XA.EP15,40.33766,47.79234,YL.WKZ15,43.36841,54.59763,656.3913252017858,254,0.8342004620946359
XA.EP15,40.33766,47.79234,YT.RMBO,-83.8714,-66.3959,14744.976363793008,367,1.0027359832252927
XA.GP03,42.6352,44.6162,XW.AMDT,1.9487,34.935799,4625.51765248483,374,1.0122536906559418
XA.GP03,42.6352,44.6162,XW.KABG,3.5104,34.143299,4472.5625814310315,399,1.0455384665001604
XA.GP03,42.6352,44.6162,YT.RMBO,-83.8714,-66.3959,14962.08338186271,443,1.101679912740986
XA.SA01,-34.294456,19.245956,XA.SA03,-33.6619,21.3354,205.09705647422442,210,0.7585133260223084
XA.SA01,-34.294456,19.245956,XA.SA04,-32.850498,19.6206,164.26939614995092,293,0.8959574353881982
XA.SA01,-34.294456,19.245956,XA.SA10,-30.972401,23.913601,572.1427479704707,215,0.7674901275524076
XA.SA01,-34.294456,19.245956,XA.SA26,-27.545601,26.1803,999.764803091675,241,0.812572441449216
XA.SA01,-34.294456,19.245956,XA.SA29,-26.931738,23.03492,895.1854370826298,233,0.7989719421754193
XA.SA01,-34.294456,19.245956,XA.SA35,-27.018299,29.088301,1240.1360903741097,223,0.7816386019827763
XA.SA01,-34.294456,19.245956,XA.SA60,-23.851931,24.959381,1286.4243909689437,217,0.7710515857873619
XA.SA01,-34.294456,19.245956,XA.SA64,-22.969448,26.201714,1429.5732876550744,210,0.7585133260223084
XA.SA01,-34.294456,19.245956,XA.SA81,-30.925116,21.268124,419.78245840398006,145,0.6302858668672515
XA.SA01,-34.294456,19.245956,XO.SCCC,41.764851,-74.670135,12750.674944969393,447,1.1066424599872242
XA.SA03,-33.6619,21.3354,XA.SA04,-32.850498,19.6206,183.20194109704872,261,0.8456172261435341
XA.SA03,-33.6619,21.3354,XA.SA10,-30.972401,23.913601,384.8476302839242,180,0.7022468831767834
XA.SA03,-33.6619,21.3354,XA.SA26,-27.545601,26.1803,822.8575313224515,216,0.7692729177072388
XA.SA03,-33.6619,21.3354,XA.SA35,-27.018299,29.088301,1047.7664987676067,174,0.6904435739197833
XA.SA04,-32.850498,19.6206,XA.SA10,-30.972401,23.913601,455.8050037702464,249,0.8259490182946632
XA.SA04,-32.850498,19.6206,XA.SA26,-27.545601,26.1803,862.9619446218625,285,0.8836412834449391
XA.SA04,-32.850498,19.6206,XA.SA35,-27.018299,29.088301,1118.4761649148886,254,0.8342004620946359
XA.SA10,-30.972401,23.913601,XA.SA26,-27.545601,26.1803,439.90445519854535,227,0.7886176565479485
XA.SA10,-30.972401,23.913601,XA.SA35,-27.018299,29.088301,668.1111370421003,216,0.7692729177072388
XA.SA26,-27.545601,26.1803,XA.SA35,-27.018299,29.088301,293.29805864489555,240,0.8108848540793832
XA.SA29,-26.931738,23.03492,XA.SA38,-25.933359,25.084627,232.32426613727765,146,0.6324555320336759
XA.SA29,-26.931738,23.03492,XA.SA60,-23.851931,24.959381,393.23616524438955,301,0.908106565468269
XA.SA29,-26.931738,23.03492,XA.SA64,-22.969448,26.201714,544.038162097698,276,0.8695771291620105
XA.SA29,-26.931738,23.03492,XA.SA71,-20.925777,27.140787,787.327368630974,247,0.82262526630728
XA.SA29,-26.931738,23.03492,XA.SA73,-21.853668,30.277611,925.2635298514901,280,0.8758557459257962
XA.SA29,-26.931738,23.03492,XA.SA80,-19.959257,31.317909,1146.090843770382,287,0.8867363587126749
XA.SA29,-26.931738,23.03492,XA.SA81,-30.925116,21.268124,476.1480056116978,200,0.7402332101976052
XA.SA38,-25.933359,25.084627,XA.SA60,-23.851931,24.959381,231.78900543177178,168,0.6784349435301367
XA.SA38,-25.933359,25.084627,XA.SA64,-22.969448,26.201714,348.42356212511214,153,0.6474396359443719
XA.SA38,-25.933359,25.084627,XA.SA71,-20.925777,27.140787,594.98867109037,141,0.6215314713375452
XA.SA38,-25.933359,25.084627,XA.SA73,-21.853668,30.277611,695.9176123237172,171,0.6844655949607193
XA.SA38,-25.933359,25.084627,XA.SA80,-19.959257,31.317909,920.8882739882353,171,0.6844655949607193
XA.SA38,-25.933359,25.084627,XA.SA81,-30.925116,21.268124,668.7230319087801,156,0.6537562697779445
XA.SA60,-23.851931,24.959381,XA.SA64,-22.969448,26.201714,160.30905596127994,314,0.927509553914535
XA.SA60,-23.851931,24.959381,XA.SA71,-20.925777,27.140787,395.15964304015046,286,0.8851901738245949
XA.SA60,-23.851931,24.959381,XA.SA73,-21.853668,30.277611,588.43481217594,317,0.9319297992257418
XA.SA60,-23.851931,24.959381,XA.SA80,-19.959257,31.317909,785.7287882725379,324,0.9421630606623846
XA.SA60,-23.851931,24.959381,XA.SA81,-30.925116,21.268124,866.6548065792574,239,0.8091937472249432
XA.SA64,-22.969448,26.201714,XA.SA71,-20.925777,27.140787,247.0217065805851,276,0.8695771291620105
XA.SA64,-22.969448,26.201714,XA.SA73,-21.853668,30.277611,436.9492650554652,295,0.8990101101112221
XA.SA64,-22.969448,26.201714,XA.SA80,-19.959257,31.317909,626.27787522329,301,0.908106565468269
XA.SA64,-22.969448,26.201714,XA.SA81,-30.925116,21.268124,1010.448674057684,225,0.7851358838853205
XA.SA71,-20.925777,27.140787,XA.SA73,-21.853668,30.277611,340.75959163703124,264,0.8504632098056193
XA.SA71,-20.925777,27.140787,XA.SA80,-19.959257,31.317909,448.2786760881389,271,0.8616645248730259
XA.SA71,-20.925777,27.140787,XA.SA81,-30.925116,21.268124,1256.8332789016983,203,0.7457642949093526
XA.SA73,-21.853668,30.277611,XA.SA80,-19.959257,31.317909,236.7457665856817,328,0.9479610419138021
XA.SA73,-21.853668,30.277611,XA.SA81,-30.925116,21.268124,1348.9158512988324,239,0.8091937472249432
XB.CHAZ,48.832191,-79.052155,XB.KAPU,48.128166,-82.90554,294.58239588819384,99,0.5208002272583305
XB.CHAZ,48.832191,-79.052155,XB.PAPL,45.319138,-77.809006,401.8020828148002,133,0.6036419150819761
XB.CHAZ,48.832191,-79.052155,XB.POP2,47.593006,-79.220634,138.35552469304088,132,0.6013683028032308
XB.FREI,-62.194698,-58.9841,XB.HAMB,-53.613998,-70.930901,1182.897330969622,206,0.7512546583175612
XB.KAPU,48.128166,-82.90554,XB.PAPL,45.319138,-77.809006,498.2984754239436,98,0.5181632471383237
XB.PAPL,45.319138,-77.809006,XB.POP2,47.593006,-79.220634,274.9834752775207,105,0.5363499164507368
XB.PM04,35.402599,-5.1525,XB.PS57,37.011501,-2.9864,264.1372974599323,169,0.6804510993672778
XC.OR088,42.965599,-117.302299,YK.OCW,38.425842,-122.846184,687.6256150194664,168,0.6784349435301367
XC.OR100,42.770699,-119.013199,XP.N16,39.146099,-108.593597,962.425015180513,128,0.5921865681580842
XC.OR100,42.770699,-119.013199,XP.N20,38.917702,-106.187599,1159.3095307139831,147,0.6346177794762744
XC.OR100,42.770699,-119.013199,XP.S29,36.959099,-106.535202,1243.7566737012248,144,0.6281087071082564
XD.HALE,-5.3018,38.617001,XD.INZA,-5.1168,30.3988,910.2747517941795,126,0.5875418959121594
XD.HALE,-5.3018,38.617001,XD.KIBA,-5.3223,36.5695,226.70559907719624,196,0.7327934916262991
XD.HALE,-5.3018,38.617001,XD.KOMO,-3.8422,36.7192,265.68404090823697,236,0.8040990874673055
XD.HALE,-5.3018,38.617001,XD.RUNG,-6.9372,33.518002,592.3354880778958,275,0.8680003787638843
XD.HALE,-5.3018,38.617001,XD.SING,-4.6403,34.731499,436.6603457013023,118,0.5685839174940466
XD.HALE,-5.3018,38.617001,XD.URAM,-5.0878,32.083199,723.9300590071538,202,0.7439251693108968
XD.INZA,-5.1168,30.3988,XD.KIBA,-5.3223,36.5695,683.6851556105925,150,0.6410607647560324
XD.INZA,-5.1168,30.3988,XD.KOMO,-3.8422,36.7192,714.8249797596144,187,0.7157714489439263
XD.INZA,-5.1168,30.3988,XD.RUNG,-6.9372,33.518002,399.9183821005722,193,0.7271637527322654
XD.INZA,-5.1168,30.3988,XD.SING,-4.6403,34.731499,482.94250695530354,125,0.5852057359806528
XD.INZA,-5.1168,30.3988,XD.URAM,-5.0878,32.083199,186.5825296965694,188,0.7176827245731117
XD.KIBA,-5.3223,36.5695,XD.KOMO,-3.8422,36.7192,165.41410209966529,254,0.8342004620946359
XD.KIBA,-5.3223,36.5695,XD.RUNG,-6.9372,33.518002,382.173381533335,270,0.8600732686214938
XD.KIBA,-5.3223,36.5695,XD.SING,-4.6403,34.731499,217.26786105693674,129,0.5944952964778162
XD.KIBA,-5.3223,36.5695,XD.URAM,-5.0878,32.083199,497.4799581674314,217,0.7710515857873619
XD.KOMO,-3.8422,36.7192,XD.RUNG,-6.9372,33.518002,493.95805791793424,307,0.9171128013559504
XD.KOMO,-3.8422,36.7192,XD.SING,-4.6403,34.731499,237.61018343544663,153,0.6474396359443719
XD.KOMO,-3.8422,36.7192,XD.URAM,-5.0878,32.083199,532.2614619577698,241,0.812572441449216
XD.RUNG,-6.9372,33.518002,XD.SING,-4.6403,34.731499,288.53232273093715,167,0.6764127782466431
XD.RUNG,-6.9372,33.518002,XD.URAM,-5.0878,32.083199,259.73441289576266,274,0.8664207589311612
XD.SING,-4.6403,34.731499,XD.URAM,-5.0878,32.083199,297.6058904281827,163,0.6682629291422302
XE.CC07,-6.15879,-133.0464,XE.EE02,-5.97635,-130.88959,239.3441465577048,98,0.5181632471383237
XE.CRUZ,-19.103399,-66.221199,XE.LAJO,-17.77766,-67.477753,198.24048155934094,139,0.6171077035722526
XE.CRUZ,-19.103399,-66.221199,XE.ROSL,-19.485266,-64.18029,218.35922134753844,242,0.8142565312173659
XE.CRUZ,-19.103399,-66.221199,XE.UYUN,-20.461914,-66.74688,160.76180251927326,170,0.6824612990181452
XE.EC01,-4.72613,-131.48519,XE.EE02,-5.97635,-130.88959,153.86320332961895,320,0.9363291775690444
XE.EC01,-4.72613,-131.48519,XE.EE04,-8.20435,-131.2551,387.5952970565783,253,0.8325567157446434
XE.EC01,-4.72613,-131.48519,XE.WW01,-3.78521,-134.73696,375.4518772213831,251,0.829259448469966
XE.EE02,-5.97635,-130.88959,XE.EE04,-8.20435,-131.2551,251.00374364741182,259,0.8423710827752163
XE.EE02,-5.97635,-130.88959,XE.WW01,-3.78521,-134.73696,490.9527312322768,251,0.829259448469966
XE.EE04,-8.20435,-131.2551,XE.WW01,-3.78521,-134.73696,624.2168588589208,247,0.82262526630728
XE.LAJO,-17.77766,-67.477753,XE.ROSL,-19.485266,-64.18029,395.92525291601726,142,0.623731589620416
XE.LAJO,-17.77766,-67.477753,XE.UYUN,-20.461914,-66.74688,308.1922929587508,139,0.6171077035722526
XE.PACH,-19.868052,-69.415749,XE.ROSL,-19.485266,-64.18029,549.7908774763648,99,0.5208002272583305
XE.ROSL,-19.485266,-64.18029,XE.UYUN,-20.461914,-66.74688,289.3698598186014,206,0.7512546583175612
XF.GOAT,60.136902,-141.453003,Y2.GUGE,31.4769,79.664101,9158.35435727796,388,1.0310255567298694
XF.GOAT,60.136902,-141.453003,Y2.PURG,30.198799,81.275299,9240.653122076745,385,1.027031898505565
XF.GOAT,60.136902,-141.453003,YT.ST04,-80.7152,-116.5792,15737.821166733,380,1.0203410657280039
XF.MA28,20.1786,-102.597,XF.MA36,19.3594,-104.893204,256.961371140408,505,1.1762489718744142
XF.MA28,20.1786,-102.597,YS.NGOK,22.122999,-159.664993,5886.964527005558,442,1.100435779184587
XF.MA28,20.1786,-102.597,YS.PL62,14.6891,-151.6866,5225.6118186972935,367,1.0027359832252927
XF.MA28,20.1786,-102.597,ZL.I02,25.684299,-110.099602,981.9827429902883,259,0.8423710827752163
XF.MA28,20.1786,-102.597,ZL.N06,27.174299,-111.153603,1167.334968987057,261,0.8456172261435341
XF.MA28,20.1786,-102.597,ZL.S05,23.347799,-108.094299,668.0697560101831,258,0.8407433110459417
XF.MA36,19.3594,-104.893204,YS.NGOK,22.122999,-159.664993,5673.647302469928,442,1.100435779184587
XF.MA36,19.3594,-104.893204,YS.PL62,14.6891,-151.6866,4987.897426695559,367,1.0027359832252927
XF.MA36,19.3594,-104.893204,ZL.I02,25.684299,-110.099602,883.2556688659931,259,0.8423710827752163
XF.MA36,19.3594,-104.893204,ZL.N06,27.174299,-111.153603,1078.4480591522124,261,0.8456172261435341
XF.MA36,19.3594,-104.893204,ZL.S05,23.347799,-108.094299,553.6375013253169,258,0.8407433110459417
XF.NE4,76.657433,-34.27758,XF.NE5,74.117332,-31.150419,295.6571318424968,197,0.7346604844397583
XF.NE4,76.657433,-34.27758,XL.AT13,44.992001,96.270103,6051.317773380513,496,1.1657204251401967
XF.NE4,76.657433,-34.27758,XL.HV10,51.572102,100.448601,5404.100825862848,498,1.1680683035010562
XF.NE4,76.657433,-34.27758,YM.KASE,71.4776,-51.349701,771.027083820378,265,0.8520724131552869
XF.NE4,76.657433,-34.27758,YT.RMBO,-83.8714,-66.3959,17923.279251153315,546,1.2230659879822119
XF.NE4,76.657433,-34.27758,YY.ABMD,11.8317,35.5825,8217.591026328708,416,1.0675795180675116
XF.NE4,76.657433,-34.27758,YY.CHGE,10.9614,36.518398,8334.882364037678,477,1.1431751025405046
XF.NE4,76.657433,-34.27758,YY.NEKE,9.089,36.523701,8537.888221799172,477,1.1431751025405046
XH.RS08,-79.3899,-163.539398,YT.MA07,-78.2496,-93.4991,1424.5693250127192,126,0.5875418959121594
XH.RS08,-79.3899,-163.539398,YT.MA09,-79.8993,-104.9977,1122.4163260701569,123,0.5805052121814782
XH.RS08,-79.3899,-163.539398,YT.RMBO,-83.8714,-66.3959,1432.139333278406,135,0.6081636405595373
XH.RS12,-79.017899,-147.632095,YT.MA07,-78.2496,-93.4991,1146.7318147992096,318,0.9333985626260246
XH.RS12,-79.017899,-147.632095,YT.MA09,-79.8993,-104.9977,852.9680650702536,250,0.827605888602368
XH.RS12,-79.017899,-147.632095,YT.RMBO,-83.8714,-66.3959,1302.485874435147,312,0.9245509832064132
XI.HALM,22.8454,44.317299,XI.RANI,21.3116,42.7761,233.03391275705826,225,0.7851358838853205
XI.HALM,22.8454,44.317299,XI.RIYD,24.722,46.643002,315.49013111888905,248,0.8242888175842983
XI.HALM,22.8454,44.317299,XI.UQSK,25.789,42.360001,382.6951620624102,179,0.7002934805523393
XI.RANI,21.3116,42.7761,XI.RIYD,24.722,46.643002,548.0375268970204,194,0.729045162740326
XI.RANI,21.3116,42.7761,XI.UQSK,25.789,42.360001,499.6668485688793,120,0.5733821790809959
XI.RIYD,24.722,46.643002,XI.UQSK,25.789,42.360001,446.74031468937386,258,0.8407433110459417
XI.SC04,49.624001,-89.675003,XI.SC14,47.723,-84.814003,414.70739949921716,234,0.8006846385506337
XI.SC04,49.624001,-89.675003,XI.SM37,44.381001,-93.380997,646.9946343526884,444,1.1029226428740972
XI.SC04,49.624001,-89.675003,XO.MG05,37.482498,-90.870102,1353.4584213694259,314,0.927509553914535
XI.SC04,49.624001,-89.675003,XY.PACW,39.9962,-77.9247,1412.7343617000536,155,0.6516575283433587
XI.SC14,47.723,-84.814003,XI.SM37,44.381001,-93.380997,757.7750476355004,551,1.2286533445589485
XI.SC14,47.723,-84.814003,XO.LE17,37.9874,-89.1763,1138.964514577032,147,0.6346177794762744
XI.SC14,47.723,-84.814003,XO.MG05,37.482498,-90.870102,1240.9232744200576,162,0.6662098891778447
XI.SC14,47.723,-84.814003,XT.D58,45.032299,-118.073799,2549.055090644158,487,1.1550959160790353
XI.SC14,47.723,-84.814003,XV.NAPU,-15.08,39.25,13766.161365024418,373,1.010899504510304
XI.SC14,47.723,-84.814003,YT.CLRK,-77.3231,-141.8485,14444.946153553685,532,1.2072838301639521
XI.SC14,47.723,-84.814003,ZD.FM03,-13.7229,-75.889503,6889.727909158102,421,1.073976097282545
XI.SC14,47.723,-84.814003,ZL.N06M,34.904999,-90.221199,1494.16357310671,103,0.5312172632943303
XI.SM37,44.381001,-93.380997,XL.HD03,46.515701,102.547203,9787.504455784807,453,1.114044833214067
XI.SM37,44.381001,-93.380997,XL.HD09,45.413898,100.5718,9936.051463171427,481,1.147958282856168
XI.SM37,44.381001,-93.380997,XL.HD41,48.242298,99.400002,9640.622024282791,480,1.1467643581619917
XI.SM37,44.381001,-93.380997,XL.HD48,46.209202,97.608299,9884.141240389683,481,1.147958282856168
XI.SM37,44.381001,-93.380997,XL.HD73,49.4953,101.357101,9478.94963399792,477,1.1431751025405046
XI.SM37,44.381001,-93.380997,XL.HD74,49.500999,99.152298,9505.239630470925,478,1.1443727719130206
XI.SM37,44.381001,-93.380997,XO.LE17,37.9874,-89.1763,792.966611057926,147,0.6346177794762744
XI.SM37,44.381001,-93.380997,XO.MG05,37.482498,-90.870102,795.4403342690258,348,0.9764346662907081
XI.SM37,44.381001,-93.380997,XP.LZAE,-25.3074,-68.3992,8155.14856209726,455,1.1165013848919998
XI.SM37,44.381001,-93.380997,XT.D58,45.032299,-118.073799,1945.2024271402558,533,1.2084179627110563
XI.SM37,44.381001,-93.380997,XV.NAPU,-15.08,39.25,14510.135910550327,518,1.19129260981162
XI.SM37,44.381001,-93.380997,XY.PACW,39.9962,-77.9247,1360.9338206663174,163,0.6682629291422302
XI.SM37,44.381001,-93.380997,YT.CLRK,-77.3231,-141.8485,13936.837574351583,650,1.3344743975843896
XI.SM37,44.381001,-93.380997,ZD.FM03,-13.7229,-75.889503,6699.059195803159,536,1.211813991784602
XI.SM37,44.381001,-93.380997,ZL.N06M,34.904999,-90.221199,1087.627069692871,157,0.6558482951882774
XJ.APA,52.925709,157.132874,XJ.ESS,55.932159,158.694794,349.2116742900991,212,0.7621167350270031
XJ.APA,52.925709,157.132874,XJ.KGB,56.25845,162.711456,515.9300678621098,170,0.6824612990181452
XJ.APA,52.925709,157.132874,XJ.OSO,59.261375,163.084213,794.633617265282,119,0.570988088545001
XJ.APA,52.925709,157.132874,XJ.SBL,54.30431,155.961823,171.6498328350348,140,0.6193235372853323
XJ.APA,52.925709,157.132874,XJ.TIG,57.759483,158.685638,546.3478803712201,156,0.6537562697779445
XJ.APA,52.925709,157.132874,XJ.TKI,60.44611,166.148788,999.2816753367794,229,0.7920841244930822
XJ.APA,52.925709,157.132874,XJ.ZUP,54.081619,159.987518,228.36555135723214,200,0.7402332101976052
XJ.ESS,55.932159,158.694794,XJ.KGB,56.25845,162.711456,251.72846650107584,200,0.7402332101976052
XJ.ESS,55.932159,158.694794,XJ.OSO,59.261375,163.084213,453.061472762966,122,0.578140619004119
XJ.ESS,55.932159,158.694794,XJ.SBL,54.30431,155.961823,250.89705763573372,127,0.5898688036160685
XJ.ESS,55.932159,158.694794,XJ.TIG,57.759483,158.685638,203.1902011544819,152,0.6453203515808126
XJ.ESS,55.932159,158.694794,XJ.TKI,60.44611,166.148788,664.6437244382283,224,0.7833891945495459
XJ.ESS,55.932159,158.694794,XJ.ZUP,54.081619,159.987518,221.6589697464554,238,0.8074990987738302
XJ.KGB,56.25845,162.711456,XJ.PZT,51.466999,156.809998,657.9908100208368,102,0.5286322491056713
XJ.KGB,56.25845,162.711456,XJ.SBL,54.30431,155.961823,479.23463857098466,90,0.49656353316142077
XJ.KGB,56.25845,162.711456,XJ.TIG,57.759483,158.685638,295.3424525885814,141,0.6215314713375452
XJ.KGB,56.25845,162.711456,XJ.TKI,60.44611,166.148788,506.83127456237696,200,0.7402332101976052
XJ.KGB,56.25845,162.711456,XJ.ZUP,54.081619,159.987518,297.46655422094653,236,0.8040990874673055
XJ.OSO,59.261375,163.084213,XJ.SBL,54.30431,155.961823,700.6740342296843,124,0.5828602125700983
XJ.OSO,59.261375,163.084213,XJ.TIG,57.759483,158.685638,305.12641954960344,126,0.5875418959121594
XJ.OSO,59.261375,163.084213,XJ.TKI,60.44611,166.148788,215.93148700679185,137,0.612651994001019
XJ.OSO,59.261375,163.084213,XJ.ZUP,54.081619,159.987518,606.075742990385,137,0.612651994001019
XJ.PZT,51.466999,156.809998,XJ.TIG,57.759483,158.685638,709.9682283213575,112,0.5539398117742514
XJ.PZT,51.466999,156.809998,XJ.TKI,60.44611,166.148788,1152.8492197252615,147,0.6346177794762744
XJ.PZT,51.466999,156.809998,XJ.ZUP,54.081619,159.987518,360.7718908293067,130,0.5967950934463552
XJ.SBL,54.30431,155.961823,XJ.TIG,57.759483,158.685638,419.7330590182616,167,0.6764127782466431
XJ.SBL,54.30431,155.961823,XJ.TKI,60.44611,166.148788,914.1615238089447,180,0.7022468831767834
XJ.SBL,54.30431,155.961823,XJ.ZUP,54.081619,159.987518,263.0252005753303,141,0.6215314713375452
XJ.TIG,57.759483,158.685638,XJ.TKI,60.44611,166.148788,519.9383918738556,233,0.7989719421754193
XJ.TIG,57.759483,158.685638,XJ.ZUP,54.081619,159.987518,416.9067368382027,209,0.7567051867973599
XJ.TKI,60.44611,166.148788,XJ.ZUP,54.081619,159.987518,798.0211976766587,265,0.8520724131552869
XK.Q05MJ,-13.3953,36.125702,XK.W02NB,-13.724,33.559898,279.748515679786,108,0.5439580966939495
XK.Q05MJ,-13.3953,36.125702,XK.W10LW,-12.6208,34.165199,229.19695400453682,153,0.6474396359443719
XK.Q05MJ,-13.3953,36.125702,XV.NAPU,-15.08,39.25,385.32075182563824,132,0.6013683028032308
XK.Q05MJ,-13.3953,36.125702,XV.VINA,-18.176901,45.224701,1108.9498141376062,118,0.5685839174940466
XK.W02NB,-13.724,33.559898,XK.W10LW,-12.6208,34.165199,139.0783430633664,137,0.612651994001019
XK.W02NB,-13.724,33.559898,XV.NAPU,-15.08,39.25,631.072809299203,130,0.5967950934463552
XK.W10LW,-12.6208,34.165199,XV.NAPU,-15.08,39.25,613.2472083600449,159,0.6600124531826383
XK.W10LW,-12.6208,34.165199,XV.VINA,-18.176901,45.224701,1336.3046833112094,118,0.5685839174940466
XL.AT04,46.271099,95.267097,XL.AT13,44.992001,96.270103,162.2047426113212,137,0.612651994001019
XL.AT04,46.271099,95.267097,XL.HV10,51.572102,100.448601,700.1523169186739,137,0.612651994001019
XL.AT13,44.992001,96.270103,XL.HV10,51.572102,100.448601,793.9918593790109,659,1.343681305985461
XL.AT13,44.992001,96.270103,YT.DUFK,-82.8619,-53.2006,15679.297310068614,365,1.0
XL.AT13,44.992001,96.270103,YT.MA07,-78.2496,-93.4991,16292.841113398694,513,1.185529186504826
XL.AT13,44.992001,96.270103,YT.MA09,-79.8993,-104.9977,16040.523310938266,510,1.1820576440988835
XL.AT13,44.992001,96.270103,YT.RMBO,-83.8714,-66.3959,15657.2293713046,640,1.3241694217637887
XL.AT13,44.992001,96.270103,YY.ABMD,11.8317,35.5825,6789.999250991345,511,1.1832159566199232
XL.AT13,44.992001,96.270103,YY.CHGE,10.9614,36.518398,6787.414068175458,502,1.1727499587522587
XL.AT13,44.992001,96.270103,YY.NEKE,9.089,36.523701,6936.953379402772,536,1.211813991784602
XL.HD03,46.515701,102.547203,XL.HD09,45.413898,100.5718,195.74884190061994,617,1.3001580515091655
XL.HD03,46.515701,102.547203,XL.HD41,48.242298,99.400002,304.93825283513195,617,1.3001580515091655
XL.HD03,46.515701,102.547203,XL.HD48,46.209202,97.608299,380.4532316823366,553,1.2308811856351876
XL.HD03,46.515701,102.547203,XL.HD54,47.499901,96.803398,448.9388126437552,92,0.5020505896028288
XL.HD03,46.515701,102.547203,XL.HD73,49.4953,101.357101,342.9307069611474,616,1.2991040115697867
XL.HD03,46.515701,102.547203,XL.HD74,49.500999,99.152298,417.0087700986974,617,1.3001580515091655
XL.HD09,45.413898,100.5718,XL.HD41,48.242298,99.400002,326.88390461316624,644,1.328301005662435
XL.HD09,45.413898,100.5718,XL.HD48,46.209202,97.608299,246.10372996843276,581,1.2616579655032534
XL.HD09,45.413898,100.5718,XL.HD54,47.499901,96.803398,370.23791243221143,93,0.5047717509409032
XL.HD09,45.413898,100.5718,XL.HD73,49.4953,101.357101,457.64924780677893,642,1.3262368225882741
XL.HD09,45.413898,100.5718,XL.HD74,49.500999,99.152298,466.80432833778616,643,1.3272693154052941
XL.HD41,48.242298,99.400002,XL.HD48,46.209202,97.608299,263.44632950058997,580,1.260571733734503
XL.HD41,48.242298,99.400002,XL.HD54,47.499901,96.803398,210.52464543438055,92,0.5020505896028288
XL.HD41,48.242298,99.400002,XL.HD73,49.4953,101.357101,199.74518763557785,641,1.3252035253355026
XL.HD41,48.242298,99.400002,XL.HD74,49.500999,99.152298,141.12877066744437,642,1.3262368225882741
XL.HD48,46.209202,97.608299,XL.HD73,49.4953,101.357101,460.0497136543154,577,1.2573074078395543
XL.HD48,46.209202,97.608299,XL.HD74,49.500999,99.152298,383.70978506415474,578,1.258396457335929
XL.HD54,47.499901,96.803398,XL.HD73,49.4953,101.357101,402.14965225209505,94,0.5074783212860846
XL.HD54,47.499901,96.803398,XL.HD74,49.500999,99.152298,281.8622806768636,94,0.5074783212860846
XL.HD73,49.4953,101.357101,XL.HD74,49.500999,99.152298,159.22239304614814,646,1.3303619859642075
XL.HV10,51.572102,100.448601,YT.DUFK,-82.8619,-53.2006,16438.618822194334,365,1.0
XL.HV10,51.572102,100.448601,YT.MA07,-78.2496,-93.4991,16996.1816688854,515,1.1878379115475264
XL.HV10,51.572102,100.448601,YT.MA09,-79.8993,-104.9977,16726.09756118011,512,1.1843731363161685
XL.HV10,51.572102,100.448601,YT.RMBO,-83.8714,-66.3959,16402.88156423963,642,1.3262368225882741
XL.HV10,51.572102,100.448601,YY.ABMD,11.8317,35.5825,7253.082495551921,511,1.1832159566199232
XL.HV10,51.572102,100.448601,YY.CHGE,10.9614,36.518398,7266.2946718703515,502,1.1727499587522587
XL.HV10,51.572102,100.448601,YY.NEKE,9.089,36.523701,7430.801197520973,536,1.211813991784602
XM.ANB09,-25.4413,-66.2624,XM.ANB10,-25.0271,-64.5865,174.74584433251837,348,0.9764346662907081
XM.ANB09,-25.4413,-66.2624,XM.ANB11,-25.951,-62.49889,381.3189303264196,295,0.8990101101112221
XM.ANB09,-25.4413,-66.2624,XM.ANB16,-24.0911,-61.4628,507.2881174294922,347,0.9750307336216891
XM.ANB09,-25.4413,-66.2624,XM.ANB17,-25.2429,-59.8069,649.0543715759011,349,0.9778365832600271
XM.ANB09,-25.4413,-66.2624,XM.ANB19,-27.7766,-62.9698,417.7942196863744,347,0.9750307336216891
XM.ANB09,-25.4413,-66.2624,XM.ANB20,-26.7962,-65.316,177.8349654391756,347,0.9750307336216891
XM.ANB09,-25.4413,-66.2624,XM.ASB11,-37.8946,-63.8453,1403.3543151157637,346,0.973624776533266
XM.ANB09,-25.4413,-66.2624,XM.ASB13,-35.20574,-67.67386,1094.1356871453875,118,0.5685839174940466
XM.ANB09,-25.4413,-66.2624,XM.ASB19,-36.2284,-65.4205,1202.146376281648,345,0.972216786242685
XM.ANB09,-25.4413,-66.2624,XM.ASB22,-33.66389,-67.46128,921.6118077881939,347,0.9750307336216891
XM.ANB09,-25.4413,-66.2624,XM.CB01,-22.09872,-70.21211,547.3678453744031,229,0.7920841244930822
XM.ANB09,-25.4413,-66.2624,XM.CB22,-24.00541,-68.52551,278.811419711604,298,0.9035697848890165
XM.ANB10,-25.0271,-64.5865,XM.ANB11,-25.951,-62.49889,233.361876619162,584,1.2649110640673518
XM.ANB10,-25.0271,-64.5865,XM.ANB16,-24.0911,-61.4628,332.60816833623227,552,1.229767769590376
XM.ANB10,-25.0271,-64.5865,XM.ANB17,-25.2429,-59.8069,481.7154096436478,553,1.2308811856351876
XM.ANB10,-25.0271,-64.5865,XM.ANB18,-28.4534,-59.3139,647.388471281738,152,0.6453203515808126
XM.ANB10,-25.0271,-64.5865,XM.ANB19,-27.7766,-62.9698,345.5277041535657,483,1.1503424147760861
XM.ANB10,-25.0271,-64.5865,XM.ANB20,-26.7962,-65.316,209.80848721397282,633,1.3169079600877451
XM.ANB10,-25.0271,-64.5865,XM.ASB04,-35.77723,-69.39981,1280.8895828896916,161,0.6641505028312175
XM.ANB10,-25.0271,-64.5865,XM.ASB11,-37.8946,-63.8453,1432.5133516466788,472,1.1371678349880932
XM.ANB10,-25.0271,-64.5865,XM.ASB13,-35.20574,-67.67386,1169.9211444788345,118,0.5685839174940466
XM.ANB10,-25.0271,-64.5865,XM.ASB19,-36.2284,-65.4205,1248.0664469220164,362,0.995881931715707
XM.ANB10,-25.0271,-64.5865,XM.ASB22,-33.66389,-67.46128,999.8293711771083,476,1.141976177090002
XM.ANB10,-25.0271,-64.5865,XM.CB01,-22.09872,-70.21211,659.274976287886,526,1.200456534161466
XM.ANB10,-25.0271,-64.5865,XM.CB22,-24.00541,-68.52551,414.36609788271886,595,1.2767681803292914
XM.ANB10,-25.0271,-64.5865,YT.MCRG,-73.6681,-94.6493,5694.047855551752,493,1.1621897140772024
XM.ANB10,-25.0271,-64.5865,YT.RMBO,-83.8714,-66.3959,6543.555742403731,645,1.3293318952282882
XM.ANB11,-25.951,-62.49889,XM.ANB16,-24.0911,-61.4628,231.6635582158083,500,1.1704114719613057
XM.ANB11,-25.951,-62.49889,XM.ANB17,-25.2429,-59.8069,281.1987418582741,500,1.1704114719613057
XM.ANB11,-25.951,-62.49889,XM.ANB18,-28.4534,-59.3139,420.24717489762645,152,0.6453203515808126
XM.ANB11,-25.951,-62.49889,XM.ANB19,-27.7766,-62.9698,208.3021061420864,431,1.0866563016005655
XM.ANB11,-25.951,-62.49889,XM.ANB20,-26.7962,-65.316,295.95353900909004,581,1.2616579655032534
XM.ANB11,-25.951,-62.49889,XM.ASB04,-35.77723,-69.39981,1274.8934086285635,153,0.6474396359443719
XM.ANB11,-25.951,-62.49889,XM.ASB11,-37.8946,-63.8453,1334.0872893290668,421,1.073976097282545
XM.ANB11,-25.951,-62.49889,XM.ASB19,-36.2284,-65.4205,1175.9855720401574,311,0.9230681418619906
XM.ANB11,-25.951,-62.49889,XM.ASB22,-33.66389,-67.46128,981.8639106174023,424,1.0777958227866902
XM.ANB11,-25.951,-62.49889,XM.CB01,-22.09872,-70.21211,892.5440043974479,518,1.19129260981162
XM.ANB11,-25.951,-62.49889,XM.CB22,-24.00541,-68.52551,644.7339617238578,567,1.246364576492066
XM.ANB11,-25.951,-62.49889,YT.MCRG,-73.6681,-94.6493,5632.337952522591,432,1.087916193387899
XM.ANB11,-25.951,-62.49889,YT.RMBO,-83.8714,-66.3959,6442.132313834355,584,1.2649110640673518
XM.ANB16,-24.0911,-61.4628,XM.ANB17,-25.2429,-59.8069,210.71116235583102,552,1.229767769590376
XM.ANB16,-24.0911,-61.4628,XM.ANB19,-27.7766,-62.9698,436.6229506721738,483,1.1503424147760861
XM.ANB16,-24.0911,-61.4628,XM.ANB20,-26.7962,-65.316,490.0117260502527,552,1.229767769590376
XM.ANB16,-24.0911,-61.4628,XM.ASB11,-37.8946,-63.8453,1551.4225238866027,472,1.1371678349880932
XM.ANB16,-24.0911,-61.4628,XM.ASB13,-35.20574,-67.67386,1373.0899769144125,118,0.5685839174940466
XM.ANB16,-24.0911,-61.4628,XM.ASB19,-36.2284,-65.4205,1401.8263943502225,362,0.995881931715707
XM.ANB16,-24.0911,-61.4628,XM.ASB22,-33.66389,-67.46128,1213.5008161066294,476,1.141976177090002
XM.ANB16,-24.0911,-61.4628,XM.CB01,-22.09872,-70.21211,921.7269388641045,434,1.090431609909769
XM.ANB16,-24.0911,-61.4628,XM.CB22,-24.00541,-68.52551,717.1609364553666,503,1.1739174552671163
XM.ANB16,-24.0911,-61.4628,YT.MCRG,-73.6681,-94.6493,5855.443187767757,400,1.0468478451804273
XM.ANB16,-24.0911,-61.4628,YT.RMBO,-83.8714,-66.3959,6649.936709033707,552,1.229767769590376
XM.ANB17,-25.2429,-59.8069,XM.ANB19,-27.7766,-62.9698,422.3630361690765,483,1.1503424147760861
XM.ANB17,-25.2429,-59.8069,XM.ANB20,-26.7962,-65.316,576.8890096079518,552,1.229767769590376
XM.ANB17,-25.2429,-59.8069,XM.ASB11,-37.8946,-63.8453,1457.4625220921441,472,1.1371678349880932
XM.ANB17,-25.2429,-59.8069,XM.ASB13,-35.20574,-67.67386,1339.9392257840188,118,0.5685839174940466
XM.ANB17,-25.2429,-59.8069,XM.ASB19,-36.2284,-65.4205,1333.4626807633738,362,0.995881931715707
XM.ANB17,-25.2429,-59.8069,XM.ASB22,-33.66389,-67.46128,1193.2838902754595,476,1.141976177090002
XM.ANB17,-25.2429,-59.8069,XM.CB01,-22.09872,-70.21211,1115.4285009374473,434,1.090431609909769
XM.ANB17,-25.2429,-59.8069,XM.CB22,-24.00541,-68.52551,891.8076910416457,503,1.1739174552671163
XM.ANB17,-25.2429,-59.8069,YT.MCRG,-73.6681,-94.6493,5763.220856959674,402,1.0494617015468923
XM.ANB17,-25.2429,-59.8069,YT.RMBO,-83.8714,-66.3959,6523.959105870073,554,1.231993595429003
XM.ANB18,-28.4534,-59.3139,XM.ANB20,-26.7962,-65.316,619.277591805897,150,0.6410607647560324
XM.ANB18,-28.4534,-59.3139,XM.ASB04,-35.77723,-69.39981,1249.8614580622257,152,0.6453203515808126
XM.ANB18,-28.4534,-59.3139,XM.CB01,-22.09872,-70.21211,1302.8328672491793,152,0.6453203515808126
XM.ANB18,-28.4534,-59.3139,XM.CB22,-24.00541,-68.52551,1042.9567383430895,152,0.6453203515808126
XM.ANB19,-27.7766,-62.9698,XM.ANB20,-26.7962,-65.316,256.1986076196922,483,1.1503424147760861
XM.ANB19,-27.7766,-62.9698,XM.ASB11,-37.8946,-63.8453,1128.0240305883335,472,1.1371678349880932
XM.ANB19,-27.7766,-62.9698,XM.ASB13,-35.20574,-67.67386,938.4746586110808,118,0.5685839174940466
XM.ANB19,-27.7766,-62.9698,XM.ASB19,-36.2284,-65.4205,967.6837921529078,362,0.995881931715707
XM.ANB19,-27.7766,-62.9698,XM.ASB22,-33.66389,-67.46128,782.6428891380207,476,1.141976177090002
XM.ANB19,-27.7766,-62.9698,XM.CB01,-22.09872,-70.21211,964.879378923418,365,1.0
XM.ANB19,-27.7766,-62.9698,XM.CB22,-24.00541,-68.52551,696.0436806604098,434,1.090431609909769
XM.ANB19,-27.7766,-62.9698,YT.RMBO,-83.8714,-66.3959,6238.761643837682,483,1.1503424147760861
XM.ANB20,-26.7962,-65.316,XM.ASB04,-35.77723,-69.39981,1071.0836794768436,150,0.6410607647560324
XM.ANB20,-26.7962,-65.316,XM.ASB11,-37.8946,-63.8453,1241.7439787021967,472,1.1371678349880932
XM.ANB20,-26.7962,-65.316,XM.ASB13,-35.20574,-67.67386,961.6259585662555,118,0.5685839174940466
XM.ANB20,-26.7962,-65.316,XM.ASB19,-36.2284,-65.4205,1048.86079309595,362,0.995881931715707
XM.ANB20,-26.7962,-65.316,XM.ASB22,-33.66389,-67.46128,790.9119683455081,476,1.141976177090002
XM.ANB20,-26.7962,-65.316,XM.CB01,-22.09872,-70.21211,719.8730596639386,515,1.1878379115475264
XM.ANB20,-26.7962,-65.316,XM.CB22,-24.00541,-68.52551,447.42633474878176,584,1.2649110640673518
XM.ANB20,-26.7962,-65.316,YT.MCRG,-73.6681,-94.6493,5487.371256402251,481,1.147958282856168
XM.ANB20,-26.7962,-65.316,YT.RMBO,-83.8714,-66.3959,6346.609912244634,633,1.3169079600877451
XM.ASB04,-35.77723,-69.39981,XM.CB22,-24.00541,-68.52551,1311.6602248827755,165,0.6723502022908507
XM.ASB11,-37.8946,-63.8453,XM.ASB13,-35.20574,-67.67386,454.1819152276688,117,0.5661695375110528
XM.ASB11,-37.8946,-63.8453,XM.ASB19,-36.2284,-65.4205,232.07332992619402,362,0.995881931715707
XM.ASB11,-37.8946,-63.8453,XM.ASB22,-33.66389,-67.46128,572.3434341111049,465,1.128703948225453
XM.ASB11,-37.8946,-63.8453,XM.CB22,-24.00541,-68.52551,1606.9651136069722,424,1.0777958227866902
XM.ASB11,-37.8946,-63.8453,YT.RMBO,-83.8714,-66.3959,5113.133438517718,472,1.1371678349880932
XM.ASB13,-35.20574,-67.67386,XM.ASB19,-36.2284,-65.4205,233.04908826618373,116,0.5637448174290228
XM.ASB13,-35.20574,-67.67386,XM.ASB22,-33.66389,-67.46128,172.55088368047598,118,0.5685839174940466
XM.ASB19,-36.2284,-65.4205,XM.ASB22,-33.66389,-67.46128,340.44133811091876,361,0.994505452921406
XM.ASB19,-36.2284,-65.4205,XM.CB22,-24.00541,-68.52551,1391.3152842680984,315,0.9289853059279986
XM.ASB22,-33.66389,-67.46128,XM.CB01,-22.09872,-70.21211,1313.9294645273667,358,0.9903645378385775
XM.ASB22,-33.66389,-67.46128,XM.CB22,-24.00541,-68.52551,1078.9443997443134,427,1.08160205884541
XM.ASB22,-33.66389,-67.46128,YT.RMBO,-83.8714,-66.3959,5582.955467431045,476,1.141976177090002
XM.CB01,-22.09872,-70.21211,XM.CB22,-24.00541,-68.52551,273.35824453181806,555,1.2331050016951028
XM.CB01,-22.09872,-70.21211,YT.MCRG,-73.6681,-94.6493,5921.923283836771,406,1.054669980194415
XM.CB01,-22.09872,-70.21211,YT.RMBO,-83.8714,-66.3959,6870.403974856012,558,1.2364332263764475
XM.CB22,-24.00541,-68.52551,YT.MCRG,-73.6681,-94.6493,5738.503707198407,472,1.1371678349880932
XM.CB22,-24.00541,-68.52551,YT.RMBO,-83.8714,-66.3959,6657.299756757635,624,1.307512539555889
XO.EP23,56.9071,-157.0201,XO.WD58,53.906227,-155.035345,356.3936997194602,171,0.6844655949607193
XO.LE17,37.9874,-89.1763,Z9.E07,30.718,-82.0979,1036.383484946209,102,0.5286322491056713
XO.MG05,37.482498,-90.870102,ZL.N06M,34.904999,-90.221199,292.4583040888934,96,0.5128486118048259
XO.SOKY,37.5256,-85.961899,XY.PACW,39.9962,-77.9247,748.7124947755759,309,0.9200952898834737
XO.SOKY,37.5256,-85.961899,YO.D03,34.3559,-74.488701,1090.4824284852698,213,0.7639120655125278
XO.SOKY,37.5256,-85.961899,YO.X01,36.225201,-74.5793,1022.0987842375,217,0.7710515857873619
XO.SOKY,37.5256,-85.961899,YO.X03,35.893299,-72.719002,1193.3408673552906,208,0.7548927166814038
XO.SOKY,37.5256,-85.961899,YO.X06,33.6507,-72.205704,1314.9008350310783,213,0.7639120655125278
XO.SOKY,37.5256,-85.961899,YO.X09,32.516899,-74.3536,1193.553545919015,210,0.7585133260223084
XO.SOKY,37.5256,-85.961899,YO.X10,33.047501,-76.059898,1026.652793349482,209,0.7567051867973599
XP.LZAE,-25.3074,-68.3992,XP.PLTP,-22.0413,-66.786499,398.56766280115824,98,0.5181632471383237
XP.LZAE,-25.3074,-68.3992,YT.CLRK,-77.3231,-141.8485,6864.49549295903,409,1.0585593725462352
XP.LZAE,-25.3074,-68.3992,ZD.FM09,-12.65027,-73.041481,1489.2124967899663,187,0.7157714489439263
XP.LZAE,-25.3074,-68.3992,ZD.FS07,-13.46172,-71.9198,1367.7220685072134,143,0.6259239745510697
XP.LZAE,-25.3074,-68.3992,ZG.CB14,-17.249399,-65.900902,932.5666304431517,132,0.6013683028032308
XP.LZAE,-25.3074,-68.3992,ZG.CB34,-14.4346,-67.538803,1212.331331271951,135,0.6081636405595373
XP.N16,39.146099,-108.593597,XP.N20,38.917702,-106.187599,209.3597084124807,131,0.5990860619218586
XP.N16,39.146099,-108.593597,XP.S29,36.959099,-106.535202,302.671017833137,131,0.5990860619218586
XP.N16,39.146099,-108.593597,YH.L01,42.4263,-110.368103,394.12730366431987,167,0.6764127782466431
XP.N20,38.917702,-106.187599,XP.S29,36.959099,-106.535202,219.9094716109443,147,0.6346177794762744
XP.PLTP,-22.0413,-66.786499,YS.PARW,-18.201099,-69.2677,499.4132649769863,185,0.7119335046677415
XP.PLTP,-22.0413,-66.786499,ZD.FM03,-13.7229,-75.889503,1334.616129627319,166,0.6743845494582044
XP.PLTP,-22.0413,-66.786499,ZD.FM09,-12.65027,-73.041481,1236.878053260051,308,0.9186052560476432
XP.PLTP,-22.0413,-66.786499,ZD.FS07,-13.46172,-71.9198,1097.6849006075795,308,0.9186052560476432
XP.PLTP,-22.0413,-66.786499,ZG.CB14,-17.249399,-65.900902,540.8402146104297,308,0.9186052560476432
XR.BA07,24.1371,91.4975,XR.MS02,23.605983,93.696263,231.24170752455456,345,0.972216786242685
XR.BA07,24.1371,91.4975,XR.MS05,22.585486,94.508708,352.47564373903884,318,0.9333985626260246
XR.BA07,24.1371,91.4975,XR.MS09,23.478138,96.080143,471.9052290414496,346,0.973624776533266
XR.BA07,24.1371,91.4975,Y1.KERK,2.61653,36.255065,6385.506690319054,604,1.2863881686909069
XR.BA07,24.1371,91.4975,Y1.TURK,3.127577,38.27457,6160.120626029954,703,1.387813891435114
XR.BA07,24.1371,91.4975,YT.LPLY,-73.1142,-90.2834,14568.02075281752,375,1.0136060675992289
XR.BA07,24.1371,91.4975,YT.MCRG,-73.6681,-94.6493,14495.165874327218,366,1.0013689260344547
XR.BA07,24.1371,91.4975,YT.RMBO,-83.8714,-66.3959,13320.248782286493,997,1.6527270946272614
XR.FA23,45.550365,-99.9841,XR.FA24,46.531807,-101.240036,145.96515586736402,125,0.5852057359806528
XR.MS02,23.605983,93.696263,XR.MS05,22.585486,94.508708,140.64701546224853,317,0.9319297992257418
XR.MS02,23.605983,93.696263,XR.MS09,23.478138,96.080143,243.42527763769795,300,0.9065968278232491
XR.MS05,22.585486,94.508708,XR.MS09,23.478138,96.080143,188.97134983498592,274,0.8664207589311612
XS.I04D,-2.123817,-16.17326,XS.S24D,-0.1383,-12.7806,437.023269377063,135,0.6081636405595373
XS.I04D,-2.123817,-16.17326,XS.S32D,-0.7968,-15.647,158.7300108047696,134,0.605906995892301
XS.I04D,-2.123817,-16.17326,XS.S38D,1.921838,-12.762288,588.3594648541743,127,0.5898688036160685
XS.I14D,-0.3522,-7.952395,XS.S24D,-0.1383,-12.7806,537.3940116216353,95,0.5101705328640019
XS.I14D,-0.3522,-7.952395,XS.S32D,-0.7968,-15.647,856.9841455337828,94,0.5074783212860846
XS.S24D,-0.1383,-12.7806,XS.S32D,-0.7968,-15.647,327.0200526877796,363,0.9972565106055741
XS.S24D,-0.1383,-12.7806,XS.S38D,1.921838,-12.762288,229.08625648598345,313,0.9260314501005581
XS.S32D,-0.7968,-15.647,XS.S38D,1.921838,-12.762288,440.73375950195293,313,0.9260314501005581
XT.B151,12.9915,-67.651299,XT.CMPC,7.6508,-64.073097,711.1758824453028,367,1.0027359832252927
XT.B151,12.9915,-67.651299,XT.MHTO,13.9497,-66.490997,164.60459548909932,367,1.0027359832252927
XT.B151,12.9915,-67.651299,XT.PNCH,11.2493,-66.5009,230.58496871032497,365,1.0
XT.B151,12.9915,-67.651299,XT.RPPC2,8.9494,-66.436501,468.6078409699373,119,0.570988088545001
XT.B151,12.9915,-67.651299,XT.SOMB,12.7209,-64.931297,296.3984289956557,361,0.994505452921406
XT.CMPC,7.6508,-64.073097,XT.MHTO,13.9497,-66.490997,748.4904807026858,369,1.0054645215568718
XT.CMPC,7.6508,-64.073097,XT.PNCH,11.2493,-66.5009,480.62097490221726,365,1.0
XT.CMPC,7.6508,-64.073097,XT.RPPC2,8.9494,-66.436501,297.4416236328932,167,0.6764127782466431
XT.CMPC,7.6508,-64.073097,XT.SOMB,12.7209,-64.931297,571.5348952312812,361,0.994505452921406
XT.D58,45.032299,-118.073799,Y5.FMC,56.650002,-111.5,1370.2957645501397,207,0.7530758844042431
XT.D58,45.032299,-118.073799,YK.OCW,38.425842,-122.846184,834.1826871264551,143,0.6259239745510697
XT.D58,45.032299,-118.073799,YT.CLRK,-77.3231,-141.8485,13705.078248834145,508,1.179737607232137
XT.MHTO,13.9497,-66.490997,XT.PNCH,11.2493,-66.5009,300.2731172869794,365,1.0
XT.MHTO,13.9497,-66.490997,XT.RPPC2,8.9494,-66.436501,556.0404559005909,120,0.5733821790809959
XT.MHTO,13.9497,-66.490997,XT.SOMB,12.7209,-64.931297,217.13205677477688,361,0.994505452921406
XT.PNCH,11.2493,-66.5009,XT.RPPC2,8.9494,-66.436501,255.83470422998343,118,0.5685839174940466
XT.PNCH,11.2493,-66.5009,XT.SOMB,12.7209,-64.931297,236.4790263921839,361,0.994505452921406
XT.RPPC2,8.9494,-66.436501,XT.SOMB,12.7209,-64.931297,450.42803220531516,116,0.5637448174290228
XV.NAPU,-15.08,39.25,XV.SENA,-17.445,35.032001,521.3851676968726,154,0.6495520057848934
XV.NAPU,-15.08,39.25,XV.VINA,-18.176901,45.224701,723.6405166271535,109,0.54647061859381
XV.NAPU,-15.08,39.25,YT.CLRK,-77.3231,-141.8485,9740.095996476846,456,1.1177276360961783
XV.NAPU,-15.08,39.25,ZD.FM03,-13.7229,-75.889503,12195.874915645869,416,1.0675795180675116
XW.AMDT,1.9487,34.935799,XW.KABG,3.5104,34.143299,194.6866688655489,432,1.087916193387899
XW.AMDT,1.9487,34.935799,YT.RMBO,-83.8714,-66.3959,10356.70654225006,543,1.2197012883803608
XW.GHDI,15.63811,52.161732,XW.MOKA,13.31374,43.25631,992.8919053132317,120,0.5733821790809959
XW.KABG,3.5104,34.143299,YT.RMBO,-83.8714,-66.3959,10520.151132330233,504,1.1750837918243189
XW.KABG,3.5104,34.143299,YU.MD04,10.8953,-74.1514,11922.690426149156,393,1.0376474973550138
XW.KABG,3.5104,34.143299,YU.SL02,7.6943,-71.0365,11622.693239378672,411,1.061144380968148
XY.PACW,39.9962,-77.9247,YB.AT56,36.7019,35.546902,9115.929383966073,498,1.1680683035010562
XY.PACW,39.9962,-77.9247,YO.D03,34.3559,-74.488701,696.9980471168464,221,0.7781256017217236
XY.PACW,39.9962,-77.9247,YO.X01,36.225201,-74.5793,511.2698762889257,225,0.7851358838853205
XY.PACW,39.9962,-77.9247,YO.X03,35.893299,-72.719002,645.142495347044,216,0.7692729177072388
XY.PACW,39.9962,-77.9247,YO.X06,33.6507,-72.205704,869.5959737036392,221,0.7781256017217236
XY.PACW,39.9962,-77.9247,YO.X09,32.516899,-74.3536,890.9536395219411,218,0.7728261602537809
XY.PACW,39.9962,-77.9247,YO.X10,33.047501,-76.059898,790.3686067159043,217,0.7710515857873619
XY.U06B,-37.2244,-73.550003,XY.U54B,-35.545898,-71.359703,270.68324381984723,138,0.614883884795188
XY.U06B,-37.2244,-73.550003,XY.U72B,-33.978699,-71.812401,393.59325583255713,134,0.605906995892301
XY.U54B,-35.545898,-71.359703,XY.U72B,-33.978699,-71.812401,179.10358593864402,149,0.6389203221702936
Y1.KAEK,4.142727,35.453087,Y1.KERK,2.61653,36.255065,191.6356955342338,183,0.7080747580684533
Y1.KAEK,4.142727,35.453087,Y1.TURK,3.127577,38.27457,332.8259862431366,348,0.9764346662907081
Y1.KERK,2.61653,36.255065,Y1.TURK,3.127577,38.27457,231.36332454083944,596,1.2778406443405872
Y1.KERK,2.61653,36.255065,YT.RMBO,-83.8714,-66.3959,10445.894755034742,577,1.2573074078395543
Y1.TURK,3.127577,38.27457,YT.LPLY,-73.1142,-90.2834,11505.681837405778,502,1.1727499587522587
Y1.TURK,3.127577,38.27457,YT.MCRG,-73.6681,-94.6493,11575.163798864416,366,1.0013689260344547
Y1.TURK,3.127577,38.27457,YT.RMBO,-83.8714,-66.3959,10525.743475751613,841,1.5179293755116197
Y2.GUGE,31.4769,79.664101,Y2.NOCO,33.719398,80.389801,258.4532363883714,111,0.5514613214370486
Y2.GUGE,31.4769,79.664101,Y2.PURG,30.198799,81.275299,209.42393362351513,1406,1.9626652273173202
Y2.GUGE,31.4769,79.664101,Y2.WT06,32.226398,82.261299,259.0693736860577,613,1.2959367479913981
Y2.GUGE,31.4769,79.664101,Y2.WT12,32.461102,80.8218,154.6029615044862,123,0.5805052121814782
Y2.GUGE,31.4769,79.664101,Y5.FMC,56.650002,-111.5,10159.288069915488,623,1.3064644331433188
Y2.GUGE,31.4769,79.664101,YP.NE61,44.849098,115.991798,3469.2028131480038,492,1.1610104243629564
Y2.GUGE,31.4769,79.664101,YP.NE7D,45.342098,128.742905,4467.3780718467715,497,1.166894954833741
Y2.GUGE,31.4769,79.664101,YP.NE8B,46.207199,126.056297,4266.74934694684,455,1.1165013848919998
Y2.GUGE,31.4769,79.664101,YP.NE8I,45.994301,133.655807,4850.585923189435,424,1.0777958227866902
Y2.GUGE,31.4769,79.664101,YP.NEAD,47.581402,133.5802,4846.939104007525,500,1.1704114719613057
Y2.GUGE,31.4769,79.664101,YT.ST04,-80.7152,-116.5792,14494.000201718476,450,1.110349815296408
Y2.GUGE,31.4769,79.664101,Z6.13,29.351299,155.244003,7097.394753273397,367,1.0027359832252927
Y2.GUGE,31.4769,79.664101,Z6.16,27.7988,155.108505,7153.67148388978,365,1.0
Y2.GUGE,31.4769,79.664101,ZM.N173,-81.112198,77.473602,12520.018204860153,501,1.1715812988120062
Y2.GUGE,31.4769,79.664101,ZU.NZ01,-44.4981,165.001602,12059.416145735007,370,1.0068260178089292
Y2.GUGE,31.4769,79.664101,ZU.NZ22,-44.500599,173.998703,12712.728044755593,368,1.0041011792056576
Y2.NOCO,33.719398,80.389801,Y2.PURG,30.198799,81.275299,400.2814438403903,111,0.5514613214370486
Y2.PURG,30.198799,81.275299,Y2.WT06,32.226398,82.261299,244.17672072181287,610,1.2927617246470167
Y2.PURG,30.198799,81.275299,Y2.WT12,32.461102,80.8218,255.21708692270278,123,0.5805052121814782
Y2.PURG,30.198799,81.275299,Y5.FMC,56.650002,-111.5,10282.926688794463,610,1.2927617246470167
Y2.PURG,30.198799,81.275299,YP.NE61,44.849098,115.991798,3431.695345796898,489,1.1574653460891433
Y2.PURG,30.198799,81.275299,YP.NE7D,45.342098,128.742905,4423.85245831782,494,1.1633678083625345
Y2.PURG,30.198799,81.275299,YP.NE8B,46.207199,126.056297,4229.18270140197,455,1.1165013848919998
Y2.PURG,30.198799,81.275299,YP.NE8I,45.994301,133.655807,4809.709073032985,424,1.0777958227866902
Y2.PURG,30.198799,81.275299,YP.NEAD,47.581402,133.5802,4814.371930993639,497,1.166894954833741
Y2.PURG,30.198799,81.275299,YT.ST04,-80.7152,-116.5792,14342.697846750521,447,1.1066424599872242
Y2.PURG,30.198799,81.275299,Z6.13,29.351299,155.244003,7000.956639300763,367,1.0027359832252927
Y2.PURG,30.198799,81.275299,Z6.16,27.7988,155.108505,7051.9131339677015,365,1.0
Y2.PURG,30.198799,81.275299,ZM.N173,-81.112198,77.473602,12379.244805210285,497,1.166894954833741
Y2.WT06,32.226398,82.261299,Y2.WT12,32.461102,80.8218,137.72571406995874,117,0.5661695375110528
Y2.WT06,32.226398,82.261299,Y5.FMC,56.650002,-111.5,10047.438466986683,384,1.0256972236096518
Y2.WT06,32.226398,82.261299,YP.NE61,44.849098,115.991798,3221.395950618693,495,1.1645447108469662
Y2.WT06,32.226398,82.261299,YP.NE7D,45.342098,128.742905,4217.756671952033,500,1.1704114719613057
Y2.WT06,32.226398,82.261299,YP.NE8B,46.207199,126.056297,4019.2271184532524,455,1.1165013848919998
Y2.WT06,32.226398,82.261299,YP.NE8I,45.994301,133.655807,4602.003720493594,424,1.0777958227866902
Y2.WT06,32.226398,82.261299,YP.NEAD,47.581402,133.5802,4601.559602189613,503,1.1739174552671163
Y2.WT06,32.226398,82.261299,YT.ST04,-80.7152,-116.5792,14561.446578251047,453,1.114044833214067
Y2.WT06,32.226398,82.261299,Z6.13,29.351299,155.244003,6838.331816709418,367,1.0027359832252927
Y2.WT06,32.226398,82.261299,Z6.16,27.7988,155.108505,6894.66376998745,365,1.0
Y5.FMC,56.650002,-111.5,Y5.RW1,58.852901,-113.175903,264.34430870943254,407,1.0559680360459236
Y5.FMC,56.650002,-111.5,YP.NE61,44.849098,115.991798,7893.611815632162,445,1.1041639743225553
Y5.FMC,56.650002,-111.5,YP.NE7D,45.342098,128.742905,7369.08739207854,417,1.0688618963292955
Y5.FMC,56.650002,-111.5,YP.NEAD,47.581402,133.5802,6959.229938813593,453,1.114044833214067
Y5.FMC,56.650002,-111.5,YT.CLRK,-77.3231,-141.8485,15045.176934890871,374,1.0122536906559418
Y5.FMC,56.650002,-111.5,YT.ST04,-80.7152,-116.5792,15277.611676895696,381,1.021682737662899
Y5.FMC,56.650002,-111.5,ZD.FM09,-12.65027,-73.041481,8482.456957058565,405,1.0533703247651751
Y5.FMC,56.650002,-111.5,ZD.FS07,-13.46172,-71.9198,8609.978114828944,368,1.0041011792056576
Y5.RW1,58.852901,-113.175903,YT.CLRK,-77.3231,-141.8485,15271.545180811721,453,1.114044833214067
Y5.RW1,58.852901,-113.175903,ZD.FM09,-12.65027,-73.041481,8734.995217355316,560,1.2386470745706646
Y5.RW1,58.852901,-113.175903,ZD.FS07,-13.46172,-71.9198,8861.462431333828,502,1.1727499587522587
Y5.RW1,58.852901,-113.175903,ZG.CB14,-17.249399,-65.900902,9488.59420137633,499,1.1692404746976701
YB.AT06,39.6731,35.6665,YB.AT19,39.735199,33.5811,178.5319659263307,226,0.7868786959829202
YB.AT06,39.6731,35.6665,YB.AT39,36.932098,37.222599,333.64893986958214,170,0.6824612990181452
YB.AT06,39.6731,35.6665,YB.AT56,36.7019,35.546902,330.54802648796084,231,0.7955354877871679
YB.AT19,39.735199,33.5811,YB.AT39,36.932098,37.222599,444.9313381977419,165,0.6723502022908507
YB.AT19,39.735199,33.5811,YB.AT56,36.7019,35.546902,378.46419788204093,226,0.7868786959829202
YB.AT39,36.932098,37.222599,YB.AT56,36.7019,35.546902,151.3446878064676,177,0.6963702369065718
YB.AT56,36.7019,35.546902,YB.AT63,36.712502,33.472,184.9676041500266,153,0.6474396359443719
YC.SBC5,5.28637,116.88076,YC.SBF4,6.37312,117.620827,145.96052871328232,154,0.6495520057848934
YF.DUOK,44.113098,14.9318,YF.HVAR,43.177601,16.449,160.38219784403168,376,1.0149566425721692
YL.A14W,-20.6658,-178.155304,YL.B14W,-19.0427,-177.987701,181.32988708847165,320,0.9363291775690444
YL.A14W,-20.6658,-178.155304,YL.N01W,-19.0243,-175.485504,333.5884930255595,315,0.9289853059279986
YL.A14W,-20.6658,-178.155304,YL.S02W,-21.799101,-176.897995,181.2784170863694,272,0.8632528479258292
YL.A14W,-20.6658,-178.155304,Z1.VABL,-17.2465,-178.955994,389.41834264934687,199,0.7383803081421219
YL.A14W,-20.6658,-178.155304,Z1.VAVP,-18.601999,-173.961395,495.52613101647654,324,0.9421630606623846
YL.ARSL,40.955002,35.887001,YL.BEKI,41.314999,34.263,141.77256373031383,96,0.5128486118048259
YL.B14W,-19.0427,-177.987701,YL.N01W,-19.0243,-175.485504,263.02624568168164,315,0.9289853059279986
YL.B14W,-19.0427,-177.987701,YL.S02W,-21.799101,-176.897995,326.85215760561954,268,0.8568818911276312
YL.B14W,-19.0427,-177.987701,Z1.VABL,-17.2465,-178.955994,224.40766349341706,200,0.7402332101976052
YL.B14W,-19.0427,-177.987701,Z1.VAVP,-18.601999,-173.961395,426.5772465724362,325,0.9436158958517548
YL.N01W,-19.0243,-175.485504,YL.S02W,-21.799101,-176.897995,341.849850085133,268,0.8568818911276312
YL.N01W,-19.0243,-175.485504,Z1.VABL,-17.2465,-178.955994,416.59567249017147,190,0.7214900866993804
YL.N01W,-19.0243,-175.485504,Z1.VAVP,-18.601999,-173.961395,167.14989624487947,315,0.9289853059279986
YL.S02W,-21.799101,-176.897995,Z1.VABL,-17.2465,-178.955994,550.227696550621,147,0.6346177794762744
YL.S02W,-21.799101,-176.897995,Z1.VAVP,-18.601999,-173.961395,469.31511085861536,272,0.8632528479258292
YL.WKZ15,43.36841,54.59763,YT.LPLY,-73.1142,-90.2834,16243.13762915824,376,1.0149566425721692
YL.WKZ15,43.36841,54.59763,YT.RMBO,-83.8714,-66.3959,15153.672990662542,376,1.0149566425721692
YO.D03,34.3559,-74.488701,YO.X01,36.225201,-74.5793,208.01962396416818,358,0.9903645378385775
YO.D03,34.3559,-74.488701,YO.X03,35.893299,-72.719002,234.78534350648232,359,0.9917467639652858
YO.D03,34.3559,-74.488701,YO.X06,33.6507,-72.205704,224.57690348899433,361,0.994505452921406
YO.D03,34.3559,-74.488701,YO.X09,32.516899,-74.3536,204.8717015824947,359,0.9917467639652858
YO.D03,34.3559,-74.488701,YO.X10,33.047501,-76.059898,205.64510983882064,358,0.9903645378385775
YO.X01,36.225201,-74.5793,YO.X03,35.893299,-72.719002,171.24519613006603,353,0.9834242663628109
YO.X01,36.225201,-74.5793,YO.X06,33.6507,-72.205704,358.80847774493844,358,0.9903645378385775
YO.X01,36.225201,-74.5793,YO.X09,32.516899,-74.3536,412.86449519896627,355,0.9862062358989764
YO.X01,36.225201,-74.5793,YO.X10,33.047501,-76.059898,378.4038622392246,354,0.9848162334662391
YO.X03,35.893299,-72.719002,YO.X06,33.6507,-72.205704,253.7337345054952,356,0.9875942819566265
YO.X03,35.893299,-72.719002,YO.X09,32.516899,-74.3536,404.39416891111637,357,0.9889803798765787
YO.X03,35.893299,-72.719002,YO.X10,33.047501,-76.059898,440.3137722373418,357,0.9889803798765787
YO.X06,33.6507,-72.205704,YO.X09,32.516899,-74.3536,236.50707071471274,358,0.9903645378385775
YO.X06,33.6507,-72.205704,YO.X10,33.047501,-76.059898,364.20325575921095,357,0.9889803798765787
YO.X09,32.516899,-74.3536,YO.X10,33.047501,-76.059898,170.0731550414901,358,0.9903645378385775
YP.NE59,44.095901,125.961098,YP.NE61,44.849098,115.991798,794.9489956357038,127,0.5898688036160685
YP.NE59,44.095901,125.961098,YP.NE7D,45.342098,128.742905,259.8064564953322,151,0.6431940843454534
YP.NE59,44.095901,125.961098,YP.NE8B,46.207199,126.056297,234.8845626967101,187,0.7157714489439263
YP.NE59,44.095901,125.961098,YP.NE8I,45.994301,133.655807,640.0094341736345,187,0.7157714489439263
YP.NE59,44.095901,125.961098,YP.NEA3,47.562302,121.292,528.4310872931601,108,0.5439580966939495
YP.NE59,44.095901,125.961098,YP.NEA5,47.648602,124.036697,422.1677273809567,187,0.7157714489439263
YP.NE59,44.095901,125.961098,YP.NEAD,47.581402,133.5802,705.6007663642928,127,0.5898688036160685
YP.NE5D,44.107601,129.6008,YP.NE61,44.849098,115.991798,1081.5986174289055,116,0.5637448174290228
YP.NE5D,44.107601,129.6008,YP.NE7D,45.342098,128.742905,153.08816729244722,116,0.5637448174290228
YP.NE5D,44.107601,129.6008,YP.NEAD,47.581402,133.5802,494.0403287436475,116,0.5637448174290228
YP.NE61,44.849098,115.991798,YP.NE7D,45.342098,128.742905,1001.3552750487604,529,1.2038750219574914
YP.NE61,44.849098,115.991798,YP.NE81,46.069698,116.634697,144.6894323990683,109,0.54647061859381
YP.NE61,44.849098,115.991798,YP.NE83,46.2132,118.801102,266.2318220868747,96,0.5128486118048259
YP.NE61,44.849098,115.991798,YP.NE8B,46.207199,126.056297,797.843965206605,342,0.9679805273712189
YP.NE61,44.849098,115.991798,YP.NE8I,45.994301,133.655807,1381.6104475881186,311,0.9230681418619906
YP.NE61,44.849098,115.991798,YP.NEA3,47.562302,121.292,507.1378882102608,177,0.6963702369065718
YP.NE61,44.849098,115.991798,YP.NEA5,47.648602,124.036697,692.043814354075,217,0.7710515857873619
YP.NE61,44.849098,115.991798,YP.NEAB,47.602501,131.668396,1241.8202441981457,103,0.5312172632943303
YP.NE61,44.849098,115.991798,YP.NEAD,47.581402,133.5802,1383.7172594777765,583,1.263827628267638
YP.NE61,44.849098,115.991798,YT.ST04,-80.7152,-116.5792,15562.151898689623,434,1.090431609909769
YP.NE7D,45.342098,128.742905,YP.NE81,46.069698,116.634697,942.7820093645194,109,0.54647061859381
YP.NE7D,45.342098,128.742905,YP.NE83,46.2132,118.801102,776.5472729781382,96,0.5128486118048259
YP.NE7D,45.342098,128.742905,YP.NE8B,46.207199,126.056297,229.48110382750747,392,1.0363264942766475
YP.NE7D,45.342098,128.742905,YP.NE8I,45.994301,133.655807,388.51481678650913,356,0.9875942819566265
YP.NE7D,45.342098,128.742905,YP.NEA3,47.562302,121.292,621.5700380669648,201,0.7420814857593803
YP.NE7D,45.342098,128.742905,YP.NEA5,47.648602,124.036697,442.0914230294176,263,0.8488509558252729
YP.NE7D,45.342098,128.742905,YP.NEAB,47.602501,131.668396,336.6494759813207,103,0.5312172632943303
YP.NE7D,45.342098,128.742905,YP.NEAD,47.581402,133.5802,446.2775861584029,534,1.2095510318420373
YP.NE7D,45.342098,128.742905,YT.ST04,-80.7152,-116.5792,15404.256807090233,452,1.112814523801501
YP.NE81,46.069698,116.634697,YP.NE83,46.2132,118.801102,167.66610407320567,96,0.5128486118048259
YP.NE81,46.069698,116.634697,YP.NE8B,46.207199,126.056297,725.6603832474093,99,0.5208002272583305
YP.NE81,46.069698,116.634697,YP.NEA3,47.562302,121.292,391.2514518796317,102,0.5286322491056713
YP.NE81,46.069698,116.634697,YP.NEAB,47.602501,131.668396,1154.3229085386733,103,0.5312172632943303
YP.NE81,46.069698,116.634697,YP.NEAD,47.581402,133.5802,1297.5113797408908,106,0.5388979113933451
YP.NE83,46.2132,118.801102,YP.NEA3,47.562302,121.292,241.50716666002032,91,0.49931459871823364
YP.NE83,46.2132,118.801102,YP.NEAB,47.602501,131.668396,988.4145258424529,94,0.5074783212860846
YP.NE83,46.2132,118.801102,YP.NEAD,47.581402,133.5802,1131.4165543157924,95,0.5101705328640019
YP.NE8B,46.207199,126.056297,YP.NE8I,45.994301,133.655807,586.1896981311825,415,1.0662955975571986
YP.NE8B,46.207199,126.056297,YP.NEA3,47.562302,121.292,392.09462606185065,204,0.7475988961930329
YP.NE8B,46.207199,126.056297,YP.NEA5,47.648602,124.036697,221.8152239120456,324,0.9421630606623846
YP.NE8B,46.207199,126.056297,YP.NEAB,47.602501,131.668396,453.57343720385376,97,0.5155127783649347
YP.NE8B,46.207199,126.056297,YP.NEAD,47.581402,133.5802,591.5002769918373,353,0.9834242663628109
YP.NE8I,45.994301,133.655807,YP.NEA3,47.562302,121.292,956.4165747327507,165,0.6723502022908507
YP.NE8I,45.994301,133.655807,YP.NEA5,47.648602,124.036697,754.1079695020879,330,0.9508467747440151
YP.NE8I,45.994301,133.655807,YP.NEAD,47.581402,133.5802,176.57165268966236,322,0.9392506485608183
YP.NEA3,47.562302,121.292,YP.NEA5,47.648602,124.036697,205.98631051098585,108,0.5439580966939495
YP.NEA3,47.562302,121.292,YP.NEAB,47.602501,131.668396,777.7069593918778,100,0.5234239225902136
YP.NEA3,47.562302,121.292,YP.NEAD,47.581402,133.5802,920.8919954266756,177,0.6963702369065718
YP.NEA5,47.648602,124.036697,YP.NEAD,47.581402,133.5802,714.9453431378457,228,0.7903527910032173
YP.NEAB,47.602501,131.668396,YP.NEAD,47.581402,133.5802,143.38297479038005,103,0.5312172632943303
YP.NEAD,47.581402,133.5802,YT.ST04,-80.7152,-116.5792,15561.942707955734,442,1.100435779184587
YS.NGOK,22.122999,-159.664993,YS.PL08,20.892599,-153.292099,673.2737060348462,100,0.5234239225902136
YS.NGOK,22.122999,-159.664993,YS.PL14,18.7976,-153.992294,697.0049615685617,95,0.5101705328640019
YS.NGOK,22.122999,-159.664993,YS.PL21,17.180099,-154.691299,757.0397556767773,100,0.5234239225902136
YS.NGOK,22.122999,-159.664993,YS.PL27,18.000299,-155.714996,616.6488910085005,100,0.5234239225902136
YS.NGOK,22.122999,-159.664993,YS.PL37,19.8234,-160.047501,258.76933434601443,153,0.6474396359443719
YS.NGOK,22.122999,-159.664993,YS.PL39,21.956301,-161.314896,171.06088625331947,261,0.8456172261435341
YS.NGOK,22.122999,-159.664993,YS.PL41,24.573799,-158.933105,282.57196929434605,133,0.6036419150819761
YS.NGOK,22.122999,-159.664993,YS.PL43,26.776699,-155.765305,650.7260473390814,102,0.5286322491056713
YS.NGOK,22.122999,-159.664993,YS.PL44,25.5928,-152.765793,800.483323673221,173,0.6884566818179093
YS.NGOK,22.122999,-159.664993,YS.PL45,24.2006,-154.811996,547.2241105069285,327,0.9465148762480725
YS.NGOK,22.122999,-159.664993,YS.PL50,22.319901,-152.742706,712.8298573709532,251,0.829259448469966
YS.NGOK,22.122999,-159.664993,YS.PL59,16.989,-149.0009,1254.1552741876176,355,0.9862062358989764
YS.NGOK,22.122999,-159.664993,YS.PL62,14.6891,-151.6866,1179.165654351028,367,1.0027359832252927
YS.NGOK,22.122999,-159.664993,YS.PL63,14.7313,-153.967499,1017.8978271914884,242,0.8142565312173659
YS.NGOK,22.122999,-159.664993,YS.PL67,16.162001,-156.206604,755.753397677468,238,0.8074990987738302
YS.NGOK,22.122999,-159.664993,YS.PL68,14.6596,-157.8591,851.4478306500367,225,0.7851358838853205
YS.NGOK,22.122999,-159.664993,YS.PL69,16.3484,-157.700806,674.370967338195,240,0.8108848540793832
YS.NGOK,22.122999,-159.664993,YS.PL70,15.574,-158.982498,731.7443753074036,94,0.5074783212860846
YS.OLC5,-21.009501,-68.352997,ZD.FM09,-12.65027,-73.041481,1054.709891563023,117,0.5661695375110528
YS.OLC5,-21.009501,-68.352997,ZD.FS07,-13.46172,-71.9198,920.6534895786846,119,0.570988088545001
YS.OLC5,-21.009501,-68.352997,ZG.CB14,-17.249399,-65.900902,491.058397265654,110,0.5489716413565446
YS.PARW,-18.201099,-69.2677,ZD.FM03,-13.7229,-75.889503,865.3049058323436,106,0.5388979113933451
YS.PARW,-18.201099,-69.2677,ZD.FM09,-12.65027,-73.041481,737.8569888903539,185,0.7119335046677415
YS.PARW,-18.201099,-69.2677,ZD.FS07,-13.46172,-71.9198,598.4649083364438,185,0.7119335046677415
YS.PARW,-18.201099,-69.2677,ZG.CB14,-17.249399,-65.900902,371.9602461047382,185,0.7119335046677415
YS.PL08,20.892599,-153.292099,YS.PL14,18.7976,-153.992294,244.1921989933864,348,0.9764346662907081
YS.PL08,20.892599,-153.292099,YS.PL21,17.180099,-154.691299,438.21724957529614,361,0.994505452921406
YS.PL08,20.892599,-153.292099,YS.PL27,18.000299,-155.714996,409.81903175672056,362,0.995881931715707
YS.PL14,18.7976,-153.992294,YS.PL21,17.180099,-154.691299,194.45715630815184,345,0.972216786242685
YS.PL14,18.7976,-153.992294,YS.PL27,18.000299,-155.714996,202.2302328218513,346,0.973624776533266
YS.PL21,17.180099,-154.691299,YS.PL27,18.000299,-155.714996,141.74435165493003,365,1.0
YS.PL37,19.8234,-160.047501,YS.PL41,24.573799,-158.933105,540.5267729558285,133,0.6036419150819761
YS.PL37,19.8234,-160.047501,YS.PL43,26.776699,-155.765305,888.0714125208469,102,0.5286322491056713
YS.PL37,19.8234,-160.047501,YS.PL59,16.989,-149.0009,1207.0238880657769,106,0.5388979113933451
YS.PL37,19.8234,-160.047501,YS.PL62,14.6891,-151.6866,1055.177205836314,148,0.6367726847586935
YS.PL39,21.956301,-161.314896,YS.PL44,25.5928,-152.765793,959.0024500937838,133,0.6036419150819761
YS.PL39,21.956301,-161.314896,YS.PL45,24.2006,-154.811996,710.3773354376098,256,0.8374782761443419
YS.PL39,21.956301,-161.314896,YS.PL50,22.319901,-152.742706,883.7208158650798,251,0.829259448469966
YS.PL39,21.956301,-161.314896,YS.PL59,16.989,-149.0009,1403.3674108268292,249,0.8259490182946632
YS.PL39,21.956301,-161.314896,YS.PL62,14.6891,-151.6866,1297.6331366034876,219,0.7745966692414834
YS.PL39,21.956301,-161.314896,YS.PL63,14.7313,-153.967499,1116.087816269717,242,0.8142565312173659
YS.PL39,21.956301,-161.314896,YS.PL67,16.162001,-156.206604,838.4537853548471,238,0.8074990987738302
YS.PL39,21.956301,-161.314896,YS.PL68,14.6596,-157.8591,889.465387439818,225,0.7851358838853205
YS.PL39,21.956301,-161.314896,YS.PL69,16.3484,-157.700806,729.9276274860789,240,0.8108848540793832
YS.PL39,21.956301,-161.314896,YS.PL70,15.574,-158.982498,750.9087092755965,94,0.5074783212860846
YS.PL41,24.573799,-158.933105,YS.PL43,26.776699,-155.765305,400.9480209045775,100,0.5234239225902136
YS.PL41,24.573799,-158.933105,YS.PL59,16.989,-149.0009,1332.2619072109226,106,0.5388979113933451
YS.PL41,24.573799,-158.933105,YS.PL62,14.6891,-151.6866,1334.9197592426885,133,0.6036419150819761
YS.PL43,26.776699,-155.765305,YS.PL62,14.6891,-151.6866,1409.078757503098,102,0.5286322491056713
YS.PL44,25.5928,-152.765793,YS.PL45,24.2006,-154.811996,257.98176245278,151,0.6431940843454534
YS.PL44,25.5928,-152.765793,YS.PL50,22.319901,-152.742706,363.93782512956795,127,0.5898688036160685
YS.PL44,25.5928,-152.765793,YS.PL59,16.989,-149.0009,1032.9580529491132,151,0.6431940843454534
YS.PL44,25.5928,-152.765793,YS.PL62,14.6891,-151.6866,1217.6388683531843,159,0.6600124531826383
YS.PL44,25.5928,-152.765793,YS.PL63,14.7313,-153.967499,1214.2143987360716,118,0.5685839174940466
YS.PL44,25.5928,-152.765793,YS.PL67,16.162001,-156.206604,1107.726448972437,114,0.5588638180480892
YS.PL44,25.5928,-152.765793,YS.PL68,14.6596,-157.8591,1326.468838974434,113,0.5564072619007505
YS.PL44,25.5928,-152.765793,YS.PL69,16.3484,-157.700806,1148.1975461843126,116,0.5637448174290228
YS.PL45,24.2006,-154.811996,YS.PL50,22.319901,-152.742706,297.34324545137883,251,0.829259448469966
YS.PL45,24.2006,-154.811996,YS.PL59,16.989,-149.0009,1004.0792608209765,318,0.9333985626260246
YS.PL45,24.2006,-154.811996,YS.PL62,14.6891,-151.6866,1107.0839315486714,290,0.8913588210957502
YS.PL45,24.2006,-154.811996,YS.PL63,14.7313,-153.967499,1056.6436765163935,242,0.8142565312173659
YS.PL45,24.2006,-154.811996,YS.PL67,16.162001,-156.206604,905.5988256758701,238,0.8074990987738302
YS.PL45,24.2006,-154.811996,YS.PL68,14.6596,-157.8591,1107.8379459315088,225,0.7851358838853205
YS.PL45,24.2006,-154.811996,YS.PL69,16.3484,-157.700806,923.5474023286745,240,0.8108848540793832
YS.PL45,24.2006,-154.811996,YS.PL70,15.574,-158.982498,1053.4662306468092,94,0.5074783212860846
YS.PL50,22.319901,-152.742706,YS.PL59,16.989,-149.0009,710.4555927360773,249,0.8259490182946632
YS.PL50,22.319901,-152.742706,YS.PL62,14.6891,-151.6866,855.7698589628035,219,0.7745966692414834
YS.PL50,22.319901,-152.742706,YS.PL63,14.7313,-153.967499,853.619810061974,242,0.8142565312173659
YS.PL50,22.319901,-152.742706,YS.PL67,16.162001,-156.206604,775.1891043967925,238,0.8074990987738302
YS.PL50,22.319901,-152.742706,YS.PL68,14.6596,-157.8591,1007.9971125552651,225,0.7851358838853205
YS.PL50,22.319901,-152.742706,YS.PL69,16.3484,-157.700806,843.3131524341866,240,0.8108848540793832
YS.PL50,22.319901,-152.742706,YS.PL70,15.574,-158.982498,996.2937577217699,94,0.5074783212860846
YS.PL59,16.989,-149.0009,YS.PL62,14.6891,-151.6866,384.6127732963231,325,0.9436158958517548
YS.PL59,16.989,-149.0009,YS.PL63,14.7313,-153.967499,587.5189820983037,242,0.8142565312173659
YS.PL59,16.989,-149.0009,YS.PL67,16.162001,-156.206604,773.3799598351492,238,0.8074990987738302
YS.PL59,16.989,-149.0009,YS.PL68,14.6596,-157.8591,982.2739153911998,225,0.7851358838853205
YS.PL59,16.989,-149.0009,YS.PL69,16.3484,-157.700806,929.3907105593569,240,0.8108848540793832
YS.PL59,16.989,-149.0009,YS.PL70,15.574,-158.982498,1076.8097889425756,94,0.5074783212860846
YS.PL62,14.6891,-151.6866,YS.PL63,14.7313,-153.967499,245.3554022761107,218,0.7728261602537809
YS.PL62,14.6891,-151.6866,YS.PL67,16.162001,-156.206604,511.4063262679481,214,0.765703186530534
YS.PL62,14.6891,-151.6866,YS.PL68,14.6596,-157.8591,663.9511728976283,201,0.7420814857593803
YS.PL62,14.6891,-151.6866,YS.PL69,16.3484,-157.700806,670.2174311170493,216,0.7692729177072388
YS.PL63,14.7313,-153.967499,YS.PL67,16.162001,-156.206604,287.9180815803873,238,0.8074990987738302
YS.PL63,14.7313,-153.967499,YS.PL68,14.6596,-157.8591,418.64219129196465,225,0.7851358838853205
YS.PL63,14.7313,-153.967499,YS.PL69,16.3484,-157.700806,438.4927927518616,240,0.8108848540793832
YS.PL63,14.7313,-153.967499,YS.PL70,15.574,-158.982498,546.3336623740986,94,0.5074783212860846
YS.PL67,16.162001,-156.206604,YS.PL68,14.6596,-157.8591,243.48739408054502,225,0.7851358838853205
YS.PL67,16.162001,-156.206604,YS.PL69,16.3484,-157.700806,160.84662038036532,238,0.8074990987738302
YS.PL67,16.162001,-156.206604,YS.PL70,15.574,-158.982498,304.0140171437535,94,0.5074783212860846
YS.PL68,14.6596,-157.8591,YS.PL69,16.3484,-157.700806,188.55059539311702,225,0.7851358838853205
YS.PL69,16.3484,-157.700806,YS.PL70,15.574,-158.982498,161.83284454961984,94,0.5074783212860846
YS.SARA,-8.7873,121.1043,YS.SAVU,-10.5476,121.8613,212.59781400505273,202,0.7439251693108968
YT.CLRK,-77.3231,-141.8485,YT.DEVL,-81.4755,161.973,1178.1113445123349,227,0.7886176565479485
YT.CLRK,-77.3231,-141.8485,YT.MILR,-83.3063,156.2517,1243.2170695375366,318,0.9333985626260246
YT.CLRK,-77.3231,-141.8485,YT.RMBO,-83.8714,-66.3959,1400.6105122567292,237,0.8058008863814625
YT.CLRK,-77.3231,-141.8485,YT.ST04,-80.7152,-116.5792,646.238708447519,289,0.8898206684033633
YT.CLRK,-77.3231,-141.8485,YT.THUR,-72.5301,-97.5606,1345.4858073660434,625,1.3085598064755342
YT.CLRK,-77.3231,-141.8485,YT.UPTW,-77.5781,-109.0374,782.913862881916,191,0.7233862531406556
YT.CLRK,-77.3231,-141.8485,ZD.FM03,-13.7229,-75.889503,7943.797101414368,526,1.200456534161466
YT.CLRK,-77.3231,-141.8485,ZD.FM09,-12.65027,-73.041481,8125.914351947523,454,1.1152737854169963
YT.CLRK,-77.3231,-141.8485,ZD.FS07,-13.46172,-71.9198,8063.916491502058,410,1.0598526648703945
YT.CLRK,-77.3231,-141.8485,ZG.CB14,-17.249399,-65.900902,7796.048458268808,399,1.0455384665001604
YT.DEVL,-81.4755,161.973,YT.RMBO,-83.8714,-66.3959,1489.7026705593273,330,0.9508467747440151
YT.DEVL,-81.4755,161.973,ZM.N173,-81.112198,77.473602,1299.395643213522,135,0.6081636405595373
YT.DEVL,-81.4755,161.973,ZM.N190,-80.327499,69.431,1461.8950838534943,229,0.7920841244930822
YT.DUFK,-82.8619,-53.2006,YT.MA07,-78.2496,-93.4991,866.9273770698439,356,0.9875942819566265
YT.DUFK,-82.8619,-53.2006,YT.MA09,-79.8993,-104.9977,885.8755305204081,353,0.9834242663628109
YT.DUFK,-82.8619,-53.2006,YT.RMBO,-83.8714,-66.3959,202.57677721783827,346,0.973624776533266
YT.DUFK,-82.8619,-53.2006,YY.ABMD,11.8317,35.5825,11296.038953849533,365,1.0
YT.DUFK,-82.8619,-53.2006,YY.CHGE,10.9614,36.518398,11212.967395278687,365,1.0
YT.HOWD,-77.5286,-86.7694,YT.MCRG,-73.6681,-94.6493,480.4783038482785,184,0.7100067528137292
YT.HOWD,-77.5286,-86.7694,YT.RMBO,-83.8714,-66.3959,784.0797054817116,184,0.7100067528137292
YT.HOWD,-77.5286,-86.7694,YT.UPTW,-77.5781,-109.0374,530.5015578214662,129,0.5944952964778162
YT.LPLY,-73.1142,-90.2834,YT.MCRG,-73.6681,-94.6493,151.77331699469707,365,1.0
YT.LPLY,-73.1142,-90.2834,YT.MTAK,-76.3157,-112.7986,743.3128546280723,146,0.6324555320336759
YT.LPLY,-73.1142,-90.2834,YT.RMBO,-83.8714,-66.3959,1283.6557467930566,1078,1.718553070910016
YT.LPLY,-73.1142,-90.2834,Z7.LA01,31.9874,-93.8349,11689.903209166969,541,1.2174529891629975
YT.MA07,-78.2496,-93.4991,YT.MA09,-79.8993,-104.9977,303.07825420503457,603,1.2853228366914469
YT.MA07,-78.2496,-93.4991,YT.RMBO,-83.8714,-66.3959,764.8370771508276,661,1.345718731425549
YT.MA07,-78.2496,-93.4991,YT.THRO,-79.127296,-28.317499,1351.2348201605862,94,0.5074783212860846
YT.MA07,-78.2496,-93.4991,YY.ABMD,11.8317,35.5825,12125.860574633689,410,1.0598526648703945
YT.MA07,-78.2496,-93.4991,YY.NEKE,9.089,36.523701,11842.031888741156,390,1.0336794235569031
YT.MA09,-79.8993,-104.9977,YT.RMBO,-83.8714,-66.3959,726.4184417959142,578,1.258396457335929
YT.MA09,-79.8993,-104.9977,YY.ABMD,11.8317,35.5825,12180.302239993867,407,1.0559680360459236
YT.MA09,-79.8993,-104.9977,YY.NEKE,9.089,36.523701,11889.335952712412,387,1.0296960583603008
YT.MCRG,-73.6681,-94.6493,YT.MTAK,-76.3157,-112.7986,596.3189391751121,282,0.878978236207261
YT.MCRG,-73.6681,-94.6493,YT.RMBO,-83.8714,-66.3959,1256.6959020205372,1296,1.8843261213247693
YT.MCRG,-73.6681,-94.6493,YT.THUR,-72.5301,-97.5606,157.66380304011395,132,0.6013683028032308
YT.MCRG,-73.6681,-94.6493,YT.UPTW,-77.5781,-109.0374,585.8438531859305,202,0.7439251693108968
YT.MILR,-83.3063,156.2517,YT.ST04,-80.7152,-116.5792,1240.6201724789905,253,0.8325567157446434
YT.MILR,-83.3063,156.2517,ZM.P061,-84.499603,77.223801,867.8345968527932,333,0.9551590271380404
YT.MTAK,-76.3157,-112.7986,YT.RMBO,-83.8714,-66.3959,1159.7401853291315,563,1.2419604476088026
YT.MTAK,-76.3157,-112.7986,YT.THUR,-72.5301,-97.5606,616.5381263419844,117,0.5661695375110528
YT.RMBO,-83.8714,-66.3959,YT.STEW,-84.1863,-86.2349,230.94331901069046,290,0.8913588210957502
YT.RMBO,-83.8714,-66.3959,YT.THUR,-72.5301,-97.5606,1403.0702700663321,555,1.2331050016951028
YT.RMBO,-83.8714,-66.3959,YT.UPTW,-77.5781,-109.0374,992.0177296111939,202,0.7439251693108968
YT.RMBO,-83.8714,-66.3959,YU.MD04,10.8953,-74.1514,10543.721675518029,616,1.2991040115697867
YT.RMBO,-83.8714,-66.3959,YU.NL02,9.2491,-70.2202,10356.038564924118,461,1.1238388223540496
YT.RMBO,-83.8714,-66.3959,YU.SL02,7.6943,-71.0365,10183.865857216071,572,1.2518479491021395
YT.RMBO,-83.8714,-66.3959,YY.ABMD,11.8317,35.5825,11457.025326755334,603,1.2853228366914469
YT.RMBO,-83.8714,-66.3959,YY.CHGE,10.9614,36.518398,11371.705964429215,620,1.3033150566867173
YT.RMBO,-83.8714,-66.3959,YY.NEKE,9.089,36.523701,11164.74190232876,669,1.353837771791276
YT.RMBO,-83.8714,-66.3959,Z7.LA01,31.9874,-93.8349,12955.250284208318,514,1.186684110486945
YT.RMBO,-83.8714,-66.3959,ZC.HMDR,18.7879,-69.381,11416.104625308217,387,1.0296960583603008
YT.RMBO,-83.8714,-66.3959,ZE.BULG,61.126701,-151.091202,16677.90400928121,474,1.1395745420929257
YT.SILY,-77.1332,-125.966,YT.SIPL,-81.6405,-148.9553,678.4034919274218,149,0.6389203221702936
YT.SILY,-77.1332,-125.966,YT.ST01,-83.228,-98.7418,834.2626086694438,114,0.5588638180480892
YT.SILY,-77.1332,-125.966,YT.ST04,-80.7152,-116.5792,444.66484514463986,140,0.6193235372853323
YT.SILY,-77.1332,-125.966,YT.WAIS,-79.4181,-111.7779,407.2645763266808,151,0.6431940843454534
YT.SIPL,-81.6405,-148.9553,YT.ST01,-83.228,-98.7418,729.9665440732256,218,0.7728261602537809
YT.SIPL,-81.6405,-148.9553,YT.ST04,-80.7152,-116.5792,553.8793709858644,286,0.8851901738245949
YT.SIPL,-81.6405,-148.9553,YT.WAIS,-79.4181,-111.7779,708.5579961164972,311,0.9230681418619906
YT.ST01,-83.228,-98.7418,YT.ST04,-80.7152,-116.5792,390.3182785179937,225,0.7851358838853205
YT.ST01,-83.228,-98.7418,YT.WAIS,-79.4181,-111.7779,474.1466822514561,225,0.7851358838853205
YT.ST04,-80.7152,-116.5792,YT.THUR,-72.5301,-97.5606,1021.6765219097099,108,0.5439580966939495
YT.ST04,-80.7152,-116.5792,YT.UPTW,-77.5781,-109.0374,382.1888127767007,173,0.6884566818179093
YT.ST04,-80.7152,-116.5792,YT.WAIS,-79.4181,-111.7779,171.00778440483367,306,0.9156179139704299
YT.THUR,-72.5301,-97.5606,YT.UPTW,-77.5781,-109.0374,648.1113329347513,101,0.5260345319150856
YU.MD04,10.8953,-74.1514,YU.NL02,9.2491,-70.2202,467.68485332199714,468,1.1323390750221056
YU.MD04,10.8953,-74.1514,YU.SL02,7.6943,-71.0365,493.4503442466028,507,1.1785758761702239
YU.MD04,10.8953,-74.1514,YU.SL09,8.9599,-72.6846,268.5564035520778,270,0.8600732686214938
YU.MD04,10.8953,-74.1514,ZC.HMDR,18.7879,-69.381,1016.174626813826,110,0.5489716413565446
YU.NL02,9.2491,-70.2202,YU.SL02,7.6943,-71.0365,194.8055241471743,390,1.0336794235569031
YU.NL02,9.2491,-70.2202,YU.SL09,8.9599,-72.6846,272.48018120195326,210,0.7585133260223084
YU.SL02,7.6943,-71.0365,YU.SL09,8.9599,-72.6846,229.52796826219227,165,0.6723502022908507
YY.ABMD,11.8317,35.5825,YY.CHGE,10.9614,36.518398,140.61269591286202,568,1.247463179240832
YY.ABMD,11.8317,35.5825,YY.DAQU,13.1448,37.897598,290.66414272623206,144,0.6281087071082564
YY.ABMD,11.8317,35.5825,YY.GORE,8.1501,35.533001,409.41167947476856,203,0.7457642949093526
YY.ABMD,11.8317,35.5825,YY.MGNA,12.7864,36.404301,138.70880939353833,191,0.7233862531406556
YY.ABMD,11.8317,35.5825,YY.NEKE,9.089,36.523701,321.8685942817375,602,1.2842566209652768
YY.CHGE,10.9614,36.518398,YY.DAQU,13.1448,37.897598,285.36715453381095,154,0.6495520057848934
YY.CHGE,10.9614,36.518398,YY.GORE,8.1501,35.533001,330.74601082912017,274,0.8664207589311612
YY.CHGE,10.9614,36.518398,YY.MGNA,12.7864,36.404301,203.3104296029639,198,0.7365227446757211
YY.CHGE,10.9614,36.518398,YY.NEKE,9.089,36.523701,208.20247787036834,628,1.3116965903765547
YY.DAQU,13.1448,37.897598,YY.NEKE,9.089,36.523701,475.23485360586926,154,0.6495520057848934
YY.GORE,8.1501,35.533001,YY.MGNA,12.7864,36.404301,524.257836721761,159,0.6600124531826383
YY.GORE,8.1501,35.533001,YY.NEKE,9.089,36.523701,150.8712874648537,284,0.8820896733217218
YY.MGNA,12.7864,36.404301,YY.NEKE,9.089,36.523701,411.3392121102338,198,0.7365227446757211
Z1.VABL,-17.2465,-178.955994,Z1.VAVP,-18.601999,-173.961395,549.4643285829272,230,0.7938116818876942
Z6.13,29.351299,155.244003,Z6.16,27.7988,155.108505,173.1365202901837,365,1.0
Z7.LA01,31.9874,-93.8349,ZT.WEST,40.416389,-86.7725,1130.4688821167967,204,0.7475988961930329
Z8.320,36.0107,112.366096,Z8.341,36.0462,109.201599,284.58618271483584,275,0.8680003787638843
Z8.320,36.0107,112.366096,Z8.356,36.036201,106.672401,511.98002688908656,167,0.6764127782466431
Z8.320,36.0107,112.366096,Z8.365,35.987999,105.131699,650.6577713433458,488,1.156281238008238
Z8.320,36.0107,112.366096,Z8.373,35.941299,103.562599,791.9603496359904,487,1.1550959160790353
Z8.341,36.0462,109.201599,Z8.356,36.036201,106.672401,227.40078610874713,129,0.5944952964778162
Z8.341,36.0462,109.201599,Z8.365,35.987999,105.131699,366.0740998879144,273,0.8648382539408465
Z8.341,36.0462,109.201599,Z8.373,35.941299,103.562599,507.3805219761007,272,0.8632528479258292
Z8.356,36.036201,106.672401,Z8.365,35.987999,105.131699,138.68045471871892,163,0.6682629291422302
Z8.356,36.036201,106.672401,Z8.373,35.941299,103.562599,279.9806726850672,162,0.6662098891778447
Z8.365,35.987999,105.131699,Z8.373,35.941299,103.562599,141.31137049808456,498,1.1680683035010562
ZC.HMDR,18.7879,-69.381,ZC.SODR,19.7524,-70.5763,165.05428752392282,122,0.578140619004119
ZD.FM03,-13.7229,-75.889503,ZD.FM09,-12.65027,-73.041481,330.59386769321713,166,0.6743845494582044
ZD.FM03,-13.7229,-75.889503,ZD.FS07,-13.46172,-71.9198,430.0252570360588,184,0.7100067528137292
ZD.FM03,-13.7229,-75.889503,ZG.CB14,-17.249399,-65.900902,1139.6416672972948,166,0.6743845494582044
ZD.FM09,-12.65027,-73.041481,ZD.FS07,-13.46172,-71.9198,151.33920370921933,499,1.1692404746976701
ZD.FM09,-12.65027,-73.041481,ZG.CB14,-17.249399,-65.900902,921.7224491235952,499,1.1692404746976701
ZD.FM09,-12.65027,-73.041481,ZG.CB34,-14.4346,-67.538803,627.0362181580244,94,0.5074783212860846
ZD.FS07,-13.46172,-71.9198,ZG.CB14,-17.249399,-65.900902,770.5109146306929,492,1.1610104243629564
ZD.G01,-4.4516,-106.260498,ZD.Q10,-3.7113,-102.714302,401.83828262416426,153,0.6474396359443719
ZE.BULG,61.126701,-151.091202,ZE.HOLG,59.835098,-149.769608,160.83195546163418,97,0.5155127783649347
ZL.I02,25.684299,-110.099602,ZL.N06,27.174299,-111.153603,196.12126775677595,355,0.9862062358989764
ZL.I02,25.684299,-110.099602,ZL.S05,23.347799,-108.094299,329.619425177847,355,0.9862062358989764
ZL.N06,27.174299,-111.153603,ZL.S05,23.347799,-108.094299,525.0002212895058,354,0.9848162334662391
ZM.N173,-81.112198,77.473602,ZM.N190,-80.327499,69.431,168.34978459199874,144,0.6281087071082564
ZU.NZ01,-44.4981,165.001602,ZU.NZ04,-41.999298,165.502396,280.7976817799802,315,0.9289853059279986
ZU.NZ01,-44.4981,165.001602,ZU.NZ05,-40.6493,167.251007,465.87126646263727,361,0.994505452921406
ZU.NZ01,-44.4981,165.001602,ZU.NZ18,-41.000198,170.0,563.5839926750117,356,0.9875942819566265
ZU.NZ01,-44.4981,165.001602,ZU.NZ21,-39.5005,170.000107,692.1007340474249,354,0.9848162334662391
ZU.NZ01,-44.4981,165.001602,ZU.NZ22,-44.500599,173.998703,713.2070047440876,358,0.9903645378385775
ZU.NZ01,-44.4981,165.001602,ZU.NZ26,-46.997898,174.498398,786.9411437613778,247,0.82262526630728
ZU.NZ04,-41.999298,165.502396,ZU.NZ05,-40.6493,167.251007,209.40755529850557,314,0.927509553914535
ZU.NZ04,-41.999298,165.502396,ZU.NZ18,-41.000198,170.0,390.63516767410306,310,0.9215829146057074
ZU.NZ04,-41.999298,165.502396,ZU.NZ21,-39.5005,170.000107,469.7290890511413,309,0.9200952898834737
ZU.NZ04,-41.999298,165.502396,ZU.NZ22,-44.500599,173.998703,741.7507543035257,305,0.9141205819563217
ZU.NZ04,-41.999298,165.502396,ZU.NZ26,-46.997898,174.498398,903.4545351796392,247,0.82262526630728
ZU.NZ05,-40.6493,167.251007,ZU.NZ18,-41.000198,170.0,234.56508220370725,356,0.9875942819566265
ZU.NZ05,-40.6493,167.251007,ZU.NZ21,-39.5005,170.000107,266.500707879112,354,0.9848162334662391
ZU.NZ05,-40.6493,167.251007,ZU.NZ22,-44.500599,173.998703,698.6477311662328,352,0.9820303262342949
ZU.NZ05,-40.6493,167.251007,ZU.NZ26,-46.997898,174.498398,913.7119424345652,247,0.82262526630728
ZU.NZ18,-41.000198,170.0,ZU.NZ21,-39.5005,170.000107,166.75903968326966,354,0.9848162334662391
ZU.NZ18,-41.000198,170.0,ZU.NZ22,-44.500599,173.998703,507.9023613631377,351,0.9806344046669169
ZU.NZ18,-41.000198,170.0,ZU.NZ26,-46.997898,174.498398,757.4720173868636,247,0.82262526630728
ZU.NZ21,-39.5005,170.000107,ZU.NZ22,-44.500599,173.998703,646.559140695377,350,0.9792364931869324
ZU.NZ21,-39.5005,170.000107,ZU.NZ26,-46.997898,174.498398,909.4070771458154,247,0.82262526630728
ZU.NZ22,-44.500599,173.998703,ZU.NZ26,-46.997898,174.498398,280.3793261548225,247,0.82262526630728
ZV.LORI,32.489201,102.437401,ZV.MAQU,34.0023,102.046799,172.12510524341369,280,0.8758557459257962
