key,in_manifest,has_json,package_ok,h5_on_disk,h5_bytes,h5_age_hours,h5_nlink,json_days,json_h5_bytes,klass
12.OBS21,True,True,False,False,0,,,,,reported_no_data
17.S20,True,True,False,False,0,,,,,reported_no_data
1A.NE00,True,True,False,False,0,,,,,reported_no_data
1A.NE26,True,True,True,True,324640327,46.84,2.0,85.0,324640327.0,delivered
1A.NE48,True,True,True,True,348111083,46.49,2.0,361.0,348111083.0,delivered
1C.NASO,True,True,True,True,211118250,47.68,2.0,219.0,211118250.0,delivered
1D.ATOL,True,True,True,True,346677856,46.49,2.0,356.0,346677856.0,delivered
1D.BREN,True,True,True,True,352068853,46.9,2.0,364.0,352068853.0,delivered
1D.ELSW,True,True,True,True,350099726,46.52,2.0,360.0,350099726.0,delivered
1D.FOWL,True,True,False,False,0,,,,,reported_no_data
1D.KIBB,True,True,True,True,335986625,45.9,2.0,349.0,335986625.0,delivered
1D.PIG3,True,True,True,True,21952932,46.1,2.0,23.0,21952932.0,delivered
1D.ROTH,True,True,True,True,360382922,46.69,2.0,369.0,360382922.0,delivered
1D.WELC,True,True,True,True,345068402,47.06,2.0,354.0,345068402.0,delivered
1E.CNF,True,True,True,True,28459012,23.21,1.0,89.0,28459012.0,delivered
1E.TQF,True,True,False,False,0,,,,,reported_no_data
1E.WHI,True,True,False,False,0,,,,,reported_no_data
1F.ANIM,True,True,False,False,0,,,,,reported_no_data
1G.EA29,True,True,True,True,138154283,73.67,2.0,143.0,138154283.0,delivered
1G.NOP01,True,True,True,True,20996995,46.11,2.0,48.0,20996995.0,delivered
1G.WA05,True,True,True,True,149178783,61.4,2.0,154.0,149178783.0,delivered
1G.WA08,True,True,True,True,145861165,70.7,2.0,151.0,145861165.0,delivered
1G.WA17,True,True,True,True,135683580,79.28,2.0,140.0,135683580.0,delivered
1G.WA20,True,True,True,True,135157155,78.8,2.0,140.0,135157155.0,delivered
1G.WOP01,True,True,False,False,0,,,,,reported_no_data
1G.WOP11,True,True,True,True,348361057,46.54,2.0,360.0,348361057.0,delivered
1G.WOP23,True,True,True,True,227472812,47.32,2.0,235.0,227472812.0,delivered
1J.TI4A,True,True,True,True,34790176,114.69,2.0,37.0,34790176.0,delivered
1K.GIAN,True,True,False,False,0,,,,,reported_no_data
1L.ST30,True,True,False,False,0,,,,,reported_no_data
1L.TIS1,True,True,False,False,0,,,,,reported_no_data
1P.CURI,True,True,True,True,121597745,45.61,2.0,79.0,121597745.0,delivered
1P.EIDA,True,True,False,False,0,,,,,reported_no_data
1P.GUMN,True,True,True,True,7738790,45.73,2.0,18.0,7738790.0,delivered
1P.LVAN,True,True,True,True,29968753,22.89,1.0,28.0,29968753.0,delivered
1P.MAMA,True,True,True,True,657970847,46.67,2.0,108.0,657970847.0,delivered
1P.OHRS,True,True,True,True,177453964,46.01,2.0,267.0,177453964.0,delivered
1P.PMOR,True,True,True,True,102542388,45.72,2.0,54.0,102542388.0,delivered
1R.BHP8,True,True,True,True,660303,23.2,1.0,2.0,660303.0,delivered
1U.PAE,True,True,False,False,0,,,,,reported_no_data
1U.RUC,True,True,False,False,0,,,,,reported_no_data
1U.SHRD,True,True,True,True,8068923,45.53,2.0,23.0,8068923.0,delivered
2A.28,True,True,True,True,14401048,124.58,2.0,15.0,14401048.0,delivered
2A.30,True,True,True,True,342623885,46.8,2.0,354.0,342623885.0,delivered
2A.32,True,True,True,True,331346394,46.94,2.0,344.0,331346394.0,delivered
2A.34,True,True,True,True,332790548,46.73,2.0,344.0,332790548.0,delivered
2A.39,True,True,True,True,182785079,49.64,2.0,189.0,182785079.0,delivered
2A.44,True,True,True,True,332087171,46.71,2.0,343.0,332087171.0,delivered
2A.46,True,True,True,True,239310602,47.47,2.0,248.0,239310602.0,delivered
2A.48,True,True,True,True,280471471,47.35,2.0,290.0,280471471.0,delivered
2A.REF03,True,True,False,False,0,,,,,reported_no_data
2C.GS18,True,True,False,False,0,,,,,reported_no_data
2D.OBS06,True,True,False,False,0,,,,,reported_no_data
2D.OBS08,True,True,False,False,0,,,,,reported_no_data
2D.OBS13,True,True,False,False,0,,,,,reported_no_data
2D.OBS16,True,True,False,False,0,,,,,reported_no_data
2D.OBS21,True,True,True,True,2101075,46.52,2.0,7.0,2101075.0,delivered
2F.S04,True,True,False,False,0,,,,,reported_no_data
2H.BTIE,True,True,True,True,126592060,63.77,2.0,131.0,126592060.0,delivered
2O.BTL04,True,True,False,False,0,,,,,reported_no_data
2O.BTL07,True,True,False,False,0,,,,,reported_no_data
2P.OBS01,True,True,False,False,0,,,,,reported_no_data
2P.RD10,True,True,True,True,11585970,23.13,1.0,24.0,11585970.0,delivered
2V.PO20,True,True,False,False,0,,,,,reported_no_data
3A.L107,True,True,False,False,0,,,,,reported_no_data
3A.L201,True,True,False,False,0,,,,,reported_no_data
3A.OBS2,True,True,False,False,0,,,,,reported_no_data
3C.GS02,True,True,False,False,0,,,,,reported_no_data
3C.NW09,True,True,False,False,0,,,,,reported_no_data
3C.SL09,True,True,False,False,0,,,,,reported_no_data
3D.MM05,True,True,True,True,666849,22.83,1.0,3.0,666849.0,delivered
3D.MM15,True,True,True,True,667292,22.8,1.0,3.0,667292.0,delivered
3H.G01,True,True,True,True,429378809,46.34,2.0,443.0,429378809.0,delivered
3H.G06,True,True,True,True,258651302,46.34,2.0,267.0,258651302.0,delivered
3H.G08,True,True,False,False,0,,,,,reported_no_data
3H.G15,True,True,False,False,0,,,,,reported_no_data
3H.G18,True,True,True,True,435633622,46.31,2.0,451.0,435633622.0,delivered
3H.G23,True,True,True,True,343756994,46.33,2.0,443.0,343756994.0,delivered
3H.G27,True,True,False,False,0,,,,,reported_no_data
3H.G30,True,True,True,True,437804793,46.3,2.0,453.0,437804793.0,delivered
3H.G33,True,True,True,True,437232092,46.31,2.0,452.0,437232092.0,delivered
3H.G39,True,True,True,True,252888749,46.34,2.0,276.0,252888749.0,delivered
3H.G44,True,True,False,False,0,,,,,reported_no_data
3H.G52,True,True,False,False,0,,,,,reported_no_data
3H.G56,True,True,False,False,0,,,,,reported_no_data
3J.OBS01,True,True,False,False,0,,,,,reported_no_data
3J.OBS04,True,True,False,False,0,,,,,reported_no_data
3J.OBS10,True,True,False,False,0,,,,,reported_no_data
3J.OBS11,True,True,False,False,0,,,,,reported_no_data
3J.OBS13,True,True,False,False,0,,,,,reported_no_data
3J.OBS17,True,True,False,False,0,,,,,reported_no_data
3J.OBS19,True,True,False,False,0,,,,,reported_no_data
3J.OBS23,True,True,False,False,0,,,,,reported_no_data
3J.OBS26,True,True,False,False,0,,,,,reported_no_data
3J.OBS28,True,True,False,False,0,,,,,reported_no_data
3J.OBS30,True,True,False,False,0,,,,,reported_no_data
3K.NIKI,True,True,False,False,0,,,,,reported_no_data
3R.A06,True,True,False,False,0,,,,,reported_no_data
3R.E05,True,True,False,False,0,,,,,reported_no_data
3U.AR2,True,True,False,False,0,,,,,reported_no_data
3Y.SC02,True,True,False,False,0,,,,,reported_no_data
4A.MN50,True,True,False,False,0,,,,,reported_no_data
4J.XB07,True,True,True,True,743603755,45.42,2.0,836.0,743603755.0,delivered
4O.GV01,True,False,False,True,90540147,16.38,1.0,,,in_flight_no_json
4P.COO21,True,True,False,False,0,,,,,reported_no_data
4P.COP26,True,True,False,False,0,,,,,reported_no_data
4P.MAH64,True,True,False,False,0,,,,,reported_no_data
4P.MED63,True,True,False,False,0,,,,,reported_no_data
4P.MIC41,True,True,False,False,0,,,,,reported_no_data
4P.MNB36,True,True,False,False,0,,,,,reported_no_data
4P.NDB29,True,True,False,False,0,,,,,reported_no_data
4P.NDC26,True,True,False,False,0,,,,,reported_no_data
4P.NDD30,True,True,False,False,0,,,,,reported_no_data
4P.NDE32,True,True,False,False,0,,,,,reported_no_data
4P.NEK29,True,True,False,False,0,,,,,reported_no_data
4P.NEL26,True,True,False,False,0,,,,,reported_no_data
4P.NEN31,True,True,False,False,0,,,,,reported_no_data
4P.SDG32,True,True,False,False,0,,,,,reported_no_data
4P.SDI28,True,True,False,False,0,,,,,reported_no_data
4P.SDJ26,True,True,False,False,0,,,,,reported_no_data
4P.SDJ31,True,True,False,False,0,,,,,reported_no_data
4P.TTL24,True,True,False,False,0,,,,,reported_no_data
4P.WYJ23,True,True,False,False,0,,,,,reported_no_data
4P.WYM22,True,True,False,False,0,,,,,reported_no_data
4Q.UT19,True,True,False,False,0,,,,,reported_no_data
4T.EL08,True,True,False,False,0,,,,,reported_no_data
5A.ARAWA,True,True,False,False,0,,,,,reported_no_data
5A.KAVI,True,True,False,False,0,,,,,reported_no_data
5A.KIMBE,True,True,False,False,0,,,,,reported_no_data
5A.LASU,True,True,True,True,81864997,46.3,2.0,249.0,81864997.0,delivered
5A.LIHIR,True,True,False,False,0,,,,,reported_no_data
5C.IL17,True,True,True,True,1322734,23.25,1.0,5.0,1322734.0,delivered
5G.D10,True,True,False,False,0,,,,,reported_no_data
5G.D16,True,True,True,True,2620826,45.16,2.0,8.0,2620826.0,delivered
5H.EITE,True,True,False,False,0,,,,,reported_no_data
5H.TIOE,True,True,False,False,0,,,,,reported_no_data
6E.SB04,True,True,True,True,173205980,47.69,2.0,198.0,173205980.0,delivered
6H.CHID,True,True,True,True,86652775,40.47,2.0,5.0,86652775.0,delivered
6H.FUNH,True,True,False,False,0,,,,,reported_no_data
6H.INCA,True,True,True,True,94383961,105.25,2.0,99.0,94383961.0,delivered
6H.MAMB,True,True,True,True,80504659,105.12,2.0,84.0,80504659.0,delivered
6H.MASS,True,True,False,False,0,,,,,reported_no_data
6K.AVIO,True,True,False,False,0,,,,,reported_no_data
6K.BRIO,True,True,True,True,21523716,23.12,1.0,67.0,21523716.0,delivered
6Q.FEC2,True,True,False,False,0,,,,,reported_no_data
6R.MAGE,True,True,False,False,0,,,,,reported_no_data
6R.YABE,True,True,True,True,767794521,44.4,2.0,829.0,767794521.0,delivered
7A.BDEG,True,True,True,True,665131262,44.4,2.0,265.0,665131262.0,delivered
7A.MUSK,True,True,False,False,0,,,,,reported_no_data
7B.MM04,True,True,True,True,23219346,46.56,2.0,32.0,23219346.0,delivered
7B.MM12,True,True,True,True,331783801,46.69,2.0,342.0,331783801.0,delivered
7B.NM04,True,True,True,True,355766721,46.15,2.0,368.0,355766721.0,delivered
7B.NN01,True,True,True,True,358324221,46.15,2.0,370.0,358324221.0,delivered
7B.NN04,True,True,True,True,358122909,46.19,2.0,370.0,358122909.0,delivered
7B.SA01,True,True,True,True,99792004,104.08,2.0,104.0,99792004.0,delivered
7B.SA02,True,True,True,True,39350801,113.82,2.0,41.0,39350801.0,delivered
7B.SA03,True,True,True,True,140721471,77.76,2.0,146.0,140721471.0,delivered
7B.SA04,True,True,True,True,138363497,78.13,2.0,143.0,138363497.0,delivered
7B.SA05,True,True,True,True,135877184,80.17,2.0,142.0,135877184.0,delivered
7B.SA06,True,True,True,True,113581075,99.7,2.0,119.0,113581075.0,delivered
7B.SA07,True,True,True,True,134171102,85.75,2.0,139.0,134171102.0,delivered
7B.SA08,True,True,True,True,146173006,73.63,2.0,153.0,146173006.0,delivered
7B.SB01,True,True,True,True,69048349,109.97,2.0,71.0,69048349.0,delivered
7B.SB03,True,True,True,True,63327682,110.64,2.0,67.0,63327682.0,delivered
7B.SB04,True,True,True,True,21813590,120.49,2.0,23.0,21813590.0,delivered
7B.SB05,True,True,True,True,67813852,109.2,2.0,72.0,67813852.0,delivered
7B.SB06,True,True,True,True,135887331,81.65,2.0,141.0,135887331.0,delivered
7B.SB09,True,True,True,True,111543118,100.51,2.0,116.0,111543118.0,delivered
7B.SB10,True,True,True,True,83747583,107.39,2.0,87.0,83747583.0,delivered
7B.SC05,True,True,True,True,80779100,107.8,2.0,85.0,80779100.0,delivered
7B.SC06,True,True,True,True,133968691,85.06,2.0,139.0,133968691.0,delivered
7B.SC07,True,True,True,True,68856829,109.61,2.0,72.0,68856829.0,delivered
7B.SC08,True,True,True,True,130348182,89.85,2.0,136.0,130348182.0,delivered
7B.SC09,True,True,True,True,47279070,112.7,2.0,50.0,47279070.0,delivered
7B.SC10,True,True,True,True,69302775,109.63,2.0,72.0,69302775.0,delivered
7B.SD03,True,True,True,True,132701949,87.12,2.0,138.0,132701949.0,delivered
7B.SD04,True,True,True,True,19205429,122.08,2.0,20.0,19205429.0,delivered
7B.SD05,True,True,True,True,98035225,106.15,2.0,102.0,98035225.0,delivered
7B.SD06,True,True,True,True,65038933,110.41,2.0,68.0,65038933.0,delivered
7B.SD07,True,True,True,True,67624216,109.84,2.0,71.0,67624216.0,delivered
7B.SD08,True,True,True,True,131527761,88.51,2.0,137.0,131527761.0,delivered
7B.SD09,True,True,True,True,65113739,110.41,2.0,68.0,65113739.0,delivered
7B.SD10,True,True,True,True,62092544,110.82,2.0,65.0,62092544.0,delivered
7B.SS01,True,True,True,True,354867193,46.31,2.0,367.0,354867193.0,delivered
7B.SS03,True,True,True,True,354803032,46.4,2.0,367.0,354803032.0,delivered
7C.MM17,True,True,False,False,0,,,,,reported_no_data
7C.MM26,True,True,True,True,65753149,45.83,2.0,28.0,65753149.0,delivered
7C.MM30,True,True,True,True,114793149,22.98,1.0,125.0,114793149.0,delivered
7C.MM40,True,True,True,True,1121366561,80.31,2.0,584.0,1121366561.0,delivered
7D.FN16A,True,True,False,False,0,,,,,reported_no_data
7D.G13B,True,True,True,True,552926779,47.17,2.0,57.0,552926779.0,delivered
7D.G26B,True,True,False,False,0,,,,,reported_no_data
7D.G36D,True,True,False,False,0,,,,,reported_no_data
7D.J20B,True,True,False,False,0,,,,,reported_no_data
7D.J31C,True,True,True,True,541233688,46.69,2.0,129.0,541233688.0,delivered
7D.J36C,True,True,False,False,0,,,,,reported_no_data
7D.J48C,True,True,False,False,0,,,,,reported_no_data
7D.J53C,True,True,False,False,0,,,,,reported_no_data
7D.KA05,True,True,True,True,75524313,108.92,2.0,78.0,75524313.0,delivered
7D.KA07,True,True,True,True,74852526,108.84,2.0,78.0,74852526.0,delivered
7D.KA08,True,True,True,True,75749543,108.35,2.0,79.0,75749543.0,delivered
7D.KA09,True,True,True,True,75592972,108.78,2.0,79.0,75592972.0,delivered
7D.RIMM,True,True,False,False,0,,,,,reported_no_data
7E.KB03,True,True,True,True,56489147,111.9,2.0,59.0,56489147.0,delivered
7E.KB06,True,True,True,True,56296806,111.87,2.0,59.0,56296806.0,delivered
7E.KB08,True,True,True,True,58140886,111.17,2.0,61.0,58140886.0,delivered
7F.A15,True,True,False,False,0,,,,,reported_no_data
7K.AN4,True,True,True,True,229302915,47.67,2.0,239.0,229302915.0,delivered
7O.ABNH,True,True,False,False,0,,,,,reported_no_data
7S.GORG,True,True,False,False,0,,,,,reported_no_data
7S.RR06,True,True,False,False,0,,,,,reported_no_data
7U.TJTJ,True,True,False,False,0,,,,,reported_no_data
8A.AIAI,True,True,True,True,936205396,94.31,2.0,488.0,936205396.0,delivered
8A.AROB,True,True,True,True,24779928,46.21,2.0,73.0,24779928.0,delivered
8A.BAHE,True,True,False,False,0,,,,,reported_no_data
8A.GAMM,True,True,False,False,0,,,,,reported_no_data
8A.HAO,True,True,True,True,8720102,45.62,2.0,28.0,8720102.0,delivered
8A.KANO,True,True,True,True,126767371,22.6,1.0,336.0,126767371.0,delivered
8A.KONI,True,True,False,False,0,,,,,reported_no_data
8A.MALT,True,True,True,True,56212915,46.38,2.0,103.0,56212915.0,delivered
8A.NEPA,True,True,True,True,390052570,45.55,2.0,245.0,390052570.0,delivered
8A.OKAM,True,True,True,True,157185288,45.45,2.0,244.0,157185288.0,delivered
8A.OMUT,True,True,True,True,209240616,44.25,2.0,13.0,209240616.0,delivered
8A.OTJO,True,True,False,False,0,,,,,reported_no_data
8A.SOLI,True,True,True,True,941979215,88.06,2.0,492.0,941979215.0,delivered
8A.WAND,True,True,True,True,931644412,96.49,2.0,484.0,931644412.0,delivered
8A.WEWE,True,True,True,True,175891303,45.45,2.0,240.0,175891303.0,delivered
8B.402,True,True,False,False,0,,,,,reported_no_data
8B.416,True,True,False,False,0,,,,,reported_no_data
8B.430,True,True,False,False,0,,,,,reported_no_data
8E.03023,True,True,False,False,0,,,,,reported_no_data
8F.VIGR,True,True,False,False,0,,,,,reported_no_data
8G.EC17,True,True,True,True,159817053,58.67,2.0,166.0,159817053.0,delivered
8P.AZV14,True,True,False,False,0,,,,,reported_no_data
8P.CAS04,True,True,False,False,0,,,,,reported_no_data
8Q.P03,True,True,True,True,23859664,22.96,1.0,41.0,23859664.0,delivered
8Q.P09,True,True,False,False,0,,,,,reported_no_data
8Q.P11,True,True,False,False,0,,,,,reported_no_data
8Q.P12,True,True,False,False,0,,,,,reported_no_data
8Q.P13,True,True,False,False,0,,,,,reported_no_data
8Q.P15,True,True,False,False,0,,,,,reported_no_data
8Q.P17,True,True,False,False,0,,,,,reported_no_data
8Q.P18,True,True,True,True,1378392,23.0,1.0,5.0,1378392.0,delivered
8Q.P19,True,True,True,True,3679156,46.31,2.0,8.0,3679156.0,delivered
8Q.P20,True,True,True,True,12102474,46.3,2.0,22.0,12102474.0,delivered
8Q.P21,True,True,True,True,1322349,46.36,2.0,4.0,1322349.0,delivered
8Q.P22,True,True,False,False,0,,,,,reported_no_data
8S.FL01,True,True,False,False,0,,,,,reported_no_data
8W.CBHM,True,True,False,False,0,,,,,reported_no_data
9C.2A11,True,True,True,True,83853522,46.31,2.0,240.0,83853522.0,delivered
9D.KNS,True,True,True,True,8215989,45.75,2.0,25.0,8215989.0,delivered
9G.BC410,True,True,False,False,0,,,,,reported_no_data
9G.RC030,True,True,False,False,0,,,,,reported_no_data
9G.SA155,True,True,False,False,0,,,,,reported_no_data
9G.SA235,True,True,False,False,0,,,,,reported_no_data
9R.OBS16,True,True,False,False,0,,,,,reported_no_data
A0.LUS3,True,True,False,False,0,,,,,reported_no_data
A7.CAXIT,True,True,False,False,0,,,,,reported_no_data
A7.LUBAN,True,True,False,False,0,,,,,reported_no_data
A7.LUENA,True,True,False,False,0,,,,,reported_no_data
AB.HASN,True,True,True,True,851188302,44.79,2.0,880.0,851188302.0,delivered
AB.PRLH,True,True,True,True,665040753,45.07,2.0,690.0,665040753.0,delivered
AC.VLO,True,True,True,True,879846501,117.94,2.0,505.0,879846501.0,delivered
AE.TONTO,True,True,False,False,0,,,,,reported_no_data
AF.BLWY,True,True,False,False,0,,,,,reported_no_data
AF.CVNA,True,True,False,False,0,,,,,reported_no_data
AF.GRM,True,True,True,True,534730468,42.81,2.0,212.0,534730468.0,delivered
AF.HARE,True,True,False,False,0,,,,,reported_no_data
AF.HVD,True,True,False,False,0,,,,,reported_no_data
AF.IFE,True,True,True,True,227011184,118.02,2.0,257.0,227011184.0,delivered
AF.KTWE,True,True,False,False,0,,,,,reported_no_data
AF.LBB,True,True,True,True,106928650,44.95,2.0,231.0,106928650.0,delivered
AF.MONG,True,True,False,False,0,,,,,reported_no_data
AF.MOPA,True,True,False,False,0,,,,,reported_no_data
AF.NSU,True,True,False,False,0,,,,,reported_no_data
AF.PKA,True,True,False,False,0,,,,,reported_no_data
AF.POGA,True,True,True,True,1160824879,42.38,2.0,971.0,1160824879.0,delivered
AF.PWET,True,True,False,False,0,,,,,reported_no_data
AF.RUDU,True,True,False,False,0,,,,,reported_no_data
AF.SKRH,True,True,False,False,0,,,,,reported_no_data
AF.SNKL,True,True,False,False,0,,,,,reported_no_data
AF.TEZI,True,True,True,True,884414369,42.71,2.0,486.0,884414369.0,delivered
AF.UPI,True,True,False,False,0,,,,,reported_no_data
AF.WIN,True,True,True,True,377404563,47.21,2.0,508.0,377404563.0,delivered
AF.YNDE,True,True,True,True,286905696,44.81,2.0,496.0,286905696.0,delivered
AG.WLAR,True,True,False,False,0,,,,,reported_no_data
AI.BELA,True,False,False,True,408629708,16.33,1.0,,,in_flight_no_json
AI.ESPZ,True,False,False,True,93063956,12.85,1.0,,,in_flight_no_json
AI.ORCD,True,False,False,True,188843386,0.12,1.0,,,in_flight_no_json
AK.A19K,True,True,False,False,0,,,,,reported_no_data
AK.A22K,True,True,True,True,67201097,22.54,1.0,211.0,67201097.0,delivered
AK.ATKA,True,True,True,True,347230024,22.47,1.0,901.0,347230024.0,delivered
AK.C16K,True,True,False,False,0,,,,,reported_no_data
AK.C18K,True,True,True,True,22702333,22.63,1.0,63.0,22702333.0,delivered
AK.C27K,True,True,False,False,0,,,,,reported_no_data
AK.D20K,True,True,False,False,0,,,,,reported_no_data
AK.D22K,True,True,False,False,0,,,,,reported_no_data
AK.DCPH,True,True,False,False,0,,,,,reported_no_data
AK.E18K,True,True,False,False,0,,,,,reported_no_data
AK.E19K,True,True,False,False,0,,,,,reported_no_data
AK.E24K,True,True,False,False,0,,,,,reported_no_data
AK.E27K,True,True,False,False,0,,,,,reported_no_data
AK.F21K,True,True,True,True,55205835,22.72,1.0,179.0,55205835.0,delivered
AK.FALS,True,True,True,True,76252349,23.39,1.0,239.0,76252349.0,delivered
AK.FYU,True,True,True,True,19655569,47.71,2.0,60.0,19655569.0,delivered
AK.G19K,True,True,False,False,0,,,,,reported_no_data
AK.G27K,True,True,False,False,0,,,,,reported_no_data
AK.GAMB,True,True,True,True,126315839,22.74,1.0,362.0,126315839.0,delivered
AK.GLB,True,True,True,True,50601510,23.51,1.0,156.0,50601510.0,delivered
AK.H21K,True,True,True,True,67880122,22.51,1.0,210.0,67880122.0,delivered
AK.J17K,True,True,False,False,0,,,,,reported_no_data
AK.J19K,True,True,False,False,0,,,,,reported_no_data
AK.J26L,True,True,False,False,0,,,,,reported_no_data
AK.K13K,True,True,False,False,0,,,,,reported_no_data
AK.K15K,True,True,True,True,746305529,21.94,1.0,1011.0,746305529.0,delivered
AK.M11K,True,True,False,False,0,,,,,reported_no_data
AK.M14K,True,True,False,False,0,,,,,reported_no_data
AK.M16K,True,True,True,True,543073232,22.08,1.0,645.0,543073232.0,delivered
AK.O14K,True,True,False,False,0,,,,,reported_no_data
AK.PAX,True,True,True,True,468428206,22.33,1.0,1418.0,468428206.0,delivered
AK.PPLA,True,True,True,True,192942179,23.13,1.0,525.0,192942179.0,delivered
AK.PS01,True,True,True,True,185193255,43.94,2.0,562.0,185193255.0,delivered
AK.PS06,True,True,True,True,32483990,44.31,2.0,100.0,32483990.0,delivered
AK.S31K,True,True,True,True,503068225,22.0,1.0,709.0,503068225.0,delivered
AK.SPIA,True,True,False,False,0,,,,,reported_no_data
AK.TNA,True,True,True,True,107636982,23.66,1.0,330.0,107636982.0,delivered
AK.V35K,True,True,True,True,420212571,22.01,1.0,744.0,420212571.0,delivered
AL.A032,True,True,False,False,0,,,,,reported_no_data
AP.PVFF,True,True,False,False,0,,,,,reported_no_data
AS.KAAO,True,True,True,True,497600352,45.17,2.0,533.0,497600352.0,delivered
AS.ZOBO,True,True,True,True,927103039,47.66,2.0,1169.0,927103039.0,delivered
AT.MID,True,True,False,False,0,,,,,reported_no_data
AT.SMY,True,True,False,False,0,,,,,reported_no_data
AT.SVW2,True,True,True,True,126845363,22.22,1.0,340.0,126845363.0,delivered
AU.WB2,True,True,True,True,140949082,22.84,1.0,516.0,140949082.0,delivered
BC.PIX,True,False,False,True,2132650307,4.06,1.0,,,in_flight_no_json
BC.SPX,True,True,True,True,859083423,17.84,1.0,22.0,859083423.0,delivered
BC.TJX,True,False,False,True,887019429,6.44,1.0,,,in_flight_no_json
BL.AGVB,True,True,True,True,167572792,92.71,2.0,561.0,167572792.0,delivered
BL.AQDA,True,True,True,True,296964929,45.31,2.0,455.0,296964929.0,delivered
BL.BRSB,True,True,True,True,232347187,101.49,2.0,542.0,232347187.0,delivered
BL.CAMB,True,True,True,True,120321326,47.04,2.0,43.0,120321326.0,delivered
BL.CANB,True,True,True,True,175253401,46.09,2.0,372.0,175253401.0,delivered
BL.CCUB,True,True,True,True,77310524,108.21,2.0,85.0,77310524.0,delivered
BL.CDCB,True,True,True,True,3334184,46.26,2.0,20.0,3334184.0,delivered
BL.CDSB,True,True,True,True,562371936,83.58,2.0,580.0,562371936.0,delivered
BL.CMPA,True,True,False,False,0,,,,,reported_no_data
BL.COR2,True,True,False,False,0,,,,,reported_no_data
BL.CRJB,True,True,True,True,565425596,100.94,2.0,555.0,565425596.0,delivered
BL.CRTA,True,True,True,True,47243656,112.66,2.0,49.0,47243656.0,delivered
BL.FURB,True,True,True,True,91775980,46.91,2.0,3.0,91775980.0,delivered
BL.GNSA,True,True,False,False,0,,,,,reported_no_data
BL.IBIB,True,True,True,True,62124030,47.23,2.0,193.0,62124030.0,delivered
BL.IGCB,True,True,False,False,0,,,,,reported_no_data
BL.ITAB,True,True,True,True,519111551,122.13,2.0,514.0,519111551.0,delivered
BL.ITPB,True,True,True,True,385780078,124.41,2.0,380.0,385780078.0,delivered
BL.JNRB,True,True,True,True,245550846,47.61,2.0,254.0,245550846.0,delivered
BL.NAVB,True,True,True,True,44948060,67.17,2.0,154.0,44948060.0,delivered
BL.NUPA,True,True,False,False,0,,,,,reported_no_data
BL.PAZB,True,True,True,True,82070373,47.41,2.0,163.0,82070373.0,delivered
BL.PDCB,True,True,True,True,60405015,23.36,1.0,68.0,60405015.0,delivered
BL.PMNB,True,True,True,True,22243371,23.43,1.0,71.0,22243371.0,delivered
BL.POPB,True,True,True,True,26019403,45.84,2.0,79.0,26019403.0,delivered
BL.PORB,True,True,True,True,67693973,46.25,2.0,141.0,67693973.0,delivered
BL.PP1A,True,True,True,True,343111386,48.09,2.0,355.0,343111386.0,delivered
BL.PPDB,True,True,True,True,173425313,99.72,2.0,557.0,173425313.0,delivered
BL.PTMB,True,True,True,True,227117289,47.61,2.0,257.0,227117289.0,delivered
BL.RCLB,True,True,True,True,2895070,23.52,1.0,18.0,2895070.0,delivered
BL.SLMB,True,True,True,True,150767325,47.06,2.0,158.0,150767325.0,delivered
BL.SNVB,True,True,False,False,0,,,,,reported_no_data
BL.STMB,True,True,True,True,108157991,101.77,2.0,113.0,108157991.0,delivered
BL.TRIB,True,True,True,True,79113330,45.76,2.0,220.0,79113330.0,delivered
BL.TRMB,True,True,True,True,4114219,46.37,2.0,12.0,4114219.0,delivered
BL.TRSB,True,True,True,True,610340263,52.23,2.0,604.0,610340263.0,delivered
BL.UNIA,True,True,False,False,0,,,,,reported_no_data
BX.KGCAE,True,True,False,False,0,,,,,reported_no_data
BX.KHWEE,True,True,True,True,4984789,22.74,1.0,17.0,4984789.0,delivered
BX.KOOLE,True,True,True,True,70914556,44.92,2.0,230.0,70914556.0,delivered
BX.LKGWB,True,True,False,False,0,,,,,reported_no_data
BX.PHPEN,True,True,True,True,109894177,43.88,2.0,343.0,109894177.0,delivered
BX.XAUDM,True,True,False,False,0,,,,,reported_no_data
C.COCH,True,True,True,True,118607110,88.2,2.0,135.0,118607110.0,delivered
C.LMEL,True,True,True,True,26242129,23.1,1.0,47.0,26242129.0,delivered
C1.AC02,True,True,True,True,128134924,22.4,1.0,230.0,128134924.0,delivered
C1.AF02,True,True,False,False,0,,,,,reported_no_data
C1.CO05,True,True,True,True,32389932,42.81,2.0,15.0,32389932.0,delivered
C1.LL02,True,False,False,True,257120556,13.85,1.0,,,in_flight_no_json
C1.LL05,True,True,True,True,66008261,22.43,1.0,103.0,66008261.0,delivered
C1.LR04,True,True,False,False,0,,,,,reported_no_data
C1.MG02,True,True,False,False,0,,,,,reported_no_data
C1.VA04,True,True,True,True,62226838,23.38,1.0,106.0,62226838.0,delivered
C8.BNKB,True,True,False,False,0,,,,,reported_no_data
C8.FORQ,True,True,False,False,0,,,,,reported_no_data
C8.LR4Q,True,True,False,False,0,,,,,reported_no_data
C8.MWAB,True,True,False,False,0,,,,,reported_no_data
C8.PCAQ,True,True,False,False,0,,,,,reported_no_data
CA.CARA,True,False,False,True,1219155548,10.25,1.0,,,in_flight_no_json
CA.CFAR,True,False,False,True,111273219,9.59,1.0,,,in_flight_no_json
CA.CPAL,True,False,False,True,1099973545,10.98,1.0,,,in_flight_no_json
CB.DL2,True,False,False,True,49166810,18.31,1.0,,,in_flight_no_json
CB.GYA,True,True,False,False,0,,,,,reported_no_data
CB.GZH,True,True,False,False,0,,,,,reported_no_data
CB.HEH,True,True,True,True,68269927,22.27,1.0,531.0,68269927.0,delivered
CB.NJ2,True,True,False,False,0,,,,,reported_no_data
CB.SNY,True,False,False,True,78549288,14.23,1.0,,,in_flight_no_json
CB.WHN,True,True,False,False,0,,,,,reported_no_data
CC.YOCR,True,True,True,True,210310665,22.34,1.0,429.0,210310665.0,delivered
CD.ENH,True,True,False,False,0,,,,,reported_no_data
CD.KMI,True,True,False,False,0,,,,,reported_no_data
CD.WMQ,True,True,True,True,286861396,22.5,1.0,543.0,286861396.0,delivered
CH.FUORN,True,False,False,False,0,,,,,not_yet_reported
CH.SLE,True,False,False,True,296303012,5.94,1.0,,,in_flight_no_json
CI.CIA,True,False,False,True,1352279276,-0.0,1.0,,,in_flight_no_json
CI.GMR,True,False,False,True,12367970278,0.0,1.0,,,in_flight_no_json
CI.ISA,True,False,False,False,0,,,,,not_yet_reported
CI.PDM,True,False,False,False,0,,,,,not_yet_reported
CI.VTV,True,False,False,False,0,,,,,not_yet_reported
CK.MNAS,True,True,False,False,0,,,,,reported_no_data
CM.FLO2,True,True,True,True,160861211,56.45,2.0,170.0,160861211.0,delivered
CM.LCBC,True,True,True,True,193686247,44.54,2.0,406.0,193686247.0,delivered
CM.MAP,True,True,True,True,51516344,47.6,2.0,55.0,51516344.0,delivered
CM.PRV,True,True,True,True,2855794397,102.36,2.0,2980.0,2855794397.0,delivered
CM.RUS,True,True,True,True,564253546,47.04,2.0,1128.0,564253546.0,delivered
CM.SJC,True,True,True,True,3315113974,46.69,2.0,182.0,3315113974.0,delivered
CM.TUM,True,True,False,False,0,,,,,reported_no_data
CN.MGMB,True,True,True,True,3299150,23.27,1.0,12.0,3299150.0,delivered
CN.PHC,True,True,True,True,224726105,22.72,1.0,469.0,224726105.0,delivered
CS.GUM,True,True,False,False,0,,,,,reported_no_data
CU.ANWB,True,True,True,True,149751363,23.29,1.0,263.0,149751363.0,delivered
CU.BBGH,True,True,True,True,70312435,23.13,1.0,216.0,70312435.0,delivered
CU.GRGR,True,True,True,True,178706172,23.11,1.0,411.0,178706172.0,delivered
CU.GRTK,True,True,True,True,112143071,23.53,1.0,253.0,112143071.0,delivered
CW.CAIB,True,True,True,True,17232276,22.58,1.0,69.0,17232276.0,delivered
CW.CAMR,True,True,False,False,0,,,,,reported_no_data
CW.CCCC,True,True,False,False,0,,,,,reported_no_data
CW.CHIV,True,True,True,True,29603968,22.44,1.0,124.0,29603968.0,delivered
CW.GNEO,True,True,False,False,0,,,,,reported_no_data
CW.SOR,True,True,True,True,22371330,23.38,1.0,71.0,22371330.0,delivered
CY.CBCY,True,True,False,False,0,,,,,reported_no_data
CZ.BEDC,True,True,False,False,0,,,,,reported_no_data
CZ.MORC,True,True,False,False,0,,,,,reported_no_data
CZ.PRIC,True,True,False,False,0,,,,,reported_no_data
CZ.TREC,True,True,False,False,0,,,,,reported_no_data
DA.URKR,True,True,True,True,11682050,23.28,1.0,22.0,11682050.0,delivered
DK.ANGG,True,True,True,True,46945691,23.52,1.0,54.0,46945691.0,delivered
DK.DBG,True,False,False,True,10467128139,8.69,1.0,,,in_flight_no_json
DK.DY2G,True,True,False,False,0,,,,,reported_no_data
DK.ICESG,True,True,False,False,0,,,,,reported_no_data
DK.KULLO,True,True,True,True,8343310719,40.61,2.0,4454.0,8343310719.0,delivered
DK.MUD,True,True,False,False,0,,,,,reported_no_data
DK.NEEM,True,False,False,True,722897129,3.61,1.0,,,in_flight_no_json
DK.NOR,True,True,True,True,247142866,22.96,1.0,348.0,247142866.0,delivered
DK.NRS,True,True,False,False,0,,,,,reported_no_data
DK.SCO,True,True,True,True,151237278,23.5,1.0,287.0,151237278.0,delivered
DK.SOEG,True,False,False,True,1406713052,12.52,1.0,,,in_flight_no_json
DT.SWU,True,True,False,False,0,,,,,reported_no_data
DW.BER,True,True,True,True,361727552,46.03,2.0,385.0,361727552.0,delivered
DW.GDH,True,True,True,True,2235920729,43.44,2.0,2489.0,2235920729.0,delivered
DW.LEM,True,True,True,True,932743024,45.4,2.0,1004.0,932743024.0,delivered
EC.BOSC,True,True,False,False,0,,,,,reported_no_data
EC.MCRA,True,True,False,False,0,,,,,reported_no_data
EC.MILO,True,True,False,False,0,,,,,reported_no_data
EC.PUYO,True,True,True,True,22625158,22.43,1.0,71.0,22625158.0,delivered
EC.SALI,True,True,False,False,0,,,,,reported_no_data
EC.TULM,True,True,True,True,28321803,23.28,1.0,88.0,28321803.0,delivered
EI.DSB,True,False,False,True,1984809309,4.6,1.0,,,in_flight_no_json
EI.IDGL,True,True,True,True,80216347,23.52,1.0,144.0,80216347.0,delivered
EI.IMAC,True,True,False,False,0,,,,,reported_no_data
EI.IMAY,True,True,False,False,0,,,,,reported_no_data
EM.PA765,True,True,False,False,0,,,,,reported_no_data
EM.PA834,True,True,False,False,0,,,,,reported_no_data
EM.PA878,True,True,False,False,0,,,,,reported_no_data
EM.PA970,True,True,False,False,0,,,,,reported_no_data
EM.TB750,True,True,False,False,0,,,,,reported_no_data
EM.TS414,True,True,False,False,0,,,,,reported_no_data
EO.KLRS,True,True,False,False,0,,,,,reported_no_data
EP.CHC4,True,True,False,False,0,,,,,reported_no_data
EP.KIDD,True,True,True,True,2050352,22.93,1.0,4.0,2050352.0,delivered
ET.CCNC,True,True,False,False,0,,,,,reported_no_data
ET.FPAL,True,True,True,True,39418988,23.3,1.0,121.0,39418988.0,delivered
G.AIS,True,False,False,True,18233300057,1.16,1.0,,,in_flight_no_json
G.CCD,True,False,False,True,1947180919,5.48,1.0,,,in_flight_no_json
G.CLF,True,False,False,True,990223147,13.79,1.0,,,in_flight_no_json
G.CRZF,True,False,False,True,17221776199,0.0,1.0,,,in_flight_no_json
G.DRV,True,False,False,True,14743126703,2.87,1.0,,,in_flight_no_json
G.EDA,True,False,False,True,954549641,12.96,1.0,,,in_flight_no_json
G.FOMA,True,False,False,True,801491775,12.75,1.0,,,in_flight_no_json
G.FUTU,True,False,False,True,1044310558,13.36,1.0,,,in_flight_no_json
G.HYB,True,False,False,True,1436205180,16.31,1.0,,,in_flight_no_json
G.IVI,True,False,False,True,993974464,12.16,1.0,,,in_flight_no_json
G.KOG,True,False,False,True,909271060,19.37,1.0,,,in_flight_no_json
G.MATO,True,True,True,True,649575363,45.42,2.0,671.0,649575363.0,delivered
G.NOC,True,True,False,False,0,,,,,reported_no_data
G.PAF,True,False,False,True,15622437337,0.56,1.0,,,in_flight_no_json
G.PCR,True,True,False,False,0,,,,,reported_no_data
G.PPTF,True,False,False,True,1241710879,9.18,1.0,,,in_flight_no_json
G.ROCAM,True,False,False,True,4065297673,7.39,1.0,,,in_flight_no_json
G.SANVU,True,False,False,False,0,,,,,not_yet_reported
G.SEY,True,True,True,True,1065746434,21.48,1.0,394.0,1065746434.0,delivered
G.SOK,True,False,False,True,2125523708,15.28,1.0,,,in_flight_no_json
G.SSB,True,False,False,False,0,,,,,not_yet_reported
G.TAM,True,False,False,True,8341401463,7.47,1.0,,,in_flight_no_json
G.TAOE,True,False,False,False,0,,,,,not_yet_reported
G.TRIS,True,False,False,True,5804191459,0.37,1.0,,,in_flight_no_json
GB.CCA1,True,True,True,True,30825957,23.47,1.0,48.0,30825957.0,delivered
GB.DRUM,True,True,False,False,0,,,,,reported_no_data
GB.GAL1,True,True,True,True,246015692,22.78,1.0,319.0,246015692.0,delivered
GB.GDLE,True,True,True,True,1314475,22.49,1.0,4.0,1314475.0,delivered
GB.HMNX,True,True,True,True,26303890,47.57,2.0,74.0,26303890.0,delivered
GB.JSA,True,True,True,True,3510123695,114.88,2.0,4063.0,3510123695.0,delivered
GB.LAWE,True,True,False,False,0,,,,,reported_no_data
GB.LEWI,True,True,False,False,0,,,,,reported_no_data
GB.LRW,True,True,True,True,4854917065,46.63,2.0,199.0,4854917065.0,delivered
GB.WACR,True,True,True,True,71781132,42.94,2.0,50.0,71781132.0,delivered
GE.APE,True,True,True,True,169002309,22.51,1.0,399.0,169002309.0,delivered
GE.CART,True,True,True,True,75688023,22.56,1.0,132.0,75688023.0,delivered
GE.DAG,True,True,True,True,363347308,23.54,1.0,442.0,363347308.0,delivered
GE.GHAR,True,True,False,False,0,,,,,reported_no_data
GE.HLG,True,True,False,False,0,,,,,reported_no_data
GE.IBBN,True,True,True,True,1458044242,42.73,2.0,688.0,1458044242.0,delivered
GE.MAHO,True,True,True,True,223070794,22.05,1.0,337.0,223070794.0,delivered
GE.MELI,True,True,False,False,0,,,,,reported_no_data
GE.MHV,True,True,True,True,1166286132,43.68,2.0,1347.0,1166286132.0,delivered
GE.MLR,True,True,False,False,0,,,,,reported_no_data
GE.MRNI,True,True,True,True,66665194,22.82,1.0,182.0,66665194.0,delivered
GE.MTE,True,True,True,True,272317088,43.0,2.0,556.0,272317088.0,delivered
GE.PMG,True,True,True,True,792430589,43.02,2.0,704.0,792430589.0,delivered
GE.PSZ,True,True,True,True,148480710,21.19,1.0,327.0,148480710.0,delivered
GE.PUL,True,True,False,False,0,,,,,reported_no_data
GE.RGN,True,True,False,False,0,,,,,reported_no_data
GE.RIOB,True,True,False,False,0,,,,,reported_no_data
GE.RUE,True,True,True,True,754373863,22.07,1.0,890.0,754373863.0,delivered
GE.SKD,True,True,True,True,365114832,44.35,2.0,776.0,365114832.0,delivered
GE.SNAA,True,True,True,True,1088201939,46.99,2.0,1405.0,1088201939.0,delivered
GE.SOCY,True,True,True,True,1000183930,44.25,2.0,410.0,1000183930.0,delivered
GE.SUMG,True,True,True,True,500073543,22.73,1.0,1197.0,500073543.0,delivered
GE.TIRR,True,True,True,True,119428960,23.65,1.0,354.0,119428960.0,delivered
GE.TRTE,True,True,True,True,1501883880,43.92,2.0,880.0,1501883880.0,delivered
GE.ZKR,True,True,False,False,0,,,,,reported_no_data
GF.TEPE,True,True,False,False,0,,,,,reported_no_data
GG.SE1,True,True,True,True,173653561,22.74,1.0,219.0,173653561.0,delivered
GH.KLEF,True,True,False,False,0,,,,,reported_no_data
GH.MRON,True,True,False,False,0,,,,,reported_no_data
GH.WEIJ,True,True,False,False,0,,,,,reported_no_data
GI.AVPA,True,True,True,True,174466,23.08,1.0,2.0,174466.0,delivered
GI.HUBA,True,True,False,False,0,,,,,reported_no_data
GI.PETF,True,True,False,False,0,,,,,reported_no_data
GO.GHRG,True,True,True,True,836782252,45.13,2.0,866.0,836782252.0,delivered
GS.DEC08,True,True,True,True,11401071,23.44,1.0,35.0,11401071.0,delivered
GS.KS24,True,True,False,False,0,,,,,reported_no_data
GS.SJPH,True,True,False,False,0,,,,,reported_no_data
GS.WWHL,True,True,False,False,0,,,,,reported_no_data
GT.CPUP,True,False,False,True,5091304583,13.4,1.0,,,in_flight_no_json
GT.DBIC,True,True,True,True,623735961,22.52,1.0,1866.0,623735961.0,delivered
GT.PLCA,True,True,True,True,559519600,22.45,1.0,1615.0,559519600.0,delivered
GY.A11,True,True,True,True,8621277,23.06,1.0,74.0,8621277.0,delivered
HG.EIL,True,True,True,True,728166580,45.25,2.0,832.0,728166580.0,delivered
HK.HKPS,True,True,True,True,99653642,47.61,2.0,262.0,99653642.0,delivered
HL.ARG,True,True,True,True,13193954,47.75,2.0,41.0,13193954.0,delivered
HL.RDO,True,True,False,False,0,,,,,reported_no_data
HT.AGG,True,True,False,False,0,,,,,reported_no_data
HT.LKD,True,True,True,True,169561255,46.74,2.0,2.0,169561255.0,delivered
HV.ANDI,True,True,False,False,0,,,,,reported_no_data
HV.HSSD,True,True,True,True,24750089,23.4,1.0,76.0,24750089.0,delivered
I0.RD179,True,True,False,False,0,,,,,reported_no_data
IC.HIA,True,True,True,True,7115214190,43.29,2.0,4220.0,7115214190.0,delivered
IC.LSA,True,True,True,True,761406626,22.41,1.0,1837.0,761406626.0,delivered
IC.QIZ,True,True,True,True,553007652,22.65,1.0,1011.0,553007652.0,delivered
IC.SSE,True,True,True,True,1274756309,46.48,2.0,118.0,1274756309.0,delivered
IC.XAN,True,True,True,True,1714815111,21.79,1.0,3636.0,1714815111.0,delivered
ID.SEY,True,True,False,False,0,,,,,reported_no_data
IE.BCYI,True,True,True,True,118089438,23.08,1.0,372.0,118089438.0,delivered
IE.IRCI,True,True,False,False,0,,,,,reported_no_data
II.AAK,True,True,True,True,654044758,22.96,1.0,1227.0,654044758.0,delivered
II.ALE,True,True,True,True,287165038,23.21,1.0,446.0,287165038.0,delivered
II.ARTI,True,True,True,True,2338572304,42.63,2.0,2337.0,2338572304.0,delivered
II.CMLA,True,True,True,True,204183242,23.66,1.0,483.0,204183242.0,delivered
II.COCO,True,True,True,True,1218740216,46.23,2.0,1536.0,1218740216.0,delivered
II.DGAR,True,True,False,False,0,,,,,reported_no_data
II.EFI,True,True,True,True,835948562,22.76,1.0,1909.0,835948562.0,delivered
II.ERM,True,True,True,True,1396845276,22.19,1.0,3674.0,1396845276.0,delivered
II.FFC,True,True,True,True,5433652378,18.95,1.0,4358.0,5433652378.0,delivered
II.HOPE,True,True,True,True,1344484248,22.35,1.0,3064.0,1344484248.0,delivered
II.KAPI,True,True,True,True,8417409809,67.27,2.0,754.0,8417409809.0,delivered
II.KWAJ,True,True,True,True,210803547,47.31,2.0,555.0,210803547.0,delivered
II.LVZ,True,True,True,True,4520220325,19.66,1.0,5270.0,4520220325.0,delivered
II.NIL,True,True,True,True,9668026445,46.39,2.0,819.0,9668026445.0,delivered
II.NNA,True,True,True,True,754543064,22.8,1.0,1597.0,754543064.0,delivered
II.NRIL,True,True,False,False,0,,,,,reported_no_data
II.NVS,True,True,True,True,48672060,46.2,2.0,135.0,48672060.0,delivered
II.PALK,True,True,True,True,809593504,22.46,1.0,1754.0,809593504.0,delivered
II.RAYN,True,True,True,True,14283678756,70.87,2.0,7827.0,14283678756.0,delivered
II.RPN,True,True,False,False,0,,,,,reported_no_data
II.SHEL,True,True,True,True,2373360715,21.55,1.0,3624.0,2373360715.0,delivered
II.TLY,True,True,True,True,356231061,23.57,1.0,534.0,356231061.0,delivered
II.UOSS,True,True,False,False,0,,,,,reported_no_data
IL.IR3,True,True,False,False,0,,,,,reported_no_data
IM.CY101,True,True,True,True,9430602,23.12,1.0,23.0,9430602.0,delivered
IM.CY302,True,True,True,True,8428281,23.36,1.0,22.0,8428281.0,delivered
IM.CY602,True,True,True,True,7157308,23.19,1.0,17.0,7157308.0,delivered
IM.H01W2,True,True,False,False,0,,,,,reported_no_data
IM.H10S2,True,True,False,False,0,,,,,reported_no_data
IM.I04H3,True,True,False,False,0,,,,,reported_no_data
IM.I18H7,True,True,False,False,0,,,,,reported_no_data
IM.TX02,True,True,True,True,110383892,23.36,1.0,339.0,110383892.0,delivered
IM.WK30,True,True,False,False,0,,,,,reported_no_data
IM.WK31,True,True,False,False,0,,,,,reported_no_data
IN.MNC,True,True,False,False,0,,,,,reported_no_data
IN.PBA,True,True,True,True,7560402,23.52,1.0,24.0,7560402.0,delivered
IN.SHL,True,True,True,True,30173457,23.24,1.0,99.0,30173457.0,delivered
IO.EVN,True,True,True,True,105407962,22.56,1.0,163.0,105407962.0,delivered
IP.MTOR,True,True,True,True,179687203,47.18,2.0,101.0,179687203.0,delivered
IU.ADK,True,True,True,True,1113737503,46.78,2.0,473.0,1113737503.0,delivered
IU.BBSR,True,True,True,True,246838038,22.99,1.0,638.0,246838038.0,delivered
IU.BILL,True,True,True,True,939044592,47.02,2.0,603.0,939044592.0,delivered
IU.CASY,True,True,True,True,177890897,47.53,2.0,449.0,177890897.0,delivered
IU.DAV,True,True,True,True,719684930,22.95,1.0,1318.0,719684930.0,delivered
IU.FUNA,True,True,True,True,892057745,43.57,2.0,1614.0,892057745.0,delivered
IU.HNR,True,True,True,True,776292271,47.31,2.0,635.0,776292271.0,delivered
IU.INCN,True,True,True,True,302243045,47.37,2.0,761.0,302243045.0,delivered
IU.JOHN,True,True,True,True,6796582430,39.91,2.0,2198.0,6796582430.0,delivered
IU.KBS,True,True,True,True,1983600939,21.55,1.0,2899.0,1983600939.0,delivered
IU.KEV,True,True,True,True,13661833147,44.96,2.0,820.0,13661833147.0,delivered
IU.KIEV,True,True,True,True,583890728,47.53,2.0,601.0,583890728.0,delivered
IU.KNTN,True,True,True,True,136265627,44.83,2.0,284.0,136265627.0,delivered
IU.KOWA,True,True,True,True,10717372,46.11,2.0,38.0,10717372.0,delivered
IU.LSZ,True,True,True,True,568586924,47.36,2.0,644.0,568586924.0,delivered
IU.MA2,True,True,True,True,689945368,46.88,2.0,603.0,689945368.0,delivered
IU.MACI,True,True,False,False,0,,,,,reported_no_data
IU.MBWA,True,True,True,True,2799905693,111.25,2.0,2191.0,2799905693.0,delivered
IU.MIDW,True,True,True,True,9141788558,46.5,2.0,58.0,9141788558.0,delivered
IU.MSKU,True,True,False,False,0,,,,,reported_no_data
IU.PMSA,True,True,True,True,448386324,23.14,1.0,717.0,448386324.0,delivered
IU.PTCN,True,True,True,True,30289739,47.7,2.0,90.0,30289739.0,delivered
IU.PTGA,True,True,True,True,321894578,44.06,2.0,654.0,321894578.0,delivered
IU.RAO,True,True,True,True,625892611,43.41,2.0,1086.0,625892611.0,delivered
IU.RAR,True,True,False,False,0,,,,,reported_no_data
IU.RCBR,True,True,True,True,1003889468,47.25,2.0,1023.0,1003889468.0,delivered
IU.SAML,True,True,True,True,991064778,42.95,2.0,522.0,991064778.0,delivered
IU.TARA,True,True,True,True,34855303,44.56,2.0,104.0,34855303.0,delivered
IU.TATO,True,True,True,True,977601250,22.77,1.0,1364.0,977601250.0,delivered
IU.TBT,True,True,True,True,249029778,45.71,2.0,525.0,249029778.0,delivered
IU.TEIG,True,False,False,True,9444385501,10.55,1.0,,,in_flight_no_json
IU.TIXI,True,True,True,True,1404495074,45.97,2.0,1848.0,1404495074.0,delivered
IU.TRQA,True,True,True,True,9385127964,46.72,2.0,1541.0,9385127964.0,delivered
IU.ULN,True,True,True,True,341975985,23.46,1.0,614.0,341975985.0,delivered
IU.XMAS,True,True,True,True,530261070,47.38,2.0,615.0,530261070.0,delivered
IU.YAK,True,True,True,True,1339534442,22.34,1.0,3281.0,1339534442.0,delivered
IU.YSS,True,True,True,True,461078627,22.59,1.0,1022.0,461078627.0,delivered
JM.CVJB,True,True,False,False,0,,,,,reported_no_data
JM.YHJB,True,True,False,False,0,,,,,reported_no_data
JP.ASAJ,True,True,True,True,382976118,22.32,1.0,681.0,382976118.0,delivered
JP.CBIJ,True,True,False,False,0,,,,,reported_no_data
JP.JEW,True,True,True,True,134090035,23.57,1.0,272.0,134090035.0,delivered
JP.JGF,True,True,True,True,161746517,23.52,1.0,365.0,161746517.0,delivered
JP.JHJ2,True,True,False,False,0,,,,,reported_no_data
JP.JHS,True,True,True,True,49203477,47.5,2.0,150.0,49203477.0,delivered
JP.JMJ2,True,True,True,True,118148890,23.4,1.0,364.0,118148890.0,delivered
JP.JMM,True,True,True,True,211321708,23.18,1.0,572.0,211321708.0,delivered
JP.JMN,True,True,True,True,126588625,23.48,1.0,272.0,126588625.0,delivered
JP.JMZ,True,True,True,True,116106421,23.53,1.0,323.0,116106421.0,delivered
JP.JNU,True,True,False,False,0,,,,,reported_no_data
JP.JOW,True,True,False,False,0,,,,,reported_no_data
JP.JSD,True,True,True,True,89626756,23.35,1.0,264.0,89626756.0,delivered
JP.JSU,True,True,True,True,67887015,23.35,1.0,209.0,67887015.0,delivered
JP.JTM,True,True,False,False,0,,,,,reported_no_data
JP.JTU,True,True,True,True,169822725,23.22,1.0,483.0,169822725.0,delivered
JP.JWT,True,True,True,True,120842214,23.4,1.0,318.0,120842214.0,delivered
JW.BRR,True,True,True,True,13981857,22.79,1.0,43.0,13981857.0,delivered
K5.MONG,True,True,False,False,0,,,,,reported_no_data
KG.TJN,True,True,True,True,25757537,47.73,2.0,78.0,25757537.0,delivered
KN.ULHL,True,True,False,False,0,,,,,reported_no_data
KO.DKL,True,True,True,True,23681011,23.48,1.0,74.0,23681011.0,delivered
KO.ELL,True,True,True,True,7171678,23.57,1.0,22.0,7171678.0,delivered
KO.KARS,True,False,False,False,0,,,,,not_yet_reported
KP.UPNV,True,True,True,True,69708692,22.63,1.0,102.0,69708692.0,delivered
KR.BTK,True,True,True,True,89028260,23.52,1.0,280.0,89028260.0,delivered
KR.SFK,True,True,True,True,26554903,23.5,1.0,83.0,26554903.0,delivered
KR.TRKS,True,True,False,False,0,,,,,reported_no_data
KS.SH2B,True,True,True,True,199159161,45.16,2.0,612.0,199159161.0,delivered
KW.MIB,True,True,False,False,0,,,,,reported_no_data
KY.LLKY,True,True,True,True,59919250,22.9,1.0,192.0,59919250.0,delivered
KZ.AB06,True,True,True,True,248203279,22.8,1.0,766.0,248203279.0,delivered
KZ.CHKZ6,True,True,False,False,0,,,,,reported_no_data
KZ.MAKZ,True,True,True,True,225811360,23.1,1.0,455.0,225811360.0,delivered
KZ.OTUK,True,True,False,False,0,,,,,reported_no_data
LD.FRNY,True,True,True,True,198093311,47.01,2.0,619.0,198093311.0,delivered
LO.LOBA2,True,True,True,True,12693827,22.79,1.0,40.0,12693827.0,delivered
M8.AI45,True,True,True,True,399352376,45.08,2.0,412.0,399352376.0,delivered
M8.AM37,True,True,True,True,130159967,47.38,2.0,134.0,130159967.0,delivered
M8.AQ41,True,True,True,True,166837137,47.23,2.0,172.0,166837137.0,delivered
M8.AU41,True,True,True,True,123388538,46.08,2.0,253.0,123388538.0,delivered
M8.AU52,True,True,True,True,663306608,44.88,2.0,683.0,663306608.0,delivered
M8.AY41,True,True,True,True,288659310,123.96,2.0,297.0,288659310.0,delivered
M8.AY52,True,True,False,False,0,,,,,reported_no_data
M8.BK45,True,True,True,True,29077057,118.17,2.0,31.0,29077057.0,delivered
M8.MOGAR,True,True,False,False,0,,,,,reported_no_data
M8.MUKOZ,True,True,False,False,0,,,,,reported_no_data
M8.RUGBY,True,True,True,True,130032934,47.64,2.0,134.0,130032934.0,delivered
M8.TEFOZ,True,True,True,True,129883499,45.0,2.0,134.0,129883499.0,delivered
M8.WATNG,True,True,True,True,398864367,45.44,2.0,412.0,398864367.0,delivered
MB.HRY,True,True,True,True,174693773,22.59,1.0,542.0,174693773.0,delivered
MG.JRQG,True,True,True,True,699333,44.34,2.0,6.0,699333.0,delivered
MH.P0006,True,True,False,False,0,,,,,reported_no_data
MH.P0007,True,True,False,False,0,,,,,reported_no_data
MH.P0008,True,True,False,False,0,,,,,reported_no_data
MH.P0009,True,True,False,False,0,,,,,reported_no_data
MH.P0010,True,True,False,False,0,,,,,reported_no_data
MH.P0011,True,True,False,False,0,,,,,reported_no_data
MH.P0012,True,True,False,False,0,,,,,reported_no_data
MH.P0013,True,True,False,False,0,,,,,reported_no_data
MH.P0016,True,True,False,False,0,,,,,reported_no_data
MH.P0017,True,True,False,False,0,,,,,reported_no_data
MH.P0018,True,True,False,False,0,,,,,reported_no_data
MH.P0019,True,True,False,False,0,,,,,reported_no_data
MH.P0020,True,True,False,False,0,,,,,reported_no_data
MH.P0021,True,True,False,False,0,,,,,reported_no_data
MH.P0022,True,True,False,False,0,,,,,reported_no_data
MH.P0023,True,True,False,False,0,,,,,reported_no_data
MH.P0024,True,True,False,False,0,,,,,reported_no_data
MH.P0025,True,True,False,False,0,,,,,reported_no_data
MM.KTN,True,True,True,True,1823873432,43.45,2.0,2294.0,1823873432.0,delivered
MM.MDY,True,True,False,False,0,,,,,reported_no_data
MM.NGU,True,True,False,False,0,,,,,reported_no_data
MM.SIM,True,True,True,True,3287521,45.66,2.0,10.0,3287521.0,delivered
MM.TGI,True,True,False,False,0,,,,,reported_no_data
MM.YGN,True,True,True,True,1888100043,43.66,2.0,2250.0,1888100043.0,delivered
MN.BNI,True,False,False,True,4939558128,18.06,1.0,,,in_flight_no_json
MN.CLTB,True,True,True,True,1582099123,43.85,2.0,442.0,1582099123.0,delivered
MN.DIVS,True,True,True,True,61043662,47.63,2.0,186.0,61043662.0,delivered
MN.GFA,True,True,True,True,141540793,46.19,2.0,246.0,141540793.0,delivered
MN.KEG,True,True,False,False,0,,,,,reported_no_data
MN.MEB,True,True,True,True,139935045,23.02,1.0,209.0,139935045.0,delivered
MN.PDG,True,False,False,False,0,,,,,not_yet_reported
MN.RTC,True,True,True,True,196191093,23.13,1.0,346.0,196191093.0,delivered
MN.VSL,True,True,True,True,528492750,22.89,1.0,1197.0,528492750.0,delivered
MN.VTS,True,True,True,True,106308686,23.56,1.0,297.0,106308686.0,delivered
MN.WDD,True,True,True,True,383705695,23.05,1.0,654.0,383705695.0,delivered
MP.AMR2,True,True,False,False,0,,,,,reported_no_data
MP.ANB2,True,True,False,False,0,,,,,reported_no_data
MP.DHK1,True,True,True,True,15521685,22.58,1.0,54.0,15521685.0,delivered
MP.KAR2,True,True,False,False,0,,,,,reported_no_data
MP.KUT1,True,True,False,False,0,,,,,reported_no_data
MP.SAM2,True,True,False,False,0,,,,,reported_no_data
MP.SLY1,True,True,False,False,0,,,,,reported_no_data
MR.MRIV,True,True,False,False,0,,,,,reported_no_data
MU.OXBV,True,True,True,True,59932948,116.75,2.0,31.0,59932948.0,delivered
MU.OXET,True,True,True,True,59478295,114.33,2.0,31.0,59478295.0,delivered
MU.OXNC,True,True,True,True,47640259,119.09,2.0,25.0,47640259.0,delivered
MX.HPIG,True,True,True,True,2348336968,64.04,2.0,3139.0,2348336968.0,delivered
MX.MOIG,True,True,True,True,2125454274,45.4,2.0,173.0,2125454274.0,delivered
MX.ZAIG,True,True,True,True,2819844669,46.41,2.0,52.0,2819844669.0,delivered
MY.KOM,True,True,True,True,945400407,22.42,1.0,1587.0,945400407.0,delivered
MY.KSM,True,True,False,False,0,,,,,reported_no_data
MY.KUM,True,True,True,True,363299121,47.13,2.0,915.0,363299121.0,delivered
MY.SBM,True,True,True,True,749628122,22.46,1.0,1148.0,749628122.0,delivered
MZ.MOCU,True,True,True,True,44627286,45.71,2.0,140.0,44627286.0,delivered
N4.060A,True,True,False,False,0,,,,,reported_no_data
N4.237B,True,True,True,True,2022018,45.3,2.0,6.0,2022018.0,delivered
N4.250A,True,True,True,True,361915419,21.99,1.0,811.0,361915419.0,delivered
N4.257A,True,True,False,False,0,,,,,reported_no_data
N4.441B,True,True,True,True,54162671,23.16,1.0,110.0,54162671.0,delivered
N4.553A,True,True,False,False,0,,,,,reported_no_data
N4.ABTX,True,True,True,True,2715005288,121.25,2.0,2607.0,2715005288.0,delivered
N4.E62A,True,True,True,True,2095585219,88.04,2.0,1111.0,2095585219.0,delivered
N4.G62A,True,True,False,False,0,,,,,reported_no_data
N4.G65A,True,True,True,True,36517369,23.19,1.0,43.0,36517369.0,delivered
N4.K31B,True,True,True,True,16168826,23.36,1.0,18.0,16168826.0,delivered
N4.K43A,True,True,False,False,0,,,,,reported_no_data
N4.K50A,True,True,True,True,37935503,22.81,1.0,75.0,37935503.0,delivered
N4.L34B,True,True,False,False,0,,,,,reported_no_data
N4.L48A,True,True,True,True,26864579,23.31,1.0,31.0,26864579.0,delivered
N4.N41A,True,True,False,False,0,,,,,reported_no_data
N4.P38B,True,True,False,False,0,,,,,reported_no_data
N4.P48A,True,True,False,False,0,,,,,reported_no_data
N4.P51A,True,True,False,False,0,,,,,reported_no_data
N4.R32B,True,True,True,True,27973842,45.24,2.0,86.0,27973842.0,delivered
N4.R40B,True,True,False,False,0,,,,,reported_no_data
N4.R50A,True,True,True,True,1048574,45.4,2.0,3.0,1048574.0,delivered
N4.R53A,True,True,False,False,0,,,,,reported_no_data
N4.R61A,True,True,True,True,5669735,45.8,2.0,18.0,5669735.0,delivered
N4.V51A,True,True,False,False,0,,,,,reported_no_data
N4.V58A,True,True,True,True,69891923,23.26,1.0,134.0,69891923.0,delivered
N4.V61A,True,True,True,True,66549495,23.09,1.0,147.0,66549495.0,delivered
N4.X48A,True,True,True,True,25375557,45.15,2.0,29.0,25375557.0,delivered
N4.Y45B,True,True,False,False,0,,,,,reported_no_data
N4.Y60A,True,True,True,True,15108422,22.89,1.0,17.0,15108422.0,delivered
N4.Z38B,True,True,True,True,76864096,22.75,1.0,136.0,76864096.0,delivered
NB.AGBR,True,True,False,False,0,,,,,reported_no_data
NB.OCBR,True,True,False,False,0,,,,,reported_no_data
NB.PFBR,True,True,False,False,0,,,,,reported_no_data
NB.SBBR,True,True,False,False,0,,,,,reported_no_data
NI.ZOU2,True,True,False,False,0,,,,,reported_no_data
NJ.KAD,True,True,True,True,97077310,101.0,2.0,102.0,97077310.0,delivered
NJ.TORO,True,True,False,False,0,,,,,reported_no_data
NL.HGN,True,True,True,True,501075576,124.04,2.0,572.0,501075576.0,delivered
NM.CLTN,True,True,True,True,53008064,23.14,1.0,164.0,53008064.0,delivered
NM.EUAL,True,True,False,False,0,,,,,reported_no_data
NM.WADM,True,True,True,True,63494948,23.34,1.0,196.0,63494948.0,delivered
NN.DIX,True,True,False,False,0,,,,,reported_no_data
NN.RUB,True,True,True,True,308481325,20.8,1.0,406.0,308481325.0,delivered
NN.SLVR,True,True,True,True,19547114,22.79,1.0,61.0,19547114.0,delivered
NO.JMIC,True,True,True,True,36353934,85.78,2.0,41.0,36353934.0,delivered
NQ.SANFE,True,True,False,False,0,,,,,reported_no_data
NR.NE215,True,True,True,True,533040154,47.45,2.0,278.0,533040154.0,delivered
NR.NE74,True,True,True,True,434169497,44.35,2.0,1007.0,434169497.0,delivered
NR.NE75,True,True,True,True,418961369,22.17,1.0,1113.0,418961369.0,delivered
NR.NE78,True,True,True,True,90069521,46.09,2.0,216.0,90069521.0,delivered
NR.NE79,True,True,True,True,2586558538,44.18,2.0,1345.0,2586558538.0,delivered
NR.NE80,True,True,True,True,1744355892,44.06,2.0,1355.0,1744355892.0,delivered
NR.NE81,True,True,True,True,544946787,44.38,2.0,1332.0,544946787.0,delivered
NR.NE82,True,True,True,True,1118511974,44.28,2.0,1304.0,1118511974.0,delivered
NR.NE83,True,True,True,True,2229332759,44.1,2.0,1414.0,2229332759.0,delivered
NU.BILN,True,True,True,True,56487716,22.39,1.0,175.0,56487716.0,delivered
NU.CSGN,True,True,False,False,0,,,,,reported_no_data
NU.ESPN,True,True,False,False,0,,,,,reported_no_data
NU.SIUN,True,True,True,True,100449598,22.17,1.0,327.0,100449598.0,delivered
NV.NCBC,True,True,False,False,0,,,,,reported_no_data
NY.MAYO,True,True,False,False,0,,,,,reported_no_data
NY.TGTN,True,True,False,False,0,,,,,reported_no_data
NY.WGLY,True,True,False,False,0,,,,,reported_no_data
NZ.URZ,True,True,True,True,7924746643,44.44,2.0,3613.0,7924746643.0,delivered
O2.SC12,True,True,True,True,19163979,22.64,1.0,59.0,19163979.0,delivered
OH.CROH,True,True,True,True,6525331,22.82,1.0,20.0,6525331.0,delivered
OK.HEWI,True,True,True,True,4610488,22.89,1.0,15.0,4610488.0,delivered
OK.OKCFA,True,True,True,True,20097131,23.25,1.0,66.0,20097131.0,delivered
OK.RLO2,True,True,False,False,0,,,,,reported_no_data
OK.WILB,True,True,False,False,0,,,,,reported_no_data
ON.ABR01,True,True,False,False,0,,,,,reported_no_data
ON.ALF01,True,True,True,True,8143989,22.45,1.0,25.0,8143989.0,delivered
ON.ANA01,True,True,False,False,0,,,,,reported_no_data
ON.GDU01,True,True,True,True,9811275,22.59,1.0,32.0,9811275.0,delivered
ON.NAN01,True,True,False,False,0,,,,,reported_no_data
ON.PET01,True,True,False,False,0,,,,,reported_no_data
ON.RIB01,True,True,False,False,0,,,,,reported_no_data
ON.TER01,True,True,True,True,15706468,22.59,1.0,49.0,15706468.0,delivered
ON.TIJ01,True,True,False,False,0,,,,,reported_no_data
ON.VAS01,True,True,False,False,0,,,,,reported_no_data
OV.CCOL,True,True,False,False,0,,,,,reported_no_data
OZ.AWOON,True,True,False,False,0,,,,,reported_no_data
OZ.BOGA,True,True,False,False,0,,,,,reported_no_data
OZ.CURRY,True,True,False,False,0,,,,,reported_no_data
OZ.DTMM,True,True,False,False,0,,,,,reported_no_data
OZ.GRASY,True,True,False,False,0,,,,,reported_no_data
OZ.HKER,True,True,False,False,0,,,,,reported_no_data
OZ.MARG,True,True,False,False,0,,,,,reported_no_data
OZ.MILD,True,True,False,False,0,,,,,reported_no_data
OZ.MRAT,True,True,False,False,0,,,,,reported_no_data
OZ.ROBE,True,True,False,False,0,,,,,reported_no_data
OZ.ROWM,True,True,False,False,0,,,,,reported_no_data
OZ.TOT,True,True,False,False,0,,,,,reported_no_data
PB.B934,True,True,True,True,6040549739,112.24,2.0,6253.0,6040549739.0,delivered
PB.GUAX,True,True,False,False,0,,,,,reported_no_data
PE.PAKC,True,True,True,True,11661672,23.57,1.0,36.0,11661672.0,delivered
PE.PBL2,True,True,False,False,0,,,,,reported_no_data
PE.PN1,True,True,False,False,0,,,,,reported_no_data
PE.PSSK,True,True,True,True,5554265,23.6,1.0,18.0,5554265.0,delivered
PL.BEL,True,False,False,True,1490559320,0.0,1.0,,,in_flight_no_json
PL.HSPB,True,False,False,True,1598316572,0.31,1.0,,,in_flight_no_json
PL.KWP,True,True,True,True,43083366,47.59,2.0,132.0,43083366.0,delivered
PL.NIE,True,False,False,True,1586747097,0.01,1.0,,,in_flight_no_json
PM.PESTR,True,True,True,True,12475524988,92.5,2.0,6478.0,12475524988.0,delivered
PM.PFVI,True,True,True,True,12572220911,114.02,2.0,6703.0,12572220911.0,delivered
PM.PMOZ,True,True,False,False,0,,,,,reported_no_data
PN.PPRMH,True,True,True,True,24698256,108.68,2.0,80.0,24698256.0,delivered
PO.ACTO,True,True,False,False,0,,,,,reported_no_data
PO.KJKQ,True,True,False,False,0,,,,,reported_no_data
PO.LATQ,True,True,True,True,15374508,22.56,1.0,47.0,15374508.0,delivered
PO.MATQ,True,True,False,False,0,,,,,reported_no_data
PO.MEDO,True,True,False,False,0,,,,,reported_no_data
PO.NANL,True,True,False,False,0,,,,,reported_no_data
PO.NWRL,True,True,False,False,0,,,,,reported_no_data
PQ.CMBN,True,True,True,True,2532605,45.44,2.0,8.0,2532605.0,delivered
PQ.KLONY,True,True,False,False,0,,,,,reported_no_data
PQ.LHLYB,True,True,True,True,19217884,22.79,1.0,59.0,19217884.0,delivered
PQ.NAB2,True,True,True,True,14873991,22.44,1.0,84.0,14873991.0,delivered
PQ.NBC3,True,True,True,True,6978074,22.67,1.0,33.0,6978074.0,delivered
PQ.NBC8,True,True,True,True,375535584,20.37,1.0,612.0,375535584.0,delivered
PQ.RICHY,True,True,False,False,0,,,,,reported_no_data
PQ.TUKN,True,True,False,False,0,,,,,reported_no_data
PQ.ULUN,True,True,False,False,0,,,,,reported_no_data
PR.IMPR,True,True,False,False,0,,,,,reported_no_data
PR.SNC1,True,True,False,False,0,,,,,reported_no_data
PS.CHUK,True,True,True,True,1540012542,66.58,2.0,774.0,1540012542.0,delivered
PS.GTC1,True,True,False,False,0,,,,,reported_no_data
PS.JAY,True,True,True,True,2772872365,60.35,2.0,1423.0,2772872365.0,delivered
PS.KOR,True,True,True,True,2139407035,63.81,2.0,1073.0,2139407035.0,delivered
PS.MCSJ,True,True,True,True,4483044335,77.41,2.0,4648.0,4483044335.0,delivered
PS.PSI,True,True,True,True,16335653510,45.51,2.0,266.0,16335653510.0,delivered
PS.SYO,True,True,True,True,19722675555,45.4,2.0,1965.0,19722675555.0,delivered
PS.TGY,True,True,True,True,26418837,125.04,2.0,219.0,26418837.0,delivered
PS.TSK,True,True,True,True,810532060,22.51,1.0,1754.0,810532060.0,delivered
PS.VIVO,True,True,True,True,2919890057,46.64,2.0,1490.0,2919890057.0,delivered
QC.00877,True,True,False,False,0,,,,,reported_no_data
QZ.AKST,True,True,True,True,255361868,45.01,2.0,264.0,255361868.0,delivered
QZ.ALGA,True,True,True,True,459505476,44.94,2.0,475.0,459505476.0,delivered
QZ.BRZS,True,True,True,True,66215533,45.02,2.0,204.0,66215533.0,delivered
QZ.CHM,True,True,False,False,0,,,,,reported_no_data
QZ.FDRN,True,True,True,True,342555782,45.01,2.0,470.0,342555782.0,delivered
QZ.INDER,True,True,True,True,454704572,44.99,2.0,470.0,454704572.0,delivered
QZ.SEM,True,True,False,False,0,,,,,reported_no_data
QZ.TDK,True,True,False,False,0,,,,,reported_no_data
QZ.USHN,True,True,True,True,375516907,45.29,2.0,393.0,375516907.0,delivered
QZ.ZHTS,True,True,False,False,0,,,,,reported_no_data
QZ.ZSN,True,True,True,True,66208287,45.02,2.0,204.0,66208287.0,delivered
RE.BRBY3,True,True,False,False,0,,,,,reported_no_data
RM.DLV,True,True,True,True,7083852880,69.79,2.0,3703.0,7083852880.0,delivered
RM.SLV,True,True,True,True,7907309527,50.85,2.0,4135.0,7907309527.0,delivered
RM.SZP,True,True,False,False,0,,,,,reported_no_data
RS.RSNT,True,True,True,True,165416462,45.28,2.0,308.0,165416462.0,delivered
RS.RSON,True,True,True,True,366967035,45.23,2.0,378.0,366967035.0,delivered
RU.ANN,True,True,False,False,0,,,,,reported_no_data
RU.ERBR,True,True,False,False,0,,,,,reported_no_data
RU.R27,True,True,False,False,0,,,,,reported_no_data
RU.VSLR,True,True,False,False,0,,,,,reported_no_data
RV.ASHMA,True,True,False,False,0,,,,,reported_no_data
RV.DEDWA,True,True,False,False,0,,,,,reported_no_data
RV.KAKWA,True,True,False,False,0,,,,,reported_no_data
RV.SWHSA,True,True,True,True,126312652,22.13,1.0,393.0,126312652.0,delivered
S1.AUALB,True,True,True,True,117330936,23.61,1.0,126.0,117330936.0,delivered
S1.AUALC,True,True,True,True,118678134,22.53,1.0,214.0,118678134.0,delivered
S1.AUAPY,True,True,True,True,84476098,43.99,2.0,42.0,84476098.0,delivered
S1.AUAYR,True,True,True,True,124482928,23.45,1.0,217.0,124482928.0,delivered
S1.AUBRM,True,True,False,False,0,,,,,reported_no_data
S1.AUBUS,True,True,True,True,3926246488,38.19,2.0,996.0,3926246488.0,delivered
S1.AUCAR,True,False,False,True,2193293141,0.01,1.0,,,in_flight_no_json
S1.AUCAS,True,True,True,True,2625669,23.61,1.0,7.0,2625669.0,delivered
S1.AUCSH,True,True,True,True,118933577,22.46,1.0,205.0,118933577.0,delivered
S1.AUDCS,True,True,True,True,190313330,23.29,1.0,321.0,190313330.0,delivered
S1.AUDHS,True,True,True,True,210651467,23.38,1.0,278.0,210651467.0,delivered
S1.AUGRF,True,True,True,True,91275022,22.63,1.0,138.0,91275022.0,delivered
S1.AUHPC,True,True,True,True,507290874,22.17,1.0,601.0,507290874.0,delivered
S1.AUJCS,True,True,True,True,140258932,22.46,1.0,262.0,140258932.0,delivered
S1.AUKAL,True,True,True,True,299486844,42.14,2.0,792.0,299486844.0,delivered
S1.AUKAR,True,True,True,True,118630348,22.65,1.0,134.0,118630348.0,delivered
S1.AUKAT,True,True,False,False,0,,,,,reported_no_data
S1.AUMAZ,True,True,True,True,444993268,22.21,1.0,459.0,444993268.0,delivered
S1.AUMOU,True,True,True,True,90025718,43.59,2.0,283.0,90025718.0,delivered
S1.AUMUL,True,True,True,True,25464091,22.93,1.0,32.0,25464091.0,delivered
S1.AUNHS,True,True,False,False,0,,,,,reported_no_data
S1.AUPHS,True,True,True,True,165465077,23.24,1.0,205.0,165465077.0,delivered
S1.AUROX,True,True,True,True,118410457,22.47,1.0,134.0,118410457.0,delivered
S1.AUTAR,True,True,True,True,226703709,23.4,1.0,416.0,226703709.0,delivered
S1.AUTKS,True,True,False,False,0,,,,,reported_no_data
S1.AUUHS,True,True,True,True,129079146,23.38,1.0,242.0,129079146.0,delivered
SC.DAG,True,True,False,False,0,,,,,reported_no_data
SN.AMD,True,False,False,True,5032003857,0.4,1.0,,,in_flight_no_json
SN.WG02,True,True,False,False,0,,,,,reported_no_data
SP.DFORK,True,True,True,True,1306767,75.18,2.0,2.0,1306767.0,delivered
SR.BCAO,True,True,True,True,2696323032,43.67,2.0,2848.0,2696323032.0,delivered
SR.MAIO,True,True,True,True,182572059,45.5,2.0,390.0,182572059.0,delivered
SR.NWAO,True,True,True,True,459727353,47.71,2.0,695.0,459727353.0,delivered
SV.RBDL,True,True,False,False,0,,,,,reported_no_data
TA.A10A,True,True,True,True,61757355,22.98,1.0,175.0,61757355.0,delivered
TA.B13A,True,True,False,False,0,,,,,reported_no_data
TA.B15A,True,True,False,False,0,,,,,reported_no_data
TA.B18A,True,True,False,False,0,,,,,reported_no_data
TA.B21A,True,True,True,True,9180642,23.32,1.0,29.0,9180642.0,delivered
TA.B33A,True,True,False,False,0,,,,,reported_no_data
TA.C06A,True,True,True,True,25133898,23.38,1.0,78.0,25133898.0,delivered
TA.C09A,True,True,True,True,136086073,23.24,1.0,339.0,136086073.0,delivered
TA.C11A,True,True,False,False,0,,,,,reported_no_data
TA.E41A,True,True,True,True,29089347,23.41,1.0,90.0,29089347.0,delivered
TA.F34A,True,True,False,False,0,,,,,reported_no_data
TA.F39A,True,True,True,True,14109621,22.89,1.0,44.0,14109621.0,delivered
TA.F44A,True,True,True,True,51352544,23.29,1.0,105.0,51352544.0,delivered
TA.G16A,True,True,True,True,19261416,23.28,1.0,60.0,19261416.0,delivered
TA.G18A,True,True,False,False,0,,,,,reported_no_data
TA.G42A,True,True,False,False,0,,,,,reported_no_data
TA.I11A,True,True,True,True,87532489,23.51,1.0,46.0,87532489.0,delivered
TA.I40A,True,True,False,False,0,,,,,reported_no_data
TA.J36A,True,True,True,True,41584422,23.3,1.0,76.0,41584422.0,delivered
TA.J45A,True,True,True,True,12827674,23.0,1.0,40.0,12827674.0,delivered
TA.J48A,True,True,False,False,0,,,,,reported_no_data
TA.J59A,True,True,False,False,0,,,,,reported_no_data
TA.K20A,True,True,False,False,0,,,,,reported_no_data
TA.L39A,True,True,False,False,0,,,,,reported_no_data
TA.L41A,True,True,False,False,0,,,,,reported_no_data
TA.M43A,True,True,False,False,0,,,,,reported_no_data
TA.N49A,True,True,False,False,0,,,,,reported_no_data
TA.N63A,True,True,True,True,47597775,23.39,1.0,113.0,47597775.0,delivered
TA.O36A,True,True,True,True,31393260,23.16,1.0,97.0,31393260.0,delivered
TA.O61A,True,True,False,False,0,,,,,reported_no_data
TA.Q42A,True,True,False,False,0,,,,,reported_no_data
TA.Q56A,True,True,True,True,98364346,23.15,1.0,300.0,98364346.0,delivered
TA.R37A,True,True,False,False,0,,,,,reported_no_data
TA.S56A,True,True,True,True,181310419,23.32,1.0,273.0,181310419.0,delivered
TA.T39A,True,True,False,False,0,,,,,reported_no_data
TA.Z50A,True,True,True,True,107525711,22.86,1.0,144.0,107525711.0,delivered
TA.Z58A,True,True,True,True,78999224,23.53,1.0,234.0,78999224.0,delivered
TC.ICC3,True,True,False,False,0,,,,,reported_no_data
TC.TRT1,True,True,True,True,25855894,47.06,2.0,86.0,25855894.0,delivered
TD.TD009,True,True,True,True,49994524,23.32,1.0,158.0,49994524.0,delivered
TJ.CHGR,True,False,False,True,690487169,11.03,1.0,,,in_flight_no_json
TJ.GEZN,True,False,False,True,1239589970,10.61,1.0,,,in_flight_no_json
TJ.MANEM,True,True,False,False,0,,,,,reported_no_data
TJ.MURGB,True,True,False,False,0,,,,,reported_no_data
TJ.SHAA,True,True,False,False,0,,,,,reported_no_data
TM.CHBT,True,True,True,True,17835531,22.58,1.0,47.0,17835531.0,delivered
TM.CMAI,True,False,False,True,321643272,12.73,1.0,,,in_flight_no_json
TM.CRAI,True,True,True,True,18613465,47.5,2.0,57.0,18613465.0,delivered
TM.LOEI,True,True,True,True,45920890,23.2,1.0,141.0,45920890.0,delivered
TM.NAYO,True,False,False,True,235011130,13.19,1.0,,,in_flight_no_json
TM.NONG,True,True,False,False,0,,,,,reported_no_data
TM.PANO,True,True,False,False,0,,,,,reported_no_data
TM.PHRA,True,True,False,False,0,,,,,reported_no_data
TM.PRAC,True,True,True,True,18580465,47.34,2.0,25.0,18580465.0,delivered
TM.SKLT,True,False,False,True,61829427,8.65,1.0,,,in_flight_no_json
TM.SRDT,True,True,True,True,3860891,47.51,2.0,14.0,3860891.0,delivered
TM.SRIT,True,True,True,True,114008945,23.26,1.0,274.0,114008945.0,delivered
TM.UBPT,True,True,False,False,0,,,,,reported_no_data
TO.CARR,True,True,False,False,0,,,,,reported_no_data
TO.CC08,True,True,True,True,49074301,22.89,1.0,154.0,49074301.0,delivered
TO.EGIP,True,True,False,False,0,,,,,reported_no_data
TO.MONT,True,True,False,False,0,,,,,reported_no_data
TO.MULU,True,True,False,False,0,,,,,reported_no_data
TO.PE03,True,True,True,True,24463360,22.77,1.0,76.0,24463360.0,delivered
TO.PG01,True,True,False,False,0,,,,,reported_no_data
TO.PG20,True,True,False,False,0,,,,,reported_no_data
TO.PH20,True,True,False,False,0,,,,,reported_no_data
TO.SAFR,True,True,False,False,0,,,,,reported_no_data
TR.DLPL,True,True,False,False,0,,,,,reported_no_data
TR.TOSP,True,True,True,True,329901578,43.87,2.0,512.0,329901578.0,delivered
TT.TAMR,True,True,False,False,0,,,,,reported_no_data
TT.TATN,True,True,True,True,2584670907,104.0,2.0,1437.0,2584670907.0,delivered
TT.THTN,True,True,False,False,0,,,,,reported_no_data
TW.KMNB,True,True,True,True,2990294803,43.86,2.0,4734.0,2990294803.0,delivered
TW.MATB,True,True,True,True,667785120,43.48,2.0,292.0,667785120.0,delivered
TW.VDOS,True,True,False,False,0,,,,,reported_no_data
TW.VNAS,True,True,False,False,0,,,,,reported_no_data
TX.435B,True,False,False,True,165774690,19.29,1.0,,,in_flight_no_json
TX.BRDY,True,False,False,True,21232988,8.1,1.0,,,in_flight_no_json
TX.DKNS,True,False,False,True,31159849,7.59,1.0,,,in_flight_no_json
TX.ELG6,True,True,False,False,0,,,,,reported_no_data
TX.MLDN,True,False,False,True,14408184,12.13,1.0,,,in_flight_no_json
TX.PB07,True,False,False,True,1443247390,11.55,1.0,,,in_flight_no_json
UK.STED,True,True,True,True,32904584,22.56,1.0,104.0,32904584.0,delivered
UO.LAIR,True,True,True,True,18783150,22.52,1.0,62.0,18783150.0,delivered
UO.RSBO,True,True,True,True,38266517,22.45,1.0,119.0,38266517.0,delivered
UO.TOMA,True,True,False,False,0,,,,,reported_no_data
US.AMTX,True,True,False,False,0,,,,,reported_no_data
US.DGMT,True,True,True,True,90604187,23.56,1.0,221.0,90604187.0,delivered
US.DUG,True,True,True,True,570955771,22.66,1.0,1099.0,570955771.0,delivered
US.ECSD,True,True,True,True,172710014,22.8,1.0,454.0,172710014.0,delivered
US.GLMI,True,True,False,False,0,,,,,reported_no_data
US.HAWA,True,False,False,True,10250570035,13.89,1.0,,,in_flight_no_json
US.JCT,True,True,True,True,271201092,23.02,1.0,651.0,271201092.0,delivered
US.KNB,True,True,False,False,0,,,,,reported_no_data
US.KSU1,True,True,False,False,0,,,,,reported_no_data
US.LAO,True,True,True,True,238621283,23.14,1.0,639.0,238621283.0,delivered
US.MSO,True,True,False,False,0,,,,,reported_no_data
US.MVCO,True,True,True,True,187297849,22.75,1.0,476.0,187297849.0,delivered
US.OGNE,True,True,False,False,0,,,,,reported_no_data
US.VBMS,True,True,True,True,80433290,23.62,1.0,241.0,80433290.0,delivered
UU.BSUT,True,True,True,True,26115376,23.2,1.0,81.0,26115376.0,delivered
UU.CVRU,True,True,False,False,0,,,,,reported_no_data
UU.HVU,True,True,False,False,0,,,,,reported_no_data
UU.PSUT,True,True,True,True,107627806,23.2,1.0,333.0,107627806.0,delivered
UU.RDMU,True,True,False,False,0,,,,,reported_no_data
VE.BAUV,True,True,True,True,819260980,43.39,2.0,1349.0,819260980.0,delivered
VE.CAIV,True,True,True,True,11077340,22.91,1.0,36.0,11077340.0,delivered
VE.ELOV,True,True,False,False,0,,,,,reported_no_data
VE.GUNV,True,True,False,False,0,,,,,reported_no_data
VE.IMOV,True,True,True,True,6948049,22.88,1.0,23.0,6948049.0,delivered
VE.JACV,True,True,False,False,0,,,,,reported_no_data
VE.LUEV,True,True,False,False,0,,,,,reported_no_data
VE.PAYV,True,True,False,False,0,,,,,reported_no_data
VE.RIOV,True,True,False,False,0,,,,,reported_no_data
VU.RTV,True,True,True,True,8601892,22.99,1.0,27.0,8601892.0,delivered
WF.SPG,True,True,True,True,16603235,22.73,1.0,52.0,16603235.0,delivered
WI.SLBI,True,False,False,True,75290564,2.54,1.0,,,in_flight_no_json
WM.UCM,True,True,True,True,164739306,43.15,2.0,510.0,164739306.0,delivered
WU.TOBO,True,True,True,True,38519035,23.17,1.0,121.0,38519035.0,delivered
WY.YHR,True,True,True,True,9465260,22.57,1.0,30.0,9465260.0,delivered
X1.LW2,True,True,False,False,0,,,,,reported_no_data
X1.NKF01,True,True,False,False,0,,,,,reported_no_data
X2.260,True,True,True,True,268281413,47.2,2.0,278.0,268281413.0,delivered
X2.281,True,True,True,True,350062102,45.92,2.0,368.0,350062102.0,delivered
X2.CRAT,True,True,False,False,0,,,,,reported_no_data
X2.PG1,True,True,False,False,0,,,,,reported_no_data
X3.OBS01,True,True,False,False,0,,,,,reported_no_data
X4.A01,True,True,True,True,42901034,46.6,2.0,81.0,42901034.0,delivered
X4.A07,True,True,True,True,30485246,115.87,2.0,33.0,30485246.0,delivered
X4.C13,True,True,False,False,0,,,,,reported_no_data
X4.D08,True,True,True,True,6254698,46.5,2.0,19.0,6254698.0,delivered
X4.D11,True,True,True,True,150104203,57.83,2.0,158.0,150104203.0,delivered
X4.D26,True,True,True,True,502720907,102.8,2.0,522.0,502720907.0,delivered
X4.F06,True,True,True,True,141177837,75.37,2.0,147.0,141177837.0,delivered
X4.GS01,True,True,False,False,0,,,,,reported_no_data
X4.GS09,True,True,True,True,9640912,23.06,1.0,30.0,9640912.0,delivered
X4.GS12,True,True,False,False,0,,,,,reported_no_data
X4.GS18,True,True,False,False,0,,,,,reported_no_data
X4.H01,True,True,True,True,66066979,23.04,1.0,143.0,66066979.0,delivered
X4.H05,True,True,True,True,82183812,23.07,1.0,153.0,82183812.0,delivered
X4.H13,True,True,False,False,0,,,,,reported_no_data
X4.H19,True,True,False,False,0,,,,,reported_no_data
X4.H22,True,True,False,False,0,,,,,reported_no_data
X4.LR13,True,True,True,True,295709185,47.53,2.0,306.0,295709185.0,delivered
X5.CHIN,True,True,False,False,0,,,,,reported_no_data
X5.CTSN,True,True,True,True,90175064,22.78,1.0,166.0,90175064.0,delivered
X5.JENN,True,True,False,False,0,,,,,reported_no_data
X5.KIMN,True,True,True,True,58929062,23.02,1.0,137.0,58929062.0,delivered
X5.MARN,True,True,False,False,0,,,,,reported_no_data
X5.MNGN,True,True,False,False,0,,,,,reported_no_data
X5.NOTN,True,True,False,False,0,,,,,reported_no_data
X5.PNGN,True,True,False,False,0,,,,,reported_no_data
X5.SHMN,True,True,False,False,0,,,,,reported_no_data
X6.DEAD,True,True,False,False,0,,,,,reported_no_data
X6.NS10,True,True,True,True,46599054,45.98,2.0,8.0,46599054.0,delivered
X6.RB1,True,True,False,False,0,,,,,reported_no_data
X7.MC06,True,True,False,False,0,,,,,reported_no_data
X7.MC14,True,True,False,False,0,,,,,reported_no_data
X7.WA33,True,True,True,True,119296780,47.1,2.0,123.0,119296780.0,delivered
X8.COSY,True,True,False,False,0,,,,,reported_no_data
X8.QM38,True,True,True,True,711282800,45.98,2.0,735.0,711282800.0,delivered
X8.QM58,True,True,True,True,497331456,121.31,2.0,516.0,497331456.0,delivered
X8.QM76,True,True,True,True,563272073,85.86,2.0,585.0,563272073.0,delivered
X8.QM90,True,True,True,True,517876317,102.98,2.0,540.0,517876317.0,delivered
X8.QMM5,True,True,True,True,873566463,45.4,2.0,948.0,873566463.0,delivered
X9.BB240,True,True,True,True,4138202,23.02,1.0,13.0,4138202.0,delivered
X9.BB420,True,True,True,True,360253947,46.62,2.0,372.0,360253947.0,delivered
X9.T2S4A,True,True,False,False,0,,,,,reported_no_data
X9.YA03,True,True,False,False,0,,,,,reported_no_data
XA.AX08,True,True,True,True,551403836,92.88,2.0,562.0,551403836.0,delivered
XA.CHUK,True,True,True,True,207654973,47.38,2.0,215.0,207654973.0,delivered
XA.EP15,True,True,True,True,279152353,46.79,2.0,367.0,279152353.0,delivered
XA.GP03,True,True,True,True,444445806,124.23,2.0,460.0,444445806.0,delivered
XA.MM01,True,True,True,True,575047940,46.34,2.0,134.0,575047940.0,delivered
XA.O07H,True,True,False,False,0,,,,,reported_no_data
XA.S11,True,True,False,False,0,,,,,reported_no_data
XA.S12,True,True,False,False,0,,,,,reported_no_data
XA.S14,True,True,False,False,0,,,,,reported_no_data
XA.S15,True,True,False,False,0,,,,,reported_no_data
XA.S16,True,True,False,False,0,,,,,reported_no_data
XA.SA01,True,True,True,True,488964800,115.8,2.0,510.0,488964800.0,delivered
XA.SA03,True,True,True,True,252368286,47.47,2.0,261.0,252368286.0,delivered
XA.SA04,True,True,True,True,346009539,46.82,2.0,358.0,346009539.0,delivered
XA.SA10,True,True,True,True,249879124,47.49,2.0,260.0,249879124.0,delivered
XA.SA18,True,True,True,True,20170286,47.37,2.0,62.0,20170286.0,delivered
XA.SA20,True,True,False,False,0,,,,,reported_no_data
XA.SA26,True,True,True,True,315871591,47.1,2.0,330.0,315871591.0,delivered
XA.SA29,True,True,True,True,336602624,46.97,2.0,350.0,336602624.0,delivered
XA.SA35,True,True,True,True,250780536,47.52,2.0,264.0,250780536.0,delivered
XA.SA38,True,True,True,True,55202255,46.08,2.0,171.0,55202255.0,delivered
XA.SA60,True,True,True,True,328833179,46.93,2.0,340.0,328833179.0,delivered
XA.SA64,True,True,True,True,300721182,46.93,2.0,315.0,300721182.0,delivered
XA.SA71,True,True,True,True,251922599,47.07,2.0,13.0,251922599.0,delivered
XA.SA73,True,True,True,True,317346063,47.16,2.0,328.0,317346063.0,delivered
XA.SA76,True,True,True,True,5503586,46.15,2.0,17.0,5503586.0,delivered
XA.SA80,True,True,True,True,327683042,47.01,2.0,339.0,327683042.0,delivered
XA.SA81,True,True,True,True,193730406,123.53,2.0,239.0,193730406.0,delivered
XB.ALIE5,True,True,False,False,0,,,,,reported_no_data
XB.CHAZ,True,True,True,True,308088841,59.33,2.0,161.0,308088841.0,delivered
XB.CM01,True,True,False,False,0,,,,,reported_no_data
XB.CM02,True,True,False,False,0,,,,,reported_no_data
XB.CM03,True,True,True,True,144356868,23.13,1.0,270.0,144356868.0,delivered
XB.CM06,True,True,True,True,58185659,23.07,1.0,154.0,58185659.0,delivered
XB.CM11,True,True,False,False,0,,,,,reported_no_data
XB.CM16,True,True,False,False,0,,,,,reported_no_data
XB.CM17,True,True,False,False,0,,,,,reported_no_data
XB.CM24,True,True,False,False,0,,,,,reported_no_data
XB.CM27,True,True,False,False,0,,,,,reported_no_data
XB.CM29,True,True,False,False,0,,,,,reported_no_data
XB.CM31,True,True,False,False,0,,,,,reported_no_data
XB.ELEF,True,True,False,False,0,,,,,reported_no_data
XB.FREI,True,True,True,True,85451077,44.75,2.0,55.0,85451077.0,delivered
XB.HAMB,True,True,True,True,444846821,86.57,2.0,235.0,444846821.0,delivered
XB.HT12,True,True,False,False,0,,,,,reported_no_data
XB.KAPU,True,True,True,True,185064421,107.19,2.0,100.0,185064421.0,delivered
XB.KDVU,True,True,True,True,27265313,46.33,2.0,84.0,27265313.0,delivered
XB.LOWI,True,True,False,False,0,,,,,reported_no_data
XB.NIUE,True,True,True,True,173372172,46.47,2.0,289.0,173372172.0,delivered
XB.NRT6,True,True,False,False,0,,,,,reported_no_data
XB.PAPL,True,True,True,True,254319778,94.15,2.0,133.0,254319778.0,delivered
XB.PM04,True,True,True,True,57670012,22.77,1.0,168.0,57670012.0,delivered
XB.PM18,True,True,True,True,22462028,45.3,2.0,27.0,22462028.0,delivered
XB.PM25,True,True,True,True,9416150,22.8,1.0,16.0,9416150.0,delivered
XB.PM35,True,True,True,True,8935297,44.75,2.0,11.0,8935297.0,delivered
XB.POP2,True,True,True,True,250033376,93.91,2.0,134.0,250033376.0,delivered
XB.PS16,True,True,False,False,0,,,,,reported_no_data
XB.PS37,True,True,False,False,0,,,,,reported_no_data
XB.PS57,True,True,True,True,93487698,45.5,2.0,2.0,93487698.0,delivered
XC.AMDO,True,True,False,False,0,,,,,reported_no_data
XC.FL014,True,True,False,False,0,,,,,reported_no_data
XC.FL022,True,True,False,False,0,,,,,reported_no_data
XC.MAQI,True,True,True,True,8902867,23.11,1.0,106.0,8902867.0,delivered
XC.NB08,True,True,True,True,253904,23.24,1.0,1.0,253904.0,delivered
XC.NV009,True,True,False,False,0,,,,,reported_no_data
XC.NV012,True,True,False,False,0,,,,,reported_no_data
XC.OR061,True,True,False,False,0,,,,,reported_no_data
XC.OR088,True,True,True,True,526108660,45.05,2.0,562.0,526108660.0,delivered
XC.OR100,True,True,True,True,72542043,46.18,2.0,218.0,72542043.0,delivered
XD.C02,True,True,False,False,0,,,,,reported_no_data
XD.DCD,True,True,False,False,0,,,,,reported_no_data
XD.DELB,True,True,False,False,0,,,,,reported_no_data
XD.EBM,True,True,False,False,0,,,,,reported_no_data
XD.HALE,True,True,True,True,506560427,47.16,2.0,86.0,506560427.0,delivered
XD.HOT16,True,True,True,True,29910946,45.6,2.0,86.0,29910946.0,delivered
XD.HOT28,True,True,False,False,0,,,,,reported_no_data
XD.INZA,True,True,True,True,347150505,47.01,2.0,192.0,347150505.0,delivered
XD.JYG,True,True,False,False,0,,,,,reported_no_data
XD.KIBA,True,True,True,True,516096262,47.41,2.0,274.0,516096262.0,delivered
XD.KOMO,True,True,True,True,593192598,47.09,2.0,104.0,593192598.0,delivered
XD.KUL2,True,True,False,False,0,,,,,reported_no_data
XD.MISC,True,True,False,False,0,,,,,reported_no_data
XD.PSP03,True,True,False,False,0,,,,,reported_no_data
XD.RUNG,True,True,True,True,676115638,46.71,2.0,357.0,676115638.0,delivered
XD.SING,True,True,True,True,55217641,46.54,2.0,171.0,55217641.0,delivered
XD.URAM,True,True,True,True,498254110,47.22,2.0,275.0,498254110.0,delivered
XD.ZHY,True,True,False,False,0,,,,,reported_no_data
XE.CC07,True,True,True,True,123469272,46.21,2.0,140.0,123469272.0,delivered
XE.CC12,True,True,True,True,16379688,122.57,2.0,19.0,16379688.0,delivered
XE.CRUZ,True,True,True,True,271851980,47.4,2.0,309.0,271851980.0,delivered
XE.EC01,True,True,True,True,306322827,47.03,2.0,320.0,306322827.0,delivered
XE.EE02,True,True,True,True,88420654,46.64,2.0,358.0,88420654.0,delivered
XE.EE04,True,True,True,True,128963453,46.19,2.0,259.0,128963453.0,delivered
XE.ES03,True,True,False,False,0,,,,,reported_no_data
XE.ES11,True,True,False,False,0,,,,,reported_no_data
XE.ES18,True,True,True,True,135958040,23.02,1.0,122.0,135958040.0,delivered
XE.ES19,True,True,True,True,89489480,23.02,1.0,71.0,89489480.0,delivered
XE.ES28,True,True,False,False,0,,,,,reported_no_data
XE.ES31,True,True,False,False,0,,,,,reported_no_data
XE.LAJO,True,True,True,True,171344342,53.28,2.0,182.0,171344342.0,delivered
XE.PACH,True,True,True,True,133190128,86.48,2.0,138.0,133190128.0,delivered
XE.RAUL,True,True,True,True,55629078,111.75,2.0,59.0,55629078.0,delivered
XE.ROSL,True,True,True,True,229959255,46.25,2.0,318.0,229959255.0,delivered
XE.SALI,True,True,False,False,0,,,,,reported_no_data
XE.SNP22,True,True,False,False,0,,,,,reported_no_data
XE.SNPG9,True,True,False,False,0,,,,,reported_no_data
XE.UYUN,True,True,True,True,228286205,47.36,2.0,244.0,228286205.0,delivered
XE.WC02,True,True,False,False,0,,,,,reported_no_data
XE.WW01,True,True,True,True,242595975,47.34,2.0,1.0,242595975.0,delivered
XE.WW03,True,True,True,True,13678974,46.51,2.0,42.0,13678974.0,delivered
XF.B01,True,True,False,False,0,,,,,reported_no_data
XF.B18,True,True,False,False,0,,,,,reported_no_data
XF.DN3C,True,True,True,True,13602947,23.27,1.0,22.0,13602947.0,delivered
XF.E06,True,True,False,False,0,,,,,reported_no_data
XF.ET14,True,True,False,False,0,,,,,reported_no_data
XF.GOAT,True,True,True,True,356226313,125.21,2.0,455.0,356226313.0,delivered
XF.H0650,True,True,False,False,0,,,,,reported_no_data
XF.H1210,True,True,False,False,0,,,,,reported_no_data
XF.H1415,True,True,False,False,0,,,,,reported_no_data
XF.H1630,True,True,False,False,0,,,,,reported_no_data
XF.L02,True,True,False,False,0,,,,,reported_no_data
XF.MA28,True,True,True,True,164616480,125.36,2.0,505.0,164616480.0,delivered
XF.MA36,True,True,True,True,164962426,125.13,2.0,506.0,164962426.0,delivered
XF.MA40,True,True,False,False,0,,,,,reported_no_data
XF.MA66,True,True,True,True,7697977,120.44,2.0,24.0,7697977.0,delivered
XF.NE1,True,True,True,True,45262625,22.88,1.0,53.0,45262625.0,delivered
XF.NE2,True,True,False,False,0,,,,,reported_no_data
XF.NE3,True,True,False,False,0,,,,,reported_no_data
XF.NE4,True,True,True,True,1084703441,86.77,2.0,562.0,1084703441.0,delivered
XF.NE5,True,True,True,True,173838671,22.82,1.0,198.0,173838671.0,delivered
XF.NE6,True,True,False,False,0,,,,,reported_no_data
XF.NG010,True,True,False,False,0,,,,,reported_no_data
XF.NJANA,True,True,True,True,10849268,23.22,1.0,27.0,10849268.0,delivered
XF.NP100,True,True,True,True,29656963,23.19,1.0,49.0,29656963.0,delivered
XF.STC5,True,True,True,True,97031323,112.9,2.0,52.0,97031323.0,delivered
XG.BYBT,True,True,True,True,52577604,22.92,1.0,162.0,52577604.0,delivered
XG.CES,True,True,False,False,0,,,,,reported_no_data
XG.DGSU,True,True,False,False,0,,,,,reported_no_data
XG.ELSH,True,True,True,True,16747851,22.82,1.0,53.0,16747851.0,delivered
XG.ERGN,True,True,False,False,0,,,,,reported_no_data
XG.HUB03,True,True,True,True,92475906,107.29,2.0,98.0,92475906.0,delivered
XG.KTLN,True,True,False,False,0,,,,,reported_no_data
XG.MJPU,True,True,True,True,8798088,22.84,1.0,28.0,8798088.0,delivered
XG.MSDY,True,True,False,False,0,,,,,reported_no_data
XG.SAB01,True,True,True,True,81322572,107.66,2.0,86.0,81322572.0,delivered
XG.SQUAN,True,True,False,False,0,,,,,reported_no_data
XG.WSG,True,True,True,True,1504926,23.32,1.0,15.0,1504926.0,delivered
XG.XZHOU,True,True,True,True,38038337,23.04,1.0,117.0,38038337.0,delivered
XH.DR02,True,True,False,False,0,,,,,reported_no_data
XH.DR15,True,True,False,False,0,,,,,reported_no_data
XH.DR16,True,True,False,False,0,,,,,reported_no_data
XH.ESP03,True,True,False,False,0,,,,,reported_no_data
XH.KUL,True,True,False,False,0,,,,,reported_no_data
XH.RS02,True,True,False,False,0,,,,,reported_no_data
XH.RS06,True,True,True,True,29371966,45.87,2.0,4.0,29371966.0,delivered
XH.RS08,True,True,True,True,123182132,22.89,1.0,135.0,123182132.0,delivered
XH.RS10,True,True,True,True,33717886,22.82,1.0,35.0,33717886.0,delivered
XH.RS12,True,True,True,True,241746087,22.78,1.0,336.0,241746087.0,delivered
XH.RS15,True,True,True,True,26283204,45.97,2.0,42.0,26283204.0,delivered
XH.RS17,True,True,True,True,11604684,46.07,2.0,10.0,11604684.0,delivered
XH.RTS,True,True,False,False,0,,,,,reported_no_data
XH.S22,True,True,False,False,0,,,,,reported_no_data
XI.AFIF,True,True,True,True,52784984,23.03,1.0,55.0,52784984.0,delivered
XI.CHEF,True,True,True,True,165190840,23.13,1.0,145.0,165190840.0,delivered
XI.CX111,True,True,False,False,0,,,,,reported_no_data
XI.D55,True,True,False,False,0,,,,,reported_no_data
XI.DHAA,True,True,True,True,10675002,23.14,1.0,34.0,10675002.0,delivered
XI.HALM,True,True,True,True,301108889,22.82,1.0,339.0,301108889.0,delivered
XI.HOSA,True,True,False,False,0,,,,,reported_no_data
XI.KITU,True,True,False,False,0,,,,,reported_no_data
XI.KR42,True,True,False,False,0,,,,,reported_no_data
XI.NDEI,True,True,False,False,0,,,,,reported_no_data
XI.RANI,True,True,True,True,298624959,46.36,2.0,35.0,298624959.0,delivered
XI.RIYD,True,True,True,True,320766572,46.45,2.0,336.0,320766572.0,delivered
XI.SC04,True,True,True,True,342543584,45.28,2.0,465.0,342543584.0,delivered
XI.SC09,True,True,False,False,0,,,,,reported_no_data
XI.SC10,True,True,False,False,0,,,,,reported_no_data
XI.SC14,True,True,True,True,726032204,45.1,2.0,570.0,726032204.0,delivered
XI.SM37,True,True,True,True,1043268788,44.8,2.0,852.0,1043268788.0,delivered
XI.SN44,True,True,True,True,13895096,45.59,2.0,42.0,13895096.0,delivered
XI.SODA,True,True,True,True,26939200,46.41,2.0,28.0,26939200.0,delivered
XI.TAIF,True,True,True,True,66297674,107.82,2.0,70.0,66297674.0,delivered
XI.TANG,True,True,False,False,0,,,,,reported_no_data
XI.UQSK,True,True,True,True,252139156,47.41,2.0,261.0,252139156.0,delivered
XJ.APA,True,True,True,True,193463983,46.15,2.0,229.0,193463983.0,delivered
XJ.BNG,True,True,False,False,0,,,,,reported_no_data
XJ.E40,True,True,False,False,0,,,,,reported_no_data
XJ.ESS,True,True,True,True,467592611,46.72,2.0,13.0,467592611.0,delivered
XJ.KGB,True,True,True,True,466737299,47.17,2.0,247.0,466737299.0,delivered
XJ.LN25,True,True,False,False,0,,,,,reported_no_data
XJ.OSO,True,True,True,True,262594240,79.54,2.0,140.0,262594240.0,delivered
XJ.PAN,True,True,False,False,0,,,,,reported_no_data
XJ.PZT,True,True,True,True,351922317,47.93,2.0,189.0,351922317.0,delivered
XJ.SBL,True,True,True,True,340460881,47.6,2.0,53.0,340460881.0,delivered
XJ.SHO,True,True,False,False,0,,,,,reported_no_data
XJ.SNOW,True,True,True,True,1912276,23.11,1.0,13.0,1912276.0,delivered
XJ.TIG,True,True,True,True,482057664,46.24,2.0,11.0,482057664.0,delivered
XJ.TKI,True,True,True,True,611431120,46.62,2.0,114.0,611431120.0,delivered
XJ.ZUP,True,True,True,True,619960785,46.78,2.0,326.0,619960785.0,delivered
XK.5190,True,True,True,True,145866746,67.92,2.0,153.0,145866746.0,delivered
XK.B04KH,True,True,False,False,0,,,,,reported_no_data
XK.B07DX,True,True,False,False,0,,,,,reported_no_data
XK.B17CI,True,True,True,True,21825428,47.07,2.0,67.0,21825428.0,delivered
XK.HOYT,True,True,False,False,0,,,,,reported_no_data
XK.NOVR,True,True,True,True,102410633,23.31,1.0,170.0,102410633.0,delivered
XK.Q05MJ,True,True,True,True,300101999,58.35,2.0,158.0,300101999.0,delivered
XK.Q07MR,True,True,True,True,4506653,46.2,2.0,14.0,4506653.0,delivered
XK.UT65,True,True,False,False,0,,,,,reported_no_data
XK.W02NB,True,True,True,True,51626249,22.92,1.0,141.0,51626249.0,delivered
XK.W10LW,True,True,True,True,351444373,45.66,2.0,104.0,351444373.0,delivered
XK.W12MB,True,True,True,True,3988228,46.18,2.0,12.0,3988228.0,delivered
XK.W15SS,True,True,True,True,9911874,46.16,2.0,30.0,9911874.0,delivered
XK.Z04NN,True,True,False,False,0,,,,,reported_no_data
XK.Z09CG,True,True,False,False,0,,,,,reported_no_data
XL.AT04,True,True,True,True,137181529,46.23,2.0,141.0,137181529.0,delivered
XL.AT13,True,True,True,True,645405046,46.76,2.0,202.0,645405046.0,delivered
XL.HD03,True,True,True,True,595261574,47.3,2.0,617.0,595261574.0,delivered
XL.HD09,True,True,True,True,625063543,46.95,2.0,646.0,625063543.0,delivered
XL.HD21,True,True,True,True,34072000,22.94,1.0,75.0,34072000.0,delivered
XL.HD25,True,True,True,True,23251377,22.94,1.0,72.0,23251377.0,delivered
XL.HD41,True,True,True,True,624156649,46.97,2.0,644.0,624156649.0,delivered
XL.HD48,True,True,True,True,560821138,87.85,2.0,581.0,560821138.0,delivered
XL.HD54,True,True,True,True,91200534,47.04,2.0,94.0,91200534.0,delivered
XL.HD68,True,True,False,False,0,,,,,reported_no_data
XL.HD72,True,True,False,False,0,,,,,reported_no_data
XL.HD73,True,True,True,True,625066937,46.97,2.0,646.0,625066937.0,delivered
XL.HD74,True,True,True,True,626837574,46.92,2.0,648.0,626837574.0,delivered
XL.HD75,True,True,True,True,5868356,23.02,1.0,18.0,5868356.0,delivered
XL.HMP,True,True,False,False,0,,,,,reported_no_data
XL.HV10,True,True,True,True,646771598,46.69,2.0,65.0,646771598.0,delivered
XL.KITT2,True,True,True,True,140335767,100.05,2.0,75.0,140335767.0,delivered
XL.MG06,True,True,False,False,0,,,,,reported_no_data
XM.1026,True,True,False,False,0,,,,,reported_no_data
XM.1346,True,True,False,False,0,,,,,reported_no_data
XM.A106,True,True,True,True,319143737,46.92,2.0,330.0,319143737.0,delivered
XM.ANB03,True,True,False,False,0,,,,,reported_no_data
XM.ANB07,True,True,True,True,19263693,22.95,1.0,60.0,19263693.0,delivered
XM.ANB09,True,True,True,True,334023394,47.09,2.0,349.0,334023394.0,delivered
XM.ANB10,True,True,True,True,621980093,46.94,2.0,645.0,621980093.0,delivered
XM.ANB11,True,True,True,True,563915350,86.36,2.0,584.0,563915350.0,delivered
XM.ANB16,True,True,True,True,520406139,93.65,2.0,552.0,520406139.0,delivered
XM.ANB17,True,True,True,True,531984496,96.3,2.0,554.0,531984496.0,delivered
XM.ANB18,True,True,True,True,132973480,47.15,2.0,152.0,132973480.0,delivered
XM.ANB19,True,True,True,True,456552847,47.01,2.0,483.0,456552847.0,delivered
XM.ANB20,True,True,True,True,600981775,46.99,2.0,633.0,600981775.0,delivered
XM.ASB04,True,True,True,True,160158037,47.32,2.0,165.0,160158037.0,delivered
XM.ASB06,True,True,True,True,74169764,109.57,2.0,78.0,74169764.0,delivered
XM.ASB08,True,True,False,False,0,,,,,reported_no_data
XM.ASB11,True,True,True,True,443952874,46.22,2.0,472.0,443952874.0,delivered
XM.ASB13,True,True,True,True,97931535,47.0,2.0,118.0,97931535.0,delivered
XM.ASB19,True,True,True,True,337841821,46.94,2.0,362.0,337841821.0,delivered
XM.ASB20,True,True,False,False,0,,,,,reported_no_data
XM.ASB22,True,True,True,True,437303947,47.04,2.0,476.0,437303947.0,delivered
XM.CB01,True,True,True,True,481869921,46.81,2.0,558.0,481869921.0,delivered
XM.CB22,True,True,True,True,603293341,47.13,2.0,624.0,603293341.0,delivered
XM.HB01,True,True,False,False,0,,,,,reported_no_data
XM.NM24,True,True,True,True,97180137,22.95,1.0,283.0,97180137.0,delivered
XM.NM32,True,True,False,False,0,,,,,reported_no_data
XM.UT52,True,True,False,False,0,,,,,reported_no_data
XN.A01,True,True,False,False,0,,,,,reported_no_data
XN.A06,True,True,False,False,0,,,,,reported_no_data
XN.A16,True,True,True,True,45596733,22.99,1.0,131.0,45596733.0,delivered
XN.B07,True,True,False,False,0,,,,,reported_no_data
XN.B11,True,True,False,False,0,,,,,reported_no_data
XN.B15,True,True,True,True,39114304,22.96,1.0,121.0,39114304.0,delivered
XN.BABAY,True,True,False,False,0,,,,,reported_no_data
XN.BC03,True,True,False,False,0,,,,,reported_no_data
XN.NUMFO,True,True,False,False,0,,,,,reported_no_data
XN.SARMI,True,True,False,False,0,,,,,reported_no_data
XO.EP16,True,True,True,True,10491251,22.99,1.0,33.0,10491251.0,delivered
XO.EP23,True,True,True,True,337377978,47.11,2.0,351.0,337377978.0,delivered
XO.ET20,True,True,False,False,0,,,,,reported_no_data
XO.GUA3,True,True,True,True,135249866,23.01,1.0,238.0,135249866.0,delivered
XO.JSO2,True,True,False,False,0,,,,,reported_no_data
XO.KD02,True,True,True,True,17246090,22.92,1.0,53.0,17246090.0,delivered
XO.KH56,True,True,False,False,0,,,,,reported_no_data
XO.LA32,True,True,False,False,0,,,,,reported_no_data
XO.LE17,True,True,True,True,63241189,22.94,1.0,147.0,63241189.0,delivered
XO.MG05,True,True,True,True,423227739,45.74,2.0,348.0,423227739.0,delivered
XO.SARI,True,True,False,False,0,,,,,reported_no_data
XO.SCCC,True,True,True,True,1089579363,56.98,2.0,598.0,1089579363.0,delivered
XO.SOKY,True,True,True,True,105246544,22.86,1.0,309.0,105246544.0,delivered
XO.WD49,True,True,False,False,0,,,,,reported_no_data
XO.WD54,True,True,False,False,0,,,,,reported_no_data
XO.WD56,True,True,False,False,0,,,,,reported_no_data
XO.WD58,True,True,True,True,94548249,46.4,2.0,171.0,94548249.0,delivered
XO.WD60,True,True,False,False,0,,,,,reported_no_data
XO.WD67,True,True,False,False,0,,,,,reported_no_data
XO.WD69,True,True,False,False,0,,,,,reported_no_data
XO.WS72,True,True,False,False,0,,,,,reported_no_data
XP.DIHI,True,True,False,False,0,,,,,reported_no_data
XP.E006,True,True,False,False,0,,,,,reported_no_data
XP.E026,True,True,False,False,0,,,,,reported_no_data
XP.LZAE,True,True,True,True,444352568,46.18,2.0,455.0,444352568.0,delivered
XP.MINN,True,True,False,False,0,,,,,reported_no_data
XP.N028,True,True,False,False,0,,,,,reported_no_data
XP.N044,True,True,True,True,1466204,23.14,1.0,3.0,1466204.0,delivered
XP.N060,True,True,False,False,0,,,,,reported_no_data
XP.N076,True,True,False,False,0,,,,,reported_no_data
XP.N100,True,True,False,False,0,,,,,reported_no_data
XP.N116,True,True,False,False,0,,,,,reported_no_data
XP.N16,True,True,True,True,693490198,46.42,2.0,361.0,693490198.0,delivered
XP.N20,True,True,True,True,101331434,46.08,2.0,150.0,101331434.0,delivered
XP.ORTK,True,True,True,True,5808132,23.05,1.0,19.0,5808132.0,delivered
XP.PLTP,True,True,True,True,297583409,47.51,2.0,308.0,297583409.0,delivered
XP.S29,True,True,True,True,79026664,46.1,2.0,147.0,79026664.0,delivered
XP.TWRS,True,True,True,True,160095437,58.05,2.0,169.0,160095437.0,delivered
XQ.ME10,True,True,False,False,0,,,,,reported_no_data
XQ.ME62,True,True,False,False,0,,,,,reported_no_data
XR.BA07,True,True,True,True,1031282147,44.94,2.0,520.0,1031282147.0,delivered
XR.BB23,True,True,False,False,0,,,,,reported_no_data
XR.FA14,True,True,False,False,0,,,,,reported_no_data
XR.FA23,True,True,True,True,85158309,22.99,1.0,125.0,85158309.0,delivered
XR.FA24,True,True,True,True,187640273,22.92,1.0,213.0,187640273.0,delivered
XR.FA27,True,True,False,False,0,,,,,reported_no_data
XR.FG01,True,True,True,True,123229128,97.46,2.0,130.0,123229128.0,delivered
XR.GTM,True,True,False,False,0,,,,,reported_no_data
XR.MS02,True,True,True,True,142401115,46.38,2.0,345.0,142401115.0,delivered
XR.MS05,True,True,True,True,309825590,47.39,2.0,317.0,309825590.0,delivered
XR.MS09,True,True,True,True,338099949,46.41,2.0,346.0,338099949.0,delivered
XR.NOM,True,True,True,True,60557679,23.16,1.0,147.0,60557679.0,delivered
XR.SC25,True,True,True,True,83054909,46.01,2.0,212.0,83054909.0,delivered
XR.ST05,True,True,True,True,92696287,22.93,1.0,97.0,92696287.0,delivered
XR.ST40,True,True,False,False,0,,,,,reported_no_data
XR.W1,True,True,False,False,0,,,,,reported_no_data
XS.I04D,True,True,True,True,47353478,22.97,1.0,135.0,47353478.0,delivered
XS.I12D,True,True,False,False,0,,,,,reported_no_data
XS.I14D,True,True,True,True,32671636,46.57,2.0,93.0,32671636.0,delivered
XS.L02A,True,True,False,False,0,,,,,reported_no_data
XS.L16D,True,True,False,False,0,,,,,reported_no_data
XS.L18D,True,True,False,False,0,,,,,reported_no_data
XS.L37D,True,True,False,False,0,,,,,reported_no_data
XS.L39D,True,True,False,False,0,,,,,reported_no_data
XS.N020,True,True,False,False,0,,,,,reported_no_data
XS.N039,True,True,False,False,0,,,,,reported_no_data
XS.N08,True,True,False,False,0,,,,,reported_no_data
XS.S009,True,True,False,False,0,,,,,reported_no_data
XS.S037,True,True,False,False,0,,,,,reported_no_data
XS.S040,True,True,False,False,0,,,,,reported_no_data
XS.S15D,True,True,True,True,25506059,46.59,2.0,78.0,25506059.0,delivered
XS.S24D,True,True,True,True,353469079,46.37,2.0,366.0,353469079.0,delivered
XS.S32D,True,True,True,True,350533397,46.47,2.0,363.0,350533397.0,delivered
XS.S38D,True,True,True,True,302398479,47.11,2.0,25.0,302398479.0,delivered
XT.ABPC,True,True,False,False,0,,,,,reported_no_data
XT.B151,True,True,True,True,375974459,46.44,2.0,366.0,375974459.0,delivered
XT.CMPC,True,True,True,True,994553064,117.04,2.0,511.0,994553064.0,delivered
XT.D58,True,True,True,True,207040942,45.95,2.0,546.0,207040942.0,delivered
XT.KOS,True,True,False,False,0,,,,,reported_no_data
XT.LIAH,True,True,False,False,0,,,,,reported_no_data
XT.MHTO,True,True,True,True,375541545,46.46,2.0,368.0,375541545.0,delivered
XT.MIPC,True,True,False,False,0,,,,,reported_no_data
XT.NAU,True,True,False,False,0,,,,,reported_no_data
XT.PNCH,True,True,True,True,372873669,46.65,2.0,364.0,372873669.0,delivered
XT.PNI,True,True,True,True,216136725,47.57,2.0,224.0,216136725.0,delivered
XT.RPPC2,True,True,True,True,319740149,56.33,2.0,168.0,319740149.0,delivered
XT.SOMB,True,True,True,True,368504406,46.68,2.0,360.0,368504406.0,delivered
XT.ST119,True,True,False,False,0,,,,,reported_no_data
XT.TAUF,True,True,False,False,0,,,,,reported_no_data
XU.CHTA,True,True,True,True,301941513,47.08,2.0,340.0,301941513.0,delivered
XU.COVA,True,True,True,True,100286747,103.96,2.0,105.0,100286747.0,delivered
XU.LUMA,True,True,True,True,31392724,115.67,2.0,33.0,31392724.0,delivered
XU.MACQ,True,True,True,True,44782706,23.06,1.0,47.0,44782706.0,delivered
XV.AMPY,True,True,False,False,0,,,,,reported_no_data
XV.ANLA,True,True,False,False,0,,,,,reported_no_data
XV.ANTS,True,True,False,False,0,,,,,reported_no_data
XV.BAND,True,True,False,False,0,,,,,reported_no_data
XV.BANJ,True,True,False,False,0,,,,,reported_no_data
XV.BITY,True,True,False,False,0,,,,,reported_no_data
XV.C16D,True,True,False,False,0,,,,,reported_no_data
XV.DGOS,True,True,True,True,9982675,47.12,2.0,31.0,9982675.0,delivered
XV.EH,True,True,False,False,0,,,,,reported_no_data
XV.HNJO,True,True,False,False,0,,,,,reported_no_data
XV.HRAU,True,True,False,False,0,,,,,reported_no_data
XV.LAHA,True,True,False,False,0,,,,,reported_no_data
XV.MAHA,True,True,False,False,0,,,,,reported_no_data
XV.MAJA,True,True,False,False,0,,,,,reported_no_data
XV.MMBE,True,True,False,False,0,,,,,reported_no_data
XV.NAPU,True,True,True,True,499969306,97.97,2.0,518.0,499969306.0,delivered
XV.NW140,True,True,False,False,0,,,,,reported_no_data
XV.NW300,True,True,False,False,0,,,,,reported_no_data
XV.SENA,True,True,True,True,61272150,46.93,2.0,191.0,61272150.0,delivered
XV.SKOT,True,True,True,True,14457704,22.94,1.0,30.0,14457704.0,delivered
XV.SOLA,True,True,True,True,213663058,102.12,2.0,112.0,213663058.0,delivered
XV.SW060,True,True,False,False,0,,,,,reported_no_data
XV.TETE,True,True,True,True,42858726,46.21,2.0,113.0,42858726.0,delivered
XV.VATO,True,True,True,True,341700034,54.08,2.0,177.0,341700034.0,delivered
XV.VINA,True,True,True,True,44668897,23.01,1.0,117.0,44668897.0,delivered
XV.ZOBE,True,True,False,False,0,,,,,reported_no_data
XW.ADEN,True,True,True,True,92939712,22.78,1.0,243.0,92939712.0,delivered
XW.AKSU,True,True,False,False,0,,,,,reported_no_data
XW.AMDT,True,True,True,True,1130832567,54.71,2.0,588.0,1130832567.0,delivered
XW.ATUS,True,True,True,True,95452189,97.84,2.0,121.0,95452189.0,delivered
XW.BCHU,True,True,False,False,0,,,,,reported_no_data
XW.DAMT,True,True,False,False,0,,,,,reported_no_data
XW.ESG8,True,True,False,False,0,,,,,reported_no_data
XW.GHDI,True,True,True,True,123941357,83.05,2.0,129.0,123941357.0,delivered
XW.KABG,True,True,True,True,1006295617,93.86,2.0,521.0,1006295617.0,delivered
XW.KHA,True,True,False,False,0,,,,,reported_no_data
XW.KSA,True,True,False,False,0,,,,,reported_no_data
XW.LIRA,True,True,False,False,0,,,,,reported_no_data
XW.MAWI,True,True,False,False,0,,,,,reported_no_data
XW.MOKA,True,True,True,True,196251205,46.64,2.0,203.0,196251205.0,delivered
XW.MUKA,True,True,False,False,0,,,,,reported_no_data
XW.PDG,True,True,True,True,30837171,22.79,1.0,55.0,30837171.0,delivered
XW.SAUM,True,True,False,False,0,,,,,reported_no_data
XW.SAWQ,True,True,False,False,0,,,,,reported_no_data
XW.SIMA,True,True,False,False,0,,,,,reported_no_data
XW.SS20,True,True,False,False,0,,,,,reported_no_data
XW.SS21A,True,True,False,False,0,,,,,reported_no_data
XW.SS61,True,True,False,False,0,,,,,reported_no_data
XW.SUYR,True,True,False,False,0,,,,,reported_no_data
XW.TAMU,True,True,False,False,0,,,,,reported_no_data
XY.BN23,True,True,False,False,0,,,,,reported_no_data
XY.BS07,True,True,False,False,0,,,,,reported_no_data
XY.INDI,True,True,False,False,0,,,,,reported_no_data
XY.PACW,True,True,True,True,490101186,45.68,2.0,540.0,490101186.0,delivered
XY.U06B,True,True,True,True,142468447,77.84,2.0,148.0,142468447.0,delivered
XY.U54B,True,True,True,True,174099167,53.79,2.0,185.0,174099167.0,delivered
XY.U72B,True,True,True,True,145909099,75.11,2.0,152.0,145909099.0,delivered
XZ.S11,True,True,True,True,23505087,23.13,1.0,73.0,23505087.0,delivered
Y1.KAEK,True,True,True,True,289024340,45.66,2.0,356.0,289024340.0,delivered
Y1.KERK,True,True,True,True,591161503,53.96,2.0,604.0,591161503.0,delivered
Y1.N7001,True,True,True,True,34119674,22.81,1.0,101.0,34119674.0,delivered
Y1.N7027,True,True,False,False,0,,,,,reported_no_data
Y1.TURK,True,True,True,True,637941928,45.53,2.0,115.0,637941928.0,delivered
Y2.GUGE,True,True,True,True,1184454432,45.1,2.0,1419.0,1184454432.0,delivered
Y2.IFM03,True,True,True,True,16110353,123.28,2.0,18.0,16110353.0,delivered
Y2.KKVN5,True,True,False,False,0,,,,,reported_no_data
Y2.NOCO,True,True,True,True,106921775,103.72,2.0,111.0,106921775.0,delivered
Y2.PURG,True,True,True,True,1351577147,45.13,2.0,1408.0,1351577147.0,delivered
Y2.WT06,True,True,True,True,597429411,47.32,2.0,616.0,597429411.0,delivered
Y2.WT12,True,True,True,True,118939377,47.18,2.0,123.0,118939377.0,delivered
Y3.CROE,True,True,False,False,0,,,,,reported_no_data
Y3.MEL01,True,True,True,True,51347403,118.82,2.0,27.0,51347403.0,delivered
Y3.NWM01,True,True,True,True,77014247,114.02,2.0,40.0,77014247.0,delivered
Y5.CLA,True,True,True,True,95096228,23.32,1.0,261.0,95096228.0,delivered
Y5.DOR,True,True,True,True,14997372,46.03,2.0,2.0,14997372.0,delivered
Y5.FMC,True,True,True,True,306180664,44.36,2.0,406.0,306180664.0,delivered
Y5.HON,True,True,True,True,12911006,45.07,2.0,39.0,12911006.0,delivered
Y5.MHB,True,True,False,False,0,,,,,reported_no_data
Y5.PER,True,True,True,True,39619734,22.44,1.0,126.0,39619734.0,delivered
Y5.RW1,True,True,True,True,557417644,69.32,2.0,577.0,557417644.0,delivered
Y5.RW2,True,True,True,True,35962581,23.27,1.0,65.0,35962581.0,delivered
Y6.HOLY,True,True,False,False,0,,,,,reported_no_data
Y6.MALY,True,True,False,False,0,,,,,reported_no_data
YA.KV01,True,True,False,False,0,,,,,reported_no_data
YA.LIQ1,True,True,False,False,0,,,,,reported_no_data
YA.MC02,True,True,False,False,0,,,,,reported_no_data
YA.MC05,True,True,True,True,10388447,23.08,1.0,32.0,10388447.0,delivered
YA.MC08,True,True,True,True,38117856,23.04,1.0,117.0,38117856.0,delivered
YA.MC10,True,True,False,False,0,,,,,reported_no_data
YA.MC12,True,True,False,False,0,,,,,reported_no_data
YA.MC14,True,True,False,False,0,,,,,reported_no_data
YA.MC16,True,True,True,True,33769746,23.07,1.0,104.0,33769746.0,delivered
YA.MC17,True,True,False,False,0,,,,,reported_no_data
YA.MC21,True,True,False,False,0,,,,,reported_no_data
YB.AT06,True,True,True,True,143822526,22.84,1.0,231.0,143822526.0,delivered
YB.AT19,True,True,True,True,93975264,22.83,1.0,226.0,93975264.0,delivered
YB.AT39,True,True,True,True,346442713,49.89,2.0,179.0,346442713.0,delivered
YB.AT44,True,True,False,False,0,,,,,reported_no_data
YB.AT49,True,True,False,False,0,,,,,reported_no_data
YB.AT56,True,True,True,True,1065981190,82.4,2.0,549.0,1065981190.0,delivered
YB.AT63,True,True,True,True,50515219,22.86,1.0,155.0,50515219.0,delivered
YB.BB10,True,True,True,True,16527649,23.54,1.0,51.0,16527649.0,delivered
YB.CUST,True,True,False,False,0,,,,,reported_no_data
YB.IF01,True,True,False,False,0,,,,,reported_no_data
YC.HEDI,True,True,False,False,0,,,,,reported_no_data
YC.HUER,True,True,False,False,0,,,,,reported_no_data
YC.MATA,True,True,False,False,0,,,,,reported_no_data
YC.SBA2,True,True,True,True,2681163,46.14,2.0,6.0,2681163.0,delivered
YC.SBA8,True,True,True,True,3665079,45.91,2.0,9.0,3665079.0,delivered
YC.SBC5,True,True,True,True,92836702,22.86,1.0,258.0,92836702.0,delivered
YC.SBE1,True,True,False,False,0,,,,,reported_no_data
YC.SBF4,True,True,True,True,55718100,23.0,1.0,172.0,55718100.0,delivered
YD.3B13,True,True,False,False,0,,,,,reported_no_data
YD.3D08,True,True,False,False,0,,,,,reported_no_data
YD.3D14,True,True,False,False,0,,,,,reported_no_data
YD.3F11,True,True,True,True,62142267,23.11,1.0,163.0,62142267.0,delivered
YD.3H07,True,True,True,True,61095061,22.86,1.0,148.0,61095061.0,delivered
YD.6C04,True,True,False,False,0,,,,,reported_no_data
YD.GROM,True,True,False,False,0,,,,,reported_no_data
YD.MMNN,True,True,True,True,24532292,23.1,1.0,27.0,24532292.0,delivered
YD.OBS10,True,True,True,True,93311004,107.47,2.0,97.0,93311004.0,delivered
YD.OBS14,True,True,True,True,123995190,99.43,2.0,128.0,123995190.0,delivered
YF.CDLV,True,True,True,True,115392112,103.55,2.0,398.0,115392112.0,delivered
YF.DUOK,True,True,True,True,221604500,93.1,2.0,498.0,221604500.0,delivered
YF.HVAR,True,True,True,True,189434568,22.47,1.0,3.0,189434568.0,delivered
YF.MARJ,True,True,True,True,10253241,23.1,1.0,34.0,10253241.0,delivered
YF.N6002,True,True,True,True,132898755,47.24,2.0,4.0,132898755.0,delivered
YF.N6017,True,True,False,False,0,,,,,reported_no_data
YF.N6029,True,True,False,False,0,,,,,reported_no_data
YF.PB49,True,True,False,False,0,,,,,reported_no_data
YF.PB60,True,True,False,False,0,,,,,reported_no_data
YF.STN05,True,True,False,False,0,,,,,reported_no_data
YF.STN10,True,True,False,False,0,,,,,reported_no_data
YG.CBP2J,True,True,False,False,0,,,,,reported_no_data
YG.CBP4F,True,True,False,False,0,,,,,reported_no_data
YG.CBP4N,True,True,False,False,0,,,,,reported_no_data
YG.GLN4,True,True,True,True,19009899,45.97,2.0,59.0,19009899.0,delivered
YG.INC37,True,True,False,False,0,,,,,reported_no_data
YH.G03,True,True,True,True,37654916,45.44,2.0,94.0,37654916.0,delivered
YH.IFAK,True,True,False,False,0,,,,,reported_no_data
YH.KO07,True,True,False,False,0,,,,,reported_no_data
YH.L01,True,True,True,True,210718282,47.69,2.0,220.0,210718282.0,delivered
YH.LOBS4,True,True,False,False,0,,,,,reported_no_data
YH.MOHO,True,True,False,False,0,,,,,reported_no_data
YH.MTWA,True,True,False,False,0,,,,,reported_no_data
YH.WALE,True,True,False,False,0,,,,,reported_no_data
YI.BARR,True,True,True,True,11268761,45.53,2.0,22.0,11268761.0,delivered
YI.BOB,True,True,False,False,0,,,,,reported_no_data
YI.D35,True,True,False,False,0,,,,,reported_no_data
YI.GROG,True,True,True,True,8630839,22.96,1.0,27.0,8630839.0,delivered
YI.ISDE,True,True,False,False,0,,,,,reported_no_data
YI.QCB01,True,True,True,True,295575145,47.54,2.0,307.0,295575145.0,delivered
YJ.BAK01,True,True,True,True,10636309,46.18,2.0,33.0,10636309.0,delivered
YJ.VMG01,True,True,True,True,297267988,68.2,2.0,153.0,297267988.0,delivered
YK.OCW,True,True,True,True,68168049,22.9,1.0,561.0,68168049.0,delivered
YL.A14W,True,True,True,True,313753512,47.31,2.0,325.0,313753512.0,delivered
YL.ARSL,True,True,True,True,34088347,22.93,1.0,102.0,34088347.0,delivered
YL.B14W,True,True,True,True,313429542,47.31,2.0,326.0,313429542.0,delivered
YL.BEKI,True,True,True,True,49609941,22.88,1.0,136.0,49609941.0,delivered
YL.F01,True,True,False,False,0,,,,,reported_no_data
YL.ILAM,True,True,True,True,692089410,46.01,2.0,85.0,692089410.0,delivered
YL.LBA60,True,True,False,False,0,,,,,reported_no_data
YL.N01W,True,True,True,True,304408748,47.41,2.0,316.0,304408748.0,delivered
YL.ONRN,True,True,True,True,38944620,121.1,2.0,20.0,38944620.0,delivered
YL.S02W,True,True,True,True,261983858,47.64,2.0,273.0,261983858.0,delivered
YL.WKZ15,True,True,True,True,215327577,46.56,2.0,376.0,215327577.0,delivered
YM.12,True,True,False,False,0,,,,,reported_no_data
YM.37,True,True,False,False,0,,,,,reported_no_data
YM.39,True,True,True,True,35063253,46.51,2.0,109.0,35063253.0,delivered
YM.KASE,True,True,True,True,258633876,45.85,2.0,265.0,258633876.0,delivered
YM.MHCG,True,True,False,False,0,,,,,reported_no_data
YM.NTW4,True,True,False,False,0,,,,,reported_no_data
YM.UCM,True,True,True,True,3889754,23.22,1.0,10.0,3889754.0,delivered
YN.OBS27,True,True,False,False,0,,,,,reported_no_data
YO.D03,True,True,True,True,351638995,46.95,2.0,364.0,351638995.0,delivered
YO.F6,True,True,False,False,0,,,,,reported_no_data
YO.N11,True,True,False,False,0,,,,,reported_no_data
YO.X01,True,True,True,True,350067337,46.98,2.0,362.0,350067337.0,delivered
YO.X03,True,True,True,True,348154669,47.01,2.0,360.0,348154669.0,delivered
YO.X06,True,True,True,True,348886453,47.0,2.0,361.0,348886453.0,delivered
YO.X09,True,True,True,True,346815019,47.03,2.0,359.0,346815019.0,delivered
YO.X10,True,True,True,True,346301660,47.03,2.0,358.0,346301660.0,delivered
YP.NE32,True,True,False,False,0,,,,,reported_no_data
YP.NE44,True,True,False,False,0,,,,,reported_no_data
YP.NE57,True,True,True,True,27445855,46.02,2.0,57.0,27445855.0,delivered
YP.NE59,True,True,True,True,60647286,45.95,2.0,111.0,60647286.0,delivered
YP.NE5D,True,True,True,True,53034624,22.89,1.0,116.0,53034624.0,delivered
YP.NE61,True,True,True,True,570266376,54.2,2.0,589.0,570266376.0,delivered
YP.NE66,True,True,False,False,0,,,,,reported_no_data
YP.NE6F,True,True,False,False,0,,,,,reported_no_data
YP.NE7D,True,True,True,True,1138224470,68.27,2.0,594.0,1138224470.0,delivered
YP.NE81,True,True,True,True,69183607,45.89,2.0,17.0,69183607.0,delivered
YP.NE83,True,True,True,True,31311101,46.1,2.0,96.0,31311101.0,delivered
YP.NE8B,True,True,True,True,233877988,45.03,2.0,435.0,233877988.0,delivered
YP.NE8I,True,True,True,True,173622968,46.37,2.0,139.0,173622968.0,delivered
YP.NE9B,True,True,False,False,0,,,,,reported_no_data
YP.NEA3,True,True,True,True,228723048,45.82,2.0,83.0,228723048.0,delivered
YP.NEA5,True,True,True,True,123781225,46.97,2.0,330.0,123781225.0,delivered
YP.NEA9,True,True,False,False,0,,,,,reported_no_data
YP.NEAB,True,True,True,True,47011825,47.37,2.0,103.0,47011825.0,delivered
YP.NEAD,True,True,True,True,1143322686,61.1,2.0,594.0,1143322686.0,delivered
YP.NEP5,True,True,False,False,0,,,,,reported_no_data
YP.NEP7,True,True,False,False,0,,,,,reported_no_data
YQ.109,True,True,False,False,0,,,,,reported_no_data
YQ.KIMO,True,True,False,False,0,,,,,reported_no_data
YQ.MATA,True,True,True,True,35669262,45.76,2.0,87.0,35669262.0,delivered
YQ.MFRI,True,True,False,False,0,,,,,reported_no_data
YQ.N002,True,True,True,True,1641378,23.0,1.0,5.0,1641378.0,delivered
YQ.N009,True,True,False,False,0,,,,,reported_no_data
YQ.VWZM,True,True,False,False,0,,,,,reported_no_data
YR.BANO,True,True,True,True,96696280,55.27,2.0,100.0,96696280.0,delivered
YR.ED15,True,True,False,False,0,,,,,reported_no_data
YR.S021,True,True,False,False,0,,,,,reported_no_data
YS.BULE,True,True,False,False,0,,,,,reported_no_data
YS.HADA,True,True,True,True,2542450,22.91,1.0,8.0,2542450.0,delivered
YS.MRKH,True,True,False,False,0,,,,,reported_no_data
YS.MTNG,True,True,True,True,3830127,22.86,1.0,12.0,3830127.0,delivered
YS.NGOK,True,True,True,True,523497809,92.7,2.0,552.0,523497809.0,delivered
YS.OLC5,True,True,True,True,114636515,94.45,2.0,119.0,114636515.0,delivered
YS.ONIX,True,True,False,False,0,,,,,reported_no_data
YS.PARW,True,True,True,True,82572126,23.06,1.0,185.0,82572126.0,delivered
YS.PL03,True,True,False,False,0,,,,,reported_no_data
YS.PL08,True,True,True,True,713227837,46.22,2.0,370.0,713227837.0,delivered
YS.PL14,True,True,True,True,160962906,46.43,2.0,351.0,160962906.0,delivered
YS.PL19,True,True,False,False,0,,,,,reported_no_data
YS.PL21,True,True,True,True,374126945,46.58,2.0,365.0,374126945.0,delivered
YS.PL27,True,True,True,True,712027343,46.26,2.0,369.0,712027343.0,delivered
YS.PL37,True,True,True,True,137643936,46.25,2.0,153.0,137643936.0,delivered
YS.PL38,True,True,False,False,0,,,,,reported_no_data
YS.PL39,True,True,True,True,152093084,46.32,2.0,261.0,152093084.0,delivered
YS.PL40,True,True,False,False,0,,,,,reported_no_data
YS.PL41,True,True,True,True,67374538,22.94,1.0,133.0,67374538.0,delivered
YS.PL43,True,True,True,True,46951125,22.95,1.0,102.0,46951125.0,delivered
YS.PL44,True,True,True,True,56796272,46.42,2.0,171.0,56796272.0,delivered
YS.PL45,True,True,True,True,620796575,47.03,2.0,327.0,620796575.0,delivered
YS.PL46,True,True,False,False,0,,,,,reported_no_data
YS.PL50,True,True,True,True,159863473,46.3,2.0,251.0,159863473.0,delivered
YS.PL57,True,True,False,False,0,,,,,reported_no_data
YS.PL59,True,True,True,True,693346700,46.59,2.0,363.0,693346700.0,delivered
YS.PL61,True,True,True,True,19921862,46.52,2.0,61.0,19921862.0,delivered
YS.PL62,True,True,True,True,174057973,46.3,2.0,367.0,174057973.0,delivered
YS.PL63,True,True,True,True,166653425,46.31,2.0,242.0,166653425.0,delivered
YS.PL67,True,True,True,True,207510608,46.29,2.0,238.0,207510608.0,delivered
YS.PL68,True,True,True,True,73373839,46.47,2.0,225.0,73373839.0,delivered
YS.PL69,True,True,True,True,195723565,46.27,2.0,240.0,195723565.0,delivered
YS.PL70,True,True,True,True,31490707,46.56,2.0,91.0,31490707.0,delivered
YS.PL71,True,True,False,False,0,,,,,reported_no_data
YS.SARA,True,True,True,True,86541744,22.82,1.0,239.0,86541744.0,delivered
YS.SAVU,True,True,True,True,73990263,22.85,1.0,213.0,73990263.0,delivered
YS.TL06,True,True,False,False,0,,,,,reported_no_data
YT.AGO1,True,True,False,False,0,,,,,reported_no_data
YT.AGO3,True,True,False,False,0,,,,,reported_no_data
YT.BENN,True,True,False,False,0,,,,,reported_no_data
YT.CLRK,True,True,True,True,711647088,22.19,1.0,1105.0,711647088.0,delivered
YT.DEVL,True,True,True,True,243478823,22.38,1.0,592.0,243478823.0,delivered
YT.DUFK,True,True,True,True,166486805,23.34,1.0,365.0,166486805.0,delivered
YT.EAGL,True,True,False,False,0,,,,,reported_no_data
YT.FALL,True,True,False,False,0,,,,,reported_no_data
YT.GM05,True,True,True,True,131973046,109.87,2.0,70.0,131973046.0,delivered
YT.HOWD,True,True,True,True,57614464,23.53,1.0,177.0,57614464.0,delivered
YT.HOWE,True,True,False,False,0,,,,,reported_no_data
YT.KOLR,True,True,False,False,0,,,,,reported_no_data
YT.LPLY,True,True,True,True,1003167341,44.59,2.0,1105.0,1003167341.0,delivered
YT.MA06,True,True,False,False,0,,,,,reported_no_data
YT.MA07,True,True,True,True,686719838,46.04,2.0,704.0,686719838.0,delivered
YT.MA09,True,True,True,True,424417490,46.05,2.0,603.0,424417490.0,delivered
YT.MCRG,True,True,True,True,1249695929,44.66,2.0,564.0,1249695929.0,delivered
YT.MECK,True,True,True,True,1477361,22.66,1.0,3.0,1477361.0,delivered
YT.MILR,True,True,True,True,166808280,22.53,1.0,364.0,166808280.0,delivered
YT.MPAT,True,True,False,False,0,,,,,reported_no_data
YT.MRTP,True,True,False,False,0,,,,,reported_no_data
YT.MTAK,True,True,True,True,179445441,22.27,1.0,554.0,179445441.0,delivered
YT.PECA,True,False,False,True,1804547204,19.85,1.0,,,in_flight_no_json
YT.RMBO,True,True,True,True,6118088604,65.45,2.0,4253.0,6118088604.0,delivered
YT.SILY,True,True,True,True,48634193,23.59,1.0,151.0,48634193.0,delivered
YT.SIPL,True,True,True,True,151053220,22.54,1.0,321.0,151053220.0,delivered
YT.ST01,True,True,True,True,74451301,23.0,1.0,224.0,74451301.0,delivered
YT.ST02,True,True,False,False,0,,,,,reported_no_data
YT.ST04,True,True,True,True,1131049402,78.04,2.0,584.0,1131049402.0,delivered
YT.ST07,True,True,True,True,9274910,22.89,1.0,10.0,9274910.0,delivered
YT.ST10,True,True,False,False,0,,,,,reported_no_data
YT.ST14,True,True,True,True,3771796,22.89,1.0,6.0,3771796.0,delivered
YT.STEW,True,True,True,True,97004985,23.57,1.0,290.0,97004985.0,delivered
YT.SURP,True,True,False,False,0,,,,,reported_no_data
YT.SWEI,True,True,True,True,13144076,22.79,1.0,7.0,13144076.0,delivered
YT.THRO,True,True,True,True,24871242,23.06,1.0,92.0,24871242.0,delivered
YT.THUR,True,True,True,True,563880194,22.99,1.0,960.0,563880194.0,delivered
YT.UPTW,True,True,True,True,130420170,23.38,1.0,403.0,130420170.0,delivered
YT.WAIS,True,True,True,True,148092943,23.55,1.0,341.0,148092943.0,delivered
YT.WILS,True,True,False,False,0,,,,,reported_no_data
YT.WNDY,True,True,False,False,0,,,,,reported_no_data
YU.B01A,True,True,True,True,43142522,22.59,1.0,135.0,43142522.0,delivered
YU.GJ03,True,True,False,False,0,,,,,reported_no_data
YU.MD04,True,True,True,True,410638209,45.69,2.0,657.0,410638209.0,delivered
YU.NL02,True,True,True,True,301583765,47.01,2.0,502.0,301583765.0,delivered
YU.NL10,True,True,False,False,0,,,,,reported_no_data
YU.SL02,True,True,True,True,912195380,60.12,2.0,589.0,912195380.0,delivered
YU.SL09,True,True,True,True,265977479,46.15,2.0,279.0,265977479.0,delivered
YV.HJO,True,True,True,True,49875194,22.93,1.0,128.0,49875194.0,delivered
YV.NSS,True,True,False,False,0,,,,,reported_no_data
YW.MAIO,True,True,True,True,3248994,46.19,2.0,6.0,3248994.0,delivered
YW.MSWL3,True,True,False,False,0,,,,,reported_no_data
YW.PATM,True,True,False,False,0,,,,,reported_no_data
YW.PJOR,True,True,True,True,20331268,23.13,1.0,57.0,20331268.0,delivered
YW.SALA,True,True,False,False,0,,,,,reported_no_data
YY.004,True,True,True,True,312007423,46.55,2.0,166.0,312007423.0,delivered
YY.ABMD,True,True,True,True,584972383,46.15,2.0,622.0,584972383.0,delivered
YY.CHGE,True,True,True,True,627133079,46.08,2.0,140.0,627133079.0,delivered
YY.DAQU,True,True,True,True,145682323,67.77,2.0,154.0,145682323.0,delivered
YY.GORE,True,True,True,True,278408687,46.2,2.0,284.0,278408687.0,delivered
YY.MGNA,True,True,True,True,192303311,47.67,2.0,198.0,192303311.0,delivered
YY.NEKE,True,True,True,True,673585326,46.11,2.0,688.0,673585326.0,delivered
YY.NGLE,True,True,True,True,29231344,46.82,2.0,89.0,29231344.0,delivered
YY.OBS10,True,True,True,True,26362364,113.21,2.0,28.0,26362364.0,delivered
YY.OBS43,True,True,True,True,33033010,113.59,2.0,35.0,33033010.0,delivered
YY.OBS55,True,True,True,True,41555345,113.54,2.0,44.0,41555345.0,delivered
YY.OBS57,True,True,True,True,43728068,113.31,2.0,46.0,43728068.0,delivered
YY.SHER,True,True,False,False,0,,,,,reported_no_data
YY.SN32,True,True,False,False,0,,,,,reported_no_data
YY.SN34,True,True,True,True,6045017,23.11,1.0,20.0,6045017.0,delivered
YY.SW03,True,True,True,True,148517588,58.5,2.0,153.0,148517588.0,delivered
YY.SW05,True,True,False,False,0,,,,,reported_no_data
YY.TABO,True,True,True,True,37966522,114.36,2.0,41.0,37966522.0,delivered
Z1.LBSA,True,True,False,False,0,,,,,reported_no_data
Z1.MOAL,True,True,False,False,0,,,,,reported_no_data
Z1.VABL,True,True,True,True,552831842,47.13,2.0,3.0,552831842.0,delivered
Z1.VAVP,True,True,True,True,685994910,46.57,2.0,356.0,685994910.0,delivered
Z1.Z01J,True,True,False,False,0,,,,,reported_no_data
Z1.Z09L,True,True,False,False,0,,,,,reported_no_data
Z1.Z16N,True,True,False,False,0,,,,,reported_no_data
Z1.Z21G,True,True,False,False,0,,,,,reported_no_data
Z1.Z34S,True,True,False,False,0,,,,,reported_no_data
Z4.CP06,True,True,False,False,0,,,,,reported_no_data
Z5.GIMR,True,True,False,False,0,,,,,reported_no_data
Z5.KAGD,True,True,False,False,0,,,,,reported_no_data
Z5.LAMW,True,True,False,False,0,,,,,reported_no_data
Z5.MASD,True,True,True,True,122726497,45.8,2.0,323.0,122726497.0,delivered
Z5.NTGM,True,True,False,False,0,,,,,reported_no_data
Z6.01,True,True,True,True,13547098,22.99,1.0,20.0,13547098.0,delivered
Z6.08L,True,True,True,True,4027979,46.62,2.0,11.0,4027979.0,delivered
Z6.13,True,True,True,True,354129244,46.33,2.0,367.0,354129244.0,delivered
Z6.16,True,True,True,True,352494673,46.43,2.0,365.0,352494673.0,delivered
Z6.BRDL,True,True,True,True,6082345,22.79,1.0,19.0,6082345.0,delivered
Z7.FAG,True,True,False,False,0,,,,,reported_no_data
Z7.LA01,True,True,True,True,518851644,45.56,2.0,541.0,518851644.0,delivered
Z8.310,True,True,True,True,5957176,46.48,2.0,6.0,5957176.0,delivered
Z8.320,True,True,True,True,451083360,104.57,2.0,501.0,451083360.0,delivered
Z8.341,True,True,True,True,267656208,47.04,2.0,10.0,267656208.0,delivered
Z8.356,True,True,True,True,54137312,46.19,2.0,167.0,54137312.0,delivered
Z8.365,True,True,True,True,482967173,102.88,2.0,499.0,482967173.0,delivered
Z8.373,True,True,True,True,460481634,103.88,2.0,500.0,460481634.0,delivered
Z9.E01,True,True,False,False,0,,,,,reported_no_data
Z9.E07,True,True,True,True,63401855,22.89,1.0,185.0,63401855.0,delivered
Z9.E31,True,True,False,False,0,,,,,reported_no_data
Z9.W14,True,True,False,False,0,,,,,reported_no_data
Z9.W315,True,True,False,False,0,,,,,reported_no_data
ZA.A11,True,True,False,False,0,,,,,reported_no_data
ZA.A20,True,True,False,False,0,,,,,reported_no_data
ZA.B02,True,True,False,False,0,,,,,reported_no_data
ZA.B06,True,True,False,False,0,,,,,reported_no_data
ZA.B20,True,True,True,True,14175663,46.42,2.0,30.0,14175663.0,delivered
ZA.B21,True,True,True,True,32233386,22.98,1.0,99.0,32233386.0,delivered
ZA.B26,True,True,False,False,0,,,,,reported_no_data
ZB.B01,True,True,False,False,0,,,,,reported_no_data
ZB.L10S,True,True,True,True,69315386,91.22,2.0,102.0,69315386.0,delivered
ZB.LAIS,True,True,False,False,0,,,,,reported_no_data
ZB.LUNG,True,True,False,False,0,,,,,reported_no_data
ZB.MLKN,True,True,True,True,18127775,111.13,2.0,36.0,18127775.0,delivered
ZB.N60B,True,True,False,False,0,,,,,reported_no_data
ZB.PPNG,True,True,True,True,20396536,23.12,1.0,64.0,20396536.0,delivered
ZB.PUTR,True,True,True,True,93339139,85.66,2.0,97.0,93339139.0,delivered
ZB.TIKU,True,True,True,True,70288254,43.93,2.0,9.0,70288254.0,delivered
ZB.Y30S,True,True,False,False,0,,,,,reported_no_data
ZC.HMDR,True,True,True,True,140613748,44.22,2.0,415.0,140613748.0,delivered
ZC.SODR,True,True,True,True,51213445,23.6,1.0,128.0,51213445.0,delivered
ZC.TIN1,True,True,False,False,0,,,,,reported_no_data
ZD.D03,True,True,False,False,0,,,,,reported_no_data
ZD.FM03,True,True,True,True,540041194,76.67,2.0,559.0,540041194.0,delivered
ZD.FM06,True,True,False,False,0,,,,,reported_no_data
ZD.FM09,True,True,True,True,1085805139,88.44,2.0,561.0,1085805139.0,delivered
ZD.FN11,True,True,True,True,15945105,46.29,2.0,49.0,15945105.0,delivered
ZD.FS07,True,True,True,True,1002308959,111.44,2.0,520.0,1002308959.0,delivered
ZD.G01,True,True,True,True,156006179,59.12,2.0,162.0,156006179.0,delivered
ZD.Q10,True,True,True,True,333162114,47.12,2.0,347.0,333162114.0,delivered
ZE.BULG,True,True,True,True,497575541,121.11,2.0,517.0,497575541.0,delivered
ZE.HOLG,True,True,True,True,112097200,100.9,2.0,117.0,112097200.0,delivered
ZF.B001,True,True,False,False,0,,,,,reported_no_data
ZF.HYNE,True,True,False,False,0,,,,,reported_no_data
ZF.LYDE,True,True,False,False,0,,,,,reported_no_data
ZG.CB14,True,True,True,True,964947382,118.51,2.0,499.0,964947382.0,delivered
ZG.CB34,True,True,True,True,51919947,23.01,1.0,134.0,51919947.0,delivered
ZG.CP07,True,True,False,False,0,,,,,reported_no_data
ZG.CP12,True,True,False,False,0,,,,,reported_no_data
ZG.CP13,True,True,False,False,0,,,,,reported_no_data
ZG.CP19,True,True,False,False,0,,,,,reported_no_data
ZI.2299,True,True,False,False,0,,,,,reported_no_data
ZI.MB16,True,True,False,False,0,,,,,reported_no_data
ZI.MB19,True,True,False,False,0,,,,,reported_no_data
ZJ.BEBP,True,True,True,True,28029137,22.79,1.0,29.0,28029137.0,delivered
ZJ.DONT,True,True,False,False,0,,,,,reported_no_data
ZJ.RKST,True,True,False,False,0,,,,,reported_no_data
ZL.A01,True,True,False,False,0,,,,,reported_no_data
ZL.A21,True,True,False,False,0,,,,,reported_no_data
ZL.B01,True,True,False,False,0,,,,,reported_no_data
ZL.B07,True,True,False,False,0,,,,,reported_no_data
ZL.BARR,True,True,False,False,0,,,,,reported_no_data
ZL.CHUM,True,True,True,True,54482474,23.12,1.0,168.0,54482474.0,delivered
ZL.COLO,True,True,False,False,0,,,,,reported_no_data
ZL.I02,True,True,True,True,366344117,46.67,2.0,355.0,366344117.0,delivered
ZL.JYCE,True,True,False,False,0,,,,,reported_no_data
ZL.N06,True,True,True,True,367676882,46.67,2.0,356.0,367676882.0,delivered
ZL.N06M,True,True,True,True,188090956,59.49,2.0,157.0,188090956.0,delivered
ZL.N07A,True,True,False,False,0,,,,,reported_no_data
ZL.NOQE,True,True,True,True,6057664,46.12,2.0,15.0,6057664.0,delivered
ZL.S05,True,True,True,True,366502129,46.57,2.0,356.0,366502129.0,delivered
ZM.ALYS,True,True,True,True,69755208,113.55,2.0,42.0,69755208.0,delivered
ZM.D21,True,True,False,False,0,,,,,reported_no_data
ZM.GM01,True,True,True,True,6897402,46.19,2.0,17.0,6897402.0,delivered
ZM.GM02,True,True,True,True,15586554,22.78,1.0,8.0,15586554.0,delivered
ZM.GM03,True,True,False,False,0,,,,,reported_no_data
ZM.GM04,True,True,True,True,1717300,46.29,2.0,5.0,1717300.0,delivered
ZM.GM06,True,True,False,False,0,,,,,reported_no_data
ZM.GM07,True,True,False,False,0,,,,,reported_no_data
ZM.N140,True,True,False,False,0,,,,,reported_no_data
ZM.N156,True,True,True,True,2065684,46.15,2.0,3.0,2065684.0,delivered
ZM.N173,True,True,True,True,776860758,118.88,2.0,501.0,776860758.0,delivered
ZM.N190,True,True,True,True,122615724,23.04,1.0,316.0,122615724.0,delivered
ZM.N215,True,True,False,False,0,,,,,reported_no_data
ZM.P061,True,True,True,True,137600465,22.74,1.0,334.0,137600465.0,delivered
ZM.P080,True,True,False,False,0,,,,,reported_no_data
ZM.P124,True,True,False,False,0,,,,,reported_no_data
ZN.DC34,True,True,True,True,11509937,23.24,1.0,36.0,11509937.0,delivered
ZN.KAW2,True,True,False,False,0,,,,,reported_no_data
ZN.PMNI,True,True,False,False,0,,,,,reported_no_data
ZN.SA2G,True,True,False,False,0,,,,,reported_no_data
ZO.A07,True,True,False,False,0,,,,,reported_no_data
ZP.BKBA,True,True,False,False,0,,,,,reported_no_data
ZP.GEIT,True,True,False,False,0,,,,,reported_no_data
ZP.ISOK,True,True,False,False,0,,,,,reported_no_data
ZP.JNJA,True,True,False,False,0,,,,,reported_no_data
ZP.KAMZ,True,True,False,False,0,,,,,reported_no_data
ZP.KASM,True,True,True,True,109072479,23.13,1.0,140.0,109072479.0,delivered
ZP.KIBO,True,True,False,False,0,,,,,reported_no_data
ZP.KISH,True,True,False,False,0,,,,,reported_no_data
ZP.LAEL,True,True,False,False,0,,,,,reported_no_data
ZP.MGOR,True,True,False,False,0,,,,,reported_no_data
ZP.MKUS,True,True,False,False,0,,,,,reported_no_data
ZP.MPIK,True,True,False,False,0,,,,,reported_no_data
ZP.MWEN,True,True,False,False,0,,,,,reported_no_data
ZP.PNDA,True,True,True,True,23448740,23.29,1.0,16.0,23448740.0,delivered
ZQ.103,True,True,True,True,5486513,46.29,2.0,8.0,5486513.0,delivered
ZQ.159,True,True,False,False,0,,,,,reported_no_data
ZQ.184,True,True,True,True,15041269,46.26,2.0,45.0,15041269.0,delivered
ZQ.AAM2,True,True,False,False,0,,,,,reported_no_data
ZQ.ETIP,True,True,False,False,0,,,,,reported_no_data
ZR.N1306,True,True,True,True,12806633,45.33,2.0,6.0,12806633.0,delivered
ZR.N1312,True,True,False,False,0,,,,,reported_no_data
ZR.N1317,True,True,True,True,5703116,22.99,1.0,18.0,5703116.0,delivered
ZS.W05,True,True,False,False,0,,,,,reported_no_data
ZT.ALST0,True,True,True,True,118490467,110.91,2.0,62.0,118490467.0,delivered
ZT.CRAIL,True,True,True,True,9220635,45.28,2.0,30.0,9220635.0,delivered
ZT.DULL,True,True,False,False,0,,,,,reported_no_data
ZT.NHAM,True,True,True,True,55726430,45.17,2.0,170.0,55726430.0,delivered
ZT.WEST,True,True,True,True,315391595,47.31,2.0,327.0,315391595.0,delivered
ZT.WTBG,True,True,False,False,0,,,,,reported_no_data
ZU.101,True,True,False,False,0,,,,,reported_no_data
ZU.134,True,True,False,False,0,,,,,reported_no_data
ZU.214,True,True,False,False,0,,,,,reported_no_data
ZU.227,True,True,False,False,0,,,,,reported_no_data
ZU.ALD48,True,True,False,False,0,,,,,reported_no_data
ZU.ARV39,True,True,False,False,0,,,,,reported_no_data
ZU.ARY43,True,True,False,False,0,,,,,reported_no_data
ZU.AZB19,True,True,False,False,0,,,,,reported_no_data
ZU.COS28,True,True,False,False,0,,,,,reported_no_data
ZU.E118,True,True,False,False,0,,,,,reported_no_data
ZU.GGIL,True,True,False,False,0,,,,,reported_no_data
ZU.LAB43,True,True,False,False,0,,,,,reported_no_data
ZU.MSW46,True,True,False,False,0,,,,,reported_no_data
ZU.NMV26,True,True,False,False,0,,,,,reported_no_data
ZU.NMW20,True,True,False,False,0,,,,,reported_no_data
ZU.NMX25,True,True,False,False,0,,,,,reported_no_data
ZU.NMY20,True,True,False,False,0,,,,,reported_no_data
ZU.NZ01,True,True,True,True,356912581,45.88,2.0,281.0,356912581.0,delivered
ZU.NZ04,True,True,True,True,122924549,22.93,1.0,315.0,122924549.0,delivered
ZU.NZ05,True,True,True,True,349634697,46.16,2.0,30.0,349634697.0,delivered
ZU.NZ12,True,True,True,True,31191340,23.02,1.0,33.0,31191340.0,delivered
ZU.NZ18,True,True,True,True,344353114,46.18,2.0,143.0,344353114.0,delivered
ZU.NZ21,True,True,True,True,341816631,46.33,2.0,177.0,341816631.0,delivered
ZU.NZ22,True,True,True,True,355703295,45.8,2.0,85.0,355703295.0,delivered
ZU.NZ24,True,True,False,False,0,,,,,reported_no_data
ZU.NZ26,True,True,True,True,79737709,22.98,1.0,246.0,79737709.0,delivered
ZU.NZ29,True,True,False,False,0,,,,,reported_no_data
ZU.PA69,True,True,False,False,0,,,,,reported_no_data
ZU.TXC31,True,True,False,False,0,,,,,reported_no_data
ZU.TXD38,True,True,False,False,0,,,,,reported_no_data
ZU.TXE30,True,True,False,False,0,,,,,reported_no_data
ZU.TXH36,True,True,False,False,0,,,,,reported_no_data
ZU.TXJ34,True,True,False,False,0,,,,,reported_no_data
ZU.TXK37,True,True,False,False,0,,,,,reported_no_data
ZV.CHAA,True,True,True,True,33092861,45.38,2.0,90.0,33092861.0,delivered
ZV.GUNA,True,True,False,False,0,,,,,reported_no_data
ZV.LORI,True,True,True,True,272265611,47.4,2.0,281.0,272265611.0,delivered
ZV.MAQU,True,True,True,True,273021287,47.39,2.0,282.0,273021287.0,delivered
ZV.OBS02,True,True,False,False,0,,,,,reported_no_data
ZV.WKZ05,True,True,True,True,17791212,123.0,2.0,19.0,17791212.0,delivered
ZV.WKZ07,True,True,True,True,16606484,123.07,2.0,18.0,16606484.0,delivered
ZV.WKZ09,True,True,True,True,18643821,122.31,2.0,20.0,18643821.0,delivered
ZV.XWAN,True,True,False,False,0,,,,,reported_no_data
ZW.AZCF,True,True,False,False,0,,,,,reported_no_data
ZX.215,True,True,True,True,68359483,46.31,2.0,97.0,68359483.0,delivered
ZX.230,True,True,False,False,0,,,,,reported_no_data
ZZ.FWU17,True,True,False,False,0,,,,,reported_no_data
ZZ.XSJN,True,True,False,False,0,,,,,reported_no_data
nan.SABA,True,True,False,False,0,,,,,reported_no_data
