net1,sta1,lat1,lon1,net2,sta2,lat2,lon2,distance_km,shared_days
G,SSB,45.279,4.542,MN,MEB,36.303,2.73,1009.600170281592,345
G,SSB,45.279,4.542,XB,PS37,38.999699,-4.9555,1047.8573567048113,727
G,SSB,45.279,4.542,CA,CPAL,42.310533,3.16244,348.1410329714692,3199
G,SSB,45.279,4.542,WM,UCM,40.307499,-3.2441,841.4443043685684,2729
G,SSB,45.279,4.542,MN,VSL,39.496,9.378,755.4726473599129,9690
G,SSB,45.279,4.542,GE,MAHO,39.895901,4.2665,598.9977937452664,2077
G,SSB,45.279,4.542,YD,GROM,41.072701,15.0594,971.5834357177948,268
G,SSB,45.279,4.542,YD,OBS14,39.169399,14.4694,1061.5025335226997,127
G,SSB,45.279,4.542,TT,TAMR,37.046902,9.1091,991.5681433135601,590
G,SSB,45.279,4.542,1K,GIAN,42.25078,11.10161,624.875671303826,367
G,SSB,45.279,4.542,CA,CFAR,40.5604,0.6614,612.3119959236363,3212
G,SSB,45.279,4.542,GE,CART,37.5868,-1.0012,971.5991458023195,2980
G,SSB,45.279,4.542,YR,ED15,42.527802,13.55816,783.8865127103368,274
G,SSB,45.279,4.542,CA,CARA,42.707643,0.818132,412.82100080464335,2956
G,SSB,45.279,4.542,YF,HVAR,43.177601,16.449,976.0781411815818,458
G,SSB,45.279,4.542,YI,GROG,43.426182,9.89201,472.51366440729277,341
G,SSB,45.279,4.542,YF,DUOK,44.113098,14.9318,830.8029773732533,535
G,SSB,45.279,4.542,YI,BARR,44.282799,12.0797,604.9134547627289,832
G,SSB,45.279,4.542,YI,BOB,44.767921,9.44782,389.673097631234,914
G,SSB,45.279,4.542,MN,BNI,45.052,6.678,169.34737424381512,9146
G,SSB,45.279,4.542,YG,CBP4N,45.978298,18.12705,1057.9321451903613,387
G,SSB,45.279,4.542,NI,ZOU2,46.558399,12.9729,667.1641853756313,754
G,SSB,45.279,4.542,CH,FUORN,46.620334,10.263551,466.6872015899656,6743
G,SSB,45.279,4.542,YG,CBP2J,47.367298,18.03178,1060.1267245761658,388
G,SSB,45.279,4.542,YG,CBP4F,47.720261,15.97801,915.456888536772,429
G,SSB,45.279,4.542,CH,SLE,47.7645,8.49236,409.4567685191851,4829
G,SSB,45.279,4.542,G,CLF,48.02579,2.26,351.5645359978822,4150
G,SSB,45.279,4.542,XM,A106,48.146099,13.5743,758.2272044190499,330
G,SSB,45.279,4.542,GB,JSA,49.18783,-2.17167,667.2750335161533,5993
G,SSB,45.279,4.542,GE,RUE,52.475899,13.78,1045.6051956884837,2394
G,SSB,45.279,4.542,CZ,PRIC,49.6693,12.6782,781.7212366703748,995
G,SSB,45.279,4.542,GB,HMNX,50.86733,0.33633,695.2569230614142,4929
G,SSB,45.279,4.542,NL,HGN,50.764,5.9317,618.5692539222973,7903
G,SSB,45.279,4.542,GB,GDLE,54.42183,-0.81567,1086.0057363372794,2870
G,SSB,45.279,4.542,GE,HLG,54.1847,7.8839,1018.6826548074087,1711
G,SSB,45.279,4.542,GB,CCA1,50.18667,-5.22767,910.7361180149752,4858
G,SSB,45.279,4.542,CZ,MORC,49.7768,17.5425,1094.7390497241333,1000
G,SSB,45.279,4.542,GE,IBBN,52.306301,7.7592,815.9525997237386,2508
G,SSB,45.279,4.542,GB,WACR,52.72433,0.62833,875.3916456333682,3376
G,SSB,45.279,4.542,CZ,TREC,49.2948,15.4871,937.3110262995515,999
G,SSB,45.279,4.542,CZ,BEDC,50.78933,15.16976,998.3109049583329,864
G,SSB,45.279,4.542,UK,STED,50.737,-1.9645,775.6596912618292,2909
G,SSB,45.279,4.542,WF,SPG,52.32553,-3.01928,958.362966207401,565
ZU,NZ24,-45.498402,176.002594,NZ,URZ,-38.259249,177.110894,810.1473787307467,363
ZU,NZ24,-45.498402,176.002594,ZU,NZ01,-44.4981,165.001602,871.4176362009288,356
ZU,NZ24,-45.498402,176.002594,ZU,NZ21,-39.5005,170.000107,828.3029117380427,348
ZU,NZ24,-45.498402,176.002594,ZU,NZ22,-44.500599,173.998703,192.69597599961048,364
ZU,NZ24,-45.498402,176.002594,ZU,NZ26,-46.997898,174.498398,202.91871218299067,362
ZU,NZ24,-45.498402,176.002594,ZU,NZ29,-45.247398,172.253494,294.15465274018635,361
ZU,NZ24,-45.498402,176.002594,ZU,NZ18,-41.000198,170.0,697.1280888117669,349
ZU,NZ24,-45.498402,176.002594,ZU,NZ04,-41.999298,165.502396,927.8860998672086,358
ZU,NZ24,-45.498402,176.002594,ZU,NZ12,-43.001701,169.598602,580.480154256325,354
ZU,NZ24,-45.498402,176.002594,Y3,CROE,-42.336498,171.398407,509.36487105344196,188
ZU,NZ24,-45.498402,176.002594,ZU,NZ05,-40.6493,167.251007,891.3399829842318,350
3H,G08,0.7564,-90.4024,3H,G56,-2.4299,-89.0249,385.97860946972264,435
3H,G08,0.7564,-90.4024,3H,G52,-2.3945,-91.89,387.43331429928134,437
3H,G08,0.7564,-90.4024,3H,G44,-1.8313,-93.8518,479.4491694318474,430
3H,G08,0.7564,-90.4024,3H,G39,-0.9632,-95.7405,623.5863679885701,438
3H,G08,0.7564,-90.4024,3H,G23,0.9001,-92.0216,180.73593357220113,442
3H,G08,0.7564,-90.4024,3H,G33,2.8879,-94.4777,511.16662629323247,444
3H,G08,0.7564,-90.4024,3H,G06,2.0564,-90.6769,147.73895837335604,442
3H,G08,0.7564,-90.4024,3H,G01,1.0132,-88.9369,165.4200416775697,443
3H,G08,0.7564,-90.4024,3H,G18,1.5202,-93.2519,327.9729997541661,444
3H,G08,0.7564,-90.4024,3H,G15,2.5843,-92.2501,288.93657301810515,444
3H,G08,0.7564,-90.4024,3H,G30,1.2999,-94.808,493.51460288258147,444
3H,G08,0.7564,-90.4024,3H,G27,-0.183,-93.4209,351.5133498302172,440
3H,G08,0.7564,-90.4024,8W,CBHM,-0.46906,-91.60975,191.28726143124607,222
JP,JGF,35.604,137.354172,KG,TJN,36.38052,127.36174,902.72145667867,4268
JP,JGF,35.604,137.354172,KS,SH2B,38.2686,128.2524,861.0331848620242,1089
JP,JGF,35.604,137.354172,JP,JSU,31.509331,130.452667,784.6845958590875,4269
JP,JGF,35.604,137.354172,JP,JMM,37.868999,140.789673,396.37326125720773,4264
JP,JGF,35.604,137.354172,JP,JHJ2,33.115299,139.813797,357.117890622543,4257
JP,JGF,35.604,137.354172,JP,JWT,35.285671,135.398666,180.64334087425672,4270
JP,JGF,35.604,137.354172,JP,JTU,34.5275,129.396332,733.8715859121545,4268
JP,JGF,35.604,137.354172,JP,JHS,35.001831,133.113663,390.56307871278676,4269
JP,JGF,35.604,137.354172,JP,JEW,42.84267,141.446167,878.4095290130432,4269
JP,JGF,35.604,137.354172,JP,JTM,40.789501,141.064667,661.3539776067953,4270
JP,JGF,35.604,137.354172,JP,JMN,33.731499,133.876328,380.1111913150069,4269
JP,JGF,35.604,137.354172,PS,TSK,36.2108,140.1097,257.172396564984,3591
JP,JGF,35.604,137.354172,JP,JNU,33.125,130.876694,655.1511520881509,4269
JP,JGF,35.604,137.354172,1U,SHRD,41.945759,128.791214,1022.8607046756794,348
JP,JGF,35.604,137.354172,JP,JSD,38.040001,138.257172,282.5405916075088,4270
G,ROCAM,-19.75553,63.37014,MR,MRIV,-20.298,57.497002,616.4983619495368,139
II,HOPE,-54.2836,-36.4879,AI,ORCD,-60.738098,-44.736099,869.1077243728968,3739
XN,BC03,61.229599,-120.422997,XN,B07,59.6548,-126.950104,398.3218250174532,98
XN,BC03,61.229599,-120.422997,XN,B11,60.087002,-130.606995,568.624239751604,291
XN,BC03,61.229599,-120.422997,XY,BN23,55.410999,-127.640999,771.1997915631908,98
XN,BC03,61.229599,-120.422997,XN,B15,60.433998,-134.247406,752.9605104950648,368
XN,BC03,61.229599,-120.422997,XN,A06,60.631199,-123.493202,178.69935265285207,426
XN,BC03,61.229599,-120.422997,XY,BS07,52.390099,-126.834999,1056.366151534872,93
XN,BC03,61.229599,-120.422997,XN,A16,61.576599,-117.147697,178.51937275462433,364
ZA,B21,7.9484,-147.358002,ZA,B26,7.5382,-144.945801,269.6636913303645,394
ZA,B21,7.9484,-147.358002,ZA,B06,9.7074,-147.748093,200.23314970476306,389
ZA,B21,7.9484,-147.358002,ZA,B02,11.0639,-145.714005,390.5249814254094,391
ZA,B21,7.9484,-147.358002,ZA,B20,9.8252,-142.660507,556.6406990630466,389
XA,S14,-3.6445,-17.47753,XA,S12,-3.01084,-23.42456,663.9105849802172,2295
S1,AUBRM,-17.9565,122.2321,S1,AUKAR,-20.752,116.8178,647.4244494387992,1578
S1,AUBRM,-17.9565,122.2321,S1,AUDHS,-12.44,130.833,1107.7682761987994,1478
II,NIL,33.6506,73.2686,TJ,SHAA,37.562,68.122803,636.6472279261258,645
II,NIL,33.6506,73.2686,TJ,CHGR,38.656898,69.158203,667.7089827454254,665
II,NIL,33.6506,73.2686,II,AAK,42.6375,74.4942,1004.996839001973,4305
II,NIL,33.6506,73.2686,KR,SFK,40.017151,73.506289,708.2442579944642,283
II,NIL,33.6506,73.2686,CK,MNAS,42.49321,72.49757,985.5554267334726,248
II,NIL,33.6506,73.2686,KR,BTK,40.06675,70.81572,745.9832322618762,925
II,NIL,33.6506,73.2686,TJ,GEZN,39.283298,67.715401,798.9307130619796,520
II,NIL,33.6506,73.2686,XW,ATUS,39.716,76.157204,721.8398182463017,99
II,NIL,33.6506,73.2686,KN,ULHL,42.245602,76.241699,990.4547112110167,4500
II,NIL,33.6506,73.2686,XP,ORTK,41.039398,75.056801,836.6095272175457,424
II,NIL,33.6506,73.2686,Y2,PURG,30.198799,81.275299,847.1599332484504,334
II,NIL,33.6506,73.2686,Y2,GUGE,31.4769,79.664101,646.0949190787586,334
II,NIL,33.6506,73.2686,XF,H1415,32.307899,84.218903,1031.7668285485333,159
II,NIL,33.6506,73.2686,XF,H1630,34.065399,84.227402,1012.4877477629938,276
II,NIL,33.6506,73.2686,XW,KSA,41.5425,77.925697,968.3238338045204,638
II,NIL,33.6506,73.2686,XW,BCHU,39.793301,78.782501,841.0546030970988,309
II,NIL,33.6506,73.2686,XW,AKSU,41.1441,80.109802,1028.5523185169866,371
XT,NAU,-0.506318,166.932632,XT,KOS,5.3238,163.008698,781.1166744404263,332
XA,SA01,-34.294456,19.245956,XA,SA10,-30.972401,23.913601,572.1427479704706,215
XA,SA01,-34.294456,19.245956,XA,SA18,-28.632814,24.305628,791.3187942687462,384
XA,SA01,-34.294456,19.245956,XA,SA29,-26.931738,23.03492,895.1854370826298,233
XA,SA01,-34.294456,19.245956,XA,SA20,-29.0221,26.195299,880.6414297471792,292
XA,SA01,-34.294456,19.245956,XA,SA04,-32.850498,19.6206,164.26939614995092,293
XA,SA01,-34.294456,19.245956,XA,SA81,-30.925116,21.268124,419.78245840397994,347
XA,SA01,-34.294456,19.245956,XA,SA26,-27.545601,26.1803,999.764803091675,241
XA,SA01,-34.294456,19.245956,XA,SA38,-25.933359,25.084627,1085.6200427935194,506
XA,SA01,-34.294456,19.245956,XA,SA03,-33.6619,21.3354,205.09705647422433,210
YY,SHER,10.5942,34.786201,YY,GORE,8.1501,35.533001,283.8515713273246,655
YY,SHER,10.5942,34.786201,YY,ABMD,11.8317,35.5825,162.7211660359725,669
YY,SHER,10.5942,34.786201,YY,MGNA,12.7864,36.404301,300.76455375422125,198
YY,SHER,10.5942,34.786201,YY,NEKE,9.089,36.523701,253.46977974705288,663
YY,SHER,10.5942,34.786201,YY,NGLE,5.3316,39.573601,787.5039844783363,648
YY,SHER,10.5942,34.786201,YY,CHGE,10.9614,36.518398,193.56882520872577,674
YY,SHER,10.5942,34.786201,YY,DAQU,13.1448,37.897598,441.641457132887,154
BL,PP1A,-17.6003,-54.879601,GT,CPUP,-26.33064,-57.33087,1003.0502764045766,349
BL,PP1A,-17.6003,-54.879601,BL,AQDA,-20.48,-55.700001,331.6135651138858,326
BL,PP1A,-17.6003,-54.879601,BL,CMPA,-19.57917,-54.168831,232.44076128797593,249
BL,PP1A,-17.6003,-54.879601,BL,CDSB,-18.765471,-52.83926,251.48358973426056,283
YT,MRTP,-74.188,-115.081,YT,MCRG,-73.6681,-94.6493,628.4727862754071,377
YT,MRTP,-74.188,-115.081,YT,THUR,-72.5301,-97.5606,585.0448799704193,393
YT,MRTP,-74.188,-115.081,YT,MTAK,-76.3157,-112.7986,245.2083633324487,732
YT,MRTP,-74.188,-115.081,YT,LPLY,-73.1142,-90.2834,779.3821334266139,370
TM,SRIT,8.59549,99.601994,IN,PBA,11.655733,92.743919,824.1274666213473,3096
TM,SRIT,8.59549,99.601994,RM,DLV,11.952,108.481499,1040.5797251786958,2871
TM,SRIT,8.59549,99.601994,MY,KUM,5.2902,100.6492,385.2752289300752,3103
TM,SRIT,8.59549,99.601994,TM,PRAC,12.472649,99.792871,431.6254913837441,3690
TM,SRIT,8.59549,99.601994,PS,PSI,2.6938,98.923698,660.5134198701185,4076
TM,SRIT,8.59549,99.601994,TM,UBPT,15.2773,105.4695,979.2612568285217,2361
TM,SRIT,8.59549,99.601994,MY,KOM,1.7922,103.846703,890.4849338691256,3627
TM,SRIT,8.59549,99.601994,TM,PHRA,18.4989,100.229,1103.288361335488,2310
TM,SRIT,8.59549,99.601994,TM,LOEI,17.5093,101.6244,1015.0375264556657,3580
TM,SRIT,8.59549,99.601994,TM,PANO,17.147614,104.6122,1094.8242864932301,1820
TM,SRIT,8.59549,99.601994,MM,YGN,16.864799,96.153397,992.5303571706876,1987
TM,SRIT,8.59549,99.601994,TM,SRDT,14.3948,99.1213,646.9764505552454,3636
TM,SRIT,8.59549,99.601994,TM,NAYO,14.3152,101.3209,662.9924241856803,2839
TM,SRIT,8.59549,99.601994,TM,CHBT,12.7441,102.3526,550.543234314999,1995
TM,SRIT,8.59549,99.601994,TM,SKLT,7.175815,100.615686,193.35323906988774,2686
NR,NE75,27.293341,-112.856491,NR,NE74,28.007509,-114.013802,138.92343420486122,1975
NR,NE75,27.293341,-112.856491,ZL,N06,27.174299,-111.153603,168.88053481485974,354
NR,NE75,27.293341,-112.856491,NR,NE78,24.398199,-111.10643,366.4641004529957,627
NR,NE75,27.293341,-112.856491,ZL,I02,25.684299,-110.099602,327.535398947974,353
NR,NE75,27.293341,-112.856491,NR,NE79,23.11937,-109.756111,559.1334940527898,1545
NR,NE75,27.293341,-112.856491,NR,NE82,26.915661,-109.230843,361.31396958896914,1548
NR,NE75,27.293341,-112.856491,ZL,S05,23.347799,-108.094299,649.1679541492432,354
NR,NE75,27.293341,-112.856491,NR,NE83,24.730881,-107.739326,585.2965259674663,1208
NR,NE75,27.293341,-112.856491,NR,NE80,30.5,-112.319931,360.36849198712326,1536
NR,NE75,27.293341,-112.856491,CI,CIA,33.401898,-118.415021,863.2896508294581,737
NR,NE75,27.293341,-112.856491,NR,NE81,28.918341,-109.636261,363.85727784230374,1706
NR,NE75,27.293341,-112.856491,US,KNB,37.0166,-112.8224,1081.1833027269024,463
NR,NE75,27.293341,-112.856491,CI,PDM,34.30336,-114.14152,789.0589777982798,169
NR,NE75,27.293341,-112.856491,IM,TX02,29.329901,-103.657997,928.2188656495565,2005
DK,ICESG,69.092201,-39.6474,DK,NRS,61.159566,-45.418535,921.4737516432931,2898
DK,ICESG,69.092201,-39.6474,XF,NE1,74.87175,-38.55117,643.7349662221806,728
DK,ICESG,69.092201,-39.6474,9D,KNS,64.290802,-49.683102,691.1082397477289,427
DK,ICESG,69.092201,-39.6474,DK,DY2G,66.479599,-46.309399,403.11122784832565,2753
DK,ICESG,69.092201,-39.6474,G,IVI,61.205808,-48.171178,961.0767254247829,2322
DK,ICESG,69.092201,-39.6474,DK,ANGG,65.616388,-37.63704,395.90803201056923,2847
DK,ICESG,69.092201,-39.6474,XF,NE4,76.657433,-34.27758,858.5293329914797,565
DK,ICESG,69.092201,-39.6474,XF,NE2,73.990723,-46.23497,591.1936323266493,725
DK,ICESG,69.092201,-39.6474,XF,NE5,74.117332,-31.150419,631.960271794309,728
DK,ICESG,69.092201,-39.6474,XF,NE3,76.394577,-43.458302,821.239825925421,725
DK,ICESG,69.092201,-39.6474,GG,SE1,63.24852,-42.03487,658.4560491816862,1063
DK,ICESG,69.092201,-39.6474,YM,KASE,71.4776,-51.349701,511.63923733995387,775
DK,ICESG,69.092201,-39.6474,DK,SOEG,68.203499,-31.3755,348.8632668122876,2816
DK,ICESG,69.092201,-39.6474,DK,NEEM,77.444702,-51.073799,993.9230819528742,2820
DK,ICESG,69.092201,-39.6474,KP,UPNV,72.782898,-56.1395,722.2891556742255,2068
DK,ICESG,69.092201,-39.6474,DK,SCO,70.485536,-21.949715,694.6018855984807,2826
DK,ICESG,69.092201,-39.6474,DK,DBG,74.307055,-20.219193,885.1303455159712,2853
DK,ICESG,69.092201,-39.6474,GE,SUMG,72.5742,-38.4626,389.5705681724324,2870
DK,ICESG,69.092201,-39.6474,DK,KULLO,74.580498,-57.2201,855.9776768716952,2347
DK,ICESG,69.092201,-39.6474,GE,DAG,76.771301,-18.655001,1082.0541560669992,2788
3J,OBS30,-14.95702,-167.2441,3J,OBS23,-15.39963,-171.86155,497.95420028969056,615
3J,OBS30,-14.95702,-167.2441,3J,OBS01,-13.155,-171.40391,491.3839269044585,608
3J,OBS30,-14.95702,-167.2441,3J,OBS13,-16.1503,-174.71751,811.4380797029081,612
3J,OBS30,-14.95702,-167.2441,3J,OBS04,-12.90699,-174.27149,791.8678495941876,609
3J,OBS30,-14.95702,-167.2441,3J,OBS17,-14.43021,-173.2349,646.997465907146,613
3J,OBS30,-14.95702,-167.2441,HV,ANDI,-14.247084,-170.564072,365.85290344807214,617
3J,OBS30,-14.95702,-167.2441,3J,OBS19,-16.28387,-173.17295,651.7902100399126,613
3J,OBS30,-14.95702,-167.2441,3J,OBS11,-14.79489,-175.24356,859.8305754970711,611
3J,OBS30,-14.95702,-167.2441,3J,OBS10,-16.02551,-176.12563,959.0077926345946,459
3J,OBS30,-14.95702,-167.2441,3J,OBS28,-13.46713,-168.51582,215.02539464828968,617
3J,OBS30,-14.95702,-167.2441,3J,OBS26,-15.36052,-169.11661,205.9154884045748,446
3J,OBS30,-14.95702,-167.2441,MH,P0010,-14.043483,-165.862533,180.10733055527714,145
3J,OBS30,-14.95702,-167.2441,MH,P0011,-14.000417,-159.5934,830.4920932828534,186
VE,GUNV,10.1449,-62.9426,VE,IMOV,12.3585,-70.902298,902.2060781064424,686
VE,GUNV,10.1449,-62.9426,VE,ELOV,7.0011,-69.4832,799.5233361097875,634
VE,GUNV,10.1449,-62.9426,VE,JACV,11.0873,-68.82987,651.8903830140313,562
VE,GUNV,10.1449,-62.9426,VE,BAUV,8.9433,-68.041496,574.8513001377295,644
VE,GUNV,10.1449,-62.9426,VE,PAYV,5.4205,-67.656097,738.5590543759631,583
VE,GUNV,10.1449,-62.9426,XT,B151,12.9915,-67.651299,602.693229135407,296
VE,GUNV,10.1449,-62.9426,XT,PNCH,11.2493,-66.5009,407.71475974432434,294
VE,GUNV,10.1449,-62.9426,XT,MHTO,13.9497,-66.490997,572.5619212102167,298
VE,GUNV,10.1449,-62.9426,VE,CAIV,7.3262,-66.321602,485.92229212674295,685
VE,GUNV,10.1449,-62.9426,XT,SOMB,12.7209,-64.931297,359.188760634895,290
VE,GUNV,10.1449,-62.9426,XT,ABPC,9.4608,-64.820702,219.39435814824537,223
VE,GUNV,10.1449,-62.9426,XT,MIPC,10.9455,-64.294403,172.51704186178625,190
VE,GUNV,10.1449,-62.9426,XT,CMPC,7.6508,-64.073097,303.86526408910004,393
VE,GUNV,10.1449,-62.9426,VE,RIOV,8.069,-61.814499,261.9569224241597,345
VE,GUNV,10.1449,-62.9426,VE,LUEV,5.8433,-61.4613,505.35076049508746,629
OZ,AWOON,-24.07732,151.31468,Y2,KKVN5,-26.343691,152.185039,266.78451251009744,172
OZ,AWOON,-24.07732,151.31468,YW,MSWL3,-32.3933,150.92683,925.4737860138913,242
OZ,AWOON,-24.07732,151.31468,S1,AUDCS,-32.2334,148.6278,944.2791735732368,499
OZ,AWOON,-24.07732,151.31468,S1,AUPHS,-31.099,150.8943,781.8721528830425,499
OZ,AWOON,-24.07732,151.31468,S1,AUTKS,-33.7846,151.0254,1079.767154934108,482
OZ,AWOON,-24.07732,151.31468,S1,AUAYR,-19.5774,147.4088,642.4865934032762,158
OZ,AWOON,-24.07732,151.31468,S1,AUMOU,-24.5752,149.9814,145.99411599378413,458
OZ,AWOON,-24.07732,151.31468,S1,AUCSH,-16.9159,145.7682,983.4642955513107,475
XJ,BNG,55.192932,165.983902,XJ,TIG,57.759483,158.685638,530.9172155837282,189
XJ,BNG,55.192932,165.983902,XJ,ESS,55.932159,158.694794,465.432247037125,179
XJ,BNG,55.192932,165.983902,XJ,APA,52.925709,157.132874,629.7061921327592,263
XJ,BNG,55.192932,165.983902,XJ,PZT,51.466999,156.809998,735.8204176243555,112
XJ,BNG,55.192932,165.983902,XJ,SBL,54.30431,155.961823,650.1559348503965,135
XJ,BNG,55.192932,165.983902,IU,MA2,59.5756,150.77,1030.5828009188522,214
XJ,BNG,55.192932,165.983902,XJ,PAN,59.094879,159.968002,565.2060692627784,224
XJ,BNG,55.192932,165.983902,XJ,OSO,59.261375,163.084213,484.7782151008374,109
XJ,BNG,55.192932,165.983902,XJ,TKI,60.44611,166.148788,584.2086704295162,263
XJ,BNG,55.192932,165.983902,XJ,KGB,56.25845,162.711456,236.67147366201155,153
XJ,BNG,55.192932,165.983902,XJ,ZUP,54.081619,159.987518,405.0438030716561,211
C1,LL05,-41.405341,-73.47445,1P,GUMN,-50.3199,-75.3644,1001.9091124288221,822
C1,LL05,-41.405341,-73.47445,XM,ASB11,-37.8946,-63.8453,911.445472951187,141
C1,LL05,-41.405341,-73.47445,XM,ASB08,-37.6872,-67.8793,633.0644551475821,139
C1,LL05,-41.405341,-73.47445,C1,LL02,-43.19055,-71.84838,239.34290373264238,2989
C1,LL05,-41.405341,-73.47445,1P,OHRS,-48.7078,-73.9807,812.9653473014745,672
C1,LL05,-41.405341,-73.47445,1P,EIDA,-49.5393,-70.8801,926.6495279425117,815
C1,LL05,-41.405341,-73.47445,GT,PLCA,-40.73277,-70.55083,256.23366905085004,3211
C1,LL05,-41.405341,-73.47445,1P,LVAN,-51.0252,-71.1152,1084.8203749574823,810
C1,LL05,-41.405341,-73.47445,1P,PMOR,-50.4904,-73.0428,1010.7601037037908,806
C1,LL05,-41.405341,-73.47445,C1,LR04,-39.88019,-73.425822,169.63890219196037,2630
C1,LL05,-41.405341,-73.47445,XM,ASB20,-35.8086,-63.9305,1035.7702643541272,141
C1,LL05,-41.405341,-73.47445,XM,ASB04,-35.77723,-69.39981,718.849971111113,277
C1,LL05,-41.405341,-73.47445,XM,ASB13,-35.20574,-67.67386,854.7510295380846,287
C1,LL05,-41.405341,-73.47445,3E,MEL15,-34.017221,-70.126983,872.504627559564,282
C1,LL05,-41.405341,-73.47445,XM,ASB22,-33.66389,-67.46128,1010.3685711081455,280
C1,LL05,-41.405341,-73.47445,C1,VA04,-33.6427,-78.8299,983.4171721436538,2892
AF,NSU,6.86685,7.41742,AF,IFE,7.546667,4.45692,335.2239471573515,279
AF,NSU,6.86685,7.41742,AF,YNDE,3.87,11.456,557.5812567378616,472
XG,ERGN,38.258743,39.728668,XG,DGSU,39.131145,42.729748,277.9132477174018,254
XG,ERGN,38.258743,39.728668,XG,KTLN,37.953327,41.705223,176.23996160749286,406
XG,ERGN,38.258743,39.728668,XG,BYBT,40.235348,40.265499,224.596208299527,452
XG,ERGN,38.258743,39.728668,XG,MSDY,40.461639,37.776543,296.9117141974231,644
XG,ERGN,38.258743,39.728668,GE,MRNI,33.01178,35.391998,702.6376694084219,537
XL,HD72,48.7351,103.635696,XL,HD54,47.499901,96.803398,525.2539137354996,642
XL,HD72,48.7351,103.635696,XL,HD03,46.515701,102.547203,259.911385225449,615
XL,HD72,48.7351,103.635696,XL,HD09,45.413898,100.5718,436.05649696285013,641
XL,HD72,48.7351,103.635696,XL,HD21,47.967701,101.433296,183.7515452382817,387
XL,HD72,48.7351,103.635696,XL,HD74,49.500999,99.152298,337.1637191459132,645
XL,HD72,48.7351,103.635696,XL,HD41,48.242298,99.400002,316.8852078340512,640
XL,HD72,48.7351,103.635696,XL,HD25,47.003502,99.406097,369.52800387831354,641
XL,HD72,48.7351,103.635696,XL,HD48,46.209202,97.608299,532.794518819547,576
XL,HD72,48.7351,103.635696,XL,HD68,44.403,102.444702,490.21895150896455,645
XL,HD72,48.7351,103.635696,XL,HD73,49.4953,101.357101,186.12951094430653,645
XL,HD72,48.7351,103.635696,XL,HD75,49.3102,96.357101,534.3615023803743,640
XL,HD72,48.7351,103.635696,II,TLY,51.6807,103.6438,327.53673548506043,631
IN,MNC,8.281517,73.059799,II,PALK,7.2728,80.7022,849.39623321461,722
XK,W12MB,-14.0852,34.911201,AF,TEZI,-15.747,26.016001,973.3696614314367,268
XK,W12MB,-14.0852,34.911201,AF,KTWE,-12.814,28.209,738.4284551230293,142
XK,W12MB,-14.0852,34.911201,AF,BLWY,-20.143,28.611,949.4367257239744,129
XK,W12MB,-14.0852,34.911201,XK,Z04NN,-13.075,30.6276,476.41761232966013,664
XK,W12MB,-14.0852,34.911201,XK,Z09CG,-13.3058,32.221001,303.2744156863148,676
XK,W12MB,-14.0852,34.911201,XK,W02NB,-13.724,33.559898,151.28362582967196,679
XK,W12MB,-14.0852,34.911201,XV,TETE,-16.129999,33.57,269.1198535244679,176
XK,W12MB,-14.0852,34.911201,XK,W10LW,-12.6208,34.165199,181.73742765407403,682
XK,W12MB,-14.0852,34.911201,XK,W15SS,-15.6818,34.974701,177.66515565173108,680
XK,W12MB,-14.0852,34.911201,XV,SENA,-17.445,35.032001,373.8167361424503,427
XK,W12MB,-14.0852,34.911201,XK,Q05MJ,-13.3953,36.125702,151.9649731998454,158
XK,W12MB,-14.0852,34.911201,XV,NAPU,-15.08,39.25,479.82180544460994,320
XK,W12MB,-14.0852,34.911201,XK,Q07MR,-13.1967,37.4986,296.5284972112996,658
XK,W12MB,-14.0852,34.911201,AF,PWET,-8.28,28.530001,949.0715954546038,200
XK,W12MB,-14.0852,34.911201,YQ,MATA,-8.9593,33.968899,579.1408222602494,281
7B,SS03,-36.54219,-154.34819,7B,NN04,-33.35722,-158.09491,491.8808030252049,363
7B,SS03,-36.54219,-154.34819,7B,MM12,-35.50344,-157.16479,278.3796707287862,342
7B,SS03,-36.54219,-154.34819,7B,NM04,-34.07651,-156.41882,332.35121864205587,365
7B,SS03,-36.54219,-154.34819,7B,NN01,-31.70961,-154.60328,537.8711579123998,362
7B,SS03,-36.54219,-154.34819,7B,MM04,-34.0909,-154.12547,273.31915627022175,365
7B,SS03,-36.54219,-154.34819,7B,SS01,-35.53273,-151.77364,257.2581330874297,366
Y1,N7027,65.917526,23.97368,Y1,N7001,68.400002,15.95431,442.1678175072257,431
Y1,N7027,65.917526,23.97368,II,LVZ,67.8979,34.6514,514.2375026487001,421
XI,SM37,44.381001,-93.380997,US,DGMT,48.4702,-104.1959,944.2104361274918,849
XI,SM37,44.381001,-93.380997,ZL,N07A,35.485802,-91.857803,997.5393427376005,214
XI,SM37,44.381001,-93.380997,ZL,N06M,34.904999,-90.221199,1087.627069692871,157
XI,SM37,44.381001,-93.380997,KY,LLKY,36.92159,-88.096558,941.1532081637702,731
XI,SM37,44.381001,-93.380997,4P,MBB03,37.028999,-93.024002,818.0576776068349,176
XI,SM37,44.381001,-93.380997,XO,MG05,37.482498,-90.870102,795.4403342690256,714
XI,SM37,44.381001,-93.380997,XO,LE17,37.9874,-89.1763,792.9666110579258,411
XI,SM37,44.381001,-93.380997,NM,SCMO,38.761799,-90.641296,664.9877301260541,837
XI,SM37,44.381001,-93.380997,XI,SC04,49.624001,-89.675003,646.9946343526883,795
XI,SM37,44.381001,-93.380997,XI,SN44,46.716999,-93.125999,260.50891558365015,844
XI,SM37,44.381001,-93.380997,XI,SC09,49.740002,-86.754997,778.4829413470238,842
XI,SM37,44.381001,-93.380997,US,ECSD,43.7337,-96.6141,268.1740684945988,852
XI,SM37,44.381001,-93.380997,US,GLMI,44.8245,-84.6175,695.2171291635067,757
XI,SM37,44.381001,-93.380997,XI,SC10,49.752998,-83.817001,937.6364157610345,847
XI,SM37,44.381001,-93.380997,XI,SC14,47.723,-84.814003,757.7750476354997,816
XI,SM37,44.381001,-93.380997,WU,TOBO,45.225804,-81.523445,939.3595105606939,455
XI,SM37,44.381001,-93.380997,PO,ACTO,43.6087,-80.062401,1067.6760572642004,842
CW,SOR,22.7932,-83.008598,GI,PETF,16.916298,-89.866737,969.9500130160251,2052
CW,SOR,22.7932,-83.008598,CW,CAMR,23.061737,-81.370857,170.3581312827444,2396
CW,SOR,22.7932,-83.008598,CM,PRV,13.376167,-81.3635,1061.4255064568604,3187
CW,SOR,22.7932,-83.008598,GI,AVPA,15.3972,-89.6417,1077.5673184068673,163
CW,SOR,22.7932,-83.008598,NU,SIUN,13.71616,-84.773499,1026.3376795451838,2180
CW,SOR,22.7932,-83.008598,YG,INC37,15.691732,-88.351567,968.2978689095828,470
CW,SOR,22.7932,-83.008598,NU,BILN,14.0488,-83.374641,973.098809839129,2070
CW,SOR,22.7932,-83.008598,N4,060A,27.0361,-80.3618,542.0115273479793,3685
CW,SOR,22.7932,-83.008598,CY,CBCY,19.73797,-79.758278,478.34315383747077,3353
CW,SOR,22.7932,-83.008598,9R,OBS16,18.39057,-81.81344,505.09964271312754,195
CW,SOR,22.7932,-83.008598,CW,CHIV,19.97648,-76.415131,750.9663196202162,2752
CW,SOR,22.7932,-83.008598,CW,CAIB,22.497055,-79.47097,364.52237260553346,2603
CW,SOR,22.7932,-83.008598,CW,GNEO,20.3274,-74.592934,912.2786651413535,179
CW,SOR,22.7932,-83.008598,JM,NMIA0,18.025,-76.02654,900.029318963625,188
CW,SOR,22.7932,-83.008598,JM,CVJB,18.226,-77.535,763.2842866909481,963
CW,SOR,22.7932,-83.008598,CW,CCCC,21.193399,-77.417297,603.2460062669207,3117
CW,SOR,22.7932,-83.008598,N4,257A,31.9746,-81.0261,1039.4503015167866,3553
8Q,P21,29.6944,-139.63128,8Q,P11,28.19732,-143.482162,409.9871928165709,433
8Q,P21,29.6944,-139.63128,8Q,P19,26.723123,-144.689908,595.5891977514408,432
8Q,P21,29.6944,-139.63128,8Q,P03,27.897,-141.755108,287.6942283089714,435
8Q,P21,29.6944,-139.63128,8Q,P09,26.612795,-142.356315,434.4593379169633,431
8Q,P21,29.6944,-139.63128,8Q,P18,25.762145,-143.392715,572.8359270417824,432
8Q,P21,29.6944,-139.63128,8Q,P17,25.826362,-141.048872,452.1444785146549,428
8Q,P21,29.6944,-139.63128,8Q,P15,27.844793,-139.753242,206.0104061134816,439
8Q,P21,29.6944,-139.63128,8Q,P22,26.902167,-138.673857,324.31913281347767,428
8Q,P21,29.6944,-139.63128,8Q,P12,29.909498,-142.683938,295.50961152174875,438
8Q,P21,29.6944,-139.63128,8Q,P13,29.966537,-141.146892,149.29624130538943,439
8Q,P21,29.6944,-139.63128,8Q,P20,29.158303,-137.94284,174.0488159476544,439
ZJ,BEBP,-73.032547,156.869019,XH,DR15,-79.492798,-179.919296,930.9755633910409,363
ZJ,BEBP,-73.032547,156.869019,XH,DR02,-77.824303,-178.424896,861.5267653714841,361
ZJ,BEBP,-73.032547,156.869019,XH,RS06,-79.283501,-171.620193,1065.3078218175488,363
ZJ,BEBP,-73.032547,156.869019,G,CCD,-75.1065,123.305,1034.7737389118313,266
ZJ,BEBP,-73.032547,156.869019,XH,DR16,-80.869499,178.430405,1011.6399601650083,372
ZJ,BEBP,-73.032547,156.869019,YT,DEVL,-81.4755,161.973,946.2285613556445,954
ZJ,BEBP,-73.032547,156.869019,ZJ,RKST,-74.201065,159.001755,146.11989746845185,955
ZJ,BEBP,-73.032547,156.869019,ZJ,DONT,-73.876846,165.12001,277.35319492807844,961
ZJ,BEBP,-73.032547,156.869019,XH,RS02,-78.492897,173.345795,750.3960546888012,372
GE,SNAA,-71.6707,-2.8379,YT,THRO,-79.127296,-28.317499,1075.9227882896082,291
YW,PJOR,16.984131,-25.19426,YW,PATM,14.86933,-24.42407,249.15715078097676,486
YW,PJOR,16.984131,-25.19426,YW,SALA,16.73283,-22.935659,241.96945703517721,563
YW,PJOR,16.984131,-25.19426,YW,MAIO,15.23057,-23.17725,290.5951597103584,492
XO,WD60,52.644867,-156.579823,XO,WD69,53.782065,-160.34289,280.6229621830437,412
XO,WD60,52.644867,-156.579823,XO,WD67,52.162563,-160.035832,240.48337555569182,418
XO,WD60,52.644867,-156.579823,XO,LA32,54.4982,-157.8522,222.53958166739497,402
XO,WD60,52.644867,-156.579823,XO,EP23,56.9071,-157.0201,474.777042211442,312
XO,WD60,52.644867,-156.579823,XO,WD58,53.906227,-155.035345,173.82445732678056,420
XO,WD60,52.644867,-156.579823,XO,WD49,54.399083,-151.89947,365.6455550783971,420
XO,WD60,52.644867,-156.579823,XO,EP16,59.1126,-156.8567,719.3857572212646,344
XO,WD60,52.644867,-156.579823,XO,WD54,56.331433,-149.066665,634.6255068230831,412
XO,WD60,52.644867,-156.579823,XO,LD42,55.549885,-154.671428,346.13005015285563,408
XO,WD60,52.644867,-156.579823,XO,KD02,57.8618,-152.6575,630.8559195968617,408
XO,WD60,52.644867,-156.579823,XO,WD72,56.257748,-151.81063,506.1609409549031,400
XO,WD60,52.644867,-156.579823,AT,SVW2,61.1082,-155.621704,942.8536225999072,171
XO,WD60,52.644867,-156.579823,XO,ET20,58.1304,-154.9716,618.3173550892764,392
XO,WD60,52.644867,-156.579823,AT,MID,59.427799,-146.338806,984.5048347004832,420
NB,OCBR,-4.58127,-38.392159,NB,PFBR,-6.12163,-38.270802,171.80656254159138,221
NB,OCBR,-4.58127,-38.392159,NB,AGBR,-8.42954,-35.936161,506.6561265839837,183
NB,OCBR,-4.58127,-38.392159,NB,SBBR,-3.74516,-40.371651,238.40247276849308,250
TW,VDOS,20.701,116.730598,RM,SZP,17.552,120.455002,525.0185732908167,637
TW,VDOS,20.701,116.730598,IC,QIZ,19.02928,109.84398,743.7113575202771,631
TW,VDOS,20.701,116.730598,TW,KMNB,24.4638,118.388199,451.6740997143599,641
TW,VDOS,20.701,116.730598,HK,HKPS,22.277599,114.141502,320.13453347646026,628
TW,VDOS,20.701,116.730598,CB,GZH,23.6525,113.652496,456.2134721958368,395
TW,VDOS,20.701,116.730598,JP,JMJ2,24.740801,125.327797,989.2487990763518,641
ZD,FM03,-13.7229,-75.889503,ZG,CP12,-15.2374,-69.531097,704.9296207940881,231
ZD,FM03,-13.7229,-75.889503,TO,PG01,-15.3626,-75.160202,198.50481589252308,465
ZD,FM03,-13.7229,-75.889503,II,NNA,-11.9875,-76.8422,218.8662385555821,559
ZD,FM03,-13.7229,-75.889503,ZD,FS07,-13.46172,-71.9198,430.0252570360581,184
ZD,FM03,-13.7229,-75.889503,ZD,FM06,-13.3499,-74.462502,159.74542074939984,544
ZD,FM03,-13.7229,-75.889503,ZG,CP13,-14.7893,-71.444702,493.4631289119843,235
ZD,FM03,-13.7229,-75.889503,TO,PG20,-14.6049,-73.997299,226.3544831080139,438
ZD,FM03,-13.7229,-75.889503,ZD,FN11,-10.8687,-75.082703,329.2522967484267,339
ZD,FM03,-13.7229,-75.889503,ZG,CP07,-16.8862,-70.373901,688.1396992009578,230
ZD,FM03,-13.7229,-75.889503,TO,PH20,-16.4125,-73.124496,421.38186517140224,354
ZD,FM03,-13.7229,-75.889503,ZD,FM09,-12.65027,-73.041481,330.5938676932175,166
ZD,FM03,-13.7229,-75.889503,TO,PE03,-17.1644,-71.789101,582.6742205841509,339
ZD,FM03,-13.7229,-75.889503,YS,PARW,-18.201099,-69.2677,865.3049058323436,106
ZD,FM03,-13.7229,-75.889503,ZG,CB34,-14.4346,-67.538803,904.0811566873316,235
XE,EC01,-4.72613,-131.48519,G,TAOE,-8.85493,-140.14819,1060.7915526452812,243
XE,EC01,-4.72613,-131.48519,XE,WW03,-6.01551,-135.112,426.3342618601447,315
XE,EC01,-4.72613,-131.48519,XE,WC02,-4.97259,-133.70537,247.51095043760333,318
XE,EC01,-4.72613,-131.48519,XE,EE04,-8.20435,-131.2551,387.59529705657843,320
XE,EC01,-4.72613,-131.48519,XE,CC07,-6.15879,-133.0464,235.03585366259483,320
XE,EC01,-4.72613,-131.48519,XE,EE02,-5.97635,-130.88959,153.86320332961918,320
XE,EC01,-4.72613,-131.48519,XE,WW01,-3.78521,-134.73696,375.4518772213811,251
KZ,CHKZ6,53.697498,70.600197,KZ,AB06,49.261101,59.969299,884.7893644379308,1100
KZ,CHKZ6,53.697498,70.600197,XW,KHA,44.208099,73.997299,1083.6123946494245,362
A7,LUBAN,-14.90583,13.44833,AF,RUDU,-17.909599,19.764799,751.8909760332652,332
A7,LUBAN,-14.90583,13.44833,BX,XAUDM,-18.53956,21.338223,932.1080637224339,110
A7,LUBAN,-14.90583,13.44833,AF,WIN,-22.5667,17.1,934.4580986901412,354
XE,ES31,29.506283,96.755737,YA,MC10,28.976101,103.870499,692.7166075881846,302
XE,ES31,29.506283,96.755737,XE,SP18,29.483082,94.414757,226.5810978328471,335
XE,ES31,29.506283,96.755737,YA,MC16,27.1824,103.633003,720.7714757627134,287
XE,ES31,29.506283,96.755737,YA,MC12,27.662901,102.208397,570.4180099666592,227
XE,ES31,29.506283,96.755737,YA,MC14,27.864599,99.735199,343.1907413544292,324
XE,ES31,29.506283,96.755737,YA,MC17,26.4706,101.743698,594.707782518542,290
XE,ES31,29.506283,96.755737,YA,MC21,25.4876,99.643303,529.8451317555163,207
XE,ES31,29.506283,96.755737,YA,MC08,28.995899,101.511803,464.8582789636488,323
XE,ES31,29.506283,96.755737,IC,LSA,29.70317,91.12757,544.5120516733671,414
XE,ES31,29.506283,96.755737,XE,ES28,29.720207,98.426933,163.29620295863847,266
XE,ES31,29.506283,96.755737,YA,MC05,29.9921,100.220703,338.82807353150343,324
XE,ES31,29.506283,96.755737,YA,MC02,30.3811,103.428902,650.1899732649753,286
XE,ES31,29.506283,96.755737,XE,ES03,30.752544,92.85878,399.5467359868998,219
XE,ES31,29.506283,96.755737,XE,ES19,30.813387,95.711105,176.66534046771545,349
XE,ES31,29.506283,96.755737,XE,ES18,31.301319,97.962425,230.71606555659025,339
XE,ES31,29.506283,96.755737,XE,ES11,31.906748,94.135582,366.02533546090734,429
S1,AUTAR,-42.9425,147.3551,OZ,ROBE,-37.1472,139.87424,905.2425248071257,419
S1,AUTAR,-42.9425,147.3551,OZ,MILD,-34.25915,142.05571,1069.164701649936,426
S1,AUTAR,-42.9425,147.3551,S1,AUHPC,-38.1068,142.3183,685.5466318413008,2473
S1,AUTAR,-42.9425,147.3551,OZ,BOGA,-35.547,143.57532,884.1598782939998,432
S1,AUTAR,-42.9425,147.3551,OZ,GRASY,-40.08652,144.01093,422.27604195775154,473
S1,AUTAR,-42.9425,147.3551,OZ,ROWM,-37.80614,144.29176,627.2075689317587,473
S1,AUTAR,-42.9425,147.3551,OZ,MARG,-41.99952,145.55162,181.30774625568105,473
S1,AUTAR,-42.9425,147.3551,S1,AUGRF,-34.2858,146.059,969.1106737443424,2291
S1,AUTAR,-42.9425,147.3551,OZ,TOT,-37.82313,146.40738,574.8688591898194,473
S1,AUTAR,-42.9425,147.3551,OZ,CURRY,-41.09589,146.95012,208.04070421936595,473
S1,AUTAR,-42.9425,147.3551,OZ,DTMM,-36.52813,147.46539,713.3085333129776,473
S1,AUTAR,-42.9425,147.3551,S1,AUUHS,-35.3589,150.4696,884.8110961994925,3313
S1,AUTAR,-42.9425,147.3551,M8,MOGAR,-36.6965,149.9761,729.5990928548662,495
S1,AUTAR,-42.9425,147.3551,S1,AUTKS,-33.7846,151.0254,1067.1087188638824,2544
IM,H01W2,-34.897079,114.134033,S1,AUKAL,-30.7637,121.4789,825.5638588629002,774
IM,H01W2,-34.897079,114.134033,S1,AUMAZ,-32.0069,116.0384,366.71534070965043,1009
IM,H01W2,-34.897079,114.134033,IM,I04H3,-34.607571,116.351547,205.13034936917848,1402
IM,H01W2,-34.897079,114.134033,S1,AUBUS,-33.6601,115.3828,179.115724593928,1008
IM,H01W2,-34.897079,114.134033,S1,AUALB,-34.9995,117.9046,343.8297478402475,1228
UO,LAIR,43.16148,-123.93143,NC,G005,38.592064,-123.319794,510.68780213770674,876
UO,LAIR,43.16148,-123.93143,X4,LR13,46.9506,-122.9639,428.1210323773431,195
UO,LAIR,43.16148,-123.93143,PQ,LHLYB,48.536332,-123.729633,597.8608117216174,490
UO,LAIR,43.16148,-123.93143,PB,B934,39.844501,-123.691399,369.3724937797964,3249
UO,LAIR,43.16148,-123.93143,NV,BACME,48.314654,-126.058199,596.2400730918583,2190
UO,LAIR,43.16148,-123.93143,UO,RSBO,44.043361,-122.267036,166.05739399688034,2777
UO,LAIR,43.16148,-123.93143,UO,TOMA,42.44142,-122.10751,168.972641691336,172
UO,LAIR,43.16148,-123.93143,NN,RUB,39.051701,-120.1549,555.6959507983945,1321
UO,LAIR,43.16148,-123.93143,RE,BRBY3,34.582365,-119.980601,1013.0892154479908,1316
UO,LAIR,43.16148,-123.93143,NN,SLVR,37.7414,-117.6143,805.0737064601182,444
UO,LAIR,43.16148,-123.93143,NN,DIX,39.8021,-118.083,613.659753055008,1453
UO,LAIR,43.16148,-123.93143,IE,BCYI,44.310799,-113.405197,854.6839708972656,2779
UO,LAIR,43.16148,-123.93143,US,HAWA,46.3925,-119.5327,499.4704265865138,2739
UO,LAIR,43.16148,-123.93143,XP,TWRS,45.103471,-114.849947,755.7816929999536,169
UO,LAIR,43.16148,-123.93143,CC,YOCR,45.379178,-121.743539,301.89510150432795,1808
UO,LAIR,43.16148,-123.93143,X7,WA33,46.507801,-117.348701,638.3081521938142,536
UO,LAIR,43.16148,-123.93143,MB,HRY,46.711285,-111.831786,1029.5883499396762,3250
X5,CTSN,62.851799,-82.484642,X5,SHMN,64.576668,-84.114517,207.89611685448634,542
X5,CTSN,62.851799,-82.484642,X5,NOTN,63.293659,-78.135452,224.40270337496597,1033
X5,CTSN,62.851799,-82.484642,X5,MARN,71.326279,-79.373581,951.5836701786178,284
X5,CTSN,62.851799,-82.484642,X5,CHIN,62.636665,-74.236,420.43921569841217,319
X5,CTSN,62.851799,-82.484642,X5,MNGN,64.663498,-72.434334,532.9035502125301,995
X5,CTSN,62.851799,-82.484642,X5,KIMN,62.850731,-69.879456,638.5468331664886,337
X5,CTSN,62.851799,-82.484642,X5,PNGN,66.143471,-65.711548,878.9424759954506,663
5A,KIMBE,-5.53671,150.126236,5A,LASU,-4.303918,153.108185,357.66150942490907,492
5A,KIMBE,-5.53671,150.126236,5A,LIHIR,-3.05528,152.611496,389.95040887410113,460
5A,KIMBE,-5.53671,150.126236,5A,KAVI,-2.56941,150.804428,338.4134548994573,480
5A,KIMBE,-5.53671,150.126236,5A,ARAWA,-6.22292,155.563797,606.2638247969941,354
G,PPTF,-17.5896,-149.56525,MH,P0012,-15.005483,-154.98335,645.6435705999163,223
G,PPTF,-17.5896,-149.56525,MH,P0024,-24.272183,-145.46665,856.179499446323,178
G,PPTF,-17.5896,-149.56525,MH,P0013,-11.499367,-144.00305,903.6512679716396,94
VU,RTV,-17.7882,168.430603,G,SANVU,-15.447148,167.203231,291.3122483269136,330
ZD,G01,-4.4516,-106.260498,ZD,D03,-4.0416,-104.491798,201.3592600446465,158
ZD,G01,-4.4516,-106.260498,ZD,Q10,-3.7113,-102.714302,401.83828262416404,153
YC,SBA8,4.43208,118.095222,YC,SBF4,6.37312,117.620827,222.13064467675562,637
YC,SBA8,4.43208,118.095222,YC,SBE1,6.20282,115.596382,339.56544420728613,658
YC,SBA8,4.43208,118.095222,YC,SBA2,4.43506,115.745598,260.4849246440578,659
YC,SBA8,4.43208,118.095222,MY,KSM,1.4733,110.308296,925.0996536737749,636
YC,SBA8,4.43208,118.095222,MY,SBM,2.4529,112.213997,688.8503674887747,600
YC,SBA8,4.43208,118.095222,YC,SBC5,5.28637,116.88076,164.70833290521844,665
YF,MARJ,32.522598,20.8776,MN,WDD,35.8373,14.5242,690.7149573756012,306
YF,MARJ,32.522598,20.8776,GE,SKD,35.411999,23.927999,426.9832762985829,304
YF,MARJ,32.522598,20.8776,GE,APE,37.068901,25.5306,660.1614072694715,195
TO,CARR,17.2064,-99.510902,XF,MA36,19.3594,-104.893204,616.5830546581033,391
TO,CARR,17.2064,-99.510902,XF,MA40,20.219801,-103.942001,574.4367987172104,380
TO,CARR,17.2064,-99.510902,XF,MA28,20.1786,-102.597,463.5240772520406,391
TO,CARR,17.2064,-99.510902,TO,MULU,19.4368,-99.129601,251.25378261368147,402
XD,PSP03,-89.929001,144.360992,YT,SURP,-84.7199,-171.2017,581.5103605543754,891
XD,PSP03,-89.929001,144.360992,YT,SIPL,-81.6405,-148.9553,926.4386497983485,770
XD,PSP03,-89.929001,144.360992,YT,FALL,-85.3066,-143.6284,519.4989182138023,193
XD,PSP03,-89.929001,144.360992,YT,ST01,-83.228,-98.7418,756.6172008972383,182
XD,PSP03,-89.929001,144.360992,YT,ST04,-80.7152,-116.5792,1033.6963717425851,191
XD,PSP03,-89.929001,144.360992,YT,WNDY,-82.3695,-119.4135,849.3662255131167,187
XD,PSP03,-89.929001,144.360992,YT,ST02,-82.069,-109.1247,884.1644904165083,193
XD,PSP03,-89.929001,144.360992,YT,PECA,-85.6124,-68.5525,494.5256740699868,491
XD,PSP03,-89.929001,144.360992,YT,DUFK,-82.8619,-53.2006,801.2519153331723,915
XD,PSP03,-89.929001,144.360992,ZM,GM04,-82.999702,61.1124,777.5099092432138,432
XD,PSP03,-89.929001,144.360992,ZM,N190,-80.327499,69.431,1073.5087095554945,345
XD,PSP03,-89.929001,144.360992,ZM,P061,-84.499603,77.223801,608.5931187974579,877
XD,PSP03,-89.929001,144.360992,ZM,P080,-82.805397,77.363998,796.9523143396932,600
XD,PSP03,-89.929001,144.360992,ZM,N173,-81.112198,77.473602,985.2074017958664,470
XD,PSP03,-89.929001,144.360992,ZM,GM01,-83.985802,104.729103,662.6880922737749,639
XD,PSP03,-89.929001,144.360992,ZM,GM03,-80.216904,85.943901,1083.718083801056,344
XD,PSP03,-89.929001,144.360992,ZM,N156,-81.6726,86.504501,921.7896475540658,669
XD,PSP03,-89.929001,144.360992,ZM,N140,-82.008598,96.769203,883.2994188991887,899
XD,PSP03,-89.929001,144.360992,YT,MILR,-83.3063,156.2517,736.5829591172414,784
XD,PSP03,-89.929001,144.360992,YT,DEVL,-81.4755,161.973,940.3607813824627,477
G,FOMA,-24.97565,46.978877,XV,BITY,-20.060801,47.000099,546.5113722780223,237
G,FOMA,-24.97565,46.978877,XV,MAJA,-15.7323,46.4263,1029.4232347361378,369
G,FOMA,-24.97565,46.978877,XV,VINA,-18.176901,45.224701,777.4069113319471,224
G,FOMA,-24.97565,46.978877,XV,SOLA,-15.8636,48.826302,1031.2886611522783,92
G,FOMA,-24.97565,46.978877,XV,MMBE,-21.750099,43.372101,513.9357877972795,366
G,FOMA,-24.97565,46.978877,XV,ZOBE,-18.1369,47.228901,760.8740655204215,236
G,FOMA,-24.97565,46.978877,XV,ANLA,-17.7062,49.4599,848.110284241212,364
G,FOMA,-24.97565,46.978877,XV,VATO,-19.3314,48.982399,660.6208744949071,140
G,FOMA,-24.97565,46.978877,AF,SKRH,-22.827,44.733002,330.45295536609984,1710
G,FOMA,-24.97565,46.978877,XV,MAHA,-23.1714,47.689899,213.21334655937733,355
G,FOMA,-24.97565,46.978877,XV,AMPY,-24.7033,44.743599,227.57902341679412,238
G,FOMA,-24.97565,46.978877,XV,BAND,-20.3428,45.596401,534.3096099763561,248
ZQ,103,36.419701,117.088501,IC,XAN,34.03107,108.92321,787.4869638380098,428
ZQ,103,36.419701,117.088501,ZQ,159,38.216702,117.391502,201.60580245218597,392
ZQ,103,36.419701,117.088501,ZQ,184,39.180099,115.048599,355.4125190414823,332
ZQ,103,36.419701,117.088501,XG,MJPU,40.666698,115.683701,487.77267958730636,104
ZQ,103,36.419701,117.088501,IC,SSE,31.09455,121.18863,702.875796255317,420
ZQ,103,36.419701,117.088501,IU,INCN,37.4776,126.6239,855.0997933226145,361
1E,WHI,83.088333,-74.146667,1E,CNF,79.65667,-80.778328,396.67304753971825,365
1E,WHI,83.088333,-74.146667,1E,TQF,81.41333,-76.845001,190.5446887920502,347
1E,WHI,83.088333,-74.146667,DK,NEEM,77.444702,-51.073799,751.0126313473238,231
1E,WHI,83.088333,-74.146667,DK,KULLO,74.580498,-57.2201,1003.9606088070155,367
1E,WHI,83.088333,-74.146667,DK,NOR,81.604718,-16.66103,829.3562057548128,360
IU,YAK,62.031,129.6805,IU,TIXI,71.6341,128.8667,1068.386572376351,1853
7B,SD05,-29.001301,133.585098,7B,SD03,-27.0515,125.185699,852.2479509295498,98
7B,SD05,-29.001301,133.585098,7B,SD08,-30.7208,130.410904,360.87603507218046,94
X6,NS10,-27.051001,-67.688004,ZL,BARR,-31.6495,-69.415901,538.0293949559305,610
X6,NS10,-27.051001,-67.688004,GT,CPUP,-26.33064,-57.33087,1031.7637779179502,591
X6,NS10,-27.051001,-67.688004,ZL,NOQE,-31.1994,-66.747002,470.2428948235886,610
X6,NS10,-27.051001,-67.688004,ZL,CHUM,-28.8195,-66.2481,242.23254996155626,163
X6,NS10,-27.051001,-67.688004,ZL,COLO,-29.935699,-67.109596,325.70471614374355,418
X6,NS10,-27.051001,-67.688004,XH,ESP03,-29.7428,-64.014297,467.61503233538645,391
PO,NWRL,53.5253,-60.1424,N4,E62A,46.6201,-69.5227,1016.9804188680314,183
PO,NWRL,53.5253,-60.1424,C8,FORQ,48.7542,-69.1135,819.4044643965425,163
PO,NWRL,53.5253,-60.1424,N4,G65A,45.2002,-67.5632,1069.0755383385692,201
PO,NWRL,53.5253,-60.1424,C8,PCAQ,49.7311,-62.9416,463.9458199997192,201
PO,NWRL,53.5253,-60.1424,PO,NANL,56.5371,-61.6884,349.066113842643,191
2A,46,-14.85,-118.3703,2A,30,-14.3692,-116.1567,244.10756325833862,248
2A,46,-14.85,-118.3703,2A,44,-16.002001,-115.2491,358.2345642735809,248
2A,46,-14.85,-118.3703,2A,32,-12.9996,-115.8554,340.58671656489577,245
2A,46,-14.85,-118.3703,2A,34,-11.7336,-117.275101,366.23005580131644,246
2A,46,-14.85,-118.3703,2A,48,-13.1701,-117.201202,225.38989064779383,248
2A,46,-14.85,-118.3703,2A,39,-12.37,-114.524902,498.71762991930825,99
BL,STMB,-2.7515,-54.957199,BL,CRJB,-6.1702,-50.154598,654.1253056683889,109
CM,FLO2,1.582667,-75.652667,CM,SJC,9.896667,-75.1795,925.9542414080622,170
CM,FLO2,1.582667,-75.652667,CM,TUM,1.823667,-78.726667,342.7117100122428,170
CM,FLO2,1.582667,-75.652667,CM,RUS,5.8925,-73.083167,557.5941644651463,170
CM,FLO2,1.582667,-75.652667,EC,TULM,0.7161,-77.786903,256.08644070757373,169
S1,AUNHS,-12.1874,136.7832,S1,AUDHS,-12.44,130.833,647.0079799584054,1545
S1,AUNHS,-12.1874,136.7832,S1,AUKAT,-14.4624,132.2829,548.6897707407717,1105
S1,AUNHS,-12.1874,136.7832,IM,I07H8,-19.943291,134.322906,901.5213401416987,649
S1,AUNHS,-12.1874,136.7832,2O,BTL04,-15.84238,133.93432,509.50930039964004,808
S1,AUNHS,-12.1874,136.7832,S1,AUCSH,-16.9159,145.7682,1100.3884457104266,1418
GB,LEWI,58.1445,-6.869,GB,JSA,49.18783,-2.17167,1042.280786617914,686
GB,LEWI,58.1445,-6.869,DK,MUD,56.455,9.1733,979.3661499061225,663
GB,LEWI,58.1445,-6.869,GB,HMNX,50.86733,0.33633,932.1940160615891,688
GB,LEWI,58.1445,-6.869,GB,GDLE,54.42183,-0.81567,557.2060083800442,725
GB,LEWI,58.1445,-6.869,GB,CCA1,50.18667,-5.22767,891.229252507295,729
GB,LEWI,58.1445,-6.869,GB,DRUM,56.91267,-2.4865,295.23695437228724,730
GB,LEWI,58.1445,-6.869,GB,LAWE,56.26,-5.399,227.47153376146815,722
GB,LEWI,58.1445,-6.869,GB,LRW,60.136,-1.17783,392.73570334708353,730
GB,LEWI,58.1445,-6.869,GB,WACR,52.72433,0.62833,765.1894255521562,682
GB,LEWI,58.1445,-6.869,GB,GAL1,54.86633,-4.71133,387.7676764368932,695
GB,LEWI,58.1445,-6.869,EI,IDGL,55.073,-7.51,343.77675877688273,632
GB,LEWI,58.1445,-6.869,EI,DSB,53.24519,-6.37619,545.6499274073924,684
IU,KIEV,50.7012,29.2242,MN,VTS,42.618,23.235,1007.5540177140546,1229
IU,KIEV,50.7012,29.2242,GE,PSZ,47.918201,19.8934,743.1710667632094,1394
IU,KIEV,50.7012,29.2242,GE,RUE,52.475899,13.78,1082.876592875286,898
IU,KIEV,50.7012,29.2242,GE,MLR,45.491199,25.945601,628.253439978963,2096
IU,KIEV,50.7012,29.2242,GE,TRTE,58.378601,26.720501,868.6757645288659,1887
IU,KIEV,50.7012,29.2242,GE,PUL,59.766998,30.316999,1010.4147411435933,1127
IU,KIEV,50.7012,29.2242,GE,MHV,54.959499,37.766399,743.1082888330365,2056
ON,RIB01,-19.314217,-40.394363,ON,PET01,-24.290108,-47.275345,900.1409130297486,2475
ON,RIB01,-19.314217,-40.394363,BL,RCLB,-22.4191,-47.530998,817.7716661183757,2605
ON,RIB01,-19.314217,-40.394363,ON,VAS01,-22.280081,-43.442623,457.30778847317515,2313
ON,RIB01,-19.314217,-40.394363,ON,ALF01,-20.616865,-40.725212,148.9177720169808,2481
ON,RIB01,-19.314217,-40.394363,ON,NAN01,-17.844168,-40.125668,165.8972154515976,1478
ON,RIB01,-19.314217,-40.394363,ON,ABR01,-17.964609,-38.695862,233.5485960862344,1349
ON,RIB01,-19.314217,-40.394363,ON,ANA01,-14.531001,-40.74522,533.1771316153672,437
ON,RIB01,-19.314217,-40.394363,ON,GDU01,-13.72,-39.575279,628.1421328965096,1893
ON,RIB01,-19.314217,-40.394363,BL,PMNB,-18.540001,-46.439999,641.6617426601777,2456
YP,NEA9,47.6717,127.988297,YP,NE61,44.849098,115.991798,973.0006864545662,578
YP,NEA9,47.6717,127.988297,YP,NE81,46.069698,116.634697,880.4119726385087,691
YP,NEA9,47.6717,127.988297,YP,NE83,46.2132,118.801102,715.5965942361369,691
YP,NEA9,47.6717,127.988297,YP,NE32,42.670799,117.070099,1019.2053886546406,492
YP,NEA9,47.6717,127.988297,YP,NEP7,48.1744,118.1474,734.9146296630088,313
YP,NEA9,47.6717,127.988297,YP,NE44,43.370701,119.677299,804.2324306343947,317
YP,NEA9,47.6717,127.988297,IC,HIA,49.270115,119.741363,633.0564650178386,691
YP,NEA9,47.6717,127.988297,YP,NE66,45.004101,120.704201,632.6322380401518,686
YP,NEA9,47.6717,127.988297,YP,NEA3,47.562302,121.292,501.910343297212,691
YP,NEA9,47.6717,127.988297,CB,DL2,38.905998,121.627998,1101.381449087264,485
YP,NEA9,47.6717,127.988297,YP,NEP5,45.733601,122.619797,462.493359446204,309
YP,NEA9,47.6717,127.988297,YP,NE57,44.122898,123.258499,538.0221417014727,691
YP,NEA9,47.6717,127.988297,CB,SNY,41.827801,123.578003,736.9596480154136,484
YP,NEA9,47.6717,127.988297,YP,NEA5,47.648602,124.036697,295.9257186394722,623
YP,NEA9,47.6717,127.988297,YP,NE59,44.095901,125.961098,427.4132525283189,691
YP,NEA9,47.6717,127.988297,YP,NE8B,46.207199,126.056297,219.15066406111202,687
YP,NEA9,47.6717,127.988297,5G,D16,41.745,126.4048,670.7540869099071,140
YP,NEA9,47.6717,127.988297,CB,HEH,50.252998,127.410004,290.1133862362682,485
YP,NEA9,47.6717,127.988297,YP,NE7D,45.342098,128.742905,265.3961169271637,583
YP,NEA9,47.6717,127.988297,YP,NEAD,47.581402,133.5802,419.09236527982966,589
YP,NEA9,47.6717,127.988297,YP,NE6F,45.295898,131.201401,360.92182605572367,631
YP,NEA9,47.6717,127.988297,YP,NE5D,44.107601,129.6008,415.4705822281191,458
YP,NEA9,47.6717,127.988297,YP,NE9B,46.946201,129.7948,158.29378748877934,691
YP,NEA9,47.6717,127.988297,YP,NEAB,47.602501,131.668396,275.81620429171875,606
YP,NEA9,47.6717,127.988297,YP,NE8I,45.994301,133.655807,469.60467679983515,653
YP,NEA9,47.6717,127.988297,5G,D10,42.9305,130.3004,557.2801652411212,278
PS,SYO,-69.0067,39.585,ZM,GM07,-77.313599,39.613201,923.6867210647963,322
TX,435B,30.7827,-97.585,MX,HPIG,26.936794,-105.664017,895.1051572788838,2355
TX,435B,30.7827,-97.585,MX,ZAIG,22.769176,-102.567123,1018.7620255567751,2401
TX,435B,30.7827,-97.585,JW,BRR,32.772406,-107.564169,968.4759085817766,853
TX,435B,30.7827,-97.585,7P,PC53,31.4616,-103.6937,586.2896613557518,276
TX,435B,30.7827,-97.585,IM,TX02,29.329901,-103.657997,606.3010986338736,2496
TX,435B,30.7827,-97.585,US,AMTX,34.8837,-101.6808,595.1722037342158,2480
TX,435B,30.7827,-97.585,4O,GV01,32.4065,-101.6023,421.115775287806,153
TX,435B,30.7827,-97.585,N4,X48A,34.4517,-87.0452,1067.4040094316256,2525
TX,435B,30.7827,-97.585,Z7,LA01,31.9874,-93.8349,380.3219576173836,871
TX,435B,30.7827,-97.585,N4,Z38B,33.2599,-94.9852,368.6804995384773,2530
TX,435B,30.7827,-97.585,ZZ,FWU17,36.2869,-101.0,688.9073374475562,387
TX,435B,30.7827,-97.585,TX,DKNS,33.66653,-100.92365,448.7827633381592,2351
TX,435B,30.7827,-97.585,O2,SC12,34.921667,-99.3547,488.99343999108373,2524
TX,435B,30.7827,-97.585,TX,BRDY,31.285872,-98.999447,145.91751475563265,2531
TX,435B,30.7827,-97.585,TX,ELG6,28.481656,-100.326356,368.30479350547836,483
TX,435B,30.7827,-97.585,N4,ABTX,32.6238,-99.6431,282.5092333711355,2472
TX,435B,30.7827,-97.585,NM,WADM,36.366,-89.796,951.2883221808918,1989
TX,435B,30.7827,-97.585,KY,LLKY,36.92159,-88.096558,1109.7002592996444,2384
TX,435B,30.7827,-97.585,OK,HEWI,37.048825,-96.408082,705.1553814926792,456
TX,435B,30.7827,-97.585,N4,R40B,38.2909,-92.2684,966.0743544250021,2185
TX,435B,30.7827,-97.585,N4,R32B,38.4225,-98.7111,855.7152768267047,2490
TX,435B,30.7827,-97.585,N4,P38B,39.6248,-93.5321,1049.5656323640162,2530
AF,POGA,-27.346,31.707,AF,HVD,-30.605,25.497,704.2518487550752,4666
AF,POGA,-27.346,31.707,XK,B04KH,-20.474199,24.513901,1057.061452389949,201
AF,POGA,-27.346,31.707,BX,LKGWB,-24.11351,21.782303,1056.7101785753036,1927
AF,POGA,-27.346,31.707,AF,UPI,-28.362,21.253,1033.6108938627522,4799
AF,POGA,-27.346,31.707,BX,PHPEN,-25.475531,22.857294,905.310960930407,1268
AF,POGA,-27.346,31.707,BX,KHWEE,-21.9464,25.446911,871.9051150556327,614
AF,POGA,-27.346,31.707,AF,PKA,-29.67,22.757,911.6072503004041,947
AF,POGA,-27.346,31.707,BX,KGCAE,-22.853821,22.206787,1078.6470059864355,1883
AF,POGA,-27.346,31.707,AF,GRM,-33.313,26.507999,829.8893117773002,1409
AF,POGA,-27.346,31.707,ZT,NHAM,-24.91566,27.31703,514.8069214986361,889
AF,POGA,-27.346,31.707,ZQ,AAM2,-26.473,27.490999,429.1352220444228,389
AF,POGA,-27.346,31.707,AF,SNKL,-28.27528,27.7714,400.6034626527884,3274
AF,POGA,-27.346,31.707,ZT,CRAIL,-22.80259,28.24304,613.868094625862,1032
AF,POGA,-27.346,31.707,AF,BLWY,-20.143,28.611,860.575843629951,1425
AF,POGA,-27.346,31.707,ZT,WTBG,-24.2119,28.88291,448.74632430798647,1087
AF,POGA,-27.346,31.707,ZT,DULL,-25.36478,30.17588,267.9591869151544,977
AF,POGA,-27.346,31.707,AF,HARE,-17.704,31.009001,1074.5287393896347,221
AF,POGA,-27.346,31.707,AF,MOPA,-23.517,31.398,426.8944878466632,3904
XI,UQSK,25.789,42.360001,XI,SODA,18.292101,42.3769,833.6201015435558,261
XI,UQSK,25.789,42.360001,XI,RANI,21.3116,42.7761,499.6668485688793,120
XI,UQSK,25.789,42.360001,XI,AFIF,23.931,43.040001,217.69215520987746,195
XI,UQSK,25.789,42.360001,XI,HALM,22.8454,44.317299,382.6951620624103,232
XI,UQSK,25.789,42.360001,XI,RIYD,24.722,46.643002,446.7403146893743,258
XI,UQSK,25.789,42.360001,II,RAYN,23.5225,45.5032,405.44744747095893,145
IU,KBS,78.9154,11.9385,GE,DAG,76.771301,-18.655001,744.7350570691539,1388
IU,KBS,78.9154,11.9385,IU,KEV,69.7565,27.0035,1106.1889426601138,2723
XI,KITU,-1.373014,38.002075,XI,KR42,0.037997,35.726284,297.72909662814044,94
XI,KITU,-1.373014,38.002075,XI,HOSA,7.563968,37.857258,993.878243372096,180
XP,N16,39.146099,-108.593597,XP,N20,38.917702,-106.187599,209.35970841248036,361
XP,N16,39.146099,-108.593597,US,MVCO,37.19956,-108.49251,216.62581801229854,340
XP,N16,39.146099,-108.593597,XP,S29,36.959099,-106.535202,302.67101783313683,361
XP,N16,39.146099,-108.593597,YH,L01,42.4263,-110.368103,394.12730366432015,167
XP,N16,39.146099,-108.593597,XC,OR100,42.770699,-119.013199,962.4250151805134,353
XP,N16,39.146099,-108.593597,IE,IRCI,43.515301,-112.033302,564.2505427849179,128
XP,N16,39.146099,-108.593597,IE,BCYI,44.310799,-113.405197,699.1686107725496,241
XP,N16,39.146099,-108.593597,MB,HRY,46.711285,-111.831786,881.3472756150147,361
XP,N16,39.146099,-108.593597,US,DGMT,48.4702,-104.1959,1094.7200117946677,361
XP,N16,39.146099,-108.593597,XR,SC25,33.580601,-103.548203,765.9091944448812,357
XP,N16,39.146099,-108.593597,US,AMTX,34.8837,-101.6808,775.0540634623645,329
ON,TER01,-28.531839,-49.12907,GT,CPUP,-26.33064,-57.33087,845.4277949845915,906
ON,TER01,-28.531839,-49.12907,ON,TIJ01,-25.908848,-49.024242,291.8477684687687,377
ON,TER01,-28.531839,-49.12907,XM,ANB18,-28.4534,-59.3139,995.0717630424601,267
ON,TER01,-28.531839,-49.12907,ON,PET01,-24.290108,-47.275345,506.4744632412932,306
ON,TER01,-28.531839,-49.12907,BL,RCLB,-22.4191,-47.530998,698.3510427884938,821
ON,TER01,-28.531839,-49.12907,ON,VAS01,-22.280081,-43.442623,899.3774461722597,670
CD,WMQ,43.821098,87.695,II,AAK,42.6375,74.4942,1076.4070309622925,1371
CD,WMQ,43.821098,87.695,KN,ULHL,42.245602,76.241699,946.4361436058766,325
ZC,SODR,19.7524,-70.5763,CY,CBCY,19.73797,-79.758278,960.8447328902971,3275
ZC,SODR,19.7524,-70.5763,CW,CHIV,19.97648,-76.415131,611.0955341266489,2378
ZC,SODR,19.7524,-70.5763,CW,CAIB,22.497055,-79.47097,971.5111894349312,2202
ZC,SODR,19.7524,-70.5763,CU,GRTK,21.511472,-71.13425,204.03493411549942,3346
ZC,SODR,19.7524,-70.5763,ZC,HMDR,18.7879,-69.381,165.05428752392194,1976
ZC,SODR,19.7524,-70.5763,YU,NL10,10.6679,-71.4911,1014.8974150770547,666
ZC,SODR,19.7524,-70.5763,LO,LOBA2,18.0814,-71.0936,193.6101322151708,898
ZC,SODR,19.7524,-70.5763,CW,GNEO,20.3274,-74.592934,424.4194061903082,179
ZC,SODR,19.7524,-70.5763,YU,GJ03,11.7273,-72.5457,916.8575531480764,705
ZC,SODR,19.7524,-70.5763,YU,MD04,10.8953,-74.1514,1056.690296879908,704
ZC,SODR,19.7524,-70.5763,JM,NMIA0,18.025,-76.02654,604.6707937688402,255
ZC,SODR,19.7524,-70.5763,JM,CVJB,18.226,-77.535,751.0178268482119,908
ZC,SODR,19.7524,-70.5763,CW,CCCC,21.193399,-77.417297,730.3534788659537,2690
ZC,SODR,19.7524,-70.5763,PR,IMPR,18.076971,-67.931123,334.8442842597982,720
ZC,SODR,19.7524,-70.5763,ZZ,XSJN,18.9669,-66.213501,465.93407437621323,384
ZC,SODR,19.7524,-70.5763,PR,SNC1,17.699398,-64.793793,650.2674382053049,563
ZC,SODR,19.7524,-70.5763,CU,ANWB,17.6684,-61.78562,954.225329279497,3179
ZC,SODR,19.7524,-70.5763,TR,DLPL,15.3325,-61.246799,1104.1433254900974,1055
TC,TRT1,10.598402,-83.699265,GI,PETF,16.916298,-89.866737,967.8281757480007,205
TC,TRT1,10.598402,-83.699265,NU,CSGN,12.9763,-87.558701,496.3527186932981,109
TC,TRT1,10.598402,-83.699265,OV,CCOL,8.4075,-82.973396,256.2921871812587,155
TC,TRT1,10.598402,-83.699265,CM,PRV,13.376167,-81.3635,399.9196780148073,199
TC,TRT1,10.598402,-83.699265,NU,ESPN,12.195,-84.300308,189.2358314017321,183
TC,TRT1,10.598402,-83.699265,CY,CBCY,19.73797,-79.758278,1100.5611415990375,185
TC,TRT1,10.598402,-83.699265,CM,SJC,9.896667,-75.1795,935.4704031892529,160
TC,TRT1,10.598402,-83.699265,YU,MD04,10.8953,-74.1514,1043.533487220336,109
JP,JOW,26.836,128.272507,CB,NJ2,32.051701,118.854401,1080.040777700127,3119
JP,JOW,26.836,128.272507,TW,KMNB,24.4638,118.388199,1024.9510072028338,6938
JP,JOW,26.836,128.272507,YM,37,21.6698,119.495399,1058.6204849914166,262
JP,JOW,26.836,128.272507,IC,SSE,31.09455,121.18863,835.8310580135442,6569
JP,JOW,26.836,128.272507,YM,39,21.599701,121.364098,910.5888873545181,383
JP,JOW,26.836,128.272507,YM,12,23.405899,122.687202,679.315706983815,383
JP,JOW,26.836,128.272507,JP,JMJ2,24.740801,125.327797,375.73988093573047,4796
JP,JOW,26.836,128.272507,KG,TJN,36.38052,127.36174,1064.7852095339492,4736
JP,JOW,26.836,128.272507,JP,JSU,31.509331,130.452667,561.0647209072087,4271
JP,JOW,26.836,128.272507,JP,JTU,34.5275,129.396332,861.9620830897503,4270
JP,JOW,26.836,128.272507,JP,JHS,35.001831,133.113663,1018.3096424128887,4271
JP,JOW,26.836,128.272507,JP,JMN,33.731499,133.876328,936.3059367843179,4271
JP,JOW,26.836,128.272507,JP,JNU,33.125,130.876694,742.8416212063887,7011
JP,JOW,26.836,128.272507,JP,JMZ,25.81983,131.223663,315.0606895790188,4215
II,FFC,54.725,-101.9783,XR,FA27,49.942284,-108.108139,674.9750745205779,291
II,FFC,54.725,-101.9783,Y5,PER,53.68,-116.040001,920.3464712376572,1911
II,FFC,54.725,-101.9783,XS,N08,46.5,-108.861,1034.3726196634036,297
II,FFC,54.725,-101.9783,TD,TD009,52.32058,-116.323372,983.2829385347101,288
II,FFC,54.725,-101.9783,US,DGMT,48.4702,-104.1959,712.0747077244096,3348
II,FFC,54.725,-101.9783,Y5,RW1,58.852901,-113.175903,820.4499558251055,556
II,FFC,54.725,-101.9783,Y5,DOR,54.220001,-108.57,429.44304687788764,472
II,FFC,54.725,-101.9783,Y5,HON,55.080002,-114.050003,771.8343787626179,1385
II,FFC,54.725,-101.9783,Y5,FMC,56.650002,-111.5,633.4184569942635,1400
II,FFC,54.725,-101.9783,RV,SWHSA,54.899441,-116.751793,945.0839952397688,93
II,FFC,54.725,-101.9783,XR,FA24,46.531807,-101.240036,912.515958667217,397
II,FFC,54.725,-101.9783,XI,SC04,49.624001,-89.675003,1010.5153838187018,814
II,FFC,54.725,-101.9783,XI,SN44,46.716999,-93.125999,1085.0433498802317,877
II,FFC,54.725,-101.9783,XK,5190,51.352074,-90.222374,869.4475683615494,112
II,FFC,54.725,-101.9783,XR,FA23,45.550365,-99.9841,1029.9150469463584,310
IU,BILL,68.0653,166.4531,XJ,PAN,59.094879,159.968002,1046.437086429218,279
IU,BILL,68.0653,166.4531,XJ,OSO,59.261375,163.084213,992.5933089238697,140
IU,BILL,68.0653,166.4531,XJ,TKI,60.44611,166.148788,847.3413084948343,314
XS,S15D,0.1814,-6.6228,XS,I04D,-2.123817,-16.17326,1092.2432345852453,371
XS,S15D,0.1814,-6.6228,GT,DBIC,6.67015,-4.85653,747.6501764136807,371
XS,S15D,0.1814,-6.6228,XS,L16D,0.8933,-7.8953,162.12740696711498,370
XS,S15D,0.1814,-6.6228,XS,S32D,-0.7968,-15.647,1009.2981385065831,363
XS,S15D,0.1814,-6.6228,XS,L37D,1.5657,-14.9718,940.9131845262808,355
XS,S15D,0.1814,-6.6228,XS,I14D,-0.3522,-7.952395,159.30553698836863,371
XS,S15D,0.1814,-6.6228,XS,S38D,1.921838,-12.762288,709.445766994727,313
XS,S15D,0.1814,-6.6228,XS,S24D,-0.1383,-12.7806,685.6383247209684,366
XS,S15D,0.1814,-6.6228,XS,I12D,-0.868283,-10.77656,476.38305335033044,371
XS,S15D,0.1814,-6.6228,XS,L39D,2.0557,-11.4905,579.883719376617,353
XS,S15D,0.1814,-6.6228,XS,L18D,0.5769,-9.3765,309.33267642387284,369
PO,MATQ,49.7589,-77.6376,XI,SC04,49.624001,-89.675003,865.082002638995,427
PO,MATQ,49.7589,-77.6376,4A,MN50,47.99548,-90.242653,941.2256210206924,602
PO,MATQ,49.7589,-77.6376,XI,SC09,49.740002,-86.754997,654.6545763650556,459
PO,MATQ,49.7589,-77.6376,N4,K50A,42.7749,-82.6231,865.5204610569108,2595
PO,MATQ,49.7589,-77.6376,US,GLMI,44.8245,-84.6175,759.7449057908968,3291
PO,MATQ,49.7589,-77.6376,XI,SC10,49.752998,-83.817001,443.7846873869848,464
PO,MATQ,49.7589,-77.6376,XI,SC14,47.723,-84.814003,572.5644123829164,468
PO,MATQ,49.7589,-77.6376,OH,CROH,41.293858,-82.152496,1004.3583646099444,380
PO,MATQ,49.7589,-77.6376,WU,TOBO,45.225804,-81.523445,582.3158691316269,3304
PO,MATQ,49.7589,-77.6376,PO,MEDO,43.1646,-78.454597,735.9064599572848,492
PO,MATQ,49.7589,-77.6376,PE,PAKC,41.37471,-77.932533,932.561259964046,2055
PO,MATQ,49.7589,-77.6376,X8,QM90,52.2915,-77.098801,284.12043072982533,496
PO,MATQ,49.7589,-77.6376,PO,ACTO,43.6087,-80.062401,708.3418878014451,491
PO,MATQ,49.7589,-77.6376,PO,KJKQ,55.2769,-77.7455,613.6176829473799,115
PO,MATQ,49.7589,-77.6376,PE,PBL2,41.9981,-79.528809,875.2142199698761,1518
PO,MATQ,49.7589,-77.6376,YU,B01A,42.554493,-76.505821,805.7971664756751,1385
PO,MATQ,49.7589,-77.6376,XY,PACW,39.9962,-77.9247,1085.7976215362319,794
PO,MATQ,49.7589,-77.6376,PE,PSSK,40.642586,-76.164978,1020.1787343454195,2061
PO,MATQ,49.7589,-77.6376,PE,PN1,40.52588,-79.716735,1039.4236912802676,1511
PO,MATQ,49.7589,-77.6376,YM,MHCG,44.2571,-75.7522,628.1976310261025,411
PO,MATQ,49.7589,-77.6376,X8,QM76,50.764801,-74.817596,229.5307303131603,555
PO,MATQ,49.7589,-77.6376,LD,FRNY,44.835,-73.5883,626.6893620915778,1852
PO,MATQ,49.7589,-77.6376,PO,LATQ,47.3835,-72.7819,444.1544721696219,1872
PO,MATQ,49.7589,-77.6376,X8,QM58,49.048401,-72.740601,362.96340304214084,489
PO,MATQ,49.7589,-77.6376,7O,ABNH,43.4819,-71.2471,850.9948646549758,507
PO,MATQ,49.7589,-77.6376,X8,QM38,47.675201,-70.853104,548.7530031999838,705
PO,MATQ,49.7589,-77.6376,N4,E62A,46.6201,-69.5227,694.9265256566392,1706
PO,MATQ,49.7589,-77.6376,C8,FORQ,48.7542,-69.1135,628.273116969636,741
PO,MATQ,49.7589,-77.6376,N4,G65A,45.2002,-67.5632,909.933729049673,2313
PO,MATQ,49.7589,-77.6376,Y6,HOLY,46.525902,-66.463997,902.5014996021821,666
PO,MATQ,49.7589,-77.6376,X8,QMM5,50.8438,-68.798203,638.8987833234913,935
PO,MATQ,49.7589,-77.6376,C8,PCAQ,49.7311,-62.9416,1054.269561094958,2215
XV,BANJ,-13.6426,48.453701,XV,NAPU,-15.08,39.25,1004.1310594527213,176
XV,BANJ,-13.6426,48.453701,XV,BITY,-20.060801,47.000099,730.2232683508587,234
XV,BANJ,-13.6426,48.453701,XV,MAJA,-15.7323,46.4263,318.6553829129739,234
XV,BANJ,-13.6426,48.453701,XV,VINA,-18.176901,45.224701,611.030836542317,222
XV,BANJ,-13.6426,48.453701,XV,MMBE,-21.750099,43.372101,1049.6938891555135,234
XV,BANJ,-13.6426,48.453701,XV,LAHA,-14.9344,50.2911,244.6029609895696,234
XV,BANJ,-13.6426,48.453701,XV,ANTS,-14.8843,47.999298,146.49746797993885,234
XV,BANJ,-13.6426,48.453701,XV,ZOBE,-18.1369,47.228901,516.6148996461387,234
XV,BANJ,-13.6426,48.453701,XV,ANLA,-17.7062,49.4599,464.5092922057177,234
XV,BANJ,-13.6426,48.453701,AF,SKRH,-22.827,44.733002,1094.0455246559156,158
XV,BANJ,-13.6426,48.453701,XV,MAHA,-23.1714,47.689899,1062.6063860621505,234
XV,BANJ,-13.6426,48.453701,XV,BAND,-20.3428,45.596401,804.5216623973572,234
XV,BANJ,-13.6426,48.453701,XV,DGOS,-12.2825,49.3606,180.35933206182892,216
XF,NG010,27.461399,84.2799,XF,NP100,28.7796,83.719101,156.5547705899713,141
XF,NG010,27.461399,84.2799,IC,LSA,29.70317,91.12757,713.4266039199143,153
ZM,N215,-78.904503,59.994301,ZM,GM07,-77.313599,39.613201,496.1895970911885,312
ZM,N215,-78.904503,59.994301,ZM,GM04,-82.999702,61.1124,455.76420475788217,338
ZM,N215,-78.904503,59.994301,ZM,N190,-80.327499,69.431,246.09789678928064,343
ZM,N215,-78.904503,59.994301,ZM,P061,-84.499603,77.223801,674.0779950834716,851
ZM,N215,-78.904503,59.994301,ZM,P080,-82.805397,77.363998,526.7409275357102,342
ZM,N215,-78.904503,59.994301,ZM,N173,-81.112198,77.473602,414.4475047850258,171
ZM,N215,-78.904503,59.994301,ZM,GM06,-79.332802,44.3148,331.51349764260124,193
ZM,N215,-78.904503,59.994301,ZM,P124,-78.871803,77.656998,377.08775732967916,360
ZM,N215,-78.904503,59.994301,ZM,GM02,-79.425102,97.581497,774.0906321828912,809
ZM,N215,-78.904503,59.994301,ZM,GM01,-83.985802,104.729103,891.2949527327115,291
ZM,N215,-78.904503,59.994301,ZM,GM03,-80.216904,85.943901,537.6824481761972,344
ZM,N215,-78.904503,59.994301,ZM,N156,-81.6726,86.504501,576.9325891304978,345
ZM,N215,-78.904503,59.994301,ZM,N140,-82.008598,96.769203,742.9384365856506,870
Z1,Z01J,-11.10908,24.020639,AF,RUDU,-17.909599,19.764799,883.9687970382489,454
Z1,Z01J,-11.10908,24.020639,BX,XAUDM,-18.53956,21.338223,875.0203085462581,110
Z1,Z01J,-11.10908,24.020639,Z1,Z16N,-13.10831,25.87236,299.90783772512935,515
Z1,Z01J,-11.10908,24.020639,Z1,Z21G,-14.29531,26.53437,447.04797921438774,513
Z1,Z01J,-11.10908,24.020639,Z1,Z34S,-17.164391,27.52483,771.9906133158448,285
Z1,Z01J,-11.10908,24.020639,Z1,Z09L,-11.820822,25.11821,143.42121401268855,121
PM,PESTR,38.867168,-7.590169,PM,PMOZ,32.823002,-17.19717,1095.050590626473,5649
PM,PESTR,38.867168,-7.590169,XB,PM04,35.402599,-5.1525,441.663009109903,1013
PM,PESTR,38.867168,-7.590169,ZI,MB16,29.7026,-9.5269,1034.39420400528,711
PM,PESTR,38.867168,-7.590169,3D,MM15,31.1991,-8.8973,860.8867061078512,808
PM,PESTR,38.867168,-7.590169,XB,PM18,34.150002,-4.8195,579.9579652925528,867
PM,PESTR,38.867168,-7.590169,ZI,MB19,29.741051,-7.979389,1015.4056909960569,436
PM,PESTR,38.867168,-7.590169,XB,PM25,32.875702,-4.888,709.2183684305568,911
PM,PESTR,38.867168,-7.590169,XB,PM35,31.046301,-3.9958,929.061554242406,1220
PM,PESTR,38.867168,-7.590169,MN,RTC,33.9881,-6.8569,546.4742282788287,5110
PM,PESTR,38.867168,-7.590169,3D,MM05,30.680401,-6.3895,916.8825795246003,767
PM,PESTR,38.867168,-7.590169,XB,PS16,37.2131,-5.0491,288.68088249423033,818
PM,PESTR,38.867168,-7.590169,XB,PS37,38.999699,-4.9555,228.35638898558688,645
PM,PESTR,38.867168,-7.590169,CA,CPAL,42.310533,3.16244,984.4693820647049,3167
PM,PESTR,38.867168,-7.590169,WM,UCM,40.307499,-3.2441,405.34357340624746,2699
PM,PESTR,38.867168,-7.590169,XB,PS57,37.011501,-2.9864,453.3215915486934,689
PM,PESTR,38.867168,-7.590169,1L,ST30,37.734164,-6.621247,151.7239078313463,98
PM,PESTR,38.867168,-7.590169,CA,CFAR,40.5604,0.6614,730.1728391240478,3180
PM,PESTR,38.867168,-7.590169,PM,PFVI,37.132832,-8.826829,221.20150574794525,5957
PM,PESTR,38.867168,-7.590169,CA,CARA,42.707643,0.818132,826.1296074039398,2919
ZB,LUNG,-2.2853,101.155602,ZB,LAIS,-3.5291,102.034698,169.2880634076594,249
ZB,LUNG,-2.2853,101.155602,ZB,L10S,0.6458,100.867378,327.4951881261978,94
ZB,LUNG,-2.2853,101.155602,MY,KUM,5.2902,100.6492,844.2342682986668,273
ZB,LUNG,-2.2853,101.155602,ZB,TIKU,-0.399,99.944199,249.25282139067335,215
ZB,LUNG,-2.2853,101.155602,PS,PSI,2.6938,98.923698,606.6976552294883,276
ZB,LUNG,-2.2853,101.155602,MY,KOM,1.7922,103.846703,543.206344626187,276
ZB,LUNG,-2.2853,101.155602,MY,KSM,1.4733,110.308296,1100.014474454628,268
ZB,LUNG,-2.2853,101.155602,ZB,PPNG,-1.99397,99.603699,175.45983297085837,176
ZB,LUNG,-2.2853,101.155602,ZB,Y30S,-0.08943,97.860863,440.18588484884305,151
PS,VIVO,18.6498,105.6965,RM,DLV,11.952,108.481499,802.3513566470546,399
PS,VIVO,18.6498,105.6965,TM,PRAC,12.472649,99.792871,933.3835241669975,1262
PS,VIVO,18.6498,105.6965,TM,UBPT,15.2773,105.4695,375.7814891140981,396
PS,VIVO,18.6498,105.6965,TM,PHRA,18.4989,100.229,576.5129889785812,527
PS,VIVO,18.6498,105.6965,TM,NONG,18.063498,103.1458,276.97117291357665,342
PS,VIVO,18.6498,105.6965,TM,LOEI,17.5093,101.6244,448.71699254091516,973
PS,VIVO,18.6498,105.6965,TM,PANO,17.147614,104.6122,202.64170699879782,1156
PS,VIVO,18.6498,105.6965,MM,YGN,16.864799,96.153397,1029.7374808874226,716
PS,VIVO,18.6498,105.6965,TM,SRDT,14.3948,99.1213,845.4854977963589,1073
PS,VIVO,18.6498,105.6965,TM,NAYO,14.3152,101.3209,670.7020058840675,1004
PS,VIVO,18.6498,105.6965,TM,CHBT,12.7441,102.3526,747.8142204943132,733
PS,VIVO,18.6498,105.6965,MM,TGI,20.768545,97.034073,936.7312079813432,1380
PS,VIVO,18.6498,105.6965,TM,CMAI,19.932507,99.045281,712.4177555001773,717
PS,VIVO,18.6498,105.6965,TM,CRAI,20.2289,100.3734,585.0834596771508,1216
PS,VIVO,18.6498,105.6965,MM,KTN,21.2857,99.589798,702.1966616337272,866
PS,VIVO,18.6498,105.6965,RM,SLV,21.325247,103.906708,351.38971723265814,346
PS,VIVO,18.6498,105.6965,IC,QIZ,19.02928,109.84398,438.4964116403065,1385
PS,VIVO,18.6498,105.6965,HK,HKPS,22.277599,114.141502,967.577655882282,1394
XH,RS08,-79.3899,-163.539398,XH,DR15,-79.492798,-179.919296,332.8454992479135,717
XH,RS08,-79.3899,-163.539398,XH,DR02,-77.824303,-178.424896,368.9672712900344,719
XH,RS08,-79.3899,-163.539398,XH,RS06,-79.283501,-171.620193,166.5498026184842,719
XH,RS08,-79.3899,-163.539398,YT,SURP,-84.7199,-171.2017,602.95706082318,664
XH,RS08,-79.3899,-163.539398,XH,RS15,-80.496597,-169.978806,175.25631649094223,712
XH,RS08,-79.3899,-163.539398,XH,RS17,-81.401604,-162.973801,223.9348812930868,632
XH,RS08,-79.3899,-163.539398,XH,RS10,-79.278801,-155.467697,166.43746412053062,719
XH,RS08,-79.3899,-163.539398,YT,MPAT,-78.0297,-155.0221,238.8972899192584,719
XH,RS08,-79.3899,-163.539398,YT,HOWE,-87.4158,-149.4267,903.8021268740906,719
XH,RS08,-79.3899,-163.539398,YT,SIPL,-81.6405,-148.9553,364.24484750863945,568
XH,RS08,-79.3899,-163.539398,XH,RS12,-79.017899,-147.632095,332.8302839319712,696
XH,RS08,-79.3899,-163.539398,YT,FALL,-85.3066,-143.6284,711.4023887642375,641
XH,RS08,-79.3899,-163.539398,YT,CLRK,-77.3231,-141.8485,534.0822769451356,664
XH,RS08,-79.3899,-163.539398,YT,SILY,-77.1332,-125.966,868.6489623663743,719
XH,RS08,-79.3899,-163.539398,YT,WAIS,-79.4181,-111.7779,1023.8397528413526,654
XH,RS08,-79.3899,-163.539398,YT,KOLR,-76.1544,-120.727,1041.5252382615415,719
XH,RS08,-79.3899,-163.539398,YT,BENN,-84.5731,-117.3923,876.0211762770776,707
XH,RS08,-79.3899,-163.539398,YT,SWEI,-86.9858,129.3615,1093.3441236825195,719
XH,RS08,-79.3899,-163.539398,YT,AGO1,-83.8615,129.6152,1104.536423785849,719
XH,RS08,-79.3899,-163.539398,YT,MILR,-83.3063,156.2517,775.8998322305462,705
XH,RS08,-79.3899,-163.539398,XH,DR16,-80.869499,178.430405,378.92360898596297,719
XH,RS08,-79.3899,-163.539398,YT,DEVL,-81.4755,161.973,666.0200401651275,667
XH,RS08,-79.3899,-163.539398,ZJ,RKST,-74.201065,159.001755,1083.8264998486527,350
XH,RS08,-79.3899,-163.539398,ZJ,DONT,-73.876846,165.12001,991.5354160367291,360
XH,RS08,-79.3899,-163.539398,XH,RS02,-78.492897,173.345795,499.4542271876734,717
YY,SW05,56.7528,12.6313,YG,CBP2J,47.367298,18.03178,1106.159526773224,249
YY,SW05,56.7528,12.6313,YG,CBP4F,47.720261,15.97801,1029.5867686847016,249
YY,SW05,56.7528,12.6313,GE,PSZ,47.918201,19.8934,1097.8985112841124,92
YY,SW05,56.7528,12.6313,YY,SW03,58.074699,12.6033,146.99822586425682,151
YY,SW05,56.7528,12.6313,GE,RUE,52.475899,13.78,481.2694263320851,92
YY,SW05,56.7528,12.6313,NL,HGN,50.764,5.9317,797.5682688683348,233
YY,SW05,56.7528,12.6313,GE,HLG,54.1847,7.8839,413.45135183849834,92
YY,SW05,56.7528,12.6313,GE,RGN,54.547699,13.3214,248.98637616360622,92
YY,SW05,56.7528,12.6313,GE,PUL,59.766998,30.316999,1083.648047627978,92
2D,OBS13,32.654999,-123.828598,2D,OBS16,34.011398,-124.638397,168.54492866415083,388
2D,OBS13,32.654999,-123.828598,PB,B934,39.844501,-123.691399,799.5315908852955,389
2D,OBS13,32.654999,-123.828598,2D,OBS21,34.032799,-122.286301,209.74733000715483,382
2D,OBS13,32.654999,-123.828598,2D,OBS08,32.654499,-121.342499,232.74147209914992,388
2D,OBS13,32.654999,-123.828598,NN,RUB,39.051701,-120.1549,784.3724083200018,216
2D,OBS13,32.654999,-123.828598,2D,OBS06,32.777,-119.857803,371.7137954455327,387
2D,OBS13,32.654999,-123.828598,XD,C02,33.070999,-115.560501,773.4282005122813,232
Z6,01,27.766001,149.092804,Z6,16,27.7988,155.108505,591.7585991550176,365
Z6,01,27.766001,149.092804,Z6,08L,27.813601,151.491699,236.03557044735086,373
Z6,01,27.766001,149.092804,PS,MCSJ,24.29,153.978,622.4937724559189,289
Z6,01,27.766001,149.092804,JP,JHJ2,33.115299,139.813797,1069.3433945723139,378
Z6,01,27.766001,149.092804,JP,CBIJ,27.095699,142.184494,685.7704839231143,378
Z6,01,27.766001,149.092804,Z6,13,29.351299,155.244003,625.9915694229467,367
YS,TL06,-8.4718,126.4576,YS,BULE,-9.41579,119.30487,792.6371113243798,318
YS,TL06,-8.4718,126.4576,II,KAPI,-5.0142,119.7517,834.255108337175,231
YS,TL06,-8.4718,126.4576,YS,SARA,-8.7873,121.1043,589.5608458982374,727
YS,TL06,-8.4718,126.4576,YS,SAVU,-10.5476,121.8613,554.3666323905505,723
YS,TL06,-8.4718,126.4576,YS,HADA,-8.3722,123.5454,320.5208805964469,711
YS,TL06,-8.4718,126.4576,YS,ONIX,-10.1033,124.4498,285.40022704205575,713
YS,TL06,-8.4718,126.4576,YS,MTNG,-8.2969,125.1025,150.33314019599123,723
YS,TL06,-8.4718,126.4576,S1,AUDHS,-12.44,130.833,650.769426447792,1019
YS,TL06,-8.4718,126.4576,S1,AUKAT,-14.4624,132.2829,919.9384047455067,787
BX,KOOLE,-22.993059,20.195551,AF,CVNA,-31.482,19.762,944.8979734923465,1077
BX,KOOLE,-22.993059,20.195551,AF,HVD,-30.605,25.497,996.2507388655938,1025
BX,KOOLE,-22.993059,20.195551,AF,RUDU,-17.909599,19.764799,567.03285570317,852
BX,KOOLE,-22.993059,20.195551,BX,XAUDM,-18.53956,21.338223,509.249000370495,472
BX,KOOLE,-22.993059,20.195551,AF,WIN,-22.5667,17.1,320.87610348291804,808
BX,KOOLE,-22.993059,20.195551,BX,LKGWB,-24.11351,21.782303,204.15796908663302,952
BX,KOOLE,-22.993059,20.195551,AF,UPI,-28.362,21.253,606.3206718542756,1026
BX,KOOLE,-22.993059,20.195551,BX,PHPEN,-25.475531,22.857294,386.0277633839489,857
BX,KOOLE,-22.993059,20.195551,BX,KHWEE,-21.9464,25.446911,551.9651053588137,774
BX,KOOLE,-22.993059,20.195551,BX,KGCAE,-22.853821,22.206787,206.55725542782832,987
BX,KOOLE,-22.993059,20.195551,ZT,NHAM,-24.91566,27.31703,754.4603125591193,384
BX,KOOLE,-22.993059,20.195551,AF,SNKL,-28.27528,27.7714,959.6641679165485,1123
BX,KOOLE,-22.993059,20.195551,ZT,CRAIL,-22.80259,28.24304,824.4965944129278,638
BX,KOOLE,-22.993059,20.195551,AF,BLWY,-20.143,28.611,925.9218797447406,157
BX,KOOLE,-22.993059,20.195551,ZT,WTBG,-24.2119,28.88291,895.3366083339963,635
BX,KOOLE,-22.993059,20.195551,ZT,DULL,-25.36478,30.17588,1045.8695211702775,542
XW,ADEN,12.77592,44.982441,ZF,LYDE,12.05456,41.925701,341.49557227163206,196
XW,ADEN,12.77592,44.982441,ZF,HYNE,9.31476,42.096199,497.29781193676865,193
XW,ADEN,12.77592,44.982441,XW,MOKA,13.31374,43.25631,196.31355141667143,203
XW,ADEN,12.77592,44.982441,XW,DAMT,14.08737,44.68227,149.39661136338674,214
XW,ADEN,12.77592,44.982441,XW,MUKA,14.48724,49.037788,477.74133043041314,209
XW,ADEN,12.77592,44.982441,2H,BTIE,11.1949,40.021801,567.4660383999669,131
XW,ADEN,12.77592,44.982441,XW,MAWI,15.46748,43.52317,338.1274095917713,210
XW,ADEN,12.77592,44.982441,XW,GHDI,15.63811,52.161732,836.6565050131717,129
XW,ADEN,12.77592,44.982441,XW,SAUM,16.141451,49.29332,596.169783290894,189
XW,ADEN,12.77592,44.982441,XW,TAMU,17.294781,49.928551,731.0383476104615,212
XW,ADEN,12.77592,44.982441,XW,SIMA,17.55549,52.316299,949.4554939633018,213
TT,THTN,35.5616,8.6881,TT,TATN,32.578701,10.5292,372.4992786445377,492
TT,THTN,35.5616,8.6881,MN,WDD,35.8373,14.5242,527.8137972863348,686
TT,THTN,35.5616,8.6881,MN,VSL,39.496,9.378,441.6911573915611,337
TT,THTN,35.5616,8.6881,XB,PS57,37.011501,-2.9864,1058.040420086913,291
TT,THTN,35.5616,8.6881,MN,CLTB,37.578,13.216,462.2819130618946,664
TT,THTN,35.5616,8.6881,TT,TAMR,37.046902,9.1091,169.41160961037386,613
TT,THTN,35.5616,8.6881,AC,VLO,40.468601,19.495501,1091.5804891936277,325
TT,THTN,35.5616,8.6881,MN,BNI,45.052,6.678,1068.8637149580704,677
YL,B14W,-19.0427,-177.987701,YL,A14W,-20.6658,-178.155304,181.32988708847154,321
YL,B14W,-19.0427,-177.987701,YL,F01,-20.795,-173.913193,468.37984586395226,326
YL,B14W,-19.0427,-177.987701,YL,S02W,-21.799101,-176.897995,326.85215760562005,269
YL,B14W,-19.0427,-177.987701,Z1,VABL,-17.2465,-178.955994,224.40766349341666,200
YL,B14W,-19.0427,-177.987701,YL,N01W,-19.0243,-175.485504,263.02624568168295,317
YL,B14W,-19.0427,-177.987701,Z1,VAVP,-18.601999,-173.961395,426.57724657243625,325
YL,B14W,-19.0427,-177.987701,Z1,MOAL,-18.566299,179.951599,223.28202837144832,241
YL,B14W,-19.0427,-177.987701,Z1,LBSA,-16.540899,179.300201,399.78036336783447,326
ZV,XWAN,38.452499,102.6717,ZV,GUNA,35.5835,101.088799,348.58480810575674,204
ZV,XWAN,38.452499,102.6717,IC,XAN,34.03107,108.92321,745.3329141842522,465
ZV,XWAN,38.452499,102.6717,8B,430,32.674801,110.334099,944.3771151004353,170
ZV,XWAN,38.452499,102.6717,8B,416,34.9002,111.4011,872.4353687922646,166
AI,BELA,-77.875,-34.6269,YT,WILS,-80.0396,-80.5587,978.6920372711278,493
AI,BELA,-77.875,-34.6269,YT,STEW,-84.1863,-86.2349,1072.0346498128486,3912
AI,BELA,-77.875,-34.6269,YT,PECA,-85.6124,-68.5525,981.3616879498281,3074
AI,BELA,-77.875,-34.6269,1D,FOWL,-76.892838,-79.301125,1063.7705807124285,675
AI,BELA,-77.875,-34.6269,1D,BREN,-72.67498,-63.020939,973.0406043425891,364
AI,BELA,-77.875,-34.6269,YT,RMBO,-83.8714,-66.3959,847.3326573879683,3927
AI,BELA,-77.875,-34.6269,YT,EAGL,-80.894402,-22.309799,418.1782049801348,423
AI,BELA,-77.875,-34.6269,YT,THRO,-79.127296,-28.317499,197.16577025484617,288
AI,BELA,-77.875,-34.6269,1D,KIBB,-75.276108,-65.604904,838.2491996555805,728
AI,BELA,-77.875,-34.6269,YT,MECK,-75.2808,-72.185,991.5345460348466,2446
AI,BELA,-77.875,-34.6269,YT,DUFK,-82.8619,-53.2006,646.5409407451137,5316
PQ,CMBN,69.1206,-105.0419,PQ,TUKN,69.4382,-132.9945,1090.709869183888,647
PQ,CMBN,69.1206,-105.0419,PQ,ULUN,70.7363,-117.762,516.4186124254353,649
MH,P0023,-24.176133,-141.1115,MH,P0024,-24.272183,-145.46665,441.74095305408747,96
MH,P0023,-24.176133,-141.1115,MH,P0022,-24.142517,-136.613917,456.30066042656495,140
IU,YSS,46.9587,142.7604,ID,ERM,42.0158,143.157196,550.524574807627,513
S1,AUCAR,-24.8851,113.6586,S1,AUKAL,-30.7637,121.4789,1008.739594247949,1455
S1,AUCAR,-24.8851,113.6586,M8,WATNG,-30.73225,118.19848,788.5169707870199,543
S1,AUCAR,-24.8851,113.6586,M8,AU41,-28.0108,120.9861,807.8397271640641,154
S1,AUCAR,-24.8851,113.6586,M8,AQ41,-27.9997,118.5997,601.5155029920987,158
S1,AUCAR,-24.8851,113.6586,S1,AUMAZ,-32.0069,116.0384,825.3023564344713,1617
S1,AUCAR,-24.8851,113.6586,S1,AUBUS,-33.6601,115.3828,989.9115172892534,1721
S1,AUCAR,-24.8851,113.6586,M8,AY41,-27.9822,122.9615,987.8603899085161,167
S1,AUCAR,-24.8851,113.6586,M8,MUKOZ,-26.7575,114.6094,228.9182289010262,155
S1,AUCAR,-24.8851,113.6586,M8,AI45,-29.9886,114.9982,582.6615860058967,543
S1,AUCAR,-24.8851,113.6586,S1,AUKAR,-20.752,116.8178,562.1242314188378,1586
MM,SIM,20.1332,92.885201,IN,PBA,11.655733,92.743919,942.7734293614349,750
MM,SIM,20.1332,92.885201,TM,PHRA,18.4989,100.229,791.6728695373886,305
MM,SIM,20.1332,92.885201,TM,NONG,18.063498,103.1458,1102.1899151046923,592
MM,SIM,20.1332,92.885201,TM,LOEI,17.5093,101.6244,964.7696498405703,834
MM,SIM,20.1332,92.885201,MM,YGN,16.864799,96.153397,500.8042029017618,862
MM,SIM,20.1332,92.885201,TM,SRDT,14.3948,99.1213,919.3060697181247,435
MM,SIM,20.1332,92.885201,TM,NAYO,14.3152,101.3209,1104.6344037000645,434
MM,SIM,20.1332,92.885201,XR,MS02,23.605983,93.696263,395.11838563993336,375
MM,SIM,20.1332,92.885201,IO,EVN,27.958651,86.811653,1066.0812243484168,708
MM,SIM,20.1332,92.885201,MM,TGI,20.768545,97.034073,437.97793524943603,869
MM,SIM,20.1332,92.885201,MM,NGU,21.205721,94.916618,242.665516692387,869
MM,SIM,20.1332,92.885201,TM,CRAI,20.2289,100.3734,781.5381230542657,665
MM,SIM,20.1332,92.885201,MM,MDY,22.016199,96.112297,394.887871462485,179
MM,SIM,20.1332,92.885201,XR,MS09,23.478138,96.080143,497.0777566326354,352
MM,SIM,20.1332,92.885201,MM,KTN,21.2857,99.589798,708.9591391102443,867
MM,SIM,20.1332,92.885201,IN,SHL,25.566816,91.855949,613.3168408058316,813
MM,SIM,20.1332,92.885201,XR,BA07,24.1371,91.4975,467.58176007038713,735
MM,SIM,20.1332,92.885201,XR,MS05,22.585486,94.508708,320.3365622589283,271
MM,SIM,20.1332,92.885201,IC,LSA,29.70317,91.12757,1078.7380051163689,847
MN,PDG,42.4297,19.2608,MN,WDD,35.8373,14.5242,838.8487105980034,1840
MN,PDG,42.4297,19.2608,XS,N020,40.349899,21.960501,322.7715423337102,251
MN,PDG,42.4297,19.2608,MN,VSL,39.496,9.378,890.9603437872516,1360
MN,PDG,42.4297,19.2608,MN,CLTB,37.578,13.216,745.3453353711167,1314
MN,PDG,42.4297,19.2608,TT,TAMR,37.046902,9.1091,1053.1938059987835,625
MN,PDG,42.4297,19.2608,HT,AGG,39.021099,22.336,459.06454918562946,1696
MN,PDG,42.4297,19.2608,AC,VLO,40.468601,19.495501,218.9398808442122,499
MN,PDG,42.4297,19.2608,MN,VTS,42.618,23.235,326.32908066743227,1672
MN,PDG,42.4297,19.2608,YD,3B13,43.635109,21.70591,239.6967016845114,589
MN,PDG,42.4297,19.2608,MN,DIVS,44.0981,19.9917,194.7269409362756,1482
MN,PDG,42.4297,19.2608,MN,BNI,45.052,6.678,1050.8088051718682,1791
MN,PDG,42.4297,19.2608,YD,3D08,45.97826,21.517321,433.59779331819436,641
MN,PDG,42.4297,19.2608,NI,ZOU2,46.558399,12.9729,677.4716928396504,210
MN,PDG,42.4297,19.2608,CH,FUORN,46.620334,10.263551,851.1655440415543,1697
MN,PDG,42.4297,19.2608,YD,6C04,46.661442,19.74328,472.09703906199354,720
MN,PDG,42.4297,19.2608,CH,SLE,47.7645,8.49236,1031.120261062985,527
MN,PDG,42.4297,19.2608,PL,BEL,51.837002,20.792,1052.3744641967382,1266
MN,PDG,42.4297,19.2608,PL,NIE,49.4189,20.313101,781.393104659829,1230
MN,PDG,42.4297,19.2608,PL,KWP,49.631401,22.7075,843.6033568607404,1262
MN,PDG,42.4297,19.2608,YD,3D14,44.176979,23.319521,381.52914278394127,640
MN,PDG,42.4297,19.2608,YD,3H07,47.673592,23.49605,671.0859051978683,676
MN,PDG,42.4297,19.2608,XS,N039,41.1087,23.5846,387.4453198472891,246
MN,PDG,42.4297,19.2608,YD,3F11,45.865082,23.72257,521.9951625043119,615
MN,PDG,42.4297,19.2608,HL,RDO,41.145031,25.53553,539.3440247646065,1233
MN,PDG,42.4297,19.2608,KO,DKL,39.0713,26.9053,743.9623568457115,299
MN,PDG,42.4297,19.2608,HL,ARG,36.213558,28.12122,1027.8602702883559,1023
MN,PDG,42.4297,19.2608,GE,TIRR,44.458099,28.4128,772.0350789954924,1896
MN,PDG,42.4297,19.2608,KO,ELL,36.7483,29.9085,1108.393520144013,529
MN,PDG,42.4297,19.2608,YH,KO07,41.045898,30.1702,917.5060302412651,396
XW,KHA,44.208099,73.997299,II,AAK,42.6375,74.4942,179.19318922735624,749
XW,KHA,44.208099,73.997299,XW,ATUS,39.716,76.157204,530.4107767183261,102
XW,KHA,44.208099,73.997299,KN,ULHL,42.245602,76.241699,284.0318825255852,729
XW,KHA,44.208099,73.997299,XW,PDG,43.327499,79.487602,451.5165845612041,761
XW,KHA,44.208099,73.997299,KZ,MAKZ,46.807999,81.976997,685.3162752551001,331
XW,KHA,44.208099,73.997299,XW,KSA,41.5425,77.925697,436.16914549263964,585
XW,KHA,44.208099,73.997299,XW,BCHU,39.793301,78.782501,630.1065496420947,232
XW,KHA,44.208099,73.997299,XW,AKSU,41.1441,80.109802,604.5301430462089,298
MN,KEG,29.9275,31.8292,GE,SKD,35.411999,23.927999,957.9713700507784,188
MN,KEG,29.9275,31.8292,GE,MRNI,33.01178,35.391998,481.37790056363207,93
S1,AUTKS,-33.7846,151.0254,OZ,ROBE,-37.1472,139.87424,1076.0418864868084,412
S1,AUTKS,-33.7846,151.0254,OZ,MILD,-34.25915,142.05571,828.0696757734416,419
S1,AUTKS,-33.7846,151.0254,S1,AUHPC,-38.1068,142.3183,918.8011720023219,2258
S1,AUTKS,-33.7846,151.0254,OZ,BOGA,-35.547,143.57532,708.7656669597777,446
S1,AUTKS,-33.7846,151.0254,OZ,GRASY,-40.08652,144.01093,937.2772111175822,486
S1,AUTKS,-33.7846,151.0254,OZ,ROWM,-37.80614,144.29176,753.8350764662054,486
S1,AUTKS,-33.7846,151.0254,OZ,MARG,-41.99952,145.55162,1031.4776524387566,486
S1,AUTKS,-33.7846,151.0254,S1,AUGRF,-34.2858,146.059,460.97023935254094,1223
S1,AUTKS,-33.7846,151.0254,OZ,TOT,-37.82313,146.40738,612.2772977496988,486
S1,AUTKS,-33.7846,151.0254,OZ,CURRY,-41.09589,146.95012,888.7540947123869,486
S1,AUTKS,-33.7846,151.0254,OZ,DTMM,-36.52813,147.46539,444.69208262739863,486
S1,AUTKS,-33.7846,151.0254,Y2,KKVN5,-26.343691,152.185039,834.8636237837736,172
S1,AUTKS,-33.7846,151.0254,S1,AUUHS,-35.3589,150.4696,182.30011642716266,2766
S1,AUTKS,-33.7846,151.0254,YW,MSWL3,-32.3933,150.92683,154.97798486304274,363
S1,AUTKS,-33.7846,151.0254,M8,MOGAR,-36.6965,149.9761,337.5134678853925,489
S1,AUTKS,-33.7846,151.0254,S1,AUDCS,-32.2334,148.6278,282.35591810738947,2944
S1,AUTKS,-33.7846,151.0254,S1,AUPHS,-31.099,150.8943,298.8787166179619,2915
S1,AUTKS,-33.7846,151.0254,S1,AUMUL,-28.5585,153.4949,626.7500282943876,278
S1,AUTKS,-33.7846,151.0254,S1,AUMOU,-24.5752,149.9814,1029.0227599440127,1808
G,TAOE,-8.85493,-140.14819,MH,P0013,-11.499367,-144.00305,514.222734864265,92
G,TAOE,-8.85493,-140.14819,MH,P0016,-9.0,-138.39755,192.97947453061738,214
G,TAOE,-8.85493,-140.14819,XE,WW03,-6.01551,-135.112,638.7202240323245,308
G,TAOE,-8.85493,-140.14819,XE,WC02,-4.97259,-133.70537,831.8405261518952,316
G,TAOE,-8.85493,-140.14819,MH,P0018,-12.273467,-132.196487,948.5360167507689,136
G,TAOE,-8.85493,-140.14819,MH,P0017,-9.9899,-135.034383,574.9649731904373,166
G,TAOE,-8.85493,-140.14819,XE,EE04,-8.20435,-131.2551,980.5751026037191,328
G,TAOE,-8.85493,-140.14819,XE,CC07,-6.15879,-133.0464,838.2740636014266,318
G,TAOE,-8.85493,-140.14819,XE,EE02,-5.97635,-130.88959,1069.7766039249416,281
G,TAOE,-8.85493,-140.14819,XE,WW01,-3.78521,-134.73696,821.7068169839844,174
1U,RUC,-36.124113,174.011005,NZ,URZ,-38.259249,177.110894,362.95280308783214,345
1U,RUC,-36.124113,174.011005,1U,PAE,-37.246692,175.650908,192.25625444988194,184
ID,RAR,-21.212999,-159.7733,XB,NIUE,-18.979219,-169.876144,1083.5886940223409,222
IL,IR3,35.476112,51.02375,SR,MAIO,36.299999,59.494499,768.3231574156528,453
IU,TRQA,-38.0568,-61.9787,GT,PLCA,-40.73277,-70.55083,793.9925330951655,449
IU,TRQA,-38.0568,-61.9787,YC,HUER,-32.419113,-65.717194,712.7531304063288,159
IU,TRQA,-38.0568,-61.9787,YC,HEDI,-30.138674,-68.543419,1067.2770727641598,361
XY,BS07,52.390099,-126.834999,XY,BN23,55.410999,-127.640999,340.0280111315652,416
XY,BS07,52.390099,-126.834999,XN,A06,60.631199,-123.493202,938.7201964277801,95
XY,BS07,52.390099,-126.834999,US,HAWA,46.3925,-119.5327,850.0397314612325,379
NO,JMIC,70.986603,-8.5057,XF,NE1,74.87175,-38.55117,1056.686220983177,722
NO,JMIC,70.986603,-8.5057,XF,NE4,76.657433,-34.27758,1003.2224510015382,559
NO,JMIC,70.986603,-8.5057,XF,NE5,74.117332,-31.150419,824.6640984978795,722
NO,JMIC,70.986603,-8.5057,DK,SOEG,68.203499,-31.3755,932.343854233487,3360
NO,JMIC,70.986603,-8.5057,DK,SCO,70.485536,-21.949715,495.2958025837616,3711
NO,JMIC,70.986603,-8.5057,DK,DBG,74.307055,-20.219193,534.2502521735428,3688
NO,JMIC,70.986603,-8.5057,8F,VIGR,63.89593,-22.12951,974.7488621818926,194
NO,JMIC,70.986603,-8.5057,GE,SUMG,72.5742,-38.4626,1044.8625102802587,4187
NO,JMIC,70.986603,-8.5057,Z7,FAG,63.874779,-16.653641,862.1217515519057,293
NO,JMIC,70.986603,-8.5057,GE,DAG,76.771301,-18.655001,713.1826185906236,4058
NO,JMIC,70.986603,-8.5057,ZR,N1306,66.741959,15.73804,1070.6981784187453,418
NO,JMIC,70.986603,-8.5057,Y1,N7001,68.400002,15.95431,978.9738411529124,190
NO,JMIC,70.986603,-8.5057,YB,IF01,62.359459,-6.52752,963.1140494363368,437
NO,JMIC,70.986603,-8.5057,PL,HSPB,77.001877,15.53318,982.2447425607076,3827
NO,JMIC,70.986603,-8.5057,ZR,N1312,65.628799,13.44193,1071.5967043686849,285
YU,MD04,10.8953,-74.1514,OV,CCOL,8.4075,-82.973396,1005.7598608823525,725
YU,MD04,10.8953,-74.1514,CM,PRV,13.376167,-81.3635,831.055906758439,714
YU,MD04,10.8953,-74.1514,CW,CHIV,19.97648,-76.415131,1038.4512264194948,297
YU,MD04,10.8953,-74.1514,YU,NL02,9.2491,-70.2202,467.6848533219966,627
YU,MD04,10.8953,-74.1514,ZC,HMDR,18.7879,-69.381,1016.1746268138256,325
YU,MD04,10.8953,-74.1514,CM,SJC,9.896667,-75.1795,158.03047384272122,737
YU,MD04,10.8953,-74.1514,YU,NL10,10.6679,-71.4911,291.6873354905855,690
YU,MD04,10.8953,-74.1514,LO,LOBA2,18.0814,-71.0936,864.1153155618439,614
YU,MD04,10.8953,-74.1514,CW,GNEO,20.3274,-74.592934,1049.8655292832377,170
YU,MD04,10.8953,-74.1514,YU,SL02,7.6943,-71.0365,493.4503442466022,579
YU,MD04,10.8953,-74.1514,YU,GJ03,11.7273,-72.5457,198.016349335229,729
YU,MD04,10.8953,-74.1514,CM,RUS,5.8925,-73.083167,568.5544413082642,586
YU,MD04,10.8953,-74.1514,YU,SL09,8.9599,-72.6846,268.55640355207777,681
YU,MD04,10.8953,-74.1514,VE,BAUV,8.9433,-68.041496,703.5111032133756,732
IU,MA2,59.5756,150.77,XJ,TIG,57.759483,158.685638,499.8644730148447,182
IU,MA2,59.5756,150.77,XJ,ESS,55.932159,158.694794,619.9226991018808,140
IU,MA2,59.5756,150.77,XJ,APA,52.925709,157.132874,836.5520299682765,283
IU,MA2,59.5756,150.77,XJ,PZT,51.466999,156.809998,977.5651771385367,120
IU,MA2,59.5756,150.77,XJ,SBL,54.30431,155.961823,664.9283352144273,121
IU,MA2,59.5756,150.77,XJ,PAN,59.094879,159.968002,523.9330284783376,208
IU,MA2,59.5756,150.77,XJ,OSO,59.261375,163.084213,696.5139021524179,91
IU,MA2,59.5756,150.77,XJ,TKI,60.44611,166.148788,858.209307294859,210
IU,MA2,59.5756,150.77,XJ,KGB,56.25845,162.711456,794.3366230203254,155
IU,MA2,59.5756,150.77,XJ,ZUP,54.081619,159.987518,827.8188088701512,227
YS,PL59,16.989,-149.0009,YS,PL69,16.3484,-157.700806,929.3907105593548,346
YS,PL59,16.989,-149.0009,YS,PL68,14.6596,-157.8591,982.2739153911978,343
YS,PL59,16.989,-149.0009,YS,PL67,16.162001,-156.206604,773.379959835149,344
YS,PL59,16.989,-149.0009,YS,PL70,15.574,-158.982498,1076.8097889425733,343
YS,PL59,16.989,-149.0009,YS,MRKH,21.108999,-157.270004,982.1845948598608,134
YS,PL59,16.989,-149.0009,YS,PL44,25.5928,-152.765793,1032.9580529491125,355
YS,PL59,16.989,-149.0009,YS,PL45,24.2006,-154.811996,1004.0792608209756,318
YS,PL59,16.989,-149.0009,YS,PL50,22.319901,-152.742706,710.4555927360767,355
YS,PL59,16.989,-149.0009,YS,PL57,18.9142,-150.914993,294.6494934689154,360
YS,PL59,16.989,-149.0009,YS,PL61,16.737801,-151.637604,281.96568352575576,349
YS,PL59,16.989,-149.0009,YS,PL63,14.7313,-153.967499,587.5189820983019,348
YS,PL59,16.989,-149.0009,YS,PL62,14.6891,-151.6866,384.61277329632173,349
1D,FOWL,-76.892838,-79.301125,YT,THUR,-72.5301,-97.5606,716.9676048808107,682
1D,FOWL,-76.892838,-79.301125,YT,MA07,-78.2496,-93.4991,370.56154368518077,303
1D,FOWL,-76.892838,-79.301125,YT,WAIS,-79.4181,-111.7779,779.9387065339444,674
1D,FOWL,-76.892838,-79.301125,1D,ELSW,-75.519371,-85.707581,228.1987848647958,374
1D,FOWL,-76.892838,-79.301125,1D,PIG3,-75.084061,-97.474449,526.2884808149074,682
1D,FOWL,-76.892838,-79.301125,YT,HOWD,-77.5286,-86.7694,196.7870617793525,682
1D,FOWL,-76.892838,-79.301125,YT,KOLR,-76.1544,-120.727,1054.2625344543026,588
1D,FOWL,-76.892838,-79.301125,YT,MA09,-79.8993,-104.9977,656.821764588058,303
1D,FOWL,-76.892838,-79.301125,YT,BENN,-84.5731,-117.3923,1049.5344810682493,646
1D,FOWL,-76.892838,-79.301125,YT,MA06,-79.4397,-97.5587,500.16552218555046,303
1D,FOWL,-76.892838,-79.301125,YT,STEW,-84.1863,-86.2349,819.3849840493704,647
1D,FOWL,-76.892838,-79.301125,YT,UPTW,-77.5781,-109.0374,726.526297015259,668
1D,FOWL,-76.892838,-79.301125,YT,PECA,-85.6124,-68.5525,982.2818434704878,598
1D,FOWL,-76.892838,-79.301125,1D,BREN,-72.67498,-63.020939,663.3892966107161,361
1D,FOWL,-76.892838,-79.301125,YT,RMBO,-83.8714,-66.3959,807.4154931705925,642
1D,FOWL,-76.892838,-79.301125,1D,ATOL,-71.389671,-68.870117,686.8137531755256,370
1D,FOWL,-76.892838,-79.301125,1D,ROTH,-67.520012,-68.148849,1104.4264631796102,317
1D,FOWL,-76.892838,-79.301125,1D,KIBB,-75.276108,-65.604904,406.7172893210745,682
1D,FOWL,-76.892838,-79.301125,YT,MECK,-75.2808,-72.185,261.0906471644437,682
1D,FOWL,-76.892838,-79.301125,YT,DUFK,-82.8619,-53.2006,821.1886080473173,682
1D,FOWL,-76.892838,-79.301125,1D,WELC,-70.731812,-63.82737,830.6937608659819,354
PQ,TUKN,69.4382,-132.9945,EO,KLRS,61.03095,-138.40663,967.3291023439891,950
PQ,TUKN,69.4382,-132.9945,PQ,KLONY,64.4525,-138.2164,598.7026325051681,1301
PQ,TUKN,69.4382,-132.9945,NY,TGTN,61.5267,-128.27268,905.6441023908328,820
PQ,TUKN,69.4382,-132.9945,NY,MAYO,63.59581,-135.89209,662.0255467939495,1290
PQ,TUKN,69.4382,-132.9945,PQ,RICHY,66.9808,-136.2216,303.8945298353893,954
PQ,TUKN,69.4382,-132.9945,PQ,ULUN,70.7363,-117.762,592.9241040866825,1367
XE,LAJO,-17.77766,-67.477753,XE,UYUN,-20.461914,-66.74688,308.192292958751,140
XE,LAJO,-17.77766,-67.477753,XE,SALI,-19.62011,-67.724533,206.51344294150041,167
XE,LAJO,-17.77766,-67.477753,XE,ROSL,-19.485266,-64.18029,395.92525291601703,180
XE,LAJO,-17.77766,-67.477753,XE,CRUZ,-19.103399,-66.221199,198.24048155934108,140
XP,N076,-80.806198,135.434006,XP,N100,-81.652496,122.610001,236.2848351792401,227
XP,N076,-80.806198,135.434006,XP,N116,-82.009804,112.571198,399.50709155580654,116
XP,N076,-80.806198,135.434006,XP,N060,-80.000099,142.595001,160.0113923752415,117
XP,N076,-80.806198,135.434006,XP,N044,-79.069191,148.615921,319.57711051106486,135
XP,N076,-80.806198,135.434006,XP,N028,-78.029579,153.650864,479.8379549217241,123
XP,N076,-80.806198,135.434006,XP,DIHI,-79.849022,159.480042,458.03450062682236,137
XP,N076,-80.806198,135.434006,XP,MINN,-78.550446,166.880066,664.4150929159961,182
XP,N076,-80.806198,135.434006,XP,E006,-77.370201,161.625702,661.4501230653004,199
M8,AY41,-27.9822,122.9615,S1,AUKAL,-30.7637,121.4789,341.0147976128751,182
M8,AY41,-27.9822,122.9615,M8,WATNG,-30.73225,118.19848,553.6093833038279,182
M8,AY41,-27.9822,122.9615,S1,AUAPY,-26.2844,132.1353,926.9852730030348,182
M8,AY41,-27.9822,122.9615,M8,AU41,-28.0108,120.9861,193.97389236514434,143
M8,AY41,-27.9822,122.9615,M8,AQ41,-27.9997,118.5997,428.25661882331656,153
M8,AY41,-27.9822,122.9615,S1,AUMAZ,-32.0069,116.0384,802.6762104526314,175
M8,AY41,-27.9822,122.9615,M8,AY52,-33.46036,123.00861,609.1610601187715,101
M8,AY41,-27.9822,122.9615,M8,AU52,-33.4865,120.9751,640.7755071264684,182
M8,AY41,-27.9822,122.9615,S1,AUBUS,-33.6601,115.3828,959.8229756174544,182
M8,AY41,-27.9822,122.9615,S1,AUALB,-34.9995,117.9046,915.4825639133826,163
M8,AY41,-27.9822,122.9615,M8,MUKOZ,-26.7575,114.6094,835.7367808182909,170
M8,AY41,-27.9822,122.9615,M8,AI45,-29.9886,114.9982,805.8438026103634,182
M8,AY41,-27.9822,122.9615,S1,AUKAR,-20.752,116.8178,1016.2247006632728,178
C1,VA04,-33.6427,-78.8299,XM,ASB08,-37.6872,-67.8793,1085.7540351816504,465
C1,VA04,-33.6427,-78.8299,GT,PLCA,-40.73277,-70.55083,1075.7329248058797,3683
C1,VA04,-33.6427,-78.8299,C1,LR04,-39.88019,-73.425822,843.8775955275565,3376
C1,VA04,-33.6427,-78.8299,XM,ASB04,-35.77723,-69.39981,893.6381738407773,611
C1,VA04,-33.6427,-78.8299,XM,ASB13,-35.20574,-67.67386,1037.3237655664107,640
C1,VA04,-33.6427,-78.8299,3E,MEL15,-34.017221,-70.126983,804.7150279743684,255
C1,VA04,-33.6427,-78.8299,XM,ASB22,-33.66389,-67.46128,1051.7445463097279,633
C1,VA04,-33.6427,-78.8299,2V,PO20,-27.73141,-70.24283,1051.070000628683,105
C1,VA04,-33.6427,-78.8299,C1,CO05,-29.91864,-71.23841,828.1252442556181,3307
C1,VA04,-33.6427,-78.8299,3Y,SC02,-29.066857,-70.132088,969.4834242772696,686
CD,ENH,30.271799,109.486801,CD,KMI,25.123301,102.739998,876.534956660073,1348
CD,ENH,30.271799,109.486801,IC,XAN,34.03107,108.92321,421.3636625482504,1294
GI,PETF,16.916298,-89.866737,NU,CSGN,12.9763,-87.558701,503.381489158039,1786
GI,PETF,16.916298,-89.866737,ZB,B01,14.5593,-92.216599,363.22021427561054,146
GI,PETF,16.916298,-89.866737,CM,PRV,13.376167,-81.3635,993.7304269058039,2284
GI,PETF,16.916298,-89.866737,GI,AVPA,15.3972,-89.6417,170.61745239842034,232
GI,PETF,16.916298,-89.866737,NU,SIUN,13.71616,-84.773499,651.8267316835131,801
GI,PETF,16.916298,-89.866737,NU,BILN,14.0488,-83.374641,765.1757899772249,776
GI,PETF,16.916298,-89.866737,NU,ESPN,12.195,-84.300308,796.4045173196433,2066
8F,VIGR,63.89593,-22.12951,DK,ANGG,65.616388,-37.63704,757.7018324036784,473
8F,VIGR,63.89593,-22.12951,DK,SOEG,68.203499,-31.3755,634.005657177895,473
8F,VIGR,63.89593,-22.12951,DK,SCO,70.485536,-21.949715,732.7719430102186,473
G,IVI,61.205808,-48.171178,DK,NRS,61.159566,-45.418535,147.615023546069,4679
G,IVI,61.205808,-48.171178,9D,KNS,64.290802,-49.683102,351.5423998370626,330
G,IVI,61.205808,-48.171178,DK,DY2G,66.479599,-46.309399,593.4114333824353,2329
G,IVI,61.205808,-48.171178,DK,ANGG,65.616388,-37.63704,716.2505945053911,4604
G,IVI,61.205808,-48.171178,GG,SE1,63.24852,-42.03487,390.4836096324667,1187
G,IVI,61.205808,-48.171178,DK,SOEG,68.203499,-31.3755,1107.7638811049635,3257
G,IVI,61.205808,-48.171178,PO,NANL,56.5371,-61.6884,931.7341532942824,259
G,DRV,-66.664908,140.002069,G,CCD,-75.1065,123.305,1109.536795429614,5343
X5,MARN,71.326279,-79.373581,X5,SHMN,64.576668,-84.114517,775.5994727953712,129
X5,MARN,71.326279,-79.373581,1E,CNF,79.65667,-80.778328,927.0579253127074,284
X5,MARN,71.326279,-79.373581,X5,NOTN,63.293659,-78.135452,894.718242792396,282
X5,MARN,71.326279,-79.373581,X5,CHIN,62.636665,-74.236,990.8626974424091,579
X5,MARN,71.326279,-79.373581,X5,MNGN,64.663498,-72.434334,794.0783674328142,572
X5,MARN,71.326279,-79.373581,X5,KIMN,62.850731,-69.879456,1025.3281461353956,299
X5,MARN,71.326279,-79.373581,X5,PNGN,66.143471,-65.711548,793.8212620011259,582
X5,MARN,71.326279,-79.373581,X5,JENN,64.085503,-67.16217,951.8859329689263,261
X5,MARN,71.326279,-79.373581,DK,KULLO,74.580498,-57.2201,801.2035200766545,589
XB,CM31,10.327,15.262,XB,CM29,9.347,13.385,232.72986969554458,245
XB,CM31,10.327,15.262,XB,CM06,2.385,11.268,987.1069661023714,316
XB,CM31,10.327,15.262,XB,CM24,6.523,14.288,436.3378152570125,155
XB,CM31,10.327,15.262,XB,CM16,5.48,10.572,746.414475551278,353
XB,CM31,10.327,15.262,XB,CM03,3.519,15.034,757.433836369232,264
XB,CM31,10.327,15.262,XB,CM11,3.98,13.188,741.8856881489476,354
XB,CM31,10.327,15.262,XB,CM27,7.359,12.667,436.1102507677401,148
XB,CM31,10.327,15.262,XB,CM02,2.698,13.289,875.8219443058628,245
XB,CM31,10.327,15.262,XB,CM17,5.546,12.312,622.9829787534387,359
XB,CM31,10.327,15.262,XB,CM01,2.389,9.834,1066.9232084775597,351
YP,NE61,44.849098,115.991798,1G,WOP01,37.66651,107.33679,1076.3787028215079,243
YP,NE61,44.849098,115.991798,1G,NOP01,41.97177,110.49863,546.8388834709164,265
YP,NE61,44.849098,115.991798,YP,NE81,46.069698,116.634697,144.68943239906824,589
YP,NE61,44.849098,115.991798,YP,NE83,46.2132,118.801102,266.2318220868748,587
YP,NE61,44.849098,115.991798,YP,NE32,42.670799,117.070099,257.2244711834115,384
YP,NE61,44.849098,115.991798,YP,NEP7,48.1744,118.1474,404.84149136949503,317
YP,NE61,44.849098,115.991798,YP,NE44,43.370701,119.677299,337.004423190447,301
YP,NE61,44.849098,115.991798,IC,HIA,49.270115,119.741363,567.5782254561093,589
YP,NE61,44.849098,115.991798,YP,NE66,45.004101,120.704201,371.3430957239353,573
YP,NE61,44.849098,115.991798,YP,NEA3,47.562302,121.292,507.1378882102615,582
YP,NE61,44.849098,115.991798,CB,DL2,38.905998,121.627998,808.529310910329,422
YP,NE61,44.849098,115.991798,YP,NEP5,45.733601,122.619797,527.5634551033984,314
YP,NE61,44.849098,115.991798,YP,NE57,44.122898,123.258499,581.8853180906589,589
YP,NE61,44.849098,115.991798,CB,SNY,41.827801,123.578003,699.0680742301929,421
YP,NE61,44.849098,115.991798,YP,NEA5,47.648602,124.036697,692.0438143540761,510
YP,NE61,44.849098,115.991798,YP,NE59,44.095901,125.961098,794.9489956357052,588
YP,NE61,44.849098,115.991798,YP,NE8B,46.207199,126.056297,797.8439652066063,574
YP,NE61,44.849098,115.991798,CB,HEH,50.252998,127.410004,1044.7819407965437,422
YP,NE61,44.849098,115.991798,YP,NE7D,45.342098,128.742905,1001.3552750487618,529
YP,NE61,44.849098,115.991798,YP,NE5D,44.107601,129.6008,1081.5986174289055,355
YP,NE61,44.849098,115.991798,YP,NE9B,46.946201,129.7948,1091.7585577886764,581
NM,WADM,36.366,-89.796,NM,EUAL,32.97143,-88.08669,408.52667598310626,110
NM,WADM,36.366,-89.796,US,AMTX,34.8837,-101.6808,1086.0531492228074,3920
NM,WADM,36.366,-89.796,N4,X48A,34.4517,-87.0452,327.783044341792,3994
NM,WADM,36.366,-89.796,N4,237B,32.001499,-95.808403,735.4935682949155,1846
NM,WADM,36.366,-89.796,Z7,LA01,31.9874,-93.8349,612.3084356510648,906
NM,WADM,36.366,-89.796,N4,Z38B,33.2599,-94.9852,586.1177682038893,3933
NM,WADM,36.366,-89.796,ZZ,FWU17,36.2869,-101.0,1003.1846488029623,387
NM,WADM,36.366,-89.796,TX,DKNS,33.66653,-100.92365,1056.1630824763467,2693
NM,WADM,36.366,-89.796,O2,SC12,34.921667,-99.3547,878.1670582074776,2094
NM,WADM,36.366,-89.796,ZW,AZCF,33.184074,-97.446251,782.8647070506006,267
NM,WADM,36.366,-89.796,TX,BRDY,31.285872,-98.999447,1019.9322317909703,2807
NM,WADM,36.366,-89.796,N4,ABTX,32.6238,-99.6431,993.0707378750685,2244
NM,WADM,36.366,-89.796,N4,V51A,35.803299,-84.351097,493.20611751960377,1453
NM,WADM,36.366,-89.796,Z9,W315,34.177898,-83.853104,591.6846885776231,179
NM,WADM,36.366,-89.796,XR,FG01,36.6308,-98.7392,799.6566778151617,130
NM,WADM,36.366,-89.796,KY,LLKY,36.92159,-88.096558,163.72158612477327,3756
NM,WADM,36.366,-89.796,XO,SOKY,37.5256,-85.961899,364.27295639022066,687
NM,WADM,36.366,-89.796,N4,R50A,38.2816,-84.3274,528.2764563242955,3870
NM,WADM,36.366,-89.796,N4,R40B,38.2909,-92.2684,305.920208076664,3537
NM,WADM,36.366,-89.796,N4,R32B,38.4225,-98.7111,819.7080547480782,3881
NM,WADM,36.366,-89.796,6E,SB04,38.573502,-87.751999,304.597969900807,201
NM,WADM,36.366,-89.796,NM,SCMO,38.761799,-90.641296,276.61946704572324,1000
NM,WADM,36.366,-89.796,N4,N41A,40.7077,-90.8552,491.4751267494238,4022
NM,WADM,36.366,-89.796,ZT,WEST,40.416389,-86.7725,521.7204821257669,327
NM,WADM,36.366,-89.796,GS,KS24,39.78655,-98.20952,828.3684011866728,129
NM,WADM,36.366,-89.796,GS,DEC08,39.861045,-88.924888,396.0273226822231,3815
NM,WADM,36.366,-89.796,N4,P48A,39.4605,-85.4258,515.0285000028886,3812
NM,WADM,36.366,-89.796,N4,P38B,39.6248,-93.5321,488.25571419302605,3914
NM,WADM,36.366,-89.796,N4,L34B,41.9666,-96.3762,841.8648667671818,3902
NM,WADM,36.366,-89.796,N4,P51A,39.4818,-83.060097,684.6332558102882,1395
NM,WADM,36.366,-89.796,N4,K43A,42.7044,-88.332,715.8593977328502,4016
NM,WADM,36.366,-89.796,US,ECSD,43.7337,-96.6141,1003.1744870143526,4022
NM,WADM,36.366,-89.796,N4,K50A,42.7749,-82.6231,940.4518245037773,3638
NM,WADM,36.366,-89.796,US,GLMI,44.8245,-84.6175,1036.6436450825047,3741
NM,WADM,36.366,-89.796,Z9,E07,30.718,-82.0979,949.86576507727,119
NM,WADM,36.366,-89.796,N4,R53A,38.3307,-81.952202,726.6827487325169,1186
NM,WADM,36.366,-89.796,OH,CROH,41.293858,-82.152496,858.8209777911792,395
NM,WADM,36.366,-89.796,N4,257A,31.9746,-81.0261,942.4696986546405,3652
NM,WADM,36.366,-89.796,Z9,E31,32.986599,-82.107002,796.8619567517778,176
NM,WADM,36.366,-89.796,N4,Y60A,34.0046,-78.2163,1083.8557088748983,3572
NM,WADM,36.366,-89.796,PE,PBL2,41.9981,-79.528809,1082.8730193163346,2467
NM,WADM,36.366,-89.796,PE,PN1,40.52588,-79.716735,991.3148708465302,1582
XD,INZA,-5.1168,30.3988,XD,URAM,-5.0878,32.083199,186.58252969656948,188
XD,INZA,-5.1168,30.3988,XD,RUNG,-6.9372,33.518002,399.9183821005725,193
XD,INZA,-5.1168,30.3988,XD,SING,-4.6403,34.731499,482.94250695530405,193
XD,INZA,-5.1168,30.3988,XD,HALE,-5.3018,38.617001,910.2747517941798,126
XD,INZA,-5.1168,30.3988,XD,KOMO,-3.8422,36.7192,714.824979759615,187
XD,INZA,-5.1168,30.3988,XD,KIBA,-5.3223,36.5695,683.6851556105927,150
MY,KSM,1.4733,110.308296,ZB,LAIS,-3.5291,102.034698,1074.692428187319,243
MY,KSM,1.4733,110.308296,ZB,L10S,0.6458,100.867378,1053.6201296929282,102
MY,KSM,1.4733,110.308296,YC,SBF4,6.37312,117.620827,976.985186331549,606
MY,KSM,1.4733,110.308296,YC,SBE1,6.20282,115.596382,787.7667772267973,633
MY,KSM,1.4733,110.308296,YC,SBA2,4.43506,115.745598,687.7132234186129,631
MY,KSM,1.4733,110.308296,MY,KOM,1.7922,103.846703,719.0792556728719,5985
MY,KSM,1.4733,110.308296,TW,VNAS,10.3774,114.364998,1086.817610626181,555
MY,KSM,1.4733,110.308296,MY,SBM,2.4529,112.213997,238.14865378514196,6121
MY,KSM,1.4733,110.308296,YC,SBC5,5.28637,116.88076,843.6946178150446,634
XH,SAR,38.234528,28.685875,GE,SKD,35.411999,23.927999,526.9921359675616,314
XH,SAR,38.234528,28.685875,GE,APE,37.068901,25.5306,306.50872253032867,297
XH,SAR,38.234528,28.685875,GE,MLR,45.491199,25.945601,838.0657505773629,315
XB,PM35,31.046301,-3.9958,IP,MTOR,28.494801,-9.8487,632.0246410489524,200
XB,PM35,31.046301,-3.9958,XB,PM04,35.402599,-5.1525,496.1913905311712,1095
XB,PM35,31.046301,-3.9958,ZI,MB16,29.7026,-9.5269,551.1720337254569,739
XB,PM35,31.046301,-3.9958,3D,MM15,31.1991,-8.8973,466.84437414058453,862
XB,PM35,31.046301,-3.9958,XB,PM18,34.150002,-4.8195,353.63271954832203,950
XB,PM35,31.046301,-3.9958,ZI,MB19,29.741051,-7.979389,408.68328522384854,441
XB,PM35,31.046301,-3.9958,XB,PM25,32.875702,-4.888,220.14302924022624,989
XB,PM35,31.046301,-3.9958,MN,RTC,33.9881,-6.8569,423.0014425568894,1009
XB,PM35,31.046301,-3.9958,3D,MM05,30.680401,-6.3895,232.06577958347393,820
XB,PM35,31.046301,-3.9958,XB,PS16,37.2131,-5.0491,692.5217492231493,900
XB,PM35,31.046301,-3.9958,XB,PS37,38.999699,-4.9555,888.6688837032015,727
XB,PM35,31.046301,-3.9958,XB,PS57,37.011501,-2.9864,669.7776967822718,770
XB,PM35,31.046301,-3.9958,PM,PFVI,37.132832,-8.826829,809.6203069031885,1253
G,KOG,5.207,-52.732,IU,PTGA,-0.7308,-59.9666,1039.9562312679977,881
7B,SB06,-35.036659,140.146194,7B,SB09,-32.2892,146.857498,691.9690294900462,116
GH,MRON,6.4647,-1.4371,GT,DBIC,6.67015,-4.85653,378.41800693368003,523
GH,MRON,6.4647,-1.4371,GH,KLEF,6.6142,0.4407,208.1084160768354,526
GH,MRON,6.4647,-1.4371,GH,WEIJ,5.5885,-0.3333,156.17451500039442,509
KG,TJN,36.38052,127.36174,CB,NJ2,32.051701,118.854401,917.9058908954655,2133
KG,TJN,36.38052,127.36174,IC,SSE,31.09455,121.18863,818.9477714389434,4368
KG,TJN,36.38052,127.36174,CB,DL2,38.905998,121.627998,577.5212913438821,2150
KG,TJN,36.38052,127.36174,CB,SNY,41.827801,123.578003,687.9140466934558,2156
KG,TJN,36.38052,127.36174,KS,SH2B,38.2686,128.2524,224.2272184573233,1104
KG,TJN,36.38052,127.36174,JP,JSU,31.509331,130.452667,612.0127889233585,4270
KG,TJN,36.38052,127.36174,JP,JWT,35.285671,135.398666,734.4467282072111,4271
KG,TJN,36.38052,127.36174,JP,JTU,34.5275,129.396332,276.42123373607086,4269
KG,TJN,36.38052,127.36174,JP,JHS,35.001831,133.113663,541.5019998568348,4270
KG,TJN,36.38052,127.36174,JP,JMN,33.731499,133.876328,661.8977017971284,4270
KG,TJN,36.38052,127.36174,JP,JNU,33.125,130.876694,483.82456806004353,4736
KG,TJN,36.38052,127.36174,1U,SHRD,41.945759,128.791214,630.9514606437313,711
KG,TJN,36.38052,127.36174,JP,JSD,38.040001,138.257172,981.7518569616822,4271
IM,I07H8,-19.943291,134.322906,S1,AUDHS,-12.44,130.833,913.6377864783349,1209
IM,I07H8,-19.943291,134.322906,S1,AUALC,-23.6899,133.8835,419.06535868163,1038
IM,I07H8,-19.943291,134.322906,S1,AUKAT,-14.4624,132.2829,646.7884617825653,731
YS,PL68,14.6596,-157.8591,YS,PL38,19.9863,-162.025604,739.0838303053572,387
YS,PL68,14.6596,-157.8591,YS,PL71,17.746901,-161.367599,508.08695542485964,387
YS,PL68,14.6596,-157.8591,YS,PL37,19.8234,-160.047501,619.4008555549049,387
YS,PL68,14.6596,-157.8591,YS,PL46,24.312099,-156.9646,1077.3851816400756,374
YS,PL68,14.6596,-157.8591,YS,PL41,24.573799,-158.933105,1108.1150880896257,370
YS,PL68,14.6596,-157.8591,YS,PL69,16.3484,-157.700806,188.55059539311702,387
YS,PL68,14.6596,-157.8591,YS,PL40,23.9972,-161.095001,1092.2401309346205,370
YS,PL68,14.6596,-157.8591,YS,NGOK,22.122999,-159.664993,851.4478306500371,387
YS,PL68,14.6596,-157.8591,YS,PL67,16.162001,-156.206604,243.48739408054365,386
YS,PL68,14.6596,-157.8591,YS,PL70,15.574,-158.982498,157.73589598053405,377
YS,PL68,14.6596,-157.8591,YS,PL39,21.956301,-161.314896,889.4653874398185,369
YS,PL68,14.6596,-157.8591,YS,MRKH,21.108999,-157.270004,719.8420952394039,122
YS,PL68,14.6596,-157.8591,YS,PL45,24.2006,-154.811996,1107.8379459315086,308
YS,PL68,14.6596,-157.8591,YS,PL50,22.319901,-152.742706,1007.9971125552645,376
YS,PL68,14.6596,-157.8591,YS,PL57,18.9142,-150.914993,877.4527435123063,387
YS,PL68,14.6596,-157.8591,YS,PL61,16.737801,-151.637604,704.8806370565455,381
YS,PL68,14.6596,-157.8591,YS,PL63,14.7313,-153.967499,418.6421912919645,385
YS,PL68,14.6596,-157.8591,YS,PL62,14.6891,-151.6866,663.9511728976281,385
GB,CCA1,50.18667,-5.22767,CA,CPAL,42.310533,3.16244,1086.295579003964,3089
GB,CCA1,50.18667,-5.22767,WM,UCM,40.307499,-3.2441,1109.3268965570526,2559
GB,CCA1,50.18667,-5.22767,CA,CARA,42.707643,0.818132,951.1820911493988,2842
GB,CCA1,50.18667,-5.22767,MN,BNI,45.052,6.678,1057.4726042313198,3949
GB,CCA1,50.18667,-5.22767,CH,SLE,47.7645,8.49236,1035.2869330980757,4738
GB,CCA1,50.18667,-5.22767,G,CLF,48.02579,2.26,595.3239967794195,3091
GB,CCA1,50.18667,-5.22767,GB,JSA,49.18783,-2.17167,246.28110432448256,4837
GB,CCA1,50.18667,-5.22767,GB,HMNX,50.86733,0.33633,400.42315710428153,4930
GB,CCA1,50.18667,-5.22767,EI,IMAY,54.160708,-9.379619,524.6138134306958,1123
GB,CCA1,50.18667,-5.22767,NL,HGN,50.764,5.9317,791.5464800041444,5005
GB,CCA1,50.18667,-5.22767,GB,GDLE,54.42183,-0.81567,558.1115562537515,2833
GB,CCA1,50.18667,-5.22767,GB,DRUM,56.91267,-2.4865,769.348396711182,4981
GB,CCA1,50.18667,-5.22767,GB,LAWE,56.26,-5.399,675.4201535171632,2863
GB,CCA1,50.18667,-5.22767,GB,WACR,52.72433,0.62833,493.97898523230185,3291
GB,CCA1,50.18667,-5.22767,GB,GAL1,54.86633,-4.71133,521.5222945588555,4854
GB,CCA1,50.18667,-5.22767,EI,IDGL,55.073,-7.51,564.668873513994,4053
GB,CCA1,50.18667,-5.22767,EI,IMAC,51.845801,-9.070097,325.94225686158035,1123
GB,CCA1,50.18667,-5.22767,UK,STED,50.737,-1.9645,238.93230608900612,1248
GB,CCA1,50.18667,-5.22767,WF,SPG,52.32553,-3.01928,283.1333866891938,583
GB,CCA1,50.18667,-5.22767,EI,DSB,53.24519,-6.37619,349.1627860585991,3311
IU,DAV,7.0697,125.5791,PS,TGY,14.1,120.940002,931.592795749965,196
AI,ORCD,-60.738098,-44.736099,AI,ESPZ,-63.398102,-56.996399,702.2948705687497,6959
AF,BLWY,-20.143,28.611,8A,GAMM,-20.2505,20.8253,812.51309706517,516
AF,BLWY,-20.143,28.611,AF,MONG,-15.15,23.09,806.3411120641593,153
AF,BLWY,-20.143,28.611,XK,B07DX,-20.549,22.749399,612.7479104112581,129
AF,BLWY,-20.143,28.611,AF,RUDU,-17.909599,19.764799,962.3339592840581,130
AF,BLWY,-20.143,28.611,XK,B04KH,-20.474199,24.513901,428.8296261202191,129
AF,BLWY,-20.143,28.611,XK,B17CI,-19.2938,22.909401,604.2026836851176,96
AF,BLWY,-20.143,28.611,8A,NEPA,-17.7703,18.4597,1099.4295774855634,419
AF,BLWY,-20.143,28.611,8A,WAND,-24.649982,19.743595,1039.8786922306601,92
AF,BLWY,-20.143,28.611,8A,KANO,-19.194901,19.4398,965.9293671376536,516
AF,BLWY,-20.143,28.611,BX,LKGWB,-24.11351,21.782303,830.2403576783881,139
AF,BLWY,-20.143,28.611,AF,TEZI,-15.747,26.016001,560.5771601456005,814
AF,BLWY,-20.143,28.611,BX,PHPEN,-25.475531,22.857294,836.0450368025434,97
AF,BLWY,-20.143,28.611,BX,KGCAE,-22.853821,22.206787,727.7925640131418,94
AF,BLWY,-20.143,28.611,NR,NE215,-18.78417,25.196014,388.59019959597356,148
AF,BLWY,-20.143,28.611,8A,OKAM,-20.407301,18.2187,1084.1906605581485,437
AF,BLWY,-20.143,28.611,ZT,NHAM,-24.91566,27.31703,547.0704116193857,219
AF,BLWY,-20.143,28.611,ZQ,AAM2,-26.473,27.490999,713.0824789147516,400
AF,BLWY,-20.143,28.611,AF,SNKL,-28.27528,27.7714,908.2588375785859,530
AF,BLWY,-20.143,28.611,AF,KTWE,-12.814,28.209,816.0733092825313,370
AF,BLWY,-20.143,28.611,ZT,CRAIL,-22.80259,28.24304,298.1737044936607,245
AF,BLWY,-20.143,28.611,ZT,WTBG,-24.2119,28.88291,453.30659052627846,247
AF,BLWY,-20.143,28.611,ZT,DULL,-25.36478,30.17588,602.3785608310493,188
AF,BLWY,-20.143,28.611,XK,Z04NN,-13.075,30.6276,814.7269077375681,129
AF,BLWY,-20.143,28.611,AF,HARE,-17.704,31.009001,370.3515048171862,207
AF,BLWY,-20.143,28.611,AF,MOPA,-23.517,31.398,472.73161207154646,1152
AF,BLWY,-20.143,28.611,XK,Z09CG,-13.3058,32.221001,851.7996817761104,129
AF,BLWY,-20.143,28.611,6H,MASS,-21.588499,32.921299,475.7925104741233,90
AF,BLWY,-20.143,28.611,XK,W02NB,-13.724,33.559898,886.6808029170413,129
AF,BLWY,-20.143,28.611,XV,TETE,-16.129999,33.57,688.1498964441101,187
AF,BLWY,-20.143,28.611,XK,W10LW,-12.6208,34.165199,1024.7188519276838,129
AF,BLWY,-20.143,28.611,6H,FUNH,-23.0973,34.378201,680.5691331287895,122
AF,BLWY,-20.143,28.611,XK,W15SS,-15.6818,34.974701,836.1124134414905,129
AF,BLWY,-20.143,28.611,XV,SENA,-17.445,35.032001,739.3929307681508,211
AF,BLWY,-20.143,28.611,AF,LBB,-11.631,27.485001,954.1051384105535,621
XF,NE4,76.657433,-34.27758,XF,NE1,74.87175,-38.55117,230.2658122515866,562
XF,NE4,76.657433,-34.27758,XF,NE6,79.326187,-38.454979,311.9036351102958,563
XF,NE4,76.657433,-34.27758,XF,NE2,73.990723,-46.23497,447.3264224167393,562
XF,NE4,76.657433,-34.27758,XF,NE5,74.117332,-31.150419,295.6571318424969,564
XF,NE4,76.657433,-34.27758,XF,NE3,76.394577,-43.458302,239.40161945664363,561
XF,NE4,76.657433,-34.27758,YM,KASE,71.4776,-51.349701,771.0270838203782,468
XF,NE4,76.657433,-34.27758,DK,SOEG,68.203499,-31.3755,944.7863111409387,565
XF,NE4,76.657433,-34.27758,DK,NEEM,77.444702,-51.073799,425.9889827387714,540
XF,NE4,76.657433,-34.27758,KP,UPNV,72.782898,-56.1395,764.87255616762,527
XF,NE4,76.657433,-34.27758,DK,SCO,70.485536,-21.949715,784.6061446508987,531
XF,NE4,76.657433,-34.27758,DK,DBG,74.307055,-20.219193,469.2159316689268,565
XF,NE4,76.657433,-34.27758,GE,SUMG,72.5742,-38.4626,470.23462432286397,511
XF,NE4,76.657433,-34.27758,DK,KULLO,74.580498,-57.2201,669.1506466392739,262
XF,NE4,76.657433,-34.27758,DK,NOR,81.604718,-16.66103,656.5746167552852,565
XF,NE4,76.657433,-34.27758,GE,DAG,76.771301,-18.655001,398.2348500639638,549
GE,TRTE,58.378601,26.720501,GE,RUE,52.475899,13.78,1044.6369617574508,1094
GE,TRTE,58.378601,26.720501,YV,NSS,64.530701,11.9673,1036.0051921080224,427
GE,TRTE,58.378601,26.720501,GE,RGN,54.547699,13.3214,924.6042652089353,2286
GE,TRTE,58.378601,26.720501,GE,PUL,59.766998,30.316999,257.00005393970287,1406
GE,TRTE,58.378601,26.720501,GE,MHV,54.959499,37.766399,773.2814713282651,2109
CU,ANWB,17.6684,-61.78562,CU,GRTK,21.511472,-71.13425,1068.1771052552524,5800
CU,ANWB,17.6684,-61.78562,ZC,HMDR,18.7879,-69.381,811.7146711937711,1983
CU,ANWB,17.6684,-61.78562,LO,LOBA2,18.0814,-71.0936,986.005920729008,644
CU,ANWB,17.6684,-61.78562,PR,IMPR,18.076971,-67.931123,651.9255176349751,599
CU,ANWB,17.6684,-61.78562,ZZ,XSJN,18.9669,-66.213501,489.17953207211144,384
CU,ANWB,17.6684,-61.78562,PR,SNC1,17.699398,-64.793793,318.7034078481644,569
CU,ANWB,17.6684,-61.78562,TR,TOSP,11.2984,-60.535198,720.9767491573675,1648
CU,ANWB,17.6684,-61.78562,WI,SLBI,14.023,-60.974,414.5399813414621,2149
CU,ANWB,17.6684,-61.78562,CU,GRGR,12.13237,-61.65407,615.7414296933101,6082
CU,ANWB,17.6684,-61.78562,CU,BBGH,13.1434,-59.5588,556.8799971995942,6258
CU,ANWB,17.6684,-61.78562,TR,DLPL,15.3325,-61.246799,266.0164119542526,1778
GT,CPUP,-26.33064,-57.33087,ZL,NOQE,-31.1994,-66.747002,1064.937337902365,685
GT,CPUP,-26.33064,-57.33087,XM,ANB19,-27.7766,-62.9698,581.0295135811563,570
GT,CPUP,-26.33064,-57.33087,XM,ANB11,-25.951,-62.49889,517.5676638917128,517
GT,CPUP,-26.33064,-57.33087,ON,TIJ01,-25.908848,-49.024242,830.5097801838645,2214
GT,CPUP,-26.33064,-57.33087,XM,ANB09,-25.4413,-66.2624,898.7638784964681,349
GT,CPUP,-26.33064,-57.33087,XM,ANB18,-28.4534,-59.3139,306.6533565575211,560
GT,CPUP,-26.33064,-57.33087,XM,ANB20,-26.7962,-65.316,795.7327917225515,569
GT,CPUP,-26.33064,-57.33087,BL,ITAB,-27.308201,-52.341099,506.905096362709,431
GT,CPUP,-26.33064,-57.33087,ZL,CHUM,-28.8195,-66.2481,921.1563900148639,214
GT,CPUP,-26.33064,-57.33087,ZL,COLO,-29.935699,-67.109596,1038.7894759499297,462
GT,CPUP,-26.33064,-57.33087,XH,ESP03,-29.7428,-64.014297,757.5518573794188,706
GT,CPUP,-26.33064,-57.33087,XM,ANB03,-23.50208,-66.11349,939.5905653305161,570
GT,CPUP,-26.33064,-57.33087,BL,CANB,-22.96814,-50.37785,795.7596979744558,113
GT,CPUP,-26.33064,-57.33087,ON,PET01,-24.290108,-47.275345,1035.624983694716,2663
GT,CPUP,-26.33064,-57.33087,XM,ANB10,-25.0271,-64.5865,741.300263513584,576
GT,CPUP,-26.33064,-57.33087,XM,ANB17,-25.2429,-59.8069,275.8286370878707,490
GT,CPUP,-26.33064,-57.33087,XM,ANB16,-24.0911,-61.4628,484.51875909521334,493
GT,CPUP,-26.33064,-57.33087,XM,ANB07,-23.7691,-63.6877,700.7161684218631,582
GT,CPUP,-26.33064,-57.33087,BL,RCLB,-22.4191,-47.530998,1083.2067827499657,4805
GT,CPUP,-26.33064,-57.33087,XP,PLTP,-22.0413,-66.786499,1070.6850869170767,309
GT,CPUP,-26.33064,-57.33087,BL,IBIB,-21.777201,-48.8139,1001.6939074643315,93
GT,CPUP,-26.33064,-57.33087,BL,AQDA,-20.48,-55.700001,671.4835672342718,842
GT,CPUP,-26.33064,-57.33087,BL,CMPA,-19.57917,-54.168831,817.450926098876,606
GT,CPUP,-26.33064,-57.33087,XE,ROSL,-19.485266,-64.18029,1034.6842777107952,143
GT,CPUP,-26.33064,-57.33087,BL,CDSB,-18.765471,-52.83926,959.1219584104305,496
BL,IGCB,-1.1272,-47.608501,BL,SNVB,0.9051,-51.877102,525.6743001279549,303
BL,IGCB,-1.1272,-47.608501,BL,CRJB,-6.1702,-50.154598,627.8730520861501,350
BL,IGCB,-1.1272,-47.608501,BL,TRSB,-4.873,-42.705898,685.3807621880237,386
RU,ERBR,45.7146,40.4835,GE,TIRR,44.458099,28.4128,956.9465471043768,989
RU,ERBR,45.7146,40.4835,GF,TEPE,41.056,28.5147,1095.596935945229,667
RU,ERBR,45.7146,40.4835,RU,VSLR,43.4612,40.0324,253.099357802951,566
RU,ERBR,45.7146,40.4835,KO,KARS,40.6152,43.0937,605.1660184946998,760
RU,ERBR,45.7146,40.4835,RU,ANN,44.881,37.314,264.6476725372739,392
RU,ERBR,45.7146,40.4835,MP,DHK1,36.8606,42.8665,1004.3212051520513,248
RU,ERBR,45.7146,40.4835,RU,R27,44.37622,44.36501,339.2738163690776,585
RU,ERBR,45.7146,40.4835,XA,GP03,42.6352,44.6162,475.13323937722697,317
CZ,MORC,49.7768,17.5425,AC,VLO,40.468601,19.495501,1046.206678777927,280
CZ,MORC,49.7768,17.5425,MN,DIVS,44.0981,19.9917,658.1570079247427,994
CZ,MORC,49.7768,17.5425,CH,FUORN,46.620334,10.263551,643.1774256806752,989
CZ,MORC,49.7768,17.5425,CH,SLE,47.7645,8.49236,699.4464352606312,989
CZ,MORC,49.7768,17.5425,DK,MUD,56.455,9.1733,927.8037904819562,913
CZ,MORC,49.7768,17.5425,CZ,PRIC,49.6693,12.6782,349.81658505823043,1013
CZ,MORC,49.7768,17.5425,PL,BEL,51.837002,20.792,323.3848902361671,713
CZ,MORC,49.7768,17.5425,NL,HGN,50.764,5.9317,831.5891650015665,1018
CZ,MORC,49.7768,17.5425,PL,NIE,49.4189,20.313101,203.5942446267773,1007
CZ,MORC,49.7768,17.5425,CZ,TREC,49.2948,15.4871,157.70291034648238,1017
CZ,MORC,49.7768,17.5425,CZ,BEDC,50.78933,15.16976,202.71301047290336,882
CZ,MORC,49.7768,17.5425,PL,KWP,49.631401,22.7075,371.7127060589367,948
CZ,MORC,49.7768,17.5425,GE,TIRR,44.458099,28.4128,1011.4667530824751,1010
II,UOSS,24.9453,56.2042,II,RAYN,23.5225,45.5032,1096.2069655865232,1650
II,UOSS,24.9453,56.2042,XW,TAMU,17.294781,49.928551,1070.7265066240348,174
II,UOSS,24.9453,56.2042,KW,MIB,29.8032,47.338799,1028.088132420666,477
II,UOSS,24.9453,56.2042,XW,SIMA,17.55549,52.316299,914.9958414537808,174
II,UOSS,24.9453,56.2042,XW,SUYR,19.560699,57.690399,617.9470077481044,355
II,UOSS,24.9453,56.2042,XW,SAWQ,18.1618,56.4314,754.6570875023382,357
IN,PBA,11.655733,92.743919,TM,PRAC,12.472649,99.792871,771.8330379638496,3717
IN,PBA,11.655733,92.743919,TM,PHRA,18.4989,100.229,1106.2860835165682,2083
IN,PBA,11.655733,92.743919,MM,YGN,16.864799,96.153397,685.8527515772377,2482
IN,PBA,11.655733,92.743919,TM,SRDT,14.3948,99.1213,754.9562250971827,3236
IN,PBA,11.655733,92.743919,TM,NAYO,14.3152,101.3209,975.1105252904898,2650
IN,PBA,11.655733,92.743919,TM,CHBT,12.7441,102.3526,1051.225392248337,1817
IN,PBA,11.655733,92.743919,TM,SKLT,7.175815,100.615686,996.6710285510997,2389
IN,PBA,11.655733,92.743919,MM,NGU,21.205721,94.916618,1086.8286799353743,2445
YT,WNDY,-82.3695,-119.4135,YT,SURP,-84.7199,-171.2017,668.6339721507599,323
YT,WNDY,-82.3695,-119.4135,YT,MPAT,-78.0297,-155.0221,807.2618879105022,323
YT,WNDY,-82.3695,-119.4135,YT,SIPL,-81.6405,-148.9553,458.6893447724311,300
YT,WNDY,-82.3695,-119.4135,YT,FALL,-85.3066,-143.6284,429.31656046263305,301
YT,WNDY,-82.3695,-119.4135,YT,CLRK,-77.3231,-141.8485,703.002017074911,323
YT,WNDY,-82.3695,-119.4135,YT,ST14,-77.8378,-134.0802,572.7185420870942,323
YT,WNDY,-82.3695,-119.4135,YT,ST01,-83.228,-98.7418,301.6024224638175,316
YT,WNDY,-82.3695,-119.4135,YT,SILY,-77.1332,-125.966,595.5824519426895,323
YT,WNDY,-82.3695,-119.4135,YT,WAIS,-79.4181,-111.7779,353.9256928911596,323
YT,WNDY,-82.3695,-119.4135,YT,HOWD,-77.5286,-86.7694,811.2800748665323,323
YT,WNDY,-82.3695,-119.4135,YT,WILS,-80.0396,-80.5587,692.9068443059138,323
YT,WNDY,-82.3695,-119.4135,YT,KOLR,-76.1544,-120.727,691.5797301152465,323
YT,WNDY,-82.3695,-119.4135,YT,ST10,-75.8143,-129.7489,757.8018872120216,323
YT,WNDY,-82.3695,-119.4135,YT,ST04,-80.7152,-116.5792,189.64547211294882,320
YT,WNDY,-82.3695,-119.4135,YT,ST07,-78.6388,-123.7953,422.25545372814827,323
YT,WNDY,-82.3695,-119.4135,YT,ST02,-82.069,-109.1247,158.22209248763133,323
YT,WNDY,-82.3695,-119.4135,YT,PECA,-85.6124,-68.5525,659.1741583541142,303
YT,WNDY,-82.3695,-119.4135,YT,DUFK,-82.8619,-53.2006,896.3943226374371,323
YT,WNDY,-82.3695,-119.4135,YT,MILR,-83.3063,156.2517,1070.499529865484,323
EC,MCRA,-4.3697,-79.954399,EC,SALI,-2.1863,-80.991203,268.68174544208694,327
EC,MCRA,-4.3697,-79.954399,EC,PUYO,-1.493,-78.024902,384.9958120610134,539
EC,MCRA,-4.3697,-79.954399,CM,TUM,1.823667,-78.726667,702.05325450855,550
EC,MCRA,-4.3697,-79.954399,EC,BOSC,-3.1512,-78.495102,211.12571208060982,343
EC,MCRA,-4.3697,-79.954399,EC,TULM,0.7161,-77.786903,614.6537189498295,559
N4,K50A,42.7749,-82.6231,N4,X48A,34.4517,-87.0452,1001.6901926987669,4120
N4,K50A,42.7749,-82.6231,N4,V51A,35.803299,-84.351097,789.2905720595031,1323
N4,K50A,42.7749,-82.6231,KY,LLKY,36.92159,-88.096558,800.8119499580815,3963
N4,K50A,42.7749,-82.6231,XO,SOKY,37.5256,-85.961899,648.8779454661046,450
N4,K50A,42.7749,-82.6231,N4,R50A,38.2816,-84.3274,519.9489928387364,4125
N4,K50A,42.7749,-82.6231,N4,R40B,38.2909,-92.2684,954.6263831343745,3750
N4,K50A,42.7749,-82.6231,6E,SB04,38.573502,-87.751999,636.4105949028614,201
N4,K50A,42.7749,-82.6231,NM,SCMO,38.761799,-90.641296,808.8048483357643,821
N4,K50A,42.7749,-82.6231,N4,N41A,40.7077,-90.8552,720.2863385737974,4125
N4,K50A,42.7749,-82.6231,ZT,WEST,40.416389,-86.7725,433.31162577307856,327
N4,K50A,42.7749,-82.6231,GS,DEC08,39.861045,-88.924888,617.7683818755124,3940
N4,K50A,42.7749,-82.6231,N4,P48A,39.4605,-85.4258,436.9127367819614,4075
N4,K50A,42.7749,-82.6231,N4,P38B,39.6248,-93.5321,976.6942516099064,4124
N4,K50A,42.7749,-82.6231,N4,P51A,39.4818,-83.060097,367.9995666280308,1395
N4,K50A,42.7749,-82.6231,N4,K43A,42.7044,-88.332,466.2038667158013,4125
N4,K50A,42.7749,-82.6231,4A,MN50,47.99548,-90.242653,830.5509159948621,600
N4,K50A,42.7749,-82.6231,US,GLMI,44.8245,-84.6175,278.4776111792195,3664
N4,K50A,42.7749,-82.6231,N4,R53A,38.3307,-81.952202,497.4080962343439,1186
N4,K50A,42.7749,-82.6231,OH,CROH,41.293858,-82.152496,169.20802250876162,577
N4,K50A,42.7749,-82.6231,WU,TOBO,45.225804,-81.523445,286.36290848062424,4041
N4,K50A,42.7749,-82.6231,7A,BDEG,37.331501,-77.208298,760.3976951781539,677
N4,K50A,42.7749,-82.6231,PE,PAKC,41.37471,-77.932533,417.20296335613733,3430
N4,K50A,42.7749,-82.6231,N4,Y60A,34.0046,-78.2163,1047.7104169154297,3912
N4,K50A,42.7749,-82.6231,PE,PBL2,41.9981,-79.528809,268.3930767482643,2806
N4,K50A,42.7749,-82.6231,YU,B01A,42.554493,-76.505821,500.67130810930365,1935
N4,K50A,42.7749,-82.6231,XY,PACW,39.9962,-77.9247,498.972195640515,426
N4,K50A,42.7749,-82.6231,PE,PSSK,40.642586,-76.164978,585.9779835530812,3446
N4,K50A,42.7749,-82.6231,PE,PN1,40.52588,-79.716735,347.59410407684646,1922
N4,K50A,42.7749,-82.6231,YM,MHCG,44.2571,-75.7522,577.8348756106866,986
N4,K50A,42.7749,-82.6231,ZN,DC34,38.8634,-76.985199,643.3459201103108,145
N4,K50A,42.7749,-82.6231,N4,R61A,38.3303,-75.339,788.7713612974472,3924
N4,K50A,42.7749,-82.6231,X8,QM76,50.764801,-74.817596,1067.6662720775757,310
N4,K50A,42.7749,-82.6231,YO,X01,36.225201,-74.5793,1002.4196879550394,251
N4,K50A,42.7749,-82.6231,LD,FRNY,44.835,-73.5883,759.8815561795845,2031
N4,K50A,42.7749,-82.6231,PO,LATQ,47.3835,-72.7819,926.1004845529154,1441
N4,K50A,42.7749,-82.6231,X8,QM58,49.048401,-72.740601,1033.433330694712,161
N4,K50A,42.7749,-82.6231,7O,ABNH,43.4819,-71.2471,925.8065792602207,1042
N4,K50A,42.7749,-82.6231,X8,QM38,47.675201,-70.853104,1069.1145026702434,375
3E,MEL15,-34.017221,-70.126983,C1,LL02,-43.19055,-71.84838,1030.8707001996145,222
3E,MEL15,-34.017221,-70.126983,GT,PLCA,-40.73277,-70.55083,747.6717018384194,285
3E,MEL15,-34.017221,-70.126983,C1,LR04,-39.88019,-73.425822,714.6623373885518,286
3E,MEL15,-34.017221,-70.126983,C1,AC02,-26.835517,-69.129067,804.2666096078398,114
3E,MEL15,-34.017221,-70.126983,C1,CO05,-29.91864,-71.23841,467.6350805437783,286
3E,MEL15,-34.017221,-70.126983,C1,AF02,-25.418768,-70.45536,956.6294650697265,187
RM,DLV,11.952,108.481499,TM,PRAC,12.472649,99.792871,945.9983842708866,3215
RM,DLV,11.952,108.481499,YC,SBE1,6.20282,115.596382,1009.1737300844054,523
RM,DLV,11.952,108.481499,TM,UBPT,15.2773,105.4695,492.5847144873524,2167
RM,DLV,11.952,108.481499,TW,VNAS,10.3774,114.364998,665.2557205134586,719
RM,DLV,11.952,108.481499,TM,NONG,18.063498,103.1458,888.7203194616376,2542
RM,DLV,11.952,108.481499,TM,LOEI,17.5093,101.6244,961.8099905501043,3080
RM,DLV,11.952,108.481499,TM,PANO,17.147614,104.6122,712.074937730481,1328
RM,DLV,11.952,108.481499,TM,SRDT,14.3948,99.1213,1049.0468744542757,3213
RM,DLV,11.952,108.481499,TM,NAYO,14.3152,101.3209,818.6277384142519,2294
RM,DLV,11.952,108.481499,TM,CHBT,12.7441,102.3526,671.5185836165763,1878
RM,DLV,11.952,108.481499,TM,SKLT,7.175815,100.615686,1012.6360060074308,2194
RM,DLV,11.952,108.481499,IC,QIZ,19.02928,109.84398,800.3661268102178,4238
MH,P0011,-14.000417,-159.5934,3J,OBS28,-13.46713,-168.51582,965.527138980529,186
MH,P0011,-14.000417,-159.5934,3J,OBS26,-15.36052,-169.11661,1035.364610344971,184
MH,P0011,-14.000417,-159.5934,MH,P0010,-14.043483,-165.862533,676.3224440974975,396
MH,P0011,-14.000417,-159.5934,MH,P0009,-12.099433,-168.399733,976.9738046683294,239
MH,P0011,-14.000417,-159.5934,MH,P0012,-15.005483,-154.98335,508.6925688859383,97
NN,SLVR,37.7414,-117.6143,PB,B934,39.844501,-123.691399,576.0998159146274,603
NN,SLVR,37.7414,-117.6143,UO,RSBO,44.043361,-122.267036,802.1619170791994,601
NN,SLVR,37.7414,-117.6143,UO,TOMA,42.44142,-122.10751,647.252609080683,308
NN,SLVR,37.7414,-117.6143,NN,RUB,39.051701,-120.1549,265.0272283739151,542
NN,SLVR,37.7414,-117.6143,RE,BRBY3,34.582365,-119.980601,410.4694812603419,585
NN,SLVR,37.7414,-117.6143,AP,PVFF,33.39,-112.86,647.1342693761553,179
NN,SLVR,37.7414,-117.6143,US,MVCO,37.19956,-108.49251,806.9438705389199,594
NN,SLVR,37.7414,-117.6143,JW,BRR,32.772406,-107.564169,1065.8318879944252,603
NN,SLVR,37.7414,-117.6143,NN,DIX,39.8021,-118.083,232.71337335769664,603
NN,SLVR,37.7414,-117.6143,WY,YHR,44.106,-110.0816,948.5770724886465,424
NN,SLVR,37.7414,-117.6143,IE,BCYI,44.310799,-113.405197,811.0535912223226,603
NN,SLVR,37.7414,-117.6143,CC,YOCR,45.379178,-121.743539,915.8099818246401,600
NN,SLVR,37.7414,-117.6143,MB,HRY,46.711285,-111.831786,1104.4560934667536,602
N4,R32B,38.4225,-98.7111,US,MVCO,37.19956,-108.49251,869.5398619872237,4413
N4,R32B,38.4225,-98.7111,JW,BRR,32.772406,-107.564169,1016.7070362218668,861
N4,R32B,38.4225,-98.7111,7P,PC53,31.4616,-103.6937,897.0510908673716,276
N4,R32B,38.4225,-98.7111,IM,TX02,29.329901,-103.657997,1108.9290219837003,4391
N4,R32B,38.4225,-98.7111,US,AMTX,34.8837,-101.6808,474.2973292538063,4307
N4,R32B,38.4225,-98.7111,4O,GV01,32.4065,-101.6023,718.315394628502,152
N4,R32B,38.4225,-98.7111,N4,237B,32.001499,-95.808403,761.0043955588983,1830
N4,R32B,38.4225,-98.7111,Z7,LA01,31.9874,-93.8349,841.2735182824512,906
N4,R32B,38.4225,-98.7111,N4,Z38B,33.2599,-94.9852,664.9257417990239,4435
N4,R32B,38.4225,-98.7111,ZZ,FWU17,36.2869,-101.0,311.93961740314955,387
N4,R32B,38.4225,-98.7111,TX,DKNS,33.66653,-100.92365,564.9629522079626,3140
N4,R32B,38.4225,-98.7111,O2,SC12,34.921667,-99.3547,393.48108248409875,2605
N4,R32B,38.4225,-98.7111,ZW,AZCF,33.184074,-97.446251,593.531206258898,249
N4,R32B,38.4225,-98.7111,TX,BRDY,31.285872,-98.999447,793.9925983521454,3308
N4,R32B,38.4225,-98.7111,N4,ABTX,32.6238,-99.6431,650.2683435525698,2745
N4,R32B,38.4225,-98.7111,XR,FG01,36.6308,-98.7392,199.2436320117162,130
N4,R32B,38.4225,-98.7111,KY,LLKY,36.92159,-88.096558,948.4459233117695,4241
N4,R32B,38.4225,-98.7111,OK,HEWI,37.048825,-96.408082,253.65146388477237,459
N4,R32B,38.4225,-98.7111,N4,R40B,38.2909,-92.2684,561.8475970824132,4044
N4,R32B,38.4225,-98.7111,6E,SB04,38.573502,-87.751999,953.2938665752577,201
N4,R32B,38.4225,-98.7111,NM,SCMO,38.761799,-90.641296,702.1381837770407,912
N4,R32B,38.4225,-98.7111,N4,N41A,40.7077,-90.8552,719.4297989438137,4435
N4,R32B,38.4225,-98.7111,ZT,WEST,40.416389,-86.7725,1048.3344754268048,327
N4,R32B,38.4225,-98.7111,GS,KS24,39.78655,-98.20952,157.72881194445426,129
N4,R32B,38.4225,-98.7111,GS,DEC08,39.861045,-88.924888,858.533969840232,4209
N4,R32B,38.4225,-98.7111,N4,P38B,39.6248,-93.5321,466.8589665745544,4422
N4,R32B,38.4225,-98.7111,N4,L34B,41.9666,-96.3762,441.12723910199344,4409
N4,R32B,38.4225,-98.7111,N4,K43A,42.7044,-88.332,996.6771211163333,4435
N4,R32B,38.4225,-98.7111,US,ECSD,43.7337,-96.6141,616.1213128032283,4435
Y6,MALY,45.793499,-63.355103,X8,QM76,50.764801,-74.817596,1010.7290521533325,539
Y6,MALY,45.793499,-63.355103,LD,FRNY,44.835,-73.5883,806.673974442945,682
Y6,MALY,45.793499,-63.355103,PO,LATQ,47.3835,-72.7819,741.2315107407629,692
Y6,MALY,45.793499,-63.355103,X8,QM58,49.048401,-72.740601,792.7069816716012,466
Y6,MALY,45.793499,-63.355103,X8,QM38,47.675201,-70.853104,608.2244750299415,680
Y6,MALY,45.793499,-63.355103,Y6,HOLY,46.525902,-66.463997,252.89458328683358,694
Y6,MALY,45.793499,-63.355103,X8,QMM5,50.8438,-68.798203,690.4927409662282,612
X5,PNGN,66.143471,-65.711548,X5,SHMN,64.576668,-84.114517,867.3801454500331,442
X5,PNGN,66.143471,-65.711548,X5,NOTN,63.293659,-78.135452,668.0897451056835,684
X5,PNGN,66.143471,-65.711548,X5,CHIN,62.636665,-74.236,564.7383204298725,662
X5,PNGN,66.143471,-65.711548,X5,MNGN,64.663498,-72.434334,351.73740209945623,946
X5,PNGN,66.143471,-65.711548,X5,KIMN,62.850731,-69.879456,416.77712744817904,361
X5,PNGN,66.143471,-65.711548,9D,KNS,64.290802,-49.683102,772.5722550390913,429
X5,PNGN,66.143471,-65.711548,X5,JENN,64.085503,-67.16217,238.6745716722058,288
X5,PNGN,66.143471,-65.711548,DK,KULLO,74.580498,-57.2201,988.0275170825637,684
3J,OBS04,-12.90699,-174.27149,3J,OBS23,-15.39963,-171.86155,379.9025056971919,613
3J,OBS04,-12.90699,-174.27149,MH,P0006,-14.433683,-179.48985,588.7913775677142,133
3J,OBS04,-12.90699,-174.27149,G,FUTU,-14.307673,-178.12107,444.22144407612205,579
3J,OBS04,-12.90699,-174.27149,3J,OBS01,-13.155,-171.40391,311.8693112535809,618
3J,OBS04,-12.90699,-174.27149,3J,OBS13,-16.1503,-174.71751,363.8206216437091,616
3J,OBS04,-12.90699,-174.27149,3J,OBS17,-14.43021,-173.2349,203.05343820937745,615
3J,OBS04,-12.90699,-174.27149,HV,ANDI,-14.247084,-170.564072,427.52140575092716,619
3J,OBS04,-12.90699,-174.27149,3J,OBS19,-16.28387,-173.17295,393.6538509352214,614
3J,OBS04,-12.90699,-174.27149,3J,OBS11,-14.79489,-175.24356,234.69369627302237,616
3J,OBS04,-12.90699,-174.27149,3J,OBS10,-16.02551,-176.12563,400.10907440642626,467
3J,OBS04,-12.90699,-174.27149,3J,OBS28,-13.46713,-168.51582,626.2142773819758,611
3J,OBS04,-12.90699,-174.27149,3J,OBS26,-15.36052,-169.11661,619.133873346315,449
3J,OBS04,-12.90699,-174.27149,MH,P0010,-14.043483,-165.862533,917.9720611034736,149
II,EFI,-51.6753,-58.0637,XB,ELEF,-61.21981,-55.13903,1076.1414063001182,351
II,EFI,-51.6753,-58.0637,XB,HAMB,-53.613998,-70.930901,893.1265847130257,353
BL,NUPA,-20.662781,-47.68594,BL,ITAB,-27.308201,-52.341099,877.0828429004237,170
BL,NUPA,-20.662781,-47.68594,BL,TRMB,-18.092199,-44.929001,406.58767744577324,103
BL,NUPA,-20.662781,-47.68594,BL,ITPB,-15.9887,-39.628201,996.4396715367342,173
ZB,PUTR,2.58091,96.048767,MY,KUM,5.2902,100.6492,592.5821998062661,97
1P,OHRS,-48.7078,-73.9807,C1,MG02,-52.7808,-69.2242,562.8747750431448,666
1P,OHRS,-48.7078,-73.9807,1P,MAMA,-52.0337,-72.3827,386.7740950097947,341
1P,OHRS,-48.7078,-73.9807,1P,CURI,-51.6131,-74.556,325.64119346461507,673
1P,OHRS,-48.7078,-73.9807,1P,GUMN,-50.3199,-75.3644,205.20449629427318,673
1P,OHRS,-48.7078,-73.9807,C1,LL02,-43.19055,-71.84838,635.1843544624802,667
1P,OHRS,-48.7078,-73.9807,1P,EIDA,-49.5393,-70.8801,243.81427766833875,673
1P,OHRS,-48.7078,-73.9807,GT,PLCA,-40.73277,-70.55083,927.0083254940835,670
1P,OHRS,-48.7078,-73.9807,1P,LVAN,-51.0252,-71.1152,329.4635847845154,673
1P,OHRS,-48.7078,-73.9807,1P,PMOR,-50.4904,-73.0428,209.4198174778476,673
1P,OHRS,-48.7078,-73.9807,C1,LR04,-39.88019,-73.425822,982.5721726335662,601
SR,MAIO,36.299999,59.494499,AS,KAAO,34.540699,69.042801,886.6499923823566,327
CD,KMI,25.123301,102.739998,XC,MAQI,34.478001,100.249001,1067.4847447418729,273
YY,NGLE,5.3316,39.573601,YY,GORE,8.1501,35.533001,545.2185503700415,645
YY,NGLE,5.3316,39.573601,YY,ABMD,11.8317,35.5825,845.4301644855999,662
YY,NGLE,5.3316,39.573601,XJ,LN25,-2.5006,35.886398,962.3953084407226,228
YY,NGLE,5.3316,39.573601,YY,MGNA,12.7864,36.404301,898.9250777272415,181
YY,NGLE,5.3316,39.573601,YY,NEKE,9.089,36.523701,536.3930970953312,651
YY,NGLE,5.3316,39.573601,YY,CHGE,10.9614,36.518398,710.5498075632329,662
YY,NGLE,5.3316,39.573601,YY,DAQU,13.1448,37.897598,888.0171691348155,134
YH,MOHO,-8.1426,39.183201,ZP,MPIK,-11.821,31.4517,940.1498326127194,222
YH,MOHO,-8.1426,39.183201,ZP,KASM,-10.2174,31.1401,912.4752152737423,162
YH,MOHO,-8.1426,39.183201,ZP,PNDA,-6.3519,31.0613,917.7119622263975,153
YH,MOHO,-8.1426,39.183201,ZP,LAEL,-8.566,32.059101,785.1590539917108,149
YH,MOHO,-8.1426,39.183201,ZP,ISOK,-10.1708,32.645699,752.2277001586269,249
YH,MOHO,-8.1426,39.183201,YH,IFAK,-8.1397,36.6828,275.2300886698251,254
YH,MOHO,-8.1426,39.183201,ZP,MGOR,-6.8279,37.669601,221.8456299005309,127
YH,MOHO,-8.1426,39.183201,YH,WALE,-9.7896,37.917,229.95654936827611,319
YH,MOHO,-8.1426,39.183201,YH,MTWA,-10.2776,40.194,262.0441466783528,254
Y5,HON,55.080002,-114.050003,Y5,PER,53.68,-116.040001,202.07890145306834,1250
Y5,HON,55.080002,-114.050003,US,HAWA,46.3925,-119.5327,1039.4267216393969,1371
Y5,HON,55.080002,-114.050003,MB,HRY,46.711285,-111.831786,943.3476606543506,1375
Y5,HON,55.080002,-114.050003,US,DGMT,48.4702,-104.1959,998.0857834174221,1313
Y5,HON,55.080002,-114.050003,Y5,RW1,58.852901,-113.175903,422.8506338748752,559
Y5,HON,55.080002,-114.050003,Y5,DOR,54.220001,-108.57,365.1816432736479,328
Y5,HON,55.080002,-114.050003,Y5,FMC,56.650002,-111.5,236.17473805823067,1088
TJ,GEZN,39.283298,67.715401,TJ,SHAA,37.562,68.122803,194.6618832805221,2020
TJ,GEZN,39.283298,67.715401,TJ,CHGR,38.656898,69.158203,142.85938814615258,2007
TJ,GEZN,39.283298,67.715401,II,AAK,42.6375,74.4942,680.1856285525051,670
TJ,GEZN,39.283298,67.715401,KR,SFK,40.017151,73.506289,502.3628964386491,704
TJ,GEZN,39.283298,67.715401,KR,TRKS,41.472454,71.167327,380.4083190892678,1143
TJ,GEZN,39.283298,67.715401,KR,BTK,40.06675,70.81572,279.25541537354775,1872
TJ,GEZN,39.283298,67.715401,KN,ULHL,42.245602,76.241699,789.5308447228884,1138
TJ,GEZN,39.283298,67.715401,KZ,OTUK,48.244301,72.337502,1062.7948692372286,1266
YF,N6002,63.53149,9.06231,YF,N6029,62.73584,17.815901,448.30141571128075,134
YF,N6002,63.53149,9.06231,YF,N6017,63.380829,13.65691,228.87499133926698,141
YF,N6002,63.53149,9.06231,GE,HLG,54.1847,7.8839,1041.4787109228375,150
YF,N6002,63.53149,9.06231,GE,RGN,54.547699,13.3214,1027.6717079888822,150
JM,CVJB,18.226,-77.535,CW,CAMR,23.061737,-81.370857,669.5546712555358,834
JM,CVJB,18.226,-77.535,CM,PRV,13.376167,-81.3635,677.1138606827722,712
JM,CVJB,18.226,-77.535,NU,SIUN,13.71616,-84.773499,921.857877512021,927
JM,CVJB,18.226,-77.535,NU,BILN,14.0488,-83.374641,777.5428122485799,885
JM,CVJB,18.226,-77.535,N4,060A,27.0361,-80.3618,1021.5726896122304,1012
JM,CVJB,18.226,-77.535,NU,ESPN,12.195,-84.300308,987.949700517424,319
JM,CVJB,18.226,-77.535,CY,CBCY,19.73797,-79.758278,287.94246403531406,985
JM,CVJB,18.226,-77.535,CW,CHIV,19.97648,-76.415131,227.4440561618802,1005
JM,CVJB,18.226,-77.535,CW,CAIB,22.497055,-79.47097,515.9973015470168,1009
JM,CVJB,18.226,-77.535,CU,GRTK,21.511472,-71.13425,762.4235551478573,994
JM,CVJB,18.226,-77.535,ZC,HMDR,18.7879,-69.381,861.9852020105216,1050
JM,CVJB,18.226,-77.535,CM,SJC,9.896667,-75.1795,960.3269208269029,1007
JM,CVJB,18.226,-77.535,LO,LOBA2,18.0814,-71.0936,680.7547657919189,157
JM,CVJB,18.226,-77.535,CM,LCBC,8.857167,-76.367667,1049.3635525138354,628
JM,CVJB,18.226,-77.535,CW,CCCC,21.193399,-77.417297,330.19006500169706,752
GE,MHV,54.959499,37.766399,GE,PUL,59.766998,30.316999,695.8169565888054,1513
XA,SA18,-28.632814,24.305628,XA,SA10,-30.972401,23.913601,262.8854136899505,121
XA,SA18,-28.632814,24.305628,XA,SA29,-26.931738,23.03492,226.7225254850229,297
XA,SA18,-28.632814,24.305628,XA,SA20,-29.0221,26.195299,189.10125070862134,285
XA,SA18,-28.632814,24.305628,XA,SA04,-32.850498,19.6206,648.2362976631052,213
XA,SA18,-28.632814,24.305628,XA,SA81,-30.925116,21.268124,388.43527185331897,406
XA,SA18,-28.632814,24.305628,XA,SA26,-27.545601,26.1803,220.07342712936753,193
XA,SA18,-28.632814,24.305628,XA,SA38,-25.933359,25.084627,309.87791300012464,524
XA,SA18,-28.632814,24.305628,XA,SA03,-33.6619,21.3354,626.4990250034882,173
XA,SA18,-28.632814,24.305628,XA,SA60,-23.851931,24.959381,535.5902194353246,310
XA,SA18,-28.632814,24.305628,XA,SA64,-22.969448,26.201714,657.6857546237259,291
XA,SA18,-28.632814,24.305628,XA,SA71,-20.925777,27.140787,903.4071625515459,258
XA,SA18,-28.632814,24.305628,XA,SA35,-27.018299,29.088301,503.3625384914159,131
XA,SA18,-28.632814,24.305628,XA,SA76,-20.636091,29.846441,1050.4460215332342,527
XA,SA18,-28.632814,24.305628,XA,SA73,-21.853668,30.277611,963.4493414906641,321
VE,PAYV,5.4205,-67.656097,VE,IMOV,12.3585,-70.902298,849.8132071116464,594
VE,PAYV,5.4205,-67.656097,VE,ELOV,7.0011,-69.4832,267.7310848511418,546
VE,PAYV,5.4205,-67.656097,VE,JACV,11.0873,-68.82987,643.2114006162227,536
VE,PAYV,5.4205,-67.656097,VE,BAUV,8.9433,-68.041496,394.0180433813942,578
VE,PAYV,5.4205,-67.656097,XT,B151,12.9915,-67.651299,841.8581169154448,290
VE,PAYV,5.4205,-67.656097,XT,PNCH,11.2493,-66.5009,660.466461093892,288
VE,PAYV,5.4205,-67.656097,XT,MHTO,13.9497,-66.490997,956.9474711867872,292
VE,PAYV,5.4205,-67.656097,VE,CAIV,7.3262,-66.321602,258.16555621021286,593
VE,PAYV,5.4205,-67.656097,XT,SOMB,12.7209,-64.931297,865.075285276425,284
VE,PAYV,5.4205,-67.656097,XT,ABPC,9.4608,-64.820702,547.2921561651993,204
VE,PAYV,5.4205,-67.656097,XT,MIPC,10.9455,-64.294403,717.0874313593725,184
VE,PAYV,5.4205,-67.656097,XT,CMPC,7.6508,-64.073097,467.07349527215854,368
VE,PAYV,5.4205,-67.656097,VE,RIOV,8.069,-61.814499,709.0504337285283,322
VE,PAYV,5.4205,-67.656097,VE,LUEV,5.8433,-61.4613,687.1113332857569,538
XJ,PZT,51.466999,156.809998,XJ,TIG,57.759483,158.685638,709.9682283213574,113
XJ,PZT,51.466999,156.809998,XJ,APA,52.925709,157.132874,163.68694585835658,177
XJ,PZT,51.466999,156.809998,XJ,PAN,59.094879,159.968002,871.19389100665,145
XJ,PZT,51.466999,156.809998,XJ,KGB,56.25845,162.711456,657.9908100208372,102
XJ,PZT,51.466999,156.809998,XJ,ZUP,54.081619,159.987518,360.77189082930704,131
XF,H1630,34.065399,84.227402,IC,LSA,29.70317,91.12757,811.8766857568002,225
XF,H1630,34.065399,84.227402,XF,H1210,30.782101,85.109398,374.3491725617099,273
XF,H1630,34.065399,84.227402,XF,H1415,32.307899,84.218903,195.42695363970887,108
ZU,NZ05,-40.6493,167.251007,NZ,URZ,-38.259249,177.110894,886.6985070291801,360
ZU,NZ05,-40.6493,167.251007,ZU,NZ01,-44.4981,165.001602,465.87126646263744,361
ZU,NZ05,-40.6493,167.251007,ZU,NZ21,-39.5005,170.000107,266.5007078791126,354
ZU,NZ05,-40.6493,167.251007,ZU,NZ22,-44.500599,173.998703,698.6477311662322,352
ZU,NZ05,-40.6493,167.251007,ZU,NZ26,-46.997898,174.498398,913.711942434565,349
ZU,NZ05,-40.6493,167.251007,ZU,NZ29,-45.247398,172.253494,653.3163229021646,347
ZU,NZ05,-40.6493,167.251007,ZU,NZ18,-41.000198,170.0,234.56508220370787,356
ZU,NZ05,-40.6493,167.251007,ZU,NZ04,-41.999298,165.502396,209.40755529850492,361
ZU,NZ05,-40.6493,167.251007,ZU,NZ12,-43.001701,169.598602,325.94509222250514,359
ZU,NZ05,-40.6493,167.251007,Y3,CROE,-42.336498,171.398407,393.02647675259294,188
ZM,GM02,-79.425102,97.581497,ZM,GM04,-82.999702,61.1124,716.9621354761674,338
ZM,GM02,-79.425102,97.581497,ZM,N190,-80.327499,69.431,553.4910047300093,340
ZM,GM02,-79.425102,97.581497,ZM,P061,-84.499603,77.223801,638.5276971720987,862
ZM,GM02,-79.425102,97.581497,ZM,P080,-82.805397,77.363998,506.2930441797459,340
ZM,GM02,-79.425102,97.581497,ZM,N173,-81.112198,77.473602,418.9901163669051,182
ZM,GM02,-79.425102,97.581497,ZM,GM06,-79.332802,44.3148,1054.0313805602825,198
ZM,GM02,-79.425102,97.581497,ZM,P124,-78.871803,77.656998,419.4801326231108,354
ZM,GM02,-79.425102,97.581497,ZM,GM01,-83.985802,104.729103,518.9620601397311,297
ZM,GM02,-79.425102,97.581497,G,CCD,-75.1065,123.305,781.4914104462529,889
ZM,GM02,-79.425102,97.581497,ZM,GM03,-80.216904,85.943901,244.5367773785001,338
ZM,GM02,-79.425102,97.581497,ZM,N156,-81.6726,86.504501,320.41681897413355,346
ZM,GM02,-79.425102,97.581497,ZM,N140,-82.008598,96.769203,287.6342188290606,889
ZM,GM02,-79.425102,97.581497,YT,MILR,-83.3063,156.2517,1010.9056676001965,861
MP,KAR2,32.5398,44.0224,3K,NIKI,35.06884,32.992168,1056.5858321894332,424
MP,KAR2,32.5398,44.0224,IM,CY301,33.30031,33.05407,1026.7972609827445,203
MP,KAR2,32.5398,44.0224,IM,CY602,34.34664,34.51679,904.1876514552719,971
MP,KAR2,32.5398,44.0224,KO,KARS,40.6152,43.0937,901.7492182186052,651
MP,KAR2,32.5398,44.0224,GO,GHRG,41.7348,42.341,1033.1820322541253,314
MP,KAR2,32.5398,44.0224,MP,DHK1,36.8606,42.8665,491.92174980624065,755
MP,KAR2,32.5398,44.0224,1F,ANIM,31.26756,34.99689,863.3718556142652,445
MP,KAR2,32.5398,44.0224,MP,SAM2,30.5295,44.5586,229.23786892987073,287
MP,KAR2,32.5398,44.0224,XA,AX08,38.8984,46.1815,733.3519964441678,314
MP,KAR2,32.5398,44.0224,MP,KUT1,32.5091,45.7974,166.44905036795424,195
MP,KAR2,32.5398,44.0224,MP,SLY1,35.5784,45.3667,359.84467833461036,123
MP,KAR2,32.5398,44.0224,MP,AMR2,31.9899,47.1902,304.0521423859655,740
MP,KAR2,32.5398,44.0224,AB,HASN,39.336076,49.217978,888.3596690648495,395
MP,KAR2,32.5398,44.0224,AB,PRLH,40.401754,50.332841,1039.8135626682708,363
MP,KAR2,32.5398,44.0224,XA,EP15,40.33766,47.79234,930.1015039949118,196
KP,UPNV,72.782898,-56.1395,XF,NE1,74.87175,-38.55117,589.3605446275837,689
KP,UPNV,72.782898,-56.1395,DK,DY2G,66.479599,-46.309399,795.2143871424075,2073
KP,UPNV,72.782898,-56.1395,XF,NE6,79.326187,-38.454979,860.3716752274661,690
KP,UPNV,72.782898,-56.1395,DK,ANGG,65.616388,-37.63704,1072.2264800664716,2754
KP,UPNV,72.782898,-56.1395,XF,NE2,73.990723,-46.23497,341.810310001694,686
KP,UPNV,72.782898,-56.1395,XF,NE5,74.117332,-31.150419,799.0182221520079,689
KP,UPNV,72.782898,-56.1395,XF,NE3,76.394577,-43.458302,547.0771446515489,686
KP,UPNV,72.782898,-56.1395,YM,KASE,71.4776,-51.349701,218.4664479265762,728
KP,UPNV,72.782898,-56.1395,DK,SOEG,68.203499,-31.3755,1040.2027488406745,2892
KP,UPNV,72.782898,-56.1395,DK,NEEM,77.444702,-51.073799,537.7103969506644,2824
KP,UPNV,72.782898,-56.1395,GE,SUMG,72.5742,-38.4626,583.5545514716722,2822
KP,UPNV,72.782898,-56.1395,DK,KULLO,74.580498,-57.2201,202.70701315519088,2316
IM,I51H3,32.34124,-64.70222,YO,X10,33.047501,-76.059898,1065.2008372372868,358
IM,I51H3,32.34124,-64.70222,YO,X01,36.225201,-74.5793,1004.2994782019836,362
IM,I51H3,32.34124,-64.70222,YO,D03,34.3559,-74.488701,935.7933413613629,364
IM,I51H3,32.34124,-64.70222,YO,X09,32.516899,-74.3536,905.7303050118745,359
IM,I51H3,32.34124,-64.70222,YO,X03,35.893299,-72.719002,836.6351278852786,360
IM,I51H3,32.34124,-64.70222,YO,X06,33.6507,-72.205704,714.585891134813,361
IM,I51H3,32.34124,-64.70222,7K,AN4,40.332022,-66.973035,911.4224014879452,239
QZ,FDRN,51.26934,51.769418,QZ,INDER,48.501565,51.694986,307.80911303142983,1379
QZ,FDRN,51.26934,51.769418,KZ,AB06,49.261101,59.969299,623.735428446422,1104
QZ,FDRN,51.26934,51.769418,QZ,ALGA,49.986897,57.210083,409.2827528456088,1387
QZ,FDRN,51.26934,51.769418,QZ,AKST,45.734274,62.857266,1021.0257252277029,1375
CM,MAP,4.003667,-81.606,EC,SALI,-2.1863,-80.991203,691.6763370734833,126
CM,MAP,4.003667,-81.606,OV,CCOL,8.4075,-82.973396,512.4721270515395,217
CM,MAP,4.003667,-81.606,TC,ICC3,5.54345,-87.05687,627.7864439071272,113
CM,MAP,4.003667,-81.606,CM,PRV,13.376167,-81.3635,1042.51589502545,268
CM,MAP,4.003667,-81.606,NU,ESPN,12.195,-84.300308,957.8295946390631,224
CM,MAP,4.003667,-81.606,CM,TUM,1.823667,-78.726667,401.23597099517616,237
CM,MAP,4.003667,-81.606,CM,RUS,5.8925,-73.083167,967.1945993072724,272
CM,MAP,4.003667,-81.606,EC,TULM,0.7161,-77.786903,560.0175976439047,198
3U,AR2,21.195819,-104.808545,MX,HPIG,26.936794,-105.664017,644.2419520995221,259
3U,AR2,21.195819,-104.808545,MX,ZAIG,22.769176,-102.567123,289.8545558762273,204
3U,AR2,21.195819,-104.808545,MX,MOIG,19.646708,-101.227303,411.00392011298703,259
3U,AR2,21.195819,-104.808545,IM,TX02,29.329901,-103.657997,911.8193623138044,260
XS,S38D,1.921838,-12.762288,XS,I04D,-2.123817,-16.17326,588.3594648541743,313
XS,S38D,1.921838,-12.762288,XS,L02A,-1.1667,-17.4085,620.3069789592998,313
XS,S38D,1.921838,-12.762288,GT,DBIC,6.67015,-4.85653,1023.115698263766,313
XS,S38D,1.921838,-12.762288,XS,L16D,0.8933,-7.8953,552.9708412691458,313
XS,S38D,1.921838,-12.762288,XS,S32D,-0.7968,-15.647,440.733759501953,313
XS,S38D,1.921838,-12.762288,XS,L37D,1.5657,-14.9718,248.74517637360702,313
XS,S38D,1.921838,-12.762288,XS,I14D,-0.3522,-7.952395,591.5216447831491,313
XS,S38D,1.921838,-12.762288,XS,S24D,-0.1383,-12.7806,229.08625648598345,313
XS,S38D,1.921838,-12.762288,XS,I12D,-0.868283,-10.77656,380.780699373389,313
XS,S38D,1.921838,-12.762288,XS,L39D,2.0557,-11.4905,142.11301059523,313
XS,S38D,1.921838,-12.762288,XS,L18D,0.5769,-9.3765,405.007228816162,313
IC,SSE,31.09455,121.18863,8B,430,32.674801,110.334099,1039.3171186850657,418
IC,SSE,31.09455,121.18863,8B,416,34.9002,111.4011,1005.4509913768616,417
IC,SSE,31.09455,121.18863,CB,NJ2,32.051701,118.854401,245.40419956732376,2973
IC,SSE,31.09455,121.18863,TW,KMNB,24.4638,118.388199,786.99826864136,9596
IC,SSE,31.09455,121.18863,YM,37,21.6698,119.495399,1061.4196782623303,248
IC,SSE,31.09455,121.18863,Z8,320,36.0107,112.366096,982.7926746669128,485
IC,SSE,31.09455,121.18863,ZQ,159,38.216702,117.391502,864.5322210435079,424
IC,SSE,31.09455,121.18863,ZX,215,40.438499,118.3479,1069.9706341511646,383
IC,SSE,31.09455,121.18863,ZQ,184,39.180099,115.048599,1057.6753405490924,424
IC,SSE,31.09455,121.18863,Z8,310,35.938099,114.070801,851.3063985531904,368
IC,SSE,31.09455,121.18863,XG,XZHOU,38.423,113.002502,1105.0414717424956,304
IC,SSE,31.09455,121.18863,CB,WHN,30.542801,114.353897,655.443721099064,2977
IC,SSE,31.09455,121.18863,YY,004,36.4473,119.562599,613.8510374060969,301
IC,SSE,31.09455,121.18863,TW,MATB,26.151501,119.945602,562.8587206381142,1914
IC,SSE,31.09455,121.18863,YM,39,21.599701,121.364098,1055.9246869272106,371
IC,SSE,31.09455,121.18863,IU,TATO,24.9735,121.4971,681.3024936758891,2067
IC,SSE,31.09455,121.18863,CB,DL2,38.905998,121.627998,869.5125175360561,2986
IC,SSE,31.09455,121.18863,XG,SQUAN,40.473,122.138702,1046.332944071994,351
IC,SSE,31.09455,121.18863,YM,12,23.405899,122.687202,867.6454944566863,371
IC,SSE,31.09455,121.18863,1A,NE00,39.990002,124.306999,1028.3833295870274,248
IC,SSE,31.09455,121.18863,JP,JMJ2,24.740801,125.327797,814.9966906369277,4410
IC,SSE,31.09455,121.18863,IU,INCN,37.4776,126.6239,867.4351516674121,1940
IC,SSE,31.09455,121.18863,KS,SH2B,38.2686,128.2524,1025.6922838256753,921
IC,SSE,31.09455,121.18863,JP,JSU,31.509331,130.452667,881.1176253403834,3885
IC,SSE,31.09455,121.18863,JP,JTU,34.5275,129.396332,856.3845719439822,3884
IC,SSE,31.09455,121.18863,JP,JNU,33.125,130.876694,939.5944541439652,6566
YI,QCB01,56.170532,-135.481313,EO,KLRS,61.03095,-138.40663,566.2605375453302,198
YI,QCB01,56.170532,-135.481313,PQ,KLONY,64.4525,-138.2164,932.9330826225437,297
YI,QCB01,56.170532,-135.481313,NY,MAYO,63.59581,-135.89209,825.9679962665228,290
YI,QCB01,56.170532,-135.481313,PQ,NBC8,56.57308,-122.40441,805.2944105636253,308
YI,QCB01,56.170532,-135.481313,NV,BACME,48.314654,-126.058199,1081.7805049958806,306
YI,QCB01,56.170532,-135.481313,PQ,NAB2,58.59503,-119.16559,1011.5440709440113,269
YI,QCB01,56.170532,-135.481313,RV,KAKWA,54.421,-118.981742,1059.821297434039,145
YO,X06,33.6507,-72.205704,N4,060A,27.0361,-80.3618,1073.2762349974744,361
YO,X06,33.6507,-72.205704,N4,R53A,38.3307,-81.952202,1018.8186344824221,115
YO,X06,33.6507,-72.205704,N4,257A,31.9746,-81.0261,844.806551350305,361
YO,X06,33.6507,-72.205704,7A,BDEG,37.331501,-77.208298,610.2655323581488,141
YO,X06,33.6507,-72.205704,XY,PACW,39.9962,-77.9247,869.595973703639,307
YO,X06,33.6507,-72.205704,YO,X10,33.047501,-76.059898,364.20325575921106,357
YO,X06,33.6507,-72.205704,YO,X01,36.225201,-74.5793,358.80847774493884,358
YO,X06,33.6507,-72.205704,YO,D03,34.3559,-74.488701,224.57690348899501,361
YO,X06,33.6507,-72.205704,YO,X09,32.516899,-74.3536,236.5070707147131,358
YO,X06,33.6507,-72.205704,YO,X03,35.893299,-72.719002,253.73373450549522,356
XL,AT13,44.992001,96.270103,XL,HV10,51.572102,100.448601,793.9918593790111,659
XL,AT13,44.992001,96.270103,XL,AT04,46.271099,95.267097,162.2047426113209,659
GE,TIRR,44.458099,28.4128,XS,N020,40.349899,21.960501,699.134381172526,292
GE,TIRR,44.458099,28.4128,HT,LKD,38.707199,20.6506,907.899004241357,195
GE,TIRR,44.458099,28.4128,HT,AGG,39.021099,22.336,786.744954884312,5357
GE,TIRR,44.458099,28.4128,AC,VLO,40.468601,19.495501,854.7555604161951,3929
GE,TIRR,44.458099,28.4128,XS,S009,37.548,22.212,927.342869172638,489
GE,TIRR,44.458099,28.4128,MN,VTS,42.618,23.235,464.7036747180031,4358
GE,TIRR,44.458099,28.4128,YD,3B13,43.635109,21.70591,543.6348886990522,597
GE,TIRR,44.458099,28.4128,MN,DIVS,44.0981,19.9917,671.3097001477355,5182
GE,TIRR,44.458099,28.4128,YD,3D08,45.97826,21.517321,565.7163219750399,649
GE,TIRR,44.458099,28.4128,YG,CBP4N,45.978298,18.12705,822.5645901383582,456
GE,TIRR,44.458099,28.4128,YD,6C04,46.661442,19.74328,717.5847000548515,726
GE,TIRR,44.458099,28.4128,YG,CBP2J,47.367298,18.03178,864.9599269803662,457
GE,TIRR,44.458099,28.4128,YG,CBP4F,47.720261,15.97801,1023.8296368076849,498
GE,TIRR,44.458099,28.4128,GE,PSZ,47.918201,19.8934,759.7097696224763,1072
GE,TIRR,44.458099,28.4128,PL,BEL,51.837002,20.792,995.2539079828299,5425
GE,TIRR,44.458099,28.4128,PL,NIE,49.4189,20.313101,825.2608257796476,5649
GE,TIRR,44.458099,28.4128,PL,KWP,49.631401,22.7075,719.1244641692058,5306
GE,TIRR,44.458099,28.4128,YD,3D14,44.176979,23.319521,406.3471491026006,648
GE,TIRR,44.458099,28.4128,YD,3H07,47.673592,23.49605,521.0812776117612,684
GE,TIRR,44.458099,28.4128,XS,N039,41.1087,23.5846,542.0003199290054,512
GE,TIRR,44.458099,28.4128,YD,3F11,45.865082,23.72257,399.551018374821,621
GE,TIRR,44.458099,28.4128,GE,SKD,35.411999,23.927999,1075.6571176321695,336
GE,TIRR,44.458099,28.4128,XS,S040,37.722,24.009001,834.6823672473868,496
GE,TIRR,44.458099,28.4128,XS,S037,38.921001,24.530001,694.7966788404685,453
GE,TIRR,44.458099,28.4128,GE,APE,37.068901,25.5306,856.5919333332571,1079
GE,TIRR,44.458099,28.4128,HL,RDO,41.145031,25.53553,436.7607963529882,5717
GE,TIRR,44.458099,28.4128,GE,ZKR,35.1147,26.216999,1055.6307223330582,1017
GE,TIRR,44.458099,28.4128,KO,DKL,39.0713,26.9053,611.8633864221155,4436
GE,TIRR,44.458099,28.4128,HL,ARG,36.213558,28.12122,917.0836483305358,5536
GE,TIRR,44.458099,28.4128,GF,TEPE,41.056,28.5147,378.3880455905558,2282
GE,TIRR,44.458099,28.4128,KO,ELL,36.7483,29.9085,866.4964431911812,4850
GE,TIRR,44.458099,28.4128,YH,KO07,41.045898,30.1702,405.6194690308745,395
GE,TIRR,44.458099,28.4128,YB,AT19,39.735199,33.5811,676.1855082195834,710
GE,TIRR,44.458099,28.4128,YL,BEKI,41.314999,34.263,590.7888030495483,671
GE,TIRR,44.458099,28.4128,YB,AT49,38.513699,32.252998,734.1018916036559,721
GE,TIRR,44.458099,28.4128,YB,AT63,36.712502,33.472,960.9228165467889,726
GE,TIRR,44.458099,28.4128,RU,VSLR,43.4612,40.0324,935.8238567119702,646
GE,TIRR,44.458099,28.4128,RU,ANN,44.881,37.314,705.1109415710081,472
GE,TIRR,44.458099,28.4128,YL,ARSL,40.955002,35.887001,723.9146106323831,661
GE,TIRR,44.458099,28.4128,YB,AT44,37.846699,34.612,899.3046536608634,364
GE,TIRR,44.458099,28.4128,YB,SM05,38.70424,37.21084,971.0171135882384,238
GE,TIRR,44.458099,28.4128,YB,AT06,39.6731,35.6665,800.4413637187592,657
GE,TIRR,44.458099,28.4128,YB,AT56,36.7019,35.546902,1051.115829299174,546
G,CCD,-75.1065,123.305,ZM,GM01,-83.985802,104.729103,1043.6502065917582,302
G,CCD,-75.1065,123.305,YT,AGO1,-83.8615,129.6152,980.4581228767634,1009
G,CCD,-75.1065,123.305,ZM,GM03,-80.216904,85.943901,1025.8558037455277,354
G,CCD,-75.1065,123.305,ZM,N156,-81.6726,86.504501,1066.4527323126651,355
G,CCD,-75.1065,123.305,ZM,N140,-82.008598,96.769203,946.3276290442429,1438
G,CCD,-75.1065,123.305,YT,MILR,-83.3063,156.2517,1106.4016815570367,2058
G,CCD,-75.1065,123.305,YT,DEVL,-81.4755,161.973,1087.160806643886,2265
G,CCD,-75.1065,123.305,ZJ,RKST,-74.201065,159.001755,1039.1575237126387,272
7B,SA04,-22.941799,140.143997,7B,SA07,-26.0327,146.781693,754.3407820779239,139
7B,SA04,-22.941799,140.143997,7B,SA05,-23.2005,144.272293,423.29519206492233,142
7B,SA04,-22.941799,140.143997,7B,SA06,-22.892,148.308594,836.1167662763072,110
7B,SA04,-22.941799,140.143997,7B,SA01,-13.9586,143.180099,1048.833325645026,101
7B,SA04,-22.941799,140.143997,7B,SA03,-20.337999,142.667801,389.68486759148277,143
YT,RMBO,-83.8714,-66.3959,YT,SURP,-84.7199,-171.2017,1006.166192324751,1356
YT,RMBO,-83.8714,-66.3959,YT,HOWE,-87.4158,-149.4267,706.4992543366681,1380
YT,RMBO,-83.8714,-66.3959,YT,SIPL,-81.6405,-148.9553,1077.5577078977576,1157
YT,RMBO,-83.8714,-66.3959,YT,FALL,-85.3066,-143.6284,760.6456523328995,1391
YT,RMBO,-83.8714,-66.3959,YT,MA07,-78.2496,-93.4991,764.8370771508276,661
YT,RMBO,-83.8714,-66.3959,YT,WAIS,-79.4181,-111.7779,848.4317290755577,3494
YT,RMBO,-83.8714,-66.3959,1D,ELSW,-75.519371,-85.707581,992.4179641258244,365
YT,RMBO,-83.8714,-66.3959,YT,HOWD,-77.5286,-86.7694,784.0797054817116,3188
YT,RMBO,-83.8714,-66.3959,7U,TJTJ,-77.29887,-100.476063,928.6128026085,728
YT,RMBO,-83.8714,-66.3959,YT,MA09,-79.8993,-104.9977,726.4184417959142,674
YT,RMBO,-83.8714,-66.3959,YT,BENN,-84.5731,-117.3923,556.84666977036,2869
YT,RMBO,-83.8714,-66.3959,YT,MA06,-79.4397,-97.5587,687.2930037152613,659
YT,RMBO,-83.8714,-66.3959,YT,STEW,-84.1863,-86.2349,230.94331901069052,4218
YT,RMBO,-83.8714,-66.3959,YT,UPTW,-77.5781,-109.0374,992.0177296111939,3414
YT,RMBO,-83.8714,-66.3959,YT,PECA,-85.6124,-68.5525,194.79997249319507,1932
YT,RMBO,-83.8714,-66.3959,YT,EAGL,-80.894402,-22.309799,704.5805116575664,425
YT,RMBO,-83.8714,-66.3959,YT,THRO,-79.127296,-28.317499,791.7462050900605,270
YT,RMBO,-83.8714,-66.3959,1D,KIBB,-75.276108,-65.604904,955.8644038449223,713
YT,RMBO,-83.8714,-66.3959,YT,MECK,-75.2808,-72.185,961.1150942124948,1716
YT,RMBO,-83.8714,-66.3959,YT,DUFK,-82.8619,-53.2006,202.57677721783827,4239
YT,RMBO,-83.8714,-66.3959,YT,AGO3,-82.7541,28.581,1098.3500139993969,1379
YT,RMBO,-83.8714,-66.3959,YT,SWEI,-86.9858,129.3615,1008.140363938044,1367
CB,SNY,41.827801,123.578003,1G,NOP01,41.97177,110.49863,1081.5685139904006,259
CB,SNY,41.827801,123.578003,YP,NE81,46.069698,116.634697,728.5170031910234,491
CB,SNY,41.827801,123.578003,1G,EA29,41.62461,112.42881,924.8829672936093,93
CB,SNY,41.827801,123.578003,YP,NE83,46.2132,118.801102,619.1672194284283,492
CB,SNY,41.827801,123.578003,YP,NE32,42.670799,117.070099,543.6574933911678,339
CB,SNY,41.827801,123.578003,YP,NEP7,48.1744,118.1474,824.3343667251572,226
CB,SNY,41.827801,123.578003,YP,NE44,43.370701,119.677299,362.3981073052172,228
CB,SNY,41.827801,123.578003,IC,HIA,49.270115,119.741363,879.5222127860328,3141
CB,SNY,41.827801,123.578003,YP,NE66,45.004101,120.704201,422.56935056584996,481
CB,SNY,41.827801,123.578003,YP,NEA3,47.562302,121.292,662.6738184424545,487
CB,SNY,41.827801,123.578003,CB,DL2,38.905998,121.627998,364.4541774452872,3122
CB,SNY,41.827801,123.578003,YP,NEP5,45.733601,122.619797,441.05616118443186,225
CB,SNY,41.827801,123.578003,YP,NE57,44.122898,123.258499,256.52320661827207,491
CB,SNY,41.827801,123.578003,YP,NEA5,47.648602,124.036697,648.2542043795074,431
CB,SNY,41.827801,123.578003,YP,NE59,44.095901,125.961098,318.10470746116516,489
CB,SNY,41.827801,123.578003,YP,NE8B,46.207199,126.056297,525.6750048676543,482
CB,SNY,41.827801,123.578003,5G,D16,41.745,126.4048,234.54230837227746,146
CB,SNY,41.827801,123.578003,CB,HEH,50.252998,127.410004,982.0745058454617,3137
CB,SNY,41.827801,123.578003,KS,SH2B,38.2686,128.2524,561.024275907167,292
CB,SNY,41.827801,123.578003,YP,NE7D,45.342098,128.742905,570.5307716666687,422
CB,SNY,41.827801,123.578003,YP,NEAD,47.581402,133.5802,1015.5390054335704,427
CB,SNY,41.827801,123.578003,JP,JTU,34.5275,129.396332,957.3507928332518,1857
CB,SNY,41.827801,123.578003,YP,NE6F,45.295898,131.201401,724.8002837217259,447
CB,SNY,41.827801,123.578003,YP,NE5D,44.107601,129.6008,551.5383463063255,311
CB,SNY,41.827801,123.578003,YP,NE9B,46.946201,129.7948,753.1397034016524,486
CB,SNY,41.827801,123.578003,YP,NEAB,47.602501,131.668396,905.1461742488418,423
CB,SNY,41.827801,123.578003,YP,NE8I,45.994301,133.655807,929.7752395151265,456
CB,SNY,41.827801,123.578003,1U,SHRD,41.945759,128.791214,431.6870339502748,440
CB,SNY,41.827801,123.578003,5G,D10,42.9305,130.3004,565.4571280495677,247
YT,AGO3,-82.7541,28.581,YT,HOWE,-87.4158,-149.4267,1092.930469335291,1833
YT,AGO3,-82.7541,28.581,YT,PECA,-85.6124,-68.5525,991.7508339402682,1671
YT,AGO3,-82.7541,28.581,YT,EAGL,-80.894402,-22.309799,801.1510994621384,403
YT,AGO3,-82.7541,28.581,YT,THRO,-79.127296,-28.317499,1020.4926684731382,294
YT,AGO3,-82.7541,28.581,YT,DUFK,-82.8619,-53.2006,1045.4826208497277,1437
YT,AGO3,-82.7541,28.581,YT,SWEI,-86.9858,129.3615,928.4095879877269,1713
9C,2A11,53.6955,-166.7401,AT,SVW2,61.1082,-155.621704,1056.8256639417716,398
JP,CBIJ,27.095699,142.184494,Z6,08L,27.813601,151.491699,921.5969450906982,373
JP,CBIJ,27.095699,142.184494,JP,JHJ2,33.115299,139.813797,707.0629205947565,2167
JP,CBIJ,27.095699,142.184494,PS,TSK,36.2108,140.1097,1032.320106055005,2161
X2,281,39.6814,110.487,IC,XAN,34.03107,108.92321,643.4768607658715,319
X2,281,39.6814,110.487,X2,260,39.795799,112.886002,205.51587181617907,272
X2,281,39.6814,110.487,XG,MJPU,40.666698,115.683701,454.83893770410606,189
IU,TATO,24.9735,121.4971,TW,KMNB,24.4638,118.388199,319.0845837113642,1529
IU,TATO,24.9735,121.4971,TW,MATB,26.151501,119.945602,203.41441305483926,858
XV,SW060,49.53487,78.41968,XV,NW300,51.63364,75.30625,320.5393713653276,142
XV,SW060,49.53487,78.41968,KR,TRKS,41.472454,71.167327,1058.6663115953513,145
XV,SW060,49.53487,78.41968,QZ,BRZS,49.981769,72.677469,415.3602810491664,145
XV,SW060,49.53487,78.41968,QZ,CHM,42.348271,69.573528,1050.431997491329,145
XV,SW060,49.53487,78.41968,XV,NW140,50.82925,77.20242,168.00566353213952,101
XV,SW060,49.53487,78.41968,KZ,OTUK,48.244301,72.337502,467.10606517472416,140
XV,SW060,49.53487,78.41968,QZ,ZSN,47.462283,84.866045,527.700745386311,134
XV,SW060,49.53487,78.41968,QZ,TDK,45.002246,78.40445,504.0067963043654,145
XV,SW060,49.53487,78.41968,KZ,MAKZ,46.807999,81.976997,401.81308145784874,141
XV,SW060,49.53487,78.41968,QZ,USHN,49.969499,82.743909,314.3541282318875,145
XV,SW060,49.53487,78.41968,QZ,SEM,50.403587,80.257129,163.09011938740383,145
XI,SODA,18.292101,42.3769,XI,RANI,21.3116,42.7761,338.3401644425932,247
XI,SODA,18.292101,42.3769,XI,AFIF,23.931,43.040001,630.7750361114082,268
XI,SODA,18.292101,42.3769,XI,HALM,22.8454,44.317299,545.0875864149825,356
XI,SODA,18.292101,42.3769,XI,RIYD,24.722,46.643002,840.0333191468314,286
XI,SODA,18.292101,42.3769,II,RAYN,23.5225,45.5032,666.0332760931329,145
IM,H10S2,-8.9591,-14.64531,XS,I04D,-2.123817,-16.17326,778.6127876817959,380
IM,H10S2,-8.9591,-14.64531,XS,L02A,-1.1667,-17.4085,918.8595607283663,382
IM,H10S2,-8.9591,-14.64531,XS,S32D,-0.7968,-15.647,914.3559121407176,362
IM,H10S2,-8.9591,-14.64531,XS,S24D,-0.1383,-12.7806,1002.3286833370253,364
IM,H10S2,-8.9591,-14.64531,XS,I12D,-0.868283,-10.77656,996.3814226242542,372
IM,H10S2,-8.9591,-14.64531,2P,OBS01,-1.3847,-14.3458,842.8878988508251,117
XO,GUA3,13.266417,144.717209,XO,SARI,16.709562,145.769669,399.19584692244104,352
TW,VNAS,10.3774,114.364998,TM,UBPT,15.2773,105.4695,1107.3717843591608,489
TW,VNAS,10.3774,114.364998,MY,SBM,2.4529,112.213997,912.6073305420222,552
TW,VNAS,10.3774,114.364998,RM,SZP,17.552,120.455002,1033.259368810418,716
TW,VNAS,10.3774,114.364998,IC,QIZ,19.02928,109.84398,1077.694093251365,711
XB,FREI,-62.194698,-58.9841,IU,PMSA,-64.7744,-64.0489,381.21611917182673,823
XB,FREI,-62.194698,-58.9841,XB,ELEF,-61.21981,-55.13903,229.77168319653612,457
XB,FREI,-62.194698,-58.9841,XB,LOWI,-63.247002,-62.180801,200.54530453699178,361
TM,NAYO,14.3152,101.3209,MY,KUM,5.2902,100.6492,1006.2247948004432,2533
TM,NAYO,14.3152,101.3209,TM,PRAC,12.472649,99.792871,263.23775131255394,3005
TM,NAYO,14.3152,101.3209,TM,UBPT,15.2773,105.4695,458.64574191375624,2046
TM,NAYO,14.3152,101.3209,TM,PHRA,18.4989,100.229,479.55710245587426,2037
TM,NAYO,14.3152,101.3209,TM,NONG,18.063498,103.1458,460.08061263533295,2255
TM,NAYO,14.3152,101.3209,TM,LOEI,17.5093,101.6244,356.64746606506696,3156
TM,NAYO,14.3152,101.3209,TM,PANO,17.147614,104.6122,472.4963758037852,1617
TM,NAYO,14.3152,101.3209,MM,YGN,16.864799,96.153397,621.7842344605543,1904
TM,NAYO,14.3152,101.3209,TM,SRDT,14.3948,99.1213,237.11266097372206,3110
TM,NAYO,14.3152,101.3209,TM,CHBT,12.7441,102.3526,207.26559237314783,1874
TM,NAYO,14.3152,101.3209,TM,SKLT,7.175815,100.615686,797.5886607319601,2443
TM,NAYO,14.3152,101.3209,MM,TGI,20.768545,97.034073,849.2381662023698,1920
TM,NAYO,14.3152,101.3209,MM,NGU,21.205721,94.916618,1022.8464551665257,1920
TM,NAYO,14.3152,101.3209,TM,CMAI,19.932507,99.045281,669.7481742161115,1049
TM,NAYO,14.3152,101.3209,TM,CRAI,20.2289,100.3734,665.2172862315797,2867
TM,NAYO,14.3152,101.3209,MM,MDY,22.016199,96.112297,1017.587056320192,623
TM,NAYO,14.3152,101.3209,MM,KTN,21.2857,99.589798,796.424781083489,1961
TM,NAYO,14.3152,101.3209,RM,SLV,21.325247,103.906708,826.0749856003798,2410
TM,NAYO,14.3152,101.3209,IC,QIZ,19.02928,109.84398,1048.000170546376,3493
JP,JTM,40.789501,141.064667,JP,JMM,37.868999,140.789673,325.605112069738,4267
JP,JTM,40.789501,141.064667,JP,JHJ2,33.115299,139.813797,860.5131181643275,4260
JP,JTM,40.789501,141.064667,JP,JWT,35.285671,135.398666,787.5025680400202,4273
JP,JTM,40.789501,141.064667,JP,JHS,35.001831,133.113663,948.4016573710691,4272
JP,JTM,40.789501,141.064667,JP,JEW,42.84267,141.446167,230.480221123623,4272
JP,JTM,40.789501,141.064667,JP,JMN,33.731499,133.876328,1009.4753727737428,4272
JP,JTM,40.789501,141.064667,PS,TSK,36.2108,140.1097,515.8563532696658,3594
JP,JTM,40.789501,141.064667,1U,SHRD,41.945759,128.791214,1031.3521015528768,348
JP,JTM,40.789501,141.064667,JP,JSD,38.040001,138.257172,389.35972968192937,4273
XR,ST05,31.040247,90.174088,IC,LSA,29.70317,91.12757,174.55954961468527,403
XR,ST05,31.040247,90.174088,Z6,BRDL,22.677999,91.642998,941.1534588604031,90
XR,ST05,31.040247,90.174088,XR,W1,32.092289,88.306221,212.12964443927854,301
XR,ST05,31.040247,90.174088,XR,ST40,33.81459,88.306976,354.7723043792008,318
AP,PVFF,33.39,-112.86,MX,HPIG,26.936794,-105.664017,996.1557777633009,2157
AP,PVFF,33.39,-112.86,NC,G005,38.592064,-123.319794,1103.5223652192783,589
AP,PVFF,33.39,-112.86,NN,RUB,39.051701,-120.1549,907.4474414059754,896
AP,PVFF,33.39,-112.86,RE,BRBY3,34.582365,-119.980601,669.615761687041,892
AP,PVFF,33.39,-112.86,BC,PIX,31.5629,-113.4599,210.81266501655347,1762
AP,PVFF,33.39,-112.86,US,MVCO,37.19956,-108.49251,579.9873466594249,2312
AP,PVFF,33.39,-112.86,PB,GUAX,28.88406,-118.28968,719.5495718356046,1425
AP,PVFF,33.39,-112.86,BC,TJX,32.51017,-117.0543,403.3741845688658,1890
AP,PVFF,33.39,-112.86,JW,BRR,32.772406,-107.564169,498.1120270667442,382
AP,PVFF,33.39,-112.86,NN,DIX,39.8021,-118.083,851.5392053195532,1012
AP,PVFF,33.39,-112.86,7P,PC53,31.4616,-103.6937,886.308917778555,248
AP,PVFF,33.39,-112.86,IM,TX02,29.329901,-103.657997,982.9142017899279,2305
AP,PVFF,33.39,-112.86,US,AMTX,34.8837,-101.6808,1041.6328542715619,2264
AP,PVFF,33.39,-112.86,TX,DKNS,33.66653,-100.92365,1106.2373692990682,2211
7D,J48C,47.129501,-130.650696,7D,J31C,45.551899,-129.672394,190.81700687347023,282
7D,J48C,47.129501,-130.650696,7D,J53C,47.164299,-127.922302,206.36361201398523,271
7D,J48C,47.129501,-130.650696,7D,J36C,45.686501,-127.125198,314.2944027544796,282
7D,J48C,47.129501,-130.650696,PB,B934,39.844501,-123.691399,984.7103842240887,285
7D,J48C,47.129501,-130.650696,US,HAWA,46.3925,-119.5327,850.123163439708,285
TM,CMAI,19.932507,99.045281,TM,PRAC,12.472649,99.792871,833.3249192870844,1351
TM,CMAI,19.932507,99.045281,TM,UBPT,15.2773,105.4695,855.0877762901799,438
TM,CMAI,19.932507,99.045281,TM,PHRA,18.4989,100.229,202.13491662545525,614
TM,CMAI,19.932507,99.045281,TM,NONG,18.063498,103.1458,478.56666863777525,336
TM,CMAI,19.932507,99.045281,TM,LOEI,17.5093,101.6244,382.57007131280494,1188
TM,CMAI,19.932507,99.045281,TM,PANO,17.147614,104.6122,663.4853747982083,1007
TM,CMAI,19.932507,99.045281,MM,YGN,16.864799,96.153397,457.63424558420263,656
TM,CMAI,19.932507,99.045281,TM,SRDT,14.3948,99.1213,615.8186852178358,1445
TM,CMAI,19.932507,99.045281,TM,CHBT,12.7441,102.3526,873.6360809555706,1046
TM,CMAI,19.932507,99.045281,MM,TGI,20.768545,97.034073,229.35832326860205,1045
TM,CMAI,19.932507,99.045281,MM,NGU,21.205721,94.916618,452.51285068814525,1045
TM,CMAI,19.932507,99.045281,CB,GYA,26.459999,106.664001,1063.9587425625834,343
TM,CMAI,19.932507,99.045281,TM,CRAI,20.2289,100.3734,142.5640185008043,1255
TM,CMAI,19.932507,99.045281,MM,KTN,21.2857,99.589798,160.7865959443165,763
TM,CMAI,19.932507,99.045281,IN,SHL,25.566816,91.855949,967.0769231255882,933
TM,CMAI,19.932507,99.045281,XR,BA07,24.1371,91.4975,907.3567722924341,234
TM,CMAI,19.932507,99.045281,RM,SLV,21.325247,103.906708,529.0444561527056,861
XD,MISC,-10.674984,152.784119,XD,EBM,-10.604326,150.653549,232.96796595358484,108
XD,MISC,-10.674984,152.784119,GE,PMG,-9.4092,147.1539,632.3043556103081,90
M8,AU52,-33.4865,120.9751,S1,AUKAL,-30.7637,121.4789,306.45504879788865,547
M8,AU52,-33.4865,120.9751,M8,WATNG,-30.73225,118.19848,402.6838856745842,565
M8,AU52,-33.4865,120.9751,M8,AU41,-28.0108,120.9861,608.871806834283,165
M8,AU52,-33.4865,120.9751,M8,AQ41,-27.9997,118.5997,650.9073469818869,173
M8,AU52,-33.4865,120.9751,S1,AUMAZ,-32.0069,116.0384,490.06604152346154,459
M8,AU52,-33.4865,120.9751,M8,AY52,-33.46036,123.00861,188.63241773569504,166
M8,AU52,-33.4865,120.9751,S1,AUBUS,-33.6601,115.3828,518.3970560049199,565
M8,AU52,-33.4865,120.9751,S1,AUALB,-34.9995,117.9046,328.553218525681,543
M8,AU52,-33.4865,120.9751,M8,MUKOZ,-26.7575,114.6094,966.29911687046,170
M8,AU52,-33.4865,120.9751,M8,AI45,-29.9886,114.9982,685.9035357208186,565
X8,QMM5,50.8438,-68.798203,XI,SC10,49.752998,-83.817001,1071.775708796517,419
X8,QMM5,50.8438,-68.798203,X8,QM90,52.2915,-77.098801,595.4935848109243,533
X8,QMM5,50.8438,-68.798203,X8,QM76,50.764801,-74.817596,422.9694366544689,549
X8,QMM5,50.8438,-68.798203,LD,FRNY,44.835,-73.5883,757.3967822845096,982
X8,QMM5,50.8438,-68.798203,PO,LATQ,47.3835,-72.7819,481.63261278773905,1001
X8,QMM5,50.8438,-68.798203,X8,QM58,49.048401,-72.740601,345.5179612686522,492
X8,QMM5,50.8438,-68.798203,X8,QM38,47.675201,-70.853104,382.5521568434629,667
X8,QMM5,50.8438,-68.798203,Y6,HOLY,46.525902,-66.463997,509.72220919051995,609
XV,VATO,-19.3314,48.982399,XV,MAJA,-15.7323,46.4263,483.3041681183297,173
XV,VATO,-19.3314,48.982399,MR,MRIV,-20.298,57.497002,897.0796386424222,173
XV,VATO,-19.3314,48.982399,XV,MMBE,-21.750099,43.372101,643.0306205073111,169
XV,VATO,-19.3314,48.982399,XV,LAHA,-14.9344,50.2911,508.3048348109304,161
XV,VATO,-19.3314,48.982399,XV,ANTS,-14.8843,47.999298,505.4055312235534,171
XV,VATO,-19.3314,48.982399,XV,ANLA,-17.7062,49.4599,187.59577057526792,176
XV,VATO,-19.3314,48.982399,XV,MAHA,-23.1714,47.689899,447.4947100953082,163
XV,VATO,-19.3314,48.982399,XV,DGOS,-12.2825,49.3606,784.8451448420526,170
YS,PL44,25.5928,-152.765793,YS,PL37,19.8234,-160.047501,984.18789039518,393
YS,PL44,25.5928,-152.765793,YS,PL46,24.312099,-156.9646,446.58914811904543,391
YS,PL44,25.5928,-152.765793,YS,PL43,26.776699,-155.765305,326.95972965104755,392
YS,PL44,25.5928,-152.765793,YS,PL41,24.573799,-158.933105,631.2854016256754,390
YS,PL44,25.5928,-152.765793,YS,PL40,23.9972,-161.095001,859.1321453845944,390
YS,PL44,25.5928,-152.765793,YS,NGOK,22.122999,-159.664993,800.4833236732223,393
YS,PL44,25.5928,-152.765793,YS,PL67,16.162001,-156.206604,1107.7264489724375,374
YS,PL44,25.5928,-152.765793,YS,PL39,21.956301,-161.314896,959.0024500937851,389
YS,PL44,25.5928,-152.765793,YS,MRKH,21.108999,-157.270004,678.1087194203553,142
YS,PL44,25.5928,-152.765793,YS,PL45,24.2006,-154.811996,257.98176245278063,326
YS,PL44,25.5928,-152.765793,YS,PL50,22.319901,-152.742706,363.93782512956795,387
YS,PL44,25.5928,-152.765793,YS,PL57,18.9142,-150.914993,766.6242125763591,382
YS,PL44,25.5928,-152.765793,YS,PL61,16.737801,-151.637604,991.537742228682,379
ZV,LORI,32.489201,102.437401,X4,D26,32.459202,96.394203,566.8335309019777,246
ZV,LORI,32.489201,102.437401,ZV,MAQU,34.0023,102.046799,172.1251052434137,280
ZV,LORI,32.489201,102.437401,X4,D11,34.0555,97.205399,516.564677277118,119
ZV,LORI,32.489201,102.437401,X4,H01,36.209301,96.385002,692.4527081534883,247
ZV,LORI,32.489201,102.437401,X4,H05,35.6605,98.407898,511.8470298605438,248
ZV,LORI,32.489201,102.437401,X4,D08,34.924198,94.780502,757.9990588440886,281
ZV,LORI,32.489201,102.437401,X4,H13,36.972698,97.653999,662.8355058503419,194
ZV,LORI,32.489201,102.437401,X4,A01,36.432701,94.873199,820.0845265669889,239
ZV,LORI,32.489201,102.437401,ZV,GUNA,35.5835,101.088799,365.81147191481597,277
ZV,LORI,32.489201,102.437401,XO,JSO2,35.168579,92.985191,922.0679234130832,106
ZV,LORI,32.489201,102.437401,IC,XAN,34.03107,108.92321,626.8159144045135,268
ZV,LORI,32.489201,102.437401,8B,430,32.674801,110.334099,740.0011812665815,259
ZV,LORI,32.489201,102.437401,8B,416,34.9002,111.4011,871.1498499429802,262
ZV,LORI,32.489201,102.437401,8B,402,37.397598,111.457901,986.1191811676567,215
XO,WD54,56.331433,-149.066665,XO,WD69,53.782065,-160.34289,770.971626857941,407
XO,WD54,56.331433,-149.066665,XO,WD67,52.162563,-160.035832,848.6721210714707,412
XO,WD54,56.331433,-149.066665,XO,LA32,54.4982,-157.8522,590.2959912660771,394
XO,WD54,56.331433,-149.066665,XO,EP23,56.9071,-157.0201,490.4935161243456,304
XO,WD54,56.331433,-149.066665,XO,WD58,53.906227,-155.035345,465.33504380059054,414
XO,WD54,56.331433,-149.066665,XO,WD49,54.399083,-151.89947,279.6272644065778,416
XO,WD54,56.331433,-149.066665,XO,EP16,59.1126,-156.8567,555.9005664439693,336
XO,WD54,56.331433,-149.066665,XO,LD42,55.549885,-154.671428,359.57992386387645,400
XO,WD54,56.331433,-149.066665,XO,KD02,57.8618,-152.6575,275.6258277806357,400
XO,WD54,56.331433,-149.066665,XO,WD72,56.257748,-151.81063,169.50240287300005,400
XO,WD54,56.331433,-149.066665,AT,SVW2,61.1082,-155.621704,651.5220434762751,163
XO,WD54,56.331433,-149.066665,XO,ET20,58.1304,-154.9716,407.61542774890734,384
XO,WD54,56.331433,-149.066665,AT,MID,59.427799,-146.338806,380.12546657230746,416
XO,WD54,56.331433,-149.066665,EO,KLRS,61.03095,-138.40663,806.2053051231562,294
XO,WD54,56.331433,-149.066665,NY,MAYO,63.59581,-135.89209,1086.8430616603073,305
IM,I18H7,77.47177,-69.27995,GE,SUMG,72.5742,-38.4626,1021.3825150952046,552
IM,I18H7,77.47177,-69.27995,DK,KULLO,74.580498,-57.2201,454.70790385037276,109
IM,I18H7,77.47177,-69.27995,DK,NOR,81.604718,-16.66103,1106.48034721594,215
XW,BCHU,39.793301,78.782501,II,AAK,42.6375,74.4942,478.0901178089594,331
XW,BCHU,39.793301,78.782501,KN,ULHL,42.245602,76.241699,346.0754822352458,329
XW,BCHU,39.793301,78.782501,XR,ST40,33.81459,88.306976,1076.4323791226752,241
XW,BCHU,39.793301,78.782501,XW,PDG,43.327499,79.487602,397.33560177194556,322
XW,BCHU,39.793301,78.782501,KZ,MAKZ,46.807999,81.976997,821.5311942780379,130
XW,BCHU,39.793301,78.782501,XW,KSA,41.5425,77.925697,207.4895263619161,286
XP,MINN,-78.550446,166.880066,XP,N100,-81.652496,122.610001,885.7102229758052,190
XP,MINN,-78.550446,166.880066,XP,N044,-79.069191,148.615921,396.63391023740303,188
XP,MINN,-78.550446,166.880066,XP,E026,-76.424698,154.759064,374.4740764596957,92
XP,MINN,-78.550446,166.880066,XP,N028,-78.029579,153.650864,303.4263611466406,169
XP,MINN,-78.550446,166.880066,XP,DIHI,-79.849022,159.480042,210.9687071055096,159
XP,MINN,-78.550446,166.880066,XP,E006,-77.370201,161.625702,178.97063695642836,269
BL,CRJB,-6.1702,-50.154598,BL,SNVB,0.9051,-51.877102,809.6410220425904,430
BL,CRJB,-6.1702,-50.154598,BL,TRSB,-4.873,-42.705898,836.9159404302794,540
TC,ICC3,5.54345,-87.05687,EC,SALI,-2.1863,-80.991203,1092.056983557572,299
TC,ICC3,5.54345,-87.05687,NU,CSGN,12.9763,-87.558701,828.3264860428347,615
TC,ICC3,5.54345,-87.05687,OV,CCOL,8.4075,-82.973396,551.8226858559882,880
TC,ICC3,5.54345,-87.05687,8G,EC17,-0.0268,-79.847702,1012.0470671872979,165
TC,ICC3,5.54345,-87.05687,CM,PRV,13.376167,-81.3635,1071.3827425859477,878
TC,ICC3,5.54345,-87.05687,NU,ESPN,12.195,-84.300308,799.1526649032774,793
TC,ICC3,5.54345,-87.05687,CM,TUM,1.823667,-78.726667,1012.5321618369962,845
1K,GIAN,42.25078,11.10161,MN,WDD,35.8373,14.5242,771.7927156911203,271
1K,GIAN,42.25078,11.10161,CA,CPAL,42.310533,3.16244,652.9413786691766,367
1K,GIAN,42.25078,11.10161,MN,VSL,39.496,9.378,338.85028923776673,247
1K,GIAN,42.25078,11.10161,MN,CLTB,37.578,13.216,549.9413334245535,307
1K,GIAN,42.25078,11.10161,HT,AGG,39.021099,22.336,1012.7420238977792,336
1K,GIAN,42.25078,11.10161,CA,CFAR,40.5604,0.6614,890.1665862848059,367
1K,GIAN,42.25078,11.10161,AC,VLO,40.468601,19.495501,727.6925686812378,364
1K,GIAN,42.25078,11.10161,CA,CARA,42.707643,0.818132,844.3410809842959,367
1K,GIAN,42.25078,11.10161,MN,BNI,45.052,6.678,472.82602080270175,365
1K,GIAN,42.25078,11.10161,CH,FUORN,46.620334,10.263551,490.39948492543755,367
1K,GIAN,42.25078,11.10161,CH,SLE,47.7645,8.49236,646.4010476783558,367
1K,GIAN,42.25078,11.10161,NL,HGN,50.764,5.9317,1025.3515558316183,353
1K,GIAN,42.25078,11.10161,PL,NIE,49.4189,20.313101,1068.2897239567076,367
3H,G39,-0.9632,-95.7405,3H,G56,-2.4299,-89.0249,764.0036585804775,442
3H,G39,-0.9632,-95.7405,3H,G52,-2.3945,-91.89,456.59720521873174,444
3H,G39,-0.9632,-95.7405,3H,G44,-1.8313,-93.8518,231.0770690142067,434
3H,G39,-0.9632,-95.7405,3H,G23,0.9001,-92.0216,462.5084596379075,439
3H,G39,-0.9632,-95.7405,3H,G33,2.8879,-94.4777,450.6431436267701,443
3H,G39,-0.9632,-95.7405,3H,G06,2.0564,-90.6769,655.4830429404838,436
3H,G39,-0.9632,-95.7405,3H,G01,1.0132,-88.9369,787.7646049821517,437
3H,G39,-0.9632,-95.7405,3H,G18,1.5202,-93.2519,390.91499087536437,441
3H,G39,-0.9632,-95.7405,3H,G15,2.5843,-92.2501,553.3149832036015,440
3H,G39,-0.9632,-95.7405,3H,G30,1.2999,-94.808,272.16815484741255,443
3H,G39,-0.9632,-95.7405,3H,G27,-0.183,-93.4209,272.11312033149983,445
3H,G39,-0.9632,-95.7405,8W,CBHM,-0.46906,-91.60975,462.556798493154,229
PS,MCSJ,24.29,153.978,XF,L02,17.2999,147.470795,1029.96465541423,197
PS,MCSJ,24.29,153.978,Z6,16,27.7988,155.108505,406.1708010676134,281
PS,MCSJ,24.29,153.978,Z6,08L,27.813601,151.491699,463.86166565528066,286
PS,MCSJ,24.29,153.978,Z6,13,29.351299,155.244003,576.6270851025325,282
NL,HGN,50.764,5.9317,CA,CPAL,42.310533,3.16244,963.3683021494453,3225
NL,HGN,50.764,5.9317,YR,ED15,42.527802,13.55816,1083.9027930528302,271
NL,HGN,50.764,5.9317,CA,CARA,42.707643,0.818132,976.3299155824653,2976
NL,HGN,50.764,5.9317,YI,GROG,43.426182,9.89201,868.9350498679343,395
NL,HGN,50.764,5.9317,YI,BARR,44.282799,12.0797,855.1846903906094,895
NL,HGN,50.764,5.9317,YI,BOB,44.767921,9.44782,716.444822443443,986
NL,HGN,50.764,5.9317,MN,BNI,45.052,6.678,637.5681378299357,6871
NL,HGN,50.764,5.9317,YG,CBP4N,45.978298,18.12705,1044.3701152290548,440
NL,HGN,50.764,5.9317,NI,ZOU2,46.558399,12.9729,696.6721494961992,822
NL,HGN,50.764,5.9317,CH,FUORN,46.620334,10.263551,559.599077914729,6831
NL,HGN,50.764,5.9317,YD,6C04,46.661442,19.74328,1109.0755581191065,700
NL,HGN,50.764,5.9317,YG,CBP2J,47.367298,18.03178,957.5950600262088,441
NL,HGN,50.764,5.9317,YG,CBP4F,47.720261,15.97801,803.1403729790945,482
NL,HGN,50.764,5.9317,CH,SLE,47.7645,8.49236,381.7377649405351,4970
NL,HGN,50.764,5.9317,GE,PSZ,47.918201,19.8934,1057.9812124523337,1260
NL,HGN,50.764,5.9317,G,CLF,48.02579,2.26,404.0191855011403,4220
NL,HGN,50.764,5.9317,XM,A106,48.146099,13.5743,623.9985026776629,322
NL,HGN,50.764,5.9317,GB,JSA,49.18783,-2.17167,605.0379442607592,6114
NL,HGN,50.764,5.9317,DK,MUD,56.455,9.1733,667.7787076436169,5629
NL,HGN,50.764,5.9317,YY,SW03,58.074699,12.6033,919.385657873397,137
NL,HGN,50.764,5.9317,GE,RUE,52.475899,13.78,573.9418369028308,1259
NL,HGN,50.764,5.9317,CZ,PRIC,49.6693,12.6782,495.02500776068143,1013
NL,HGN,50.764,5.9317,GB,HMNX,50.86733,0.33633,393.1763909924186,5082
NL,HGN,50.764,5.9317,PL,BEL,51.837002,20.792,1038.1605999172511,5391
NL,HGN,50.764,5.9317,EI,IMAY,54.160708,-9.379619,1101.2556575379026,1148
NL,HGN,50.764,5.9317,GB,GDLE,54.42183,-0.81567,610.3899219905613,2896
NL,HGN,50.764,5.9317,GE,HLG,54.1847,7.8839,402.6512773606651,1261
NL,HGN,50.764,5.9317,GB,DRUM,56.91267,-2.4865,877.6277022598904,5165
NL,HGN,50.764,5.9317,PL,NIE,49.4189,20.313101,1035.1018424151675,5614
NL,HGN,50.764,5.9317,GB,LAWE,56.26,-5.399,964.795018081314,2999
NL,HGN,50.764,5.9317,YY,SN32,59.712399,7.9995,1003.4904695056078,338
NL,HGN,50.764,5.9317,YF,PB49,52.4916,17.804701,840.7085975915751,239
NL,HGN,50.764,5.9317,GE,IBBN,52.306301,7.7592,213.03124313022948,1220
NL,HGN,50.764,5.9317,GB,WACR,52.72433,0.62833,425.0905195526516,3410
NL,HGN,50.764,5.9317,GB,GAL1,54.86633,-4.71133,846.9908109147974,6194
NL,HGN,50.764,5.9317,EI,IDGL,55.073,-7.51,1018.3189568610485,4327
NL,HGN,50.764,5.9317,CZ,TREC,49.2948,15.4871,701.2833000225778,1017
NL,HGN,50.764,5.9317,EI,IMAC,51.845801,-9.070097,1047.8928896137609,1148
NL,HGN,50.764,5.9317,CZ,BEDC,50.78933,15.16976,649.1450721504855,882
NL,HGN,50.764,5.9317,YY,SN34,58.248798,8.1688,844.5893593225713,240
NL,HGN,50.764,5.9317,UK,STED,50.737,-1.9645,555.2653953403252,2943
NL,HGN,50.764,5.9317,WF,SPG,52.32553,-3.01928,642.3974696857327,583
NL,HGN,50.764,5.9317,GE,RGN,54.547699,13.3214,651.6786184375113,1266
NL,HGN,50.764,5.9317,ZU,PA69,53.238701,19.841999,989.3934616155385,147
NL,HGN,50.764,5.9317,EI,DSB,53.24519,-6.37619,885.190358931719,3509
ZP,KISH,-12.0219,29.612301,AF,MONG,-15.15,23.09,785.9841755773886,332
ZP,KISH,-12.0219,29.612301,AF,TEZI,-15.747,26.016001,567.6363375068308,360
ZP,KISH,-12.0219,29.612301,ZP,KAMZ,-14.7948,24.804399,604.5188731922841,164
ZP,KISH,-12.0219,29.612301,AF,KTWE,-12.814,28.209,176.01074047688613,361
ZP,KISH,-12.0219,29.612301,ZP,MKUS,-13.6035,29.379101,177.67437721990626,121
ZP,KISH,-12.0219,29.612301,6H,INCA,-19.2197,33.8419,919.4510932618076,99
ZP,KISH,-12.0219,29.612301,ZP,MPIK,-11.821,31.4517,201.36320806682124,310
ZP,KISH,-12.0219,29.612301,AF,LBB,-11.631,27.485001,235.56788946015968,136
ZP,KISH,-12.0219,29.612301,ZP,KASM,-10.2174,31.1401,260.8552150904495,255
ZP,KISH,-12.0219,29.612301,ZP,MWEN,-10.0582,28.7017,239.903669540319,143
ZP,KISH,-12.0219,29.612301,AF,PWET,-8.28,28.530001,432.6097612379696,203
ZP,KISH,-12.0219,29.612301,ZP,ISOK,-10.1708,32.645699,389.7591171452758,363
ZP,KISH,-12.0219,29.612301,YH,IFAK,-8.1397,36.6828,886.1459034864201,261
ZP,KISH,-12.0219,29.612301,YH,WALE,-9.7896,37.917,940.0358262171782,303
7C,MM17,62.0789,-131.9483,ZE,BULG,61.126701,-151.091202,1014.0833397036886,301
7C,MM17,62.0789,-131.9483,YG,GLN4,61.789501,-147.679596,821.5985277331577,682
7C,MM17,62.0789,-131.9483,AT,MID,59.427799,-146.338806,833.3649848058255,757
7C,MM17,62.0789,-131.9483,7C,MM26,63.081,-130.1928,143.15754399572927,704
7C,MM17,62.0789,-131.9483,XJ,SNOW,56.8922,-132.3526,577.1841049247378,220
7C,MM17,62.0789,-131.9483,NY,TGTN,61.5267,-128.27268,202.61273190808572,520
7C,MM17,62.0789,-131.9483,C8,BNKB,53.3318,-129.9017,980.0790903567605,524
7C,MM17,62.0789,-131.9483,NY,MAYO,63.59581,-135.89209,261.70172939556545,730
7C,MM17,62.0789,-131.9483,7C,MM30,64.2803,-128.8747,289.23502939186625,636
7C,MM17,62.0789,-131.9483,7C,MM40,66.0246,-124.6709,563.0743680287469,584
7C,MM17,62.0789,-131.9483,NY,WGLY,63.22815,-123.45841,451.7123668188976,757
7C,MM17,62.0789,-131.9483,PQ,NBC8,56.57308,-122.40441,815.6401310794208,741
7C,MM17,62.0789,-131.9483,PQ,NAB2,58.59503,-119.16559,801.1135257037956,738
7C,MM17,62.0789,-131.9483,RV,DEDWA,56.644562,-117.389069,1018.938380677011,714
7C,MM17,62.0789,-131.9483,PQ,NBC3,59.63716,-120.66875,667.2700336031417,580
IN,SHL,25.566816,91.855949,MM,YGN,16.864799,96.153397,1064.9724852080815,2749
IN,SHL,25.566816,91.855949,XR,MS02,23.605983,93.696263,286.6343795350527,381
IN,SHL,25.566816,91.855949,IO,EVN,27.958651,86.811653,566.9700274451553,2769
IN,SHL,25.566816,91.855949,MM,TGI,20.768545,97.034073,751.3964980858452,2724
IN,SHL,25.566816,91.855949,MM,NGU,21.205721,94.916618,576.7660195485248,2723
IN,SHL,25.566816,91.855949,TM,CRAI,20.2289,100.3734,1054.7237272033533,3902
IN,SHL,25.566816,91.855949,MM,MDY,22.016199,96.112297,585.928328176895,673
IN,SHL,25.566816,91.855949,XR,MS09,23.478138,96.080143,486.32673208003604,358
IN,SHL,25.566816,91.855949,MM,KTN,21.2857,99.589798,921.2271378668912,2715
IN,SHL,25.566816,91.855949,XR,BA07,24.1371,91.4975,163.03905847227568,1421
IN,SHL,25.566816,91.855949,XR,MS05,22.585486,94.508708,427.08209991090666,277
IN,SHL,25.566816,91.855949,IC,LSA,29.70317,91.12757,465.50100713941566,4062
IN,SHL,25.566816,91.855949,K5,MONG,27.260258,91.156708,200.76418320613703,127
IN,SHL,25.566816,91.855949,Z6,BRDL,22.677999,91.642998,321.9481580731551,972
CA,CFAR,40.5604,0.6614,MN,RTC,33.9881,-6.8569,987.4529778323475,2987
CA,CFAR,40.5604,0.6614,CA,CPAL,42.310533,3.16244,285.1792812754641,3217
CA,CFAR,40.5604,0.6614,WM,UCM,40.307499,-3.2441,331.7146012504533,2573
CA,CFAR,40.5604,0.6614,MN,VSL,39.496,9.378,751.2288824272379,2400
CA,CFAR,40.5604,0.6614,1L,ST30,37.734164,-6.621247,701.9369192059374,140
CA,CFAR,40.5604,0.6614,PM,PFVI,37.132832,-8.826829,905.1218044599908,3244
CA,CFAR,40.5604,0.6614,CA,CARA,42.707643,0.818132,239.1177577582277,2968
CA,CFAR,40.5604,0.6614,MN,BNI,45.052,6.678,699.866413820437,2116
CA,CFAR,40.5604,0.6614,CH,FUORN,46.620334,10.263551,1024.3794915868982,3174
CA,CFAR,40.5604,0.6614,CH,SLE,47.7645,8.49236,1014.7067576491171,3213
CA,CFAR,40.5604,0.6614,G,CLF,48.02579,2.26,839.7558483626276,1176
CA,CFAR,40.5604,0.6614,GB,JSA,49.18783,-2.17167,984.76793723797,3066
8A,AIAI,-27.915554,17.491323,AF,CVNA,-31.482,19.762,453.142987029238,450
8A,AIAI,-27.915554,17.491323,8A,GAMM,-20.2505,20.8253,916.9047091947334,519
8A,AIAI,-27.915554,17.491323,AF,HVD,-30.605,25.497,831.9298911279199,493
8A,AIAI,-27.915554,17.491323,8A,OMUT,-18.4093,16.6364,1060.6429918320036,254
8A,AIAI,-27.915554,17.491323,8A,WAND,-24.649982,19.743595,426.9087207603955,508
8A,AIAI,-27.915554,17.491323,8A,BAHE,-21.3521,15.4405,758.6391599248551,522
8A,AIAI,-27.915554,17.491323,8A,SOLI,-23.861238,16.039537,473.61960498090383,516
8A,AIAI,-27.915554,17.491323,8A,KANO,-19.194901,19.4398,989.7629378363579,519
8A,AIAI,-27.915554,17.491323,8A,OTJO,-20.018,15.9799,891.4627616823877,352
8A,AIAI,-27.915554,17.491323,8A,AROB,-26.798342,19.647346,246.50938953989356,402
8A,AIAI,-27.915554,17.491323,8A,MALT,-24.846022,16.996233,344.86011892082195,381
8A,AIAI,-27.915554,17.491323,AF,UPI,-28.362,21.253,372.15196797958936,473
8A,AIAI,-27.915554,17.491323,8A,OKAM,-20.407301,18.2187,838.1283684692876,216
8A,AIAI,-27.915554,17.491323,ZT,NHAM,-24.91566,27.31703,1033.382176521739,511
8A,AIAI,-27.915554,17.491323,AF,SNKL,-28.27528,27.7714,1008.8864478552584,509
ZM,P061,-84.499603,77.223801,YT,SURP,-84.7199,-171.2017,990.9358993585745,1540
ZM,P061,-84.499603,77.223801,YT,FALL,-85.3066,-143.6284,1062.521765273528,840
ZM,P061,-84.499603,77.223801,YT,PECA,-85.6124,-68.5525,1051.3445549318474,1104
ZM,P061,-84.499603,77.223801,ZM,GM07,-77.313599,39.613201,997.4051710351288,297
ZM,P061,-84.499603,77.223801,ZM,GM04,-82.999702,61.1124,255.0886082583132,449
ZM,P061,-84.499603,77.223801,ZM,N190,-80.327499,69.431,476.76427363089175,339
ZM,P061,-84.499603,77.223801,ZM,P080,-82.805397,77.363998,188.3951161382756,620
ZM,P061,-84.499603,77.223801,ZM,N173,-81.112198,77.473602,376.67794661284415,476
ZM,P061,-84.499603,77.223801,ZM,GM06,-79.332802,44.3148,749.4169458851898,183
ZM,P061,-84.499603,77.223801,ZM,P124,-78.871803,77.656998,625.8180239664296,344
ZM,P061,-84.499603,77.223801,ZM,GM01,-83.985802,104.729103,308.9265602917671,654
ZM,P061,-84.499603,77.223801,ZM,GM03,-80.216904,85.943901,492.0151855455613,339
ZM,P061,-84.499603,77.223801,ZM,N156,-81.6726,86.504501,337.00648888366794,678
ZM,P061,-84.499603,77.223801,ZM,N140,-82.008598,96.769203,372.94218600901064,1571
ZM,P061,-84.499603,77.223801,YT,MILR,-83.3063,156.2517,867.8345968527932,1442
ZM,P061,-84.499603,77.223801,YT,DEVL,-81.4755,161.973,1078.7512194163821,1052
8A,NEPA,-17.7703,18.4597,8A,GAMM,-20.2505,20.8253,371.3406689168095,754
8A,NEPA,-17.7703,18.4597,8A,HAO,-17.8869,15.0599,360.11469060442334,678
8A,NEPA,-17.7703,18.4597,8A,OMUT,-18.4093,16.6364,205.399768169218,753
8A,NEPA,-17.7703,18.4597,8A,BAHE,-21.3521,15.4405,508.5781291614506,751
8A,NEPA,-17.7703,18.4597,AF,WIN,-22.5667,17.1,551.8807702119445,314
8A,NEPA,-17.7703,18.4597,8A,KANO,-19.194901,19.4398,189.14551126127176,598
8A,NEPA,-17.7703,18.4597,8A,OTJO,-20.018,15.9799,361.26753866805393,755
8A,NEPA,-17.7703,18.4597,8A,WEWE,-21.209,16.809099,419.67638470730833,732
8A,NEPA,-17.7703,18.4597,NR,NE215,-18.78417,25.196014,720.0830378841902,238
8A,NEPA,-17.7703,18.4597,8A,OKAM,-20.407301,18.2187,294.3128350942249,625
DK,NOR,81.604718,-16.66103,1E,TQF,81.41333,-76.845001,944.361259363502,446
DK,NOR,81.604718,-16.66103,XF,NE1,74.87175,-38.55117,885.5215743051767,728
DK,NOR,81.604718,-16.66103,XF,NE6,79.326187,-38.454979,470.30850395982776,729
DK,NOR,81.604718,-16.66103,XF,NE2,73.990723,-46.23497,1069.714196868042,725
DK,NOR,81.604718,-16.66103,XF,NE5,74.117332,-31.150419,892.5465882985353,728
DK,NOR,81.604718,-16.66103,XF,NE3,76.394577,-43.458302,797.2790523863723,725
DK,NOR,81.604718,-16.66103,DK,NEEM,77.444702,-51.073799,815.9079208645076,3917
DK,NOR,81.604718,-16.66103,DK,DBG,74.307055,-20.219193,815.2734935619028,4621
DK,NOR,81.604718,-16.66103,GE,DAG,76.771301,-18.655001,538.9796929384511,4840
DK,NOR,81.604718,-16.66103,PL,HSPB,77.001877,15.53318,820.1326867248822,5022
XT,B151,12.9915,-67.651299,VE,IMOV,12.3585,-70.902298,359.6363749525275,293
XT,B151,12.9915,-67.651299,VE,ELOV,7.0011,-69.4832,695.6261977547227,293
XT,B151,12.9915,-67.651299,VE,JACV,11.0873,-68.82987,247.50419210834824,257
XT,B151,12.9915,-67.651299,VE,BAUV,8.9433,-68.041496,452.14985354678964,293
XT,B151,12.9915,-67.651299,XT,PNCH,11.2493,-66.5009,230.5849687103249,364
XT,B151,12.9915,-67.651299,XT,MHTO,13.9497,-66.490997,164.6045954890994,366
XT,B151,12.9915,-67.651299,XT,RPPC2,8.9494,-66.436501,468.6078409699374,118
XT,B151,12.9915,-67.651299,VE,CAIV,7.3262,-66.321602,646.5320437776699,292
XT,B151,12.9915,-67.651299,XT,SOMB,12.7209,-64.931297,296.3984289956555,360
XT,B151,12.9915,-67.651299,XT,ABPC,9.4608,-64.820702,499.4090348406479,210
XT,B151,12.9915,-67.651299,XT,MIPC,10.9455,-64.294403,430.20905028499845,240
XT,B151,12.9915,-67.651299,XT,CMPC,7.6508,-64.073097,711.1758824453033,366
XT,B151,12.9915,-67.651299,VE,RIOV,8.069,-61.814499,840.5205991931736,274
XT,B151,12.9915,-67.651299,VE,LUEV,5.8433,-61.4613,1045.0778331330332,236
YQ,N002,13.54526,39.416191,YQ,N009,13.2014,40.860081,160.8110437869966,127
KZ,AB06,49.261101,59.969299,QZ,INDER,48.501565,51.694986,610.6010451233758,1098
KZ,AB06,49.261101,59.969299,YL,WKZ15,43.36841,54.59763,773.840952882674,371
KZ,AB06,49.261101,59.969299,QZ,ALGA,49.986897,57.210083,214.4964553408661,1106
KZ,AB06,49.261101,59.969299,QZ,BRZS,49.981769,72.677469,917.8295547756874,1052
KZ,AB06,49.261101,59.969299,QZ,CHM,42.348271,69.573528,1068.465137295153,1106
KZ,AB06,49.261101,59.969299,QZ,AKST,45.734274,62.857266,448.09865611663434,1097
KZ,AB06,49.261101,59.969299,KZ,OTUK,48.244301,72.337502,912.7132672377093,3764
BL,PDCB,-12.5306,-39.123798,BL,TRMB,-18.092199,-44.929001,877.3129026166839,338
BL,PDCB,-12.5306,-39.123798,BL,TRSB,-4.873,-42.705898,937.9784487024423,475
BL,PDCB,-12.5306,-39.123798,IU,RCBR,-5.8274,-35.9014,824.9445137470991,168
BL,PDCB,-12.5306,-39.123798,BL,ITPB,-15.9887,-39.628201,388.34561423808714,429
ZG,CP19,-13.089,-70.393303,YS,OLC5,-21.009501,-68.352997,906.9833595537831,118
ZG,CP19,-13.089,-70.393303,ZG,CP12,-15.2374,-69.531097,256.3382013188207,240
ZG,CP19,-13.089,-70.393303,TO,PG01,-15.3626,-75.160202,572.5870049160882,113
ZG,CP19,-13.089,-70.393303,II,NNA,-11.9875,-76.8422,710.5896333472675,225
ZG,CP19,-13.089,-70.393303,ZD,FS07,-13.46172,-71.9198,170.32186770880503,219
ZG,CP19,-13.089,-70.393303,ZG,CP13,-14.7893,-71.444702,220.49792563119496,241
ZG,CP19,-13.089,-70.393303,TO,PG20,-14.6049,-73.997299,424.02646386893184,114
ZG,CP19,-13.089,-70.393303,ZG,CP07,-16.8862,-70.373901,422.2350994207687,230
ZG,CP19,-13.089,-70.393303,ZD,FM09,-12.65027,-73.041481,291.18094554894463,218
ZG,CP19,-13.089,-70.393303,TO,PE03,-17.1644,-71.789101,477.27860008011635,238
ZG,CP19,-13.089,-70.393303,ZG,CB34,-14.4346,-67.538803,342.67574466003515,244
ZG,CP19,-13.089,-70.393303,ZG,CB14,-17.249399,-65.900902,668.0777297405417,211
ZN,SA2G,66.327003,-51.860298,GE,SUMG,72.5742,-38.4626,865.3735001405526,306
8Q,P19,26.723123,-144.689908,8Q,P11,28.19732,-143.482162,202.65623373977874,445
8Q,P19,26.723123,-144.689908,8Q,P03,27.897,-141.755108,317.97180862713043,435
8Q,P19,26.723123,-144.689908,8Q,P09,26.612795,-142.356315,232.2018103856087,434
8Q,P19,26.723123,-144.689908,8Q,P18,25.762145,-143.392715,167.79493683126523,436
8Q,P19,26.723123,-144.689908,8Q,P17,25.826362,-141.048872,376.46304766256316,428
8Q,P19,26.723123,-144.689908,8Q,P15,27.844793,-139.753242,503.5082944543969,433
8Q,P19,26.723123,-144.689908,8Q,P22,26.902167,-138.673857,597.3090106776483,428
8Q,P19,26.723123,-144.689908,8Q,P12,29.909498,-142.683938,405.060880422188,434
8Q,P19,26.723123,-144.689908,8Q,P13,29.966537,-141.146892,500.2237768804454,434
8Q,P19,26.723123,-144.689908,8Q,P20,29.158303,-137.94284,715.8040284781181,432
XB,CM11,3.98,13.188,XB,CM29,9.347,13.385,597.180177058295,243
XB,CM11,3.98,13.188,XB,CM06,2.385,11.268,277.2934788997377,320
XB,CM11,3.98,13.188,XB,CM24,6.523,14.288,307.88209318910884,159
XB,CM11,3.98,13.188,XB,CM16,5.48,10.572,334.4462300531208,350
XB,CM11,3.98,13.188,XB,CM03,3.519,15.034,211.14315933740156,268
XB,CM11,3.98,13.188,XB,CM27,7.359,12.667,380.1238036035571,151
XB,CM11,3.98,13.188,XB,CM02,2.698,13.289,142.99228896979702,249
XB,CM11,3.98,13.188,XB,CM17,5.546,12.312,199.35862752984906,355
XB,CM11,3.98,13.188,XB,CM01,2.389,9.834,412.2495905615778,354
YT,THUR,-72.5301,-97.5606,YT,MCRG,-73.6681,-94.6493,157.66380304011395,2028
YT,THUR,-72.5301,-97.5606,YT,MA07,-78.2496,-93.4991,645.7213357196449,704
YT,THUR,-72.5301,-97.5606,YT,SILY,-77.1332,-125.966,957.5751490735701,4503
YT,THUR,-72.5301,-97.5606,YT,WAIS,-79.4181,-111.7779,850.9210833129183,4571
YT,THUR,-72.5301,-97.5606,1D,ELSW,-75.519371,-85.707581,490.42230718636654,381
YT,THUR,-72.5301,-97.5606,1D,PIG3,-75.084061,-97.474449,284.00038723065956,718
YT,THUR,-72.5301,-97.5606,YT,HOWD,-77.5286,-86.7694,634.1352372398679,4285
YT,THUR,-72.5301,-97.5606,YT,KOLR,-76.1544,-120.727,795.8885377911805,2364
YT,THUR,-72.5301,-97.5606,YT,ST10,-75.8143,-129.7489,1026.4218272895616,328
YT,THUR,-72.5301,-97.5606,7U,TJTJ,-77.29887,-100.476063,536.7709929963485,728
YT,THUR,-72.5301,-97.5606,YT,MA09,-79.8993,-104.9977,841.1328374525641,717
YT,THUR,-72.5301,-97.5606,YT,MTAK,-76.3157,-112.7986,616.5381263419844,2144
YT,THUR,-72.5301,-97.5606,YT,ST04,-80.7152,-116.5792,1021.6765219097098,248
YT,THUR,-72.5301,-97.5606,YT,ST07,-78.6388,-123.7953,978.4492215514173,357
YT,THUR,-72.5301,-97.5606,YT,LPLY,-73.1142,-90.2834,247.47939441081124,2181
YT,THUR,-72.5301,-97.5606,YT,MA06,-79.4397,-97.5587,768.3135279836557,702
YT,THUR,-72.5301,-97.5606,YT,ST02,-82.069,-109.1247,1092.5308574672706,251
YT,THUR,-72.5301,-97.5606,YT,UPTW,-77.5781,-109.0374,648.1113329347513,4423
YT,THUR,-72.5301,-97.5606,1D,ATOL,-71.389671,-68.870117,986.3464160544461,385
YT,THUR,-72.5301,-97.5606,1D,KIBB,-75.276108,-65.604904,1016.8912736882992,753
YT,THUR,-72.5301,-97.5606,YT,MECK,-75.2808,-72.185,831.8319279000262,2651
XJ,TKI,60.44611,166.148788,XJ,TIG,57.759483,158.685638,519.9383918738555,233
XJ,TKI,60.44611,166.148788,XJ,ESS,55.932159,158.694794,664.643724438228,224
XJ,TKI,60.44611,166.148788,XJ,APA,52.925709,157.132874,999.281675336779,300
XJ,TKI,60.44611,166.148788,XJ,SBL,54.30431,155.961823,914.1615238089447,180
XJ,TKI,60.44611,166.148788,XJ,PAN,59.094879,159.968002,377.0441195547257,260
XJ,TKI,60.44611,166.148788,XJ,OSO,59.261375,163.084213,215.93148700679163,137
XJ,TKI,60.44611,166.148788,XJ,KGB,56.25845,162.711456,506.8312745623764,200
XJ,TKI,60.44611,166.148788,XJ,ZUP,54.081619,159.987518,798.0211976766582,265
5A,ARAWA,-6.22292,155.563797,5A,LASU,-4.303918,153.108185,345.6231025600902,443
5A,ARAWA,-6.22292,155.563797,5A,LIHIR,-3.05528,152.611496,480.7274261060841,440
5A,ARAWA,-6.22292,155.563797,5A,KAVI,-2.56941,150.804428,665.8607487060697,432
YQ,MATA,-8.9593,33.968899,AF,KTWE,-12.814,28.209,760.9948916455457,93
YQ,MATA,-8.9593,33.968899,XK,Z04NN,-13.075,30.6276,585.125790563837,284
YQ,MATA,-8.9593,33.968899,XK,Z09CG,-13.3058,32.221001,519.5527703719243,288
YQ,MATA,-8.9593,33.968899,XK,W02NB,-13.724,33.559898,531.683138520928,275
YQ,MATA,-8.9593,33.968899,XK,W10LW,-12.6208,34.165199,407.7047851573411,278
YQ,MATA,-8.9593,33.968899,XK,W15SS,-15.6818,34.974701,755.4420170140673,279
YQ,MATA,-8.9593,33.968899,XK,Q07MR,-13.1967,37.4986,608.5138240508336,304
YQ,MATA,-8.9593,33.968899,AF,LBB,-11.631,27.485001,768.9894483320733,322
YQ,MATA,-8.9593,33.968899,ZV,CHAA,-7.59109,31.270399,333.6346635623752,432
YQ,MATA,-8.9593,33.968899,YQ,VWZM,-11.1753,33.574402,250.16441204803863,349
YQ,MATA,-8.9593,33.968899,YQ,MFRI,-9.2944,35.312901,152.18611402687895,316
YQ,MATA,-8.9593,33.968899,XJ,LN25,-2.5006,35.886398,748.8225625460341,479
YQ,MATA,-8.9593,33.968899,YQ,KIMO,-10.6922,36.046299,298.21210471918624,390
YL,BEKI,41.314999,34.263,MN,VTS,42.618,23.235,922.5187952627665,472
YL,BEKI,41.314999,34.263,XS,N039,41.1087,23.5846,892.9757463563305,170
YL,BEKI,41.314999,34.263,XS,S040,37.722,24.009001,965.2201640447437,480
YL,BEKI,41.314999,34.263,XS,S037,38.921001,24.530001,868.8100719954834,452
YL,BEKI,41.314999,34.263,GE,APE,37.068901,25.5306,887.7211355993924,177
YL,BEKI,41.314999,34.263,GE,ZKR,35.1147,26.216999,983.7529893942408,177
YL,BEKI,41.314999,34.263,YL,ARSL,40.955002,35.887001,141.77256373031392,661
MH,P0017,-9.9899,-135.034383,MH,P0016,-9.0,-138.39755,384.9120024973752,114
MH,P0017,-9.9899,-135.034383,MH,P0018,-12.273467,-132.196487,400.4093904103657,115
OZ,TOT,-37.82313,146.40738,S1,AUCAS,-34.2637,135.7219,1038.2396659491744,472
OZ,TOT,-37.82313,146.40738,OZ,MRAT,-34.62973,137.6256,863.5697518037533,436
OZ,TOT,-37.82313,146.40738,OZ,HKER,-31.7642,138.55251,983.328766079388,436
OZ,TOT,-37.82313,146.40738,S1,AUJCS,-33.2047,138.6098,872.2864232775833,407
OZ,TOT,-37.82313,146.40738,OZ,ROBE,-37.1472,139.87424,581.2037020798676,429
OZ,TOT,-37.82313,146.40738,OZ,MILD,-34.25915,142.05571,556.7650979507349,436
OZ,TOT,-37.82313,146.40738,S1,AUHPC,-38.1068,142.3183,359.82360483660733,416
OZ,TOT,-37.82313,146.40738,OZ,BOGA,-35.547,143.57532,357.4979966174869,462
OZ,TOT,-37.82313,146.40738,OZ,GRASY,-40.08652,144.01093,325.9804158521391,503
OZ,TOT,-37.82313,146.40738,OZ,ROWM,-37.80614,144.29176,185.85002583452012,503
OZ,TOT,-37.82313,146.40738,OZ,MARG,-41.99952,145.55162,470.0869916515447,503
OZ,TOT,-37.82313,146.40738,S1,AUGRF,-34.2858,146.059,394.57751202531097,502
OZ,TOT,-37.82313,146.40738,OZ,CURRY,-41.09589,146.95012,366.88316391034635,503
OZ,TOT,-37.82313,146.40738,OZ,DTMM,-36.52813,147.46539,171.81704264507286,503
OZ,TOT,-37.82313,146.40738,S1,AUUHS,-35.3589,150.4696,454.46742739481874,477
OZ,TOT,-37.82313,146.40738,YW,MSWL3,-32.3933,150.92683,730.2113001509516,244
OZ,TOT,-37.82313,146.40738,M8,MOGAR,-36.6965,149.9761,339.73961761300023,444
OZ,TOT,-37.82313,146.40738,S1,AUDCS,-32.2334,148.6278,653.5435957012105,503
OZ,TOT,-37.82313,146.40738,S1,AUPHS,-31.099,150.8943,853.0927970061352,503
XW,SAUM,16.141451,49.29332,ZF,LYDE,12.05456,41.925701,915.14232945696,168
XW,SAUM,16.141451,49.29332,ZF,HYNE,9.31476,42.096199,1088.4480830112198,165
XW,SAUM,16.141451,49.29332,XW,MOKA,13.31374,43.25631,721.2745857779976,186
XW,SAUM,16.141451,49.29332,XW,DAMT,14.08737,44.68227,545.1071024763414,189
XW,SAUM,16.141451,49.29332,XW,MUKA,14.48724,49.037788,185.97025955169084,189
XW,SAUM,16.141451,49.29332,XW,MAWI,15.46748,43.52317,621.8657242164202,189
XW,SAUM,16.141451,49.29332,XW,GHDI,15.63811,52.161732,311.82651732458766,106
XW,SAUM,16.141451,49.29332,II,RAYN,23.5225,45.5032,911.3011836143768,169
XW,SAUM,16.141451,49.29332,XW,TAMU,17.294781,49.928551,144.9926322899873,189
XW,SAUM,16.141451,49.29332,XW,SIMA,17.55549,52.316299,358.0672077497889,189
YT,ST14,-77.8378,-134.0802,YT,SURP,-84.7199,-171.2017,951.5942041629016,719
YT,ST14,-77.8378,-134.0802,YT,MPAT,-78.0297,-155.0221,484.6503749311585,719
YT,ST14,-77.8378,-134.0802,YT,SIPL,-81.6405,-148.9553,512.0528241189821,647
YT,ST14,-77.8378,-134.0802,YT,FALL,-85.3066,-143.6284,842.1180388191891,679
YT,ST14,-77.8378,-134.0802,YT,CLRK,-77.3231,-141.8485,194.22433785274546,719
YT,ST14,-77.8378,-134.0802,YT,ST01,-83.228,-98.7418,855.3691956072768,361
YT,ST14,-77.8378,-134.0802,YT,SILY,-77.1332,-125.966,210.4067300647714,719
YT,ST14,-77.8378,-134.0802,YT,WAIS,-79.4181,-111.7779,515.7224729334241,714
YT,ST14,-77.8378,-134.0802,YT,HOWD,-77.5286,-86.7694,1092.3836576731367,719
YT,ST14,-77.8378,-134.0802,YT,KOLR,-76.1544,-120.727,381.7458041338262,719
YT,ST14,-77.8378,-134.0802,YT,ST10,-75.8143,-129.7489,250.19906153691596,691
YT,ST14,-77.8378,-134.0802,YT,ST04,-80.7152,-116.5792,479.7766293206681,585
YT,ST14,-77.8378,-134.0802,YT,BENN,-84.5731,-117.3923,793.2155862703642,386
YT,ST14,-77.8378,-134.0802,YT,ST07,-78.6388,-123.7953,249.1504818719782,719
YT,ST14,-77.8378,-134.0802,YT,ST02,-82.069,-109.1247,664.8209337239715,615
YT,ST14,-77.8378,-134.0802,YT,UPTW,-77.5781,-109.0374,589.0119177953786,322
XS,S009,37.548,22.212,MN,WDD,35.8373,14.5242,711.1219482733993,384
XS,S009,37.548,22.212,HT,LKD,38.707199,20.6506,187.79045860690277,166
XS,S009,37.548,22.212,MN,CLTB,37.578,13.216,792.6338292845962,195
XS,S009,37.548,22.212,MN,VTS,42.618,23.235,570.4240267829418,348
XS,S009,37.548,22.212,MN,DIVS,44.0981,19.9917,751.8355833673303,485
XS,S009,37.548,22.212,YG,CBP4N,45.978298,18.12705,996.3934850202578,426
XS,S009,37.548,22.212,XS,S040,37.722,24.009001,159.4148497782905,489
XS,S009,37.548,22.212,XS,S037,38.921001,24.530001,253.55521370234064,452
XS,S009,37.548,22.212,GE,APE,37.068901,25.5306,298.28470658179873,192
XS,S009,37.548,22.212,GE,ZKR,35.1147,26.216999,449.27902277435123,188
Z6,13,29.351299,155.244003,Z6,16,27.7988,155.108505,173.13652029018363,365
Z6,13,29.351299,155.244003,Z6,08L,27.813601,151.491699,404.28976489483813,367
BL,POPB,-22.456499,-52.8368,BL,CANB,-22.96814,-50.37785,258.55330321226404,618
BL,POPB,-22.456499,-52.8368,BL,PAZB,-15.1369,-50.8634,839.9468681075589,351
BL,POPB,-22.456499,-52.8368,BL,SLMB,-16.570499,-50.345501,704.5969101311019,136
BL,POPB,-22.456499,-52.8368,BL,COR2,-17.743299,-48.689201,679.7686739759105,145
BL,POPB,-22.456499,-52.8368,BL,PORB,-13.33043,-49.078739,1089.7059059727012,218
IC,HIA,49.270115,119.741363,IU,ULN,47.8651,107.0532,945.4275186928662,2393
IC,HIA,49.270115,119.741363,1G,NOP01,41.97177,110.49863,1082.5061872021085,378
IC,HIA,49.270115,119.741363,ZX,230,41.803101,118.326897,837.529803255083,315
IC,HIA,49.270115,119.741363,YP,NE81,46.069698,116.634697,425.07111735964924,703
IC,HIA,49.270115,119.741363,1G,EA29,41.62461,112.42881,1022.7210227963378,143
IC,HIA,49.270115,119.741363,1A,NE48,44.651001,118.269997,525.5916962523195,361
IC,HIA,49.270115,119.741363,YP,NE83,46.2132,118.801102,347.1012837032688,703
IC,HIA,49.270115,119.741363,ZX,215,40.438499,118.3479,988.1079297524651,390
IC,HIA,49.270115,119.741363,XG,MJPU,40.666698,115.683701,1008.1201566200901,1220
IC,HIA,49.270115,119.741363,XG,ELSH,41.9869,114.455597,907.6361202277125,816
IC,HIA,49.270115,119.741363,YP,NE32,42.670799,117.070099,762.165649471229,497
IC,HIA,49.270115,119.741363,YP,NEP7,48.1744,118.1474,168.86099095361277,317
IC,HIA,49.270115,119.741363,YP,NE44,43.370701,119.677299,656.0041912559119,317
IC,HIA,49.270115,119.741363,YP,NE66,45.004101,120.704201,479.9064622325438,686
IC,HIA,49.270115,119.741363,YP,NEA3,47.562302,121.292,221.70593327832015,695
IC,HIA,49.270115,119.741363,1A,NE26,42.306,121.470001,785.8304657833337,336
IC,HIA,49.270115,119.741363,XG,SQUAN,40.473,122.138702,996.1301780242653,367
IC,HIA,49.270115,119.741363,YP,NEP5,45.733601,122.619797,448.687944662034,314
IC,HIA,49.270115,119.741363,YP,NE57,44.122898,123.258499,631.9050540786423,704
IC,HIA,49.270115,119.741363,YP,NEA5,47.648602,124.036697,364.37838126186557,623
IC,HIA,49.270115,119.741363,1A,NE00,39.990002,124.306999,1092.7944295069506,264
IC,HIA,49.270115,119.741363,YP,NE59,44.095901,125.961098,745.2206232143236,702
IC,HIA,49.270115,119.741363,YP,NE8B,46.207199,126.056297,581.9181524463435,687
IC,HIA,49.270115,119.741363,5G,D16,41.745,126.4048,983.89308355899,1438
IC,HIA,49.270115,119.741363,CB,HEH,50.252998,127.410004,561.296710202135,3156
IC,HIA,49.270115,119.741363,XI,DHAA,43.344456,128.19812,924.1758742987073,212
IC,HIA,49.270115,119.741363,YP,NE7D,45.342098,128.742905,806.2829629015002,594
IC,HIA,49.270115,119.741363,YP,NEAD,47.581402,133.5802,1036.7165816129962,594
IC,HIA,49.270115,119.741363,YP,NE6F,45.295898,131.201401,969.4701903673484,636
IC,HIA,49.270115,119.741363,YP,NE5D,44.107601,129.6008,944.8106932451358,465
IC,HIA,49.270115,119.741363,YP,NE9B,46.946201,129.7948,789.178918347035,694
IC,HIA,49.270115,119.741363,YP,NEAB,47.602501,131.668396,898.1972718746919,609
IC,HIA,49.270115,119.741363,YP,NE8I,45.994301,133.655807,1102.5045048179854,656
IC,HIA,49.270115,119.741363,1U,SHRD,41.945759,128.791214,1074.9692379952617,703
IC,HIA,49.270115,119.741363,5G,D10,42.9305,130.3004,1075.1243802061065,1807
YS,PL14,18.7976,-153.992294,YS,NGOK,22.122999,-159.664993,697.0049615685609,100
YS,PL14,18.7976,-153.992294,YS,MRKH,21.108999,-157.270004,428.24885344597436,246
YS,PL14,18.7976,-153.992294,YS,PL27,18.000299,-155.714996,202.2302328218504,365
YS,PL14,18.7976,-153.992294,YS,PL19,16.711901,-153.407806,240.03599298566058,365
YS,PL14,18.7976,-153.992294,YS,PL03,21.2055,-155.679398,320.55746963750255,369
YS,PL14,18.7976,-153.992294,YS,PL08,20.892599,-153.292099,244.19219899338674,367
YS,PL14,18.7976,-153.992294,YS,PL21,17.180099,-154.691299,194.4571563081515,364
S1,AUKAR,-20.752,116.8178,M8,AU41,-28.0108,120.9861,910.6584398566976,161
S1,AUKAR,-20.752,116.8178,M8,AQ41,-27.9997,118.5997,825.8265846863159,171
S1,AUKAR,-20.752,116.8178,M8,MUKOZ,-26.7575,114.6094,704.5389551361349,166
S1,AUKAR,-20.752,116.8178,M8,AI45,-29.9886,114.9982,1043.149913737784,561
PB,GUAX,28.88406,-118.28968,RE,BRBY3,34.582365,-119.980601,653.4565031197749,258
PB,GUAX,28.88406,-118.28968,BC,PIX,31.5629,-113.4599,551.3221419396142,1780
PB,GUAX,28.88406,-118.28968,BC,TJX,32.51017,-117.0543,420.13965491571406,1922
AF,GRM,-33.313,26.507999,AF,CVNA,-31.482,19.762,665.1290693977069,1825
AF,GRM,-33.313,26.507999,AF,HVD,-30.605,25.497,315.8549465292246,1642
AF,GRM,-33.313,26.507999,AF,UPI,-28.362,21.253,744.6020572350099,1677
AF,GRM,-33.313,26.507999,AF,PKA,-29.67,22.757,538.9670479498972,787
AF,GRM,-33.313,26.507999,ZQ,AAM2,-26.473,27.490999,766.4411147292701,539
XI,SC14,47.723,-84.814003,NM,SCMO,38.761799,-90.641296,1101.7918449283295,820
XI,SC14,47.723,-84.814003,XI,SC04,49.624001,-89.675003,414.70739949921676,794
XI,SC14,47.723,-84.814003,XI,SN44,46.716999,-93.125999,637.2999928257647,828
XI,SC14,47.723,-84.814003,XI,SC09,49.740002,-86.754997,265.62451280015097,825
XI,SC14,47.723,-84.814003,US,ECSD,43.7337,-96.6141,1016.2569497813554,835
XI,SC14,47.723,-84.814003,US,GLMI,44.8245,-84.6175,322.6522943247011,721
XI,SC14,47.723,-84.814003,XI,SC10,49.752998,-83.817001,237.26551710414753,831
XI,SC14,47.723,-84.814003,WU,TOBO,45.225804,-81.523445,374.8957466460698,454
XI,SC14,47.723,-84.814003,PO,MEDO,43.1646,-78.454597,708.8056376391472,791
XI,SC14,47.723,-84.814003,X8,QM90,52.2915,-77.098801,748.9582691519738,322
XI,SC14,47.723,-84.814003,PO,ACTO,43.6087,-80.062401,587.6646713143921,825
XI,SC14,47.723,-84.814003,XY,PACW,39.9962,-77.9247,1020.4757199645269,162
XI,SC14,47.723,-84.814003,LD,FRNY,44.835,-73.5883,919.5061030904177,819
XI,SC14,47.723,-84.814003,PO,LATQ,47.3835,-72.7819,902.8407367567086,516
JP,JSU,31.509331,130.452667,CB,NJ2,32.051701,118.854401,1097.4411289816217,1836
JP,JSU,31.509331,130.452667,JP,JMJ2,24.740801,125.327797,904.678185562043,4270
JP,JSU,31.509331,130.452667,KS,SH2B,38.2686,128.2524,777.8537158169156,1089
JP,JSU,31.509331,130.452667,JP,JHJ2,33.115299,139.813797,897.3283171562196,4259
JP,JSU,31.509331,130.452667,JP,JWT,35.285671,135.398666,622.0390649531449,4272
JP,JSU,31.509331,130.452667,JP,JTU,34.5275,129.396332,349.7513511381239,4270
JP,JSU,31.509331,130.452667,JP,JHS,35.001831,133.113663,460.42477818025714,4271
JP,JSU,31.509331,130.452667,JP,JMN,33.731499,133.876328,404.7595254465126,4271
JP,JSU,31.509331,130.452667,PS,TSK,36.2108,140.1097,1032.8538397286634,3593
JP,JSU,31.509331,130.452667,JP,JNU,33.125,130.876694,184.01960156406966,4271
JP,JSU,31.509331,130.452667,JP,JMZ,25.81983,131.223663,637.0941057956901,4215
JP,JSU,31.509331,130.452667,JP,JSD,38.040001,138.257172,1016.7889428114481,4272
AF,TEZI,-15.747,26.016001,AF,MONG,-15.15,23.09,320.5468438144791,549
AF,TEZI,-15.747,26.016001,XK,B07DX,-20.549,22.749399,635.7301944423467,308
AF,TEZI,-15.747,26.016001,XK,B04KH,-20.474199,24.513901,549.0735052880704,297
AF,TEZI,-15.747,26.016001,XK,B17CI,-19.2938,22.909401,513.8159374339618,300
AF,TEZI,-15.747,26.016001,ZP,KAMZ,-14.7948,24.804399,167.63511271871042,166
AF,TEZI,-15.747,26.016001,AF,KTWE,-12.814,28.209,402.73347740782293,1132
AF,TEZI,-15.747,26.016001,ZP,MKUS,-13.6035,29.379101,433.1962869361647,120
AF,TEZI,-15.747,26.016001,XK,Z04NN,-13.075,30.6276,578.6865704808428,255
AF,TEZI,-15.747,26.016001,AF,HARE,-17.704,31.009001,574.4723086823464,174
AF,TEZI,-15.747,26.016001,AF,MOPA,-23.517,31.398,1031.255801518346,538
AF,TEZI,-15.747,26.016001,XK,Z09CG,-13.3058,32.221001,720.8872041738521,259
AF,TEZI,-15.747,26.016001,6H,MASS,-21.588499,32.921299,974.8831602678662,197
AF,TEZI,-15.747,26.016001,XK,W02NB,-13.724,33.559898,841.7789514692366,275
AF,TEZI,-15.747,26.016001,XV,TETE,-16.129999,33.57,808.7526806981301,386
AF,TEZI,-15.747,26.016001,6H,INCA,-19.2197,33.8419,915.2279169632635,99
AF,TEZI,-15.747,26.016001,XK,W10LW,-12.6208,34.165199,944.6373680020856,271
AF,TEZI,-15.747,26.016001,XK,W15SS,-15.6818,34.974701,958.8859977096291,265
AF,TEZI,-15.747,26.016001,XV,SENA,-17.445,35.032001,979.0250106517709,413
AF,TEZI,-15.747,26.016001,ZP,MPIK,-11.821,31.4517,731.4311789931286,303
AF,TEZI,-15.747,26.016001,AF,LBB,-11.631,27.485001,484.40135496623645,505
AF,TEZI,-15.747,26.016001,ZP,KASM,-10.2174,31.1401,828.2690358758186,256
AF,TEZI,-15.747,26.016001,ZP,MWEN,-10.0582,28.7017,696.2730298879272,144
AF,TEZI,-15.747,26.016001,AF,PWET,-8.28,28.530001,874.0860396982423,673
AF,TEZI,-15.747,26.016001,ZP,LAEL,-8.566,32.059101,1033.6530257031725,180
AF,TEZI,-15.747,26.016001,ZP,ISOK,-10.1708,32.645699,948.7228420643165,360
GE,GHAR,32.122398,13.0885,MN,WDD,35.8373,14.5242,433.75582464674164,192
GE,GHAR,32.122398,13.0885,MN,VSL,39.496,9.378,885.3222483880338,174
GE,GHAR,32.122398,13.0885,MN,CLTB,37.578,13.216,606.747455011237,144
GE,GHAR,32.122398,13.0885,GE,SKD,35.411999,23.927999,1065.9118668784063,177
CM,RUS,5.8925,-73.083167,8G,EC17,-0.0268,-79.847702,998.5057212237575,153
CM,RUS,5.8925,-73.083167,EC,PUYO,-1.493,-78.024902,987.6754069197931,2857
CM,RUS,5.8925,-73.083167,YU,NL02,9.2491,-70.2202,488.73506732792606,486
CM,RUS,5.8925,-73.083167,CM,SJC,9.896667,-75.1795,501.5279575749639,3311
CM,RUS,5.8925,-73.083167,YU,NL10,10.6679,-71.4911,559.1357160234883,548
CM,RUS,5.8925,-73.083167,YU,SL02,7.6943,-71.0365,301.9996947634975,457
CM,RUS,5.8925,-73.083167,3C,NW09,6.289741,-74.985709,214.94595592897284,470
CM,RUS,5.8925,-73.083167,YU,GJ03,11.7273,-72.5457,651.4809990099192,587
CM,RUS,5.8925,-73.083167,CM,LCBC,8.857167,-76.367667,489.72453130869235,1697
CM,RUS,5.8925,-73.083167,3C,GS02,4.619993,-75.925355,345.04822381258685,942
CM,RUS,5.8925,-73.083167,3C,SL09,4.380633,-74.023873,197.77488554887128,620
CM,RUS,5.8925,-73.083167,CM,TUM,1.823667,-78.726667,772.3591187399201,3301
CM,RUS,5.8925,-73.083167,YU,SL09,8.9599,-72.6846,343.8986364304307,547
CM,RUS,5.8925,-73.083167,EC,TULM,0.7161,-77.786903,777.0264932963549,3788
CM,RUS,5.8925,-73.083167,VE,BAUV,8.9433,-68.041496,651.186257133059,1738
5G,D10,42.9305,130.3004,1A,NE48,44.651001,118.269997,983.4632137216869,328
5G,D10,42.9305,130.3004,YP,NE83,46.2132,118.801102,980.146939281841,278
5G,D10,42.9305,130.3004,ZX,215,40.438499,118.3479,1029.495978968149,109
5G,D10,42.9305,130.3004,YP,NE32,42.670799,117.070099,1078.684606305201,129
5G,D10,42.9305,130.3004,YP,NE44,43.370701,119.677299,862.5851571389868,209
5G,D10,42.9305,130.3004,YP,NE66,45.004101,120.704201,801.2932130835486,278
5G,D10,42.9305,130.3004,YP,NEA3,47.562302,121.292,872.3650942059088,278
5G,D10,42.9305,130.3004,1A,NE26,42.306,121.470001,725.5495336527349,306
5G,D10,42.9305,130.3004,CB,DL2,38.905998,121.627998,854.4609619992812,247
5G,D10,42.9305,130.3004,XG,SQUAN,40.473,122.138702,730.2143734732756,367
5G,D10,42.9305,130.3004,YP,NE57,44.122898,123.258499,582.8095646281556,278
5G,D10,42.9305,130.3004,YP,NEA5,47.648602,124.036697,717.4009146287408,278
5G,D10,42.9305,130.3004,1A,NE00,39.990002,124.306999,596.7110427667025,243
5G,D10,42.9305,130.3004,YP,NE59,44.095901,125.961098,373.0892392190306,278
5G,D10,42.9305,130.3004,YP,NE8B,46.207199,126.056297,495.6194911687919,278
5G,D10,42.9305,130.3004,5G,D16,41.745,126.4048,346.2241078899013,1299
5G,D10,42.9305,130.3004,CB,HEH,50.252998,127.410004,843.4742709760686,248
5G,D10,42.9305,130.3004,YP,NE7D,45.342098,128.742905,295.547220595776,258
5G,D10,42.9305,130.3004,YP,NEAD,47.581402,133.5802,577.2382281931003,204
5G,D10,42.9305,130.3004,YP,NE6F,45.295898,131.201401,272.67384026272254,278
5G,D10,42.9305,130.3004,YP,NE5D,44.107601,129.6008,142.5248956455587,186
5G,D10,42.9305,130.3004,JP,ASAJ,44.118801,142.593002,998.9010024375746,1027
5G,D10,42.9305,130.3004,YP,NE9B,46.946201,129.7948,448.2932187841479,278
5G,D10,42.9305,130.3004,YP,NEAB,47.602501,131.668396,530.3957402126002,203
5G,D10,42.9305,130.3004,YP,NE8I,45.994301,133.655807,432.31537034040684,278
5G,D10,42.9305,130.3004,JP,JNU,33.125,130.876694,1091.4830881739856,1019
GB,GDLE,54.42183,-0.81567,CH,SLE,47.7645,8.49236,983.5214938144366,2872
GB,GDLE,54.42183,-0.81567,G,CLF,48.02579,2.26,742.5747520266768,932
GB,GDLE,54.42183,-0.81567,GB,JSA,49.18783,-2.17167,589.3854402234448,2809
GB,GDLE,54.42183,-0.81567,DK,MUD,56.455,9.1733,668.6975939251706,2711
GB,GDLE,54.42183,-0.81567,CZ,PRIC,49.6693,12.6782,1060.914592277967,993
GB,GDLE,54.42183,-0.81567,GB,HMNX,50.86733,0.33633,402.79756997327934,2803
GB,GDLE,54.42183,-0.81567,EI,IMAY,54.160708,-9.379619,556.2198021972109,1128
GB,GDLE,54.42183,-0.81567,GB,DRUM,56.91267,-2.4865,296.1051230358311,2892
GB,GDLE,54.42183,-0.81567,GB,LAWE,56.26,-5.399,354.53698948451495,2884
GB,GDLE,54.42183,-0.81567,GB,LRW,60.136,-1.17783,635.7578109877629,2899
GB,GDLE,54.42183,-0.81567,GB,WACR,52.72433,0.62833,211.45607060576964,2677
GB,GDLE,54.42183,-0.81567,GB,GAL1,54.86633,-4.71133,255.45102337110131,2783
GB,GDLE,54.42183,-0.81567,EI,IDGL,55.073,-7.51,435.5226616085995,2800
GB,GDLE,54.42183,-0.81567,EI,IMAC,51.845801,-9.070097,620.177262904183,1128
GB,GDLE,54.42183,-0.81567,WF,SPG,52.32553,-3.01928,275.1135021810815,566
GB,GDLE,54.42183,-0.81567,EI,DSB,53.24519,-6.37619,387.5014156272655,2865
ZA,B20,9.8252,-142.660507,ZA,B26,7.5382,-144.945801,357.4399363300543,388
ZA,B20,9.8252,-142.660507,ZA,B06,9.7074,-147.748093,557.6645848674,391
ZA,B20,9.8252,-142.660507,ZA,B02,11.0639,-145.714005,361.19326957298557,391
YF,PB60,53.950298,22.0117,MN,DIVS,44.0981,19.9917,1105.2516586443774,187
YF,PB60,53.950298,22.0117,YG,CBP4N,45.978298,18.12705,928.6135488604447,114
YF,PB60,53.950298,22.0117,YG,CBP2J,47.367298,18.03178,783.6033583078085,112
YF,PB60,53.950298,22.0117,YG,CBP4F,47.720261,15.97801,811.3953091945184,128
YF,PB60,53.950298,22.0117,YF,PB49,52.4916,17.804701,323.5842467814321,175
YF,PB60,53.950298,22.0117,ZU,PA69,53.238701,19.841999,163.58523529172953,134
YS,SAVU,-10.5476,121.8613,YS,BULE,-9.41579,119.30487,306.9411312205285,318
YS,SAVU,-10.5476,121.8613,YS,SARA,-8.7873,121.1043,212.59781400505247,701
YS,SAVU,-10.5476,121.8613,YS,HADA,-8.3722,123.5454,304.3492525495406,705
YS,SAVU,-10.5476,121.8613,YS,ONIX,-10.1033,124.4498,287.44313222173236,685
YS,SAVU,-10.5476,121.8613,YS,MTNG,-8.2969,125.1025,434.77106241172265,694
YS,SAVU,-10.5476,121.8613,S1,AUDHS,-12.44,130.833,999.9056786755509,619
IM,CY602,34.34664,34.51679,HL,RDO,41.145031,25.53553,1092.0299004098981,2004
IM,CY602,34.34664,34.51679,KO,DKL,39.0713,26.9053,857.5790623578026,1985
IM,CY602,34.34664,34.51679,HL,ARG,36.213558,28.12122,616.387967270763,2094
IM,CY602,34.34664,34.51679,GF,TEPE,41.056,28.5147,913.4790716917344,791
IM,CY602,34.34664,34.51679,KO,ELL,36.7483,29.9085,495.0199821633314,1977
IM,CY602,34.34664,34.51679,IM,CY101,34.20406,31.62915,265.79503442211495,1587
IM,CY602,34.34664,34.51679,IM,CY301,33.30031,33.05407,178.30467018983924,203
IM,CY602,34.34664,34.51679,GO,GHRG,41.7348,42.341,1068.7750247173665,953
IM,CY602,34.34664,34.51679,MP,DHK1,36.8606,42.8665,804.6253687829242,1251
IM,CY602,34.34664,34.51679,YB,SM05,38.70424,37.21084,540.975964446626,213
IM,CY602,34.34664,34.51679,MP,ANB2,33.0375,40.32,556.189672399609,353
IM,CY602,34.34664,34.51679,1F,ANIM,31.26756,34.99689,345.3046221642534,473
IM,CY602,34.34664,34.51679,MP,SAM2,30.5295,44.5586,1032.8846779009075,468
IM,CY602,34.34664,34.51679,MP,KUT1,32.5091,45.7974,1066.0012158510192,568
IM,CY602,34.34664,34.51679,MP,SLY1,35.5784,45.3667,997.637370937385,288
NR,NE79,23.11937,-109.756111,NR,NE74,28.007509,-114.013802,691.1114993935088,1468
NR,NE79,23.11937,-109.756111,ZL,N06,27.174299,-111.153603,472.30627897064215,304
NR,NE79,23.11937,-109.756111,NR,NE78,24.398199,-111.10643,197.74878106845927,684
NR,NE79,23.11937,-109.756111,ZL,I02,25.684299,-110.099602,287.32005252947306,305
NR,NE79,23.11937,-109.756111,NR,NE82,26.915661,-109.230843,425.4320172168989,1199
NR,NE79,23.11937,-109.756111,ZL,S05,23.347799,-108.094299,171.68821004114992,307
NR,NE79,23.11937,-109.756111,NR,NE83,24.730881,-107.739326,272.258334760683,784
NR,NE79,23.11937,-109.756111,XF,MA36,19.3594,-104.893204,654.7251516470965,215
NR,NE79,23.11937,-109.756111,XF,MA40,20.219801,-103.942001,681.7417112151613,209
NR,NE79,23.11937,-109.756111,XF,MA28,20.1786,-102.597,808.7730913422646,215
NR,NE79,23.11937,-109.756111,NR,NE80,30.5,-112.319931,859.1339362566122,1234
NR,NE79,23.11937,-109.756111,NR,NE81,28.918341,-109.636261,644.9280877232738,1195
NR,NE79,23.11937,-109.756111,IM,TX02,29.329901,-103.657997,919.9003339515607,1503
M8,AI45,-29.9886,114.9982,S1,AUKAL,-30.7637,121.4789,627.550202938588,547
M8,AI45,-29.9886,114.9982,M8,WATNG,-30.73225,118.19848,317.9798047803049,565
M8,AI45,-29.9886,114.9982,M8,AU41,-28.0108,120.9861,622.3779621137917,165
M8,AI45,-29.9886,114.9982,M8,AQ41,-27.9997,118.5997,414.2118041209071,173
M8,AI45,-29.9886,114.9982,S1,AUMAZ,-32.0069,116.0384,245.34562034573162,459
M8,AI45,-29.9886,114.9982,M8,AY52,-33.46036,123.00861,849.9414587014418,166
M8,AI45,-29.9886,114.9982,S1,AUBUS,-33.6601,115.3828,409.86543084551346,565
M8,AI45,-29.9886,114.9982,S1,AUALB,-34.9995,117.9046,620.201352923659,543
M8,AI45,-29.9886,114.9982,M8,MUKOZ,-26.7575,114.6094,361.289524680722,170
YH,LOBS4,-39.120098,178.981506,NZ,URZ,-38.259249,177.110894,188.46637981586957,320
YH,LOBS4,-39.120098,178.981506,6K,AVIO,-44.62935,170.24124,947.1748181884041,170
YH,LOBS4,-39.120098,178.981506,6K,BRIO,-45.9395,170.30144,1038.434241509511,145
S1,AUMUL,-28.5585,153.4949,S1,AUUHS,-35.3589,150.4696,808.1095381406939,448
S1,AUMUL,-28.5585,153.4949,S1,AUDCS,-32.2334,148.6278,620.2458863541048,465
S1,AUMUL,-28.5585,153.4949,S1,AUPHS,-31.099,150.8943,377.7701824443133,456
S1,AUMUL,-28.5585,153.4949,S1,AUMOU,-24.5752,149.9814,564.0839098378766,325
MY,KOM,1.7922,103.846703,ZB,LAIS,-3.5291,102.034698,625.0358437495067,251
MY,KOM,1.7922,103.846703,ZB,L10S,0.6458,100.867378,354.88996121865193,102
MY,KOM,1.7922,103.846703,MY,KUM,5.2902,100.6492,526.4803909894193,5490
MY,KOM,1.7922,103.846703,ZB,TIKU,-0.399,99.944199,497.6124086878397,237
MY,KOM,1.7922,103.846703,PS,PSI,2.6938,98.923698,556.1000647378705,6108
MY,KOM,1.7922,103.846703,ZB,PPNG,-1.99397,99.603699,632.2646331296369,198
MY,KOM,1.7922,103.846703,TM,SKLT,7.175815,100.615686,697.532505459782,3177
MY,KOM,1.7922,103.846703,ZB,N60B,1.63527,99.883049,440.8869327357359,219
MY,KOM,1.7922,103.846703,ZB,Y30S,-0.08943,97.860863,697.6077638610645,282
MY,KOM,1.7922,103.846703,MY,SBM,2.4529,112.213997,932.6553000843962,6086
XM,ANB07,-23.7691,-63.6877,C1,AC02,-26.835517,-69.129067,644.451547984062,264
XM,ANB07,-23.7691,-63.6877,XM,ANB19,-27.7766,-62.9698,451.37137225603,639
XM,ANB07,-23.7691,-63.6877,XM,ANB11,-25.951,-62.49889,270.63929114807985,586
XM,ANB07,-23.7691,-63.6877,C1,CO05,-29.91864,-71.23841,1013.7316389515373,650
XM,ANB07,-23.7691,-63.6877,XM,ANB09,-25.4413,-66.2624,319.8735277199557,349
XM,ANB07,-23.7691,-63.6877,XM,ANB18,-28.4534,-59.3139,679.57403099599,629
XM,ANB07,-23.7691,-63.6877,XM,ANB20,-26.7962,-65.316,374.2869426569724,638
XM,ANB07,-23.7691,-63.6877,XM,ANB03,-23.50208,-66.11349,248.88290124727095,639
XM,ANB07,-23.7691,-63.6877,4Q,UT19,-22.621085,-68.369201,495.1861688030374,142
XM,ANB07,-23.7691,-63.6877,XM,ANB10,-25.0271,-64.5865,166.8858989040219,643
XM,ANB07,-23.7691,-63.6877,XM,ANB17,-25.2429,-59.8069,425.451437978096,559
XM,ANB07,-23.7691,-63.6877,XM,ANB16,-24.0911,-61.4628,228.94612501730572,561
XM,ANB07,-23.7691,-63.6877,XM,CB22,-24.00541,-68.52551,492.53973950083696,593
XM,ANB07,-23.7691,-63.6877,XM,CB01,-22.09872,-70.21211,693.3852273132512,591
N4,060A,27.0361,-80.3618,CW,CAMR,23.061737,-81.370857,453.4616098610641,2525
N4,060A,27.0361,-80.3618,CY,CBCY,19.73797,-79.758278,813.8454576120963,3825
N4,060A,27.0361,-80.3618,9R,OBS16,18.39057,-81.81344,972.7699264167281,164
N4,060A,27.0361,-80.3618,CW,CHIV,19.97648,-76.415131,881.951077692562,2856
N4,060A,27.0361,-80.3618,CW,CAIB,22.497055,-79.47097,512.6644875674908,2698
N4,060A,27.0361,-80.3618,CW,GNEO,20.3274,-74.592934,949.1617629545706,179
N4,060A,27.0361,-80.3618,JM,NMIA0,18.025,-76.02654,1096.1806498122946,255
N4,060A,27.0361,-80.3618,CW,CCCC,21.193399,-77.417297,715.0258579250401,3223
N4,060A,27.0361,-80.3618,NM,EUAL,32.97143,-88.08669,993.8321110737601,110
N4,060A,27.0361,-80.3618,N4,X48A,34.4517,-87.0452,1042.3980683446105,4346
N4,060A,27.0361,-80.3618,N4,V51A,35.803299,-84.351097,1045.494750688715,1459
N4,060A,27.0361,-80.3618,Z9,W315,34.177898,-83.853104,861.3848965593334,102
N4,060A,27.0361,-80.3618,N4,257A,31.9746,-81.0261,552.8825706912327,4049
N4,060A,27.0361,-80.3618,Z9,E31,32.986599,-82.107002,682.6332857537366,99
N4,060A,27.0361,-80.3618,N4,Y60A,34.0046,-78.2163,801.5867162048429,3973
N4,060A,27.0361,-80.3618,YO,X10,33.047501,-76.059898,786.0940039184654,358
N4,060A,27.0361,-80.3618,YO,D03,34.3559,-74.488701,988.3660302993536,364
N4,060A,27.0361,-80.3618,YO,X09,32.516899,-74.3536,840.883335369308,359
PM,PMOZ,32.823002,-17.19717,II,CMLA,37.7637,-25.5243,933.6809825058435,1780
PM,PMOZ,32.823002,-17.19717,IP,MTOR,28.494801,-9.8487,851.4864024830086,193
PM,PMOZ,32.823002,-17.19717,ZI,MB16,29.7026,-9.5269,807.1040483186049,724
PM,PMOZ,32.823002,-17.19717,3D,MM15,31.1991,-8.8973,802.8922472797105,839
PM,PMOZ,32.823002,-17.19717,ZI,MB19,29.741051,-7.979389,940.1682693276819,442
PM,PMOZ,32.823002,-17.19717,MN,RTC,33.9881,-6.8569,968.1097978238379,4653
PM,PMOZ,32.823002,-17.19717,3D,MM05,30.680401,-6.3895,1048.7709932986177,797
PM,PMOZ,32.823002,-17.19717,1L,ST30,37.734164,-6.621247,1103.4405329761544,140
PM,PMOZ,32.823002,-17.19717,PM,PFVI,37.132832,-8.826829,900.133747682747,5899
XO,EP16,59.1126,-156.8567,XO,WD69,53.782065,-160.34289,630.0506210199254,340
XO,EP16,59.1126,-156.8567,XO,WD67,52.162563,-160.035832,797.9202238981891,342
XO,EP16,59.1126,-156.8567,XO,LA32,54.4982,-157.8522,516.6497638362085,370
XO,EP16,59.1126,-156.8567,XO,EP23,56.9071,-157.0201,245.42937459050367,279
XO,EP16,59.1126,-156.8567,XO,WD58,53.906227,-155.035345,589.5528358303663,344
XO,EP16,59.1126,-156.8567,XO,WD49,54.399083,-151.89947,604.619870516935,345
XO,EP16,59.1126,-156.8567,XO,LD42,55.549885,-154.671428,417.248062627526,376
XO,EP16,59.1126,-156.8567,XO,KD02,57.8618,-152.6575,280.8351705714171,376
XO,EP16,59.1126,-156.8567,XO,WD72,56.257748,-151.81063,436.5089323681749,329
XO,EP16,59.1126,-156.8567,AT,SVW2,61.1082,-155.621704,232.20301340566064,210
XO,EP16,59.1126,-156.8567,XO,ET20,58.1304,-154.9716,154.392387846067,356
XO,EP16,59.1126,-156.8567,AT,MID,59.427799,-146.338806,598.0227558470584,383
XO,EP16,59.1126,-156.8567,EO,KLRS,61.03095,-138.40663,1041.8164732527657,223
GE,PMG,-9.4092,147.1539,XD,EBM,-10.604326,150.653549,405.60276272852576,174
7B,NN01,-31.70961,-154.60328,7B,NN04,-33.35722,-158.09491,375.0750673928352,358
7B,NN01,-31.70961,-154.60328,7B,MM12,-35.50344,-157.16479,483.92648316301774,342
7B,NN01,-31.70961,-154.60328,7B,NM04,-34.07651,-156.41882,313.03856140214003,360
7B,NN01,-31.70961,-154.60328,7B,MM04,-34.0909,-154.12547,268.5178850423032,368
7B,NN01,-31.70961,-154.60328,7B,SS01,-35.53273,-151.77364,499.3043245635152,363
8B,416,34.9002,111.4011,ZV,MAQU,34.0023,102.046799,863.1847813279891,261
8B,416,34.9002,111.4011,ZV,GUNA,35.5835,101.088799,939.1611938998888,433
8B,416,34.9002,111.4011,IC,XAN,34.03107,108.92321,246.85735473486042,416
8B,416,34.9002,111.4011,8B,430,32.674801,110.334099,266.37105364322395,430
8B,416,34.9002,111.4011,8B,402,37.397598,111.457901,277.7451805999108,292
MH,P0006,-14.433683,-179.48985,3J,OBS23,-15.39963,-171.86155,826.6012732954949,133
MH,P0006,-14.433683,-179.48985,G,FUTU,-14.307673,-178.12107,148.10330448123017,578
MH,P0006,-14.433683,-179.48985,3J,OBS01,-13.155,-171.40391,884.6227387720019,135
MH,P0006,-14.433683,-179.48985,3J,OBS13,-16.1503,-174.71751,546.2725065958479,133
MH,P0006,-14.433683,-179.48985,MH,P0008,-12.008233,-172.023102,851.9733761708385,237
MH,P0006,-14.433683,-179.48985,3J,OBS17,-14.43021,-173.2349,673.5514015171524,133
MH,P0006,-14.433683,-179.48985,HV,ANDI,-14.247084,-170.564072,961.7411629948413,234
MH,P0006,-14.433683,-179.48985,3J,OBS19,-16.28387,-173.17295,707.8204764853746,133
MH,P0006,-14.433683,-179.48985,3J,OBS11,-14.79489,-175.24356,458.644670761876,133
MH,P0006,-14.433683,-179.48985,3J,OBS10,-16.02551,-176.12563,401.99531866478253,133
PQ,NBC8,56.57308,-122.40441,EO,KLRS,61.03095,-138.40663,1042.7324271444973,2033
PQ,NBC8,56.57308,-122.40441,7C,MM26,63.081,-130.1928,843.1510868622611,690
PQ,NBC8,56.57308,-122.40441,XJ,SNOW,56.8922,-132.3526,607.2947614641508,204
PQ,NBC8,56.57308,-122.40441,NY,TGTN,61.5267,-128.27268,644.4310417582316,2135
PQ,NBC8,56.57308,-122.40441,C8,BNKB,53.3318,-129.9017,598.6929642163261,508
PQ,NBC8,56.57308,-122.40441,NY,MAYO,63.59581,-135.89209,1077.1578816397873,2869
PQ,NBC8,56.57308,-122.40441,7C,MM30,64.2803,-128.8747,926.5400699415054,636
PQ,NBC8,56.57308,-122.40441,7C,MM40,66.0246,-124.6709,1057.7348491521175,585
PQ,NBC8,56.57308,-122.40441,NY,WGLY,63.22815,-123.45841,742.3154732603739,1781
PQ,NBC8,56.57308,-122.40441,X4,LR13,46.9506,-122.9639,1070.6555476172089,266
PQ,NBC8,56.57308,-122.40441,PQ,LHLYB,48.536332,-123.729633,898.0818440534251,607
PQ,NBC8,56.57308,-122.40441,NV,BACME,48.314654,-126.058199,950.7562390977796,2390
PQ,NBC8,56.57308,-122.40441,Y5,PER,53.68,-116.040001,516.579016078371,684
PQ,NBC8,56.57308,-122.40441,I0,RD179,52.227003,-114.108056,721.5594171438755,369
PQ,NBC8,56.57308,-122.40441,TD,TD009,52.32058,-116.323372,614.4864845676586,3491
PQ,NBC8,56.57308,-122.40441,RV,ASHMA,54.208146,-111.571623,731.9824616240044,520
PQ,NBC8,56.57308,-122.40441,PQ,NAB2,58.59503,-119.16559,296.2777428178924,2834
PQ,NBC8,56.57308,-122.40441,RV,DEDWA,56.644562,-117.389069,306.9555529324794,3302
PQ,NBC8,56.57308,-122.40441,RV,KAKWA,54.421,-118.981742,322.0101955702939,1378
PQ,NBC8,56.57308,-122.40441,XL,MG06,55.87212,-120.041481,165.55937006076178,469
PQ,NBC8,56.57308,-122.40441,RV,SWHSA,54.899441,-116.751793,399.65332612767213,2867
PQ,NBC8,56.57308,-122.40441,PQ,NBC3,59.63716,-120.66875,355.61190084614157,1173
7U,TJTJ,-77.29887,-100.476063,YT,MCRG,-73.6681,-94.6493,434.6757298909017,728
7U,TJTJ,-77.29887,-100.476063,YT,SILY,-77.1332,-125.966,622.5214133535511,728
7U,TJTJ,-77.29887,-100.476063,YT,WAIS,-79.4181,-111.7779,345.1277730405328,728
7U,TJTJ,-77.29887,-100.476063,YT,HOWD,-77.5286,-86.7694,332.334069300163,713
7U,TJTJ,-77.29887,-100.476063,YT,MTAK,-76.3157,-112.7986,330.5365132390791,728
7U,TJTJ,-77.29887,-100.476063,YT,BENN,-84.5731,-117.3923,852.9357541475886,670
7U,TJTJ,-77.29887,-100.476063,YT,LPLY,-73.1142,-90.2834,546.2809563464779,728
7U,TJTJ,-77.29887,-100.476063,YT,STEW,-84.1863,-86.2349,801.3891827323846,728
7U,TJTJ,-77.29887,-100.476063,YT,UPTW,-77.5781,-109.0374,209.16489211958293,728
7U,TJTJ,-77.29887,-100.476063,YT,DUFK,-82.8619,-53.2006,1047.8180814469413,716
1D,BREN,-72.67498,-63.020939,1D,ELSW,-75.519371,-85.707581,753.9126456566689,364
1D,BREN,-72.67498,-63.020939,1D,PIG3,-75.084061,-97.474449,1079.8460021969565,364
1D,BREN,-72.67498,-63.020939,YT,HOWD,-77.5286,-86.7694,856.8964557206682,364
1D,BREN,-72.67498,-63.020939,AI,ESPZ,-63.398102,-56.996399,1060.2535088114792,362
1D,BREN,-72.67498,-63.020939,1D,ATOL,-71.389671,-68.870117,246.1693218212769,364
1D,BREN,-72.67498,-63.020939,1D,KIBB,-75.276108,-65.604904,299.8417112345715,364
1D,BREN,-72.67498,-63.020939,YT,MECK,-75.2808,-72.185,402.9835711924464,364
1D,BREN,-72.67498,-63.020939,1D,WELC,-70.731812,-63.82737,217.8918643496438,353
N4,R50A,38.2816,-84.3274,NM,EUAL,32.97143,-88.08669,681.0813406615553,110
N4,R50A,38.2816,-84.3274,N4,X48A,34.4517,-87.0452,490.42667805394694,4417
N4,R50A,38.2816,-84.3274,N4,V51A,35.803299,-84.351097,275.5829010501324,1414
N4,R50A,38.2816,-84.3274,KY,LLKY,36.92159,-88.096558,364.8259788550508,4255
N4,R50A,38.2816,-84.3274,OK,HEWI,37.048825,-96.408082,1071.3699404056808,459
N4,R50A,38.2816,-84.3274,XO,SOKY,37.5256,-85.961899,166.22590342934933,541
N4,R50A,38.2816,-84.3274,N4,R40B,38.2909,-92.2684,692.8765326824173,4047
N4,R50A,38.2816,-84.3274,6E,SB04,38.573502,-87.751999,300.0581812650527,201
N4,R50A,38.2816,-84.3274,NM,SCMO,38.761799,-90.641296,551.7605883784884,882
N4,R50A,38.2816,-84.3274,N4,N41A,40.7077,-90.8552,621.4871717153744,4422
N4,R50A,38.2816,-84.3274,ZT,WEST,40.416389,-86.7725,317.0708044929718,327
N4,R50A,38.2816,-84.3274,GS,DEC08,39.861045,-88.924888,433.9392315454109,4195
N4,R50A,38.2816,-84.3274,N4,P48A,39.4605,-85.4258,161.94208026480865,4364
N4,R50A,38.2816,-84.3274,N4,P38B,39.6248,-93.5321,809.4541715027848,4421
N4,R50A,38.2816,-84.3274,N4,L34B,41.9666,-96.3762,1102.116556549823,4422
N4,R50A,38.2816,-84.3274,N4,P51A,39.4818,-83.060097,172.74967244246767,1396
N4,R50A,38.2816,-84.3274,N4,K43A,42.7044,-88.332,596.9382820362842,4422
N4,R50A,38.2816,-84.3274,US,GLMI,44.8245,-84.6175,727.9371985495816,3908
N4,R50A,38.2816,-84.3274,N4,R53A,38.3307,-81.952202,207.31615867725588,1187
N4,R50A,38.2816,-84.3274,OH,CROH,41.293858,-82.152496,383.0121798990801,781
N4,R50A,38.2816,-84.3274,N4,257A,31.9746,-81.0261,762.7157246676317,4120
N4,R50A,38.2816,-84.3274,WU,TOBO,45.225804,-81.523445,806.2908017145388,4338
N4,R50A,38.2816,-84.3274,7A,BDEG,37.331501,-77.208298,634.1293094020654,678
N4,R50A,38.2816,-84.3274,PE,PAKC,41.37471,-77.932533,645.098887358318,3636
N4,R50A,38.2816,-84.3274,N4,Y60A,34.0046,-78.2163,725.8362169459707,4119
N4,R50A,38.2816,-84.3274,PE,PBL2,41.9981,-79.528809,580.4705998965791,3012
N4,R50A,38.2816,-84.3274,YU,B01A,42.554493,-76.505821,814.402791652368,2136
N4,R50A,38.2816,-84.3274,XY,PACW,39.9962,-77.9247,584.0205868886152,517
N4,R50A,38.2816,-84.3274,PE,PSSK,40.642586,-76.164978,747.9240964742082,3652
N4,R50A,38.2816,-84.3274,YO,X10,33.047501,-76.059898,946.1767160580155,345
N4,R50A,38.2816,-84.3274,PE,PN1,40.52588,-79.716735,468.0958552920245,2128
N4,R50A,38.2816,-84.3274,YM,MHCG,44.2571,-75.7522,976.3001798023648,986
N4,R50A,38.2816,-84.3274,ZN,DC34,38.8634,-76.985199,641.383779303166,145
N4,R50A,38.2816,-84.3274,N4,R61A,38.3303,-75.339,784.002047860122,4131
N4,R50A,38.2816,-84.3274,YO,X01,36.225201,-74.5793,892.0750775206584,341
N4,R50A,38.2816,-84.3274,YO,D03,34.3559,-74.488701,982.90247508758,347
N4,R50A,38.2816,-84.3274,YO,X09,32.516899,-74.3536,1107.1154075975082,345
N4,R50A,38.2816,-84.3274,YO,X03,35.893299,-72.719002,1062.5664340791309,348
PQ,ULUN,70.7363,-117.762,PQ,KLONY,64.4525,-138.2164,1104.088117133415,1300
PQ,ULUN,70.7363,-117.762,NY,MAYO,63.59581,-135.89209,1106.3381457871105,1289
PQ,ULUN,70.7363,-117.762,PQ,RICHY,66.9808,-136.2216,845.1235462951257,951
7C,MM40,66.0246,-124.6709,7C,MM26,63.081,-130.1928,420.091358135414,533
7C,MM40,66.0246,-124.6709,XJ,SNOW,56.8922,-132.3526,1092.5339309141839,179
7C,MM40,66.0246,-124.6709,NY,TGTN,61.5267,-128.27268,530.322093307185,478
7C,MM40,66.0246,-124.6709,NY,MAYO,63.59581,-135.89209,594.6527880353419,557
7C,MM40,66.0246,-124.6709,7C,MM30,64.2803,-128.8747,275.938509720743,514
7C,MM40,66.0246,-124.6709,NY,WGLY,63.22815,-123.45841,316.2579347777091,585
7C,MM40,66.0246,-124.6709,PQ,NAB2,58.59503,-119.16559,872.9353648730292,566
7C,MM40,66.0246,-124.6709,PQ,NBC3,59.63716,-120.66875,738.3807945639979,455
Y2,GUGE,31.4769,79.664101,KR,SFK,40.017151,73.506289,1099.5751960289474,298
Y2,GUGE,31.4769,79.664101,Y2,PURG,30.198799,81.275299,209.42393362351538,1416
Y2,GUGE,31.4769,79.664101,Y2,WT06,32.226398,82.261299,259.0693736860578,613
Y2,GUGE,31.4769,79.664101,Y2,WT12,32.461102,80.8218,154.60296150448679,619
Y2,GUGE,31.4769,79.664101,Y2,NOCO,33.719398,80.389801,258.45323638837135,111
II,LVZ,67.8979,34.6514,YF,N6029,62.73584,17.815901,964.7427662834536,168
II,LVZ,67.8979,34.6514,YF,N6017,63.380829,13.65691,1078.6350185243457,175
II,LVZ,67.8979,34.6514,ZR,N1306,66.741959,15.73804,817.6938420127686,429
II,LVZ,67.8979,34.6514,Y1,N7001,68.400002,15.95431,772.8145056340395,801
II,LVZ,67.8979,34.6514,ZR,N1317,64.797462,16.955721,857.520819134577,379
II,LVZ,67.8979,34.6514,YV,NSS,64.530701,11.9673,1076.5474294444216,542
II,LVZ,67.8979,34.6514,ZR,N1312,65.628799,13.44193,958.7155322434683,285
II,LVZ,67.8979,34.6514,IU,KEV,69.7565,27.0035,369.80882654525584,3012
II,LVZ,67.8979,34.6514,GE,PUL,59.766998,30.316999,928.2053289042143,2196
XV,MMBE,-21.750099,43.372101,6H,MASS,-21.588499,32.921299,1079.89866823826,197
XV,MMBE,-21.750099,43.372101,6H,CHID,-24.9242,34.188702,1001.5151393317227,90
XV,MMBE,-21.750099,43.372101,6H,FUNH,-23.0973,34.378201,936.3500537869331,231
XV,MMBE,-21.750099,43.372101,XV,SENA,-17.445,35.032001,995.8852803657535,602
XV,MMBE,-21.750099,43.372101,XV,NAPU,-15.08,39.25,859.6078285691009,482
XV,MMBE,-21.750099,43.372101,XV,BITY,-20.060801,47.000099,421.05376224387476,391
XV,MMBE,-21.750099,43.372101,XV,MAJA,-15.7323,46.4263,742.3347257240604,701
XV,MMBE,-21.750099,43.372101,XV,VINA,-18.176901,45.224701,441.96917885838883,363
XV,MMBE,-21.750099,43.372101,XV,SOLA,-15.8636,48.826302,870.4080420168722,112
XV,MMBE,-21.750099,43.372101,XV,LAHA,-14.9344,50.2911,1052.0284790484513,694
XV,MMBE,-21.750099,43.372101,XV,ANTS,-14.8843,47.999298,906.1112647469031,698
XV,MMBE,-21.750099,43.372101,XV,ZOBE,-18.1369,47.228901,569.0846620837486,393
XV,MMBE,-21.750099,43.372101,XV,ANLA,-17.7062,49.4599,779.70696544739,693
XV,MMBE,-21.750099,43.372101,AF,SKRH,-22.827,44.733002,184.23769514372734,250
XV,MMBE,-21.750099,43.372101,XV,MAHA,-23.1714,47.689899,470.9726061407035,691
XV,MMBE,-21.750099,43.372101,XV,AMPY,-24.7033,44.743599,357.02619426194116,380
XV,MMBE,-21.750099,43.372101,XV,BAND,-20.3428,45.596401,278.8655375938483,390
XT,TAUF,-17.971741,177.280457,XT,LIAH,-21.162054,-175.273041,856.878277004954,322
ZT,NHAM,-24.91566,27.31703,AF,CVNA,-31.482,19.762,1039.216554688812,905
ZT,NHAM,-24.91566,27.31703,8A,GAMM,-20.2505,20.8253,844.3180152987862,604
ZT,NHAM,-24.91566,27.31703,AF,HVD,-30.605,25.497,657.4489679520457,902
ZT,NHAM,-24.91566,27.31703,AF,RUDU,-17.909599,19.764799,1103.127897754947,154
ZT,NHAM,-24.91566,27.31703,BX,XAUDM,-18.53956,21.338223,939.9182700881468,152
ZT,NHAM,-24.91566,27.31703,8A,WAND,-24.649982,19.743595,765.0428874421079,508
ZT,NHAM,-24.91566,27.31703,AF,WIN,-22.5667,17.1,1071.9109231876473,207
ZT,NHAM,-24.91566,27.31703,8A,KANO,-19.194901,19.4398,1030.884680596042,556
ZT,NHAM,-24.91566,27.31703,BX,LKGWB,-24.11351,21.782303,566.9715360955512,379
ZT,NHAM,-24.91566,27.31703,8A,AROB,-26.798342,19.647346,795.328413258945,406
ZT,NHAM,-24.91566,27.31703,8A,MALT,-24.846022,16.996233,1040.8839341085725,385
ZT,NHAM,-24.91566,27.31703,AF,UPI,-28.362,21.253,714.0442213235942,968
ZT,NHAM,-24.91566,27.31703,BX,PHPEN,-25.475531,22.857294,452.9953112016372,249
ZT,NHAM,-24.91566,27.31703,BX,KHWEE,-21.9464,25.446911,381.3160125491839,241
ZT,NHAM,-24.91566,27.31703,BX,KGCAE,-22.853821,22.206787,567.8396158852009,312
ZT,NHAM,-24.91566,27.31703,NR,NE215,-18.78417,25.196014,716.0237205594618,112
ZT,NHAM,-24.91566,27.31703,8A,OKAM,-20.407301,18.2187,1059.2124608702266,305
ZT,NHAM,-24.91566,27.31703,AF,SNKL,-28.27528,27.7714,376.29370435913415,1023
ZT,NHAM,-24.91566,27.31703,ZT,CRAIL,-22.80259,28.24304,253.12777326744353,912
ZT,NHAM,-24.91566,27.31703,ZT,WTBG,-24.2119,28.88291,176.6380255011445,967
ZT,NHAM,-24.91566,27.31703,ZT,DULL,-25.36478,30.17588,292.0711450683255,871
ZT,NHAM,-24.91566,27.31703,AF,MOPA,-23.517,31.398,442.0809970049409,926
8A,BAHE,-21.3521,15.4405,8A,GAMM,-20.2505,20.8253,572.9433938153942,1303
8A,BAHE,-21.3521,15.4405,8A,HAO,-17.8869,15.0599,387.3689605283177,849
8A,BAHE,-21.3521,15.4405,8A,OMUT,-18.4093,16.6364,350.2992127016366,1027
8A,BAHE,-21.3521,15.4405,8A,WAND,-24.649982,19.743595,573.0341158038127,519
8A,BAHE,-21.3521,15.4405,AF,WIN,-22.5667,17.1,218.0085014206364,329
8A,BAHE,-21.3521,15.4405,8A,SOLI,-23.861238,16.039537,285.69820810500215,527
8A,BAHE,-21.3521,15.4405,8A,KANO,-19.194901,19.4398,481.1617360008478,1149
8A,BAHE,-21.3521,15.4405,8A,OTJO,-20.018,15.9799,158.6023811855121,1125
8A,BAHE,-21.3521,15.4405,8A,AROB,-26.798342,19.647346,740.8893778633352,413
8A,BAHE,-21.3521,15.4405,8A,MALT,-24.846022,16.996233,419.8151159395404,392
8A,BAHE,-21.3521,15.4405,AF,UPI,-28.362,21.253,975.0530986237219,1243
8A,BAHE,-21.3521,15.4405,8A,WEWE,-21.209,16.809099,142.69436473038058,831
8A,BAHE,-21.3521,15.4405,NR,NE215,-18.78417,25.196014,1057.903283311345,278
8A,BAHE,-21.3521,15.4405,8A,OKAM,-20.407301,18.2187,307.15247086631473,848
YS,PL71,17.746901,-161.367599,YS,PL38,19.9863,-162.025604,258.45472202042777,413
YS,PL71,17.746901,-161.367599,YS,PL37,19.8234,-160.047501,269.48605877082093,414
YS,PL71,17.746901,-161.367599,YS,PL46,24.312099,-156.9646,861.055186421995,392
YS,PL71,17.746901,-161.367599,YS,PL41,24.573799,-158.933105,799.925220207594,392
YS,PL71,17.746901,-161.367599,YS,PL69,16.3484,-157.700806,419.67041110230866,390
YS,PL71,17.746901,-161.367599,YS,PL40,23.9972,-161.095001,695.5785304872926,393
YS,PL71,17.746901,-161.367599,YS,NGOK,22.122999,-159.664993,518.106449679231,414
YS,PL71,17.746901,-161.367599,YS,PL67,16.162001,-156.206604,576.4941932577063,387
YS,PL71,17.746901,-161.367599,YS,PL70,15.574,-158.982498,350.6042397549442,377
YS,PL71,17.746901,-161.367599,YS,PL39,21.956301,-161.314896,468.0970051665793,393
YS,PL71,17.746901,-161.367599,YS,MRKH,21.108999,-157.270004,569.4857247487492,147
YS,PL71,17.746901,-161.367599,YS,PL45,24.2006,-154.811996,988.6841479828709,327
YS,PL71,17.746901,-161.367599,YS,PL50,22.319901,-152.742706,1034.2219008838617,390
YS,PL71,17.746901,-161.367599,YS,PL61,16.737801,-151.637604,1039.253811490847,387
YS,PL71,17.746901,-161.367599,YS,PL63,14.7313,-153.967499,858.0971682549989,390
YS,PL71,17.746901,-161.367599,YS,PL62,14.6891,-151.6866,1087.8912279603157,391
MX,HPIG,26.936794,-105.664017,MX,ZAIG,22.769176,-102.567123,558.8542535108323,3926
MX,HPIG,26.936794,-105.664017,MX,MOIG,19.646708,-101.227303,928.4350153012258,3928
MX,HPIG,26.936794,-105.664017,MG,JRQG,20.69875,-100.451583,872.8193804898135,1291
MX,HPIG,26.936794,-105.664017,BC,PIX,31.5629,-113.4599,914.241639320111,2471
MX,HPIG,26.936794,-105.664017,BC,SPX,31.0451,-115.466,1056.5566575894186,254
MX,HPIG,26.936794,-105.664017,JW,BRR,32.772406,-107.564169,674.2264126239758,857
MX,HPIG,26.936794,-105.664017,X2,CRAT,35.318199,-111.317902,1075.6609788775888,95
MX,HPIG,26.936794,-105.664017,7P,PC53,31.4616,-103.6937,538.2236741419226,276
MX,HPIG,26.936794,-105.664017,IM,TX02,29.329901,-103.657997,330.89561533466645,4030
MX,HPIG,26.936794,-105.664017,US,AMTX,34.8837,-101.6808,961.6441512566778,3967
MX,HPIG,26.936794,-105.664017,4O,GV01,32.4065,-101.6023,723.6441319971912,153
MX,HPIG,26.936794,-105.664017,N4,237B,32.001499,-95.808403,1107.1494821179722,1633
MX,HPIG,26.936794,-105.664017,TX,DKNS,33.66653,-100.92365,875.5398833331145,2985
MX,HPIG,26.936794,-105.664017,O2,SC12,34.921667,-99.3547,1071.998728078479,2434
MX,HPIG,26.936794,-105.664017,ZW,AZCF,33.184074,-97.446251,1051.9147263350574,111
MX,HPIG,26.936794,-105.664017,TX,BRDY,31.285872,-98.999447,807.8116237187986,3147
MX,HPIG,26.936794,-105.664017,TX,ELG6,28.481656,-100.326356,552.7556475771811,470
MX,HPIG,26.936794,-105.664017,N4,ABTX,32.6238,-99.6431,858.4379357242173,2583
NC,G005,38.592064,-123.319794,7D,J31C,45.551899,-129.672394,934.1133897099814,211
NC,G005,38.592064,-123.319794,7D,J53C,47.164299,-127.922302,1023.8371623648516,214
NC,G005,38.592064,-123.319794,7D,J36C,45.686501,-127.125198,848.7098816005663,214
NC,G005,38.592064,-123.319794,7D,G36D,42.4618,-126.8965,525.7536145761903,205
NC,G005,38.592064,-123.319794,X4,LR13,46.9506,-122.9639,929.8790796931639,247
NC,G005,38.592064,-123.319794,PB,B934,39.844501,-123.691399,142.89644468398313,1741
NC,G005,38.592064,-123.319794,NV,BACME,48.314654,-126.058199,1103.2719277546876,387
NC,G005,38.592064,-123.319794,UO,RSBO,44.043361,-122.267036,612.4845412544432,593
NC,G005,38.592064,-123.319794,TO,CC08,35.992199,-120.961197,356.48955507005604,400
NC,G005,38.592064,-123.319794,NN,RUB,39.051701,-120.1549,278.8881894818678,969
NC,G005,38.592064,-123.319794,RE,BRBY3,34.582365,-119.980601,536.256022946801,102
NC,G005,38.592064,-123.319794,BC,SPX,31.0451,-115.466,1102.7980772916767,111
NC,G005,38.592064,-123.319794,BC,TJX,32.51017,-117.0543,881.912619926526,1342
NC,G005,38.592064,-123.319794,NN,DIX,39.8021,-118.083,470.8206045242967,109
NC,G005,38.592064,-123.319794,IE,BCYI,44.310799,-113.405197,1041.3963488211034,1409
NC,G005,38.592064,-123.319794,US,HAWA,46.3925,-119.5327,920.9816016053123,1697
NC,G005,38.592064,-123.319794,CC,YOCR,45.379178,-121.743539,765.811519958309,114
NC,G005,38.592064,-123.319794,X7,WA33,46.507801,-117.348701,1006.2504567583787,464
NB,AGBR,-8.42954,-35.936161,NB,PFBR,-6.12163,-38.270802,363.5383277643636,159
NB,AGBR,-8.42954,-35.936161,NB,SBBR,-3.74516,-40.371651,715.3261041104452,154
MN,MEB,36.303,2.73,MN,VSL,39.496,9.378,682.5841369154111,188
VE,LUEV,5.8433,-61.4613,VE,ELOV,7.0011,-69.4832,895.6742660495843,590
VE,LUEV,5.8433,-61.4613,VE,JACV,11.0873,-68.82987,998.1427292688445,526
VE,LUEV,5.8433,-61.4613,VE,BAUV,8.9433,-68.041496,803.2282182594789,607
VE,LUEV,5.8433,-61.4613,XT,PNCH,11.2493,-66.5009,817.4273758631391,234
VE,LUEV,5.8433,-61.4613,XT,MHTO,13.9497,-66.490997,1056.1725006551833,238
VE,LUEV,5.8433,-61.4613,VE,CAIV,7.3262,-66.321602,561.6106520602593,650
VE,LUEV,5.8433,-61.4613,XT,SOMB,12.7209,-64.931297,854.204726298219,230
VE,LUEV,5.8433,-61.4613,XT,ABPC,9.4608,-64.820702,546.6439668306084,167
VE,LUEV,5.8433,-61.4613,XT,MIPC,10.9455,-64.294403,647.2498538738131,130
VE,LUEV,5.8433,-61.4613,XT,CMPC,7.6508,-64.073097,351.5204368397698,333
VE,LUEV,5.8433,-61.4613,VE,RIOV,8.069,-61.814499,250.53818769315933,289
XJ,TIG,57.759483,158.685638,XJ,ESS,55.932159,158.694794,203.1902011544819,152
XJ,TIG,57.759483,158.685638,XJ,APA,52.925709,157.132874,546.3478803712201,241
XJ,TIG,57.759483,158.685638,XJ,SBL,54.30431,155.961823,419.7330590182616,167
XJ,TIG,57.759483,158.685638,XJ,PAN,59.094879,159.968002,166.19459349130923,193
XJ,TIG,57.759483,158.685638,XJ,OSO,59.261375,163.084213,305.1264195496035,126
XJ,TIG,57.759483,158.685638,XJ,KGB,56.25845,162.711456,295.3424525885824,141
XJ,TIG,57.759483,158.685638,XJ,ZUP,54.081619,159.987518,416.90673683820285,209
TO,SAFR,21.570499,-98.369598,ZL,S05,23.347799,-108.094299,1018.4440778598221,156
TO,SAFR,21.570499,-98.369598,XF,MA36,19.3594,-104.893204,722.6181739576323,95
TO,SAFR,21.570499,-98.369598,XF,MA28,20.1786,-102.597,465.6579617266593,95
TO,SAFR,21.570499,-98.369598,TO,MULU,19.4368,-99.129601,250.11052231786903,167
TO,SAFR,21.570499,-98.369598,IM,TX02,29.329901,-103.657997,1012.7262666225432,173
2A,39,-12.37,-114.524902,2A,30,-14.3692,-116.1567,283.86089877019845,190
2A,39,-12.37,-114.524902,2A,44,-16.002001,-115.2491,411.3346027860315,186
2A,39,-12.37,-114.524902,2A,32,-12.9996,-115.8554,160.41562380720663,190
2A,39,-12.37,-114.524902,2A,34,-11.7336,-117.275101,307.3234460453666,190
2A,39,-12.37,-114.524902,2A,48,-13.1701,-117.201202,303.5565227539155,140
XK,B17CI,-19.2938,22.909401,AF,MONG,-15.15,23.09,461.16902621173534,113
XK,B17CI,-19.2938,22.909401,XK,B07DX,-20.549,22.749399,140.57073619970515,617
XK,B17CI,-19.2938,22.909401,XK,B04KH,-20.474199,24.513901,213.01404901730243,617
XK,B17CI,-19.2938,22.909401,AF,WIN,-22.5667,17.1,704.4838265492325,324
XK,B17CI,-19.2938,22.909401,AF,UPI,-28.362,21.253,1022.2722903377668,259
XK,B17CI,-19.2938,22.909401,AF,KTWE,-12.814,28.209,916.1944613066022,150
XK,B17CI,-19.2938,22.909401,XK,Z04NN,-13.075,30.6276,1075.4463340392897,552
ZF,HYNE,9.31476,42.096199,ZF,LYDE,12.05456,41.925701,305.22124780132737,644
ZF,HYNE,9.31476,42.096199,XW,MOKA,13.31374,43.25631,462.3002240704899,179
ZF,HYNE,9.31476,42.096199,XW,DAMT,14.08737,44.68227,600.7238500708329,190
ZF,HYNE,9.31476,42.096199,XW,MUKA,14.48724,49.037788,949.0946346705942,185
ZF,HYNE,9.31476,42.096199,XW,MAWI,15.46748,43.52317,701.4665279028384,186
CU,BBGH,13.1434,-59.5588,VE,BAUV,8.9433,-68.041496,1036.666747823999,1933
CU,BBGH,13.1434,-59.5588,PR,IMPR,18.076971,-67.931123,1050.7921598748069,751
CU,BBGH,13.1434,-59.5588,ZZ,XSJN,18.9669,-66.213501,961.4579737034744,384
CU,BBGH,13.1434,-59.5588,PR,SNC1,17.699398,-64.793793,755.8539910221348,714
CU,BBGH,13.1434,-59.5588,YI,D35,20.112801,-63.517601,882.1516491846852,180
CU,BBGH,13.1434,-59.5588,TR,TOSP,11.2984,-60.535198,230.969299895255,1656
CU,BBGH,13.1434,-59.5588,WI,SLBI,14.023,-60.974,181.55703562836598,2462
CU,BBGH,13.1434,-59.5588,CU,GRGR,12.13237,-61.65407,253.61355607391653,6814
CU,BBGH,13.1434,-59.5588,TR,DLPL,15.3325,-61.246799,303.88497175028573,1790
NU,CSGN,12.9763,-87.558701,6Q,FEC2,14.41163,-90.93146,397.7818560221036,209
NU,CSGN,12.9763,-87.558701,ZB,B01,14.5593,-92.216599,532.9354788182115,150
NU,CSGN,12.9763,-87.558701,OV,CCOL,8.4075,-82.973396,713.4096358894284,866
NU,CSGN,12.9763,-87.558701,CM,PRV,13.376167,-81.3635,672.1937825787361,2480
NU,CSGN,12.9763,-87.558701,GI,HUBA,15.816578,-91.294484,511.4615470895769,242
NU,CSGN,12.9763,-87.558701,GI,AVPA,15.3972,-89.6417,350.5427873913442,245
NU,CSGN,12.9763,-87.558701,NU,SIUN,13.71616,-84.773499,312.3611755933247,1807
NU,CSGN,12.9763,-87.558701,YG,INC37,15.691732,-88.351567,313.7897530255253,222
NU,CSGN,12.9763,-87.558701,SV,RBDL,14.113,-89.6827,262.0954156369528,273
NU,CSGN,12.9763,-87.558701,NU,BILN,14.0488,-83.374641,467.81112284416224,1777
NU,CSGN,12.9763,-87.558701,NU,ESPN,12.195,-84.300308,364.1217853698204,1670
NU,CSGN,12.9763,-87.558701,9R,OBS16,18.39057,-81.81344,860.4536058186762,195
ZM,GM07,-77.313599,39.613201,ZM,GM04,-82.999702,61.1124,742.4517447117528,298
ZM,GM07,-77.313599,39.613201,ZM,N190,-80.327499,69.431,713.7093886259437,299
ZM,GM07,-77.313599,39.613201,ZM,P080,-82.805397,77.363998,917.3012120239537,302
ZM,GM07,-77.313599,39.613201,ZM,N173,-81.112198,77.473602,871.3883033270913,172
ZM,GM07,-77.313599,39.613201,ZM,GM06,-79.332802,44.3148,248.02952170586784,203
ZM,GM07,-77.313599,39.613201,ZM,P124,-78.871803,77.656998,873.0816289023284,313
ZM,GM07,-77.313599,39.613201,ZM,GM03,-80.216904,85.943901,1021.7794690452449,309
ZM,GM07,-77.313599,39.613201,ZM,N156,-81.6726,86.504501,1026.9459962183353,306
DK,SCO,70.485536,-21.949715,XF,NE1,74.87175,-38.55117,730.3102026543673,691
DK,SCO,70.485536,-21.949715,DK,DY2G,66.479599,-46.309399,1079.1447800186056,2762
DK,SCO,70.485536,-21.949715,XF,NE6,79.326187,-38.454979,1083.623162227054,697
DK,SCO,70.485536,-21.949715,DK,ANGG,65.616388,-37.63704,843.2145078164759,5339
DK,SCO,70.485536,-21.949715,XF,NE2,73.990723,-46.23497,902.7940780927197,692
DK,SCO,70.485536,-21.949715,XF,NE5,74.117332,-31.150419,508.573473190971,693
DK,SCO,70.485536,-21.949715,XF,NE3,76.394577,-43.458302,936.5545616049137,694
DK,SCO,70.485536,-21.949715,YM,KASE,71.4776,-51.349701,1060.2831226911835,705
DK,SCO,70.485536,-21.949715,DK,SOEG,68.203499,-31.3755,447.6723361156185,3614
DK,SCO,70.485536,-21.949715,DK,DBG,74.307055,-20.219193,428.8552273393378,4360
DK,SCO,70.485536,-21.949715,GE,SUMG,72.5742,-38.4626,623.8469398591633,5470
DK,SCO,70.485536,-21.949715,Z7,FAG,63.874779,-16.653641,769.0524274036051,258
DK,SCO,70.485536,-21.949715,GE,DAG,76.771301,-18.655001,706.2602505539822,5407
YD,3H07,47.673592,23.49605,HT,AGG,39.021099,22.336,966.6447503021195,612
YD,3H07,47.673592,23.49605,AC,VLO,40.468601,19.495501,862.2485061697826,264
YD,3H07,47.673592,23.49605,MN,VTS,42.618,23.235,562.528667286765,477
YD,3H07,47.673592,23.49605,YD,3B13,43.635109,21.70591,470.08436029477986,574
YD,3H07,47.673592,23.49605,MN,DIVS,44.0981,19.9917,481.1739970053576,522
YD,3H07,47.673592,23.49605,YD,3D08,45.97826,21.517321,241.2307041220757,650
YD,3H07,47.673592,23.49605,CH,FUORN,46.620334,10.263551,1006.2987258735526,649
YD,3H07,47.673592,23.49605,YD,6C04,46.661442,19.74328,305.1653795549923,686
YD,3H07,47.673592,23.49605,PL,BEL,51.837002,20.792,501.9636582590839,399
YD,3H07,47.673592,23.49605,PL,NIE,49.4189,20.313101,304.1936971421687,397
YD,3H07,47.673592,23.49605,PL,KWP,49.631401,22.7075,225.26977641797254,392
YD,3H07,47.673592,23.49605,YD,3D14,44.176979,23.319521,389.0455241689779,648
YD,3H07,47.673592,23.49605,YD,3F11,45.865082,23.72257,201.83581810882941,618
YD,3H07,47.673592,23.49605,HL,RDO,41.145031,25.53553,743.7255467501436,305
PS,GTC1,31.4007,140.917297,PS,TSK,36.2108,140.1097,540.032214636897,650
4Q,UT19,-22.621085,-68.369201,XM,ANB19,-27.7766,-62.9698,789.548608075376,138
4Q,UT19,-22.621085,-68.369201,C1,CO05,-29.91864,-71.23841,860.2951723285873,690
4Q,UT19,-22.621085,-68.369201,C1,AF02,-25.418768,-70.45536,376.37136408290905,100
4Q,UT19,-22.621085,-68.369201,XM,ANB09,-25.4413,-66.2624,379.61133270975836,135
4Q,UT19,-22.621085,-68.369201,XM,ANB20,-26.7962,-65.316,557.2961631795463,138
4Q,UT19,-22.621085,-68.369201,XM,ANB03,-23.50208,-66.11349,250.7049678327277,132
4Q,UT19,-22.621085,-68.369201,XM,ANB10,-25.0271,-64.5865,468.60007544777335,134
4Q,UT19,-22.621085,-68.369201,XM,ANB17,-25.2429,-59.8069,917.52582249265,140
4Q,UT19,-22.621085,-68.369201,XM,ANB16,-24.0911,-61.4628,723.6361129573128,143
NI,ZOU2,46.558399,12.9729,MN,VSL,39.496,9.378,837.6692980797278,634
NI,ZOU2,46.558399,12.9729,MN,CLTB,37.578,13.216,998.7763685410595,775
NI,ZOU2,46.558399,12.9729,AC,VLO,40.468601,19.495501,856.7907449971093,824
NI,ZOU2,46.558399,12.9729,MN,VTS,42.618,23.235,922.2228941383262,758
NI,ZOU2,46.558399,12.9729,MN,DIVS,44.0981,19.9917,612.8048397513267,591
NI,ZOU2,46.558399,12.9729,MN,BNI,45.052,6.678,515.7190000754395,865
NI,ZOU2,46.558399,12.9729,CH,FUORN,46.620334,10.263551,207.14121047418374,445
NI,ZOU2,46.558399,12.9729,CH,SLE,47.7645,8.49236,364.2654564722141,862
NI,ZOU2,46.558399,12.9729,G,CLF,48.02579,2.26,823.5487272303036,834
NI,ZOU2,46.558399,12.9729,GB,HMNX,50.86733,0.33633,1041.7386803079758,837
NI,ZOU2,46.558399,12.9729,PL,BEL,51.837002,20.792,816.0048664721677,847
NI,ZOU2,46.558399,12.9729,PL,NIE,49.4189,20.313101,631.7080413995584,782
NI,ZOU2,46.558399,12.9729,PL,KWP,49.631401,22.7075,798.8386921974161,795
X4,D11,34.0555,97.205399,IC,LSA,29.70317,91.12757,750.4200747013011,158
X4,D11,34.0555,97.205399,X4,D26,32.459202,96.394203,192.85968727596344,114
X4,D11,34.0555,97.205399,ZV,MAQU,34.0023,102.046799,446.1496687987329,119
X4,D11,34.0555,97.205399,X4,H01,36.209301,96.385002,250.84007845366537,119
X4,D11,34.0555,97.205399,X4,H05,35.6605,98.407898,209.4929677166106,119
X4,D11,34.0555,97.205399,X4,D08,34.924198,94.780502,242.31649673906452,133
X4,D11,34.0555,97.205399,X4,H13,36.972698,97.653999,326.90794313034127,119
X4,D11,34.0555,97.205399,X4,A01,36.432701,94.873199,338.68966377047906,148
X4,D11,34.0555,97.205399,X4,H22,39.755901,93.488998,714.6392320492191,119
X4,D11,34.0555,97.205399,ZV,GUNA,35.5835,101.088799,393.07101795087544,120
X4,D11,34.0555,97.205399,X4,H19,38.2561,92.136803,651.891267834908,119
X4,D11,34.0555,97.205399,IC,XAN,34.03107,108.92321,1079.0666012036932,155
XL,HD68,44.403,102.444702,XL,HD54,47.499901,96.803398,555.4458465391402,644
XL,HD68,44.403,102.444702,XL,HD03,46.515701,102.547203,235.0578813456953,617
XL,HD68,44.403,102.444702,XL,HD09,45.413898,100.5718,185.43728700207282,645
XL,HD68,44.403,102.444702,XL,HD21,47.967701,101.433296,403.9417002145183,391
XL,HD68,44.403,102.444702,XL,HD74,49.500999,99.152298,619.3575797637673,648
XL,HD68,44.403,102.444702,XL,HD41,48.242298,99.400002,486.6451371226947,644
XL,HD68,44.403,102.444702,XL,HD25,47.003502,99.406097,373.16022592560944,645
XL,HD68,44.403,102.444702,XL,HD48,46.209202,97.608299,428.14341075610696,580
XL,HD68,44.403,102.444702,XL,HD73,49.4953,101.357101,572.207851810019,646
XL,HD68,44.403,102.444702,XL,HD75,49.3102,96.357101,715.0680128427578,640
XL,HD68,44.403,102.444702,II,TLY,51.6807,103.6438,814.1086482291752,636
CI,CIA,33.401898,-118.415021,NR,NE74,28.007509,-114.013802,732.5054477555793,795
CI,CIA,33.401898,-118.415021,XM,UT52,37.234776,-110.131325,863.5147401603933,564
CI,CIA,33.401898,-118.415021,NR,NE80,30.5,-112.319931,659.2279434465171,595
CI,CIA,33.401898,-118.415021,XM,NM32,34.980724,-107.264282,1039.944531874186,471
CI,CIA,33.401898,-118.415021,NR,NE81,28.918341,-109.636261,972.2127411921314,483
CI,CIA,33.401898,-118.415021,US,KNB,37.0166,-112.8224,647.6410040641958,1349
CI,CIA,33.401898,-118.415021,CI,PDM,34.30336,-114.14152,407.1290392010434,170
XB,ALIE5,-41.710701,172.907394,XH,S22,-39.107071,175.168839,347.0679403763881,121
XR,MS09,23.478138,96.080143,TM,PHRA,18.4989,100.229,701.3496677082433,112
XR,MS09,23.478138,96.080143,TM,NONG,18.063498,103.1458,949.4641102801579,273
XR,MS09,23.478138,96.080143,TM,LOEI,17.5093,101.6244,879.5020640286805,393
XR,MS09,23.478138,96.080143,MM,YGN,16.864799,96.153397,735.4104459218868,398
XR,MS09,23.478138,96.080143,TM,SRDT,14.3948,99.1213,1059.3220225510177,162
XR,MS09,23.478138,96.080143,XR,MS02,23.605983,93.696263,243.4252776376978,391
XR,MS09,23.478138,96.080143,IO,EVN,27.958651,86.811653,1053.2120013211634,315
XR,MS09,23.478138,96.080143,MM,TGI,20.768545,97.034073,316.9078249523458,399
XR,MS09,23.478138,96.080143,MM,NGU,21.205721,94.916618,279.58013643315064,399
XR,MS09,23.478138,96.080143,TM,CRAI,20.2289,100.3734,571.637225360134,237
XR,MS09,23.478138,96.080143,MM,KTN,21.2857,99.589798,435.4544283374659,399
XR,MS09,23.478138,96.080143,XR,BA07,24.1371,91.4975,471.90522904144916,399
XR,MS09,23.478138,96.080143,XR,MS05,22.585486,94.508708,188.97134983498555,317
XR,MS09,23.478138,96.080143,RM,SLV,21.325247,103.906708,839.30189257635,362
XR,MS09,23.478138,96.080143,IC,LSA,29.70317,91.12757,849.2303094666878,387
8G,EC17,-0.0268,-79.847702,OV,CCOL,8.4075,-82.973396,999.7505290250975,166
8G,EC17,-0.0268,-79.847702,EC,PUYO,-1.493,-78.024902,260.1008716732066,145
8G,EC17,-0.0268,-79.847702,CM,TUM,1.823667,-78.726667,240.5653407729085,166
8G,EC17,-0.0268,-79.847702,EC,BOSC,-3.1512,-78.495102,378.54602831413195,166
8G,EC17,-0.0268,-79.847702,EC,TULM,0.7161,-77.786903,243.5801707931626,157
XD,SING,-4.6403,34.731499,XD,URAM,-5.0878,32.083199,297.6058904281831,274
XD,SING,-4.6403,34.731499,XD,RUNG,-6.9372,33.518002,288.5323227309372,357
XD,SING,-4.6403,34.731499,XD,HALE,-5.3018,38.617001,436.6603457013021,277
XD,SING,-4.6403,34.731499,XD,KOMO,-3.8422,36.7192,237.6101834354468,316
XD,SING,-4.6403,34.731499,XD,KIBA,-5.3223,36.5695,217.26786105693657,274
GE,MELI,35.289902,-2.9392,MN,RTC,33.9881,-6.8569,386.5027719105655,697
GE,MELI,35.289902,-2.9392,GE,MAHO,39.895901,4.2665,815.2149762749799,1880
GE,MELI,35.289902,-2.9392,GE,CART,37.5868,-1.0012,308.66675307712853,2278
GE,MELI,35.289902,-2.9392,GE,MTE,40.3997,-7.5442,697.1365497079684,2325
XY,PACW,39.9962,-77.9247,N4,X48A,34.4517,-87.0452,1015.0550670829676,646
XY,PACW,39.9962,-77.9247,N4,V51A,35.803299,-84.351097,731.2949259946432,562
XY,PACW,39.9962,-77.9247,Z9,W14,32.0938,-83.898697,1029.2400131473435,116
XY,PACW,39.9962,-77.9247,Z9,W315,34.177898,-83.853104,833.285146115406,363
XY,PACW,39.9962,-77.9247,KY,LLKY,36.92159,-88.096558,948.6690368918177,616
XY,PACW,39.9962,-77.9247,XO,SOKY,37.5256,-85.961899,748.712494775576,578
XY,PACW,39.9962,-77.9247,XO,LE17,37.9874,-89.1763,996.9938609908056,134
XY,PACW,39.9962,-77.9247,6E,SB04,38.573502,-87.751999,859.9886365785171,144
XY,PACW,39.9962,-77.9247,NM,SCMO,38.761799,-90.641296,1100.6149415395373,772
XY,PACW,39.9962,-77.9247,N4,N41A,40.7077,-90.8552,1097.5822859241757,673
XY,PACW,39.9962,-77.9247,GS,DEC08,39.861045,-88.924888,937.5040341452343,649
XY,PACW,39.9962,-77.9247,N4,P48A,39.4605,-85.4258,644.047314335135,509
XY,PACW,39.9962,-77.9247,N4,P51A,39.4818,-83.060097,442.74820040413346,313
XY,PACW,39.9962,-77.9247,N4,K43A,42.7044,-88.332,918.6888315973009,665
XY,PACW,39.9962,-77.9247,US,GLMI,44.8245,-84.6175,767.7116926184644,853
XY,PACW,39.9962,-77.9247,Z9,E07,30.718,-82.0979,1098.5457817571048,303
XY,PACW,39.9962,-77.9247,N4,R53A,38.3307,-81.952202,393.47311531670954,313
XY,PACW,39.9962,-77.9247,N4,257A,31.9746,-81.0261,934.4144441593206,599
XY,PACW,39.9962,-77.9247,WU,TOBO,45.225804,-81.523445,651.6574133807064,835
XY,PACW,39.9962,-77.9247,Z9,E31,32.986599,-82.107002,864.1854946258381,360
XY,PACW,39.9962,-77.9247,PO,MEDO,43.1646,-78.454597,355.0543990385691,178
XY,PACW,39.9962,-77.9247,7A,BDEG,37.331501,-77.208298,302.75635918067377,356
XY,PACW,39.9962,-77.9247,N4,Y60A,34.0046,-78.2163,666.7382588303635,287
XY,PACW,39.9962,-77.9247,PO,ACTO,43.6087,-80.062401,438.99597422249735,178
XY,PACW,39.9962,-77.9247,YO,X10,33.047501,-76.059898,790.3686067159042,304
XY,PACW,39.9962,-77.9247,N4,R61A,38.3303,-75.339,289.82084755285763,280
XY,PACW,39.9962,-77.9247,YO,X01,36.225201,-74.5793,511.26987628892516,308
XY,PACW,39.9962,-77.9247,YO,D03,34.3559,-74.488701,696.9980471168459,310
XY,PACW,39.9962,-77.9247,YO,X09,32.516899,-74.3536,890.9536395219408,305
XY,PACW,39.9962,-77.9247,LD,FRNY,44.835,-73.5883,644.9279289135865,838
XY,PACW,39.9962,-77.9247,PO,LATQ,47.3835,-72.7819,919.1257641400174,848
XY,PACW,39.9962,-77.9247,X8,QM58,49.048401,-72.740601,1086.5768432136276,451
XY,PACW,39.9962,-77.9247,YO,X03,35.893299,-72.719002,645.1424953470437,306
XY,PACW,39.9962,-77.9247,X8,QM38,47.675201,-70.853104,1024.106244242065,603
XY,PACW,39.9962,-77.9247,N4,E62A,46.6201,-69.5227,1001.1996939898091,129
XY,PACW,39.9962,-77.9247,N4,G65A,45.2002,-67.5632,1025.42698182326,135
XL,HD75,49.3102,96.357101,XL,HD54,47.499901,96.803398,203.97337330282,638
XL,HD75,49.3102,96.357101,KZ,MAKZ,46.807999,81.976997,1102.4424971973497,538
XL,HD75,49.3102,96.357101,XL,HD03,46.515701,102.547203,555.9531315779809,612
XL,HD75,49.3102,96.357101,XL,HD09,45.413898,100.5718,536.9154061169081,637
XL,HD75,49.3102,96.357101,XL,HD21,47.967701,101.433296,401.6493719299166,385
XL,HD75,49.3102,96.357101,XL,HD74,49.500999,99.152298,203.3432464697453,640
XL,HD75,49.3102,96.357101,XL,HD41,48.242298,99.400002,252.59742181946993,636
XL,HD75,49.3102,96.357101,XL,HD25,47.003502,99.406097,341.90782015186335,637
XL,HD75,49.3102,96.357101,XL,HD48,46.209202,97.608299,357.26052248505414,572
XL,HD75,49.3102,96.357101,XL,HD73,49.4953,101.357101,362.3122787312597,640
XL,HD75,49.3102,96.357101,II,TLY,51.6807,103.6438,578.5561387708441,626
XV,NAPU,-15.08,39.25,XK,Z04NN,-13.075,30.6276,956.219402087926,307
XV,NAPU,-15.08,39.25,XK,Z09CG,-13.3058,32.221001,782.9310482464986,311
XV,NAPU,-15.08,39.25,6H,MASS,-21.588499,32.921299,984.5295832924562,125
XV,NAPU,-15.08,39.25,XK,W02NB,-13.724,33.559898,631.0728092992032,327
XV,NAPU,-15.08,39.25,XV,TETE,-16.129999,33.57,619.3823718934665,280
XV,NAPU,-15.08,39.25,XK,W10LW,-12.6208,34.165199,613.2472083600446,323
XV,NAPU,-15.08,39.25,6H,FUNH,-23.0973,34.378201,1027.726110607004,136
XV,NAPU,-15.08,39.25,XK,W15SS,-15.6818,34.974701,463.21444223220726,317
XV,NAPU,-15.08,39.25,XV,SENA,-17.445,35.032001,521.3851676968727,404
XV,NAPU,-15.08,39.25,XK,Q05MJ,-13.3953,36.125702,385.3207518256385,132
XV,NAPU,-15.08,39.25,XK,Q07MR,-13.1967,37.4986,281.9816444219887,293
XV,NAPU,-15.08,39.25,XV,BITY,-20.060801,47.000099,990.4881344011172,291
XV,NAPU,-15.08,39.25,XV,MAJA,-15.7323,46.4263,772.6670541676016,486
XV,NAPU,-15.08,39.25,XV,VINA,-18.176901,45.224701,723.6405166271536,273
XV,NAPU,-15.08,39.25,XV,ANTS,-14.8843,47.999298,939.9974516384409,484
XV,NAPU,-15.08,39.25,XV,ZOBE,-18.1369,47.228901,915.4605331690993,293
XV,NAPU,-15.08,39.25,AF,SKRH,-22.827,44.733002,1036.2647652749715,192
XV,NAPU,-15.08,39.25,XV,BAND,-20.3428,45.596401,891.013019590001,290
BL,TRSB,-4.873,-42.705898,IU,RCBR,-5.8274,-35.9014,760.7560683084735,169
XB,PAPL,45.319138,-77.809006,XB,KAPU,48.128166,-82.90554,498.29847542394384,98
XB,PAPL,45.319138,-77.809006,XB,CHAZ,48.832191,-79.052155,401.8020828148004,133
XB,PAPL,45.319138,-77.809006,XB,POP2,47.593006,-79.220634,274.98347527752094,105
Z5,NTGM,-0.832,30.272,Z5,MASD,1.687,31.723,323.2375306163388,727
Z5,NTGM,-0.832,30.272,Z5,KAGD,1.024,30.662,210.8846950421746,716
Z5,NTGM,-0.832,30.272,Z5,LAMW,3.563,32.743,560.5754194481823,726
Y1,KERK,2.61653,36.255065,Y1,KAEK,4.142727,35.453087,191.6356955342341,582
Y1,KERK,2.61653,36.255065,6R,MAGE,5.670603,36.418926,340.0836716109695,604
Y1,KERK,2.61653,36.255065,6R,YABE,4.889818,38.088238,324.4442369926609,579
Y1,KERK,2.61653,36.255065,Y1,TURK,3.127577,38.27457,231.36332454083902,596
N4,E62A,46.6201,-69.5227,WU,TOBO,45.225804,-81.523445,940.1567081904619,2717
N4,E62A,46.6201,-69.5227,PE,PAKC,41.37471,-77.932533,889.4582343804252,2534
N4,E62A,46.6201,-69.5227,PE,PBL2,41.9981,-79.528809,946.5323678708053,1946
N4,E62A,46.6201,-69.5227,YU,B01A,42.554493,-76.505821,713.7880172652453,1231
N4,E62A,46.6201,-69.5227,PE,PSSK,40.642586,-76.164978,852.3203558739617,2555
N4,E62A,46.6201,-69.5227,PE,PN1,40.52588,-79.716735,1063.214529817288,1115
N4,E62A,46.6201,-69.5227,YM,MHCG,44.2571,-75.7522,552.2871272919882,968
N4,E62A,46.6201,-69.5227,N4,R61A,38.3303,-75.339,1037.1828769635683,2767
N4,E62A,46.6201,-69.5227,LD,FRNY,44.835,-73.5883,372.7412050563611,1431
N4,E62A,46.6201,-69.5227,PO,LATQ,47.3835,-72.7819,261.29923601044493,962
N4,E62A,46.6201,-69.5227,7O,ABNH,43.4819,-71.2471,374.29799468595377,764
N4,E62A,46.6201,-69.5227,C8,FORQ,48.7542,-69.1135,239.26904657803826,1239
N4,E62A,46.6201,-69.5227,7K,AN4,40.332022,-66.973035,728.7322555165632,226
N4,E62A,46.6201,-69.5227,N4,G65A,45.2002,-67.5632,218.87249729439736,2767
N4,E62A,46.6201,-69.5227,X8,COSY,43.438499,-65.625298,467.8183633484673,351
N4,E62A,46.6201,-69.5227,C8,PCAQ,49.7311,-62.9416,597.8114744743384,2535
EI,IMAY,54.160708,-9.379619,GB,JSA,49.18783,-2.17167,742.7657422019789,1112
EI,IMAY,54.160708,-9.379619,GB,HMNX,50.86733,0.33633,751.66705741831,1113
EI,IMAY,54.160708,-9.379619,GB,DRUM,56.91267,-2.4865,530.4188873094274,1132
EI,IMAY,54.160708,-9.379619,GB,LAWE,56.26,-5.399,343.8036962472571,1142
EI,IMAY,54.160708,-9.379619,GB,LRW,60.136,-1.17783,827.1038451823216,1139
EI,IMAY,54.160708,-9.379619,GB,WACR,52.72433,0.62833,681.1700860091464,1019
EI,IMAY,54.160708,-9.379619,GB,GAL1,54.86633,-4.71133,311.3189571628963,1118
EI,IMAY,54.160708,-9.379619,EI,IDGL,55.073,-7.51,157.4119285688925,1148
EI,IMAY,54.160708,-9.379619,EI,IMAC,51.845801,-9.070097,258.2374453976226,1148
EI,IMAY,54.160708,-9.379619,WF,SPG,52.32553,-3.01928,469.623565702144,583
EI,IMAY,54.160708,-9.379619,EI,DSB,53.24519,-6.37619,222.3442890493367,1148
YB,IF01,62.359459,-6.52752,DK,MUD,56.455,9.1733,1100.0843192822435,455
YB,IF01,62.359459,-6.52752,GB,DRUM,56.91267,-2.4865,646.541925944745,417
YB,IF01,62.359459,-6.52752,GB,LRW,60.136,-1.17783,377.9483371890923,436
YB,IF01,62.359459,-6.52752,GB,GAL1,54.86633,-4.71133,839.726024173199,436
YB,IF01,62.359459,-6.52752,EI,IDGL,55.073,-7.51,812.1775583270993,287
YL,F01,-20.795,-173.913193,YL,A14W,-20.6658,-178.155304,441.38327337282044,325
YL,F01,-20.795,-173.913193,YL,S02W,-21.799101,-176.897995,328.75953381215334,273
YL,F01,-20.795,-173.913193,Z1,VABL,-17.2465,-178.955994,660.7381343293874,243
YL,F01,-20.795,-173.913193,YL,N01W,-19.0243,-175.485504,256.48719024341506,317
YL,F01,-20.795,-173.913193,Z1,VAVP,-18.601999,-173.961395,243.9031195126216,347
YL,F01,-20.795,-173.913193,Z1,MOAL,-18.566299,179.951599,688.4157734620526,284
YL,F01,-20.795,-173.913193,Z1,LBSA,-16.540899,179.300201,857.0402966150032,369
CB,WHN,30.542801,114.353897,CB,GYA,26.459999,106.664001,877.5731087303981,2281
CB,WHN,30.542801,114.353897,1G,WOP01,37.66651,107.33679,1021.4812915170003,244
CB,WHN,30.542801,114.353897,IC,XAN,34.03107,108.92321,640.9565750245295,2925
CB,WHN,30.542801,114.353897,CB,NJ2,32.051701,118.854401,459.2992346939209,3081
CB,WHN,30.542801,114.353897,TW,KMNB,24.4638,118.388199,784.1895202232477,3083
CB,WHN,30.542801,114.353897,HK,HKPS,22.277599,114.141502,919.2924490656314,2936
CB,WHN,30.542801,114.353897,CB,GZH,23.6525,113.652496,769.3003662256402,2479
YU,NL02,9.2491,-70.2202,ZC,HMDR,18.7879,-69.381,1064.5139974345375,275
YU,NL02,9.2491,-70.2202,CM,SJC,9.896667,-75.1795,548.5097965992496,636
YU,NL02,9.2491,-70.2202,YU,NL10,10.6679,-71.4911,210.3846869685195,636
YU,NL02,9.2491,-70.2202,LO,LOBA2,18.0814,-71.0936,986.6211937159727,530
YU,NL02,9.2491,-70.2202,YU,SL02,7.6943,-71.0365,194.80552414717442,518
YU,NL02,9.2491,-70.2202,YU,GJ03,11.7273,-72.5457,374.93201475839174,635
YU,NL02,9.2491,-70.2202,YU,SL09,8.9599,-72.6846,272.4801812019528,630
YU,NL02,9.2491,-70.2202,VE,BAUV,8.9433,-68.041496,241.61854747531623,631
YU,NL02,9.2491,-70.2202,TR,TOSP,11.2984,-60.535198,1083.7823020199417,313
YU,NL02,9.2491,-70.2202,CU,GRGR,12.13237,-61.65407,989.2334121785223,636
C1,CO05,-29.91864,-71.23841,XM,ASB19,-36.2284,-65.4205,886.2207703289698,362
C1,CO05,-29.91864,-71.23841,XM,ASB08,-37.6872,-67.8793,917.699822341365,470
C1,CO05,-29.91864,-71.23841,XM,ASB20,-35.8086,-63.9305,945.3646078680788,470
C1,CO05,-29.91864,-71.23841,XM,ASB04,-35.77723,-69.39981,673.664390984912,616
C1,CO05,-29.91864,-71.23841,XM,ASB13,-35.20574,-67.67386,676.041729842409,645
C1,CO05,-29.91864,-71.23841,XM,ASB22,-33.66389,-67.46128,548.418414701787,638
C1,CO05,-29.91864,-71.23841,2V,PO20,-27.73141,-70.24283,261.83003094776484,97
C1,CO05,-29.91864,-71.23841,C1,AC02,-26.835517,-69.129067,400.12152196552586,1948
C1,CO05,-29.91864,-71.23841,XM,ANB19,-27.7766,-62.9698,839.575167705972,638
C1,CO05,-29.91864,-71.23841,XM,ANB11,-25.951,-62.49889,964.8360045798995,585
C1,CO05,-29.91864,-71.23841,C1,AF02,-25.418768,-70.45536,506.26554668847797,309
C1,CO05,-29.91864,-71.23841,3Y,SC02,-29.066857,-70.132088,142.95340822431467,562
C1,CO05,-29.91864,-71.23841,XM,ANB09,-25.4413,-66.2624,698.3498199539025,349
C1,CO05,-29.91864,-71.23841,XM,ANB20,-26.7962,-65.316,675.4010991995743,637
C1,CO05,-29.91864,-71.23841,XM,ANB03,-23.50208,-66.11349,876.181258139071,638
C1,CO05,-29.91864,-71.23841,XM,ANB10,-25.0271,-64.5865,852.0139721226282,644
C1,CO05,-29.91864,-71.23841,XM,CB22,-24.00541,-68.52551,710.2893970847969,623
C1,CO05,-29.91864,-71.23841,XM,CB01,-22.09872,-70.21211,875.5483555374323,624
3D,MM15,31.1991,-8.8973,XB,PM04,35.402599,-5.1525,582.6298211511346,698
3D,MM15,31.1991,-8.8973,ZI,MB16,29.7026,-9.5269,177.00849515281422,698
3D,MM15,31.1991,-8.8973,XB,PM18,34.150002,-4.8195,503.242773493438,705
3D,MM15,31.1991,-8.8973,ZI,MB19,29.741051,-7.979389,184.45452030703785,400
3D,MM15,31.1991,-8.8973,XB,PM25,32.875702,-4.888,421.35423222712814,587
3D,MM15,31.1991,-8.8973,MN,RTC,33.9881,-6.8569,364.2773138474703,688
3D,MM15,31.1991,-8.8973,3D,MM05,30.680401,-6.3895,246.02578429482668,797
3D,MM15,31.1991,-8.8973,XB,PS16,37.2131,-5.0491,756.3992189767279,671
3D,MM15,31.1991,-8.8973,XB,PS37,38.999699,-4.9555,938.3226978172751,500
3D,MM15,31.1991,-8.8973,XB,PS57,37.011501,-2.9864,844.5148374582991,674
3D,MM15,31.1991,-8.8973,PM,PFVI,37.132832,-8.826829,659.8335934391813,839
KZ,OTUK,48.244301,72.337502,TJ,CHGR,38.656898,69.158203,1096.2664778045598,1746
KZ,OTUK,48.244301,72.337502,QZ,ZHTS,40.764944,68.290297,891.1191841350794,951
KZ,OTUK,48.244301,72.337502,II,AAK,42.6375,74.4942,645.6832853515791,934
KZ,OTUK,48.244301,72.337502,XV,NW300,51.63364,75.30625,432.55195504366833,140
KZ,OTUK,48.244301,72.337502,KR,SFK,40.017151,73.506289,919.5309396321637,2618
KZ,OTUK,48.244301,72.337502,KR,TRKS,41.472454,71.167327,758.59787455492,2478
KZ,OTUK,48.244301,72.337502,CK,MNAS,42.49321,72.49757,639.6148472168796,224
KZ,OTUK,48.244301,72.337502,QZ,BRZS,49.981769,72.677469,194.77545478388456,1073
KZ,OTUK,48.244301,72.337502,QZ,CHM,42.348271,69.573528,690.2116857493932,1126
KZ,OTUK,48.244301,72.337502,KR,BTK,40.06675,70.81572,917.3195646452178,3603
KZ,OTUK,48.244301,72.337502,XV,NW140,50.82925,77.20242,453.55248825644867,101
KZ,OTUK,48.244301,72.337502,QZ,AKST,45.734274,62.857266,770.6947449732857,1116
KZ,OTUK,48.244301,72.337502,KN,ULHL,42.245602,76.241699,733.4758358881594,1462
KZ,OTUK,48.244301,72.337502,QZ,ZSN,47.462283,84.866045,937.8025948315318,1066
KZ,OTUK,48.244301,72.337502,QZ,TDK,45.002246,78.40445,586.7457247782546,925
KZ,OTUK,48.244301,72.337502,KZ,MAKZ,46.807999,81.976997,740.6529899890434,3414
KZ,OTUK,48.244301,72.337502,QZ,USHN,49.969499,82.743909,780.7184497272333,743
KZ,OTUK,48.244301,72.337502,QZ,SEM,50.403587,80.257129,621.7685629191732,1150
XY,U06B,-37.2244,-73.550003,GT,PLCA,-40.73277,-70.55083,468.3283796744756,148
XY,U06B,-37.2244,-73.550003,XY,U54B,-35.545898,-71.359703,270.6832438198472,138
XY,U06B,-37.2244,-73.550003,XY,U72B,-33.978699,-71.812401,393.59325583255685,134
QZ,ZSN,47.462283,84.866045,XV,NW300,51.63364,75.30625,830.1176214924013,136
QZ,ZSN,47.462283,84.866045,QZ,BRZS,49.981769,72.677469,935.7317403825765,1323
QZ,ZSN,47.462283,84.866045,XV,NW140,50.82925,77.20242,670.9547543016546,99
QZ,ZSN,47.462283,84.866045,QZ,TDK,45.002246,78.40445,567.0517971458198,1175
QZ,ZSN,47.462283,84.866045,KZ,MAKZ,46.807999,81.976997,230.31099006758043,1043
QZ,ZSN,47.462283,84.866045,X7,MC06,45.17868,94.04808,748.8926124502954,380
QZ,ZSN,47.462283,84.866045,X7,MC14,45.76957,92.21965,592.0774202638722,380
QZ,ZSN,47.462283,84.866045,QZ,USHN,49.969499,82.743909,319.28586713409624,903
QZ,ZSN,47.462283,84.866045,QZ,SEM,50.403587,80.257129,469.21167300604327,1328
ZX,215,40.438499,118.3479,IC,XAN,34.03107,108.92321,1096.001752808133,386
ZX,215,40.438499,118.3479,ZX,230,41.803101,118.326897,151.74722639717402,218
ZX,215,40.438499,118.3479,XG,MJPU,40.666698,115.683701,226.50711482034714,392
ZX,215,40.438499,118.3479,XG,ELSH,41.9869,114.455597,368.25416477042114,392
ZX,215,40.438499,118.3479,XG,XZHOU,38.423,113.002502,510.7531980208774,123
2O,BTL04,-15.84238,133.93432,S1,AUDHS,-12.44,130.833,504.89160193135297,1584
2O,BTL04,-15.84238,133.93432,S1,AUALC,-23.6899,133.8835,872.6217856112585,1550
2O,BTL04,-15.84238,133.93432,S1,AUKAT,-14.4624,132.2829,234.43553177074847,565
2O,BTL04,-15.84238,133.93432,2O,BTL07,-17.60978,133.9562,196.53999525006634,471
MM,YGN,16.864799,96.153397,TM,PRAC,12.472649,99.792871,625.8591649814414,2487
MM,YGN,16.864799,96.153397,TM,UBPT,15.2773,105.4695,1010.8291993374145,1268
MM,YGN,16.864799,96.153397,TM,PHRA,18.4989,100.229,468.4275184140184,1373
MM,YGN,16.864799,96.153397,TM,NONG,18.063498,103.1458,753.5045273433561,1369
MM,YGN,16.864799,96.153397,TM,LOEI,17.5093,101.6244,585.5616896684738,2422
MM,YGN,16.864799,96.153397,TM,PANO,17.147614,104.6122,899.9271795343361,769
MM,YGN,16.864799,96.153397,TM,SRDT,14.3948,99.1213,420.0211435067056,1807
MM,YGN,16.864799,96.153397,TM,CHBT,12.7441,102.3526,808.5963379792381,996
MM,YGN,16.864799,96.153397,XR,MS02,23.605983,93.696263,792.1434816207566,421
MM,YGN,16.864799,96.153397,MM,TGI,20.768545,97.034073,443.85884204206394,2470
MM,YGN,16.864799,96.153397,MM,NGU,21.205721,94.916618,499.8787315883609,2469
MM,YGN,16.864799,96.153397,TM,CRAI,20.2289,100.3734,581.167983205659,2540
MM,YGN,16.864799,96.153397,MM,MDY,22.016199,96.112297,572.8265326822074,706
MM,YGN,16.864799,96.153397,MM,KTN,21.2857,99.589798,609.8979524941826,2859
MM,YGN,16.864799,96.153397,XR,BA07,24.1371,91.4975,942.6518223795307,1439
MM,YGN,16.864799,96.153397,XR,MS05,22.585486,94.508708,658.9690167689479,317
MM,YGN,16.864799,96.153397,RM,SLV,21.325247,103.906708,953.4970962828065,2207
ON,VAS01,-22.280081,-43.442623,ON,TIJ01,-25.908848,-49.024242,695.4169784452212,1981
ON,VAS01,-22.280081,-43.442623,ON,PET01,-24.290108,-47.275345,450.74126728732375,1993
ON,VAS01,-22.280081,-43.442623,BL,RCLB,-22.4191,-47.530998,420.7285411656211,2354
ON,VAS01,-22.280081,-43.442623,ON,ALF01,-20.616865,-40.725212,336.5820453163329,1950
ON,VAS01,-22.280081,-43.442623,ON,NAN01,-17.844168,-40.125668,602.6908206745468,1444
ON,VAS01,-22.280081,-43.442623,ON,ABR01,-17.964609,-38.695862,689.7125051804853,668
ON,VAS01,-22.280081,-43.442623,ON,ANA01,-14.531001,-40.74522,907.350717253596,306
ON,VAS01,-22.280081,-43.442623,ON,GDU01,-13.72,-39.575279,1035.7836626585863,1785
ON,VAS01,-22.280081,-43.442623,BL,PMNB,-18.540001,-46.439999,520.0749291341391,1989
MH,P0022,-24.142517,-136.613917,MH,P0024,-24.272183,-145.46665,897.7863827169132,104
MH,P0022,-24.142517,-136.613917,MH,P0021,-23.647167,-133.3218,339.1846981984125,102
CB,GZH,23.6525,113.652496,RM,SZP,17.552,120.455002,980.1587340774479,1784
CB,GZH,23.6525,113.652496,CB,GYA,26.459999,106.664001,769.8939624286817,2278
CB,GZH,23.6525,113.652496,RM,SLV,21.325247,103.906708,1033.901481452626,2062
CB,GZH,23.6525,113.652496,IC,QIZ,19.02928,109.84398,647.8718602269549,2467
CB,GZH,23.6525,113.652496,CB,NJ2,32.051701,118.854401,1064.382945695949,2493
CB,GZH,23.6525,113.652496,TW,KMNB,24.4638,118.388199,489.20409398415813,2484
CB,GZH,23.6525,113.652496,HK,HKPS,22.277599,114.141502,160.87056317439894,2320
XM,ASB08,-37.6872,-67.8793,XM,ASB11,-37.8946,-63.8453,355.1977607452932,470
XM,ASB08,-37.6872,-67.8793,XM,ASB19,-36.2284,-65.4205,272.09094659968184,362
XM,ASB08,-37.6872,-67.8793,C1,LL02,-43.19055,-71.84838,697.8641387784121,439
XM,ASB08,-37.6872,-67.8793,GT,PLCA,-40.73277,-70.55083,409.41892500691205,470
XM,ASB08,-37.6872,-67.8793,C1,LR04,-39.88019,-73.425822,538.9271543306753,470
XM,ASB08,-37.6872,-67.8793,XM,ASB20,-35.8086,-63.9305,409.1119101248871,469
XM,ASB08,-37.6872,-67.8793,XM,ASB04,-35.77723,-69.39981,251.91428959092377,449
XM,ASB08,-37.6872,-67.8793,XM,ASB13,-35.20574,-67.67386,276.53710821766435,471
XM,ASB08,-37.6872,-67.8793,XM,ASB22,-33.66389,-67.46128,448.9612197590887,464
9R,OBS16,18.39057,-81.81344,CW,CAMR,23.061737,-81.370857,521.4446047451031,186
9R,OBS16,18.39057,-81.81344,CM,PRV,13.376167,-81.3635,559.6479584692872,160
9R,OBS16,18.39057,-81.81344,NU,SIUN,13.71616,-84.773499,608.3934674527314,200
9R,OBS16,18.39057,-81.81344,NU,BILN,14.0488,-83.374641,510.7328556443223,177
9R,OBS16,18.39057,-81.81344,CY,CBCY,19.73797,-79.758278,262.86029315273674,200
9R,OBS16,18.39057,-81.81344,CW,CHIV,19.97648,-76.415131,593.6811267928276,201
9R,OBS16,18.39057,-81.81344,CW,CAIB,22.497055,-79.47097,517.7194680814395,201
9R,OBS16,18.39057,-81.81344,CW,CCCC,21.193399,-77.417297,555.5349628816248,188
XM,ANB19,-27.7766,-62.9698,XM,ASB19,-36.2284,-65.4205,967.6837921529078,362
XM,ANB19,-27.7766,-62.9698,XM,ASB20,-35.8086,-63.9305,897.7061425634581,471
XM,ANB19,-27.7766,-62.9698,XM,ASB04,-35.77723,-69.39981,1076.7908357936644,603
XM,ANB19,-27.7766,-62.9698,XM,ASB13,-35.20574,-67.67386,938.4746586110813,634
XM,ANB19,-27.7766,-62.9698,XM,ASB22,-33.66389,-67.46128,782.6428891380205,628
XM,ANB19,-27.7766,-62.9698,C1,AC02,-26.835517,-69.129067,617.4214843363505,264
XM,ANB19,-27.7766,-62.9698,XM,ANB11,-25.951,-62.49889,208.30210614208636,583
XM,ANB19,-27.7766,-62.9698,XM,ANB09,-25.4413,-66.2624,417.7942196863744,349
XM,ANB19,-27.7766,-62.9698,XM,ANB18,-28.4534,-59.3139,366.34616115767494,627
XM,ANB19,-27.7766,-62.9698,XM,ANB20,-26.7962,-65.316,256.1986076196925,638
XM,ANB19,-27.7766,-62.9698,XM,ANB03,-23.50208,-66.11349,570.2176492587251,633
XM,ANB19,-27.7766,-62.9698,XM,ANB10,-25.0271,-64.5865,345.52770415356594,635
XM,ANB19,-27.7766,-62.9698,XM,ANB17,-25.2429,-59.8069,422.36303616907634,557
XM,ANB19,-27.7766,-62.9698,XM,ANB16,-24.0911,-61.4628,436.622950672174,557
XM,ANB19,-27.7766,-62.9698,XM,CB22,-24.00541,-68.52551,696.0436806604094,585
XM,ANB19,-27.7766,-62.9698,XM,CB01,-22.09872,-70.21211,964.8793789234179,583
KR,SFK,40.017151,73.506289,TJ,SHAA,37.562,68.122803,540.4423579173142,1019
KR,SFK,40.017151,73.506289,TJ,CHGR,38.656898,69.158203,403.316278880518,1499
KR,SFK,40.017151,73.506289,TF,KHO,37.488477,71.565355,327.6791977511221,139
KR,SFK,40.017151,73.506289,QZ,ZHTS,40.764944,68.290297,449.4303400960705,1202
KR,SFK,40.017151,73.506289,II,AAK,42.6375,74.4942,302.8158102441217,620
KR,SFK,40.017151,73.506289,KR,TRKS,41.472454,71.167327,254.9582776503223,2950
KR,SFK,40.017151,73.506289,CK,MNAS,42.49321,72.49757,287.94239273225446,226
KR,SFK,40.017151,73.506289,QZ,BRZS,49.981769,72.677469,1109.9119323888604,1324
KR,SFK,40.017151,73.506289,QZ,CHM,42.348271,69.573528,418.85806990987896,1378
KR,SFK,40.017151,73.506289,KR,BTK,40.06675,70.81572,229.10046696544137,3528
KR,SFK,40.017151,73.506289,TJ,MURGB,38.254,74.058,201.74440544389063,495
KR,SFK,40.017151,73.506289,QZ,AKST,45.734274,62.857266,1074.1949717705263,1366
KR,SFK,40.017151,73.506289,KN,ULHL,42.245602,76.241699,337.43269683882903,716
KR,SFK,40.017151,73.506289,Y2,WT12,32.461102,80.8218,1065.1527410315223,298
KR,SFK,40.017151,73.506289,QZ,TDK,45.002246,78.40445,684.1528886641283,1176
KR,SFK,40.017151,73.506289,KZ,MAKZ,46.807999,81.976997,1017.8021972161216,3198
3H,G33,2.8879,-94.4777,3H,G56,-2.4299,-89.0249,846.7649433639103,440
3H,G33,2.8879,-94.4777,3H,G52,-2.3945,-91.89,654.0225110325713,442
3H,G33,2.8879,-94.4777,3H,G44,-1.8313,-93.8518,529.3439967757486,435
3H,G33,2.8879,-94.4777,3H,G23,0.9001,-92.0216,351.21770377386156,443
3H,G33,2.8879,-94.4777,3H,G06,2.0564,-90.6769,432.2376224445709,442
3H,G33,2.8879,-94.4777,3H,G01,1.0132,-88.9369,650.0550777154258,443
3H,G33,2.8879,-94.4777,3H,G18,1.5202,-93.2519,204.15413342202,450
3H,G33,2.8879,-94.4777,3H,G15,2.5843,-92.2501,249.70796290026792,449
3H,G33,2.8879,-94.4777,3H,G30,1.2999,-94.808,180.35175118290297,452
3H,G33,2.8879,-94.4777,3H,G27,-0.183,-93.4209,361.1078541124285,445
3H,G33,2.8879,-94.4777,8W,CBHM,-0.46906,-91.60975,490.8768162997294,227
Z9,W315,34.177898,-83.853104,ZL,N07A,35.485802,-91.857803,744.7140953449793,156
Z9,W315,34.177898,-83.853104,N4,X48A,34.4517,-87.0452,294.73207535248383,156
Z9,W315,34.177898,-83.853104,N4,Z38B,33.2599,-94.9852,1034.1190142204564,92
Z9,W315,34.177898,-83.853104,Z9,W14,32.0938,-83.898697,231.7803157213697,453
Z9,W315,34.177898,-83.853104,KY,LLKY,36.92159,-88.096558,490.26989800697896,492
Z9,W315,34.177898,-83.853104,XO,MG05,37.482498,-90.870102,731.2630320022732,448
Z9,W315,34.177898,-83.853104,XO,SOKY,37.5256,-85.961899,417.92794917458326,196
Z9,W315,34.177898,-83.853104,XO,LE17,37.9874,-89.1763,638.7432099823676,411
Z9,W315,34.177898,-83.853104,NM,SCMO,38.761799,-90.641296,792.1976195838854,689
Z9,W315,34.177898,-83.853104,N4,N41A,40.7077,-90.8552,952.9004059068658,194
Z9,W315,34.177898,-83.853104,GS,DEC08,39.861045,-88.924888,775.6291232993979,187
Z9,W315,34.177898,-83.853104,N4,K43A,42.7044,-88.332,1024.8044418499098,175
Z9,W315,34.177898,-83.853104,Z9,E07,30.718,-82.0979,418.4728126003236,675
Z9,W315,34.177898,-83.853104,N4,257A,31.9746,-81.0261,359.6980373172879,113
Z9,W315,34.177898,-83.853104,Z9,E31,32.986599,-82.107002,209.06495743416033,743
Z9,W315,34.177898,-83.853104,PO,MEDO,43.1646,-78.454597,1103.098308784866,553
Z9,W315,34.177898,-83.853104,PO,ACTO,43.6087,-80.062401,1098.4437509400298,552
YF,N6029,62.73584,17.815901,YF,N6017,63.380829,13.65691,221.4190798435444,168
YF,N6029,62.73584,17.815901,GE,HLG,54.1847,7.8839,1109.8082107940982,168
YF,N6029,62.73584,17.815901,GE,RGN,54.547699,13.3214,946.3305079030775,168
YF,N6029,62.73584,17.815901,GE,PUL,59.766998,30.316999,743.984073500636,167
QZ,AKST,45.734274,62.857266,QZ,INDER,48.501565,51.694986,897.9054103472637,1369
QZ,AKST,45.734274,62.857266,TJ,CHGR,38.656898,69.158203,942.0413835501101,581
QZ,AKST,45.734274,62.857266,QZ,ZHTS,40.764944,68.290297,706.0052342849855,1201
QZ,AKST,45.734274,62.857266,QZ,ALGA,49.986897,57.210083,632.9672053854315,1377
QZ,AKST,45.734274,62.857266,KR,TRKS,41.472454,71.167327,819.244193008693,1323
QZ,AKST,45.734274,62.857266,QZ,BRZS,49.981769,72.677469,870.6351137557554,1323
QZ,AKST,45.734274,62.857266,QZ,CHM,42.348271,69.573528,655.3441315508795,1377
QZ,AKST,45.734274,62.857266,KR,BTK,40.06675,70.81572,903.2381251413096,1377
XI,RIYD,24.722,46.643002,XI,RANI,21.3116,42.7761,548.0375268970204,195
XI,RIYD,24.722,46.643002,XI,AFIF,23.931,43.040001,375.49629931877917,265
XI,RIYD,24.722,46.643002,XI,HALM,22.8454,44.317299,315.49013111888934,302
XI,RIYD,24.722,46.643002,II,RAYN,23.5225,45.5032,176.5479352380128,143
ZL,NOQE,-31.1994,-66.747002,ZL,BARR,-31.6495,-69.415901,258.1317713346533,708
ZL,NOQE,-31.1994,-66.747002,ZL,CHUM,-28.8195,-66.2481,268.9567850905594,216
ZL,NOQE,-31.1994,-66.747002,ZL,COLO,-29.935699,-67.109596,144.74181300376668,484
ZL,NOQE,-31.1994,-66.747002,XH,ESP03,-29.7428,-64.014297,307.91474878380455,457
Z8,356,36.036201,106.672401,X4,D26,32.459202,96.394203,1024.3287235488415,271
Z8,356,36.036201,106.672401,X4,GS18,32.865501,104.784698,392.73826795587604,289
Z8,356,36.036201,106.672401,X4,GS09,32.869499,106.458702,352.6660966850441,286
Z8,356,36.036201,106.672401,X4,F06,33.102501,95.114601,1106.5766270993856,144
Z8,356,36.036201,106.672401,X4,GS01,34.271999,104.242104,295.4466118502274,288
Z8,356,36.036201,106.672401,X4,A01,36.432701,94.873199,1058.5344742439534,311
Z8,356,36.036201,106.672401,Z8,373,35.941299,103.562599,279.9806726850675,467
Z8,356,36.036201,106.672401,Z8,365,35.987999,105.131699,138.68045471871886,468
Z8,356,36.036201,106.672401,X4,GS12,34.853199,105.749802,155.8465605956086,270
Z8,356,36.036201,106.672401,IC,XAN,34.03107,108.92321,302.81392777506085,413
Z8,356,36.036201,106.672401,Z8,341,36.0462,109.201599,227.40078610874681,248
Z8,356,36.036201,106.672401,Z8,320,36.0107,112.366096,511.9800268890867,463
Z8,356,36.036201,106.672401,Z8,310,35.938099,114.070801,665.588295945796,345
N4,P38B,39.6248,-93.5321,NM,EUAL,32.97143,-88.08669,885.8441958300364,110
N4,P38B,39.6248,-93.5321,US,AMTX,34.8837,-101.6808,892.7152354838897,4339
N4,P38B,39.6248,-93.5321,4O,GV01,32.4065,-101.6023,1081.1890438828564,152
N4,P38B,39.6248,-93.5321,N4,X48A,34.4517,-87.0452,813.4247111298159,4462
N4,P38B,39.6248,-93.5321,N4,237B,32.001499,-95.808403,872.0778457761713,1822
N4,P38B,39.6248,-93.5321,Z7,LA01,31.9874,-93.8349,849.6785269667739,906
N4,P38B,39.6248,-93.5321,N4,Z38B,33.2599,-94.9852,719.5505033107903,4467
N4,P38B,39.6248,-93.5321,ZZ,FWU17,36.2869,-101.0,752.2547864225708,387
N4,P38B,39.6248,-93.5321,TX,DKNS,33.66653,-100.92365,934.1091311406411,3185
N4,P38B,39.6248,-93.5321,O2,SC12,34.921667,-99.3547,733.7847351225341,2640
N4,P38B,39.6248,-93.5321,ZW,AZCF,33.184074,-97.446251,797.0324761118812,237
N4,P38B,39.6248,-93.5321,TX,BRDY,31.285872,-98.999447,1050.6502744437232,3353
N4,P38B,39.6248,-93.5321,N4,ABTX,32.6238,-99.6431,951.9506930693643,2790
N4,P38B,39.6248,-93.5321,N4,V51A,35.803299,-84.351097,911.9074197110615,1458
N4,P38B,39.6248,-93.5321,XR,FG01,36.6308,-98.7392,563.9981623689838,130
N4,P38B,39.6248,-93.5321,KY,LLKY,36.92159,-88.096558,561.5288453480114,4284
N4,P38B,39.6248,-93.5321,OK,HEWI,37.048825,-96.408082,380.6976141801578,459
N4,P38B,39.6248,-93.5321,XO,SOKY,37.5256,-85.961899,697.9811619673843,586
N4,P38B,39.6248,-93.5321,N4,R40B,38.2909,-92.2684,184.22086550090438,4088
N4,P38B,39.6248,-93.5321,6E,SB04,38.573502,-87.751999,512.1989227000394,200
N4,P38B,39.6248,-93.5321,NM,SCMO,38.761799,-90.641296,266.9509084860355,899
N4,P38B,39.6248,-93.5321,N4,N41A,40.7077,-90.8552,257.35208016093253,4467
N4,P38B,39.6248,-93.5321,ZT,WEST,40.416389,-86.7725,582.1519407307795,327
N4,P38B,39.6248,-93.5321,GS,KS24,39.78655,-98.20952,400.49478170890046,129
N4,P38B,39.6248,-93.5321,GS,DEC08,39.861045,-88.924888,394.7483865044635,4240
N4,P38B,39.6248,-93.5321,N4,P48A,39.4605,-85.4258,695.1046672022856,4363
N4,P38B,39.6248,-93.5321,N4,L34B,41.9666,-96.3762,353.6879710527645,4453
N4,P38B,39.6248,-93.5321,N4,P51A,39.4818,-83.060097,897.4499270525081,1395
N4,P38B,39.6248,-93.5321,N4,K43A,42.7044,-88.332,553.6630468251881,4467
N4,P38B,39.6248,-93.5321,4A,MN50,47.99548,-90.242653,967.2353203733168,602
N4,P38B,39.6248,-93.5321,US,ECSD,43.7337,-96.6141,523.6034289939489,4467
N4,P38B,39.6248,-93.5321,US,GLMI,44.8245,-84.6175,933.4544495330736,3953
N4,P38B,39.6248,-93.5321,N4,R53A,38.3307,-81.952202,1010.5481834829692,1186
N4,P38B,39.6248,-93.5321,OH,CROH,41.293858,-82.152496,979.7301241174569,781
YP,NEP5,45.733601,122.619797,1G,NOP01,41.97177,110.49863,1056.7250213147777,229
YP,NEP5,45.733601,122.619797,YP,NE81,46.069698,116.634697,464.5201031784413,314
YP,NEP5,45.733601,122.619797,YP,NE83,46.2132,118.801102,299.8561619685913,314
YP,NEP5,45.733601,122.619797,YP,NE32,42.670799,117.070099,558.0691104895889,312
YP,NEP5,45.733601,122.619797,YP,NEP7,48.1744,118.1474,434.4905248668418,313
YP,NEP5,45.733601,122.619797,YP,NE66,45.004101,120.704201,170.20900237770098,308
YP,NEP5,45.733601,122.619797,YP,NEA3,47.562302,121.292,227.19364850333244,311
YP,NEP5,45.733601,122.619797,CB,DL2,38.905998,121.627998,763.5444410608102,225
YP,NEP5,45.733601,122.619797,YP,NE57,44.122898,123.258499,186.02476348938842,314
YP,NEP5,45.733601,122.619797,YP,NEA5,47.648602,124.036697,238.7822285273683,277
YP,NEP5,45.733601,122.619797,YP,NE59,44.095901,125.961098,319.9349219053346,313
YP,NEP5,45.733601,122.619797,YP,NE8B,46.207199,126.056297,270.73351763510385,309
YP,NEP5,45.733601,122.619797,CB,HEH,50.252998,127.410004,615.8345673245904,225
YP,NEP5,45.733601,122.619797,YP,NE7D,45.342098,128.742905,478.7636494420227,263
YP,NEP5,45.733601,122.619797,YP,NEAD,47.581402,133.5802,860.5485847365242,311
YP,NEP5,45.733601,122.619797,YP,NE6F,45.295898,131.201401,670.0996591381958,249
YP,NEP5,45.733601,122.619797,YP,NE5D,44.107601,129.6008,578.3961533069721,188
YP,NEP5,45.733601,122.619797,YP,NE9B,46.946201,129.7948,566.8390855095914,310
YP,NEP5,45.733601,122.619797,YP,NEAB,47.602501,131.668396,720.5548342316979,310
YP,NEP5,45.733601,122.619797,YP,NE8I,45.994301,133.655807,854.3510652426726,312
GO,GHRG,41.7348,42.341,MP,DHK1,36.8606,42.8665,543.8667483466389,642
GO,GHRG,41.7348,42.341,YB,SM05,38.70424,37.21084,550.5419639437291,176
GO,GHRG,41.7348,42.341,MP,ANB2,33.0375,40.32,983.3562905787711,321
GO,GHRG,41.7348,42.341,MP,KUT1,32.5091,45.7974,1070.3841310509974,573
GO,GHRG,41.7348,42.341,A0,LUS3,40.916392,45.189975,254.69621426290593,245
GO,GHRG,41.7348,42.341,AB,HASN,39.336076,49.217978,639.1918870130576,999
GO,GHRG,41.7348,42.341,AB,PRLH,40.401754,50.332841,685.9038346528121,922
GO,GHRG,41.7348,42.341,QZ,INDER,48.501565,51.694986,1049.6283483245793,991
ZB,N60B,1.63527,99.883049,MY,KUM,5.2902,100.6492,415.2084260792698,195
ZB,N60B,1.63527,99.883049,ZB,TIKU,-0.399,99.944199,226.30296758172543,96
ZB,N60B,1.63527,99.883049,PS,PSI,2.6938,98.923698,158.79891286658454,223
ZB,N60B,1.63527,99.883049,ZB,Y30S,-0.08943,97.860863,295.51069499468474,212
IC,QIZ,19.02928,109.84398,TM,UBPT,15.2773,105.4695,624.4783741050614,3332
IC,QIZ,19.02928,109.84398,TM,PHRA,18.4989,100.229,1013.9034734033869,2612
IC,QIZ,19.02928,109.84398,TM,NONG,18.063498,103.1458,714.1924640112262,3535
IC,QIZ,19.02928,109.84398,TM,LOEI,17.5093,101.6244,884.1051328554644,4651
IC,QIZ,19.02928,109.84398,TM,PANO,17.147614,104.6122,591.2082500649084,2321
IC,QIZ,19.02928,109.84398,TM,CHBT,12.7441,102.3526,1062.7641152470537,2784
IC,QIZ,19.02928,109.84398,YA,MC16,27.1824,103.633003,1106.4811409153763,307
IC,QIZ,19.02928,109.84398,CB,GYA,26.459999,106.664001,888.152414421318,2266
IC,QIZ,19.02928,109.84398,TM,CRAI,20.2289,100.3734,1000.6620505172768,4869
IC,QIZ,19.02928,109.84398,MM,KTN,21.2857,99.589798,1099.1283730749408,3082
IC,QIZ,19.02928,109.84398,RM,SLV,21.325247,103.906708,670.124920008929,4369
IC,QIZ,19.02928,109.84398,TW,KMNB,24.4638,118.388199,1069.0382751461011,9049
IC,QIZ,19.02928,109.84398,YM,37,21.6698,119.495399,1047.9148697476815,259
IC,QIZ,19.02928,109.84398,HK,HKPS,22.277599,114.141502,574.7344838663297,5931
KW,MIB,29.8032,47.338799,II,RAYN,23.5225,45.5032,721.7695069747645,405
XD,HOT16,65.540825,-13.753478,XD,HOT28,64.532478,-19.484184,291.23849773967055,592
7D,G13B,40.683998,-128.028305,X9,BB420,43.6297,-130.208206,373.56300295162833,256
7D,G13B,40.683998,-128.028305,X9,BB240,43.427502,-128.355698,306.25851595443754,259
7D,G13B,40.683998,-128.028305,7D,J20B,44.354198,-127.0952,415.2029263183482,243
7D,G13B,40.683998,-128.028305,7D,G26B,41.9249,-125.177498,275.19654302592016,264
7D,G13B,40.683998,-128.028305,PB,B934,39.844501,-123.691399,379.5954069975211,286
7D,G13B,40.683998,-128.028305,NN,RUB,39.051701,-120.1549,695.7595543167828,284
7D,G13B,40.683998,-128.028305,US,HAWA,46.3925,-119.5327,932.7523324694994,286
7D,G13B,40.683998,-128.028305,XT,D58,45.032299,-118.073799,943.5283203126534,253
GE,RIOB,-10.1501,-67.747002,II,NNA,-11.9875,-76.8422,1013.2536935115089,148
S1,AUDHS,-12.44,130.833,YS,HADA,-8.3722,123.5454,916.2460430529571,601
S1,AUDHS,-12.44,130.833,YS,ONIX,-10.1033,124.4498,742.9388203608487,591
S1,AUDHS,-12.44,130.833,YS,MTNG,-8.2969,125.1025,777.7625117380172,596
S1,AUDHS,-12.44,130.833,S1,AUKAT,-14.4624,132.2829,274.14294173713216,1383
S1,AUDHS,-12.44,130.833,2O,BTL07,-17.60978,133.9562,665.4800530905067,451
C8,PCAQ,49.7311,-62.9416,LD,FRNY,44.835,-73.5883,968.8111341359287,1611
C8,PCAQ,49.7311,-62.9416,PO,LATQ,47.3835,-72.7819,769.1218405157894,1021
C8,PCAQ,49.7311,-62.9416,7O,ABNH,43.4819,-71.2471,939.8400711715288,1042
C8,PCAQ,49.7311,-62.9416,C8,FORQ,48.7542,-69.1135,460.8783985750238,1320
C8,PCAQ,49.7311,-62.9416,7K,AN4,40.332022,-66.973035,1091.6684794117075,239
C8,PCAQ,49.7311,-62.9416,N4,G65A,45.2002,-67.5632,611.7196680793927,3261
C8,PCAQ,49.7311,-62.9416,X8,COSY,43.438499,-65.625298,729.0159580552237,351
C8,PCAQ,49.7311,-62.9416,PO,NANL,56.5371,-61.6884,761.363075808058,259
YP,NE8I,45.994301,133.655807,YP,NE66,45.004101,120.704201,1014.2788739484032,652
YP,NE8I,45.994301,133.655807,YP,NEA3,47.562302,121.292,956.4165747327506,655
YP,NE8I,45.994301,133.655807,YP,NE57,44.122898,123.258499,842.0787349938582,656
YP,NE8I,45.994301,133.655807,YP,NEA5,47.648602,124.036697,754.1079695020879,614
YP,NE8I,45.994301,133.655807,YP,NE59,44.095901,125.961098,640.0094341736341,656
YP,NE8I,45.994301,133.655807,YP,NE8B,46.207199,126.056297,586.1896981311822,653
YP,NE8I,45.994301,133.655807,5G,D16,41.745,126.4048,748.5445385893926,140
YP,NE8I,45.994301,133.655807,CB,HEH,50.252998,127.410004,662.2557413982508,457
YP,NE8I,45.994301,133.655807,YP,NE7D,45.342098,128.742905,388.51481678650885,548
YP,NE8I,45.994301,133.655807,YP,NEAD,47.581402,133.5802,176.5716526896624,553
YP,NE8I,45.994301,133.655807,YP,NE6F,45.295898,131.201401,205.9847887208866,593
YP,NE8I,45.994301,133.655807,YP,NE5D,44.107601,129.6008,381.34992850233573,424
YP,NE8I,45.994301,133.655807,JP,ASAJ,44.118801,142.593002,731.868046540841,656
YP,NE8I,45.994301,133.655807,YP,NE9B,46.946201,129.7948,314.0217756279622,654
YP,NE8I,45.994301,133.655807,YP,NEAB,47.602501,131.668396,234.2149536746547,569
YT,FALL,-85.3066,-143.6284,XH,DR15,-79.492798,-179.919296,808.3328295285359,639
YT,FALL,-85.3066,-143.6284,XH,DR02,-77.824303,-178.424896,971.3756832711821,668
YT,FALL,-85.3066,-143.6284,XH,RS06,-79.283501,-171.620193,770.2950154225518,643
YT,FALL,-85.3066,-143.6284,YT,SURP,-84.7199,-171.2017,271.46839316697407,2482
YT,FALL,-85.3066,-143.6284,XH,RS15,-80.496597,-169.978806,632.59408134093,636
YT,FALL,-85.3066,-143.6284,XH,RS17,-81.401604,-162.973801,494.636108225932,668
YT,FALL,-85.3066,-143.6284,XH,RS10,-79.278801,-155.467697,689.6285218837455,722
YT,FALL,-85.3066,-143.6284,YT,MPAT,-78.0297,-155.0221,825.8069033647125,2495
YT,FALL,-85.3066,-143.6284,YT,HOWE,-87.4158,-149.4267,237.7776225493585,1479
YT,FALL,-85.3066,-143.6284,YT,SIPL,-81.6405,-148.9553,412.739510234603,2151
YT,FALL,-85.3066,-143.6284,XH,RS12,-79.017899,-147.632095,701.481679582925,723
YT,FALL,-85.3066,-143.6284,YT,CLRK,-77.3231,-141.8485,888.1232505422134,2080
YT,FALL,-85.3066,-143.6284,YT,ST01,-83.228,-98.7418,530.9388054419352,339
YT,FALL,-85.3066,-143.6284,YT,MA07,-78.2496,-93.4991,1050.250170834265,655
YT,FALL,-85.3066,-143.6284,YT,SILY,-77.1332,-125.966,946.5555342705853,2835
YT,FALL,-85.3066,-143.6284,YT,WAIS,-79.4181,-111.7779,782.809325667421,2796
YT,FALL,-85.3066,-143.6284,YT,WILS,-80.0396,-80.5587,986.5454400602423,339
YT,FALL,-85.3066,-143.6284,YT,KOLR,-76.1544,-120.727,1077.7454333295623,2424
YT,FALL,-85.3066,-143.6284,YT,ST10,-75.8143,-129.7489,1077.8800805411274,651
YT,FALL,-85.3066,-143.6284,YT,MA09,-79.8993,-104.9977,785.4534028431099,668
YT,FALL,-85.3066,-143.6284,YT,ST04,-80.7152,-116.5792,614.8434395931446,546
YT,FALL,-85.3066,-143.6284,YT,BENN,-84.5731,-117.3923,267.17203223987303,2391
YT,FALL,-85.3066,-143.6284,YT,ST07,-78.6388,-123.7953,792.1588690404586,685
YT,FALL,-85.3066,-143.6284,YT,MA06,-79.4397,-97.5587,894.0366292551148,653
YT,FALL,-85.3066,-143.6284,YT,ST02,-82.069,-109.1247,539.4152781759142,575
YT,FALL,-85.3066,-143.6284,YT,STEW,-84.1863,-86.2349,570.9673260260146,1386
YT,FALL,-85.3066,-143.6284,YT,UPTW,-77.5781,-109.0374,995.9923186925961,2351
YT,FALL,-85.3066,-143.6284,YT,PECA,-85.6124,-68.5525,615.4216162425816,2656
YT,FALL,-85.3066,-143.6284,YT,DUFK,-82.8619,-53.2006,952.4339024886586,2342
YT,FALL,-85.3066,-143.6284,YT,SWEI,-86.9858,129.3615,605.143720204014,1360
YT,FALL,-85.3066,-143.6284,YT,AGO1,-83.8615,129.6152,834.813839251622,1467
YT,FALL,-85.3066,-143.6284,YT,MILR,-83.3063,156.2517,662.1104525899444,2149
YT,FALL,-85.3066,-143.6284,XH,DR16,-80.869499,178.430405,683.0318863980746,643
YT,FALL,-85.3066,-143.6284,YT,DEVL,-81.4755,161.973,770.4292325621734,2379
YT,FALL,-85.3066,-143.6284,XH,RS02,-78.492897,173.345795,965.1556985470685,639
DK,DBG,74.307055,-20.219193,XF,NE1,74.87175,-38.55117,543.0872441339343,728
DK,DBG,74.307055,-20.219193,XF,NE6,79.326187,-38.454979,718.3873748727171,729
DK,DBG,74.307055,-20.219193,XF,NE2,73.990723,-46.23497,784.6170905052219,725
DK,DBG,74.307055,-20.219193,XF,NE5,74.117332,-31.150419,330.9103073206008,728
DK,DBG,74.307055,-20.219193,XF,NE3,76.394577,-43.458302,688.0441051419637,725
DK,DBG,74.307055,-20.219193,YM,KASE,71.4776,-51.349701,1051.659333387433,774
DK,DBG,74.307055,-20.219193,DK,SOEG,68.203499,-31.3755,784.234518196434,3749
DK,DBG,74.307055,-20.219193,DK,NEEM,77.444702,-51.073799,893.6126969379973,3822
DK,DBG,74.307055,-20.219193,GE,SUMG,72.5742,-38.4626,606.5694150993287,4515
DK,DBG,74.307055,-20.219193,DK,KULLO,74.580498,-57.2201,1086.017858367393,3758
DK,DBG,74.307055,-20.219193,GE,DAG,76.771301,-18.655001,277.40862957652683,4400
DK,DBG,74.307055,-20.219193,PL,HSPB,77.001877,15.53318,1011.2442433230345,4582
AF,MOPA,-23.517,31.398,AF,HVD,-30.605,25.497,980.70401099642,4120
AF,MOPA,-23.517,31.398,BX,LKGWB,-24.11351,21.782303,980.2287195509721,1943
AF,MOPA,-23.517,31.398,BX,PHPEN,-25.475531,22.857294,891.0197340628263,1488
AF,MOPA,-23.517,31.398,BX,KHWEE,-21.9464,25.446911,634.7589790447278,627
AF,MOPA,-23.517,31.398,AF,PKA,-29.67,22.757,1097.625058640128,695
AF,MOPA,-23.517,31.398,BX,KGCAE,-22.853821,22.206787,942.2006196023257,2012
AF,MOPA,-23.517,31.398,NR,NE215,-18.78417,25.196014,830.8044537137307,266
AF,MOPA,-23.517,31.398,ZQ,AAM2,-26.473,27.490999,512.8466972558098,435
AF,MOPA,-23.517,31.398,Z1,Z34S,-17.164391,27.52483,813.5104494595483,285
AF,MOPA,-23.517,31.398,AF,SNKL,-28.27528,27.7714,641.4099818477081,3412
AF,MOPA,-23.517,31.398,ZT,CRAIL,-22.80259,28.24304,332.1734656290447,925
AF,MOPA,-23.517,31.398,ZT,WTBG,-24.2119,28.88291,267.1676203912958,986
AF,MOPA,-23.517,31.398,ZT,DULL,-25.36478,30.17588,239.83098346563807,917
AF,MOPA,-23.517,31.398,AF,HARE,-17.704,31.009001,647.6421547651231,210
AF,MOPA,-23.517,31.398,MZ,MOCU,-16.868499,36.833328,931.5331815057559,804
XE,WW03,-6.01551,-135.112,XE,WC02,-4.97259,-133.70537,194.13324941250488,385
XE,WW03,-6.01551,-135.112,XE,EE04,-8.20435,-131.2551,490.22851778276436,385
XE,WW03,-6.01551,-135.112,XE,CC07,-6.15879,-133.0464,228.944359056034,385
XE,WW03,-6.01551,-135.112,XE,EE02,-5.97635,-130.88959,466.9618119489758,346
XE,WW03,-6.01551,-135.112,XE,WW01,-3.78521,-134.73696,251.4545564042428,251
YY,SN32,59.712399,7.9995,GE,RUE,52.475899,13.78,880.1481229670522,340
YY,SN32,59.712399,7.9995,GE,HLG,54.1847,7.8839,614.6926617402155,342
YY,SN32,59.712399,7.9995,GE,IBBN,52.306301,7.7592,823.655698694507,313
YY,SN32,59.712399,7.9995,YY,SN34,58.248798,8.1688,163.03397254541224,248
YY,SN32,59.712399,7.9995,GE,RGN,54.547699,13.3214,657.5227812435894,342
DK,NEEM,77.444702,-51.073799,1E,CNF,79.65667,-80.778328,690.8790921526745,271
DK,NEEM,77.444702,-51.073799,1E,TQF,81.41333,-76.845001,676.1300760429317,245
DK,NEEM,77.444702,-51.073799,XF,NE1,74.87175,-38.55117,437.5813928469182,706
DK,NEEM,77.444702,-51.073799,XF,NE6,79.326187,-38.454979,350.3535267216276,703
DK,NEEM,77.444702,-51.073799,XF,NE2,73.990723,-46.23497,406.03378941839594,702
DK,NEEM,77.444702,-51.073799,XF,NE5,74.117332,-31.150419,652.8929266949236,704
DK,NEEM,77.444702,-51.073799,XF,NE3,76.394577,-43.458302,224.17428959527527,699
DK,NEEM,77.444702,-51.073799,YM,KASE,71.4776,-51.349701,663.5614512407813,775
DK,NEEM,77.444702,-51.073799,GE,SUMG,72.5742,-38.4626,648.8379034282036,3814
DK,NEEM,77.444702,-51.073799,DK,KULLO,74.580498,-57.2201,358.35281212249777,3371
DK,NEEM,77.444702,-51.073799,GE,DAG,76.771301,-18.655001,797.3687788707881,3716
7B,SA05,-23.2005,144.272293,7B,SA07,-26.0327,146.781693,404.35845084322835,139
7B,SA05,-23.2005,144.272293,7B,SA08,-25.708401,150.892593,725.6763403500271,134
7B,SA05,-23.2005,144.272293,7B,SA06,-22.892,148.308594,414.4047383353494,109
7B,SA05,-23.2005,144.272293,7B,SA01,-13.9586,143.180099,1034.0627399183575,101
7B,SA05,-23.2005,144.272293,7B,SA03,-20.337999,142.667801,358.8262102915017,142
Y5,RW1,58.852901,-113.175903,Y5,PER,53.68,-116.040001,601.6364947485675,490
Y5,RW1,58.852901,-113.175903,Y5,FMC,56.650002,-111.5,264.34430870943254,562
TO,PH20,-16.4125,-73.124496,XP,LZAE,-25.3074,-68.3992,1103.909149479676,423
TO,PH20,-16.4125,-73.124496,XP,PLTP,-22.0413,-66.786499,913.2496777166742,185
TO,PH20,-16.4125,-73.124496,ZG,CP12,-15.2374,-69.531097,406.0117075915644,346
TO,PH20,-16.4125,-73.124496,TO,PG01,-15.3626,-75.160202,247.03507912300864,546
TO,PH20,-16.4125,-73.124496,II,NNA,-11.9875,-76.8422,634.5164556343506,547
TO,PH20,-16.4125,-73.124496,ZD,FS07,-13.46172,-71.9198,352.7111649385169,230
TO,PH20,-16.4125,-73.124496,ZD,FM06,-13.3499,-74.462502,369.6499100830141,547
TO,PH20,-16.4125,-73.124496,ZG,CP13,-14.7893,-71.444702,254.83267396078065,350
TO,PH20,-16.4125,-73.124496,TO,PG20,-14.6049,-73.997299,221.68479160815684,545
TO,PH20,-16.4125,-73.124496,ZD,FN11,-10.8687,-75.082703,651.7178074856107,364
TO,PH20,-16.4125,-73.124496,ZG,CP07,-16.8862,-70.373901,297.72324145715703,345
TO,PH20,-16.4125,-73.124496,ZD,FM09,-12.65027,-73.041481,418.4368442887288,273
TO,PH20,-16.4125,-73.124496,TO,PE03,-17.1644,-71.789101,164.92229110313747,440
TO,PH20,-16.4125,-73.124496,YS,PARW,-18.201099,-69.2677,455.16252132454963,156
TO,PH20,-16.4125,-73.124496,ZG,CB34,-14.4346,-67.538803,637.7994854930439,350
TO,PH20,-16.4125,-73.124496,ZG,CB14,-17.249399,-65.900902,774.3808422893757,218
HL,RDO,41.145031,25.53553,HT,AGG,39.021099,22.336,360.3302457288853,4680
HL,RDO,41.145031,25.53553,AC,VLO,40.468601,19.495501,513.7872108642972,3860
HL,RDO,41.145031,25.53553,YR,ED15,42.527802,13.55816,1003.2436996611011,273
HL,RDO,41.145031,25.53553,MN,VTS,42.618,23.235,251.1782701222083,2596
HL,RDO,41.145031,25.53553,YD,3B13,43.635109,21.70591,418.9393464835954,194
HL,RDO,41.145031,25.53553,MN,DIVS,44.0981,19.9917,559.7763280602493,3764
HL,RDO,41.145031,25.53553,YD,3D08,45.97826,21.517321,627.222426935064,306
HL,RDO,41.145031,25.53553,YD,6C04,46.661442,19.74328,768.6944943691698,310
HL,RDO,41.145031,25.53553,PL,NIE,49.4189,20.313101,1006.051078036308,5362
HL,RDO,41.145031,25.53553,PL,KWP,49.631401,22.7075,968.9506053191992,5006
HL,RDO,41.145031,25.53553,YD,3D14,44.176979,23.319521,382.71067859927325,280
HL,RDO,41.145031,25.53553,XS,N039,41.1087,23.5846,163.45300526843403,206
HL,RDO,41.145031,25.53553,YD,3F11,45.865082,23.72257,544.7914709541035,275
HL,RDO,41.145031,25.53553,KO,DKL,39.0713,26.9053,258.33454534861744,4293
HL,RDO,41.145031,25.53553,HL,ARG,36.213558,28.12122,592.4338350617423,5462
HL,RDO,41.145031,25.53553,GF,TEPE,41.056,28.5147,249.8142662179512,2117
HL,RDO,41.145031,25.53553,KO,ELL,36.7483,29.9085,617.8984990291077,4710
HL,RDO,41.145031,25.53553,YH,KO07,41.045898,30.1702,388.488091083627,396
HL,RDO,41.145031,25.53553,YB,AT19,39.735199,33.5811,698.4181615615041,720
HL,RDO,41.145031,25.53553,3K,NIKI,35.06884,32.992168,938.4976466065096,638
HL,RDO,41.145031,25.53553,IM,CY101,34.20406,31.62915,939.262688381353,1492
HL,RDO,41.145031,25.53553,IM,CY301,33.30031,33.05407,1096.3359853674765,204
HL,RDO,41.145031,25.53553,YB,AT49,38.513699,32.252998,643.6773802122658,731
HL,RDO,41.145031,25.53553,YB,AT63,36.712502,33.472,844.5356922310247,736
HL,RDO,41.145031,25.53553,RU,ANN,44.881,37.314,1042.5941603487474,401
HL,RDO,41.145031,25.53553,YB,AT44,37.846699,34.612,860.2569846998927,367
HL,RDO,41.145031,25.53553,YB,SM05,38.70424,37.21084,1031.022426418441,240
HL,RDO,41.145031,25.53553,YB,AT06,39.6731,35.6665,872.7080109509068,660
HL,RDO,41.145031,25.53553,YB,AT56,36.7019,35.546902,996.139255798558,549
4O,GV01,32.4065,-101.6023,MX,ZAIG,22.769176,-102.567123,1075.8151751592554,136
4O,GV01,32.4065,-101.6023,US,MVCO,37.19956,-108.49251,824.0783546950744,152
4O,GV01,32.4065,-101.6023,JW,BRR,32.772406,-107.564169,559.9579866226429,153
4O,GV01,32.4065,-101.6023,IM,TX02,29.329901,-103.657997,394.34780689093975,149
4O,GV01,32.4065,-101.6023,US,AMTX,34.8837,-101.6808,275.5482501996387,152
4O,GV01,32.4065,-101.6023,N4,Z38B,33.2599,-94.9852,625.376085713473,152
4O,GV01,32.4065,-101.6023,TX,DKNS,33.66653,-100.92365,153.72791495204956,119
4O,GV01,32.4065,-101.6023,O2,SC12,34.921667,-99.3547,348.52281657374607,153
4O,GV01,32.4065,-101.6023,TX,BRDY,31.285872,-98.999447,275.61875816363545,153
4O,GV01,32.4065,-101.6023,N4,ABTX,32.6238,-99.6431,185.2841774733911,152
4O,GV01,32.4065,-101.6023,OK,HEWI,37.048825,-96.408082,701.0306083519841,153
4O,GV01,32.4065,-101.6023,N4,R40B,38.2909,-92.2684,1068.9510963612574,152
X5,CHIN,62.636665,-74.236,X5,SHMN,64.576668,-84.114517,533.0944776441344,142
X5,CHIN,62.636665,-74.236,X5,NOTN,63.293659,-78.135452,210.1482172710494,309
X5,CHIN,62.636665,-74.236,X5,MNGN,64.663498,-72.434334,242.25743110909178,604
X5,CHIN,62.636665,-74.236,X5,KIMN,62.850731,-69.879456,223.08322670066482,339
X5,CHIN,62.636665,-74.236,X5,JENN,64.085503,-67.16217,387.4549945281322,287
CB,GYA,26.459999,106.664001,TM,PHRA,18.4989,100.229,1104.3802369656994,1074
CB,GYA,26.459999,106.664001,TM,NONG,18.063498,103.1458,1001.2097756438625,1780
CB,GYA,26.459999,106.664001,TM,PANO,17.147614,104.6122,1056.8664822116268,664
CB,GYA,26.459999,106.664001,TM,CRAI,20.2289,100.3734,944.3608127952742,1596
CB,GYA,26.459999,106.664001,MM,KTN,21.2857,99.589798,920.7537671630541,659
CB,GYA,26.459999,106.664001,RM,SLV,21.325247,103.906708,635.9951031792306,1889
CB,GYA,26.459999,106.664001,IC,XAN,34.03107,108.92321,869.3067188194041,2174
CB,GYA,26.459999,106.664001,HK,HKPS,22.277599,114.141502,888.4619950816661,2124
YS,PL63,14.7313,-153.967499,YS,PL38,19.9863,-162.025604,1035.4028496593294,390
YS,PL63,14.7313,-153.967499,YS,PL37,19.8234,-160.047501,858.4646271382675,390
YS,PL63,14.7313,-153.967499,YS,PL69,16.3484,-157.700806,438.4927927518613,388
YS,PL63,14.7313,-153.967499,YS,NGOK,22.122999,-159.664993,1017.8978271914891,390
YS,PL63,14.7313,-153.967499,YS,PL67,16.162001,-156.206604,287.91808158038884,386
YS,PL63,14.7313,-153.967499,YS,PL70,15.574,-158.982498,546.3336623740987,377
YS,PL63,14.7313,-153.967499,YS,MRKH,21.108999,-157.270004,790.4661112375093,127
YS,PL63,14.7313,-153.967499,YS,PL45,24.2006,-154.811996,1056.6436765163935,313
YS,PL63,14.7313,-153.967499,YS,PL50,22.319901,-152.742706,853.619810061974,381
YS,PL63,14.7313,-153.967499,YS,PL57,18.9142,-150.914993,567.3019121698518,390
YS,PL63,14.7313,-153.967499,YS,PL61,16.737801,-151.637604,334.595016558771,386
YS,PL63,14.7313,-153.967499,YS,PL62,14.6891,-151.6866,245.35540227611054,390
4J,XB07,3.338652,8.69917,G,EDA,3.778868,10.153427,168.65380365736547,793
YJ,VMG01,-45.175499,-72.142502,YJ,BAK01,-47.183998,-71.973503,223.7137430056084,116
YJ,VMG01,-45.175499,-72.142502,GT,PLCA,-40.73277,-70.55083,510.68022326588095,128
XV,VINA,-18.176901,45.224701,XV,SENA,-17.445,35.032001,1081.978326975905,363
XV,VINA,-18.176901,45.224701,XK,Q05MJ,-13.3953,36.125702,1108.9498141376066,137
XV,VINA,-18.176901,45.224701,XK,Q07MR,-13.1967,37.4986,995.0685408247294,363
XV,VINA,-18.176901,45.224701,XV,BITY,-20.060801,47.000099,280.480921960153,363
XV,VINA,-18.176901,45.224701,XV,MAJA,-15.7323,46.4263,300.3681805655392,363
XV,VINA,-18.176901,45.224701,XV,SOLA,-15.8636,48.826302,461.28009653763235,95
XV,VINA,-18.176901,45.224701,XV,LAHA,-14.9344,50.2911,649.2199272389968,363
XV,VINA,-18.176901,45.224701,XV,ANTS,-14.8843,47.999298,470.6298952489332,363
XV,VINA,-18.176901,45.224701,XV,ZOBE,-18.1369,47.228901,211.80604597731192,363
XV,VINA,-18.176901,45.224701,XV,ANLA,-17.7062,49.4599,451.0679635562711,363
XV,VINA,-18.176901,45.224701,AF,SKRH,-22.827,44.733002,519.5960145310596,250
XV,VINA,-18.176901,45.224701,XV,MAHA,-23.1714,47.689899,611.6720953084911,363
XV,VINA,-18.176901,45.224701,XV,AMPY,-24.7033,44.743599,727.407076487016,363
XV,VINA,-18.176901,45.224701,XV,BAND,-20.3428,45.596401,243.97698123583464,363
XV,VINA,-18.176901,45.224701,XV,DGOS,-12.2825,49.3606,791.3745511006246,286
M8,AQ41,-27.9997,118.5997,S1,AUKAL,-30.7637,121.4789,415.03217747585916,173
M8,AQ41,-27.9997,118.5997,M8,WATNG,-30.73225,118.19848,306.3227696871355,173
M8,AQ41,-27.9997,118.5997,M8,AU41,-28.0108,120.9861,234.28348841095598,146
M8,AQ41,-27.9997,118.5997,S1,AUMAZ,-32.0069,116.0384,509.2358401213419,169
M8,AQ41,-27.9997,118.5997,S1,AUBUS,-33.6601,115.3828,700.2396022336841,173
M8,AQ41,-27.9997,118.5997,S1,AUALB,-34.9995,117.9046,781.1209438132508,154
M8,AQ41,-27.9997,118.5997,M8,MUKOZ,-26.7575,114.6094,417.48274159022367,147
BL,PTMB,-21.4631,-57.475601,BL,PPDB,-22.0326,-51.313599,639.5122644869006,94
BL,PTMB,-21.4631,-57.475601,BL,IBIB,-21.777201,-48.8139,895.9422189060222,142
BL,PTMB,-21.4631,-57.475601,BL,NAVB,-21.433599,-54.1842,340.6515962955327,153
BL,PTMB,-21.4631,-57.475601,BL,TRIB,-20.6724,-51.326,644.0794070578285,181
BL,PTMB,-21.4631,-57.475601,XE,UYUN,-20.461914,-66.74688,968.9531245986662,160
BL,PTMB,-21.4631,-57.475601,BL,AGVB,-19.7393,-50.233101,777.7192021023717,108
BL,PTMB,-21.4631,-57.475601,XE,SALI,-19.62011,-67.724533,1086.432238331756,200
BL,PTMB,-21.4631,-57.475601,XE,ROSL,-19.485266,-64.18029,732.1471064536063,223
BL,PTMB,-21.4631,-57.475601,XE,CRUZ,-19.103399,-66.221199,948.9635015359115,132
XD,JYG,39.807545,98.222244,XD,DCD,37.829437,95.366997,330.9808616935229,92
XD,JYG,39.807545,98.222244,XD,ZHY,38.923222,100.401505,211.57328851057417,131
GE,ZKR,35.1147,26.216999,MN,WDD,35.8373,14.5242,1061.2222599451093,1035
GE,ZKR,35.1147,26.216999,YD,MMNN,39.8909,15.9904,1045.839833995994,292
GE,ZKR,35.1147,26.216999,HT,LKD,38.707199,20.6506,635.7782430514724,165
GE,ZKR,35.1147,26.216999,MN,VTS,42.618,23.235,873.1974676824921,1013
GE,ZKR,35.1147,26.216999,GE,SKD,35.411999,23.927999,210.42962860873345,373
GE,ZKR,35.1147,26.216999,XS,S040,37.722,24.009001,350.8095174283349,188
GE,ZKR,35.1147,26.216999,XS,S037,38.921001,24.530001,448.93668390499823,178
GE,ZKR,35.1147,26.216999,GE,APE,37.068901,25.5306,225.87856897087875,1128
GE,ZKR,35.1147,26.216999,YL,ARSL,40.955002,35.887001,1066.1076302424826,169
NM,EUAL,32.97143,-88.08669,N4,X48A,34.4517,-87.0452,190.71388451378743,110
NM,EUAL,32.97143,-88.08669,N4,237B,32.001499,-95.808403,732.069442235778,110
NM,EUAL,32.97143,-88.08669,N4,Z38B,33.2599,-94.9852,643.1659101502171,110
NM,EUAL,32.97143,-88.08669,N4,V51A,35.803299,-84.351097,465.3899155314621,110
NM,EUAL,32.97143,-88.08669,KY,LLKY,36.92159,-88.096558,439.239278098845,109
NM,EUAL,32.97143,-88.08669,XO,SOKY,37.5256,-85.961899,541.8680282375775,110
NM,EUAL,32.97143,-88.08669,N4,R40B,38.2909,-92.2684,701.7277144191249,110
NM,EUAL,32.97143,-88.08669,NM,SCMO,38.761799,-90.641296,683.6872191118931,110
NM,EUAL,32.97143,-88.08669,N4,N41A,40.7077,-90.8552,894.6800693867843,110
NM,EUAL,32.97143,-88.08669,GS,DEC08,39.861045,-88.924888,769.7424628907789,110
NM,EUAL,32.97143,-88.08669,N4,P48A,39.4605,-85.4258,759.9075829760704,110
NM,EUAL,32.97143,-88.08669,N4,P51A,39.4818,-83.060097,852.4905951271932,110
NM,EUAL,32.97143,-88.08669,N4,K43A,42.7044,-88.332,1082.4713049860552,110
NM,EUAL,32.97143,-88.08669,N4,R53A,38.3307,-81.952202,813.4401084713753,110
NM,EUAL,32.97143,-88.08669,N4,257A,31.9746,-81.0261,671.4207199297592,110
NM,EUAL,32.97143,-88.08669,7A,BDEG,37.331501,-77.208298,1100.4883045405538,110
NM,EUAL,32.97143,-88.08669,N4,Y60A,34.0046,-78.2163,922.1588995913344,110
AF,PWET,-8.28,28.530001,AF,MONG,-15.15,23.09,966.3817509154092,258
AF,PWET,-8.28,28.530001,ZP,KAMZ,-14.7948,24.804399,830.256798771115,142
AF,PWET,-8.28,28.530001,AF,KTWE,-12.814,28.209,505.37751605374575,474
AF,PWET,-8.28,28.530001,XK,Z04NN,-13.075,30.6276,580.3290386612796,187
AF,PWET,-8.28,28.530001,XK,Z09CG,-13.3058,32.221001,689.0050757584562,191
AF,PWET,-8.28,28.530001,XK,W02NB,-13.724,33.559898,817.0723999499459,207
AF,PWET,-8.28,28.530001,XV,TETE,-16.129999,33.57,1030.2496089793244,405
AF,PWET,-8.28,28.530001,XK,W10LW,-12.6208,34.165199,782.612980031782,203
AF,PWET,-8.28,28.530001,XK,W15SS,-15.6818,34.974701,1080.7477051969292,197
AF,PWET,-8.28,28.530001,XK,Q05MJ,-13.3953,36.125702,1005.5459493102268,150
AF,PWET,-8.28,28.530001,ZP,MPIK,-11.821,31.4517,507.27492051706054,157
AF,PWET,-8.28,28.530001,AF,LBB,-11.631,27.485001,389.79000545707976,226
AF,PWET,-8.28,28.530001,ZP,KASM,-10.2174,31.1401,358.4113726578028,183
AF,PWET,-8.28,28.530001,ZP,MWEN,-10.0582,28.7017,198.62332217393754,134
AF,PWET,-8.28,28.530001,YA,KV01,-2.0783,29.351101,695.5616686547693,288
AF,PWET,-8.28,28.530001,ZP,ISOK,-10.1708,32.645699,498.2349711669157,202
AF,PWET,-8.28,28.530001,YH,IFAK,-8.1397,36.6828,897.3804394795301,179
AF,PWET,-8.28,28.530001,YH,WALE,-9.7896,37.917,1044.3557886761637,157
BL,TRMB,-18.092199,-44.929001,BL,ITPB,-15.9887,-39.628201,610.1046041198814,334
ON,PET01,-24.290108,-47.275345,ON,TIJ01,-25.908848,-49.024242,251.80915918824172,2143
ON,PET01,-24.290108,-47.275345,BL,RCLB,-22.4191,-47.530998,209.67720805125873,2040
ON,PET01,-24.290108,-47.275345,ON,ALF01,-20.616865,-40.725212,787.1603752856824,2451
ON,PET01,-24.290108,-47.275345,ON,NAN01,-17.844168,-40.125668,1031.106216866272,1484
ON,PET01,-24.290108,-47.275345,BL,PMNB,-18.540001,-46.439999,645.1975429685436,1997
XT,RPPC2,8.9494,-66.436501,XT,PNCH,11.2493,-66.5009,255.83470422998343,117
XT,RPPC2,8.9494,-66.436501,XT,MHTO,13.9497,-66.490997,556.040455900591,119
XT,RPPC2,8.9494,-66.436501,XT,SOMB,12.7209,-64.931297,450.4280322053149,115
XT,RPPC2,8.9494,-66.436501,XT,ABPC,9.4608,-64.820702,186.24771121384498,145
XT,RPPC2,8.9494,-66.436501,XT,CMPC,7.6508,-64.073097,297.4416236328934,167
7B,SA07,-26.0327,146.781693,7B,SA08,-25.708401,150.892593,412.8611835730159,131
7B,SA07,-26.0327,146.781693,7B,SA06,-22.892,148.308594,381.8840949998617,107
7B,SA07,-26.0327,146.781693,7B,SA03,-20.337999,142.667801,759.9692856840569,139
7B,SA01,-13.9586,143.180099,7B,SA03,-20.337999,142.667801,711.4403963334403,103
US,KNB,37.0166,-112.8224,NR,NE74,28.007509,-114.013802,1007.9481596023788,518
US,KNB,37.0166,-112.8224,XM,UT52,37.234776,-110.131325,239.80543909393654,371
US,KNB,37.0166,-112.8224,NR,NE80,30.5,-112.319931,726.0974663337181,317
US,KNB,37.0166,-112.8224,XM,NM32,34.980724,-107.264282,548.7453902166959,268
US,KNB,37.0166,-112.8224,NR,NE81,28.918341,-109.636261,948.0957688227326,222
US,KNB,37.0166,-112.8224,XM,NM24,34.046871,-106.119606,690.3470888913139,283
US,KNB,37.0166,-112.8224,IE,IRCI,43.515301,-112.033302,725.7081842696123,103
US,KNB,37.0166,-112.8224,IE,BCYI,44.310799,-113.405197,812.5608399845036,239
US,KNB,37.0166,-112.8224,XS,N08,46.5,-108.861,1104.1280969088705,184
US,KNB,37.0166,-112.8224,MB,HRY,46.711285,-111.831786,1081.0926397848018,654
GE,HLG,54.1847,7.8839,YI,BOB,44.767921,9.44782,1053.1084854254616,993
GE,HLG,54.1847,7.8839,MN,BNI,45.052,6.678,1019.1799241348299,1693
GE,HLG,54.1847,7.8839,CH,FUORN,46.620334,10.263551,857.7315040730772,803
GE,HLG,54.1847,7.8839,YG,CBP2J,47.367298,18.03178,1039.084944251903,225
GE,HLG,54.1847,7.8839,YG,CBP4F,47.720261,15.97801,914.3002602892539,250
GE,HLG,54.1847,7.8839,GE,PSZ,47.918201,19.8934,1088.457740410343,1781
GE,HLG,54.1847,7.8839,XM,A106,48.146099,13.5743,779.3558158842503,326
GE,HLG,54.1847,7.8839,YF,N6017,63.380829,13.65691,1074.2802932687373,175
GE,HLG,54.1847,7.8839,YY,SW03,58.074699,12.6033,521.8704912869831,94
GE,HLG,54.1847,7.8839,GE,RUE,52.475899,13.78,435.0217790607193,1792
GE,HLG,54.1847,7.8839,XK,NOVR,57.691681,-4.410162,857.5416701704895,357
GE,HLG,54.1847,7.8839,GE,IBBN,52.306301,7.7592,209.03337164485652,1752
GE,HLG,54.1847,7.8839,YY,SN34,58.248798,8.1688,452.249791183017,244
GE,HLG,54.1847,7.8839,UK,STED,50.737,-1.9645,768.556659552444,327
GE,HLG,54.1847,7.8839,XK,HOYT,58.826122,-3.239107,853.9453441250445,434
GE,HLG,54.1847,7.8839,GE,RGN,54.547699,13.3214,354.46929298955837,1795
ZD,Q10,-3.7113,-102.714302,ZD,D03,-4.0416,-104.491798,200.587412043235,346
YG,CBP4N,45.978298,18.12705,MN,VSL,39.496,9.378,1013.7622127726855,421
YG,CBP4N,45.978298,18.12705,HT,LKD,38.707199,20.6506,834.5661821880694,195
YG,CBP4N,45.978298,18.12705,MN,CLTB,37.578,13.216,1018.4659978242411,225
YG,CBP4N,45.978298,18.12705,MN,VTS,42.618,23.235,551.9316346909395,373
YG,CBP4N,45.978298,18.12705,YI,GROG,43.426182,9.89201,709.5792921956647,128
YG,CBP4N,45.978298,18.12705,MN,DIVS,44.0981,19.9917,255.27893902285768,451
YG,CBP4N,45.978298,18.12705,YI,BARR,44.282799,12.0797,510.3208857499559,132
YG,CBP4N,45.978298,18.12705,YI,BOB,44.767921,9.44782,690.8188975696302,133
YG,CBP4N,45.978298,18.12705,MN,BNI,45.052,6.678,897.2072297972699,434
YG,CBP4N,45.978298,18.12705,CH,FUORN,46.620334,10.263551,608.0470167136787,247
YG,CBP4N,45.978298,18.12705,YG,CBP2J,47.367298,18.03178,154.62088451138774,454
YG,CBP4N,45.978298,18.12705,YG,CBP4F,47.720261,15.97801,253.41241931014298,456
YG,CBP4N,45.978298,18.12705,GE,PSZ,47.918201,19.8934,253.96657974980803,222
YG,CBP4N,45.978298,18.12705,GE,RUE,52.475899,13.78,788.0932142554228,222
YG,CBP4N,45.978298,18.12705,GE,IBBN,52.306301,7.7592,1029.6165121557178,205
YG,CBP4N,45.978298,18.12705,GE,RGN,54.547699,13.3214,1011.6610420145067,222
YG,CBP4N,45.978298,18.12705,XS,S040,37.722,24.009001,1038.6029935945883,427
YG,CBP4N,45.978298,18.12705,XS,S037,38.921001,24.530001,943.6334264094679,412
NJ,TORO,10.055,9.12,GH,KLEF,6.6142,0.4407,1028.5393039292787,375
NJ,TORO,10.055,9.12,AF,IFE,7.546667,4.45692,583.3570386193578,128
NJ,TORO,10.055,9.12,AF,YNDE,3.87,11.456,734.4388252928372,352
XW,SUYR,19.560699,57.690399,XW,SAWQ,18.1618,56.4314,204.31598456463783,354
CM,PRV,13.376167,-81.3635,6Q,FEC2,14.41163,-90.93146,1039.094978825681,193
CM,PRV,13.376167,-81.3635,OV,CCOL,8.4075,-82.973396,579.7640853935945,1213
CM,PRV,13.376167,-81.3635,CW,CAMR,23.061737,-81.370857,1076.9880126953155,2034
CM,PRV,13.376167,-81.3635,GI,HUBA,15.816578,-91.294484,1102.3749209729108,309
CM,PRV,13.376167,-81.3635,GI,AVPA,15.3972,-89.6417,919.4136799212595,242
CM,PRV,13.376167,-81.3635,NU,SIUN,13.71616,-84.773499,370.55698831596885,1810
CM,PRV,13.376167,-81.3635,YG,INC37,15.691732,-88.351567,794.9356593990476,468
CM,PRV,13.376167,-81.3635,SV,RBDL,14.113,-89.6827,902.2406246773285,410
CM,PRV,13.376167,-81.3635,NU,BILN,14.0488,-83.374641,229.76702951650458,1745
CM,PRV,13.376167,-81.3635,NU,ESPN,12.195,-84.300308,344.4745895438902,1990
CM,PRV,13.376167,-81.3635,CY,CBCY,19.73797,-79.758278,727.7710121409528,3334
CM,PRV,13.376167,-81.3635,CW,CHIV,19.97648,-76.415131,903.3624079562683,2445
CM,PRV,13.376167,-81.3635,CW,CAIB,22.497055,-79.47097,1033.7168581600379,2254
CM,PRV,13.376167,-81.3635,CM,SJC,9.896667,-75.1795,776.6068166110533,3064
CM,PRV,13.376167,-81.3635,CW,GNEO,20.3274,-74.592934,1056.2825311940194,158
CM,PRV,13.376167,-81.3635,3C,NW09,6.289741,-74.985709,1052.84332246273,339
CM,PRV,13.376167,-81.3635,YU,GJ03,11.7273,-72.5457,974.3848021215624,715
CM,PRV,13.376167,-81.3635,CM,LCBC,8.857167,-76.367667,741.2419404264595,1348
CM,PRV,13.376167,-81.3635,JM,NMIA0,18.025,-76.02654,770.2990708968802,244
CM,PRV,13.376167,-81.3635,YU,SL09,8.9599,-72.6846,1066.2887303214459,675
CM,PRV,13.376167,-81.3635,CW,CCCC,21.193399,-77.417297,964.7603166256076,2680
PQ,KLONY,64.4525,-138.2164,EO,KLRS,61.03095,-138.40663,380.58240206064664,1191
PQ,KLONY,64.4525,-138.2164,NY,TGTN,61.5267,-128.27268,597.3367941269493,758
PQ,KLONY,64.4525,-138.2164,NY,MAYO,63.59581,-135.89209,147.9322525010419,1586
PQ,KLONY,64.4525,-138.2164,PQ,RICHY,66.9808,-136.2216,295.52625254400897,1004
GE,RUE,52.475899,13.78,YF,HVAR,43.177601,16.449,1052.7541321292456,367
GE,RUE,52.475899,13.78,YI,GROG,43.426182,9.89201,1046.7159693597878,399
GE,RUE,52.475899,13.78,MN,DIVS,44.0981,19.9917,1037.8528702407789,501
GE,RUE,52.475899,13.78,YF,DUOK,44.113098,14.9318,933.7649441921917,356
GE,RUE,52.475899,13.78,YI,BARR,44.282799,12.0797,919.5757763841947,911
GE,RUE,52.475899,13.78,YI,BOB,44.767921,9.44782,913.9067653947262,991
GE,RUE,52.475899,13.78,MN,BNI,45.052,6.678,974.8654034964013,2229
GE,RUE,52.475899,13.78,CH,FUORN,46.620334,10.263551,698.5734452448341,796
GE,RUE,52.475899,13.78,YG,CBP2J,47.367298,18.03178,644.1966649255663,225
GE,RUE,52.475899,13.78,YG,CBP4F,47.720261,15.97801,551.4863627100829,250
GE,RUE,52.475899,13.78,GE,PSZ,47.918201,19.8934,667.5081077217543,2300
GE,RUE,52.475899,13.78,XM,A106,48.146099,13.5743,481.67342811321674,322
GE,RUE,52.475899,13.78,YY,SW03,58.074699,12.6033,626.9790082586092,94
GE,RUE,52.475899,13.78,GE,IBBN,52.306301,7.7592,408.8806252396424,2439
GE,RUE,52.475899,13.78,YY,SN34,58.248798,8.1688,732.7906857771193,244
GE,RUE,52.475899,13.78,UK,STED,50.737,-1.9645,1102.0433790233892,327
GE,RUE,52.475899,13.78,GE,RGN,54.547699,13.3214,232.35975601646174,2446
YA,MC08,28.995899,101.511803,YA,MC10,28.976101,103.870499,229.42904322903507,307
YA,MC08,28.995899,101.511803,XE,SP18,29.483082,94.414757,690.6254264444065,313
YA,MC08,28.995899,101.511803,YA,MC16,27.1824,103.633003,289.75064441633293,300
YA,MC08,28.995899,101.511803,YA,MC12,27.662901,102.208397,163.1510002422055,248
YA,MC08,28.995899,101.511803,YA,MC14,27.864599,99.735199,214.48130869997289,341
YA,MC08,28.995899,101.511803,YA,MC17,26.4706,101.743698,281.7265657900625,306
YA,MC08,28.995899,101.511803,YA,MC21,25.4876,99.643303,431.60767683156337,223
YA,MC08,28.995899,101.511803,IC,LSA,29.70317,91.12757,1009.1930581926135,343
YA,MC08,28.995899,101.511803,XE,ES28,29.720207,98.426933,309.61520528521794,217
YA,MC08,28.995899,101.511803,YA,MC05,29.9921,100.220703,166.98631877871313,340
YA,MC08,28.995899,101.511803,YA,MC02,30.3811,103.428902,240.86385748731405,291
YA,MC08,28.995899,101.511803,XE,ES03,30.752544,92.85878,856.6258958626627,183
YA,MC08,28.995899,101.511803,XE,ES19,30.813387,95.711105,594.4330263916976,321
YA,MC08,28.995899,101.511803,XE,ES18,31.301319,97.962425,426.79021988693086,332
YA,MC08,28.995899,101.511803,XE,ES11,31.906748,94.135582,777.3689603537097,344
YA,MC08,28.995899,101.511803,IC,XAN,34.03107,108.92321,897.8931276048197,330
XW,PDG,43.327499,79.487602,II,AAK,42.6375,74.4942,413.3089151416905,856
XW,PDG,43.327499,79.487602,XW,ATUS,39.716,76.157204,487.9007781854627,123
XW,PDG,43.327499,79.487602,KN,ULHL,42.245602,76.241699,290.8927754742578,831
XW,PDG,43.327499,79.487602,KZ,MAKZ,46.807999,81.976997,433.53300324103975,342
XW,PDG,43.327499,79.487602,XW,KSA,41.5425,77.925697,236.26397279999327,640
XW,PDG,43.327499,79.487602,XW,AKSU,41.1441,80.109802,248.12592293559285,298
DK,ANGG,65.616388,-37.63704,DK,NRS,61.159566,-45.418535,628.2187544067333,5441
DK,ANGG,65.616388,-37.63704,XF,NE1,74.87175,-38.55117,1029.6937700187168,721
DK,ANGG,65.616388,-37.63704,9D,KNS,64.290802,-49.683102,584.8981105978143,724
DK,ANGG,65.616388,-37.63704,DK,DY2G,66.479599,-46.309399,402.7213406423411,2784
DK,ANGG,65.616388,-37.63704,XF,NE2,73.990723,-46.23497,985.5829782871621,718
DK,ANGG,65.616388,-37.63704,XF,NE5,74.117332,-31.150419,975.9412364976586,721
DK,ANGG,65.616388,-37.63704,GG,SE1,63.24852,-42.03487,337.28063512305437,1098
DK,ANGG,65.616388,-37.63704,YM,KASE,71.4776,-51.349701,853.784728734504,774
DK,ANGG,65.616388,-37.63704,DK,SOEG,68.203499,-31.3755,396.27098529459874,3686
DK,ANGG,65.616388,-37.63704,GE,SUMG,72.5742,-38.4626,774.3491346748282,5408
DK,ANGG,65.616388,-37.63704,Z7,FAG,63.874779,-16.653641,1009.1024300243015,297
ZL,A01,33.629501,156.598007,ZL,B07,33.2645,158.8983,217.24261823605337,663
ZL,A01,33.629501,156.598007,ZL,B01,32.136501,158.233002,225.53704958153125,558
S1,AUAYR,-19.5774,147.4088,S1,AUMOU,-24.5752,149.9814,615.6622024589883,1513
S1,AUAYR,-19.5774,147.4088,S1,AUCSH,-16.9159,145.7682,342.9188972809293,2234
S1,AUGRF,-34.2858,146.059,S1,AUCAS,-34.2637,135.7219,949.4251289266357,2346
S1,AUGRF,-34.2858,146.059,S1,AUROX,-30.5601,136.8971,953.9951968190169,1081
S1,AUGRF,-34.2858,146.059,OZ,MRAT,-34.62973,137.6256,773.9366850123497,436
S1,AUGRF,-34.2858,146.059,OZ,HKER,-31.7642,138.55251,753.6502240111711,436
S1,AUGRF,-34.2858,146.059,S1,AUJCS,-33.2047,138.6098,698.9972834767353,1639
S1,AUGRF,-34.2858,146.059,OZ,ROBE,-37.1472,139.87424,642.447533830526,429
S1,AUGRF,-34.2858,146.059,OZ,MILD,-34.25915,142.05571,367.8431373542501,436
S1,AUGRF,-34.2858,146.059,S1,AUHPC,-38.1068,142.3183,541.3600943595379,1522
S1,AUGRF,-34.2858,146.059,OZ,BOGA,-35.547,143.57532,266.3508874356836,461
S1,AUGRF,-34.2858,146.059,OZ,GRASY,-40.08652,144.01093,669.9844554868582,502
S1,AUGRF,-34.2858,146.059,OZ,ROWM,-37.80614,144.29176,422.43610244754876,502
S1,AUGRF,-34.2858,146.059,OZ,MARG,-41.99952,145.55162,858.869705851008,502
S1,AUGRF,-34.2858,146.059,OZ,CURRY,-41.09589,146.95012,761.2839478402545,502
S1,AUGRF,-34.2858,146.059,OZ,DTMM,-36.52813,147.46539,280.016879302062,502
S1,AUGRF,-34.2858,146.059,Y2,KKVN5,-26.343691,152.185039,1060.422506831942,172
S1,AUGRF,-34.2858,146.059,S1,AUUHS,-35.3589,150.4696,419.877825695904,2145
S1,AUGRF,-34.2858,146.059,YW,MSWL3,-32.3933,150.92683,498.68637652736214,379
S1,AUGRF,-34.2858,146.059,M8,MOGAR,-36.6965,149.9761,444.47625418925696,505
S1,AUGRF,-34.2858,146.059,S1,AUDCS,-32.2334,148.6278,330.3252922558735,2418
S1,AUGRF,-34.2858,146.059,S1,AUPHS,-31.099,150.8943,574.5947043317864,2585
3J,OBS19,-16.28387,-173.17295,3J,OBS23,-15.39963,-171.86155,171.3072266197812,617
3J,OBS19,-16.28387,-173.17295,G,FUTU,-14.307673,-178.12107,574.3699577450344,578
3J,OBS19,-16.28387,-173.17295,3J,OBS01,-13.155,-171.40391,396.5222949057095,613
3J,OBS19,-16.28387,-173.17295,3J,OBS13,-16.1503,-174.71751,165.5807424800106,617
3J,OBS19,-16.28387,-173.17295,3J,OBS17,-14.43021,-173.2349,206.2248685641087,618
3J,OBS19,-16.28387,-173.17295,HV,ANDI,-14.247084,-170.564072,360.00466554729746,618
3J,OBS19,-16.28387,-173.17295,3J,OBS11,-14.79489,-175.24356,276.79465111274914,616
3J,OBS19,-16.28387,-173.17295,3J,OBS10,-16.02551,-176.12563,316.6621222750723,464
3J,OBS19,-16.28387,-173.17295,3J,OBS28,-13.46713,-168.51582,590.3589747352203,615
3J,OBS19,-16.28387,-173.17295,3J,OBS26,-15.36052,-169.11661,445.92430670911233,449
3J,OBS19,-16.28387,-173.17295,MH,P0010,-14.043483,-165.862533,823.0877263537568,149
GB,HMNX,50.86733,0.33633,CA,CPAL,42.310533,3.16244,975.478653513281,3044
GB,HMNX,50.86733,0.33633,CA,CARA,42.707643,0.818132,908.0527578431796,2794
GB,HMNX,50.86733,0.33633,MN,BNI,45.052,6.678,800.0631325403795,4016
GB,HMNX,50.86733,0.33633,CH,FUORN,46.620334,10.263551,866.5653591353922,4385
GB,HMNX,50.86733,0.33633,CH,SLE,47.7645,8.49236,683.9507998226474,4811
GB,HMNX,50.86733,0.33633,G,CLF,48.02579,2.26,345.18595116704444,3158
GB,HMNX,50.86733,0.33633,GB,JSA,49.18783,-2.17167,258.7626527131229,4898
GB,HMNX,50.86733,0.33633,DK,MUD,56.455,9.1733,850.2225066637593,4887
GB,HMNX,50.86733,0.33633,CZ,PRIC,49.6693,12.6782,886.1801470396598,978
GB,HMNX,50.86733,0.33633,GB,DRUM,56.91267,-2.4865,697.0457446368473,5027
GB,HMNX,50.86733,0.33633,GB,LAWE,56.26,-5.399,708.7088487194287,2820
GB,HMNX,50.86733,0.33633,GB,LRW,60.136,-1.17783,1034.9620099965914,5106
GB,HMNX,50.86733,0.33633,GB,WACR,52.72433,0.62833,207.4628963105746,3332
GB,HMNX,50.86733,0.33633,GB,GAL1,54.86633,-4.71133,558.7441967080196,4926
GB,HMNX,50.86733,0.33633,EI,IDGL,55.073,-7.51,702.6527945083479,4132
GB,HMNX,50.86733,0.33633,CZ,TREC,49.2948,15.4871,1093.1110611106824,982
GB,HMNX,50.86733,0.33633,EI,IMAC,51.845801,-9.070097,661.6788000564762,1113
GB,HMNX,50.86733,0.33633,CZ,BEDC,50.78933,15.16976,1040.1230104988458,847
GB,HMNX,50.86733,0.33633,UK,STED,50.737,-1.9645,162.3329582563939,1314
GB,HMNX,50.86733,0.33633,WF,SPG,52.32553,-3.01928,282.82362338300044,563
GB,HMNX,50.86733,0.33633,EI,DSB,53.24519,-6.37619,529.3561289963083,3330
XP,N116,-82.009804,112.571198,XP,N100,-81.652496,122.610001,163.28224030359425,121
XP,N116,-82.009804,112.571198,XP,N060,-80.000099,142.595001,559.5184791561575,118
JP,JHS,35.001831,133.113663,CB,DL2,38.905998,121.627998,1108.0281256003227,1855
JP,JHS,35.001831,133.113663,KS,SH2B,38.2686,128.2524,565.6188681290554,1089
JP,JHS,35.001831,133.113663,JP,JMM,37.868999,140.789673,756.756086796082,4266
JP,JHS,35.001831,133.113663,JP,JHJ2,33.115299,139.813797,651.7312103404112,4259
JP,JHS,35.001831,133.113663,JP,JWT,35.285671,135.398666,210.14331386701036,4272
JP,JHS,35.001831,133.113663,JP,JTU,34.5275,129.396332,343.616842501104,4270
JP,JHS,35.001831,133.113663,JP,JMN,33.731499,133.876328,157.64693218668995,4271
JP,JHS,35.001831,133.113663,PS,TSK,36.2108,140.1097,646.4504897423185,3593
JP,JHS,35.001831,133.113663,JP,JNU,33.125,130.876694,293.2637910773437,4271
JP,JHS,35.001831,133.113663,JP,JMZ,25.81983,131.223663,1036.886252798456,4215
JP,JHS,35.001831,133.113663,1U,SHRD,41.945759,128.791214,858.6317853921349,348
JP,JHS,35.001831,133.113663,JP,JSD,38.040001,138.257172,570.2678652011862,4272
5A,LIHIR,-3.05528,152.611496,5A,LASU,-4.303918,153.108185,149.3814294644797,587
5A,LIHIR,-3.05528,152.611496,5A,KAVI,-2.56941,150.804428,207.83912769286135,574
ZE,BULG,61.126701,-151.091202,AT,SVW2,61.1082,-155.621704,243.28868527420184,517
ZE,BULG,61.126701,-151.091202,ZE,HOLG,59.835098,-149.769608,160.83195546163435,97
ZE,BULG,61.126701,-151.091202,YG,GLN4,61.789501,-147.679596,195.63684420157287,352
ZE,BULG,61.126701,-151.091202,AT,MID,59.427799,-146.338806,322.8806058731924,517
ZE,BULG,61.126701,-151.091202,7C,MM26,63.081,-130.1928,1103.5142550977926,299
ZE,BULG,61.126701,-151.091202,NY,MAYO,63.59581,-135.89209,828.3095154534096,511
GE,SUMG,72.5742,-38.4626,XF,NE1,74.87175,-38.55117,255.49109644526857,669
GE,SUMG,72.5742,-38.4626,9D,KNS,64.290802,-49.683102,1025.0595566264326,806
GE,SUMG,72.5742,-38.4626,DK,DY2G,66.479599,-46.309399,741.8178765702635,2810
GE,SUMG,72.5742,-38.4626,XF,NE6,79.326187,-38.454979,750.7877627890073,670
GE,SUMG,72.5742,-38.4626,XF,NE2,73.990723,-46.23497,293.9712925608388,666
GE,SUMG,72.5742,-38.4626,XF,NE5,74.117332,-31.150419,289.0714264870985,669
GE,SUMG,72.5742,-38.4626,XF,NE3,76.394577,-43.458302,449.6691533899687,666
GE,SUMG,72.5742,-38.4626,GG,SE1,63.24852,-42.03487,1047.2169183583135,1185
GE,SUMG,72.5742,-38.4626,YM,KASE,71.4776,-51.349701,457.6991784589964,775
GE,SUMG,72.5742,-38.4626,DK,SOEG,68.203499,-31.3755,552.4861696060561,3737
GE,SUMG,72.5742,-38.4626,DK,KULLO,74.580498,-57.2201,627.2088759836531,4605
GE,SUMG,72.5742,-38.4626,GE,DAG,76.771301,-18.655001,739.9118128812509,6182
XA,SA81,-30.925116,21.268124,XA,SA29,-26.931738,23.03492,476.1480056116979,325
XA,SA81,-30.925116,21.268124,XA,SA20,-29.0221,26.195299,519.565384597609,182
XA,SA81,-30.925116,21.268124,XA,SA04,-32.850498,19.6206,264.6242836189666,176
XA,SA81,-30.925116,21.268124,XA,SA26,-27.545601,26.1803,606.8226394144347,119
XA,SA81,-30.925116,21.268124,XA,SA38,-25.933359,25.084627,668.7230319087802,502
XA,SA81,-30.925116,21.268124,XA,SA03,-33.6619,21.3354,304.3825841389308,125
XA,SA81,-30.925116,21.268124,XA,SA60,-23.851931,24.959381,866.6548065792575,317
XA,SA81,-30.925116,21.268124,XA,SA64,-22.969448,26.201714,1010.448674057684,293
XA,SA81,-30.925116,21.268124,XA,SA35,-27.018299,29.088301,875.6791029827532,104
XE,EE04,-8.20435,-131.2551,XE,WC02,-4.97259,-133.70537,449.8581351921107,393
XE,EE04,-8.20435,-131.2551,XE,CC07,-6.15879,-133.0464,301.3072309834991,395
XE,EE04,-8.20435,-131.2551,XE,EE02,-5.97635,-130.88959,251.00374364741154,357
XE,EE04,-8.20435,-131.2551,XE,WW01,-3.78521,-134.73696,624.216858858921,251
3H,G52,-2.3945,-91.89,3H,G56,-2.4299,-89.0249,318.32699775444337,448
3H,G52,-2.3945,-91.89,3H,G44,-1.8313,-93.8518,226.81044689170196,435
3H,G52,-2.3945,-91.89,3H,G23,0.9001,-92.0216,366.63532152154755,438
3H,G52,-2.3945,-91.89,3H,G06,2.0564,-90.6769,512.9621941193838,435
3H,G52,-2.3945,-91.89,3H,G01,1.0132,-88.9369,501.357640121199,436
3H,G52,-2.3945,-91.89,3H,G18,1.5202,-93.2519,460.87400429327647,440
3H,G52,-2.3945,-91.89,3H,G15,2.5843,-92.2501,555.0632924079669,439
3H,G52,-2.3945,-91.89,3H,G30,1.2999,-94.808,523.4393970564693,442
3H,G52,-2.3945,-91.89,3H,G27,-0.183,-93.4209,299.04883081904643,447
3H,G52,-2.3945,-91.89,8W,CBHM,-0.46906,-91.60975,216.35382006232933,235
RM,SZP,17.552,120.455002,TW,KMNB,24.4638,118.388199,797.8903025166292,3240
RM,SZP,17.552,120.455002,HK,HKPS,22.277599,114.141502,843.4338478004893,3055
RM,SZP,17.552,120.455002,JP,JMJ2,24.740801,125.327797,945.4326714369423,2291
CW,GNEO,20.3274,-74.592934,CW,CAMR,23.061737,-81.370857,763.3020632730819,178
CW,GNEO,20.3274,-74.592934,CY,CBCY,19.73797,-79.758278,543.5516993072176,159
CW,GNEO,20.3274,-74.592934,CW,CHIV,19.97648,-76.415131,194.17519160565456,179
CW,GNEO,20.3274,-74.592934,ZC,HMDR,18.7879,-69.381,572.2647646252401,159
CW,GNEO,20.3274,-74.592934,LO,LOBA2,18.0814,-71.0936,444.2604831842426,173
CW,GNEO,20.3274,-74.592934,YU,GJ03,11.7273,-72.5457,980.9416193816037,179
YB,AT44,37.846699,34.612,HT,AGG,39.021099,22.336,1076.3683608434173,343
YB,AT44,37.846699,34.612,MN,VTS,42.618,23.235,1100.5695785852756,366
YB,AT44,37.846699,34.612,KO,DKL,39.0713,26.9053,684.4839000633118,142
YB,AT44,37.846699,34.612,HL,ARG,36.213558,28.12122,603.9638483976033,340
YB,AT44,37.846699,34.612,KO,ELL,36.7483,29.9085,433.55019768259103,363
YB,AT44,37.846699,34.612,YH,KO07,41.045898,30.1702,521.4143794456277,117
YB,AT44,37.846699,34.612,YB,AT19,39.735199,33.5811,228.20472151250408,363
YB,AT44,37.846699,34.612,YB,AT49,38.513699,32.252998,219.11855697391314,367
YB,AT44,37.846699,34.612,YB,AT63,36.712502,33.472,161.48664046241925,367
YB,AT44,37.846699,34.612,YB,AT39,36.932098,37.222599,252.05349202879725,169
YB,AT44,37.846699,34.612,KO,KARS,40.6152,43.0937,792.3153170517564,272
YB,AT44,37.846699,34.612,YB,AT06,39.6731,35.6665,222.71516596519,367
YB,AT44,37.846699,34.612,YB,AT56,36.7019,35.546902,151.81130881855808,367
1P,MAMA,-52.0337,-72.3827,C1,MG02,-52.7808,-69.2242,229.77087570462783,339
1P,MAMA,-52.0337,-72.3827,1P,CURI,-51.6131,-74.556,156.51075773072677,341
1P,MAMA,-52.0337,-72.3827,1P,GUMN,-50.3199,-75.3644,281.94897764205905,341
1P,MAMA,-52.0337,-72.3827,C1,LL02,-43.19055,-71.84838,984.1227300855096,339
1P,MAMA,-52.0337,-72.3827,1P,EIDA,-49.5393,-70.8801,296.7813654864682,341
1P,MAMA,-52.0337,-72.3827,1P,LVAN,-51.0252,-71.1152,142.34445836723887,341
1P,MAMA,-52.0337,-72.3827,1P,PMOR,-50.4904,-73.0428,177.64565287932433,341
YT,EAGL,-80.894402,-22.309799,YT,STEW,-84.1863,-86.2349,929.9571628672334,424
YT,EAGL,-80.894402,-22.309799,YT,PECA,-85.6124,-68.5525,760.8278021442017,415
YT,EAGL,-80.894402,-22.309799,YT,THRO,-79.127296,-28.317499,227.8625501750214,271
YT,EAGL,-80.894402,-22.309799,YT,DUFK,-82.8619,-53.2006,523.8939089711417,439
MY,KUM,5.2902,100.6492,ZB,LAIS,-3.5291,102.034698,992.6638997398213,248
MY,KUM,5.2902,100.6492,ZB,L10S,0.6458,100.867378,517.0021105520124,102
MY,KUM,5.2902,100.6492,ZB,TIKU,-0.399,99.944199,637.4369689825726,233
MY,KUM,5.2902,100.6492,TM,PRAC,12.472649,99.792871,804.1671494344749,3933
MY,KUM,5.2902,100.6492,PS,PSI,2.6938,98.923698,346.38123557387894,5922
MY,KUM,5.2902,100.6492,ZB,PPNG,-1.99397,99.603699,818.2464009332111,197
MY,KUM,5.2902,100.6492,TM,SRDT,14.3948,99.1213,1026.101057115854,3675
MY,KUM,5.2902,100.6492,TM,CHBT,12.7441,102.3526,849.6542720028019,2117
MY,KUM,5.2902,100.6492,TM,SKLT,7.175815,100.615686,209.70383253068624,2496
MY,KUM,5.2902,100.6492,ZB,Y30S,-0.08943,97.860863,673.5659665800912,257
7D,FN16A,46.799599,-125.516098,PB,B934,39.844501,-123.691399,787.270497138547,279
7D,FN16A,46.799599,-125.516098,NN,RUB,39.051701,-120.1549,965.2289618550684,274
7D,FN16A,46.799599,-125.516098,Y5,PER,53.68,-116.040001,1017.8252071345206,220
7D,FN16A,46.799599,-125.516098,IE,BCYI,44.310799,-113.405197,981.5866188713424,233
7D,FN16A,46.799599,-125.516098,US,HAWA,46.3925,-119.5327,459.29174314946613,279
7D,FN16A,46.799599,-125.516098,MB,HRY,46.711285,-111.831786,1041.2165467527398,274
7D,FN16A,46.799599,-125.516098,XT,D58,45.032299,-118.073799,608.0610024717796,276
XL,HV10,51.572102,100.448601,XL,AT04,46.271099,95.267097,700.1523169186739,661
XA,AX08,38.8984,46.1815,MP,DHK1,36.8606,42.8665,368.7281435265214,451
XA,AX08,38.8984,46.1815,MP,SLY1,35.5784,45.3667,376.14296610141696,186
XA,AX08,38.8984,46.1815,MP,AMR2,31.9899,47.1902,773.5902305605493,349
XA,AX08,38.8984,46.1815,AB,HASN,39.336076,49.217978,266.42985153302135,120
XA,AX08,38.8984,46.1815,XA,EP15,40.33766,47.79234,211.29670417071125,258
XA,AX08,38.8984,46.1815,YL,WKZ15,43.36841,54.59763,861.7712686827812,376
XN,B07,59.6548,-126.950104,XN,B11,60.087002,-130.606995,209.65879920763106,95
XN,B07,59.6548,-126.950104,XN,B15,60.433998,-134.247406,414.0962084936531,93
XN,B07,59.6548,-126.950104,XN,A06,60.631199,-123.493202,219.97820604075213,98
YD,3D14,44.176979,23.319521,HT,AGG,39.021099,22.336,579.0990636233576,577
YD,3D14,44.176979,23.319521,AC,VLO,40.468601,19.495501,518.3985560997627,264
YD,3D14,44.176979,23.319521,MN,VTS,42.618,23.235,173.48521811394983,467
YD,3D14,44.176979,23.319521,YD,3B13,43.635109,21.70591,142.62102128224544,538
YD,3D14,44.176979,23.319521,MN,DIVS,44.0981,19.9917,265.6913829363802,496
YD,3D14,44.176979,23.319521,YD,3D08,45.97826,21.517321,245.22417865367805,618
YD,3D14,44.176979,23.319521,CH,FUORN,46.620334,10.263551,1053.5784974752373,616
YD,3D14,44.176979,23.319521,YD,6C04,46.661442,19.74328,392.6408073040274,650
YD,3D14,44.176979,23.319521,PL,BEL,51.837002,20.792,872.1208682120945,373
YD,3D14,44.176979,23.319521,PL,NIE,49.4189,20.313101,626.0593572102679,371
YD,3D14,44.176979,23.319521,PL,KWP,49.631401,22.7075,608.2785465471777,366
YD,3D14,44.176979,23.319521,YD,3F11,45.865082,23.72257,190.3623621779859,588
BX,KHWEE,-21.9464,25.446911,AF,HVD,-30.605,25.497,962.8066316548596,795
BX,KHWEE,-21.9464,25.446911,AF,RUDU,-17.909599,19.764799,744.3613626899139,813
BX,KHWEE,-21.9464,25.446911,BX,XAUDM,-18.53956,21.338223,571.9790915884763,405
BX,KHWEE,-21.9464,25.446911,AF,WIN,-22.5667,17.1,861.636437653057,798
BX,KHWEE,-21.9464,25.446911,BX,LKGWB,-24.11351,21.782303,445.72044673161724,753
BX,KHWEE,-21.9464,25.446911,AF,UPI,-28.362,21.253,828.7188644577786,893
BX,KHWEE,-21.9464,25.446911,BX,PHPEN,-25.475531,22.857294,472.72325669302876,669
BX,KHWEE,-21.9464,25.446911,BX,KGCAE,-22.853821,22.206787,348.03615622238465,823
BX,KHWEE,-21.9464,25.446911,AF,SNKL,-28.27528,27.7714,741.5745777302501,932
BX,KHWEE,-21.9464,25.446911,ZT,CRAIL,-22.80259,28.24304,302.8536974878664,472
BX,KHWEE,-21.9464,25.446911,ZT,WTBG,-24.2119,28.88291,432.4032708507967,468
BX,KHWEE,-21.9464,25.446911,ZT,DULL,-25.36478,30.17588,613.4673680338782,404
XS,I12D,-0.868283,-10.77656,XS,I04D,-2.123817,-16.17326,615.9013347643006,374
XS,I12D,-0.868283,-10.77656,XS,L02A,-1.1667,-17.4085,738.06815366658,374
XS,I12D,-0.868283,-10.77656,GT,DBIC,6.67015,-4.85653,1065.003015828274,374
XS,I12D,-0.868283,-10.77656,XS,L16D,0.8933,-7.8953,375.50661686029787,370
XS,I12D,-0.868283,-10.77656,XS,S32D,-0.7968,-15.647,541.5700582275182,363
XS,I12D,-0.868283,-10.77656,XS,L37D,1.5657,-14.9718,539.2790856765159,355
XS,I12D,-0.868283,-10.77656,XS,I14D,-0.3522,-7.952395,319.21492641346214,372
XS,I12D,-0.868283,-10.77656,XS,S24D,-0.1383,-12.7806,237.15299373796907,366
XS,I12D,-0.868283,-10.77656,XS,L39D,2.0557,-11.4905,334.6809648859416,353
XS,I12D,-0.868283,-10.77656,XS,L18D,0.5769,-9.3765,223.73724831527028,369
7B,SC08,-22.274799,131.367203,7B,SC06,-19.1437,128.117905,485.1705287028855,135
XB,CM27,7.359,12.667,XB,CM29,9.347,13.385,234.74370292828397,98
XB,CM27,7.359,12.667,XB,CM06,2.385,11.268,574.3794940930561,148
XB,CM27,7.359,12.667,XB,CM24,6.523,14.288,201.63173794481915,149
XB,CM27,7.359,12.667,XB,CM16,5.48,10.572,311.83014797600856,144
XB,CM27,7.359,12.667,XB,CM03,3.519,15.034,500.9435261331484,95
XB,CM27,7.359,12.667,XB,CM02,2.698,13.289,522.8370440145685,96
XB,CM27,7.359,12.667,XB,CM17,5.546,12.312,205.37679019594196,149
XB,CM27,7.359,12.667,XB,CM01,2.389,9.834,635.5042744308901,154
BX,PHPEN,-25.475531,22.857294,AF,CVNA,-31.482,19.762,733.1031797274806,1557
BX,PHPEN,-25.475531,22.857294,AF,HVD,-30.605,25.497,626.3820301029248,1595
BX,PHPEN,-25.475531,22.857294,AF,RUDU,-17.909599,19.764799,899.8029904003275,1330
BX,PHPEN,-25.475531,22.857294,BX,XAUDM,-18.53956,21.338223,786.9564923618469,540
BX,PHPEN,-25.475531,22.857294,AF,WIN,-22.5667,17.1,668.1125645079859,1328
BX,PHPEN,-25.475531,22.857294,BX,LKGWB,-24.11351,21.782303,186.31050823866937,1466
BX,PHPEN,-25.475531,22.857294,AF,UPI,-28.362,21.253,358.19913631517767,1515
BX,PHPEN,-25.475531,22.857294,BX,KGCAE,-22.853821,22.206787,298.89585174025825,1549
BX,PHPEN,-25.475531,22.857294,Z1,Z34S,-17.164391,27.52483,1042.6956195995724,266
BX,PHPEN,-25.475531,22.857294,AF,SNKL,-28.27528,27.7714,578.2475490094655,1612
BX,PHPEN,-25.475531,22.857294,ZT,CRAIL,-22.80259,28.24304,621.9951172377365,384
BX,PHPEN,-25.475531,22.857294,ZT,WTBG,-24.2119,28.88291,623.969896021126,386
BX,PHPEN,-25.475531,22.857294,ZT,DULL,-25.36478,30.17588,735.0138672516979,327
GT,DBIC,6.67015,-4.85653,GH,KLEF,6.6142,0.4407,585.102571564495,523
GT,DBIC,6.67015,-4.85653,XS,L16D,0.8933,-7.8953,725.3981098689458,370
GT,DBIC,6.67015,-4.85653,AF,IFE,7.546667,4.45692,1032.2336752818755,498
GT,DBIC,6.67015,-4.85653,XS,I14D,-0.3522,-7.952395,853.0669793862888,372
GT,DBIC,6.67015,-4.85653,XS,L39D,2.0557,-11.4905,896.646530627595,353
GT,DBIC,6.67015,-4.85653,XS,L18D,0.5769,-9.3765,842.8613774412139,369
GT,DBIC,6.67015,-4.85653,GH,WEIJ,5.5885,-0.3333,514.3368770681798,509
GB,LRW,60.136,-1.17783,Z7,FAG,63.874779,-16.653641,905.2654481565263,294
GB,LRW,60.136,-1.17783,DK,MUD,56.455,9.1733,729.1046910058064,5612
GB,LRW,60.136,-1.17783,GB,DRUM,56.91267,-2.4865,366.36437083167414,5198
GB,LRW,60.136,-1.17783,ZR,N1317,64.797462,16.955721,1061.1395111029851,380
GB,LRW,60.136,-1.17783,GB,LAWE,56.26,-5.399,496.7013983676552,3009
GB,LRW,60.136,-1.17783,GB,WACR,52.72433,0.62833,831.5084605620004,3397
GB,LRW,60.136,-1.17783,GB,GAL1,54.86633,-4.71133,622.6083633988533,6252
GB,LRW,60.136,-1.17783,EI,IDGL,55.073,-7.51,677.026921167806,4333
GB,LRW,60.136,-1.17783,EI,IMAC,51.845801,-9.070097,1042.7132137585477,1139
GB,LRW,60.136,-1.17783,UK,STED,50.737,-1.9645,1046.2807099415022,2344
GB,LRW,60.136,-1.17783,WF,SPG,52.32553,-3.01928,875.8230712906307,574
GB,LRW,60.136,-1.17783,ZR,N1312,65.628799,13.44193,956.3186070333306,289
GB,LRW,60.136,-1.17783,EI,DSB,53.24519,-6.37619,828.7631017896188,3514
1G,WA20,41.14854,106.47017,1G,WA08,39.78198,105.74621,163.8310255750017,139
1G,WA20,41.14854,106.47017,1G,WA05,39.46912,107.78784,217.60895284173543,140
1G,WA20,41.14854,106.47017,1G,WA17,40.77207,108.32398,161.19215643948536,137
1G,WA20,41.14854,106.47017,IC,XAN,34.03107,108.92321,820.3073908823931,140
1G,WA20,41.14854,106.47017,1G,EA29,41.62461,112.42881,499.81334002502723,137
ZM,P124,-78.871803,77.656998,ZM,GM04,-82.999702,61.1124,538.3512131248144,347
ZM,P124,-78.871803,77.656998,ZM,N190,-80.327499,69.431,230.8455353569786,350
ZM,P124,-78.871803,77.656998,ZM,P080,-82.805397,77.363998,437.4256524273451,349
ZM,P124,-78.871803,77.656998,ZM,N173,-81.112198,77.473602,249.1457958670675,177
ZM,P124,-78.871803,77.656998,ZM,GM06,-79.332802,44.3148,693.1588110118424,194
ZM,P124,-78.871803,77.656998,ZM,GM01,-83.985802,104.729103,709.6019495331371,298
ZM,P124,-78.871803,77.656998,ZM,GM03,-80.216904,85.943901,223.99231825879633,345
ZM,P124,-78.871803,77.656998,ZM,N156,-81.6726,86.504501,352.1428413179927,351
ZM,P124,-78.871803,77.656998,ZM,N140,-82.008598,96.769203,491.7467293229516,366
8Q,P17,25.826362,-141.048872,8Q,P11,28.19732,-143.482162,357.2058047814694,428
8Q,P17,25.826362,-141.048872,8Q,P03,27.897,-141.755108,240.6649434504061,428
8Q,P17,25.826362,-141.048872,8Q,P09,26.612795,-142.356315,157.0239051747976,428
8Q,P17,25.826362,-141.048872,8Q,P18,25.762145,-143.392715,234.76138622245057,428
8Q,P17,25.826362,-141.048872,8Q,P15,27.844793,-139.753242,258.64201083649465,428
8Q,P17,25.826362,-141.048872,8Q,P22,26.902167,-138.673857,265.13268945522543,427
8Q,P17,25.826362,-141.048872,8Q,P12,29.909498,-142.683938,481.6126858246803,428
8Q,P17,25.826362,-141.048872,8Q,P13,29.966537,-141.146892,460.4677783046849,428
8Q,P17,25.826362,-141.048872,8Q,P20,29.158303,-137.94284,480.7062684632318,428
TM,UBPT,15.2773,105.4695,TM,PRAC,12.472649,99.792871,687.5102739303534,2778
TM,UBPT,15.2773,105.4695,TM,PHRA,18.4989,100.229,662.6513693022384,1784
TM,UBPT,15.2773,105.4695,TM,NONG,18.063498,103.1458,396.529264225373,2634
TM,UBPT,15.2773,105.4695,TM,LOEI,17.5093,101.6244,479.3834452692056,2773
TM,UBPT,15.2773,105.4695,TM,PANO,17.147614,104.6122,227.22107354434306,1158
TM,UBPT,15.2773,105.4695,TM,SRDT,14.3948,99.1213,689.3451739336766,2566
TM,UBPT,15.2773,105.4695,TM,CHBT,12.7441,102.3526,438.63364711734295,1510
TM,UBPT,15.2773,105.4695,TM,SKLT,7.175815,100.615686,1044.6291381760736,1762
TM,UBPT,15.2773,105.4695,MM,TGI,20.768545,97.034073,1080.496576351177,1259
TM,UBPT,15.2773,105.4695,TM,CRAI,20.2289,100.3734,770.8105834111773,2526
TM,UBPT,15.2773,105.4695,MM,KTN,21.2857,99.589798,911.7277709112718,1280
TM,UBPT,15.2773,105.4695,RM,SLV,21.325247,103.906708,692.4197968818615,2362
JP,JMJ2,24.740801,125.327797,CB,NJ2,32.051701,118.854401,1029.8987371311807,2167
JP,JMJ2,24.740801,125.327797,TW,KMNB,24.4638,118.388199,702.1987035005733,4730
JP,JMJ2,24.740801,125.327797,JP,JNU,33.125,130.876694,1076.8919390437134,4796
JP,JMJ2,24.740801,125.327797,JP,JMZ,25.81983,131.223663,604.764025950558,4214
YM,39,21.599701,121.364098,TW,KMNB,24.4638,118.388199,440.6018555637311,384
YM,39,21.599701,121.364098,YM,37,21.6698,119.495399,193.30798522193095,262
YM,39,21.599701,121.364098,YM,12,23.405899,122.687202,242.505423695994,382
7B,NN04,-33.35722,-158.09491,7B,MM12,-35.50344,-157.16479,253.43331740497766,341
7B,NN04,-33.35722,-158.09491,7B,NM04,-34.07651,-156.41882,174.43624275364382,366
7B,NN04,-33.35722,-158.09491,7B,MM04,-34.0909,-154.12547,376.0346899289154,361
7B,NN04,-33.35722,-158.09491,7B,SS01,-35.53273,-151.77364,627.9431398076149,362
QZ,CHM,42.348271,69.573528,TJ,CHGR,38.656898,69.158203,411.96023311349035,583
QZ,CHM,42.348271,69.573528,TF,KHO,37.488477,71.565355,566.4063627892449,140
QZ,CHM,42.348271,69.573528,QZ,ZHTS,40.764944,68.290297,205.8994333696259,1213
QZ,CHM,42.348271,69.573528,KR,TRKS,41.472454,71.167327,163.9413726760129,1335
QZ,CHM,42.348271,69.573528,QZ,BRZS,49.981769,72.677469,881.6161761595333,1335
QZ,CHM,42.348271,69.573528,KR,BTK,40.06675,70.81572,274.14268846747257,1389
QZ,CHM,42.348271,69.573528,XV,NW140,50.82925,77.20242,1107.3481140730119,108
QZ,CHM,42.348271,69.573528,TJ,MURGB,38.254,74.058,593.0146026349946,499
QZ,CHM,42.348271,69.573528,QZ,TDK,45.002246,78.40445,768.557085023477,1187
QZ,CHM,42.348271,69.573528,KZ,MAKZ,46.807999,81.976997,1098.7530533085242,1102
XP,E026,-76.424698,154.759064,XP,N044,-79.069191,148.615921,327.45190014419677,92
XP,E026,-76.424698,154.759064,XP,N028,-78.029579,153.650864,180.51442316021817,93
XP,E026,-76.424698,154.759064,XP,DIHI,-79.849022,159.480042,395.4551577412597,93
XP,E026,-76.424698,154.759064,XP,E006,-77.370201,161.625702,202.3391958911861,92
XF,H1210,30.782101,85.109398,XE,SP18,29.483082,94.414757,906.1849290091545,113
XF,H1210,30.782101,85.109398,IC,LSA,29.70317,91.12757,590.3486351313622,325
XF,H1210,30.782101,85.109398,XE,ES03,30.752544,92.85878,740.2707894636337,120
XF,H1210,30.782101,85.109398,XE,ES19,30.813387,95.711105,1012.2415576666979,119
XF,H1210,30.782101,85.109398,XE,ES11,31.906748,94.135582,865.9953943138976,120
XF,H1210,30.782101,85.109398,XF,H1415,32.307899,84.218903,189.48641256685596,157
XV,SENA,-17.445,35.032001,AF,KTWE,-12.814,28.209,895.0747945157261,266
XV,SENA,-17.445,35.032001,XK,Z04NN,-13.075,30.6276,677.6561778703662,414
XV,SENA,-17.445,35.032001,XK,Z09CG,-13.3058,32.221001,550.1087035251759,418
XV,SENA,-17.445,35.032001,6H,MASS,-21.588499,32.921299,511.06191693256653,140
XV,SENA,-17.445,35.032001,XK,W02NB,-13.724,33.559898,442.76916064040233,434
XV,SENA,-17.445,35.032001,XV,TETE,-16.129999,33.57,213.54821039556714,326
XV,SENA,-17.445,35.032001,XK,W10LW,-12.6208,34.165199,544.4381863364938,430
XV,SENA,-17.445,35.032001,6H,FUNH,-23.0973,34.378201,632.1927703165849,174
XV,SENA,-17.445,35.032001,XK,W15SS,-15.6818,34.974701,196.15424854356084,424
XV,SENA,-17.445,35.032001,XK,Q05MJ,-13.3953,36.125702,465.31003631371334,158
XV,SENA,-17.445,35.032001,XK,Q07MR,-13.1967,37.4986,541.3746578277603,400
XT,D58,45.032299,-118.073799,X9,BB420,43.6297,-130.208206,976.7210305058029,223
XT,D58,45.032299,-118.073799,X9,BB240,43.427502,-128.355698,837.8109162415049,226
XT,D58,45.032299,-118.073799,7D,J20B,44.354198,-127.0952,716.7074585331223,242
XT,D58,45.032299,-118.073799,7D,G26B,41.9249,-125.177498,668.8946930725108,231
XT,D58,45.032299,-118.073799,PB,B934,39.844501,-123.691399,738.0328153983468,694
XT,D58,45.032299,-118.073799,NN,RUB,39.051701,-120.1549,686.7919695946237,684
XT,D58,45.032299,-118.073799,Y5,PER,53.68,-116.040001,972.6906937196915,350
XT,D58,45.032299,-118.073799,IE,BCYI,44.310799,-113.405197,377.73346520720474,631
XT,D58,45.032299,-118.073799,US,HAWA,46.3925,-119.5327,188.95478435165427,694
XT,D58,45.032299,-118.073799,MB,HRY,46.711285,-111.831786,517.8912052411322,689
X9,BB420,43.6297,-130.208206,X9,BB240,43.427502,-128.355698,151.02844772912266,373
X9,BB420,43.6297,-130.208206,7D,J20B,44.354198,-127.0952,261.72011646222893,224
X9,BB420,43.6297,-130.208206,7D,G26B,41.9249,-125.177498,452.1351634046185,317
X9,BB420,43.6297,-130.208206,PB,B934,39.844501,-123.691399,684.8657474133706,373
X9,BB420,43.6297,-130.208206,NN,RUB,39.051701,-120.1549,980.5703024356542,353
X9,BB420,43.6297,-130.208206,US,HAWA,46.3925,-119.5327,892.8037786696938,373
AF,HARE,-17.704,31.009001,ZQ,AAM2,-26.473,27.490999,1040.076081075973,113
AF,HARE,-17.704,31.009001,AF,KTWE,-12.814,28.209,621.1372124599482,123
AF,HARE,-17.704,31.009001,AF,LBB,-11.631,27.485001,774.3069344280843,130
IU,KEV,69.7565,27.0035,YV,NSS,64.530701,11.9673,867.2628012492103,429
TX,ELG6,28.481656,-100.326356,MX,ZAIG,22.769176,-102.567123,673.7035899032388,452
TX,ELG6,28.481656,-100.326356,MX,MOIG,19.646708,-101.227303,986.6387990830049,498
TX,ELG6,28.481656,-100.326356,JW,BRR,32.772406,-107.564169,840.6067668532863,482
TX,ELG6,28.481656,-100.326356,IM,TX02,29.329901,-103.657997,337.73021230722065,497
TX,ELG6,28.481656,-100.326356,US,AMTX,34.8837,-101.6808,723.2951757930916,480
TX,ELG6,28.481656,-100.326356,N4,Z38B,33.2599,-94.9852,736.0711048871553,505
TX,ELG6,28.481656,-100.326356,TX,DKNS,33.66653,-100.92365,579.3280885335622,454
TX,ELG6,28.481656,-100.326356,O2,SC12,34.921667,-99.3547,721.9600758469484,505
TX,ELG6,28.481656,-100.326356,TX,BRDY,31.285872,-98.999447,337.027354139044,505
TX,ELG6,28.481656,-100.326356,N4,ABTX,32.6238,-99.6431,465.20564887579644,505
TX,ELG6,28.481656,-100.326356,OK,HEWI,37.048825,-96.408082,1020.3674725760011,315
XE,ES11,31.906748,94.135582,YA,MC10,28.976101,103.870499,988.0431013477545,316
XE,ES11,31.906748,94.135582,XE,SP18,29.483082,94.414757,270.81809790033867,351
XE,ES11,31.906748,94.135582,YA,MC16,27.1824,103.633003,1057.6643553237495,307
XE,ES11,31.906748,94.135582,XF,H0650,28.8955,85.3274,908.3162361728962,171
XE,ES11,31.906748,94.135582,YA,MC12,27.662901,102.208397,910.4079725946418,248
XE,ES11,31.906748,94.135582,YA,MC14,27.864599,99.735199,702.2542985672702,345
XE,ES11,31.906748,94.135582,YA,MC17,26.4706,101.743698,953.8739781959397,309
XE,ES11,31.906748,94.135582,YA,MC21,25.4876,99.643303,892.99740329638,224
XE,ES11,31.906748,94.135582,IC,LSA,29.70317,91.12757,377.5525560266222,438
XE,ES11,31.906748,94.135582,XE,ES28,29.720207,98.426933,476.4471972058479,280
XE,ES11,31.906748,94.135582,YA,MC05,29.9921,100.220703,617.9984762983726,345
XE,ES11,31.906748,94.135582,YA,MC02,30.3811,103.428902,900.2464971259001,300
XE,ES11,31.906748,94.135582,XE,ES03,30.752544,92.85878,176.57153541568172,228
XE,ES11,31.906748,94.135582,XE,ES19,30.813387,95.711105,192.76515096954554,365
XE,ES11,31.906748,94.135582,XE,ES18,31.301319,97.962425,368.59418232035273,360
XE,ES11,31.906748,94.135582,XF,H1415,32.307899,84.218903,934.7652023790619,125
YL,ILAM,26.9102,87.922699,IC,LSA,29.70317,91.12757,441.4166320568673,358
YL,ILAM,26.9102,87.922699,XA,CHUK,27.082701,89.550301,162.3961808171877,204
XE,ROSL,-19.485266,-64.18029,BL,NAVB,-21.433599,-54.1842,1063.4693021042792,142
XE,ROSL,-19.485266,-64.18029,XE,UYUN,-20.461914,-66.74688,289.36985981860045,238
XE,ROSL,-19.485266,-64.18029,XE,PACH,-19.868052,-69.415749,549.7908774763642,130
XE,ROSL,-19.485266,-64.18029,XE,SALI,-19.62011,-67.724533,371.671942671252,365
XE,ROSL,-19.485266,-64.18029,XE,CRUZ,-19.103399,-66.221199,218.3592213475379,299
CW,CAIB,22.497055,-79.47097,CW,CAMR,23.061737,-81.370857,204.6484999818137,2259
CW,CAIB,22.497055,-79.47097,NU,BILN,14.0488,-83.374641,1025.6500934206283,2223
CW,CAIB,22.497055,-79.47097,CY,CBCY,19.73797,-79.758278,308.2403257402694,2513
CW,CAIB,22.497055,-79.47097,CW,CHIV,19.97648,-76.415131,422.8934858824037,2624
CW,CAIB,22.497055,-79.47097,CU,GRTK,21.511472,-71.13425,866.3131182651676,2565
CW,CAIB,22.497055,-79.47097,LO,LOBA2,18.0814,-71.0936,1001.8876946261314,312
CW,CAIB,22.497055,-79.47097,CW,CCCC,21.193399,-77.417297,256.78228472775845,2273
CW,CAIB,22.497055,-79.47097,N4,257A,31.9746,-81.0261,1064.967340617717,2535
MN,RTC,33.9881,-6.8569,IP,MTOR,28.494801,-9.8487,673.7038819093168,110
MN,RTC,33.9881,-6.8569,XB,PM04,35.402599,-5.1525,221.3947963904613,814
MN,RTC,33.9881,-6.8569,ZI,MB16,29.7026,-9.5269,539.088027991114,594
MN,RTC,33.9881,-6.8569,XB,PM18,34.150002,-4.8195,188.5229891076982,685
MN,RTC,33.9881,-6.8569,ZI,MB19,29.741051,-7.979389,483.9905899464878,339
MN,RTC,33.9881,-6.8569,XB,PM25,32.875702,-4.888,220.63254255264206,793
MN,RTC,33.9881,-6.8569,3D,MM05,30.680401,-6.3895,370.4105500296831,664
MN,RTC,33.9881,-6.8569,XB,PS16,37.2131,-5.0491,394.0725906550545,642
MN,RTC,33.9881,-6.8569,XB,PS37,38.999699,-4.9555,582.5672435224556,552
MN,RTC,33.9881,-6.8569,WM,UCM,40.307499,-3.2441,772.0136734465012,2469
MN,RTC,33.9881,-6.8569,XB,PS57,37.011501,-2.9864,485.4900415666372,605
MN,RTC,33.9881,-6.8569,1L,ST30,37.734164,-6.621247,417.0843773019977,140
MN,RTC,33.9881,-6.8569,GE,CART,37.5868,-1.0012,662.4124421773498,697
MN,RTC,33.9881,-6.8569,GE,MTE,40.3997,-7.5442,715.5255653998391,686
MN,RTC,33.9881,-6.8569,PM,PFVI,37.132832,-8.826829,392.4376702961197,4910
CH,SLE,47.7645,8.49236,CA,CPAL,42.310533,3.16244,736.604281550106,3214
CH,SLE,47.7645,8.49236,MN,VSL,39.496,9.378,922.1575713656304,3542
CH,SLE,47.7645,8.49236,YR,ED15,42.527802,13.55816,704.5653518535523,274
CH,SLE,47.7645,8.49236,CA,CARA,42.707643,0.818132,822.2213556391506,2961
CH,SLE,47.7645,8.49236,MN,DIVS,44.0981,19.9917,977.0511734627668,3023
CH,SLE,47.7645,8.49236,MN,BNI,45.052,6.678,332.12540797968245,3915
CH,SLE,47.7645,8.49236,CH,FUORN,46.620334,10.263551,184.64651088170132,4272
CH,SLE,47.7645,8.49236,G,CLF,48.02579,2.26,465.4341141519558,2943
CH,SLE,47.7645,8.49236,GB,JSA,49.18783,-2.17167,801.15010205316,4815
CH,SLE,47.7645,8.49236,DK,MUD,56.455,9.1733,967.4462795422669,4788
CH,SLE,47.7645,8.49236,CZ,PRIC,49.6693,12.6782,372.9610290917667,984
CH,SLE,47.7645,8.49236,PL,BEL,51.837002,20.792,990.38638115495,4715
CH,SLE,47.7645,8.49236,PL,NIE,49.4189,20.313101,887.6332382593264,4915
CH,SLE,47.7645,8.49236,GB,WACR,52.72433,0.62833,784.5723122411782,3392
CH,SLE,47.7645,8.49236,CZ,TREC,49.2948,15.4871,542.2106203811007,988
CH,SLE,47.7645,8.49236,CZ,BEDC,50.78933,15.16976,589.3642083695561,853
CH,SLE,47.7645,8.49236,UK,STED,50.737,-1.9645,826.8847006588104,1028
CH,SLE,47.7645,8.49236,WF,SPG,52.32553,-3.01928,964.218300021502,580
CH,SLE,47.7645,8.49236,PL,KWP,49.631401,22.7075,1062.0234419124408,4562
YT,SIPL,-81.6405,-148.9553,XH,DR15,-79.492798,-179.919296,603.3329708461645,574
YT,SIPL,-81.6405,-148.9553,XH,DR02,-77.824303,-178.424896,708.927810454417,601
YT,SIPL,-81.6405,-148.9553,XH,RS06,-79.283501,-171.620193,488.13565124055407,578
YT,SIPL,-81.6405,-148.9553,YT,SURP,-84.7199,-171.2017,445.1335397849897,2991
YT,SIPL,-81.6405,-148.9553,XH,RS15,-80.496597,-169.978806,382.01409145525827,577
YT,SIPL,-81.6405,-148.9553,XH,RS17,-81.401604,-162.973801,230.7879338614771,595
YT,SIPL,-81.6405,-148.9553,XH,RS10,-79.278801,-155.467697,288.3319037698485,649
YT,SIPL,-81.6405,-148.9553,YT,MPAT,-78.0297,-155.0221,418.2388025329391,3096
YT,SIPL,-81.6405,-148.9553,YT,HOWE,-87.4158,-149.4267,642.1989931318221,1550
YT,SIPL,-81.6405,-148.9553,XH,RS12,-79.017899,-147.632095,292.6468379051228,628
YT,SIPL,-81.6405,-148.9553,YT,CLRK,-77.3231,-141.8485,500.38866789370854,1881
YT,SIPL,-81.6405,-148.9553,YT,ST01,-83.228,-98.7418,729.9665440732255,344
YT,SIPL,-81.6405,-148.9553,YT,MA07,-78.2496,-93.4991,1088.8695873127692,554
YT,SIPL,-81.6405,-148.9553,YT,SILY,-77.1332,-125.966,678.4034919274218,2469
YT,SIPL,-81.6405,-148.9553,YT,WAIS,-79.4181,-111.7779,708.557996116497,2726
YT,SIPL,-81.6405,-148.9553,YT,KOLR,-76.1544,-120.727,841.8897113037244,2414
YT,SIPL,-81.6405,-148.9553,YT,ST10,-75.8143,-129.7489,762.2472678405743,643
YT,SIPL,-81.6405,-148.9553,YT,MA09,-79.8993,-104.9977,786.2114018896757,567
YT,SIPL,-81.6405,-148.9553,YT,ST04,-80.7152,-116.5792,553.8793709858644,562
YT,SIPL,-81.6405,-148.9553,YT,BENN,-84.5731,-117.3923,521.141193186537,2018
YT,SIPL,-81.6405,-148.9553,YT,ST07,-78.6388,-123.7953,576.3577333946072,653
YT,SIPL,-81.6405,-148.9553,YT,MA06,-79.4397,-97.5587,935.3574586287609,552
YT,SIPL,-81.6405,-148.9553,YT,ST02,-82.069,-109.1247,616.8204851278236,589
YT,SIPL,-81.6405,-148.9553,YT,STEW,-84.1863,-86.2349,853.6799647601847,1158
YT,SIPL,-81.6405,-148.9553,YT,UPTW,-77.5781,-109.0374,892.6845968832607,2059
YT,SIPL,-81.6405,-148.9553,YT,PECA,-85.6124,-68.5525,974.2700509557218,2577
YT,SIPL,-81.6405,-148.9553,YT,SWEI,-86.9858,129.3615,940.9894692562684,1463
YT,SIPL,-81.6405,-148.9553,YT,AGO1,-83.8615,129.6152,1066.580972372679,1542
YT,SIPL,-81.6405,-148.9553,YT,MILR,-83.3063,156.2517,785.9047971619029,2609
YT,SIPL,-81.6405,-148.9553,XH,DR16,-80.869499,178.430405,550.3154149189547,587
YT,SIPL,-81.6405,-148.9553,YT,DEVL,-81.4755,161.973,777.4650570976214,2633
YT,SIPL,-81.6405,-148.9553,XH,RS02,-78.492897,173.345795,784.0670321670551,583
YO,X10,33.047501,-76.059898,N4,X48A,34.4517,-87.0452,1027.0517891853453,358
YO,X10,33.047501,-76.059898,N4,V51A,35.803299,-84.351097,819.5303891702151,358
YO,X10,33.047501,-76.059898,XO,SOKY,37.5256,-85.961899,1026.6527933494817,358
YO,X10,33.047501,-76.059898,N4,P48A,39.4605,-85.4258,1100.6037456279987,337
YO,X10,33.047501,-76.059898,N4,P51A,39.4818,-83.060097,951.0649092513736,124
YO,X10,33.047501,-76.059898,N4,R53A,38.3307,-81.952202,792.274463992174,116
YO,X10,33.047501,-76.059898,N4,257A,31.9746,-81.0261,480.66158205656535,358
YO,X10,33.047501,-76.059898,7A,BDEG,37.331501,-77.208298,487.6441556829938,142
YO,X10,33.047501,-76.059898,YO,X01,36.225201,-74.5793,378.4038622392244,354
YO,X10,33.047501,-76.059898,YO,D03,34.3559,-74.488701,205.64510983882025,358
YO,X10,33.047501,-76.059898,YO,X09,32.516899,-74.3536,170.07315504148985,358
YO,X10,33.047501,-76.059898,YO,X03,35.893299,-72.719002,440.3137722373419,357
YS,PL50,22.319901,-152.742706,YS,PL38,19.9863,-162.025604,996.7945874087164,390
YS,PL50,22.319901,-152.742706,YS,PL37,19.8234,-160.047501,807.035474646228,390
YS,PL50,22.319901,-152.742706,YS,PL46,24.312099,-156.9646,484.6557520074941,388
YS,PL50,22.319901,-152.742706,YS,PL43,26.776699,-155.765305,582.2174242187625,386
YS,PL50,22.319901,-152.742706,YS,PL41,24.573799,-158.933105,679.3147115535847,384
YS,PL50,22.319901,-152.742706,YS,PL69,16.3484,-157.700806,843.3131524341859,379
YS,PL50,22.319901,-152.742706,YS,PL40,23.9972,-161.095001,873.8672761069392,384
YS,PL50,22.319901,-152.742706,YS,NGOK,22.122999,-159.664993,712.8298573709532,390
YS,PL50,22.319901,-152.742706,YS,PL67,16.162001,-156.206604,775.1891043967928,377
YS,PL50,22.319901,-152.742706,YS,PL70,15.574,-158.982498,996.2937577217692,376
YS,PL50,22.319901,-152.742706,YS,PL39,21.956301,-161.314896,883.7208158650801,383
YS,PL50,22.319901,-152.742706,YS,MRKH,21.108999,-157.270004,486.6586359393652,136
YS,PL50,22.319901,-152.742706,YS,PL45,24.2006,-154.811996,297.34324545137844,322
YS,PL50,22.319901,-152.742706,YS,PL57,18.9142,-150.914993,423.7668776878627,385
YS,PL50,22.319901,-152.742706,YS,PL61,16.737801,-151.637604,631.4024154874373,382
YS,PL50,22.319901,-152.742706,YS,PL62,14.6891,-151.6866,855.7698589628035,382
NR,NE81,28.918341,-109.636261,NR,NE74,28.007509,-114.013802,439.7149070585764,1642
NR,NE81,28.918341,-109.636261,ZL,N06,27.174299,-111.153603,244.4963327837688,356
NR,NE81,28.918341,-109.636261,NR,NE78,24.398199,-111.10643,523.4016643206584,377
NR,NE81,28.918341,-109.636261,ZL,I02,25.684299,-110.099602,362.51073612679266,355
NR,NE81,28.918341,-109.636261,NR,NE82,26.915661,-109.230843,226.22221896560703,1655
NR,NE81,28.918341,-109.636261,ZL,S05,23.347799,-108.094299,638.2315912588429,356
NR,NE81,28.918341,-109.636261,NR,NE83,24.730881,-107.739326,502.20452788502524,1322
NR,NE81,28.918341,-109.636261,NR,NE80,30.5,-112.319931,313.2041681649464,1590
NR,NE81,28.918341,-109.636261,XK,UT65,38.584999,-112.425003,1105.205691771488,551
NR,NE81,28.918341,-109.636261,US,MVCO,37.19956,-108.49251,926.9551284874385,860
NR,NE81,28.918341,-109.636261,CI,PDM,34.30336,-114.14152,735.0174875386514,170
NR,NE81,28.918341,-109.636261,IM,TX02,29.329901,-103.657997,582.4428035057363,1854
NR,NE81,28.918341,-109.636261,US,AMTX,34.8837,-101.6808,1001.3165987116519,1040
4A,MN50,47.99548,-90.242653,US,DGMT,48.4702,-104.1959,1033.3947316533502,375
4A,MN50,47.99548,-90.242653,N4,R40B,38.2909,-92.2684,1091.437724560299,602
4A,MN50,47.99548,-90.242653,N4,N41A,40.7077,-90.8552,811.8199505315577,602
4A,MN50,47.99548,-90.242653,GS,DEC08,39.861045,-88.924888,910.6056189839014,531
4A,MN50,47.99548,-90.242653,N4,P48A,39.4605,-85.4258,1024.4104084344726,599
4A,MN50,47.99548,-90.242653,N4,L34B,41.9666,-96.3762,825.3313042277102,602
4A,MN50,47.99548,-90.242653,N4,K43A,42.7044,-88.332,606.9379646416268,602
4A,MN50,47.99548,-90.242653,US,ECSD,43.7337,-96.6141,683.6416797811119,602
4A,MN50,47.99548,-90.242653,US,GLMI,44.8245,-84.6175,556.8090002675269,602
4A,MN50,47.99548,-90.242653,OH,CROH,41.293858,-82.152496,981.2128106003859,206
4A,MN50,47.99548,-90.242653,WU,TOBO,45.225804,-81.523445,733.2164466140551,582
4A,MN50,47.99548,-90.242653,PE,PBL2,41.9981,-79.528809,1072.757775397401,590
ZA,B02,11.0639,-145.714005,ZA,B26,7.5382,-144.945801,400.9979868551984,390
ZA,B02,11.0639,-145.714005,ZA,B06,9.7074,-147.748093,268.7823305112803,392
XJ,ZUP,54.081619,159.987518,XJ,ESS,55.932159,158.694794,221.65896974645565,238
XJ,ZUP,54.081619,159.987518,XJ,APA,52.925709,157.132874,228.36555135723268,282
XJ,ZUP,54.081619,159.987518,XJ,SBL,54.30431,155.961823,263.0252005753315,141
XJ,ZUP,54.081619,159.987518,XJ,PAN,59.094879,159.968002,557.4511222466957,227
XJ,ZUP,54.081619,159.987518,XJ,OSO,59.261375,163.084213,606.0757429903848,137
XJ,ZUP,54.081619,159.987518,XJ,KGB,56.25845,162.711456,297.46655422094665,236
8A,HAO,-17.8869,15.0599,8A,GAMM,-20.2505,20.8253,660.3735723875932,852
8A,HAO,-17.8869,15.0599,8A,OMUT,-18.4093,16.6364,176.4151286874357,829
8A,HAO,-17.8869,15.0599,8A,WAND,-24.649982,19.743595,894.8008452419344,107
8A,HAO,-17.8869,15.0599,AF,WIN,-22.5667,17.1,562.1911514629373,296
8A,HAO,-17.8869,15.0599,8A,SOLI,-23.861238,16.039537,672.0587533531151,112
8A,HAO,-17.8869,15.0599,8A,KANO,-19.194901,19.4398,484.0863478734377,696
8A,HAO,-17.8869,15.0599,8A,OTJO,-20.018,15.9799,255.9561357079244,853
8A,HAO,-17.8869,15.0599,8A,WEWE,-21.209,16.809099,412.3587747863629,752
8A,HAO,-17.8869,15.0599,NR,NE215,-18.78417,25.196014,1074.3542769713147,205
8A,HAO,-17.8869,15.0599,8A,OKAM,-20.407301,18.2187,434.2990143371249,591
HV,ANDI,-14.247084,-170.564072,3J,OBS23,-15.39963,-171.86155,189.40913622153758,619
HV,ANDI,-14.247084,-170.564072,G,FUTU,-14.307673,-178.12107,814.338635763919,1207
HV,ANDI,-14.247084,-170.564072,3J,OBS01,-13.155,-171.40391,151.58387813403476,620
HV,ANDI,-14.247084,-170.564072,3J,OBS13,-16.1503,-174.71751,493.3516289926063,619
HV,ANDI,-14.247084,-170.564072,3J,OBS17,-14.43021,-173.2349,288.44948287308716,619
HV,ANDI,-14.247084,-170.564072,3J,OBS11,-14.79489,-175.24356,507.3730323238197,618
HV,ANDI,-14.247084,-170.564072,3J,OBS10,-16.02551,-176.12563,628.8220811624253,467
HV,ANDI,-14.247084,-170.564072,3J,OBS28,-13.46713,-168.51582,237.52372787418489,619
HV,ANDI,-14.247084,-170.564072,3J,OBS26,-15.36052,-169.11661,198.85033132613015,449
HV,ANDI,-14.247084,-170.564072,MH,P0010,-14.043483,-165.862533,507.433111617488,360
HV,ANDI,-14.247084,-170.564072,MH,P0009,-12.099433,-168.399733,334.56314712078364,131
MP,SLY1,35.5784,45.3667,MP,DHK1,36.8606,42.8665,265.75152823127934,316
MP,SLY1,35.5784,45.3667,1F,ANIM,31.26756,34.99689,1074.3270079482068,113
MP,SLY1,35.5784,45.3667,AB,HASN,39.336076,49.217978,538.5319421088218,237
MP,SLY1,35.5784,45.3667,AB,PRLH,40.401754,50.332841,690.4321304248734,167
MP,SLY1,35.5784,45.3667,XA,EP15,40.33766,47.79234,570.2708940219259,132
S1,AUHPC,-38.1068,142.3183,S1,AUCAS,-34.2637,135.7219,729.8003132669365,2614
S1,AUHPC,-38.1068,142.3183,S1,AUROX,-30.5601,136.8971,975.218317664942,698
S1,AUHPC,-38.1068,142.3183,OZ,MRAT,-34.62973,137.6256,570.8328939877109,349
S1,AUHPC,-38.1068,142.3183,OZ,HKER,-31.7642,138.55251,784.1749373253862,349
S1,AUHPC,-38.1068,142.3183,S1,AUJCS,-33.2047,138.6098,639.6885810899196,2198
S1,AUHPC,-38.1068,142.3183,OZ,ROBE,-37.1472,139.87424,240.22546139083497,342
S1,AUHPC,-38.1068,142.3183,OZ,MILD,-34.25915,142.05571,428.48772072809805,349
S1,AUHPC,-38.1068,142.3183,OZ,BOGA,-35.547,143.57532,305.8271321126463,375
S1,AUHPC,-38.1068,142.3183,OZ,GRASY,-40.08652,144.01093,264.1750668779754,416
S1,AUHPC,-38.1068,142.3183,OZ,ROWM,-37.80614,144.29176,176.2194904151421,416
S1,AUHPC,-38.1068,142.3183,OZ,MARG,-41.99952,145.55162,512.8318680200945,416
S1,AUHPC,-38.1068,142.3183,OZ,CURRY,-41.09589,146.95012,517.4983454466909,416
S1,AUHPC,-38.1068,142.3183,OZ,DTMM,-36.52813,147.46539,487.7556267663867,416
S1,AUHPC,-38.1068,142.3183,S1,AUUHS,-35.3589,150.4696,787.6800253481697,3060
S1,AUHPC,-38.1068,142.3183,YW,MSWL3,-32.3933,150.92683,1006.5008925897076,292
S1,AUHPC,-38.1068,142.3183,M8,MOGAR,-36.6965,149.9761,694.1496063563102,432
S1,AUHPC,-38.1068,142.3183,S1,AUDCS,-32.2334,148.6278,868.6852437905468,2995
S1,AUHPC,-38.1068,142.3183,S1,AUPHS,-31.099,150.8943,1105.0201289039967,3159
IU,PMSA,-64.7744,-64.0489,XB,ELEF,-61.21981,-55.13903,597.8568238209175,459
IU,PMSA,-64.7744,-64.0489,XB,LOWI,-63.247002,-62.180801,192.67491367641253,352
N4,257A,31.9746,-81.0261,CW,CAMR,23.061737,-81.370857,991.6473581722819,2323
N4,257A,31.9746,-81.0261,N4,X48A,34.4517,-87.0452,623.8766243760954,4203
N4,257A,31.9746,-81.0261,N4,V51A,35.803299,-84.351097,524.7418610339895,1455
N4,257A,31.9746,-81.0261,KY,LLKY,36.92159,-88.096558,849.7773676020571,3998
N4,257A,31.9746,-81.0261,XO,SOKY,37.5256,-85.961899,764.1436366758725,627
N4,257A,31.9746,-81.0261,6E,SB04,38.573502,-87.751999,953.9592119828267,201
N4,257A,31.9746,-81.0261,ZT,WEST,40.416389,-86.7725,1070.3720787553452,187
N4,257A,31.9746,-81.0261,N4,P48A,39.4605,-85.4258,921.9833972010383,4084
N4,257A,31.9746,-81.0261,N4,P51A,39.4818,-83.060097,854.6441213107305,1392
N4,257A,31.9746,-81.0261,N4,R53A,38.3307,-81.952202,711.7518116347344,1183
N4,257A,31.9746,-81.0261,OH,CROH,41.293858,-82.152496,1041.0899062620458,762
N4,257A,31.9746,-81.0261,Z9,E31,32.986599,-82.107002,151.46642908182147,110
N4,257A,31.9746,-81.0261,7A,BDEG,37.331501,-77.208298,690.3132772087242,674
N4,257A,31.9746,-81.0261,PE,PAKC,41.37471,-77.932533,1080.830307634341,3340
N4,257A,31.9746,-81.0261,N4,Y60A,34.0046,-78.2163,345.84421712849377,3817
N4,257A,31.9746,-81.0261,PE,PSSK,40.642586,-76.164978,1057.2254107549973,3355
N4,257A,31.9746,-81.0261,PE,PN1,40.52588,-79.716735,958.0470275412417,1831
N4,257A,31.9746,-81.0261,ZN,DC34,38.8634,-76.985199,848.7723796611433,145
N4,257A,31.9746,-81.0261,N4,R61A,38.3303,-75.339,875.2362658098176,3829
N4,257A,31.9746,-81.0261,YO,X01,36.225201,-74.5793,758.4533803871096,362
N4,257A,31.9746,-81.0261,YO,D03,34.3559,-74.488701,663.4399910913438,364
N4,257A,31.9746,-81.0261,YO,X09,32.516899,-74.3536,630.3013753598191,359
N4,257A,31.9746,-81.0261,YO,X03,35.893299,-72.719002,881.1086980997761,360
7B,SA03,-20.337999,142.667801,7B,SA08,-25.708401,150.892593,1031.5473056772457,138
7B,SA03,-20.337999,142.667801,7B,SA06,-22.892,148.308594,648.5079169059422,111
YO,X01,36.225201,-74.5793,N4,V51A,35.803299,-84.351097,879.7770166026378,362
YO,X01,36.225201,-74.5793,XO,SOKY,37.5256,-85.961899,1022.0987842374989,362
YO,X01,36.225201,-74.5793,N4,P48A,39.4605,-85.4258,1017.2771841761071,333
YO,X01,36.225201,-74.5793,N4,P51A,39.4818,-83.060097,827.4952859687113,120
YO,X01,36.225201,-74.5793,N4,R53A,38.3307,-81.952202,692.8342489776538,112
YO,X01,36.225201,-74.5793,7A,BDEG,37.331501,-77.208298,264.47819949530145,138
YO,X01,36.225201,-74.5793,YO,D03,34.3559,-74.488701,208.01962396416815,358
YO,X01,36.225201,-74.5793,YO,X09,32.516899,-74.3536,412.8644951989664,355
YO,X01,36.225201,-74.5793,LD,FRNY,44.835,-73.5883,961.0019334007357,360
YO,X01,36.225201,-74.5793,YO,X03,35.893299,-72.719002,171.2451961300666,353
2A,44,-16.002001,-115.2491,2A,30,-14.3692,-116.1567,206.03193373158396,340
2A,44,-16.002001,-115.2491,2A,32,-12.9996,-115.8554,340.17098035211916,332
2A,44,-16.002001,-115.2491,2A,34,-11.7336,-117.275101,522.5693537059727,333
2A,44,-16.002001,-115.2491,2A,48,-13.1701,-117.201202,378.5174886576544,290
BC,SPX,31.0451,-115.466,TO,CC08,35.992199,-120.961197,749.4556609607777,284
BC,SPX,31.0451,-115.466,NN,RUB,39.051701,-120.1549,986.9384029314168,300
BC,SPX,31.0451,-115.466,BC,PIX,31.5629,-113.4599,199.09774416064187,214
BC,SPX,31.0451,-115.466,US,MVCO,37.19956,-108.49251,937.7054363533391,300
BC,SPX,31.0451,-115.466,BC,TJX,32.51017,-117.0543,221.5338165961354,297
TM,LOEI,17.5093,101.6244,TM,PRAC,12.472649,99.792871,593.5717895199742,4004
TM,LOEI,17.5093,101.6244,TM,PHRA,18.4989,100.229,184.07290160755124,2315
TM,LOEI,17.5093,101.6244,TM,NONG,18.063498,103.1458,172.46985325825437,3082
TM,LOEI,17.5093,101.6244,TM,PANO,17.147614,104.6122,319.68578492756444,1852
TM,LOEI,17.5093,101.6244,TM,SRDT,14.3948,99.1213,437.64158833136395,3756
TM,LOEI,17.5093,101.6244,TM,CHBT,12.7441,102.3526,535.5973750554914,2147
TM,LOEI,17.5093,101.6244,XR,MS02,23.605983,93.696263,1067.6442138185469,415
TM,LOEI,17.5093,101.6244,MM,TGI,20.768545,97.034073,603.1327923603407,2455
TM,LOEI,17.5093,101.6244,MM,NGU,21.205721,94.916618,814.7679377839559,2455
TM,LOEI,17.5093,101.6244,TM,CRAI,20.2289,100.3734,329.805004344035,3894
TM,LOEI,17.5093,101.6244,MM,MDY,22.016199,96.112297,763.9360020827477,688
TM,LOEI,17.5093,101.6244,MM,KTN,21.2857,99.589798,471.00425138435014,2568
TM,LOEI,17.5093,101.6244,XR,MS05,22.585486,94.508708,933.0000044649814,317
TM,LOEI,17.5093,101.6244,RM,SLV,21.325247,103.906708,487.1343546046941,3236
TO,CC08,35.992199,-120.961197,7D,G36D,42.4618,-126.8965,882.0242131230375,400
TO,CC08,35.992199,-120.961197,PB,B934,39.844501,-123.691399,490.6956712350062,652
TO,CC08,35.992199,-120.961197,NN,RUB,39.051701,-120.1549,347.5487345925669,651
TO,CC08,35.992199,-120.961197,BC,PIX,31.5629,-113.4599,849.9884417976098,198
TO,CC08,35.992199,-120.961197,BC,TJX,32.51017,-117.0543,527.9636408126212,375
TO,CC08,35.992199,-120.961197,X2,CRAT,35.318199,-111.317902,874.131489332031,253
XL,HMP,40.110897,128.286041,IU,INCN,37.4776,126.6239,326.3076779844557,133
XR,ST40,33.81459,88.306976,IC,LSA,29.70317,91.12757,529.197895946432,322
XR,ST40,33.81459,88.306976,XR,W1,32.092289,88.306221,191.51141083539443,303
YD,GROM,41.072701,15.0594,MN,WDD,35.8373,14.5242,584.0094926495385,257
YD,GROM,41.072701,15.0594,YD,MMNN,39.8909,15.9904,153.1927796636218,171
YD,GROM,41.072701,15.0594,GE,MAHO,39.895901,4.2665,921.5068731704679,213
YD,GROM,41.072701,15.0594,MN,CLTB,37.578,13.216,419.66950683355424,106
YD,GROM,41.072701,15.0594,MN,VTS,42.618,23.235,698.365399165746,230
YD,GROM,41.072701,15.0594,YI,BARR,44.282799,12.0797,432.0690080684412,185
YD,GROM,41.072701,15.0594,YI,BOB,44.767921,9.44782,614.2384071763202,257
YD,GROM,41.072701,15.0594,MN,BNI,45.052,6.678,811.3952582572293,253
YD,GROM,41.072701,15.0594,CH,FUORN,46.620334,10.263551,726.6123695968902,228
YD,GROM,41.072701,15.0594,GE,PSZ,47.918201,19.8934,851.8718493952583,261
YD,GROM,41.072701,15.0594,GE,SKD,35.411999,23.927999,997.1044585832454,268
YD,GROM,41.072701,15.0594,GE,APE,37.068901,25.5306,1006.7050182639086,268
VE,IMOV,12.3585,-70.902298,VE,ELOV,7.0011,-69.4832,615.6742754509403,646
VE,IMOV,12.3585,-70.902298,VE,JACV,11.0873,-68.82987,266.2511666398842,583
VE,IMOV,12.3585,-70.902298,VE,BAUV,8.9433,-68.041496,491.8489276143669,664
VE,IMOV,12.3585,-70.902298,XT,PNCH,11.2493,-66.5009,494.67365412130414,291
VE,IMOV,12.3585,-70.902298,XT,MHTO,13.9497,-66.490997,509.339731349811,295
VE,IMOV,12.3585,-70.902298,VE,CAIV,7.3262,-66.321602,751.5266528933213,706
VE,IMOV,12.3585,-70.902298,XT,SOMB,12.7209,-64.931297,649.3445446663721,287
VE,IMOV,12.3585,-70.902298,XT,ABPC,9.4608,-64.820702,737.9869697709382,223
VE,IMOV,12.3585,-70.902298,XT,MIPC,10.9455,-64.294403,736.540148752022,187
VE,IMOV,12.3585,-70.902298,XT,CMPC,7.6508,-64.073097,912.6357560041264,390
VE,IMOV,12.3585,-70.902298,VE,RIOV,8.069,-61.814499,1102.709877138106,345
ZP,JNJA,0.446,33.181999,ZP,KIBO,-3.583,30.712999,525.350779909783,453
ZP,JNJA,0.446,33.181999,ZP,BKBA,-1.364,31.812,252.40844038360135,453
ZP,JNJA,0.446,33.181999,ZP,GEIT,-2.881,32.216999,385.1825773003053,261
X4,GS09,32.869499,106.458702,X4,D26,32.459202,96.394203,942.876240607251,272
X4,GS09,32.869499,106.458702,X4,GS18,32.865501,104.784698,156.34400893261954,361
X4,GS09,32.869499,106.458702,X4,GS01,34.271999,104.242104,257.85363417182,354
X4,GS09,32.869499,106.458702,Z8,373,35.941299,103.562599,432.68735037194784,290
X4,GS09,32.869499,106.458702,Z8,365,35.987999,105.131699,367.48848501572604,288
X4,GS09,32.869499,106.458702,X4,GS12,34.853199,105.749802,230.08264609868348,346
X4,GS09,32.869499,106.458702,IC,XAN,34.03107,108.92321,262.5964343822735,347
X4,GS09,32.869499,106.458702,Z8,320,36.0107,112.366096,644.3734699931475,277
X4,GS09,32.869499,106.458702,Z8,310,35.938099,114.070801,776.9385901525582,208
RM,SLV,21.325247,103.906708,TM,PRAC,12.472649,99.792871,1077.056150654027,3353
RM,SLV,21.325247,103.906708,TM,PHRA,18.4989,100.229,496.54608415081793,1990
RM,SLV,21.325247,103.906708,TM,NONG,18.063498,103.1458,371.3322933326614,2692
RM,SLV,21.325247,103.906708,TM,PANO,17.147614,104.6122,470.3964683775493,1342
RM,SLV,21.325247,103.906708,TM,SRDT,14.3948,99.1213,921.9333007908592,3374
RM,SLV,21.325247,103.906708,TM,CHBT,12.7441,102.3526,968.3473458577713,1932
RM,SLV,21.325247,103.906708,XR,MS02,23.605983,93.696263,1079.1042239248666,367
RM,SLV,21.325247,103.906708,MM,TGI,20.768545,97.034073,715.843018688543,1927
RM,SLV,21.325247,103.906708,MM,NGU,21.205721,94.916618,931.5558371214612,1926
RM,SLV,21.325247,103.906708,TM,CRAI,20.2289,100.3734,387.0222575293105,3556
RM,SLV,21.325247,103.906708,MM,MDY,22.016199,96.112297,809.0074798024364,628
RM,SLV,21.325247,103.906708,MM,KTN,21.2857,99.589798,447.22061090450995,2161
RM,SLV,21.325247,103.906708,XR,MS05,22.585486,94.508708,979.1208114948524,304
RM,SLV,21.325247,103.906708,HK,HKPS,22.277599,114.141502,1061.7428022460733,4169
YT,WILS,-80.0396,-80.5587,YT,ST01,-83.228,-98.7418,456.5440371360689,325
YT,WILS,-80.0396,-80.5587,YT,SILY,-77.1332,-125.966,1018.9350711767497,353
YT,WILS,-80.0396,-80.5587,YT,WAIS,-79.4181,-111.7779,615.2007605394915,479
YT,WILS,-80.0396,-80.5587,YT,HOWD,-77.5286,-86.7694,309.45459010675495,747
YT,WILS,-80.0396,-80.5587,YT,KOLR,-76.1544,-120.727,990.4709078641527,341
YT,WILS,-80.0396,-80.5587,YT,ST04,-80.7152,-116.5792,662.7082111847868,330
YT,WILS,-80.0396,-80.5587,YT,ST07,-78.6388,-123.7953,881.134673188738,343
YT,WILS,-80.0396,-80.5587,YT,ST02,-82.069,-109.1247,535.6645242907126,339
YT,WILS,-80.0396,-80.5587,YT,PECA,-85.6124,-68.5525,638.3767785982675,565
YT,WILS,-80.0396,-80.5587,YT,MECK,-75.2808,-72.185,563.9910003103014,168
YT,WILS,-80.0396,-80.5587,YT,DUFK,-82.8619,-53.2006,542.0308183370647,741
MP,ANB2,33.0375,40.32,KO,ELL,36.7483,29.9085,1034.5854631791915,380
MP,ANB2,33.0375,40.32,IM,CY101,34.20406,31.62915,814.8460061389324,359
MP,ANB2,33.0375,40.32,MP,DHK1,36.8606,42.8665,484.2869709822222,370
MP,ANB2,33.0375,40.32,YB,SM05,38.70424,37.21084,689.4620963186064,117
MP,ANB2,33.0375,40.32,MP,SAM2,30.5295,44.5586,488.06352065176134,173
MP,ANB2,33.0375,40.32,MP,KUT1,32.5091,45.7974,515.4078395817083,171
MP,ANB2,33.0375,40.32,AB,HASN,39.336076,49.217978,1061.169089277166,380
1E,CNF,79.65667,-80.778328,1E,TQF,81.41333,-76.845001,208.04170772005696,449
1E,CNF,79.65667,-80.778328,DK,KULLO,74.580498,-57.2201,801.3946283163034,558
ZB,B01,14.5593,-92.216599,MG,JRQG,20.69875,-100.451583,1107.5009867904107,150
ZB,B01,14.5593,-92.216599,NU,ESPN,12.195,-84.300308,895.7123041348309,140
N4,L34B,41.9666,-96.3762,US,DGMT,48.4702,-104.1959,946.6740889320241,3704
N4,L34B,41.9666,-96.3762,US,AMTX,34.8837,-101.6808,912.6755731439624,4326
N4,L34B,41.9666,-96.3762,N4,237B,32.001499,-95.808403,1109.2095153493565,1809
N4,L34B,41.9666,-96.3762,N4,Z38B,33.2599,-94.9852,975.8230435462788,4454
N4,L34B,41.9666,-96.3762,ZZ,FWU17,36.2869,-101.0,746.6710018032959,387
N4,L34B,41.9666,-96.3762,TX,DKNS,33.66653,-100.92365,1005.2576744760022,3185
N4,L34B,41.9666,-96.3762,O2,SC12,34.921667,-99.3547,825.0401496456121,2640
N4,L34B,41.9666,-96.3762,ZW,AZCF,33.184074,-97.446251,981.0914353661991,223
N4,L34B,41.9666,-96.3762,N4,ABTX,32.6238,-99.6431,1078.0787865701102,2790
N4,L34B,41.9666,-96.3762,XR,FG01,36.6308,-98.7392,627.115997426142,130
N4,L34B,41.9666,-96.3762,KY,LLKY,36.92159,-88.096558,904.8942592409682,4285
N4,L34B,41.9666,-96.3762,OK,HEWI,37.048825,-96.408082,546.8392134745525,459
N4,L34B,41.9666,-96.3762,XO,SOKY,37.5256,-85.961899,1017.1157826454634,573
N4,L34B,41.9666,-96.3762,N4,R40B,38.2909,-92.2684,537.466252808456,4078
N4,L34B,41.9666,-96.3762,6E,SB04,38.573502,-87.751999,822.6904459651117,201
N4,L34B,41.9666,-96.3762,NM,SCMO,38.761799,-90.641296,602.327548674001,886
N4,L34B,41.9666,-96.3762,N4,N41A,40.7077,-90.8552,481.62730956722424,4454
N4,L34B,41.9666,-96.3762,ZT,WEST,40.416389,-86.7725,821.3976816679548,327
N4,L34B,41.9666,-96.3762,GS,KS24,39.78655,-98.20952,287.24894853449865,129
N4,L34B,41.9666,-96.3762,GS,DEC08,39.861045,-88.924888,668.1877227572959,4227
N4,L34B,41.9666,-96.3762,N4,P48A,39.4605,-85.4258,963.291260987631,4364
N4,L34B,41.9666,-96.3762,N4,K43A,42.7044,-88.332,666.0183661027236,4454
N4,L34B,41.9666,-96.3762,US,ECSD,43.7337,-96.6141,197.44732190172243,4454
N4,L34B,41.9666,-96.3762,US,GLMI,44.8245,-84.6175,1000.7192931879572,3940
PO,NANL,56.5371,-61.6884,C8,FORQ,48.7542,-69.1135,998.6510338701203,153
PO,NANL,56.5371,-61.6884,DK,NRS,61.159566,-45.418535,1063.6602211669715,254
DK,SOEG,68.203499,-31.3755,DK,NRS,61.159566,-45.418535,1024.4593754884693,3752
DK,SOEG,68.203499,-31.3755,XF,NE1,74.87175,-38.55117,782.015435065105,728
DK,SOEG,68.203499,-31.3755,9D,KNS,64.290802,-49.683102,923.3457872168837,295
DK,SOEG,68.203499,-31.3755,DK,DY2G,66.479599,-46.309399,665.9197341734018,2810
DK,SOEG,68.203499,-31.3755,XF,NE2,73.990723,-46.23497,832.3165587199013,725
DK,SOEG,68.203499,-31.3755,XF,NE5,74.117332,-31.150419,657.6376170329329,728
DK,SOEG,68.203499,-31.3755,XF,NE3,76.394577,-43.458302,993.600960491855,725
DK,SOEG,68.203499,-31.3755,GG,SE1,63.24852,-42.03487,733.5515270870771,1202
DK,SOEG,68.203499,-31.3755,YM,KASE,71.4776,-51.349701,842.3465167253014,775
DK,SOEG,68.203499,-31.3755,Z7,FAG,63.874779,-16.653641,817.4508320446046,297
DK,SOEG,68.203499,-31.3755,GE,DAG,76.771301,-18.655001,1038.0878285024417,3625
ZV,GUNA,35.5835,101.088799,X4,D26,32.459202,96.394203,554.7478282860166,243
ZV,GUNA,35.5835,101.088799,ZV,MAQU,34.0023,102.046799,196.379282139749,276
ZV,GUNA,35.5835,101.088799,X4,H01,36.209301,96.385002,429.3331191366732,340
ZV,GUNA,35.5835,101.088799,X4,H05,35.6605,98.407898,242.46480193174125,342
ZV,GUNA,35.5835,101.088799,X4,D08,34.924198,94.780502,577.3761358580188,367
ZV,GUNA,35.5835,101.088799,X4,H13,36.972698,97.653999,344.4415805939888,283
ZV,GUNA,35.5835,101.088799,X4,A01,36.432701,94.873199,566.9013812697779,324
ZV,GUNA,35.5835,101.088799,X4,H22,39.755901,93.488998,813.5644417400049,287
ZV,GUNA,35.5835,101.088799,XO,JSO2,35.168579,92.985191,735.9527296418546,102
ZV,GUNA,35.5835,101.088799,X4,H19,38.2561,92.136803,849.0351748395565,290
ZV,GUNA,35.5835,101.088799,IC,XAN,34.03107,108.92321,735.5856369026775,464
ZV,GUNA,35.5835,101.088799,8B,430,32.674801,110.334099,909.8949895745977,434
ZV,GUNA,35.5835,101.088799,8B,402,37.397598,111.457901,948.1111303574037,295
O2,SC12,34.921667,-99.3547,US,MVCO,37.19956,-108.49251,859.1371024214376,2618
O2,SC12,34.921667,-99.3547,JW,BRR,32.772406,-107.564169,794.6327673478468,882
O2,SC12,34.921667,-99.3547,7P,PC53,31.4616,-103.6937,557.5928311046239,276
O2,SC12,34.921667,-99.3547,IM,TX02,29.329901,-103.657997,741.9688504617645,2605
O2,SC12,34.921667,-99.3547,US,AMTX,34.8837,-101.6808,212.1632979532929,2577
O2,SC12,34.921667,-99.3547,Z7,LA01,31.9874,-93.8349,607.0376147253613,905
O2,SC12,34.921667,-99.3547,N4,Z38B,33.2599,-94.9852,442.7126773770748,2640
O2,SC12,34.921667,-99.3547,ZZ,FWU17,36.2869,-101.0,212.52831717075017,386
O2,SC12,34.921667,-99.3547,TX,DKNS,33.66653,-100.92365,200.62328435218842,2461
O2,SC12,34.921667,-99.3547,TX,BRDY,31.285872,-98.999447,405.63344933885276,2641
O2,SC12,34.921667,-99.3547,N4,ABTX,32.6238,-99.6431,256.8978473863293,2582
O2,SC12,34.921667,-99.3547,KY,LLKY,36.92159,-88.096558,1037.1986075425307,2492
O2,SC12,34.921667,-99.3547,OK,HEWI,37.048825,-96.408082,355.2611706746773,460
O2,SC12,34.921667,-99.3547,N4,R40B,38.2909,-92.2684,734.8286602566479,2265
O2,SC12,34.921667,-99.3547,N4,N41A,40.7077,-90.8552,984.720915369227,2640
O2,SC12,34.921667,-99.3547,GS,DEC08,39.861045,-88.924888,1071.6183400387474,2438
O2,SC12,34.921667,-99.3547,US,ECSD,43.7337,-96.6141,1007.6447723677342,2640
XO,LD42,55.549885,-154.671428,XO,WD69,53.782065,-160.34289,414.14896286897357,405
XO,LD42,55.549885,-154.671428,XO,WD67,52.162563,-160.035832,515.1195454050135,406
XO,LD42,55.549885,-154.671428,XO,LA32,54.4982,-157.8522,234.02026562206723,453
XO,LD42,55.549885,-154.671428,XO,EP23,56.9071,-157.0201,209.38378982098425,351
XO,LD42,55.549885,-154.671428,XO,WD58,53.906227,-155.035345,184.25370350049525,408
XO,LD42,55.549885,-154.671428,XO,WD49,54.399083,-151.89947,218.30803554730056,409
XO,LD42,55.549885,-154.671428,XO,KD02,57.8618,-152.6575,284.9225005092653,459
XO,LD42,55.549885,-154.671428,XO,WD72,56.257748,-151.81063,194.904560705633,400
XO,LD42,55.549885,-154.671428,AT,SVW2,61.1082,-155.621704,620.5249445532679,222
XO,LD42,55.549885,-154.671428,XO,ET20,58.1304,-154.9716,287.5199993724396,427
XO,LD42,55.549885,-154.671428,AT,MID,59.427799,-146.338806,657.892639088209,459
X8,QM58,49.048401,-72.740601,US,GLMI,44.8245,-84.6175,1015.168590459266,516
X8,QM58,49.048401,-72.740601,WU,TOBO,45.225804,-81.523445,787.9168760771375,500
X8,QM58,49.048401,-72.740601,PO,MEDO,43.1646,-78.454597,788.218042813002,103
X8,QM58,49.048401,-72.740601,X8,QM90,52.2915,-77.098801,473.5125525281766,110
X8,QM58,49.048401,-72.740601,PO,ACTO,43.6087,-80.062401,825.0305318033741,103
X8,QM58,49.048401,-72.740601,X8,QM76,50.764801,-74.817596,241.9494653985715,433
X8,QM58,49.048401,-72.740601,LD,FRNY,44.835,-73.5883,472.8999806750622,501
X8,QM58,49.048401,-72.740601,PO,LATQ,47.3835,-72.7819,185.15407830901106,511
X8,QM58,49.048401,-72.740601,X8,QM38,47.675201,-70.853104,206.77511505146913,516
X8,QM58,49.048401,-72.740601,Y6,HOLY,46.525902,-66.463997,546.1522984036808,463
G,CLF,48.02579,2.26,CA,CPAL,42.310533,3.16244,639.4211352317155,1184
G,CLF,48.02579,2.26,WM,UCM,40.307499,-3.2441,963.3879828289153,1173
G,CLF,48.02579,2.26,MN,VSL,39.496,9.378,1106.299051342077,3475
G,CLF,48.02579,2.26,YR,ED15,42.527802,13.55816,1073.1045386489068,274
G,CLF,48.02579,2.26,CA,CARA,42.707643,0.818132,601.9531031819429,914
G,CLF,48.02579,2.26,MN,BNI,45.052,6.678,472.6429372363419,4156
G,CLF,48.02579,2.26,CH,FUORN,46.620334,10.263551,622.8593279316226,3501
G,CLF,48.02579,2.26,GB,JSA,49.18783,-2.17167,350.4546588691186,3983
G,CLF,48.02579,2.26,DK,MUD,56.455,9.1733,1047.627128312436,3722
G,CLF,48.02579,2.26,GB,DRUM,56.91267,-2.4865,1038.5424691965013,3121
G,CLF,48.02579,2.26,GB,LAWE,56.26,-5.399,1052.8201171982894,940
G,CLF,48.02579,2.26,GB,WACR,52.72433,0.62833,535.0765244283425,1600
G,CLF,48.02579,2.26,GB,GAL1,54.86633,-4.71133,900.1197519389385,4019
G,CLF,48.02579,2.26,EI,IDGL,55.073,-7.51,1032.6809003977894,2297
G,CLF,48.02579,2.26,UK,STED,50.737,-1.9645,429.2954085301505,2176
G,CLF,48.02579,2.26,EI,DSB,53.24519,-6.37619,840.2267687040483,1441
YT,WAIS,-79.4181,-111.7779,YT,SURP,-84.7199,-171.2017,1011.6741547275104,3120
YT,WAIS,-79.4181,-111.7779,XH,RS15,-80.496597,-169.978806,1087.0236802957738,656
YT,WAIS,-79.4181,-111.7779,XH,RS17,-81.401604,-162.973801,939.3368857130342,648
YT,WAIS,-79.4181,-111.7779,XH,RS10,-79.278801,-155.467697,877.1615719324067,735
YT,WAIS,-79.4181,-111.7779,YT,MPAT,-78.0297,-155.0221,930.064639149756,3144
YT,WAIS,-79.4181,-111.7779,YT,HOWE,-87.4158,-149.4267,965.0508460985757,1761
YT,WAIS,-79.4181,-111.7779,XH,RS12,-79.017899,-147.632095,735.3424228955187,713
YT,WAIS,-79.4181,-111.7779,YT,CLRK,-77.3231,-141.8485,703.6264414579917,2114
YT,WAIS,-79.4181,-111.7779,YT,ST01,-83.228,-98.7418,474.14668225145624,361
YT,WAIS,-79.4181,-111.7779,YT,MCRG,-73.6681,-94.6493,771.4377929520634,1690
YT,WAIS,-79.4181,-111.7779,YT,MA07,-78.2496,-93.4991,412.46948041145504,639
YT,WAIS,-79.4181,-111.7779,YT,SILY,-77.1332,-125.966,407.2645763266806,4893
YT,WAIS,-79.4181,-111.7779,1D,ELSW,-75.519371,-85.707581,753.5297987963648,373
YT,WAIS,-79.4181,-111.7779,1D,PIG3,-75.084061,-97.474449,592.7449321532282,710
YT,WAIS,-79.4181,-111.7779,YT,HOWD,-77.5286,-86.7694,588.4036461878154,5009
YT,WAIS,-79.4181,-111.7779,YT,KOLR,-76.1544,-120.727,418.5178239195673,2747
YT,WAIS,-79.4181,-111.7779,YT,ST10,-75.8143,-129.7489,582.2393599728291,691
YT,WAIS,-79.4181,-111.7779,YT,MA09,-79.8993,-104.9977,145.42672113663082,652
YT,WAIS,-79.4181,-111.7779,YT,MTAK,-76.3157,-112.7986,345.78216314061336,1790
YT,WAIS,-79.4181,-111.7779,YT,ST04,-80.7152,-116.5792,171.00778440483353,586
YT,WAIS,-79.4181,-111.7779,YT,BENN,-84.5731,-117.3923,579.0883212817492,3883
YT,WAIS,-79.4181,-111.7779,YT,ST07,-78.6388,-123.7953,268.104698872385,720
YT,WAIS,-79.4181,-111.7779,YT,LPLY,-73.1142,-90.2834,890.6733501094047,1850
YT,WAIS,-79.4181,-111.7779,YT,MA06,-79.4397,-97.5587,289.3533721895215,637
YT,WAIS,-79.4181,-111.7779,YT,ST02,-82.069,-109.1247,298.48528118592196,615
YT,WAIS,-79.4181,-111.7779,YT,STEW,-84.1863,-86.2349,654.919975676904,3499
YT,WAIS,-79.4181,-111.7779,YT,UPTW,-77.5781,-109.0374,213.37508949531758,4399
YT,WAIS,-79.4181,-111.7779,YT,PECA,-85.6124,-68.5525,885.8165371305407,3341
YT,WAIS,-79.4181,-111.7779,YT,MECK,-75.2808,-72.185,1040.6311369298155,2689
YT,WAIS,-79.4181,-111.7779,YT,DUFK,-82.8619,-53.2006,1017.5869902227803,4854
8A,MALT,-24.846022,16.996233,AF,CVNA,-31.482,19.762,786.0232797817038,343
8A,MALT,-24.846022,16.996233,8A,GAMM,-20.2505,20.8253,644.6803890476974,392
8A,MALT,-24.846022,16.996233,AF,HVD,-30.605,25.497,1053.0012246756726,378
8A,MALT,-24.846022,16.996233,8A,OMUT,-18.4093,16.6364,716.6961324133147,224
8A,MALT,-24.846022,16.996233,8A,WAND,-24.649982,19.743595,278.28616716828236,383
8A,MALT,-24.846022,16.996233,8A,SOLI,-23.861238,16.039537,146.22873192614995,391
8A,MALT,-24.846022,16.996233,8A,KANO,-19.194901,19.4398,676.9258330510914,392
8A,MALT,-24.846022,16.996233,8A,OTJO,-20.018,15.9799,546.9117625492946,214
8A,MALT,-24.846022,16.996233,8A,AROB,-26.798342,19.647346,342.8223297939335,341
8A,MALT,-24.846022,16.996233,AF,UPI,-28.362,21.253,576.0611947642194,343
8A,MALT,-24.846022,16.996233,8A,OKAM,-20.407301,18.2187,509.25038863586144,224
XH,DR16,-80.869499,178.430405,XH,DR15,-79.492798,-179.919296,156.23279193496666,725
XH,DR16,-80.869499,178.430405,XH,DR02,-77.824303,-178.424896,344.60185541127834,727
XH,DR16,-80.869499,178.430405,XH,RS06,-79.283501,-171.620193,259.10068016845986,729
XH,DR16,-80.869499,178.430405,YT,SURP,-84.7199,-171.2017,450.199421404547,683
XH,DR16,-80.869499,178.430405,XH,RS15,-80.496597,-169.978806,212.3574245625388,721
XH,DR16,-80.869499,178.430405,XH,RS17,-81.401604,-162.973801,322.6029687686364,634
XH,DR16,-80.869499,178.430405,XH,RS10,-79.278801,-155.467697,525.2076837050116,721
XH,DR16,-80.869499,178.430405,YT,MPAT,-78.0297,-155.0221,617.8101272257509,738
XH,DR16,-80.869499,178.430405,YT,HOWE,-87.4158,-149.4267,786.8273124988408,738
XH,DR16,-80.869499,178.430405,XH,RS12,-79.017899,-147.632095,678.8761207399858,698
XH,DR16,-80.869499,178.430405,YT,CLRK,-77.3231,-141.8485,899.6464658932158,666
XH,DR16,-80.869499,178.430405,YT,BENN,-84.5731,-117.3923,926.650413390385,726
XH,DR16,-80.869499,178.430405,YT,SWEI,-86.9858,129.3615,834.6782487892256,738
XH,DR16,-80.869499,178.430405,YT,AGO1,-83.8615,129.6152,762.7459931458235,738
XH,DR16,-80.869499,178.430405,YT,MILR,-83.3063,156.2517,429.622039246423,724
XH,DR16,-80.869499,178.430405,YT,DEVL,-81.4755,161.973,287.72566796427185,686
XH,DR16,-80.869499,178.430405,ZJ,RKST,-74.201065,159.001755,866.064052144257,367
XH,DR16,-80.869499,178.430405,ZJ,DONT,-73.876846,165.12001,837.2199868503675,377
XH,DR16,-80.869499,178.430405,XH,RS02,-78.492897,173.345795,282.7582905930993,734
XH,DR02,-77.824303,-178.424896,XH,DR15,-79.492798,-179.919296,188.36906789887908,723
XH,DR02,-77.824303,-178.424896,XH,RS06,-79.283501,-171.620193,220.810723332231,727
XH,DR02,-77.824303,-178.424896,YT,SURP,-84.7199,-171.2017,774.8872555055913,697
XH,DR02,-77.824303,-178.424896,XH,RS15,-80.496597,-169.978806,344.91692373587153,720
XH,DR02,-77.824303,-178.424896,XH,RS17,-81.401604,-162.973801,500.8206843531123,659
XH,DR02,-77.824303,-178.424896,XH,RS10,-79.278801,-155.467697,527.8153818339795,746
XH,DR02,-77.824303,-178.424896,YT,MPAT,-78.0297,-155.0221,541.1355403059114,752
XH,DR02,-77.824303,-178.424896,XH,RS12,-79.017899,-147.632095,691.3061203084405,723
XH,DR02,-77.824303,-178.424896,YT,CLRK,-77.3231,-141.8485,862.6758349840134,691
XH,DR02,-77.824303,-178.424896,YT,AGO1,-83.8615,129.6152,1075.0029347274733,752
XH,DR02,-77.824303,-178.424896,YT,MILR,-83.3063,156.2517,750.8118230682786,738
XH,DR02,-77.824303,-178.424896,YT,DEVL,-81.4755,161.973,558.6268855971753,700
XH,DR02,-77.824303,-178.424896,ZJ,RKST,-74.201065,159.001755,721.0725689609077,356
XH,DR02,-77.824303,-178.424896,ZJ,DONT,-73.876846,165.12001,622.609008093929,366
XH,DR02,-77.824303,-178.424896,XH,RS02,-78.492897,173.345795,201.74269682595698,723
ZG,CB34,-14.4346,-67.538803,XP,PLTP,-22.0413,-66.786499,849.5436342448284,309
ZG,CB34,-14.4346,-67.538803,YS,OLC5,-21.009501,-68.352997,736.1580122966806,119
ZG,CB34,-14.4346,-67.538803,ZG,CP12,-15.2374,-69.531097,232.00605987659767,631
ZG,CB34,-14.4346,-67.538803,TO,PG01,-15.3626,-75.160202,825.3971799565523,508
ZG,CB34,-14.4346,-67.538803,II,NNA,-11.9875,-76.8422,1043.0836564333963,623
ZG,CB34,-14.4346,-67.538803,ZD,FS07,-13.46172,-71.9198,484.98701208699754,503
ZG,CB34,-14.4346,-67.538803,ZD,FM06,-13.3499,-74.462502,756.9925437793239,414
ZG,CB34,-14.4346,-67.538803,ZG,CP13,-14.7893,-71.444702,422.11014031680435,636
ZG,CB34,-14.4346,-67.538803,TO,PG20,-14.6049,-73.997299,695.450481166078,509
ZG,CB34,-14.4346,-67.538803,ZD,FN11,-10.8687,-75.082703,909.3019135381662,303
ZG,CB34,-14.4346,-67.538803,ZG,CP07,-16.8862,-70.373901,407.96526368637177,620
ZG,CB34,-14.4346,-67.538803,ZD,FM09,-12.65027,-73.041481,627.0362181580246,561
ZG,CB34,-14.4346,-67.538803,TO,PE03,-17.1644,-71.789101,546.7039452741748,587
ZG,CB34,-14.4346,-67.538803,YS,PARW,-18.201099,-69.2677,457.6373037750287,266
ZG,CB34,-14.4346,-67.538803,ZG,CB14,-17.249399,-65.900902,358.6840520234733,499
XG,ELSH,41.9869,114.455597,IC,XAN,34.03107,108.92321,1008.1680681381066,733
XG,ELSH,41.9869,114.455597,ZX,230,41.803101,118.326897,321.05202618609735,259
XG,ELSH,41.9869,114.455597,XG,MJPU,40.666698,115.683701,179.06694932149995,775
XG,ELSH,41.9869,114.455597,XG,XZHOU,38.423,113.002502,415.0382961461895,222
AF,SNKL,-28.27528,27.7714,AF,CVNA,-31.482,19.762,850.2524691815887,3484
AF,SNKL,-28.27528,27.7714,AF,HVD,-30.605,25.497,340.00266250922664,3429
AF,SNKL,-28.27528,27.7714,8A,WAND,-24.649982,19.743595,894.7196319673728,507
AF,SNKL,-28.27528,27.7714,BX,LKGWB,-24.11351,21.782303,755.5820749355221,2187
AF,SNKL,-28.27528,27.7714,8A,AROB,-26.798342,19.647346,817.4993063834949,400
AF,SNKL,-28.27528,27.7714,AF,UPI,-28.362,21.253,638.0657413518824,3563
AF,SNKL,-28.27528,27.7714,BX,KGCAE,-22.853821,22.206787,821.3060905365505,2239
AF,SNKL,-28.27528,27.7714,NR,NE215,-18.78417,25.196014,1087.4202281930975,220
AF,SNKL,-28.27528,27.7714,ZT,CRAIL,-22.80259,28.24304,610.3708786915788,1175
AF,SNKL,-28.27528,27.7714,ZT,WTBG,-24.2119,28.88291,465.2184206840738,1230
AF,SNKL,-28.27528,27.7714,ZT,DULL,-25.36478,30.17588,402.0542651343359,1114
6R,MAGE,5.670603,36.418926,Y1,KAEK,4.142727,35.453087,200.7793136972833,750
6R,MAGE,5.670603,36.418926,6R,YABE,4.889818,38.088238,204.2052398226542,747
6R,MAGE,5.670603,36.418926,Y1,TURK,3.127577,38.27457,349.682685488797,764
XY,BN23,55.410999,-127.640999,XN,A06,60.631199,-123.493202,629.4607295739609,100
XY,BN23,55.410999,-127.640999,XN,A16,61.576599,-117.147697,915.3450275169721,97
YC,SBE1,6.20282,115.596382,YC,SBF4,6.37312,117.620827,224.55372074699116,628
YC,SBE1,6.20282,115.596382,YC,SBA2,4.43506,115.745598,197.2591855122858,663
YC,SBE1,6.20282,115.596382,MY,SBM,2.4529,112.213997,560.7708856947482,608
YC,SBE1,6.20282,115.596382,YC,SBC5,5.28637,116.88076,174.8608849096876,656
3C,GS02,4.619993,-75.925355,EC,MILO,-2.1848,-79.5557,857.4514230092391,333
3C,GS02,4.619993,-75.925355,EC,PUYO,-1.493,-78.024902,718.6446968070313,864
3C,GS02,4.619993,-75.925355,CM,SJC,9.896667,-75.1795,592.4757517479825,872
3C,GS02,4.619993,-75.925355,3C,NW09,6.289741,-74.985709,212.81443843973375,470
3C,GS02,4.619993,-75.925355,CM,LCBC,8.857167,-76.367667,473.6766605155802,697
3C,GS02,4.619993,-75.925355,3C,SL09,4.380633,-74.023873,212.4570890239915,673
3C,GS02,4.619993,-75.925355,CM,TUM,1.823667,-78.726667,439.75409753371963,648
3C,GS02,4.619993,-75.925355,EC,TULM,0.7161,-77.786903,480.8063614725398,939
MN,VSL,39.496,9.378,TT,TATN,32.578701,10.5292,776.0816166191072,200
MN,VSL,39.496,9.378,MN,GFA,34.338,9.073,574.1836412377671,333
MN,VSL,39.496,9.378,MN,WDD,35.8373,14.5242,608.6406716056351,6928
MN,VSL,39.496,9.378,XS,N020,40.349899,21.960501,1076.2658960449057,267
MN,VSL,39.496,9.378,CA,CPAL,42.310533,3.16244,608.7095107299117,2399
MN,VSL,39.496,9.378,WM,UCM,40.307499,-3.2441,1079.5522481705589,2100
MN,VSL,39.496,9.378,YD,MMNN,39.8909,15.9904,567.33755379444,173
MN,VSL,39.496,9.378,GE,MAHO,39.895901,4.2665,439.52534310994025,1673
MN,VSL,39.496,9.378,HT,LKD,38.707199,20.6506,976.0200217983257,195
MN,VSL,39.496,9.378,YD,OBS14,39.169399,14.4694,439.33998135832024,128
MN,VSL,39.496,9.378,YD,OBS10,39.655998,17.802401,721.9840566492312,97
MN,VSL,39.496,9.378,MN,CLTB,37.578,13.216,396.0733168306551,4145
MN,VSL,39.496,9.378,TT,TAMR,37.046902,9.1091,273.3370650444397,338
MN,VSL,39.496,9.378,GE,CART,37.5868,-1.0012,926.742999723907,2428
MN,VSL,39.496,9.378,AC,VLO,40.468601,19.495501,868.3018303043858,3096
MN,VSL,39.496,9.378,YR,ED15,42.527802,13.55816,486.36306410910936,232
MN,VSL,39.496,9.378,CA,CARA,42.707643,0.818132,800.687924244473,2224
MN,VSL,39.496,9.378,YF,HVAR,43.177601,16.449,717.9952354046729,403
MN,VSL,39.496,9.378,YI,GROG,43.426182,9.89201,439.1081774260879,336
MN,VSL,39.496,9.378,MN,DIVS,44.0981,19.9917,1016.6591748261166,4155
MN,VSL,39.496,9.378,YF,DUOK,44.113098,14.9318,689.2222112433307,481
MN,VSL,39.496,9.378,YI,BARR,44.282799,12.0797,577.253099393042,619
MN,VSL,39.496,9.378,YI,BOB,44.767921,9.44782,586.2398829856384,630
MN,VSL,39.496,9.378,MN,BNI,45.052,6.678,656.4205560990291,7599
MN,VSL,39.496,9.378,CH,FUORN,46.620334,10.263551,795.4361210823531,5160
MN,VSL,39.496,9.378,YG,CBP4F,47.720261,15.97801,1056.752052510424,449
MN,VSL,39.496,9.378,XM,A106,48.146099,13.5743,1018.6545500488863,249
1F,ANIM,31.26756,34.99689,HL,ARG,36.213558,28.12122,840.193063435638,592
1F,ANIM,31.26756,34.99689,KO,ELL,36.7483,29.9085,768.7342497656649,593
1F,ANIM,31.26756,34.99689,IM,CY101,34.20406,31.62915,453.6360085149374,479
1F,ANIM,31.26756,34.99689,MP,DHK1,36.8606,42.8665,954.4786588477316,281
M8,MOGAR,-36.6965,149.9761,S1,AUJCS,-33.2047,138.6098,1105.4103379465996,426
M8,MOGAR,-36.6965,149.9761,OZ,ROBE,-37.1472,139.87424,898.9814566405759,399
M8,MOGAR,-36.6965,149.9761,OZ,MILD,-34.25915,142.05571,766.3882825670247,406
M8,MOGAR,-36.6965,149.9761,OZ,BOGA,-35.547,143.57532,588.8270451888852,403
M8,MOGAR,-36.6965,149.9761,OZ,GRASY,-40.08652,144.01093,641.9117451256685,444
M8,MOGAR,-36.6965,149.9761,OZ,ROWM,-37.80614,144.29176,517.935227133347,444
M8,MOGAR,-36.6965,149.9761,OZ,MARG,-41.99952,145.55162,701.5084212171862,444
M8,MOGAR,-36.6965,149.9761,OZ,CURRY,-41.09589,146.95012,554.7782116721929,444
M8,MOGAR,-36.6965,149.9761,OZ,DTMM,-36.52813,147.46539,224.86780887804758,444
M8,MOGAR,-36.6965,149.9761,S1,AUUHS,-35.3589,150.4696,155.2134832278242,488
M8,MOGAR,-36.6965,149.9761,YW,MSWL3,-32.3933,150.92683,486.3443474880784,276
M8,MOGAR,-36.6965,149.9761,S1,AUDCS,-32.2334,148.6278,511.41844029004267,506
M8,MOGAR,-36.6965,149.9761,S1,AUPHS,-31.099,150.8943,628.1465837895095,506
YH,KO07,41.045898,30.1702,HT,AGG,39.021099,22.336,703.6613033688037,341
YH,KO07,41.045898,30.1702,AC,VLO,40.468601,19.495501,900.834432767799,157
YH,KO07,41.045898,30.1702,MN,VTS,42.618,23.235,600.3895731690288,396
YH,KO07,41.045898,30.1702,MN,DIVS,44.0981,19.9917,899.1500483167156,233
YH,KO07,41.045898,30.1702,KO,DKL,39.0713,26.9053,354.09939209428126,243
YH,KO07,41.045898,30.1702,HL,ARG,36.213558,28.12122,565.9935949484751,394
YH,KO07,41.045898,30.1702,KO,ELL,36.7483,29.9085,478.40737572743444,378
YH,KO07,41.045898,30.1702,YB,AT19,39.735199,33.5811,323.52271416259526,117
YH,KO07,41.045898,30.1702,YB,AT49,38.513699,32.252998,333.0791087286436,117
YH,KO07,41.045898,30.1702,YB,AT63,36.712502,33.472,560.1300739018179,117
YH,KO07,41.045898,30.1702,YB,AT39,36.932098,37.222599,761.6490841435879,118
YH,KO07,41.045898,30.1702,KO,KARS,40.6152,43.0937,1087.3824211733074,378
YH,KO07,41.045898,30.1702,YB,AT06,39.6731,35.6665,489.977536331757,117
YH,KO07,41.045898,30.1702,YB,AT56,36.7019,35.546902,670.520203281666,117
GG,SE1,63.24852,-42.03487,DK,NRS,61.159566,-45.418535,291.0175262525708,1187
GG,SE1,63.24852,-42.03487,DK,DY2G,66.479599,-46.309399,411.91039511838596,1026
YP,NE44,43.370701,119.677299,YP,NE81,46.069698,116.634697,384.4609792580072,317
YP,NE44,43.370701,119.677299,YP,NE83,46.2132,118.801102,323.5400673384483,317
YP,NE44,43.370701,119.677299,YP,NE32,42.670799,117.070099,225.77756116474018,118
YP,NE44,43.370701,119.677299,YP,NE66,45.004101,120.704201,199.224393561298,313
YP,NE44,43.370701,119.677299,YP,NEA3,47.562302,121.292,482.76510014123517,317
YP,NE44,43.370701,119.677299,CB,DL2,38.905998,121.627998,522.5955013796062,229
YP,NE44,43.370701,119.677299,YP,NE57,44.122898,123.258499,299.55301667627083,317
YP,NE44,43.370701,119.677299,YP,NEA5,47.648602,124.036697,584.3136342378764,281
YP,NE44,43.370701,119.677299,YP,NE59,44.095901,125.961098,511.1436825667969,317
YP,NE44,43.370701,119.677299,YP,NE8B,46.207199,126.056297,593.7686324896705,313
YP,NE44,43.370701,119.677299,CB,HEH,50.252998,127.410004,964.2780887756603,229
YP,NE44,43.370701,119.677299,YP,NE7D,45.342098,128.742905,752.875307136075,317
YP,NE44,43.370701,119.677299,YP,NE6F,45.295898,131.201401,940.3536002570894,313
YP,NE44,43.370701,119.677299,YP,NE5D,44.107601,129.6008,800.9378633801516,210
YP,NE44,43.370701,119.677299,YP,NE9B,46.946201,129.7948,886.4266668507461,317
YP,NE44,43.370701,119.677299,YP,NEAB,47.602501,131.668396,1044.97976088909,232
XW,MAWI,15.46748,43.52317,ZF,LYDE,12.05456,41.925701,416.86567860806235,189
XW,MAWI,15.46748,43.52317,XW,MOKA,13.31374,43.25631,241.20368716394333,203
XW,MAWI,15.46748,43.52317,XW,DAMT,14.08737,44.68227,197.6876502382574,210
XW,MAWI,15.46748,43.52317,XW,MUKA,14.48724,49.037788,602.2877115665768,209
XW,MAWI,15.46748,43.52317,XW,GHDI,15.63811,52.161732,925.5242599378961,127
XW,MAWI,15.46748,43.52317,II,RAYN,23.5225,45.5032,919.3573332362708,190
XW,MAWI,15.46748,43.52317,XW,TAMU,17.294781,49.928551,712.8411040684693,210
XW,MAWI,15.46748,43.52317,XW,SIMA,17.55549,52.316299,965.6209095256733,210
RU,R27,44.37622,44.36501,RU,VSLR,43.4612,40.0324,361.5836467828321,261
RU,R27,44.37622,44.36501,KO,KARS,40.6152,43.0937,430.9840350068667,444
RU,R27,44.37622,44.36501,MP,DHK1,36.8606,42.8665,845.1731535372073,167
YS,PL39,21.956301,-161.314896,YS,PL38,19.9863,-162.025604,231.14796796302392,393
YS,PL39,21.956301,-161.314896,YS,PL37,19.8234,-160.047501,271.2587228972103,393
YS,PL39,21.956301,-161.314896,YS,PL46,24.312099,-156.9646,516.1765868325424,387
YS,PL39,21.956301,-161.314896,YS,PL43,26.776699,-155.765305,776.4899758499421,389
YS,PL39,21.956301,-161.314896,YS,PL41,24.573799,-158.933105,379.332847805234,391
YS,PL39,21.956301,-161.314896,YS,PL69,16.3484,-157.700806,729.9276274860797,372
YS,PL39,21.956301,-161.314896,YS,PL40,23.9972,-161.095001,228.05153371460403,392
YS,PL39,21.956301,-161.314896,YS,NGOK,22.122999,-159.664993,171.0608862533197,393
YS,PL39,21.956301,-161.314896,YS,PL67,16.162001,-156.206604,838.4537853548467,370
YS,PL39,21.956301,-161.314896,YS,PL70,15.574,-158.982498,750.9087092755968,369
YS,PL39,21.956301,-161.314896,YS,MRKH,21.108999,-157.270004,428.84206315212964,146
YS,PL39,21.956301,-161.314896,YS,PL45,24.2006,-154.811996,710.3773354376106,325
Z7,LA01,31.9874,-93.8349,7P,PC53,31.4616,-103.6937,933.9613801591216,125
Z7,LA01,31.9874,-93.8349,IM,TX02,29.329901,-103.657997,984.521911635953,906
Z7,LA01,31.9874,-93.8349,US,AMTX,34.8837,-101.6808,795.7734208487826,902
Z7,LA01,31.9874,-93.8349,N4,X48A,34.4517,-87.0452,688.276027568627,903
Z7,LA01,31.9874,-93.8349,N4,Z38B,33.2599,-94.9852,177.83454052677484,906
Z7,LA01,31.9874,-93.8349,ZZ,FWU17,36.2869,-101.0,814.1055451613394,320
Z7,LA01,31.9874,-93.8349,TX,DKNS,33.66653,-100.92365,688.0040048785928,884
Z7,LA01,31.9874,-93.8349,TX,BRDY,31.285872,-98.999447,495.0628287032215,906
Z7,LA01,31.9874,-93.8349,N4,ABTX,32.6238,-99.6431,550.3682470252703,848
Z7,LA01,31.9874,-93.8349,KY,LLKY,36.92159,-88.096558,759.8441254689609,793
Z7,LA01,31.9874,-93.8349,N4,R40B,38.2909,-92.2684,715.2096766936412,624
Z7,LA01,31.9874,-93.8349,N4,N41A,40.7077,-90.8552,1005.5242861338694,906
Z7,LA01,31.9874,-93.8349,GS,DEC08,39.861045,-88.924888,980.3860625471511,834
AF,IFE,7.546667,4.45692,AF,YNDE,3.87,11.456,875.5694134329962,258
PR,IMPR,18.076971,-67.931123,CW,CHIV,19.97648,-76.415131,916.3716511562276,686
PR,IMPR,18.076971,-67.931123,CU,GRTK,21.511472,-71.13425,508.0430156376451,602
PR,IMPR,18.076971,-67.931123,ZC,HMDR,18.7879,-69.381,172.16797499990201,557
PR,IMPR,18.076971,-67.931123,CW,CCCC,21.193399,-77.417297,1051.9003099843433,731
PR,IMPR,18.076971,-67.931123,PR,SNC1,17.699398,-64.793793,334.63070989394646,360
PR,IMPR,18.076971,-67.931123,CU,GRGR,12.13237,-61.65407,943.6624952203418,637
MH,P0009,-12.099433,-168.399733,G,FUTU,-14.307673,-178.12107,1080.5169559970188,505
MH,P0009,-12.099433,-168.399733,MH,P0008,-12.008233,-172.023102,394.1451473776311,255
MH,P0009,-12.099433,-168.399733,MH,P0010,-14.043483,-165.862533,349.6321159943567,342
7B,SA06,-22.892,148.308594,7B,SA08,-25.708401,150.892593,408.2006024934314,111
ZN,KAW2,-8.5224,150.299393,ZN,PMNI,-9.7562,149.467102,164.8339543537784,250
CM,LCBC,8.857167,-76.367667,NU,SIUN,13.71616,-84.773499,1063.7071420666357,1706
CM,LCBC,8.857167,-76.367667,NU,BILN,14.0488,-83.374641,957.029614338833,1676
CM,LCBC,8.857167,-76.367667,NU,ESPN,12.195,-84.300308,943.1651458606468,97
CM,LCBC,8.857167,-76.367667,CM,SJC,9.896667,-75.1795,174.21765217309738,1770
CM,LCBC,8.857167,-76.367667,3C,NW09,6.289741,-74.985709,323.5753454671596,350
CM,LCBC,8.857167,-76.367667,3C,SL09,4.380633,-74.023873,561.0324934655569,488
CM,LCBC,8.857167,-76.367667,CM,TUM,1.823667,-78.726667,824.4924278196729,1256
CM,LCBC,8.857167,-76.367667,EC,TULM,0.7161,-77.786903,918.7818715167269,1852
CM,LCBC,8.857167,-76.367667,VE,BAUV,8.9433,-68.041496,914.7123058414995,95
WM,UCM,40.307499,-3.2441,CA,CPAL,42.310533,3.16244,579.4149488834573,2585
WM,UCM,40.307499,-3.2441,1L,ST30,37.734164,-6.621247,408.5864530512195,139
WM,UCM,40.307499,-3.2441,PM,PFVI,37.132832,-8.826829,599.1192978676289,2771
WM,UCM,40.307499,-3.2441,CA,CARA,42.707643,0.818132,430.7813164315077,2402
WM,UCM,40.307499,-3.2441,MN,BNI,45.052,6.678,966.4864365773897,2088
WM,UCM,40.307499,-3.2441,GB,JSA,49.18783,-2.17167,991.0457430158414,2629
IM,TX02,29.329901,-103.657997,NR,NE74,28.007509,-114.013802,1020.6364563215187,1983
IM,TX02,29.329901,-103.657997,ZL,N06,27.174299,-111.153603,772.1331660170949,284
IM,TX02,29.329901,-103.657997,NR,NE78,24.398199,-111.10643,919.7083858200856,679
IM,TX02,29.329901,-103.657997,ZL,I02,25.684299,-110.099602,753.3914908360623,283
IM,TX02,29.329901,-103.657997,NR,NE82,26.915661,-109.230843,608.777102167699,1756
IM,TX02,29.329901,-103.657997,ZL,S05,23.347799,-108.094299,798.4832837532367,284
IM,TX02,29.329901,-103.657997,NR,NE83,24.730881,-107.739326,651.7407439233384,1373
IM,TX02,29.329901,-103.657997,XF,MA40,20.219801,-103.942001,1013.4026207065288,414
IM,TX02,29.329901,-103.657997,XF,MA28,20.1786,-102.597,1023.1845369926393,433
IM,TX02,29.329901,-103.657997,MX,ZAIG,22.769176,-102.567123,737.5999425550389,4183
IM,TX02,29.329901,-103.657997,MX,MOIG,19.646708,-101.227303,1104.3542282115875,4184
IM,TX02,29.329901,-103.657997,MG,JRQG,20.69875,-100.451583,1012.503139449288,2388
IM,TX02,29.329901,-103.657997,XP,N20,38.917702,-106.187599,1091.1092267310114,451
IM,TX02,29.329901,-103.657997,XM,UT52,37.234776,-110.131325,1064.5493712992254,373
IM,TX02,29.329901,-103.657997,NR,NE80,30.5,-112.319931,844.6924369334257,1707
IM,TX02,29.329901,-103.657997,XM,NM32,34.980724,-107.264282,714.041230647392,242
IM,TX02,29.329901,-103.657997,EP,CHC4,28.667999,-106.035896,242.68448638570493,197
IM,TX02,29.329901,-103.657997,BC,PIX,31.5629,-113.4599,971.4777820887275,2689
IM,TX02,29.329901,-103.657997,US,MVCO,37.19956,-108.49251,983.3715070745798,7192
IM,TX02,29.329901,-103.657997,JW,BRR,32.772406,-107.564169,533.752008842502,856
IM,TX02,29.329901,-103.657997,XM,NM24,34.046871,-106.119606,573.833051238917,260
IM,TX02,29.329901,-103.657997,XP,S29,36.959099,-106.535202,889.4796030049636,453
IM,TX02,29.329901,-103.657997,X2,CRAT,35.318199,-111.317902,979.8826325280751,418
IM,TX02,29.329901,-103.657997,7P,PC53,31.4616,-103.6937,237.05916907697915,272
IM,TX02,29.329901,-103.657997,XR,SC25,33.580601,-103.548203,472.7715377902647,696
IM,TX02,29.329901,-103.657997,US,AMTX,34.8837,-101.6808,644.9772296133291,7283
IM,TX02,29.329901,-103.657997,N4,237B,32.001499,-95.808403,807.1406688904251,1845
IM,TX02,29.329901,-103.657997,N4,Z38B,33.2599,-94.9852,932.2717056993628,4443
IM,TX02,29.329901,-103.657997,GS,OK006,35.477982,-97.278709,908.3862268940828,205
IM,TX02,29.329901,-103.657997,ZZ,FWU17,36.2869,-101.0,812.383338079291,383
IM,TX02,29.329901,-103.657997,TX,DKNS,33.66653,-100.92365,547.4169900309807,3154
IM,TX02,29.329901,-103.657997,ZW,AZCF,33.184074,-97.446251,729.3414154873017,274
IM,TX02,29.329901,-103.657997,TX,BRDY,31.285872,-98.999447,497.2251873716648,3318
IM,TX02,29.329901,-103.657997,N4,ABTX,32.6238,-99.6431,529.6778553932338,2755
IM,TX02,29.329901,-103.657997,XR,FG01,36.6308,-98.7392,932.137856662643,130
IM,TX02,29.329901,-103.657997,OK,HEWI,37.048825,-96.408082,1090.9068455367046,443
X4,H22,39.755901,93.488998,X4,D26,32.459202,96.394203,852.1575821046258,163
X4,H22,39.755901,93.488998,ZV,MAQU,34.0023,102.046799,993.4786050059047,196
X4,H22,39.755901,93.488998,X4,H01,36.209301,96.385002,468.9165804998335,287
X4,H22,39.755901,93.488998,X4,H05,35.6605,98.407898,627.9788989300699,287
X4,H22,39.755901,93.488998,X4,D08,34.924198,94.780502,549.2402108343747,287
X4,H22,39.755901,93.488998,X4,H13,36.972698,97.653999,477.0143956975225,283
X4,H22,39.755901,93.488998,X4,A01,36.432701,94.873199,388.8553775696295,244
X4,H22,39.755901,93.488998,X4,H19,38.2561,92.136803,203.620632528679,287
C1,AF02,-25.418768,-70.45536,C1,AC02,-26.835517,-69.129067,205.7853245569496,160
XL,HD25,47.003502,99.406097,XL,HD54,47.499901,96.803398,204.03955912928308,641
XL,HD25,47.003502,99.406097,XL,HD03,46.515701,102.547203,245.3273306074933,614
XL,HD25,47.003502,99.406097,XL,HD09,45.413898,100.5718,198.20893786515364,643
XL,HD25,47.003502,99.406097,XL,HD21,47.967701,101.433296,186.2669562864806,394
XL,HD25,47.003502,99.406097,XL,HD74,49.500999,99.152298,278.34392380572064,643
XL,HD25,47.003502,99.406097,XL,HD41,48.242298,99.400002,137.74877788718914,641
XL,HD25,47.003502,99.406097,XL,HD48,46.209202,97.608299,163.27933896948227,578
XL,HD25,47.003502,99.406097,XL,HD73,49.4953,101.357101,312.44624642772584,642
XL,HD25,47.003502,99.406097,II,TLY,51.6807,103.6438,603.6986887123176,634
ZD,FN11,-10.8687,-75.082703,ZG,CP12,-15.2374,-69.531097,772.9146433544843,299
ZD,FN11,-10.8687,-75.082703,TO,PG01,-15.3626,-75.160202,499.7700040278705,424
ZD,FN11,-10.8687,-75.082703,II,NNA,-11.9875,-76.8422,228.58337829557075,425
ZD,FN11,-10.8687,-75.082703,ZD,FS07,-13.46172,-71.9198,448.67578071658215,248
ZD,FN11,-10.8687,-75.082703,ZD,FM06,-13.3499,-74.462502,284.01605088503584,425
ZD,FN11,-10.8687,-75.082703,ZG,CP13,-14.7893,-71.444702,587.8398063550336,303
ZD,FN11,-10.8687,-75.082703,TO,PG20,-14.6049,-73.997299,431.79738696087,423
ZD,FN11,-10.8687,-75.082703,ZG,CP07,-16.8862,-70.373901,840.1242287154598,298
ZD,FN11,-10.8687,-75.082703,ZD,FM09,-12.65027,-73.041481,297.68595628862727,230
ZD,FN11,-10.8687,-75.082703,TO,PE03,-17.1644,-71.789101,784.9690228649691,322
ZD,FN11,-10.8687,-75.082703,YS,PARW,-18.201099,-69.2677,1027.546061185839,167
CB,DL2,38.905998,121.627998,1G,NOP01,41.97177,110.49863,1000.7529406505953,259
CB,DL2,38.905998,121.627998,YP,NE81,46.069698,116.634697,895.1779166298608,492
CB,DL2,38.905998,121.627998,CB,NJ2,32.051701,118.854401,802.3559910747374,3096
CB,DL2,38.905998,121.627998,1G,EA29,41.62461,112.42881,836.4889882475652,93
CB,DL2,38.905998,121.627998,YP,NE83,46.2132,118.801102,844.7143403830387,493
CB,DL2,38.905998,121.627998,YP,NE32,42.670799,117.070099,567.704708537995,339
CB,DL2,38.905998,121.627998,YP,NEP7,48.1744,118.1474,1067.8003775393147,226
CB,DL2,38.905998,121.627998,YP,NE66,45.004101,120.704201,682.3546361011392,482
CB,DL2,38.905998,121.627998,YP,NEA3,47.562302,121.292,962.9205460475966,488
CB,DL2,38.905998,121.627998,YP,NE57,44.122898,123.258499,595.7311816996728,492
CB,DL2,38.905998,121.627998,YP,NEA5,47.648602,124.036697,991.360697992336,432
CB,DL2,38.905998,121.627998,YP,NE59,44.095901,125.961098,680.3869520783885,490
CB,DL2,38.905998,121.627998,YP,NE8B,46.207199,126.056297,888.8265948865795,483
CB,DL2,38.905998,121.627998,5G,D16,41.745,126.4048,513.3120251238511,145
CB,DL2,38.905998,121.627998,KS,SH2B,38.2686,128.2524,579.9839354506538,288
CB,DL2,38.905998,121.627998,YP,NE7D,45.342098,128.742905,924.6839615688084,423
CB,DL2,38.905998,121.627998,JP,JTU,34.5275,129.396332,845.9338756908057,1854
CB,DL2,38.905998,121.627998,YP,NE6F,45.295898,131.201401,1061.0358964778657,448
CB,DL2,38.905998,121.627998,YP,NE5D,44.107601,129.6008,879.7631370788437,311
CB,DL2,38.905998,121.627998,JP,JNU,33.125,130.876694,1050.299802284623,3132
CB,DL2,38.905998,121.627998,1U,SHRD,41.945759,128.791214,693.8477197435736,436
X7,MC14,45.76957,92.21965,QZ,TDK,45.002246,78.40445,1080.9161603191183,380
X7,MC14,45.76957,92.21965,KZ,MAKZ,46.807999,81.976997,794.8668466372358,375
X7,MC14,45.76957,92.21965,X7,MC06,45.17868,94.04808,156.97559422868937,379
X7,MC14,45.76957,92.21965,QZ,USHN,49.969499,82.743909,846.1771395595213,380
X7,MC14,45.76957,92.21965,QZ,SEM,50.403587,80.257129,1025.3969274785923,380
TF,KHO,37.488477,71.565355,TJ,CHGR,38.656898,69.158203,247.53339904169368,130
TF,KHO,37.488477,71.565355,QZ,ZHTS,40.764944,68.290297,460.9449080018949,140
TF,KHO,37.488477,71.565355,KR,TRKS,41.472454,71.167327,444.3121914173504,140
TF,KHO,37.488477,71.565355,KR,BTK,40.06675,70.81572,293.9600635946019,140
TF,KHO,37.488477,71.565355,TJ,MURGB,38.254,74.058,234.76064203593583,137
TF,KHO,37.488477,71.565355,QZ,TDK,45.002246,78.40445,1011.5731199900297,140
YT,SWEI,-86.9858,129.3615,XH,DR15,-79.492798,-179.919296,990.339908449311,725
YT,SWEI,-86.9858,129.3615,XH,RS06,-79.283501,-171.620193,1058.3721782593852,729
YT,SWEI,-86.9858,129.3615,YT,SURP,-84.7199,-171.2017,506.64359306166665,1658
YT,SWEI,-86.9858,129.3615,XH,RS15,-80.496597,-169.978806,938.6912391093726,721
YT,SWEI,-86.9858,129.3615,XH,RS17,-81.401604,-162.973801,884.4093363276553,713
YT,SWEI,-86.9858,129.3615,YT,HOWE,-87.4158,-149.4267,406.6965175398665,1713
YT,SWEI,-86.9858,129.3615,YT,BENN,-84.5731,-117.3923,797.4008191145423,1576
YT,SWEI,-86.9858,129.3615,YT,STEW,-84.1863,-86.2349,939.399039868747,1361
YT,SWEI,-86.9858,129.3615,YT,PECA,-85.6124,-68.5525,813.341923370878,1555
YT,SWEI,-86.9858,129.3615,YT,AGO1,-83.8615,129.6152,347.4132325257621,1713
YT,SWEI,-86.9858,129.3615,YT,MILR,-83.3063,156.2517,470.36129541081635,1329
YT,SWEI,-86.9858,129.3615,YT,DEVL,-81.4755,161.973,689.4608202340539,1642
YT,SWEI,-86.9858,129.3615,XH,RS02,-78.492897,173.345795,1063.7973975016525,734
YS,PL43,26.776699,-155.765305,YS,PL38,19.9863,-162.025604,988.7176352022959,392
YS,PL43,26.776699,-155.765305,YS,PL37,19.8234,-160.047501,888.0714125208467,392
YS,PL43,26.776699,-155.765305,YS,PL46,24.312099,-156.9646,299.29466781375976,390
YS,PL43,26.776699,-155.765305,YS,PL41,24.573799,-158.933105,400.9480209045783,390
YS,PL43,26.776699,-155.765305,YS,PL40,23.9972,-161.095001,618.1023001313139,390
YS,PL43,26.776699,-155.765305,YS,NGOK,22.122999,-159.664993,650.7260473390814,392
YS,PL43,26.776699,-155.765305,YS,MRKH,21.108999,-157.270004,648.4835878826286,142
YS,PL43,26.776699,-155.765305,YS,PL45,24.2006,-154.811996,302.0041708765589,325
YS,PL43,26.776699,-155.765305,YS,PL57,18.9142,-150.914993,1005.3683016036542,381
YL,S02W,-21.799101,-176.897995,YL,A14W,-20.6658,-178.155304,181.27841708636947,273
YL,S02W,-21.799101,-176.897995,Z1,VABL,-17.2465,-178.955994,550.2276965506212,148
YL,S02W,-21.799101,-176.897995,YL,N01W,-19.0243,-175.485504,341.84985008513297,269
YL,S02W,-21.799101,-176.897995,Z1,VAVP,-18.601999,-173.961395,469.31511085861445,273
YL,S02W,-21.799101,-176.897995,Z1,MOAL,-18.566299,179.951599,487.11964841042766,189
YL,S02W,-21.799101,-176.897995,Z1,LBSA,-16.540899,179.300201,707.9122453325278,274
JP,JMM,37.868999,140.789673,KS,SH2B,38.2686,128.2524,1097.5797354148026,1089
JP,JMM,37.868999,140.789673,JP,JHJ2,33.115299,139.813797,535.9102092575627,4254
JP,JMM,37.868999,140.789673,JP,JWT,35.285671,135.398666,560.4363477789041,4267
JP,JMM,37.868999,140.789673,JP,JTU,34.5275,129.396332,1086.864098757396,4265
JP,JMM,37.868999,140.789673,JP,JEW,42.84267,141.446167,555.8328027100561,4266
JP,JMM,37.868999,140.789673,JP,JMN,33.731499,133.876328,774.4714284499747,4266
JP,JMM,37.868999,140.789673,PS,TSK,36.2108,140.1097,194.0078960016205,3588
JP,JMM,37.868999,140.789673,JP,JNU,33.125,130.876694,1040.083399019839,4267
JP,JMM,37.868999,140.789673,JP,JSD,38.040001,138.257172,222.84836090548114,4267
X1,NKF01,49.311901,-127.721001,US,HAWA,46.3925,-119.5327,691.3451150330775,309
6H,CHID,-24.9242,34.188702,AF,HVD,-30.605,25.497,1062.537230989924,90
6H,CHID,-24.9242,34.188702,XV,TETE,-16.129999,33.57,979.9861539334197,90
XD,HALE,-5.3018,38.617001,XD,URAM,-5.0878,32.083199,723.9300590071539,202
XD,HALE,-5.3018,38.617001,XD,RUNG,-6.9372,33.518002,592.3354880778958,275
XD,HALE,-5.3018,38.617001,XD,KOMO,-3.8422,36.7192,265.68404090823657,236
XD,HALE,-5.3018,38.617001,XD,KIBA,-5.3223,36.5695,226.70559907719618,196
RV,KAKWA,54.421,-118.981742,NY,TGTN,61.5267,-128.27268,959.4966531873047,734
RV,KAKWA,54.421,-118.981742,PQ,LHLYB,48.536332,-123.729633,731.9144506192463,544
RV,KAKWA,54.421,-118.981742,NV,BACME,48.314654,-126.058199,837.1845645613321,1302
RV,KAKWA,54.421,-118.981742,US,HAWA,46.3925,-119.5327,893.5756310963263,812
RV,KAKWA,54.421,-118.981742,I0,RD179,52.227003,-114.108056,405.17787466464665,339
RV,KAKWA,54.421,-118.981742,TD,TD009,52.32058,-116.323372,292.62045004016306,1355
RV,KAKWA,54.421,-118.981742,CC,YOCR,45.379178,-121.743539,1024.4705456654576,1358
RV,KAKWA,54.421,-118.981742,MB,HRY,46.711285,-111.831786,993.8138740029326,1384
RV,KAKWA,54.421,-118.981742,RV,ASHMA,54.208146,-111.571623,481.00921589206763,461
RV,KAKWA,54.421,-118.981742,PQ,NAB2,58.59503,-119.16559,464.2681966462542,917
RV,KAKWA,54.421,-118.981742,RV,DEDWA,56.644562,-117.389069,266.7725211329269,1350
RV,KAKWA,54.421,-118.981742,RV,SWHSA,54.899441,-116.751793,152.9661179461929,1171
CZ,PRIC,49.6693,12.6782,CA,CPAL,42.310533,3.16244,1098.282569244286,990
CZ,PRIC,49.6693,12.6782,MN,DIVS,44.0981,19.9917,831.5095689114612,989
CZ,PRIC,49.6693,12.6782,CH,FUORN,46.620334,10.263551,383.4047975428887,984
CZ,PRIC,49.6693,12.6782,GB,JSA,49.18783,-2.17167,1073.5355704653418,978
CZ,PRIC,49.6693,12.6782,DK,MUD,56.455,9.1733,789.7861262226198,912
CZ,PRIC,49.6693,12.6782,PL,BEL,51.837002,20.792,619.1679420080808,713
CZ,PRIC,49.6693,12.6782,PL,NIE,49.4189,20.313101,551.3257622950467,1002
CZ,PRIC,49.6693,12.6782,GB,WACR,52.72433,0.62833,904.359877743678,892
CZ,PRIC,49.6693,12.6782,CZ,TREC,49.2948,15.4871,207.13580191353887,1012
CZ,PRIC,49.6693,12.6782,CZ,BEDC,50.78933,15.16976,216.5962429432813,881
CZ,PRIC,49.6693,12.6782,PL,KWP,49.631401,22.7075,721.5186914214456,943
AF,MONG,-15.15,23.09,XK,B07DX,-20.549,22.749399,601.4226078263584,122
AF,MONG,-15.15,23.09,XK,B04KH,-20.474199,24.513901,610.8966006518094,111
AF,MONG,-15.15,23.09,AF,WIN,-22.5667,17.1,1037.6068139159943,246
AF,MONG,-15.15,23.09,ZP,KAMZ,-14.7948,24.804399,188.34776990910913,155
AF,MONG,-15.15,23.09,AF,KTWE,-12.814,28.209,610.3209787358543,411
AF,MONG,-15.15,23.09,ZP,MKUS,-13.6035,29.379101,698.858858952366,114
AF,MONG,-15.15,23.09,XK,Z04NN,-13.075,30.6276,844.8758651261891,91
AF,MONG,-15.15,23.09,XK,Z09CG,-13.3058,32.221001,1005.2038523078597,91
AF,MONG,-15.15,23.09,ZP,MPIK,-11.821,31.4517,976.8079798600847,282
AF,MONG,-15.15,23.09,AF,LBB,-11.631,27.485001,615.6656269625574,146
AF,MONG,-15.15,23.09,ZP,KASM,-10.2174,31.1401,1030.950571526385,238
AF,MONG,-15.15,23.09,ZP,MWEN,-10.0582,28.7017,831.321664648117,128
XV,NW300,51.63364,75.30625,QZ,BRZS,49.981769,72.677469,260.4646998674367,147
XV,NW300,51.63364,75.30625,XV,NW140,50.82925,77.20242,159.46325638727734,103
XV,NW300,51.63364,75.30625,QZ,TDK,45.002246,78.40445,771.9607784731757,147
XV,NW300,51.63364,75.30625,KZ,MAKZ,46.807999,81.976997,722.350486824257,143
XV,NW300,51.63364,75.30625,QZ,USHN,49.969499,82.743909,554.1753122372842,147
XV,NW300,51.63364,75.30625,QZ,SEM,50.403587,80.257129,372.2467567397421,147
ZM,N156,-81.6726,86.504501,ZM,GM04,-82.999702,61.1124,400.3173733552238,458
ZM,N156,-81.6726,86.504501,ZM,N190,-80.327499,69.431,330.83570225122185,355
ZM,N156,-81.6726,86.504501,ZM,P080,-82.805397,77.363998,185.9192353079397,617
ZM,N156,-81.6726,86.504501,ZM,N173,-81.112198,77.473602,162.48653777036208,485
ZM,N156,-81.6726,86.504501,ZM,GM06,-79.332802,44.3148,795.1893592844675,194
ZM,N156,-81.6726,86.504501,ZM,GM01,-83.985802,104.729103,357.73966145145243,644
ZM,N156,-81.6726,86.504501,ZM,GM03,-80.216904,85.943901,162.1613793921813,351
ZM,N156,-81.6726,86.504501,ZM,N140,-82.008598,96.769203,166.0065110904589,696
ZM,N156,-81.6726,86.504501,YT,MILR,-83.3063,156.2517,964.7882796302717,550
XP,N044,-79.069191,148.615921,XP,N100,-81.652496,122.610001,555.8501116986865,138
XP,N044,-79.069191,148.615921,XP,N028,-78.029579,153.650864,160.26183950764292,153
XP,N044,-79.069191,148.615921,XP,DIHI,-79.849022,159.480042,236.96158288386192,146
XP,N044,-79.069191,148.615921,XP,E006,-77.370201,161.625702,349.4470914016536,212
X4,H13,36.972698,97.653999,IC,LSA,29.70317,91.12757,1009.8198973781148,257
X4,H13,36.972698,97.653999,X4,D26,32.459202,96.394203,514.9017757277963,160
X4,H13,36.972698,97.653999,ZV,MAQU,34.0023,102.046799,516.8769749834802,193
X4,H13,36.972698,97.653999,X4,H01,36.209301,96.385002,141.56577799983452,283
X4,H13,36.972698,97.653999,X4,H05,35.6605,98.407898,160.7846305791454,283
X4,H13,36.972698,97.653999,X4,D08,34.924198,94.780502,344.6295178618356,283
X4,H13,36.972698,97.653999,X4,A01,36.432701,94.873199,255.06652772644756,241
X4,H13,36.972698,97.653999,X4,H19,38.2561,92.136803,506.3900487702941,283
X4,H13,36.972698,97.653999,IC,XAN,34.03107,108.92321,1070.48660529719,277
TW,KMNB,24.4638,118.388199,CB,NJ2,32.051701,118.854401,844.968544744076,3090
TW,KMNB,24.4638,118.388199,YM,37,21.6698,119.495399,330.6781313716374,262
TW,KMNB,24.4638,118.388199,HK,HKPS,22.277599,114.141502,496.9331679360774,5916
TW,KMNB,24.4638,118.388199,TW,MATB,26.151501,119.945602,244.38506672091566,1971
TW,KMNB,24.4638,118.388199,YM,12,23.405899,122.687202,452.4536233143164,384
3H,G56,-2.4299,-89.0249,3H,G44,-1.8313,-93.8518,540.468158237569,433
3H,G56,-2.4299,-89.0249,3H,G23,0.9001,-92.0216,498.08670603607203,436
3H,G56,-2.4299,-89.0249,3H,G06,2.0564,-90.6769,531.5842222825617,433
3H,G56,-2.4299,-89.0249,3H,G01,1.0132,-88.9369,382.9807500262844,434
3H,G56,-2.4299,-89.0249,3H,G18,1.5202,-93.2519,643.2288274887718,438
3H,G56,-2.4299,-89.0249,3H,G15,2.5843,-92.2501,662.870589954772,437
3H,G56,-2.4299,-89.0249,3H,G30,1.2999,-94.808,765.0721174265843,440
3H,G56,-2.4299,-89.0249,3H,G27,-0.183,-93.4209,548.8223021096944,445
3H,G56,-2.4299,-89.0249,8W,CBHM,-0.46906,-91.60975,360.68047217579954,237
YP,NE59,44.095901,125.961098,YP,NE81,46.069698,116.634697,763.9010611554259,701
YP,NE59,44.095901,125.961098,YP,NE83,46.2132,118.801102,608.5232104378553,699
YP,NE59,44.095901,125.961098,YP,NE32,42.670799,117.070099,735.3824058957991,497
YP,NE59,44.095901,125.961098,YP,NEP7,48.1744,118.1474,753.1411229542902,317
YP,NE59,44.095901,125.961098,YP,NE66,45.004101,120.704201,428.5463374371927,686
YP,NE59,44.095901,125.961098,YP,NEA3,47.562302,121.292,528.4310872931603,695
YP,NE59,44.095901,125.961098,YP,NE57,44.122898,123.258499,215.7851070642478,702
YP,NE59,44.095901,125.961098,YP,NEA5,47.648602,124.036697,422.1677273809567,623
YP,NE59,44.095901,125.961098,YP,NE8B,46.207199,126.056297,234.8845626967101,687
YP,NE59,44.095901,125.961098,5G,D16,41.745,126.4048,263.89235059525964,140
YP,NE59,44.095901,125.961098,CB,HEH,50.252998,127.410004,693.3054466210667,490
YP,NE59,44.095901,125.961098,YP,NE7D,45.342098,128.742905,259.80645649533216,593
YP,NE59,44.095901,125.961098,YP,NEAD,47.581402,133.5802,705.6007663642918,594
YP,NE59,44.095901,125.961098,YP,NE6F,45.295898,131.201401,435.07473521120426,636
YP,NE59,44.095901,125.961098,YP,NE5D,44.107601,129.6008,290.6085200760126,465
YP,NE59,44.095901,125.961098,YP,NE9B,46.946201,129.7948,435.3923788292929,694
YP,NE59,44.095901,125.961098,YP,NEAB,47.602501,131.668396,589.1533746166834,609
X8,COSY,43.438499,-65.625298,PE,PAKC,41.37471,-77.932533,1035.1532268682083,351
X8,COSY,43.438499,-65.625298,PE,PSSK,40.642586,-76.164978,923.4397740996166,351
X8,COSY,43.438499,-65.625298,YM,MHCG,44.2571,-75.7522,816.6506558315313,297
X8,COSY,43.438499,-65.625298,N4,R61A,38.3303,-75.339,993.654539914686,351
X8,COSY,43.438499,-65.625298,LD,FRNY,44.835,-73.5883,653.8652588483686,288
X8,COSY,43.438499,-65.625298,PO,LATQ,47.3835,-72.7819,709.7932188922799,318
X8,COSY,43.438499,-65.625298,C8,FORQ,48.7542,-69.1135,649.2207234488052,347
X8,COSY,43.438499,-65.625298,N4,G65A,45.2002,-67.5632,249.26696843716522,351
3J,OBS10,-16.02551,-176.12563,3J,OBS23,-15.39963,-171.86155,461.69195703891535,463
3J,OBS10,-16.02551,-176.12563,G,FUTU,-14.307673,-178.12107,286.957286440982,459
3J,OBS10,-16.02551,-176.12563,3J,OBS01,-13.155,-171.40391,599.9768760164329,467
3J,OBS10,-16.02551,-176.12563,3J,OBS13,-16.1503,-174.71751,151.08237318975827,466
3J,OBS10,-16.02551,-176.12563,3J,OBS17,-14.43021,-173.2349,357.28202699994176,465
3J,OBS10,-16.02551,-176.12563,3J,OBS11,-14.79489,-175.24356,166.32862625241023,466
3J,OBS10,-16.02551,-176.12563,3J,OBS28,-13.46713,-168.51582,866.2268662337938,461
3J,OBS10,-16.02551,-176.12563,3J,OBS26,-15.36052,-169.11661,753.9128318014017,449
JP,ASAJ,44.118801,142.593002,YP,NE7D,45.342098,128.742905,1101.129029969017,594
JP,ASAJ,44.118801,142.593002,YP,NEAD,47.581402,133.5802,796.4844627848362,594
JP,ASAJ,44.118801,142.593002,YP,NE6F,45.295898,131.201401,908.924204751311,636
JP,ASAJ,44.118801,142.593002,YP,NE5D,44.107601,129.6008,1036.144610020447,465
JP,ASAJ,44.118801,142.593002,YP,NE9B,46.946201,129.7948,1043.8810008593086,694
JP,ASAJ,44.118801,142.593002,YP,NEAB,47.602501,131.668396,929.3418709806411,609
JP,ASAJ,44.118801,142.593002,PS,TSK,36.2108,140.1097,904.1714467757544,2163
XI,HALM,22.8454,44.317299,XI,RANI,21.3116,42.7761,233.03391275705798,307
XI,HALM,22.8454,44.317299,XI,AFIF,23.931,43.040001,177.66385520495322,314
XI,HALM,22.8454,44.317299,II,RAYN,23.5225,45.5032,142.69536360326285,120
JP,JMZ,25.81983,131.223663,JP,JTU,34.5275,129.396332,983.993853063492,4214
JP,JMZ,25.81983,131.223663,JP,JMN,33.731499,133.876328,916.1208754268025,4215
JP,JMZ,25.81983,131.223663,JP,JNU,33.125,130.876694,812.9912681668932,4215
GE,MAHO,39.895901,4.2665,MN,WDD,35.8373,14.5242,1006.3264326261583,1896
GE,MAHO,39.895901,4.2665,YD,MMNN,39.8909,15.9904,999.48426401683,153
GE,MAHO,39.895901,4.2665,MN,CLTB,37.578,13.216,817.4663800100875,815
GE,MAHO,39.895901,4.2665,GE,CART,37.5868,-1.0012,523.9396820921194,2000
GE,MAHO,39.895901,4.2665,GE,MTE,40.3997,-7.5442,1004.6712248065672,2074
GE,MAHO,39.895901,4.2665,YF,HVAR,43.177601,16.449,1076.4175098001283,365
GE,MAHO,39.895901,4.2665,YI,GROG,43.426182,9.89201,610.0646353133267,379
GE,MAHO,39.895901,4.2665,YF,DUOK,44.113098,14.9318,997.1443806715419,451
GE,MAHO,39.895901,4.2665,YI,BARR,44.282799,12.0797,807.8587947392414,698
GE,MAHO,39.895901,4.2665,YI,BOB,44.767921,9.44782,688.8044149760541,758
GE,MAHO,39.895901,4.2665,MN,BNI,45.052,6.678,606.4094451881888,1915
GE,MAHO,39.895901,4.2665,CH,FUORN,46.620334,10.263551,890.9821965997272,548
ZQ,184,39.180099,115.048599,IC,XAN,34.03107,108.92321,791.2845301234283,420
ZQ,184,39.180099,115.048599,ZQ,159,38.216702,117.391502,229.80510853627766,334
ZQ,184,39.180099,115.048599,XG,MJPU,40.666698,115.683701,173.9470466543182,110
ZQ,184,39.180099,115.048599,IU,INCN,37.4776,126.6239,1026.534828733231,336
IP,MTOR,28.494801,-9.8487,XB,PM04,35.402599,-5.1525,886.4441009547716,200
IP,MTOR,28.494801,-9.8487,XB,PM18,34.150002,-4.8195,789.4378496239829,197
IP,MTOR,28.494801,-9.8487,XB,PM25,32.875702,-4.888,679.7547062329227,200
IP,MTOR,28.494801,-9.8487,XB,PS16,37.2131,-5.0491,1067.6564690882549,184
IP,MTOR,28.494801,-9.8487,PM,PFVI,37.132832,-8.826829,965.22195774415,196
QZ,USHN,49.969499,82.743909,QZ,BRZS,49.981769,72.677469,719.3193594029608,909
QZ,USHN,49.969499,82.743909,XV,NW140,50.82925,77.20242,404.1364285349439,108
QZ,USHN,49.969499,82.743909,QZ,TDK,45.002246,78.40445,641.1456047330958,914
QZ,USHN,49.969499,82.743909,KZ,MAKZ,46.807999,81.976997,356.069769998613,746
QZ,USHN,49.969499,82.743909,X7,MC06,45.17868,94.04808,999.8438632940272,380
QZ,USHN,49.969499,82.743909,QZ,SEM,50.403587,80.257129,183.50312067117534,914
ZP,GEIT,-2.881,32.216999,AF,LBB,-11.631,27.485001,1103.8707444887891,101
ZP,GEIT,-2.881,32.216999,ZP,KIBO,-3.583,30.712999,184.31573378274362,284
ZP,GEIT,-2.881,32.216999,ZP,BKBA,-1.364,31.812,174.5826002575476,290
YA,MC21,25.4876,99.643303,YA,MC10,28.976101,103.870499,570.1175463524578,203
YA,MC21,25.4876,99.643303,XE,SP18,29.483082,94.414757,680.5610734045702,204
YA,MC21,25.4876,99.643303,YA,MC16,27.1824,103.633003,439.95682547866414,206
YA,MC21,25.4876,99.643303,YA,MC12,27.662901,102.208397,351.51507347865277,174
YA,MC21,25.4876,99.643303,YA,MC14,27.864599,99.735199,264.4682202194412,223
YA,MC21,25.4876,99.643303,YA,MC17,26.4706,101.743698,236.69680312627636,185
YA,MC21,25.4876,99.643303,IC,LSA,29.70317,91.12757,960.784582647874,224
YA,MC21,25.4876,99.643303,XE,ES28,29.720207,98.426933,485.65509020780684,142
YA,MC21,25.4876,99.643303,YA,MC05,29.9921,100.220703,504.08833499577304,222
YA,MC21,25.4876,99.643303,YA,MC02,30.3811,103.428902,658.9537250347071,199
YA,MC21,25.4876,99.643303,XE,ES03,30.752544,92.85878,885.8561814887335,132
YA,MC21,25.4876,99.643303,XE,ES19,30.813387,95.711105,706.4817015909764,203
YA,MC21,25.4876,99.643303,XE,ES18,31.301319,97.962425,667.0055587583616,214
ZR,N1312,65.628799,13.44193,DK,MUD,56.455,9.1733,1045.0551082448612,267
ZR,N1312,65.628799,13.44193,ZR,N1306,66.741959,15.73804,161.06552144108068,279
ZR,N1312,65.628799,13.44193,ZR,N1317,64.797462,16.955721,188.05177302670228,229
NU,SIUN,13.71616,-84.773499,6Q,FEC2,14.41163,-90.93146,668.6733923640181,261
NU,SIUN,13.71616,-84.773499,CW,CAMR,23.061737,-81.370857,1099.2826989364357,2011
NU,SIUN,13.71616,-84.773499,GI,HUBA,15.816578,-91.294484,738.9613223698822,250
NU,SIUN,13.71616,-84.773499,GI,AVPA,15.3972,-89.6417,556.257907166996,123
NU,SIUN,13.71616,-84.773499,YG,INC37,15.691732,-88.351567,443.0945002427099,538
NU,SIUN,13.71616,-84.773499,SV,RBDL,14.113,-89.6827,531.6840117527125,440
NU,SIUN,13.71616,-84.773499,NU,BILN,14.0488,-83.374641,155.46624678762294,2083
NU,SIUN,13.71616,-84.773499,NU,ESPN,12.195,-84.300308,176.74661436980884,260
NU,SIUN,13.71616,-84.773499,CY,CBCY,19.73797,-79.758278,856.2951053337184,2169
XS,N020,40.349899,21.960501,MN,WDD,35.8373,14.5242,821.229913413963,293
XS,N020,40.349899,21.960501,HT,AGG,39.021099,22.336,151.20900476056514,217
XS,N020,40.349899,21.960501,MN,VTS,42.618,23.235,273.62739115367225,279
XS,N020,40.349899,21.960501,MN,DIVS,44.0981,19.9917,447.16298813545876,277
XS,N020,40.349899,21.960501,XS,N039,41.1087,23.5846,160.7680104115188,291
XS,N020,40.349899,21.960501,HL,ARG,36.213558,28.12122,707.2780737154181,95
YF,DUOK,44.113098,14.9318,MN,WDD,35.8373,14.5242,920.8796904217228,449
YF,DUOK,44.113098,14.9318,MN,VTS,42.618,23.235,691.1544482406438,374
YF,DUOK,44.113098,14.9318,YF,HVAR,43.177601,16.449,160.3821978440315,472
YF,DUOK,44.113098,14.9318,MN,BNI,45.052,6.678,661.6619846197175,520
YF,DUOK,44.113098,14.9318,GE,PSZ,47.918201,19.8934,570.56182938213,373
YF,DUOK,44.113098,14.9318,GE,IBBN,52.306301,7.7592,1053.5623528991143,525
YF,DUOK,44.113098,14.9318,GE,MLR,45.491199,25.945601,881.6360536941038,531
XF,NE6,79.326187,-38.454979,XF,NE1,74.87175,-38.55117,495.3170676147214,723
XF,NE6,79.326187,-38.454979,XF,NE2,73.990723,-46.23497,624.665251154723,724
XF,NE6,79.326187,-38.454979,XF,NE5,74.117332,-31.150419,607.3833815585597,725
XF,NE6,79.326187,-38.454979,XF,NE3,76.394577,-43.458302,346.04429388865606,725
XF,NE6,79.326187,-38.454979,YM,KASE,71.4776,-51.349701,939.4204356325704,466
XF,NE6,79.326187,-38.454979,DK,KULLO,74.580498,-57.2201,700.929805338542,260
XF,NE6,79.326187,-38.454979,GE,DAG,76.771301,-18.655001,533.1755415559646,704
XB,CM16,5.48,10.572,XB,CM29,9.347,13.385,530.1544054097442,243
XB,CM16,5.48,10.572,XB,CM06,2.385,11.268,352.70132374757685,312
XB,CM16,5.48,10.572,XB,CM24,6.523,14.288,426.9820374275832,151
XB,CM16,5.48,10.572,XB,CM03,3.519,15.034,540.5316689485433,260
XB,CM16,5.48,10.572,XB,CM02,2.698,13.289,431.84089750997697,241
XB,CM16,5.48,10.572,XB,CM17,5.546,12.312,192.72418859112184,353
XB,CM16,5.48,10.572,XB,CM01,2.389,9.834,353.3174874056241,347
XW,GHDI,15.63811,52.161732,XW,MOKA,13.31374,43.25631,992.8919053132317,120
XW,GHDI,15.63811,52.161732,XW,DAMT,14.08737,44.68227,822.0745867097176,129
XW,GHDI,15.63811,52.161732,XW,MUKA,14.48724,49.037788,359.0055834266688,126
XW,GHDI,15.63811,52.161732,XW,TAMU,17.294781,49.928551,301.05978493512,129
XW,GHDI,15.63811,52.161732,XW,SIMA,17.55549,52.316299,213.83843830352916,129
Z6,BRDL,22.677999,91.642998,TM,PHRA,18.4989,100.229,1006.9903934358579,378
Z6,BRDL,22.677999,91.642998,IO,EVN,27.958651,86.811653,761.7773847930767,441
Z6,BRDL,22.677999,91.642998,TM,CRAI,20.2289,100.3734,943.4577368836924,816
Z6,BRDL,22.677999,91.642998,IC,LSA,29.70317,91.12757,782.851899172256,1008
YI,BOB,44.767921,9.44782,MN,WDD,35.8373,14.5242,1081.7629614863754,905
YI,BOB,44.767921,9.44782,YD,MMNN,39.8909,15.9904,763.2832782410344,293
YI,BOB,44.767921,9.44782,YD,OBS14,39.169399,14.4694,747.9155441364109,124
YI,BOB,44.767921,9.44782,YD,OBS10,39.655998,17.802401,891.6678539045973,92
YI,BOB,44.767921,9.44782,MN,CLTB,37.578,13.216,859.1868079067953,537
YI,BOB,44.767921,9.44782,YI,GROG,43.426182,9.89201,153.35276380541183,373
YI,BOB,44.767921,9.44782,MN,DIVS,44.0981,19.9917,839.9052549159417,388
YI,BOB,44.767921,9.44782,YI,BARR,44.282799,12.0797,215.4928566748792,840
YI,BOB,44.767921,9.44782,MN,BNI,45.052,6.678,220.38807752999787,950
YI,BOB,44.767921,9.44782,CH,FUORN,46.620334,10.263551,215.4994419828195,739
YI,BOB,44.767921,9.44782,YG,CBP2J,47.367298,18.03178,722.0500587192445,136
YI,BOB,44.767921,9.44782,YG,CBP4F,47.720261,15.97801,599.6452087277362,160
YI,BOB,44.767921,9.44782,GE,PSZ,47.918201,19.8934,874.0734250325687,991
YI,BOB,44.767921,9.44782,XM,A106,48.146099,13.5743,490.7877574693085,299
YI,BOB,44.767921,9.44782,GE,IBBN,52.306301,7.7592,847.33651978956,960
YI,BOB,44.767921,9.44782,UK,STED,50.737,-1.9645,1078.933987425733,223
XE,PACH,-19.868052,-69.415749,XE,SALI,-19.62011,-67.724533,179.13272852410026,138
YH,L01,42.4263,-110.368103,XQ,ME10,40.959099,-122.461899,1016.4302393989017,220
YH,L01,42.4263,-110.368103,XP,N20,38.917702,-106.187599,525.7034599175955,220
YH,L01,42.4263,-110.368103,US,MVCO,37.19956,-108.49251,602.8163758325272,217
YH,L01,42.4263,-110.368103,XP,S29,36.959099,-106.535202,690.5504777624794,220
YH,L01,42.4263,-110.368103,XQ,ME62,39.534,-121.918999,1020.5961767916676,199
YH,L01,42.4263,-110.368103,XC,OR100,42.770699,-119.013199,708.345702047591,220
YH,L01,42.4263,-110.368103,IE,IRCI,43.515301,-112.033302,181.70380248700752,96
YH,L01,42.4263,-110.368103,IE,BCYI,44.310799,-113.405197,322.72740635886737,181
YH,L01,42.4263,-110.368103,US,HAWA,46.3925,-119.5327,850.3347137091699,220
YH,L01,42.4263,-110.368103,MB,HRY,46.711285,-111.831786,490.3487620684739,220
YH,L01,42.4263,-110.368103,US,DGMT,48.4702,-104.1959,826.1299178281857,220
YT,AGO1,-83.8615,129.6152,XH,DR15,-79.492798,-179.919296,901.4297991319152,725
YT,AGO1,-83.8615,129.6152,XH,RS06,-79.283501,-171.620193,1018.9905187985376,729
YT,AGO1,-83.8615,129.6152,YT,SURP,-84.7199,-171.2017,631.6916542662192,1767
YT,AGO1,-83.8615,129.6152,XH,RS15,-80.496597,-169.978806,931.0906816798945,721
YT,AGO1,-83.8615,129.6152,XH,RS17,-81.401604,-162.973801,935.7833508460674,713
YT,AGO1,-83.8615,129.6152,YT,HOWE,-87.4158,-149.4267,697.5073851377201,1822
YT,AGO1,-83.8615,129.6152,YT,BENN,-84.5731,-117.3923,1072.6812940353277,1681
YT,AGO1,-83.8615,129.6152,YT,MILR,-83.3063,156.2517,333.5026172633984,1429
YT,AGO1,-83.8615,129.6152,YT,DEVL,-81.4755,161.973,519.9376587591016,1751
YT,AGO1,-83.8615,129.6152,XH,RS02,-78.492897,173.345795,915.3812840072857,734
GE,CART,37.5868,-1.0012,GE,MTE,40.3997,-7.5442,645.9530496944308,2940
GE,CART,37.5868,-1.0012,MN,BNI,45.052,6.678,1047.9153469050175,2524
YU,B01A,42.554493,-76.505821,ZT,WEST,40.416389,-86.7725,886.9904728573143,327
YU,B01A,42.554493,-76.505821,GS,DEC08,39.861045,-88.924888,1080.0701566171542,1960
YU,B01A,42.554493,-76.505821,N4,P48A,39.4605,-85.4258,823.1950571754505,2086
YU,B01A,42.554493,-76.505821,N4,K43A,42.7044,-88.332,966.8729269799378,2136
YU,B01A,42.554493,-76.505821,US,GLMI,44.8245,-84.6175,698.9636250848203,1757
YU,B01A,42.554493,-76.505821,OH,CROH,41.293858,-82.152496,487.6288520659387,667
YU,B01A,42.554493,-76.505821,WU,TOBO,45.225804,-81.523445,499.7445961511712,2113
YU,B01A,42.554493,-76.505821,PE,PAKC,41.37471,-77.932533,176.41561451152768,2099
YU,B01A,42.554493,-76.505821,N4,Y60A,34.0046,-78.2163,962.2963304775278,2132
YU,B01A,42.554493,-76.505821,PE,PBL2,41.9981,-79.528809,256.27765269949424,2081
YU,B01A,42.554493,-76.505821,PE,PSSK,40.642586,-76.164978,214.4749793042164,2135
YU,B01A,42.554493,-76.505821,PE,PN1,40.52588,-79.716735,349.666049641961,1864
YU,B01A,42.554493,-76.505821,N4,R61A,38.3303,-75.339,479.96151496134684,2136
YU,B01A,42.554493,-76.505821,LD,FRNY,44.835,-73.5883,345.3831623104729,354
YU,B01A,42.554493,-76.505821,7O,ABNH,43.4819,-71.2471,439.70485760595284,750
YU,B01A,42.554493,-76.505821,N4,G65A,45.2002,-67.5632,774.2493519542853,2136
QZ,INDER,48.501565,51.694986,A0,LUS3,40.916392,45.189975,986.9018282496824,245
QZ,INDER,48.501565,51.694986,AB,HASN,39.336076,49.217978,1038.1343761963894,1372
QZ,INDER,48.501565,51.694986,AB,PRLH,40.401754,50.332841,907.0837947699963,1219
QZ,INDER,48.501565,51.694986,XA,EP15,40.33766,47.79234,958.9013018881998,110
QZ,INDER,48.501565,51.694986,QZ,ALGA,49.986897,57.210083,432.9485488290586,1381
ZU,NZ12,-43.001701,169.598602,NZ,URZ,-38.259249,177.110894,824.0145306752031,362
ZU,NZ12,-43.001701,169.598602,ZU,NZ01,-44.4981,165.001602,404.92666927007764,363
ZU,NZ12,-43.001701,169.598602,ZU,NZ21,-39.5005,170.000107,390.75912024784685,354
ZU,NZ12,-43.001701,169.598602,ZU,NZ22,-44.500599,173.998703,390.6805769748916,356
ZU,NZ12,-43.001701,169.598602,ZU,NZ26,-46.997898,174.498398,587.8692200630627,353
ZU,NZ12,-43.001701,169.598602,ZU,NZ29,-45.247398,172.253494,327.4684449419628,351
ZU,NZ12,-43.001701,169.598602,ZU,NZ18,-41.000198,170.0,225.01448606733106,356
ZU,NZ12,-43.001701,169.598602,ZU,NZ04,-41.999298,165.502396,353.7806452847954,363
ZU,NZ12,-43.001701,169.598602,Y3,CROE,-42.336498,171.398407,164.69051835411955,188
2A,34,-11.7336,-117.275101,2A,30,-14.3692,-116.1567,317.11415920405,345
2A,34,-11.7336,-117.275101,2A,32,-12.9996,-115.8554,208.79124537497316,344
2A,34,-11.7336,-117.275101,2A,48,-13.1701,-117.201202,159.93312920742142,287
XR,GTM,65.401497,-161.277802,XR,NOM,64.569504,-165.338303,212.1009498622813,563
YS,BULE,-9.41579,119.30487,YS,SARA,-8.7873,121.1043,209.56323470537887,305
YS,BULE,-9.41579,119.30487,YS,HADA,-8.3722,123.5454,480.0825052373386,309
YS,BULE,-9.41579,119.30487,YS,ONIX,-10.1033,124.4498,568.9616659599903,289
YS,BULE,-9.41579,119.30487,YS,MTNG,-8.2969,125.1025,649.0014920192459,298
XM,ANB18,-28.4534,-59.3139,XM,ASB19,-36.2284,-65.4205,1036.9927923431917,350
XM,ANB18,-28.4534,-59.3139,XM,ASB20,-35.8086,-63.9305,925.8945821690031,459
XM,ANB18,-28.4534,-59.3139,XM,ASB13,-35.20574,-67.67386,1088.8765821864881,623
XM,ANB18,-28.4534,-59.3139,XM,ASB22,-33.66389,-67.46128,967.900449329938,617
XM,ANB18,-28.4534,-59.3139,C1,AC02,-26.835517,-69.129067,983.0952843514996,264
XM,ANB18,-28.4534,-59.3139,XM,ANB11,-25.951,-62.49889,420.2471748976263,584
XM,ANB18,-28.4534,-59.3139,ON,TIJ01,-25.908848,-49.024242,1055.9820697109233,223
XM,ANB18,-28.4534,-59.3139,XM,ANB09,-25.4413,-66.2624,765.6627357186472,337
XM,ANB18,-28.4534,-59.3139,XM,ANB20,-26.7962,-65.316,619.2775918058969,626
XM,ANB18,-28.4534,-59.3139,XM,ANB03,-23.50208,-66.11349,874.3571766465159,622
XM,ANB18,-28.4534,-59.3139,XM,ANB10,-25.0271,-64.5865,647.3884712817379,624
XM,ANB18,-28.4534,-59.3139,XM,ANB17,-25.2429,-59.8069,360.3251720810318,546
XM,ANB18,-28.4534,-59.3139,XM,ANB16,-24.0911,-61.4628,530.2442460416773,546
XM,ANB18,-28.4534,-59.3139,XM,CB22,-24.00541,-68.52551,1042.9567383430885,582
NR,NE80,30.5,-112.319931,NR,NE74,28.007509,-114.013802,322.1937664974482,1521
NR,NE80,30.5,-112.319931,ZL,N06,27.174299,-111.153603,386.84994938608145,356
NR,NE80,30.5,-112.319931,NR,NE78,24.398199,-111.10643,688.957979740661,489
NR,NE80,30.5,-112.319931,ZL,I02,25.684299,-110.099602,578.0369114362861,355
NR,NE80,30.5,-112.319931,NR,NE82,26.915661,-109.230843,499.55261421678983,1494
NR,NE80,30.5,-112.319931,ZL,S05,23.347799,-108.094299,898.6518231605476,356
NR,NE80,30.5,-112.319931,NR,NE83,24.730881,-107.739326,784.1354898224673,1079
NR,NE80,30.5,-112.319931,XE,SNP22,37.010502,-119.360199,972.8736410289696,272
NR,NE80,30.5,-112.319931,XK,UT65,38.584999,-112.425003,899.0634140921583,405
NR,NE80,30.5,-112.319931,US,MVCO,37.19956,-108.49251,824.343745674975,680
NR,NE80,30.5,-112.319931,CI,PDM,34.30336,-114.14152,456.15718881675036,170
NR,NE80,30.5,-112.319931,US,AMTX,34.8837,-101.6808,1107.6716557650952,819
PR,SNC1,17.699398,-64.793793,CU,GRTK,21.511472,-71.13425,787.7199484870986,700
PR,SNC1,17.699398,-64.793793,ZC,HMDR,18.7879,-69.381,499.3051954240734,687
PR,SNC1,17.699398,-64.793793,WI,SLBI,14.023,-60.974,577.9010491375078,349
PR,SNC1,17.699398,-64.793793,CU,GRGR,12.13237,-61.65407,704.9065539299529,700
S1,AUKAL,-30.7637,121.4789,M8,WATNG,-30.73225,118.19848,313.4976189554198,547
S1,AUKAL,-30.7637,121.4789,M8,AU41,-28.0108,120.9861,309.80878952255716,165
S1,AUKAL,-30.7637,121.4789,S1,AUMAZ,-32.0069,116.0384,534.551884939725,2081
S1,AUKAL,-30.7637,121.4789,IM,I04H3,-34.607571,116.351547,642.4239934458378,1019
S1,AUKAL,-30.7637,121.4789,M8,AY52,-33.46036,123.00861,332.65840068249287,160
S1,AUKAL,-30.7637,121.4789,S1,AUBUS,-33.6601,115.3828,657.5806426856965,2257
S1,AUKAL,-30.7637,121.4789,S1,AUALB,-34.9995,117.9046,577.1651380765502,2433
S1,AUKAL,-30.7637,121.4789,M8,MUKOZ,-26.7575,114.6094,803.9694434188639,170
ZF,LYDE,12.05456,41.925701,XW,MOKA,13.31374,43.25631,201.09436885006534,182
ZF,LYDE,12.05456,41.925701,XW,DAMT,14.08737,44.68227,374.4714133859737,193
ZF,LYDE,12.05456,41.925701,XW,MUKA,14.48724,49.037788,815.7705018674196,188
ZF,LYDE,12.05456,41.925701,XW,TAMU,17.294781,49.928551,1039.175266333873,191
YS,HADA,-8.3722,123.5454,YS,SARA,-8.7873,121.1043,272.3395438432,707
YS,HADA,-8.3722,123.5454,YS,ONIX,-10.1033,124.4498,216.57371062895544,691
YS,HADA,-8.3722,123.5454,YS,MTNG,-8.2969,125.1025,171.51760268205751,700
XG,HUB03,36.332462,74.661621,KN,ULHL,42.245602,76.241699,671.3892543940153,93
XK,Z09CG,-13.3058,32.221001,AF,KTWE,-12.814,28.209,437.9969226436362,142
XK,Z09CG,-13.3058,32.221001,XK,Z04NN,-13.075,30.6276,174.4020484164048,671
XK,Z09CG,-13.3058,32.221001,XK,W02NB,-13.724,33.559898,152.0414661687624,670
XK,Z09CG,-13.3058,32.221001,XV,TETE,-16.129999,33.57,345.92243447602897,172
XK,Z09CG,-13.3058,32.221001,XK,W10LW,-12.6208,34.165199,224.02012974302363,673
XK,Z09CG,-13.3058,32.221001,XK,W15SS,-15.6818,34.974701,397.0763383493276,674
XK,Z09CG,-13.3058,32.221001,XK,Q05MJ,-13.3953,36.125702,422.56275741671493,158
XK,Z09CG,-13.3058,32.221001,XK,Q07MR,-13.1967,37.4986,571.3360027151472,665
ZU,NZ01,-44.4981,165.001602,ZU,NZ21,-39.5005,170.000107,692.1007340474256,354
ZU,NZ01,-44.4981,165.001602,ZU,NZ22,-44.500599,173.998703,713.2070047440875,358
ZU,NZ01,-44.4981,165.001602,ZU,NZ26,-46.997898,174.498398,786.9411437613782,355
ZU,NZ01,-44.4981,165.001602,ZU,NZ29,-45.247398,172.253494,577.2958912527059,353
ZU,NZ01,-44.4981,165.001602,ZU,NZ18,-41.000198,170.0,563.5839926750125,356
ZU,NZ01,-44.4981,165.001602,ZU,NZ04,-41.999298,165.502396,280.79768177998045,368
ZU,NZ01,-44.4981,165.001602,Y3,CROE,-42.336498,171.398407,569.6161642891512,188
YS,PL03,21.2055,-155.679398,YS,NGOK,22.122999,-159.664993,424.3038027925763,100
YS,PL03,21.2055,-155.679398,YS,MRKH,21.108999,-157.270004,165.2934601976917,251
YS,PL03,21.2055,-155.679398,YS,PL27,18.000299,-155.714996,356.422081809078,364
YS,PL03,21.2055,-155.679398,YS,PL19,16.711901,-153.407806,553.7987890710914,364
YS,PL03,21.2055,-155.679398,YS,PL08,20.892599,-153.292099,250.17141709470064,370
YS,PL03,21.2055,-155.679398,YS,PL21,17.180099,-154.691299,459.4682961065478,363
YT,ST01,-83.228,-98.7418,YT,SURP,-84.7199,-171.2017,802.3711663785546,361
YT,ST01,-83.228,-98.7418,YT,MPAT,-78.0297,-155.0221,1104.617973424417,361
YT,ST01,-83.228,-98.7418,YT,CLRK,-77.3231,-141.8485,999.9057293872395,361
YT,ST01,-83.228,-98.7418,YT,SILY,-77.1332,-125.966,834.2626086694437,361
YT,ST01,-83.228,-98.7418,YT,HOWD,-77.5286,-86.7694,668.3400088077877,361
YT,ST01,-83.228,-98.7418,YT,KOLR,-76.1544,-120.727,886.4115997392133,361
YT,ST01,-83.228,-98.7418,YT,ST10,-75.8143,-129.7489,1007.9548047622819,361
YT,ST01,-83.228,-98.7418,YT,ST04,-80.7152,-116.5792,390.31827851799363,331
YT,ST01,-83.228,-98.7418,YT,ST07,-78.6388,-123.7953,661.8767597962317,361
YT,ST01,-83.228,-98.7418,YT,ST02,-82.069,-109.1247,195.54897673145857,360
YT,ST01,-83.228,-98.7418,YT,PECA,-85.6124,-68.5525,411.9127143453343,337
YT,ST01,-83.228,-98.7418,YT,DUFK,-82.8619,-53.2006,598.581560985946,361
YY,MGNA,12.7864,36.404301,YY,GORE,8.1501,35.533001,524.257836721761,198
YY,MGNA,12.7864,36.404301,YY,ABMD,11.8317,35.5825,138.7088093935381,191
YY,MGNA,12.7864,36.404301,YY,NEKE,9.089,36.523701,411.3392121102338,198
YY,MGNA,12.7864,36.404301,YY,CHGE,10.9614,36.518398,203.3104296029639,198
XV,MAJA,-15.7323,46.4263,XK,Q07MR,-13.1967,37.4986,1001.5971836778655,392
XV,MAJA,-15.7323,46.4263,XV,BITY,-20.060801,47.000099,485.12016728824733,390
XV,MAJA,-15.7323,46.4263,XV,SOLA,-15.8636,48.826302,257.201441916673,112
XV,MAJA,-15.7323,46.4263,XV,LAHA,-14.9344,50.2911,423.83013754698965,693
XV,MAJA,-15.7323,46.4263,XV,ANTS,-14.8843,47.999298,193.26517710533147,700
XV,MAJA,-15.7323,46.4263,XV,ZOBE,-18.1369,47.228901,280.6768295593941,392
XV,MAJA,-15.7323,46.4263,XV,ANLA,-17.7062,49.4599,390.54900183493214,697
XV,MAJA,-15.7323,46.4263,AF,SKRH,-22.827,44.733002,808.6333571391432,250
XV,MAJA,-15.7323,46.4263,XV,MAHA,-23.1714,47.689899,837.71360099844,691
XV,MAJA,-15.7323,46.4263,XV,AMPY,-24.7033,44.743599,1012.8215289548727,379
XV,MAJA,-15.7323,46.4263,XV,BAND,-20.3428,45.596401,520.1144965512698,389
XV,MAJA,-15.7323,46.4263,XV,DGOS,-12.2825,49.3606,497.326589963705,621
X4,C13,33.996498,91.553497,IC,LSA,29.70317,91.12757,479.08732845907593,310
X4,C13,33.996498,91.553497,Y2,PURG,30.198799,81.275299,1055.5817636657582,277
X4,C13,33.996498,91.553497,X4,D26,32.459202,96.394203,481.5459930826461,265
X4,C13,33.996498,91.553497,X4,F06,33.102501,95.114601,344.6350303985785,146
X4,C13,33.996498,91.553497,Y2,NOCO,33.719398,80.389801,1030.7928811271693,111
X4,C13,33.996498,91.553497,X4,A01,36.432701,94.873199,405.33023737338056,272
X4,C13,33.996498,91.553497,XO,JSO2,35.168579,92.985191,184.83253618126366,294
6E,SB04,38.573502,-87.751999,N4,X48A,34.4517,-87.0452,462.6515662160105,201
6E,SB04,38.573502,-87.751999,N4,237B,32.001499,-95.808403,1032.944200346749,201
6E,SB04,38.573502,-87.751999,N4,Z38B,33.2599,-94.9852,878.8702534937424,201
6E,SB04,38.573502,-87.751999,N4,V51A,35.803299,-84.351097,430.7979378306371,201
6E,SB04,38.573502,-87.751999,KY,LLKY,36.92159,-88.096558,186.16549945407672,200
6E,SB04,38.573502,-87.751999,XO,SOKY,37.5256,-85.961899,195.3059751344286,173
6E,SB04,38.573502,-87.751999,N4,R40B,38.2909,-92.2684,394.6093733010077,201
6E,SB04,38.573502,-87.751999,NM,SCMO,38.761799,-90.641296,251.70826054119328,200
6E,SB04,38.573502,-87.751999,N4,N41A,40.7077,-90.8552,356.2178219561312,201
6E,SB04,38.573502,-87.751999,GS,DEC08,39.861045,-88.924888,175.22974321419065,177
6E,SB04,38.573502,-87.751999,N4,P48A,39.4605,-85.4258,223.85727077588115,201
6E,SB04,38.573502,-87.751999,N4,P51A,39.4818,-83.060097,417.63029899183596,138
6E,SB04,38.573502,-87.751999,N4,K43A,42.7044,-88.332,461.9316528638835,201
6E,SB04,38.573502,-87.751999,US,ECSD,43.7337,-96.6141,937.0453542731503,201
6E,SB04,38.573502,-87.751999,US,GLMI,44.8245,-84.6175,742.0414588528876,201
6E,SB04,38.573502,-87.751999,N4,R53A,38.3307,-81.952202,505.68311602787435,130
6E,SB04,38.573502,-87.751999,WU,TOBO,45.225804,-81.523445,900.9803401026767,197
6E,SB04,38.573502,-87.751999,7A,BDEG,37.331501,-77.208298,934.1870476614247,156
1D,KIBB,-75.276108,-65.604904,YT,MA07,-78.2496,-93.4991,773.4517233582156,331
1D,KIBB,-75.276108,-65.604904,1D,ELSW,-75.519371,-85.707581,561.4686054445624,381
1D,KIBB,-75.276108,-65.604904,1D,PIG3,-75.084061,-97.474449,895.7567164751846,718
1D,KIBB,-75.276108,-65.604904,YT,HOWD,-77.5286,-86.7694,602.9443691902295,753
1D,KIBB,-75.276108,-65.604904,YT,MA09,-79.8993,-104.9977,1043.381381494237,347
1D,KIBB,-75.276108,-65.604904,YT,MA06,-79.4397,-97.5587,887.9712683528359,331
1D,KIBB,-75.276108,-65.604904,YT,STEW,-84.1863,-86.2349,1056.5141519886893,718
1D,KIBB,-75.276108,-65.604904,1D,ATOL,-71.389671,-68.870117,444.35771993143896,385
1D,KIBB,-75.276108,-65.604904,1D,ROTH,-67.520012,-68.148849,866.9493307041398,363
1D,KIBB,-75.276108,-65.604904,YT,THRO,-79.127296,-28.317499,990.3358451196317,294
1D,KIBB,-75.276108,-65.604904,YT,MECK,-75.2808,-72.185,185.83944789241667,753
1D,KIBB,-75.276108,-65.604904,YT,DUFK,-82.8619,-53.2006,878.3675364362056,753
1D,KIBB,-75.276108,-65.604904,1D,WELC,-70.731812,-63.82737,508.5383332042579,354
AB,PRLH,40.401754,50.332841,MP,DHK1,36.8606,42.8665,758.3161676742106,918
AB,PRLH,40.401754,50.332841,MP,KUT1,32.5091,45.7974,966.4602736970251,521
AB,PRLH,40.401754,50.332841,A0,LUS3,40.916392,45.189975,437.5061227046869,192
AB,PRLH,40.401754,50.332841,AB,HASN,39.336076,49.217978,151.96626170291393,1227
AB,PRLH,40.401754,50.332841,XA,EP15,40.33766,47.79234,215.33518994361629,97
S1,AUPHS,-31.099,150.8943,OZ,MILD,-34.25915,142.05571,898.3398117863612,436
S1,AUPHS,-31.099,150.8943,OZ,BOGA,-35.547,143.57532,840.4411854904926,462
S1,AUPHS,-31.099,150.8943,OZ,ROWM,-37.80614,144.29176,959.9891202505356,503
S1,AUPHS,-31.099,150.8943,OZ,DTMM,-36.52813,147.46539,681.6248408682684,503
S1,AUPHS,-31.099,150.8943,Y2,KKVN5,-26.343691,152.185039,543.5248193720081,172
S1,AUPHS,-31.099,150.8943,S1,AUUHS,-35.3589,150.4696,475.32251043604606,4007
S1,AUPHS,-31.099,150.8943,YW,MSWL3,-32.3933,150.92683,143.9526573210129,379
S1,AUPHS,-31.099,150.8943,S1,AUDCS,-32.2334,148.6278,248.8327147059314,4299
S1,AUPHS,-31.099,150.8943,S1,AUMOU,-24.5752,149.9814,730.9360645319535,2027
YQ,KIMO,-10.6922,36.046299,AF,LBB,-11.631,27.485001,939.7394502635487,255
YQ,KIMO,-10.6922,36.046299,ZV,CHAA,-7.59109,31.270399,627.4811343189778,390
YQ,KIMO,-10.6922,36.046299,YQ,VWZM,-11.1753,33.574402,275.16602608567007,270
YQ,KIMO,-10.6922,36.046299,YQ,MFRI,-9.2944,35.312901,174.95094937326655,240
YQ,KIMO,-10.6922,36.046299,XJ,LN25,-2.5006,35.886398,911.0365455162546,145
ZG,CP07,-16.8862,-70.373901,XP,LZAE,-25.3074,-68.3992,958.4857966853352,259
ZG,CP07,-16.8862,-70.373901,XP,PLTP,-22.0413,-66.786499,685.4939583173187,309
ZG,CP07,-16.8862,-70.373901,YS,OLC5,-21.009501,-68.352997,505.33102665398695,104
ZG,CP07,-16.8862,-70.373901,ZG,CP12,-15.2374,-69.531097,204.26111787807335,620
ZG,CP07,-16.8862,-70.373901,TO,PG01,-15.3626,-75.160202,538.58573225248,503
ZG,CP07,-16.8862,-70.373901,II,NNA,-11.9875,-76.8422,884.0135975363165,604
ZG,CP07,-16.8862,-70.373901,ZD,FS07,-13.46172,-71.9198,415.3447381461942,487
ZG,CP07,-16.8862,-70.373901,ZD,FM06,-13.3499,-74.462502,589.2133782903479,409
ZG,CP07,-16.8862,-70.373901,ZG,CP13,-14.7893,-71.444702,259.77923624477455,620
ZG,CP07,-16.8862,-70.373901,TO,PG20,-14.6049,-73.997299,463.3546102012412,504
ZG,CP07,-16.8862,-70.373901,ZD,FM09,-12.65027,-73.041481,551.4306926200327,548
ZG,CP07,-16.8862,-70.373901,TO,PE03,-17.1644,-71.789101,153.61341053103382,570
ZG,CP07,-16.8862,-70.373901,YS,PARW,-18.201099,-69.2677,187.43506813706222,266
ZG,CP07,-16.8862,-70.373901,ZG,CB14,-17.249399,-65.900902,477.1708295313136,493
XT,CMPC,7.6508,-64.073097,VE,ELOV,7.0011,-69.4832,601.0167795897685,390
XT,CMPC,7.6508,-64.073097,VE,JACV,11.0873,-68.82987,646.7434507245101,354
XT,CMPC,7.6508,-64.073097,VE,BAUV,8.9433,-68.041496,459.68081561092987,390
XT,CMPC,7.6508,-64.073097,XT,PNCH,11.2493,-66.5009,480.6209749022176,364
XT,CMPC,7.6508,-64.073097,XT,MHTO,13.9497,-66.490997,748.4904807026859,368
XT,CMPC,7.6508,-64.073097,VE,CAIV,7.3262,-66.321602,250.50358390999375,389
XT,CMPC,7.6508,-64.073097,XT,SOMB,12.7209,-64.931297,571.5348952312813,360
XT,CMPC,7.6508,-64.073097,XT,ABPC,9.4608,-64.820702,217.4025613721769,326
XT,CMPC,7.6508,-64.073097,XT,MIPC,10.9455,-64.294403,367.15820215758407,240
XT,CMPC,7.6508,-64.073097,VE,RIOV,8.069,-61.814499,253.09334566770346,345
XG,MSDY,40.461639,37.776543,XG,DGSU,39.131145,42.729748,448.2086137425649,258
XG,MSDY,40.461639,37.776543,XG,KTLN,37.953327,41.705223,438.52049449435856,406
XG,MSDY,40.461639,37.776543,XG,BYBT,40.235348,40.265499,212.41250312903531,456
XG,MSDY,40.461639,37.776543,GE,MRNI,33.01178,35.391998,855.1054157617323,536
XT,SOMB,12.7209,-64.931297,VE,ELOV,7.0011,-69.4832,808.0577748597867,287
XT,SOMB,12.7209,-64.931297,VE,JACV,11.0873,-68.82987,461.4189417769359,251
XT,SOMB,12.7209,-64.931297,VE,BAUV,8.9433,-68.041496,540.1623136180007,287
XT,SOMB,12.7209,-64.931297,XT,PNCH,11.2493,-66.5009,236.47902639218375,360
XT,SOMB,12.7209,-64.931297,XT,MHTO,13.9497,-66.490997,217.13205677477663,360
XT,SOMB,12.7209,-64.931297,VE,CAIV,7.3262,-66.321602,618.8649165462352,286
XT,SOMB,12.7209,-64.931297,XT,ABPC,9.4608,-64.820702,362.7078372828029,204
XT,SOMB,12.7209,-64.931297,XT,MIPC,10.9455,-64.294403,209.22962486423737,240
XT,SOMB,12.7209,-64.931297,VE,RIOV,8.069,-61.814499,619.4332619918207,271
PQ,NAB2,58.59503,-119.16559,EO,KLRS,61.03095,-138.40663,1104.9279818150646,1622
PQ,NAB2,58.59503,-119.16559,7C,MM26,63.081,-130.1928,776.5535100780021,685
PQ,NAB2,58.59503,-119.16559,XJ,SNOW,56.8922,-132.3526,803.7330404901,294
PQ,NAB2,58.59503,-119.16559,NY,TGTN,61.5267,-128.27268,600.6110938912403,1989
PQ,NAB2,58.59503,-119.16559,C8,BNKB,53.3318,-129.9017,886.411687815124,679
PQ,NAB2,58.59503,-119.16559,NY,MAYO,63.59581,-135.89209,1052.3523860267294,2402
PQ,NAB2,58.59503,-119.16559,ZQ,ETIP,58.443645,-133.990631,859.2636354765425,117
PQ,NAB2,58.59503,-119.16559,7C,MM30,64.2803,-128.8747,814.3454854014002,619
PQ,NAB2,58.59503,-119.16559,NY,WGLY,63.22815,-123.45841,564.7395905129201,1864
PQ,NAB2,58.59503,-119.16559,C8,MWAB,49.7411,-125.3032,1061.4324558441701,224
PQ,NAB2,58.59503,-119.16559,Y5,PER,53.68,-116.040001,579.6651208511959,836
PQ,NAB2,58.59503,-119.16559,TD,TD009,52.32058,-116.323372,720.167282789214,3011
PQ,NAB2,58.59503,-119.16559,RV,DEDWA,56.644562,-117.389069,241.2875757115259,2715
PQ,NAB2,58.59503,-119.16559,XL,MG06,55.87212,-120.041481,307.3212874478011,396
PQ,NAB2,58.59503,-119.16559,RV,SWHSA,54.899441,-116.751793,436.4201825490647,2485
PQ,NAB2,58.59503,-119.16559,PQ,NBC3,59.63716,-120.66875,144.1758848790253,1310
PQ,RICHY,66.9808,-136.2216,EO,KLRS,61.03095,-138.40663,670.0044988407586,696
PQ,RICHY,66.9808,-136.2216,NY,TGTN,61.5267,-128.27268,716.5755773368091,754
PQ,RICHY,66.9808,-136.2216,NY,MAYO,63.59581,-135.89209,376.7044024074336,1003
ZB,Y30S,-0.08943,97.860863,ZB,LAIS,-3.5291,102.034698,601.1697189154927,138
ZB,Y30S,-0.08943,97.860863,ZB,L10S,0.6458,100.867378,344.154762720372,90
ZB,Y30S,-0.08943,97.860863,ZB,TIKU,-0.399,99.944199,234.19787990849483,157
ZB,Y30S,-0.08943,97.860863,PS,PSI,2.6938,98.923698,331.2639674980479,286
8Q,P12,29.909498,-142.683938,8Q,P11,28.19732,-143.482162,205.5870664797958,435
8Q,P12,29.909498,-142.683938,8Q,P03,27.897,-141.755108,241.35221296052504,437
8Q,P12,29.909498,-142.683938,8Q,P09,26.612795,-142.356315,367.97811110805986,433
8Q,P12,29.909498,-142.683938,8Q,P18,25.762145,-143.392715,466.3974704644354,434
8Q,P12,29.909498,-142.683938,8Q,P15,27.844793,-139.753242,366.22075773292113,439
8Q,P12,29.909498,-142.683938,8Q,P22,26.902167,-138.673857,515.3402491112058,428
8Q,P12,29.909498,-142.683938,8Q,P13,29.966537,-141.146892,148.2410768449728,440
8Q,P12,29.909498,-142.683938,8Q,P20,29.158303,-137.94284,466.19220831292597,438
GB,DRUM,56.91267,-2.4865,Z7,FAG,63.874779,-16.653641,1093.1685424697987,282
GB,DRUM,56.91267,-2.4865,GB,JSA,49.18783,-2.17167,859.2194711667473,4916
GB,DRUM,56.91267,-2.4865,DK,MUD,56.455,9.1733,713.0650294642502,4950
GB,DRUM,56.91267,-2.4865,GB,LAWE,56.26,-5.399,192.5224433310781,2991
GB,DRUM,56.91267,-2.4865,GB,WACR,52.72433,0.62833,506.5469263959616,3371
GB,DRUM,56.91267,-2.4865,GB,GAL1,54.86633,-4.71133,266.46924343484204,5001
GB,DRUM,56.91267,-2.4865,EI,IDGL,55.073,-7.51,373.2870980285061,4218
GB,DRUM,56.91267,-2.4865,EI,IMAC,51.845801,-9.070097,705.8875716453183,1132
GB,DRUM,56.91267,-2.4865,UK,STED,50.737,-1.9645,687.552777680016,1271
GB,DRUM,56.91267,-2.4865,WF,SPG,52.32553,-3.01928,511.2152223514758,574
GB,DRUM,56.91267,-2.4865,EI,DSB,53.24519,-6.37619,476.90836193222293,3454
YS,PL57,18.9142,-150.914993,YS,PL37,19.8234,-160.047501,963.2114340099776,400
YS,PL57,18.9142,-150.914993,YS,PL46,24.312099,-156.9646,866.5465763566682,383
YS,PL57,18.9142,-150.914993,YS,PL41,24.573799,-158.933105,1039.6522301550822,379
YS,PL57,18.9142,-150.914993,YS,PL69,16.3484,-157.700806,773.525338266563,390
YS,PL57,18.9142,-150.914993,YS,NGOK,22.122999,-159.664993,978.3369127486611,403
YS,PL57,18.9142,-150.914993,YS,PL67,16.162001,-156.206604,639.0097224104402,387
YS,PL57,18.9142,-150.914993,YS,PL70,15.574,-158.982498,933.5865581905489,377
YS,PL57,18.9142,-150.914993,YS,MRKH,21.108999,-157.270004,707.3211995218024,131
YS,PL57,18.9142,-150.914993,YS,PL45,24.2006,-154.811996,712.5859449815314,317
YS,PL57,18.9142,-150.914993,YS,PL61,16.737801,-151.637604,253.80431905539848,387
YS,PL57,18.9142,-150.914993,YS,PL62,14.6891,-151.6866,476.932081254273,391
8A,OKAM,-20.407301,18.2187,8A,GAMM,-20.2505,20.8253,272.34373688520424,850
8A,OKAM,-20.407301,18.2187,8A,OMUT,-18.4093,16.6364,277.2951099989993,689
8A,OKAM,-20.407301,18.2187,8A,WAND,-24.649982,19.743595,497.0668777471403,220
8A,OKAM,-20.407301,18.2187,AF,WIN,-22.5667,17.1,266.5527397381253,242
8A,OKAM,-20.407301,18.2187,8A,SOLI,-23.861238,16.039537,444.81331404343496,223
8A,OKAM,-20.407301,18.2187,8A,KANO,-19.194901,19.4398,185.7262239252051,743
8A,OKAM,-20.407301,18.2187,8A,OTJO,-20.018,15.9799,237.58723802585297,673
8A,OKAM,-20.407301,18.2187,8A,AROB,-26.798342,19.647346,725.3842006465186,227
8A,OKAM,-20.407301,18.2187,AF,UPI,-28.362,21.253,936.2513291976508,796
8A,OKAM,-20.407301,18.2187,8A,WEWE,-21.209,16.809099,171.5036770052313,642
8A,OKAM,-20.407301,18.2187,NR,NE215,-18.78417,25.196014,752.7797951468212,191
8A,OKAM,-20.407301,18.2187,ZT,CRAIL,-22.80259,28.24304,1069.7435587894818,198
Z4,CP02,-34.586201,-73.293198,GT,PLCA,-40.73277,-70.55083,724.7382708626302,314
ZU,NZ29,-45.247398,172.253494,NZ,URZ,-38.259249,177.110894,874.8924819557144,361
ZU,NZ29,-45.247398,172.253494,ZU,NZ21,-39.5005,170.000107,665.2200969208592,345
ZU,NZ29,-45.247398,172.253494,ZU,NZ22,-44.500599,173.998703,160.64280057335822,362
ZU,NZ29,-45.247398,172.253494,ZU,NZ26,-46.997898,174.498398,260.40470134125724,360
ZU,NZ29,-45.247398,172.253494,ZU,NZ18,-41.000198,170.0,506.3875093998531,346
ZU,NZ29,-45.247398,172.253494,ZU,NZ04,-41.999298,165.502396,652.1427666743549,355
ZU,NZ29,-45.247398,172.253494,Y3,CROE,-42.336498,171.398407,330.8689201017834,188
XF,NE2,73.990723,-46.23497,XF,NE1,74.87175,-38.55117,249.13709592994056,724
XF,NE2,73.990723,-46.23497,DK,DY2G,66.479599,-46.309399,835.2045618475681,725
XF,NE2,73.990723,-46.23497,XF,NE5,74.117332,-31.150419,459.7956097012941,725
XF,NE2,73.990723,-46.23497,XF,NE3,76.394577,-43.458302,278.6264529285471,722
XF,NE2,73.990723,-46.23497,YM,KASE,71.4776,-51.349701,326.222975359316,467
XF,NE2,73.990723,-46.23497,DK,KULLO,74.580498,-57.2201,336.7528220771582,261
XF,NE2,73.990723,-46.23497,GE,DAG,76.771301,-18.655001,823.8437100383665,700
Z1,Z16N,-13.10831,25.87236,AF,RUDU,-17.909599,19.764799,844.3534671889757,474
Z1,Z16N,-13.10831,25.87236,BX,XAUDM,-18.53956,21.338223,774.4624688393201,110
Z1,Z16N,-13.10831,25.87236,Z1,Z21G,-14.29531,26.53437,150.11827207920754,547
Z1,Z16N,-13.10831,25.87236,Z1,Z34S,-17.164391,27.52483,484.62383060014906,286
Z1,Z16N,-13.10831,25.87236,Z1,Z09L,-11.820822,25.11821,164.92318975016468,142
XH,RS12,-79.017899,-147.632095,XH,DR15,-79.492798,-179.919296,662.7478403251963,694
XH,RS12,-79.017899,-147.632095,XH,RS06,-79.283501,-171.620193,499.3729179734019,698
XH,RS12,-79.017899,-147.632095,YT,SURP,-84.7199,-171.2017,721.7696689034964,723
XH,RS12,-79.017899,-147.632095,XH,RS15,-80.496597,-169.978806,467.85509211711235,691
XH,RS12,-79.017899,-147.632095,XH,RS17,-81.401604,-162.973801,390.7488963326017,712
XH,RS12,-79.017899,-147.632095,XH,RS10,-79.278801,-155.467697,166.44589956989984,777
XH,RS12,-79.017899,-147.632095,YT,MPAT,-78.0297,-155.0221,196.77311511288968,778
XH,RS12,-79.017899,-147.632095,YT,HOWE,-87.4158,-149.4267,933.9890381529359,778
XH,RS12,-79.017899,-147.632095,YT,CLRK,-77.3231,-141.8485,229.76867169803128,746
XH,RS12,-79.017899,-147.632095,YT,SILY,-77.1332,-125.966,536.0832743668383,778
XH,RS12,-79.017899,-147.632095,YT,KOLR,-76.1544,-120.727,708.8507826979501,778
XH,RS12,-79.017899,-147.632095,YT,MA09,-79.8993,-104.9977,852.9680650702534,717
XH,RS12,-79.017899,-147.632095,YT,BENN,-84.5731,-117.3923,762.2231106999117,766
XH,RS12,-79.017899,-147.632095,YT,MA06,-79.4397,-97.5587,1009.7252952001163,702
XH,RS12,-79.017899,-147.632095,YT,STEW,-84.1863,-86.2349,1072.0680403476968,731
XH,RS12,-79.017899,-147.632095,YT,UPTW,-77.5781,-109.0374,867.9880512155595,778
XH,RS12,-79.017899,-147.632095,YT,MILR,-83.3063,156.2517,1013.4492886188929,719
XH,RS12,-79.017899,-147.632095,YT,DEVL,-81.4755,161.973,952.5578170164529,726
XH,RS12,-79.017899,-147.632095,XH,RS02,-78.492897,173.345795,832.2646886518658,694
4P,MBB03,37.028999,-93.024002,XR,SC25,33.580601,-103.548203,1028.3698732787432,528
4P,MBB03,37.028999,-93.024002,US,AMTX,34.8837,-101.6808,814.525918027065,749
4P,MBB03,37.028999,-93.024002,ZL,N06M,34.904999,-90.221199,345.5185508138497,140
4P,MBB03,37.028999,-93.024002,GS,OK006,35.477982,-97.278709,418.6293901873609,92
4P,MBB03,37.028999,-93.024002,Z9,W14,32.0938,-83.898697,998.9388285070942,308
4P,MBB03,37.028999,-93.024002,KY,LLKY,36.92159,-88.096558,437.83448404274804,781
4P,MBB03,37.028999,-93.024002,XO,MG05,37.482498,-90.870102,197.1819600542108,176
4P,MBB03,37.028999,-93.024002,NM,SCMO,38.761799,-90.641296,284.3001956064712,175
4P,MBB03,37.028999,-93.024002,XI,SN44,46.716999,-93.125999,1077.2907707303098,176
4P,MBB03,37.028999,-93.024002,US,ECSD,43.7337,-96.6141,804.9463413547875,839
ZV,CHAA,-7.59109,31.270399,AF,KTWE,-12.814,28.209,670.4052663459179,93
ZV,CHAA,-7.59109,31.270399,AF,LBB,-11.631,27.485001,611.5150128351098,280
ZV,CHAA,-7.59109,31.270399,YQ,VWZM,-11.1753,33.574402,471.9186052364995,307
ZV,CHAA,-7.59109,31.270399,YQ,MFRI,-9.2944,35.312901,483.27558736042613,279
ZV,CHAA,-7.59109,31.270399,XJ,LN25,-2.5006,35.886398,762.6505883224921,162
ZD,FM09,-12.65027,-73.041481,YS,OLC5,-21.009501,-68.352997,1054.7098915630227,117
ZD,FM09,-12.65027,-73.041481,ZG,CP12,-15.2374,-69.531097,475.649137387736,558
ZD,FM09,-12.65027,-73.041481,TO,PG01,-15.3626,-75.160202,378.4193914276622,431
ZD,FM09,-12.65027,-73.041481,II,NNA,-11.9875,-76.8422,419.4100402562019,542
ZD,FM09,-12.65027,-73.041481,ZD,FS07,-13.46172,-71.9198,151.33920370921848,500
ZD,FM09,-12.65027,-73.041481,ZD,FM06,-13.3499,-74.462502,172.49816753200167,337
ZD,FM09,-12.65027,-73.041481,ZG,CP13,-14.7893,-71.444702,293.80320245477697,559
ZD,FM09,-12.65027,-73.041481,TO,PG20,-14.6049,-73.997299,240.63786246619745,432
ZD,FM09,-12.65027,-73.041481,TO,PE03,-17.1644,-71.789101,519.6642414965321,561
ZD,FM09,-12.65027,-73.041481,YS,PARW,-18.201099,-69.2677,737.8569888903537,266
ZD,FM09,-12.65027,-73.041481,ZG,CB14,-17.249399,-65.900902,921.7224491235947,499
YW,MAIO,15.23057,-23.17725,YW,PATM,14.86933,-24.42407,139.78023535400303,670
YW,MAIO,15.23057,-23.17725,YW,SALA,16.73283,-22.935659,169.0283326286958,663
GS,SJPH,18.19029,-73.003403,CU,GRTK,21.511472,-71.13425,417.8314705791736,98
CB,HEH,50.252998,127.410004,YP,NE81,46.069698,116.634697,923.4339900929762,492
CB,HEH,50.252998,127.410004,YP,NE83,46.2132,118.801102,779.1916246264399,493
CB,HEH,50.252998,127.410004,YP,NEP7,48.1744,118.1474,710.8280326771388,226
CB,HEH,50.252998,127.410004,YP,NE66,45.004101,120.704201,769.5486446050313,482
CB,HEH,50.252998,127.410004,YP,NEA3,47.562302,121.292,537.7353538628001,488
CB,HEH,50.252998,127.410004,YP,NE57,44.122898,123.258499,750.0689421711804,492
CB,HEH,50.252998,127.410004,YP,NEA5,47.648602,124.036697,380.1070435169047,432
CB,HEH,50.252998,127.410004,YP,NE8B,46.207199,126.056297,460.8902542648631,483
CB,HEH,50.252998,127.410004,5G,D16,41.745,126.4048,949.2038473345921,146
CB,HEH,50.252998,127.410004,YP,NE7D,45.342098,128.742905,555.0443698954488,423
CB,HEH,50.252998,127.410004,YP,NEAD,47.581402,133.5802,539.6635454540493,428
CB,HEH,50.252998,127.410004,YP,NE6F,45.295898,131.201401,619.5581562844638,448
CB,HEH,50.252998,127.410004,YP,NE5D,44.107601,129.6008,703.0266927087706,311
CB,HEH,50.252998,127.410004,YP,NE9B,46.946201,129.7948,407.3234256612534,487
CB,HEH,50.252998,127.410004,YP,NEAB,47.602501,131.668396,428.40998440785273,423
CB,HEH,50.252998,127.410004,1U,SHRD,41.945759,128.791214,929.7973373199242,441
CC,YOCR,45.379178,-121.743539,PQ,LHLYB,48.536332,-123.729633,382.01724662852087,646
CC,YOCR,45.379178,-121.743539,PB,B934,39.844501,-123.691399,635.6813924921919,1991
CC,YOCR,45.379178,-121.743539,NV,BACME,48.314654,-126.058199,462.69568244819925,1796
CC,YOCR,45.379178,-121.743539,UO,RSBO,44.043361,-122.267036,154.1882250520479,1997
CC,YOCR,45.379178,-121.743539,UO,TOMA,42.44142,-122.10751,327.96180461222053,306
CC,YOCR,45.379178,-121.743539,NN,RUB,39.051701,-120.1549,715.6022342015954,1258
CC,YOCR,45.379178,-121.743539,NN,DIX,39.8021,-118.083,688.5567262569496,1616
CC,YOCR,45.379178,-121.743539,WY,YHR,44.106,-110.0816,931.0137460059965,1305
CC,YOCR,45.379178,-121.743539,IE,BCYI,44.310799,-113.405197,667.7150645613103,1926
CC,YOCR,45.379178,-121.743539,US,HAWA,46.3925,-119.5327,204.8754902592275,1349
CC,YOCR,45.379178,-121.743539,XP,TWRS,45.103471,-114.849947,540.4371906401722,147
CC,YOCR,45.379178,-121.743539,I0,RD179,52.227003,-114.108056,943.621715917072,367
CC,YOCR,45.379178,-121.743539,TD,TD009,52.32058,-116.323372,867.1930568348324,1967
CC,YOCR,45.379178,-121.743539,MB,HRY,46.711285,-111.831786,778.6345797805953,1996
MX,ZAIG,22.769176,-102.567123,MX,MOIG,19.646708,-101.227303,373.94352602235153,4082
MX,ZAIG,22.769176,-102.567123,MG,JRQG,20.69875,-100.451583,317.39933527113357,1330
MX,ZAIG,22.769176,-102.567123,EP,CHC4,28.667999,-106.035896,742.1589307752927,122
MX,ZAIG,22.769176,-102.567123,7P,PC53,31.4616,-103.6937,972.942955711717,276
MX,ZAIG,22.769176,-102.567123,TX,BRDY,31.285872,-98.999447,1010.5929254434997,3198
XF,NE5,74.117332,-31.150419,XF,NE1,74.87175,-38.55117,235.25258966449354,726
XF,NE5,74.117332,-31.150419,DK,DY2G,66.479599,-46.309399,1015.3259296517134,728
XF,NE5,74.117332,-31.150419,XF,NE3,76.394577,-43.458302,429.29522723593834,723
XF,NE5,74.117332,-31.150419,YM,KASE,71.4776,-51.349701,721.6348329340068,469
XF,NE5,74.117332,-31.150419,DK,KULLO,74.580498,-57.2201,777.4148449427261,263
XF,NE5,74.117332,-31.150419,GE,DAG,76.771301,-18.655001,455.6131671435331,703
LD,FRNY,44.835,-73.5883,N4,P51A,39.4818,-83.060097,980.6725704229309,1168
LD,FRNY,44.835,-73.5883,US,GLMI,44.8245,-84.6175,869.0958538582349,4085
LD,FRNY,44.835,-73.5883,XI,SC10,49.752998,-83.817001,944.2591648184615,855
LD,FRNY,44.835,-73.5883,N4,R53A,38.3307,-81.952202,1002.4440688905382,1062
LD,FRNY,44.835,-73.5883,WU,TOBO,45.225804,-81.523445,624.8422903812002,2690
LD,FRNY,44.835,-73.5883,PO,MEDO,43.1646,-78.454597,431.18916345469387,1292
LD,FRNY,44.835,-73.5883,7A,BDEG,37.331501,-77.208298,887.5548312987206,668
LD,FRNY,44.835,-73.5883,PE,PAKC,41.37471,-77.932533,521.7907472168379,1367
LD,FRNY,44.835,-73.5883,X8,QM90,52.2915,-77.098801,868.1682161135426,539
LD,FRNY,44.835,-73.5883,PO,ACTO,43.6087,-80.062401,533.4545821394105,1457
LD,FRNY,44.835,-73.5883,PE,PBL2,41.9981,-79.528809,573.9831817884203,872
LD,FRNY,44.835,-73.5883,PE,PSSK,40.642586,-76.164978,511.39763637150975,1353
LD,FRNY,44.835,-73.5883,PE,PN1,40.52588,-79.716735,692.8382842136983,138
LD,FRNY,44.835,-73.5883,YM,MHCG,44.2571,-75.7522,183.12041779281918,762
LD,FRNY,44.835,-73.5883,ZN,DC34,38.8634,-76.985199,720.9879350274894,145
LD,FRNY,44.835,-73.5883,N4,R61A,38.3303,-75.339,737.7499372328373,1831
LD,FRNY,44.835,-73.5883,X8,QM76,50.764801,-74.817596,665.7006142473577,577
LD,FRNY,44.835,-73.5883,PO,LATQ,47.3835,-72.7819,290.11444483941995,2043
LD,FRNY,44.835,-73.5883,YO,X03,35.893299,-72.719002,996.9797290852899,358
LD,FRNY,44.835,-73.5883,ZS,W05,39.379101,-71.982002,620.9350758343356,114
LD,FRNY,44.835,-73.5883,7O,ABNH,43.4819,-71.2471,239.8127913159088,514
LD,FRNY,44.835,-73.5883,X8,QM38,47.675201,-70.853104,379.3704029600146,720
LD,FRNY,44.835,-73.5883,C8,FORQ,48.7542,-69.1135,552.9273427816082,1073
LD,FRNY,44.835,-73.5883,7K,AN4,40.332022,-66.973035,737.1313699387055,232
LD,FRNY,44.835,-73.5883,N4,G65A,45.2002,-67.5632,475.21455926280066,1620
LD,FRNY,44.835,-73.5883,Y6,HOLY,46.525902,-66.463997,584.2819614151925,681
7K,AN4,40.332022,-66.973035,PE,PAKC,41.37471,-77.932533,928.3885420814504,239
7K,AN4,40.332022,-66.973035,PE,PBL2,41.9981,-79.528809,1066.219987311783,236
7K,AN4,40.332022,-66.973035,PE,PSSK,40.642586,-76.164978,777.7692031850053,239
7K,AN4,40.332022,-66.973035,YM,MHCG,44.2571,-75.7522,843.0477469943912,182
7K,AN4,40.332022,-66.973035,N4,R61A,38.3303,-75.339,752.8363499578869,239
7K,AN4,40.332022,-66.973035,C8,FORQ,48.7542,-69.1135,951.6368747356281,164
7K,AN4,40.332022,-66.973035,N4,G65A,45.2002,-67.5632,543.4524206737144,239
YT,DEVL,-81.4755,161.973,XH,DR15,-79.492798,-179.919296,396.65064997445194,673
YT,DEVL,-81.4755,161.973,XH,RS06,-79.283501,-171.620193,541.3433465343172,677
YT,DEVL,-81.4755,161.973,YT,SURP,-84.7199,-171.2017,499.40941565024616,3016
YT,DEVL,-81.4755,161.973,XH,RS15,-80.496597,-169.978806,495.2933248749779,669
YT,DEVL,-81.4755,161.973,XH,RS17,-81.401604,-162.973801,571.4952789371401,665
YT,DEVL,-81.4755,161.973,XH,RS10,-79.278801,-155.467697,806.3598196170101,748
YT,DEVL,-81.4755,161.973,YT,MPAT,-78.0297,-155.0221,904.8588353508626,3025
YT,DEVL,-81.4755,161.973,YT,HOWE,-87.4158,-149.4267,787.6939747231721,1763
YT,DEVL,-81.4755,161.973,YT,BENN,-84.5731,-117.3923,1036.2661014137072,2317
YT,DEVL,-81.4755,161.973,ZM,GM01,-83.985802,104.729103,810.8123377681417,261
YT,DEVL,-81.4755,161.973,ZM,N140,-82.008598,96.769203,988.3289732070592,1275
YT,DEVL,-81.4755,161.973,YT,MILR,-83.3063,156.2517,220.07174185186884,2614
YT,DEVL,-81.4755,161.973,ZJ,RKST,-74.201065,159.001755,811.6066359010874,1077
YT,DEVL,-81.4755,161.973,ZJ,DONT,-73.876846,165.12001,847.9186053804442,1082
YT,DEVL,-81.4755,161.973,XH,RS02,-78.492897,173.345795,396.4251855992763,682
ZL,I02,25.684299,-110.099602,NR,NE74,28.007509,-114.013802,466.35500776802184,240
ZL,I02,25.684299,-110.099602,ZL,N06,27.174299,-111.153603,196.12126775677555,354
ZL,I02,25.684299,-110.099602,NR,NE82,26.915661,-109.230843,162.00886737314127,229
ZL,I02,25.684299,-110.099602,ZL,S05,23.347799,-108.094299,329.61942517784746,354
ZL,I02,25.684299,-110.099602,NR,NE83,24.730881,-107.739326,260.04224085685735,125
ZL,I02,25.684299,-110.099602,XF,MA36,19.3594,-104.893204,883.2556688659935,258
ZL,I02,25.684299,-110.099602,XF,MA40,20.219801,-103.942001,875.3299508864714,251
ZL,I02,25.684299,-110.099602,XF,MA28,20.1786,-102.597,981.9827429902887,258
XI,KR42,0.037997,35.726284,XI,HOSA,7.563968,37.857258,869.5621858908065,182
XI,KR42,0.037997,35.726284,XI,CHEF,6.16128,38.210144,734.5628617159051,100
WU,TOBO,45.225804,-81.523445,N4,V51A,35.803299,-84.351097,1074.4639409735692,1409
WU,TOBO,45.225804,-81.523445,KY,LLKY,36.92159,-88.096558,1074.409347109579,4566
WU,TOBO,45.225804,-81.523445,XO,SOKY,37.5256,-85.961899,932.5008137288756,683
WU,TOBO,45.225804,-81.523445,XO,LE17,37.9874,-89.1763,1024.9865322168564,407
WU,TOBO,45.225804,-81.523445,NM,SCMO,38.761799,-90.641296,1040.1004632768932,1450
WU,TOBO,45.225804,-81.523445,N4,N41A,40.7077,-90.8552,909.537323307826,4501
WU,TOBO,45.225804,-81.523445,ZT,WEST,40.416389,-86.7725,684.7091031377747,327
WU,TOBO,45.225804,-81.523445,GS,DEC08,39.861045,-88.924888,849.9089987910522,4268
WU,TOBO,45.225804,-81.523445,N4,P48A,39.4605,-85.4258,716.6009503404107,4280
WU,TOBO,45.225804,-81.523445,N4,P51A,39.4818,-83.060097,651.0310278910616,1339
WU,TOBO,45.225804,-81.523445,N4,K43A,42.7044,-88.332,612.5274084002513,4482
WU,TOBO,45.225804,-81.523445,XI,SC04,49.624001,-89.675003,783.616420349133,414
WU,TOBO,45.225804,-81.523445,XI,SN44,46.716999,-93.125999,910.9917953229204,447
WU,TOBO,45.225804,-81.523445,XI,SC09,49.740002,-86.754997,637.2528794770672,445
WU,TOBO,45.225804,-81.523445,US,GLMI,44.8245,-84.6175,247.21271322995662,4455
WU,TOBO,45.225804,-81.523445,XI,SC10,49.752998,-83.817001,532.0139003985944,450
WU,TOBO,45.225804,-81.523445,N4,R53A,38.3307,-81.952202,767.5221479255413,1137
WU,TOBO,45.225804,-81.523445,OH,CROH,41.293858,-82.152496,440.1662626234612,760
WU,TOBO,45.225804,-81.523445,PO,MEDO,43.1646,-78.454597,335.19700037294285,471
WU,TOBO,45.225804,-81.523445,7A,BDEG,37.331501,-77.208298,948.6115856218943,694
WU,TOBO,45.225804,-81.523445,PE,PAKC,41.37471,-77.932533,517.386820990497,3582
WU,TOBO,45.225804,-81.523445,X8,QM90,52.2915,-77.098801,849.5833192104054,518
WU,TOBO,45.225804,-81.523445,PO,ACTO,43.6087,-80.062401,213.99638182505007,470
WU,TOBO,45.225804,-81.523445,PE,PBL2,41.9981,-79.528809,393.1583923135595,2979
WU,TOBO,45.225804,-81.523445,PE,PSSK,40.642586,-76.164978,670.5173469309342,3598
WU,TOBO,45.225804,-81.523445,PE,PN1,40.52588,-79.716735,542.9087342779941,2102
WU,TOBO,45.225804,-81.523445,YM,MHCG,44.2571,-75.7522,468.2580175279149,960
WU,TOBO,45.225804,-81.523445,ZN,DC34,38.8634,-76.985199,800.2620454817546,128
WU,TOBO,45.225804,-81.523445,N4,R61A,38.3303,-75.339,921.7898673687213,4051
WU,TOBO,45.225804,-81.523445,X8,QM76,50.764801,-74.817596,792.0001078979242,563
WU,TOBO,45.225804,-81.523445,PO,LATQ,47.3835,-72.7819,712.5868448990799,2101
WU,TOBO,45.225804,-81.523445,ZS,W05,39.379101,-71.982002,1017.7876049012563,122
WU,TOBO,45.225804,-81.523445,7O,ABNH,43.4819,-71.2471,839.1120680467543,1040
WU,TOBO,45.225804,-81.523445,X8,QM38,47.675201,-70.853104,860.802105899161,708
WU,TOBO,45.225804,-81.523445,C8,FORQ,48.7542,-69.1135,1018.2554943479741,1286
WU,TOBO,45.225804,-81.523445,N4,G65A,45.2002,-67.5632,1092.1987355963897,3859
XE,UYUN,-20.461914,-66.74688,XE,SALI,-19.62011,-67.724533,138.53352281822384,229
XE,UYUN,-20.461914,-66.74688,XE,CRUZ,-19.103399,-66.221199,160.7618025192731,170
XB,PS16,37.2131,-5.0491,XB,PM04,35.402599,-5.1525,201.53185260919585,900
XB,PS16,37.2131,-5.0491,ZI,MB16,29.7026,-9.5269,932.4181514781772,507
XB,PS16,37.2131,-5.0491,XB,PM18,34.150002,-4.8195,341.2317685090277,900
XB,PS16,37.2131,-5.0491,ZI,MB19,29.741051,-7.979389,874.0351306433911,209
XB,PS16,37.2131,-5.0491,XB,PM25,32.875702,-4.888,482.51998796196665,815
XB,PS16,37.2131,-5.0491,3D,MM05,30.680401,-6.3895,736.8248032951647,668
XB,PS16,37.2131,-5.0491,XB,PS37,38.999699,-4.9555,198.82971225337002,727
XB,PS16,37.2131,-5.0491,XB,PS57,37.011501,-2.9864,184.27056304263007,767
XB,PS16,37.2131,-5.0491,PM,PFVI,37.132832,-8.826829,334.81081142303015,867
AF,UPI,-28.362,21.253,AF,CVNA,-31.482,19.762,375.49515594091713,5517
AF,UPI,-28.362,21.253,8A,GAMM,-20.2505,20.8253,902.99687404025,1243
AF,UPI,-28.362,21.253,AF,HVD,-30.605,25.497,480.5203532672666,5327
AF,UPI,-28.362,21.253,XK,B07DX,-20.549,22.749399,881.838903153897,278
AF,UPI,-28.362,21.253,BX,XAUDM,-18.53956,21.338223,1092.2414700805514,582
AF,UPI,-28.362,21.253,XK,B04KH,-20.474199,24.513901,937.0172135313236,276
AF,UPI,-28.362,21.253,8A,WAND,-24.649982,19.743595,439.22003371002967,470
AF,UPI,-28.362,21.253,AF,WIN,-22.5667,17.1,767.3534144165687,3906
AF,UPI,-28.362,21.253,8A,SOLI,-23.861238,16.039537,721.9099199457587,478
AF,UPI,-28.362,21.253,8A,KANO,-19.194901,19.4398,1035.8439331232591,1094
AF,UPI,-28.362,21.253,BX,LKGWB,-24.11351,21.782303,475.34944170749617,2085
AF,UPI,-28.362,21.253,8A,OTJO,-20.018,15.9799,1070.542008697831,1096
AF,UPI,-28.362,21.253,8A,AROB,-26.798342,19.647346,235.09936551500275,364
AF,UPI,-28.362,21.253,AF,PKA,-29.67,22.757,206.2514768391776,1023
AF,UPI,-28.362,21.253,8A,WEWE,-21.209,16.809099,912.9301217911857,805
AF,UPI,-28.362,21.253,BX,KGCAE,-22.853821,22.206787,619.8947768237833,2130
AF,UPI,-28.362,21.253,ZQ,AAM2,-26.473,27.490999,650.4553283990595,475
AF,UPI,-28.362,21.253,ZT,CRAIL,-22.80259,28.24304,934.2729482073358,1117
AF,UPI,-28.362,21.253,ZT,WTBG,-24.2119,28.88291,889.3656007347959,1148
AF,UPI,-28.362,21.253,ZT,DULL,-25.36478,30.17588,945.4383138923929,1032
X8,QM90,52.2915,-77.098801,XI,SC04,49.624001,-89.675003,928.0175634764039,288
X8,QM90,52.2915,-77.098801,XI,SC09,49.740002,-86.754997,731.9157860704498,322
X8,QM90,52.2915,-77.098801,US,GLMI,44.8245,-84.6175,996.6079605355633,540
X8,QM90,52.2915,-77.098801,XI,SC10,49.752998,-83.817001,547.8354753953153,322
X8,QM90,52.2915,-77.098801,PO,MEDO,43.1646,-78.454597,1019.870619749428,322
X8,QM90,52.2915,-77.098801,PO,ACTO,43.6087,-80.062401,990.1681158470825,321
X8,QM90,52.2915,-77.098801,X8,QM76,50.764801,-74.817596,231.75859960502976,218
X8,QM90,52.2915,-77.098801,PO,LATQ,47.3835,-72.7819,627.1784775985647,540
X8,QM90,52.2915,-77.098801,X8,QM38,47.675201,-70.853104,679.870506747171,218
X8,QM90,52.2915,-77.098801,Y6,HOLY,46.525902,-66.463997,999.7578421847459,218
KN,ULHL,42.245602,76.241699,TJ,SHAA,37.562,68.122803,865.8433260949917,1258
KN,ULHL,42.245602,76.241699,TJ,CHGR,38.656898,69.158203,719.6626526429595,1343
KN,ULHL,42.245602,76.241699,XG,SAB01,34.73164,72.336189,901.7395330980228,91
KN,ULHL,42.245602,76.241699,II,AAK,42.6375,74.4942,149.86845055753793,6189
KN,ULHL,42.245602,76.241699,KR,TRKS,41.472454,71.167327,428.8764327489677,242
KN,ULHL,42.245602,76.241699,CK,MNAS,42.49321,72.49757,308.7942222526465,252
KN,ULHL,42.245602,76.241699,KR,BTK,40.06675,70.81572,514.6928157312309,2145
KN,ULHL,42.245602,76.241699,XW,ATUS,39.716,76.157204,281.36866465971025,110
KN,ULHL,42.245602,76.241699,XP,ORTK,41.039398,75.056801,166.38047231052093,621
KN,ULHL,42.245602,76.241699,Y2,NOCO,33.719398,80.389801,1015.0370514062689,109
KN,ULHL,42.245602,76.241699,KZ,MAKZ,46.807999,81.976997,680.8607143153981,2919
KN,ULHL,42.245602,76.241699,XW,KSA,41.5425,77.925697,159.81123723220963,680
KN,ULHL,42.245602,76.241699,XW,AKSU,41.1441,80.109802,343.6870577744863,403
CA,CPAL,42.310533,3.16244,MN,CLTB,37.578,13.216,1004.6926992088808,1504
CA,CPAL,42.310533,3.16244,1L,ST30,37.734164,-6.621247,975.2765223184228,135
CA,CPAL,42.310533,3.16244,CA,CARA,42.707643,0.818132,197.16301915389508,2970
CA,CPAL,42.310533,3.16244,MN,BNI,45.052,6.678,415.6674969656677,2122
CA,CPAL,42.310533,3.16244,CH,FUORN,46.620334,10.263551,739.2127758875117,3161
CA,CPAL,42.310533,3.16244,GB,JSA,49.18783,-2.17167,869.0105031303914,3053
YY,GORE,8.1501,35.533001,YY,ABMD,11.8317,35.5825,409.41167947476856,655
YY,GORE,8.1501,35.533001,YY,NEKE,9.089,36.523701,150.87128746485362,675
YY,GORE,8.1501,35.533001,YY,CHGE,10.9614,36.518398,330.7460108291202,665
YY,GORE,8.1501,35.533001,YY,DAQU,13.1448,37.897598,612.5189833172693,154
XK,Q07MR,-13.1967,37.4986,AF,KTWE,-12.814,28.209,1007.302608220803,142
XK,Q07MR,-13.1967,37.4986,XK,Z04NN,-13.075,30.6276,744.129820160629,661
XK,Q07MR,-13.1967,37.4986,XK,W02NB,-13.724,33.559898,429.94441804145106,652
XK,Q07MR,-13.1967,37.4986,XV,TETE,-16.129999,33.57,533.7940533121339,156
XK,Q07MR,-13.1967,37.4986,XK,W10LW,-12.6208,34.165199,366.91723893723514,655
XK,Q07MR,-13.1967,37.4986,XK,W15SS,-15.6818,34.974701,387.56762458319054,656
XK,Q07MR,-13.1967,37.4986,XK,Q05MJ,-13.3953,36.125702,150.19947062859632,157
YD,OBS10,39.655998,17.802401,MN,VTS,42.618,23.235,561.4651298121227,97
YD,OBS10,39.655998,17.802401,MN,BNI,45.052,6.678,1091.9155024030215,97
YD,OBS10,39.655998,17.802401,GE,PSZ,47.918201,19.8934,933.8248150191753,97
YD,OBS10,39.655998,17.802401,GE,APE,37.068901,25.5306,732.3140053433715,97
XG,DGSU,39.131145,42.729748,XG,KTLN,37.953327,41.705223,158.40185932544577,244
XG,DGSU,39.131145,42.729748,XG,BYBT,40.235348,40.265499,244.00234979183108,177
XG,DGSU,39.131145,42.729748,GE,MRNI,33.01178,35.391998,946.9208525590045,153
GE,DAG,76.771301,-18.655001,XF,NE1,74.87175,-38.55117,578.122986647814,703
GE,DAG,76.771301,-18.655001,XF,NE3,76.394577,-43.458302,636.5567715761089,700
GE,DAG,76.771301,-18.655001,YV,HJO,70.352203,-28.164,771.6810292847249,351
GE,DAG,76.771301,-18.655001,DK,KULLO,74.580498,-57.2201,1067.363779253459,4432
GE,DAG,76.771301,-18.655001,PL,HSPB,77.001877,15.53318,850.7413300669741,5523
ZJ,DONT,-73.876846,165.12001,XH,DR15,-79.492798,-179.919296,727.7180928050493,368
ZJ,DONT,-73.876846,165.12001,XH,RS06,-79.283501,-171.620193,838.3853333913676,368
ZJ,DONT,-73.876846,165.12001,XH,RS15,-80.496597,-169.978806,942.7954571407289,367
ZJ,DONT,-73.876846,165.12001,XH,RS17,-81.401604,-162.973801,1100.6026274225364,337
ZJ,DONT,-73.876846,165.12001,YT,MILR,-83.3063,156.2517,1063.4514876285505,1064
ZJ,DONT,-73.876846,165.12001,ZJ,RKST,-74.201065,159.001755,190.42906617544298,1078
ZJ,DONT,-73.876846,165.12001,XH,RS02,-78.492897,173.345795,556.579734309118,377
XB,CM06,2.385,11.268,XB,CM29,9.347,13.385,808.7382923603047,464
XB,CM06,2.385,11.268,XB,CM24,6.523,14.288,568.993110068362,380
XB,CM06,2.385,11.268,XB,CM03,3.519,15.034,436.7945686906896,265
XB,CM06,2.385,11.268,XB,CM02,2.698,13.289,227.1856649903601,225
XB,CM06,2.385,11.268,XB,CM17,5.546,12.312,370.07027578752724,317
XB,CM06,2.385,11.268,XB,CM01,2.389,9.834,159.31600157059145,319
BL,COR2,-17.743299,-48.689201,BL,CANB,-22.96814,-50.37785,607.0374794054177,229
JP,JTU,34.5275,129.396332,CB,NJ2,32.051701,118.854401,1017.2275976763194,1835
JP,JTU,34.5275,129.396332,KS,SH2B,38.2686,128.2524,428.3946635954946,1089
JP,JTU,34.5275,129.396332,JP,JHJ2,33.115299,139.813797,974.6122029823619,4258
JP,JTU,34.5275,129.396332,JP,JWT,35.285671,135.398666,553.7137236900999,4271
JP,JTU,34.5275,129.396332,JP,JMN,33.731499,133.876328,421.70966217473995,4270
JP,JTU,34.5275,129.396332,PS,TSK,36.2108,140.1097,988.7273444529383,3592
JP,JTU,34.5275,129.396332,JP,JNU,33.125,130.876694,207.4067788400877,4270
JP,JTU,34.5275,129.396332,1U,SHRD,41.945759,128.791214,826.5585041477815,348
JP,JTU,34.5275,129.396332,JP,JSD,38.040001,138.257172,884.5300134191934,4271
7C,MM30,64.2803,-128.8747,YG,GLN4,61.789501,-147.679596,983.638870066427,570
7C,MM30,64.2803,-128.8747,AT,MID,59.427799,-146.338806,1058.0584031773749,636
7C,MM30,64.2803,-128.8747,7C,MM26,63.081,-130.1928,148.33938177158868,632
7C,MM30,64.2803,-128.8747,XJ,SNOW,56.8922,-132.3526,842.874144668515,179
7C,MM30,64.2803,-128.8747,NY,TGTN,61.5267,-128.27268,307.6976146113187,487
7C,MM30,64.2803,-128.8747,NY,MAYO,63.59581,-135.89209,350.970424183489,618
7C,MM30,64.2803,-128.8747,NY,WGLY,63.22815,-123.45841,290.77977124370614,636
7C,MM30,64.2803,-128.8747,RV,DEDWA,56.644562,-117.389069,1053.685874065435,599
7C,MM30,64.2803,-128.8747,PQ,NBC3,59.63716,-120.66875,670.1880973211737,499
XM,ANB17,-25.2429,-59.8069,C1,AC02,-26.835517,-69.129067,947.8012767196954,264
XM,ANB17,-25.2429,-59.8069,XM,ANB11,-25.951,-62.49889,281.1987418582741,502
XM,ANB17,-25.2429,-59.8069,ON,TIJ01,-25.908848,-49.024242,1083.7201912228556,142
XM,ANB17,-25.2429,-59.8069,XM,ANB09,-25.4413,-66.2624,649.0543715759007,349
XM,ANB17,-25.2429,-59.8069,XM,ANB20,-26.7962,-65.316,576.889009607952,557
XM,ANB17,-25.2429,-59.8069,XM,ANB03,-23.50208,-66.11349,667.361588631434,551
XM,ANB17,-25.2429,-59.8069,XM,ANB10,-25.0271,-64.5865,481.71540964364783,553
XM,ANB17,-25.2429,-59.8069,XM,ANB16,-24.0911,-61.4628,210.7111623558304,559
XM,ANB17,-25.2429,-59.8069,XM,CB22,-24.00541,-68.52551,891.8076910416452,503
XS,L02A,-1.1667,-17.4085,XS,I04D,-2.123817,-16.17326,173.7135308817424,382
XS,L02A,-1.1667,-17.4085,XS,L16D,0.8933,-7.8953,1082.2789386318968,370
XS,L02A,-1.1667,-17.4085,XS,S32D,-0.7968,-15.647,200.11365848136387,363
XS,L02A,-1.1667,-17.4085,XS,L37D,1.5657,-14.9718,407.0760502814087,355
XS,L02A,-1.1667,-17.4085,XS,I14D,-0.3522,-7.952395,1055.2646285815283,372
XS,L02A,-1.1667,-17.4085,XS,S24D,-0.1383,-12.7806,527.112894046464,366
XS,L02A,-1.1667,-17.4085,XS,L39D,2.0557,-11.4905,749.187867957726,353
XS,L02A,-1.1667,-17.4085,XS,L18D,0.5769,-9.3765,913.8752364889621,369
XO,KD02,57.8618,-152.6575,XO,WD69,53.782065,-160.34289,659.7712675632968,405
XO,KD02,57.8618,-152.6575,XO,WD67,52.162563,-160.035832,788.3001492751597,406
XO,KD02,57.8618,-152.6575,XO,LA32,54.4982,-157.8522,492.92158174837743,459
XO,KD02,57.8618,-152.6575,XO,EP23,56.9071,-157.0201,282.1323178498817,351
XO,KD02,57.8618,-152.6575,XO,WD58,53.906227,-155.035345,464.0940994181795,408
XO,KD02,57.8618,-152.6575,XO,WD49,54.399083,-151.89947,387.8853186598966,409
XO,KD02,57.8618,-152.6575,XO,WD72,56.257748,-151.81063,185.56340058240224,400
XO,KD02,57.8618,-152.6575,AT,SVW2,61.1082,-155.621704,397.79674288257627,228
XO,KD02,57.8618,-152.6575,XO,ET20,58.1304,-154.9716,139.5965734049344,427
XO,KD02,57.8618,-152.6575,AT,MID,59.427799,-146.338806,404.73215356603924,465
XO,KD02,57.8618,-152.6575,EO,KLRS,61.03095,-138.40663,876.9283742440209,287
XO,KD02,57.8618,-152.6575,NY,MAYO,63.59581,-135.89209,1107.0518142592628,352
XM,NM24,34.046871,-106.119606,XM,UT52,37.234776,-110.131325,506.9280118199551,380
XM,NM24,34.046871,-106.119606,XM,NM32,34.980724,-107.264282,147.58620218755016,396
YH,IFAK,-8.1397,36.6828,AF,KTWE,-12.814,28.209,1062.0931119739857,275
YH,IFAK,-8.1397,36.6828,ZP,MKUS,-13.6035,29.379101,1002.3217551249461,122
YH,IFAK,-8.1397,36.6828,ZP,MPIK,-11.821,31.4517,703.9966796081918,219
YH,IFAK,-8.1397,36.6828,AF,LBB,-11.631,27.485001,1079.5795705707137,106
YH,IFAK,-8.1397,36.6828,ZP,KASM,-10.2174,31.1401,650.7767501686781,239
YH,IFAK,-8.1397,36.6828,ZP,MWEN,-10.0582,28.7017,901.8247137673104,137
YH,IFAK,-8.1397,36.6828,ZP,ISOK,-10.1708,32.645699,497.39122175327986,265
YH,IFAK,-8.1397,36.6828,YH,WALE,-9.7896,37.917,228.10773443213688,261
YH,IFAK,-8.1397,36.6828,YH,MTWA,-10.2776,40.194,452.794944513063,254
WF,SPG,52.32553,-3.01928,CA,CARA,42.707643,0.818132,1107.1979551217348,578
WF,SPG,52.32553,-3.01928,GB,JSA,49.18783,-2.17167,353.9478470060506,556
WF,SPG,52.32553,-3.01928,DK,MUD,56.455,9.1733,911.372674631658,570
WF,SPG,52.32553,-3.01928,GB,LAWE,56.26,-5.399,463.88179675594654,578
WF,SPG,52.32553,-3.01928,GB,WACR,52.72433,0.62833,250.69519902636938,523
WF,SPG,52.32553,-3.01928,GB,GAL1,54.86633,-4.71133,303.76696677599926,560
WF,SPG,52.32553,-3.01928,EI,IDGL,55.073,-7.51,424.95690145716253,583
WF,SPG,52.32553,-3.01928,EI,IMAC,51.845801,-9.070097,416.7381955937723,583
WF,SPG,52.32553,-3.01928,EI,DSB,53.24519,-6.37619,247.8045643012262,583
XQ,ME10,40.959099,-122.461899,PB,B934,39.844501,-123.691399,161.85890256596724,257
XQ,ME10,40.959099,-122.461899,XQ,ME62,39.534,-121.918999,165.02599503707248,434
XQ,ME10,40.959099,-122.461899,XC,OR100,42.770699,-119.013199,349.43201726746804,384
XQ,ME10,40.959099,-122.461899,XC,OR088,42.965599,-117.302299,481.3080491716869,270
XQ,ME10,40.959099,-122.461899,XC,OR061,43.3922,-120.561302,312.5902406705588,266
XQ,ME10,40.959099,-122.461899,IE,IRCI,43.515301,-112.033302,903.6216517433926,396
XQ,ME10,40.959099,-122.461899,IE,BCYI,44.310799,-113.405197,828.6864524835071,468
XQ,ME10,40.959099,-122.461899,US,HAWA,46.3925,-119.5327,648.3459462780473,591
XQ,ME10,40.959099,-122.461899,MB,HRY,46.711285,-111.831786,1064.3225734477896,591
YF,PB49,52.4916,17.804701,MN,DIVS,44.0981,19.9917,947.1159512914533,159
YF,PB49,52.4916,17.804701,CH,FUORN,46.620334,10.263551,848.8473763389718,234
YF,PB49,52.4916,17.804701,YG,CBP4F,47.720261,15.97801,546.261252011156,100
YF,PB49,52.4916,17.804701,ZU,PA69,53.238701,19.841999,160.00447744691905,147
XP,S29,36.959099,-106.535202,XP,N20,38.917702,-106.187599,219.90947161094428,449
XP,S29,36.959099,-106.535202,US,MVCO,37.19956,-108.49251,175.6791793386148,433
XP,S29,36.959099,-106.535202,IE,IRCI,43.515301,-112.033302,865.1335631930167,180
XP,S29,36.959099,-106.535202,IE,BCYI,44.310799,-113.405197,1001.3365917676952,302
XP,S29,36.959099,-106.535202,XR,SC25,33.580601,-103.548203,463.2552588908004,450
XP,S29,36.959099,-106.535202,US,AMTX,34.8837,-101.6808,494.2132179081301,400
NY,WGLY,63.22815,-123.45841,EO,KLRS,61.03095,-138.40663,812.3494032746697,839
NY,WGLY,63.22815,-123.45841,7C,MM26,63.081,-130.1928,338.4005510992833,704
NY,WGLY,63.22815,-123.45841,XJ,SNOW,56.8922,-132.3526,858.5645570453828,307
NY,WGLY,63.22815,-123.45841,NY,TGTN,61.5267,-128.27268,311.95290515438063,1902
NY,WGLY,63.22815,-123.45841,NY,MAYO,63.59581,-135.89209,619.1630725882709,1943
NY,WGLY,63.22815,-123.45841,ZQ,ETIP,58.443645,-133.990631,778.4825113211084,130
NY,WGLY,63.22815,-123.45841,RV,DEDWA,56.644562,-117.389069,805.5355535920444,1717
NY,WGLY,63.22815,-123.45841,XL,MG06,55.87212,-120.041481,840.0138499221957,469
NY,WGLY,63.22815,-123.45841,RV,SWHSA,54.899441,-116.751793,1001.0553536678519,1980
NY,WGLY,63.22815,-123.45841,PQ,NBC3,59.63716,-120.66875,425.8639831521257,1828
3H,G27,-0.183,-93.4209,3H,G44,-1.8313,-93.8518,189.4399198287228,438
3H,G27,-0.183,-93.4209,3H,G23,0.9001,-92.0216,196.75595088808865,441
3H,G27,-0.183,-93.4209,3H,G06,2.0564,-90.6769,393.7856707336783,438
3H,G27,-0.183,-93.4209,3H,G01,1.0132,-88.9369,516.0142345071042,439
3H,G27,-0.183,-93.4209,3H,G18,1.5202,-93.2519,190.31729884028888,443
3H,G27,-0.183,-93.4209,3H,G15,2.5843,-92.2501,334.1010343197384,442
3H,G27,-0.183,-93.4209,3H,G30,1.2999,-94.808,225.77663677723424,445
3H,G27,-0.183,-93.4209,8W,CBHM,-0.46906,-91.60975,203.88404409559064,232
YT,KOLR,-76.1544,-120.727,XH,RS17,-81.401604,-162.973801,1047.4133941506523,713
YT,KOLR,-76.1544,-120.727,XH,RS10,-79.278801,-155.467697,875.2718183413625,800
YT,KOLR,-76.1544,-120.727,YT,MPAT,-78.0297,-155.0221,863.1965816171527,2824
YT,KOLR,-76.1544,-120.727,YT,CLRK,-77.3231,-141.8485,550.8984556475426,2164
YT,KOLR,-76.1544,-120.727,YT,MA07,-78.2496,-93.4991,702.2438762959248,704
YT,KOLR,-76.1544,-120.727,YT,SILY,-77.1332,-125.966,172.9722477599252,2825
YT,KOLR,-76.1544,-120.727,1D,ELSW,-75.519371,-85.707581,941.3017550186604,280
YT,KOLR,-76.1544,-120.727,1D,PIG3,-75.084061,-97.474449,648.6128504270301,615
YT,KOLR,-76.1544,-120.727,YT,HOWD,-77.5286,-86.7694,860.2134505685881,2546
YT,KOLR,-76.1544,-120.727,YT,ST10,-75.8143,-129.7489,245.6345615932722,691
YT,KOLR,-76.1544,-120.727,YT,MA09,-79.8993,-104.9977,548.7331353195158,717
YT,KOLR,-76.1544,-120.727,YT,ST04,-80.7152,-116.5792,515.1774761440041,585
YT,KOLR,-76.1544,-120.727,YT,BENN,-84.5731,-117.3923,937.7841773590995,2321
YT,KOLR,-76.1544,-120.727,YT,ST07,-78.6388,-123.7953,286.0134588509542,723
YT,KOLR,-76.1544,-120.727,YT,MA06,-79.4397,-97.5587,648.7747523080839,702
YT,KOLR,-76.1544,-120.727,YT,ST02,-82.069,-109.1247,698.1473262960219,615
YT,KOLR,-76.1544,-120.727,YT,STEW,-84.1863,-86.2349,1070.027590634192,1311
YT,KOLR,-76.1544,-120.727,YT,UPTW,-77.5781,-109.0374,334.30109825325906,2359
3A,L107,-39.333099,-71.788849,GT,PLCA,-40.73277,-70.55083,187.96499547483901,128
3A,L107,-39.333099,-71.788849,XY,U54B,-35.545898,-71.359703,422.8174228887118,128
3A,L107,-39.333099,-71.788849,XY,U72B,-33.978699,-71.812401,595.386637248814,99
IU,ULN,47.8651,107.0532,II,TLY,51.6807,103.6438,489.72348109637176,2296
IU,ULN,47.8651,107.0532,XG,MJPU,40.666698,115.683701,1053.6294441055709,114
ZA,B26,7.5382,-144.945801,ZA,B06,9.7074,-147.748093,391.25396878772483,388
YS,PL37,19.8234,-160.047501,YS,PL38,19.9863,-162.025604,207.60547486626047,415
YS,PL37,19.8234,-160.047501,YS,PL46,24.312099,-156.9646,591.5811443848952,392
YS,PL37,19.8234,-160.047501,YS,PL41,24.573799,-158.933105,540.5267729558283,392
YS,PL37,19.8234,-160.047501,YS,PL69,16.3484,-157.700806,459.1399455173833,390
YS,PL37,19.8234,-160.047501,YS,PL40,23.9972,-161.095001,476.5127847212829,393
YS,PL37,19.8234,-160.047501,YS,NGOK,22.122999,-159.664993,258.7693343460144,417
YS,PL37,19.8234,-160.047501,YS,PL67,16.162001,-156.206604,575.0435348491274,387
YS,PL37,19.8234,-160.047501,YS,PL70,15.574,-158.982498,485.7861448566982,377
YS,PL37,19.8234,-160.047501,YS,MRKH,21.108999,-157.270004,322.7249795190699,148
YS,PL37,19.8234,-160.047501,YS,PL45,24.2006,-154.811996,726.6111003321694,327
YS,PL37,19.8234,-160.047501,YS,PL61,16.737801,-151.637604,951.7207892212475,387
YS,PL37,19.8234,-160.047501,YS,PL62,14.6891,-151.6866,1055.177205836314,391
EC,SALI,-2.1863,-80.991203,EC,PUYO,-1.493,-78.024902,338.5598774508423,371
EC,SALI,-2.1863,-80.991203,CM,TUM,1.823667,-78.726667,512.050794507963,916
EC,SALI,-2.1863,-80.991203,EC,BOSC,-3.1512,-78.495102,297.28612460966104,180
EC,SALI,-2.1863,-80.991203,EC,TULM,0.7161,-77.786903,480.6866637094663,710
YU,SL09,8.9599,-72.6846,CM,SJC,9.896667,-75.1795,292.822346277532,698
YU,SL09,8.9599,-72.6846,YU,NL10,10.6679,-71.4911,230.58463681837839,690
YU,SL09,8.9599,-72.6846,LO,LOBA2,18.0814,-71.0936,1028.7121911493346,567
YU,SL09,8.9599,-72.6846,YU,SL02,7.6943,-71.0365,229.52796826219165,574
YU,SL09,8.9599,-72.6846,YU,GJ03,11.7273,-72.5457,308.0960646867837,688
YU,SL09,8.9599,-72.6846,CM,TUM,1.823667,-78.726667,1037.5264486161236,653
YU,SL09,8.9599,-72.6846,EC,TULM,0.7161,-77.786903,1076.7155863650603,663
YU,SL09,8.9599,-72.6846,VE,BAUV,8.9433,-68.041496,510.0019326673438,688
7B,MM04,-34.0909,-154.12547,7B,MM12,-35.50344,-157.16479,318.86326330229605,342
7B,MM04,-34.0909,-154.12547,7B,NM04,-34.07651,-156.41882,211.20531783357453,363
7B,MM04,-34.0909,-154.12547,7B,SS01,-35.53273,-151.77364,267.9478023363984,366
Z8,310,35.938099,114.070801,X4,GS18,32.865501,104.784698,917.4165712457408,208
Z8,310,35.938099,114.070801,X4,GS01,34.271999,104.242104,912.6622636699631,208
Z8,310,35.938099,114.070801,Z8,373,35.941299,103.562599,945.5689669610902,366
Z8,310,35.938099,114.070801,Z8,365,35.987999,105.131699,804.2639519231438,367
Z8,310,35.938099,114.070801,X4,GS12,34.853199,105.749802,763.5796889807905,196
Z8,310,35.938099,114.070801,IC,XAN,34.03107,108.92321,514.5784327940589,345
Z8,310,35.938099,114.070801,Z8,341,36.0462,109.201599,438.1899135836925,240
Z8,310,35.938099,114.070801,Z8,320,36.0107,112.366096,153.61312518931817,380
Z8,310,35.938099,114.070801,1A,NE48,44.651001,118.269997,1031.8310714077552,208
Z8,310,35.938099,114.070801,1A,NE26,42.306,121.470001,952.5333764238565,208
Z8,310,35.938099,114.070801,XG,SQUAN,40.473,122.138702,866.1240201928499,303
Z8,310,35.938099,114.070801,1A,NE00,39.990002,124.306999,1003.244730015102,170
8B,402,37.397598,111.457901,ZV,MAQU,34.0023,102.046799,929.3214794249006,214
8B,402,37.397598,111.457901,IC,XAN,34.03107,108.92321,438.70052373411204,286
8B,402,37.397598,111.457901,8B,430,32.674801,110.334099,535.0125034760681,289
XB,POP2,47.593006,-79.220634,XB,CHAZ,48.832191,-79.052155,138.35552469304088,132
Z1,LBSA,-16.540899,179.300201,YL,A14W,-20.6658,-178.155304,531.2622548713567,326
Z1,LBSA,-16.540899,179.300201,Z1,VABL,-17.2465,-178.955994,201.4404263351262,305
Z1,LBSA,-16.540899,179.300201,YL,N01W,-19.0243,-175.485504,617.2431565758546,318
Z1,LBSA,-16.540899,179.300201,Z1,VAVP,-18.601999,-173.961395,750.0992643852751,356
Z1,LBSA,-16.540899,179.300201,Z1,MOAL,-18.566299,179.951599,235.56344540355033,345
Y2,KKVN5,-26.343691,152.185039,S1,AUUHS,-35.3589,150.4696,1015.6776680166835,171
Y2,KKVN5,-26.343691,152.185039,S1,AUDCS,-32.2334,148.6278,740.069836636792,172
Y2,KKVN5,-26.343691,152.185039,S1,AUMOU,-24.5752,149.9814,295.98831147541813,141
ZU,NZ21,-39.5005,170.000107,NZ,URZ,-38.259249,177.110894,630.6173250992076,353
ZU,NZ21,-39.5005,170.000107,ZU,NZ22,-44.500599,173.998703,646.5591406953763,350
ZU,NZ21,-39.5005,170.000107,ZU,NZ26,-46.997898,174.498398,909.407077145815,347
ZU,NZ21,-39.5005,170.000107,ZU,NZ18,-41.000198,170.0,166.75903968326966,354
ZU,NZ21,-39.5005,170.000107,ZU,NZ04,-41.999298,165.502396,469.72908905114105,354
ZU,NZ21,-39.5005,170.000107,Y3,CROE,-42.336498,171.398407,336.51079301479103,188
XJ,LN25,-2.5006,35.886398,YQ,VWZM,-11.1753,33.574402,997.7207865618458,95
XJ,LN25,-2.5006,35.886398,1C,NASO,1.17194,36.359058,411.73499200252087,109
8B,430,32.674801,110.334099,ZV,MAQU,34.0023,102.046799,783.6470983843566,258
8B,430,32.674801,110.334099,IC,XAN,34.03107,108.92321,199.7861357479527,417
OZ,BOGA,-35.547,143.57532,S1,AUCAS,-34.2637,135.7219,730.0221024484383,431
OZ,BOGA,-35.547,143.57532,S1,AUROX,-30.5601,136.8971,833.183193612187,449
OZ,BOGA,-35.547,143.57532,OZ,MRAT,-34.62973,137.6256,550.7800393124511,400
OZ,BOGA,-35.547,143.57532,OZ,HKER,-31.7642,138.55251,626.7626999507235,400
OZ,BOGA,-35.547,143.57532,S1,AUJCS,-33.2047,138.6098,524.7824955864188,393
OZ,BOGA,-35.547,143.57532,OZ,ROBE,-37.1472,139.87424,376.1684762558426,393
OZ,BOGA,-35.547,143.57532,OZ,MILD,-34.25915,142.05571,199.2701993206295,400
OZ,BOGA,-35.547,143.57532,OZ,GRASY,-40.08652,144.01093,506.2184223920038,462
OZ,BOGA,-35.547,143.57532,OZ,ROWM,-37.80614,144.29176,259.20053246827985,462
OZ,BOGA,-35.547,143.57532,OZ,MARG,-41.99952,145.55162,737.5978282790911,462
OZ,BOGA,-35.547,143.57532,OZ,CURRY,-41.09589,146.95012,683.500294462451,462
OZ,BOGA,-35.547,143.57532,OZ,DTMM,-36.52813,147.46539,366.3651103164726,462
OZ,BOGA,-35.547,143.57532,S1,AUUHS,-35.3589,150.4696,624.6971414991917,436
OZ,BOGA,-35.547,143.57532,YW,MSWL3,-32.3933,150.92683,762.9547690894187,244
OZ,BOGA,-35.547,143.57532,S1,AUDCS,-32.2334,148.6278,594.1954566734246,462
YP,NE83,46.2132,118.801102,1G,NOP01,41.97177,110.49863,812.9779008011002,378
YP,NE83,46.2132,118.801102,YP,NE81,46.069698,116.634697,167.66610407320593,701
YP,NE83,46.2132,118.801102,YP,NE32,42.670799,117.070099,417.15234723611167,497
YP,NE83,46.2132,118.801102,YP,NEP7,48.1744,118.1474,223.59710122629167,317
YP,NE83,46.2132,118.801102,YP,NE66,45.004101,120.704201,199.96533878634725,686
YP,NE83,46.2132,118.801102,YP,NEA3,47.562302,121.292,241.5071666600209,695
YP,NE83,46.2132,118.801102,YP,NE57,44.122898,123.258499,419.5807013727424,700
YP,NE83,46.2132,118.801102,YP,NEA5,47.648602,124.036697,428.2860367688005,623
YP,NE83,46.2132,118.801102,YP,NE8B,46.207199,126.056297,558.083199622734,687
YP,NE83,46.2132,118.801102,5G,D16,41.745,126.4048,784.8837098125152,140
YP,NE83,46.2132,118.801102,YP,NE7D,45.342098,128.742905,776.5472729781392,592
YP,NE83,46.2132,118.801102,YP,NE6F,45.295898,131.201401,966.4608110953185,635
YP,NE83,46.2132,118.801102,YP,NE5D,44.107601,129.6008,877.7442786558917,464
YP,NE83,46.2132,118.801102,YP,NE9B,46.946201,129.7948,843.482686363015,694
YP,NE83,46.2132,118.801102,YP,NEAB,47.602501,131.668396,988.4145258424527,609
TR,DLPL,15.3325,-61.246799,ZC,HMDR,18.7879,-69.381,945.9945219669798,105
TR,DLPL,15.3325,-61.246799,LO,LOBA2,18.0814,-71.0936,1092.1095097815519,408
TR,DLPL,15.3325,-61.246799,VE,BAUV,8.9433,-68.041496,1024.5300091591023,1023
TR,DLPL,15.3325,-61.246799,ZZ,XSJN,18.9669,-66.213501,664.5821251688877,383
TR,DLPL,15.3325,-61.246799,TR,TOSP,11.2984,-60.535198,455.1295863601568,1539
TR,DLPL,15.3325,-61.246799,WI,SLBI,14.023,-60.974,148.53714884095308,1084
TR,DLPL,15.3325,-61.246799,CU,GRGR,12.13237,-61.65407,358.5469178889198,1789
IM,CY101,34.20406,31.62915,HT,AGG,39.021099,22.336,986.5531941133144,1143
IM,CY101,34.20406,31.62915,KO,DKL,39.0713,26.9053,685.7437944344977,1479
IM,CY101,34.20406,31.62915,HL,ARG,36.213558,28.12122,389.18428453979584,1595
IM,CY101,34.20406,31.62915,GF,TEPE,41.056,28.5147,809.6055409798392,377
IM,CY101,34.20406,31.62915,KO,ELL,36.7483,29.9085,322.9584386319182,1469
IM,CY101,34.20406,31.62915,MP,DHK1,36.8606,42.8665,1058.1439489343286,1072
IM,CY101,34.20406,31.62915,YB,SM05,38.70424,37.21084,706.5445867860192,216
XI,SC09,49.740002,-86.754997,XI,SC04,49.624001,-89.675003,210.46637429037898,811
XI,SC09,49.740002,-86.754997,XI,SN44,46.716999,-93.125999,579.078271793487,860
XI,SC09,49.740002,-86.754997,US,ECSD,43.7337,-96.6141,1003.7694071338565,860
XI,SC09,49.740002,-86.754997,US,GLMI,44.8245,-84.6175,569.8012312101713,747
XI,SC09,49.740002,-86.754997,XI,SC10,49.752998,-83.817001,211.08939876960494,860
XI,SC09,49.740002,-86.754997,PO,MEDO,43.1646,-78.454597,967.8022457781337,813
XI,SC09,49.740002,-86.754997,PO,ACTO,43.6087,-80.062401,851.0556403047156,850
XI,SC09,49.740002,-86.754997,PO,LATQ,47.3835,-72.7819,1059.413600659505,507
8Q,P22,26.902167,-138.673857,8Q,P11,28.19732,-143.482162,495.3820584602744,428
8Q,P22,26.902167,-138.673857,8Q,P03,27.897,-141.755108,323.66052664136083,428
8Q,P22,26.902167,-138.673857,8Q,P09,26.612795,-142.356315,367.02483318382866,428
8Q,P22,26.902167,-138.673857,8Q,P18,25.762145,-143.392715,487.01568514886316,428
8Q,P22,26.902167,-138.673857,8Q,P15,27.844793,-139.753242,149.48480801464865,428
8Q,P22,26.902167,-138.673857,8Q,P13,29.966537,-141.146892,417.79442273127637,428
8Q,P22,26.902167,-138.673857,8Q,P20,29.158303,-137.94284,260.92773911095566,428
NN,RUB,39.051701,-120.1549,7D,J31C,45.551899,-129.672394,1064.0294152197907,259
NN,RUB,39.051701,-120.1549,7D,J53C,47.164299,-127.922302,1099.387896849889,261
NN,RUB,39.051701,-120.1549,X9,BB240,43.427502,-128.355698,840.1380069865137,356
NN,RUB,39.051701,-120.1549,7D,J20B,44.354198,-127.0952,823.7945423104046,241
NN,RUB,39.051701,-120.1549,7D,J36C,45.686501,-127.125198,933.1270439990217,262
NN,RUB,39.051701,-120.1549,7D,G36D,42.4618,-126.8965,682.4632141499151,416
NN,RUB,39.051701,-120.1549,7D,G26B,41.9249,-125.177498,531.3340967651532,323
NN,RUB,39.051701,-120.1549,PQ,LHLYB,48.536332,-123.729633,1092.6477197783936,588
NN,RUB,39.051701,-120.1549,2D,OBS16,34.011398,-124.638397,688.6829553343041,217
NN,RUB,39.051701,-120.1549,PB,B934,39.844501,-123.691399,316.1726820986675,3408
NN,RUB,39.051701,-120.1549,2D,OBS21,34.032799,-122.286301,589.6131564814023,219
NN,RUB,39.051701,-120.1549,UO,RSBO,44.043361,-122.267036,582.1565389756959,1508
NN,RUB,39.051701,-120.1549,UO,TOMA,42.44142,-122.10751,411.2172261842316,305
NN,RUB,39.051701,-120.1549,2D,OBS08,32.654499,-121.342499,719.3235366404537,215
NN,RUB,39.051701,-120.1549,RE,BRBY3,34.582365,-119.980601,497.2099916723728,1263
NN,RUB,39.051701,-120.1549,2D,OBS06,32.777,-119.857803,698.2273714642594,214
NN,RUB,39.051701,-120.1549,BC,PIX,31.5629,-113.4599,1030.068544134425,857
NN,RUB,39.051701,-120.1549,US,MVCO,37.19956,-108.49251,1039.9371406684554,3400
NN,RUB,39.051701,-120.1549,BC,TJX,32.51017,-117.0543,779.1647962946187,1258
NN,RUB,39.051701,-120.1549,X2,CRAT,35.318199,-111.317902,885.531809208179,394
NN,RUB,39.051701,-120.1549,XD,C02,33.070999,-115.560501,782.5476052432487,422
NN,RUB,39.051701,-120.1549,NN,DIX,39.8021,-118.083,196.54133572693718,1279
NN,RUB,39.051701,-120.1549,IE,IRCI,43.515301,-112.033302,840.0995430922266,205
NN,RUB,39.051701,-120.1549,WY,YHR,44.106,-110.0816,1007.7599972470304,1509
NN,RUB,39.051701,-120.1549,IE,BCYI,44.310799,-113.405197,809.4897833401124,3097
NN,RUB,39.051701,-120.1549,US,HAWA,46.3925,-119.5327,817.8339737829394,2806
NN,RUB,39.051701,-120.1549,X7,WA33,46.507801,-117.348701,859.9763805671394,124
NN,RUB,39.051701,-120.1549,MB,HRY,46.711285,-111.831786,1087.4183600652223,3401
XV,HRAU,66.1186,-20.0987,XV,HNJO,65.5626,-24.1531,194.55479160768175,90
RU,ANN,44.881,37.314,KO,DKL,39.0713,26.9053,1074.5185321502581,466
RU,ANN,44.881,37.314,GF,TEPE,41.056,28.5147,832.063910442087,486
RU,ANN,44.881,37.314,KO,ELL,36.7483,29.9085,1097.1956738527595,486
RU,ANN,44.881,37.314,RU,VSLR,43.4612,40.0324,268.17343715012294,474
RU,ANN,44.881,37.314,KO,KARS,40.6152,43.0937,668.7843833902921,486
RU,ANN,44.881,37.314,MP,DHK1,36.8606,42.8665,1006.0338065382894,136
RU,ANN,44.881,37.314,XA,GP03,42.6352,44.6162,637.1071494553921,411
OZ,GRASY,-40.08652,144.01093,S1,AUCAS,-34.2637,135.7219,978.2402969952237,472
OZ,GRASY,-40.08652,144.01093,OZ,MRAT,-34.62973,137.6256,828.1846881968996,436
OZ,GRASY,-40.08652,144.01093,OZ,HKER,-31.7642,138.55251,1047.2717754408704,436
OZ,GRASY,-40.08652,144.01093,S1,AUJCS,-33.2047,138.6098,903.8599993662244,407
OZ,GRASY,-40.08652,144.01093,OZ,ROBE,-37.1472,139.87424,485.68121062359296,429
OZ,GRASY,-40.08652,144.01093,OZ,MILD,-34.25915,142.05571,670.6793085002445,436
OZ,GRASY,-40.08652,144.01093,OZ,ROWM,-37.80614,144.29176,254.7269796512026,503
OZ,GRASY,-40.08652,144.01093,OZ,MARG,-41.99952,145.55162,248.87337762007652,503
OZ,GRASY,-40.08652,144.01093,OZ,CURRY,-41.09589,146.95012,272.3596762912219,503
OZ,GRASY,-40.08652,144.01093,OZ,DTMM,-36.52813,147.46539,497.30959602891335,503
OZ,GRASY,-40.08652,144.01093,S1,AUUHS,-35.3589,150.4696,773.5638243196739,477
OZ,GRASY,-40.08652,144.01093,YW,MSWL3,-32.3933,150.92683,1055.8521273955307,244
OZ,GRASY,-40.08652,144.01093,S1,AUDCS,-32.2334,148.6278,966.2252745220094,503
MH,P0008,-12.008233,-172.023102,G,FUTU,-14.307673,-178.12107,707.977662883026,548
MH,P0008,-12.008233,-172.023102,MH,P0010,-14.043483,-165.862533,704.6703418243485,259
AT,MID,59.427799,-146.338806,XO,WD69,53.782065,-160.34289,1058.9924633497992,412
AT,MID,59.427799,-146.338806,XO,LA32,54.4982,-157.8522,885.4537831766451,462
AT,MID,59.427799,-146.338806,XO,EP23,56.9071,-157.0201,685.285850690206,351
AT,MID,59.427799,-146.338806,XO,WD58,53.906227,-155.035345,810.6851862101532,422
AT,MID,59.427799,-146.338806,XO,WD49,54.399083,-151.89947,652.6500091284968,425
AT,MID,59.427799,-146.338806,XO,WD72,56.257748,-151.81063,478.36878643371074,400
AT,MID,59.427799,-146.338806,AT,SVW2,61.1082,-155.621704,544.3818888469924,3527
AT,MID,59.427799,-146.338806,XO,ET20,58.1304,-154.9716,517.6339229824806,429
AT,MID,59.427799,-146.338806,ZE,HOLG,59.835098,-149.769608,198.0868221184739,117
AT,MID,59.427799,-146.338806,YG,GLN4,61.789501,-147.679596,272.59749741220435,733
AT,MID,59.427799,-146.338806,XF,GOAT,60.136902,-141.453003,284.48998361100155,450
AT,MID,59.427799,-146.338806,EO,KLRS,61.03095,-138.40663,472.45953644805513,516
AT,MID,59.427799,-146.338806,7C,MM26,63.081,-130.1928,950.7698464633245,704
AT,MID,59.427799,-146.338806,XJ,SNOW,56.8922,-132.3526,865.5893065041049,307
AT,MID,59.427799,-146.338806,NY,TGTN,61.5267,-128.27268,1013.4632009452112,1737
AT,MID,59.427799,-146.338806,NY,MAYO,63.59581,-135.89209,720.8464314497228,2095
AT,MID,59.427799,-146.338806,ZQ,ETIP,58.443645,-133.990631,715.8229924166837,130
TM,PRAC,12.472649,99.792871,PS,PSI,2.6938,98.923698,1091.5613536191026,4986
TM,PRAC,12.472649,99.792871,TM,PHRA,18.4989,100.229,671.7153842404906,2249
TM,PRAC,12.472649,99.792871,TM,NONG,18.063498,103.1458,718.1322710484096,3032
TM,PRAC,12.472649,99.792871,TM,PANO,17.147614,104.6122,733.7884446892177,2184
TM,PRAC,12.472649,99.792871,TM,SRDT,14.3948,99.1213,225.73649691299707,3886
TM,PRAC,12.472649,99.792871,TM,CHBT,12.7441,102.3526,279.39920191901393,2412
TM,PRAC,12.472649,99.792871,TM,SKLT,7.175815,100.615686,595.8360524659956,3014
TM,PRAC,12.472649,99.792871,MM,TGI,20.768545,97.034073,968.0652477866386,2860
TM,PRAC,12.472649,99.792871,MM,NGU,21.205721,94.916618,1100.7419055631358,2859
TM,PRAC,12.472649,99.792871,TM,CRAI,20.2289,100.3734,864.6741195479646,4230
TM,PRAC,12.472649,99.792871,MM,KTN,21.2857,99.589798,980.2055076354583,2636
XJ,SBL,54.30431,155.961823,XJ,ESS,55.932159,158.694794,250.89705763573406,127
XJ,SBL,54.30431,155.961823,XJ,APA,52.925709,157.132874,171.64983283503506,163
XJ,SBL,54.30431,155.961823,XJ,PAN,59.094879,159.968002,585.8998064135692,128
XJ,SBL,54.30431,155.961823,XJ,OSO,59.261375,163.084213,700.6740342296845,124
XJ,SBL,54.30431,155.961823,XJ,KGB,56.25845,162.711456,479.2346385709859,90
CY,CBCY,19.73797,-79.758278,CW,CAMR,23.061737,-81.370857,405.5297435049897,2300
CY,CBCY,19.73797,-79.758278,YG,INC37,15.691732,-88.351567,1015.0570585324647,410
CY,CBCY,19.73797,-79.758278,NU,BILN,14.0488,-83.374641,740.3244214915884,2059
CY,CBCY,19.73797,-79.758278,NU,ESPN,12.195,-84.300308,968.9319526303431,2454
CY,CBCY,19.73797,-79.758278,CW,CHIV,19.97648,-76.415131,350.6368388518811,2645
CY,CBCY,19.73797,-79.758278,CU,GRTK,21.511472,-71.13425,918.7458516479677,4303
CY,CBCY,19.73797,-79.758278,ZU,GGIL,19.57,-72.220001,789.5415218566584,108
CY,CBCY,19.73797,-79.758278,ZC,HMDR,18.7879,-69.381,1094.2325790433058,2186
CY,CBCY,19.73797,-79.758278,LO,LOBA2,18.0814,-71.0936,929.7667776792059,815
CY,CBCY,19.73797,-79.758278,JM,NMIA0,18.025,-76.02654,436.36154951500697,236
CY,CBCY,19.73797,-79.758278,CW,CCCC,21.193399,-77.417297,292.67866514028395,2863
VE,ELOV,7.0011,-69.4832,VE,JACV,11.0873,-68.82987,459.992060359273,532
VE,ELOV,7.0011,-69.4832,VE,BAUV,8.9433,-68.041496,268.0346055898384,614
VE,ELOV,7.0011,-69.4832,XT,PNCH,11.2493,-66.5009,574.7106338273217,291
VE,ELOV,7.0011,-69.4832,XT,MHTO,13.9497,-66.490997,838.978424253738,295
VE,ELOV,7.0011,-69.4832,VE,CAIV,7.3262,-66.321602,350.67695130934584,647
VE,ELOV,7.0011,-69.4832,XT,ABPC,9.4608,-64.820702,581.4103398587031,223
VE,ELOV,7.0011,-69.4832,XT,MIPC,10.9455,-64.294403,719.040377307375,187
VE,ELOV,7.0011,-69.4832,VE,RIOV,8.069,-61.814499,853.6340752439309,344
I0,RD179,52.227003,-114.108056,PQ,LHLYB,48.536332,-123.729633,795.1936066982817,369
I0,RD179,52.227003,-114.108056,NV,BACME,48.314654,-126.058199,952.6503391099146,365
I0,RD179,52.227003,-114.108056,UO,RSBO,44.043361,-122.267036,1091.4938123407583,369
I0,RD179,52.227003,-114.108056,WY,YHR,44.106,-110.0816,950.7257159886493,299
I0,RD179,52.227003,-114.108056,IE,BCYI,44.310799,-113.405197,881.7671884093213,369
I0,RD179,52.227003,-114.108056,TD,TD009,52.32058,-116.323372,151.08073469391906,368
I0,RD179,52.227003,-114.108056,MB,HRY,46.711285,-111.831786,634.9086435708872,369
I0,RD179,52.227003,-114.108056,US,DGMT,48.4702,-104.1959,816.9947978523961,306
I0,RD179,52.227003,-114.108056,RV,ASHMA,54.208146,-111.571623,277.539334590938,369
I0,RD179,52.227003,-114.108056,RV,DEDWA,56.644562,-117.389069,534.9319217457684,345
I0,RD179,52.227003,-114.108056,RV,SWHSA,54.899441,-116.751793,344.60233495522425,343
SV,RBDL,14.113,-89.6827,YG,INC37,15.691732,-88.351567,226.43936527605666,190
SV,RBDL,14.113,-89.6827,NU,BILN,14.0488,-83.374641,680.366575216929,206
YH,MTWA,-10.2776,40.194,ZP,MPIK,-11.821,31.4517,969.3277329858906,193
YH,MTWA,-10.2776,40.194,ZP,KASM,-10.2174,31.1401,990.6798036663771,174
YH,MTWA,-10.2776,40.194,ZP,ISOK,-10.1708,32.645699,826.0723044777696,248
YH,MTWA,-10.2776,40.194,YH,WALE,-9.7896,37.917,255.1542936653387,263
7D,J20B,44.354198,-127.0952,X9,BB240,43.427502,-128.355698,144.29073248836906,227
7D,J20B,44.354198,-127.0952,7D,G26B,41.9249,-125.177498,311.7125230134458,232
7D,J20B,44.354198,-127.0952,PB,B934,39.844501,-123.691399,574.6068028433524,243
7D,J20B,44.354198,-127.0952,IE,BCYI,44.310799,-113.405197,1087.6103544146374,240
7D,J20B,44.354198,-127.0952,US,HAWA,46.3925,-119.5327,632.3942242126404,243
ZW,AZCF,33.184074,-97.446251,EP,CHC4,28.667999,-106.035896,960.4315972905817,196
ZW,AZCF,33.184074,-97.446251,US,MVCO,37.19956,-108.49251,1097.6770906945317,274
ZW,AZCF,33.184074,-97.446251,US,AMTX,34.8837,-101.6808,433.50841585873235,274
ZW,AZCF,33.184074,-97.446251,N4,X48A,34.4517,-87.0452,970.7033591488114,274
ZW,AZCF,33.184074,-97.446251,N4,237B,32.001499,-95.808403,202.0716248413495,268
ZW,AZCF,33.184074,-97.446251,N4,Z38B,33.2599,-94.9852,229.07859043913453,256
ZW,AZCF,33.184074,-97.446251,KY,LLKY,36.92159,-88.096558,946.5070147894079,216
ZW,AZCF,33.184074,-97.446251,N4,R40B,38.2909,-92.2684,735.1484106282262,233
ZW,AZCF,33.184074,-97.446251,NM,SCMO,38.761799,-90.641296,871.0646011044607,221
ZW,AZCF,33.184074,-97.446251,N4,N41A,40.7077,-90.8552,1020.5367913392506,274
ZW,AZCF,33.184074,-97.446251,GS,DEC08,39.861045,-88.924888,1062.5114288015689,274
ZP,KASM,-10.2174,31.1401,ZP,KAMZ,-14.7948,24.804399,855.4526292715509,165
ZP,KASM,-10.2174,31.1401,AF,KTWE,-12.814,28.209,430.5075691417213,253
ZP,KASM,-10.2174,31.1401,ZP,MKUS,-13.6035,29.379101,422.44930694676026,111
ZP,KASM,-10.2174,31.1401,ZP,MPIK,-11.821,31.4517,181.52655547608114,206
ZP,KASM,-10.2174,31.1401,AF,LBB,-11.631,27.485001,428.89207837081113,99
ZP,KASM,-10.2174,31.1401,ZP,MWEN,-10.0582,28.7017,267.49056132194374,139
ZP,KASM,-10.2174,31.1401,ZP,ISOK,-10.1708,32.645699,164.85366035602544,258
ZP,KASM,-10.2174,31.1401,YH,WALE,-9.7896,37.917,743.609829718748,209
XM,ASB13,-35.20574,-67.67386,XM,ASB11,-37.8946,-63.8453,454.1819152276692,472
XM,ASB13,-35.20574,-67.67386,XM,ASB19,-36.2284,-65.4205,233.04908826618396,362
XM,ASB13,-35.20574,-67.67386,C1,LL02,-43.19055,-71.84838,957.6373083778519,613
XM,ASB13,-35.20574,-67.67386,GT,PLCA,-40.73277,-70.55083,664.2018552752418,635
XM,ASB13,-35.20574,-67.67386,C1,LR04,-39.88019,-73.425822,725.8585021846786,642
XM,ASB13,-35.20574,-67.67386,XM,ASB20,-35.8086,-63.9305,345.38335261165867,471
XM,ASB13,-35.20574,-67.67386,XM,ASB04,-35.77723,-69.39981,168.68324623358353,615
XM,ASB13,-35.20574,-67.67386,XM,ASB22,-33.66389,-67.46128,172.55088368047606,638
XM,ASB13,-35.20574,-67.67386,C1,AC02,-26.835517,-69.129067,940.9631047405354,264
XM,ASB13,-35.20574,-67.67386,XM,ANB09,-25.4413,-66.2624,1094.1356871453875,347
XM,ASB13,-35.20574,-67.67386,XM,ANB20,-26.7962,-65.316,961.6259585662555,633
M8,WATNG,-30.73225,118.19848,M8,AU41,-28.0108,120.9861,405.60010941911804,165
M8,WATNG,-30.73225,118.19848,S1,AUMAZ,-32.0069,116.0384,249.2828939956851,459
M8,WATNG,-30.73225,118.19848,M8,AY52,-33.46036,123.00861,545.1741170972899,166
M8,WATNG,-30.73225,118.19848,S1,AUBUS,-33.6601,115.3828,419.70184606824876,565
M8,WATNG,-30.73225,118.19848,S1,AUALB,-34.9995,117.9046,475.28958365991366,543
M8,WATNG,-30.73225,118.19848,M8,MUKOZ,-26.7575,114.6094,563.624829306659,170
Y5,DOR,54.220001,-108.57,Y5,PER,53.68,-116.040001,492.25419839222525,456
Y5,DOR,54.220001,-108.57,MB,HRY,46.711285,-111.831786,866.0205116710857,446
Y5,DOR,54.220001,-108.57,US,DGMT,48.4702,-104.1959,707.529138455409,428
Y5,DOR,54.220001,-108.57,Y5,FMC,56.650002,-111.5,327.31294875548843,451
EC,PUYO,-1.493,-78.024902,EC,MILO,-2.1848,-79.5557,186.71134363050757,652
EC,PUYO,-1.493,-78.024902,3C,NW09,6.289741,-74.985709,928.8438309717275,343
EC,PUYO,-1.493,-78.024902,3C,SL09,4.380633,-74.023873,790.0611123144895,631
EC,PUYO,-1.493,-78.024902,CM,TUM,1.823667,-78.726667,376.9597267158146,2322
EC,PUYO,-1.493,-78.024902,EC,BOSC,-3.1512,-78.495102,191.64099804097373,440
EC,PUYO,-1.493,-78.024902,EC,TULM,0.7161,-77.786903,247.0622744592502,3205
NR,NE83,24.730881,-107.739326,NR,NE74,28.007509,-114.013802,723.346946649247,1160
NR,NE83,24.730881,-107.739326,ZL,N06,27.174299,-111.153603,436.2480001167742,127
NR,NE83,24.730881,-107.739326,NR,NE78,24.398199,-111.10643,342.5135754700463,200
NR,NE83,24.730881,-107.739326,NR,NE82,26.915661,-109.230843,285.13214394924114,1208
NR,NE83,24.730881,-107.739326,ZL,S05,23.347799,-108.094299,157.95977863953587,124
NR,NE83,24.730881,-107.739326,XF,MA36,19.3594,-104.893204,665.3540567125154,350
NR,NE83,24.730881,-107.739326,XF,MA40,20.219801,-103.942001,635.3892117432881,339
NR,NE83,24.730881,-107.739326,XF,MA28,20.1786,-102.597,731.599273382826,350
NR,NE83,24.730881,-107.739326,TO,MULU,19.4368,-99.129601,1064.1795025342944,344
YP,NE7D,45.342098,128.742905,YP,NE81,46.069698,116.634697,942.7820093645206,594
YP,NE7D,45.342098,128.742905,YP,NE32,42.670799,117.070099,978.6365182314655,389
YP,NE7D,45.342098,128.742905,YP,NEP7,48.1744,118.1474,865.4984753002655,262
YP,NE7D,45.342098,128.742905,YP,NE66,45.004101,120.704201,631.0014832558394,578
YP,NE7D,45.342098,128.742905,YP,NEA3,47.562302,121.292,621.5700380669651,587
YP,NE7D,45.342098,128.742905,YP,NE57,44.122898,123.258499,453.83710801800464,594
YP,NE7D,45.342098,128.742905,YP,NEA5,47.648602,124.036697,442.0914230294178,537
YP,NE7D,45.342098,128.742905,YP,NE8B,46.207199,126.056297,229.4811038275076,579
YP,NE7D,45.342098,128.742905,5G,D16,41.745,126.4048,442.0993245415223,118
YP,NE7D,45.342098,128.742905,YP,NEAD,47.581402,133.5802,446.2775861584021,534
YP,NE7D,45.342098,128.742905,YP,NE6F,45.295898,131.201401,192.2855999069578,528
YP,NE7D,45.342098,128.742905,YP,NE5D,44.107601,129.6008,153.08816729244666,401
YP,NE7D,45.342098,128.742905,YP,NE9B,46.946201,129.7948,195.9099254938918,586
YP,NE7D,45.342098,128.742905,YP,NEAB,47.602501,131.668396,336.6494759813199,501
Y2,WT06,32.226398,82.261299,IC,LSA,29.70317,91.12757,890.3764717394199,612
Y2,WT06,32.226398,82.261299,Y2,PURG,30.198799,81.275299,244.17672072181279,610
Y2,WT06,32.226398,82.261299,Y2,WT12,32.461102,80.8218,137.72571406995806,615
1D,PIG3,-75.084061,-97.474449,YT,MA07,-78.2496,-93.4991,366.2548822924846,319
1D,PIG3,-75.084061,-97.474449,YT,SILY,-77.1332,-125.966,785.0151358813251,718
1D,PIG3,-75.084061,-97.474449,1D,ELSW,-75.519371,-85.707581,334.9185063553603,381
1D,PIG3,-75.084061,-97.474449,YT,HOWD,-77.5286,-86.7694,390.4565056227749,718
1D,PIG3,-75.084061,-97.474449,YT,MA09,-79.8993,-104.9977,564.1556563917487,330
1D,PIG3,-75.084061,-97.474449,YT,BENN,-84.5731,-117.3923,1109.9972425720232,682
1D,PIG3,-75.084061,-97.474449,YT,MA06,-79.4397,-97.5587,484.32990639490407,319
1D,PIG3,-75.084061,-97.474449,YT,STEW,-84.1863,-86.2349,1032.0682974071974,683
1D,PIG3,-75.084061,-97.474449,YT,UPTW,-77.5781,-109.0374,410.0947925833204,704
1D,PIG3,-75.084061,-97.474449,1D,ATOL,-71.389671,-68.870117,992.2661868017434,379
1D,PIG3,-75.084061,-97.474449,YT,MECK,-75.2808,-72.185,714.0323937176851,718
BL,CANB,-22.96814,-50.37785,BL,PAZB,-15.1369,-50.8634,872.2863236754446,199
BL,CANB,-22.96814,-50.37785,BL,PORB,-13.33043,-49.078739,1080.3941230177388,219
EI,IMAC,51.845801,-9.070097,GB,JSA,49.18783,-2.17167,569.9500349213979,1112
EI,IMAC,51.845801,-9.070097,GB,LAWE,56.26,-5.399,546.0238360913637,1142
EI,IMAC,51.845801,-9.070097,GB,WACR,52.72433,0.62833,666.3709008417601,1019
EI,IMAC,51.845801,-9.070097,GB,GAL1,54.86633,-4.71133,443.09763058223683,1118
EI,IMAC,51.845801,-9.070097,EI,IDGL,55.073,-7.51,373.39207450042824,1148
EI,IMAC,51.845801,-9.070097,EI,DSB,53.24519,-6.37619,239.5479279467183,1148
ZL,BARR,-31.6495,-69.415901,GT,PLCA,-40.73277,-70.55083,1015.1091169220282,696
ZL,BARR,-31.6495,-69.415901,ZL,CHUM,-28.8195,-66.2481,437.7177206269156,216
ZL,BARR,-31.6495,-69.415901,ZL,COLO,-29.935699,-67.109596,291.26805536084106,484
ZL,BARR,-31.6495,-69.415901,XH,ESP03,-29.7428,-64.014297,558.2070541410767,457
2V,PO20,-27.73141,-70.24283,C1,AC02,-26.835517,-69.129067,148.45261816613925,105
YS,PL45,24.2006,-154.811996,YS,PL38,19.9863,-162.025604,878.3475198481743,327
YS,PL45,24.2006,-154.811996,YS,PL46,24.312099,-156.9646,218.57721703724678,326
YS,PL45,24.2006,-154.811996,YS,PL41,24.573799,-158.933105,419.40190451428265,325
YS,PL45,24.2006,-154.811996,YS,PL69,16.3484,-157.700806,923.5474023286743,311
YS,PL45,24.2006,-154.811996,YS,PL40,23.9972,-161.095001,638.0943494078965,325
YS,PL45,24.2006,-154.811996,YS,NGOK,22.122999,-159.664993,547.224110506929,327
YS,PL45,24.2006,-154.811996,YS,PL67,16.162001,-156.206604,905.5988256758703,309
YS,PL45,24.2006,-154.811996,YS,PL70,15.574,-158.982498,1053.4662306468092,308
YS,PL45,24.2006,-154.811996,YS,MRKH,21.108999,-157.270004,426.348772603325,141
YS,PL45,24.2006,-154.811996,YS,PL61,16.737801,-151.637604,893.16577755238,314
YS,PL45,24.2006,-154.811996,YS,PL62,14.6891,-151.6866,1107.0839315486717,314
X4,GS01,34.271999,104.242104,X4,D26,32.459202,96.394203,755.944620262748,273
X4,GS01,34.271999,104.242104,X4,GS18,32.865501,104.784698,164.2757573167619,356
X4,GS01,34.271999,104.242104,X4,A01,36.432701,94.873199,882.5703447067339,289
X4,GS01,34.271999,104.242104,XO,JSO2,35.168579,92.985191,1033.094128484826,363
X4,GS01,34.271999,104.242104,Z8,373,35.941299,103.562599,195.6376985575034,288
X4,GS01,34.271999,104.242104,Z8,365,35.987999,105.131699,207.2495216663055,288
X4,GS01,34.271999,104.242104,X4,GS12,34.853199,105.749802,152.43472613370992,342
X4,GS01,34.271999,104.242104,IC,XAN,34.03107,108.92321,431.5497899222556,345
X4,GS01,34.271999,104.242104,Z8,320,36.0107,112.366096,763.3131565206355,282
7B,SS01,-35.53273,-151.77364,7B,MM12,-35.50344,-157.16479,487.87747552313533,342
7B,SS01,-35.53273,-151.77364,7B,NM04,-34.07651,-156.41882,453.91528685960293,364
XI,SN44,46.716999,-93.125999,US,DGMT,48.4702,-104.1959,851.8655426531672,892
XI,SN44,46.716999,-93.125999,XO,MG05,37.482498,-90.870102,1043.4376588402913,714
XI,SN44,46.716999,-93.125999,XO,LE17,37.9874,-89.1763,1023.155911177769,411
XI,SN44,46.716999,-93.125999,NM,SCMO,38.761799,-90.641296,907.4233615631775,884
XI,SN44,46.716999,-93.125999,XI,SC04,49.624001,-89.675003,412.19338500557444,816
XI,SN44,46.716999,-93.125999,US,ECSD,43.7337,-96.6141,429.6389236462398,899
XI,SN44,46.716999,-93.125999,US,GLMI,44.8245,-84.6175,692.2596108267719,749
XI,SN44,46.716999,-93.125999,XI,SC10,49.752998,-83.817001,766.9534584796174,868
XI,SN44,46.716999,-93.125999,PO,ACTO,43.6087,-80.062401,1079.4299612864736,889
GE,PUL,59.766998,30.316999,YF,N6017,63.380829,13.65691,965.4031061285793,174
GE,PUL,59.766998,30.316999,YY,SW03,58.074699,12.6033,1030.7940595581154,94
GE,PUL,59.766998,30.316999,YV,NSS,64.530701,11.9673,1084.9101775658396,578
CW,CCCC,21.193399,-77.417297,CW,CAMR,23.061737,-81.370857,457.13365027643243,2147
CW,CCCC,21.193399,-77.417297,NU,BILN,14.0488,-83.374641,1014.4125905715483,1924
CW,CCCC,21.193399,-77.417297,CW,CHIV,19.97648,-76.415131,170.85814726332583,2337
CW,CCCC,21.193399,-77.417297,CU,GRTK,21.511472,-71.13425,651.6039685949816,2951
CW,CCCC,21.193399,-77.417297,ZC,HMDR,18.7879,-69.381,881.1671367243196,1883
CW,CCCC,21.193399,-77.417297,LO,LOBA2,18.0814,-71.0936,747.088249938802,596
CW,CCCC,21.193399,-77.417297,JM,NMIA0,18.025,-76.02654,381.23044246753125,155
YL,N01W,-19.0243,-175.485504,YL,A14W,-20.6658,-178.155304,333.58849302555956,317
YL,N01W,-19.0243,-175.485504,Z1,VABL,-17.2465,-178.955994,416.5956724901719,192
YL,N01W,-19.0243,-175.485504,Z1,VAVP,-18.601999,-173.961395,167.14989624487828,317
YL,N01W,-19.0243,-175.485504,Z1,MOAL,-18.566299,179.951599,482.99397875346494,233
OV,CCOL,8.4075,-82.973396,GI,AVPA,15.3972,-89.6417,1062.8807960568054,180
OV,CCOL,8.4075,-82.973396,NU,ESPN,12.195,-84.300308,445.45897822551535,1146
OV,CCOL,8.4075,-82.973396,CM,SJC,9.896667,-75.1795,871.4443057995935,992
OV,CCOL,8.4075,-82.973396,CM,TUM,1.823667,-78.726667,870.0114298299213,1186
OV,CCOL,8.4075,-82.973396,EC,TULM,0.7161,-77.786903,1030.257929377055,1141
PE,PBL2,41.9981,-79.528809,N4,X48A,34.4517,-87.0452,1064.5216297135132,3007
PE,PBL2,41.9981,-79.528809,KY,LLKY,36.92159,-88.096558,926.382979622644,2875
PE,PBL2,41.9981,-79.528809,N4,N41A,40.7077,-90.8552,955.4986914846314,3012
PE,PBL2,41.9981,-79.528809,ZT,WEST,40.416389,-86.7725,630.7532958158971,325
PE,PBL2,41.9981,-79.528809,GS,DEC08,39.861045,-88.924888,823.846649890474,2818
PE,PBL2,41.9981,-79.528809,N4,P48A,39.4605,-85.4258,571.2338698865341,2962
PE,PBL2,41.9981,-79.528809,N4,P51A,39.4818,-83.060097,408.3424946569384,268
PE,PBL2,41.9981,-79.528809,N4,K43A,42.7044,-88.332,727.3276072190953,3012
PE,PBL2,41.9981,-79.528809,US,GLMI,44.8245,-84.6175,517.2557129403571,2522
PE,PBL2,41.9981,-79.528809,OH,CROH,41.293858,-82.152496,231.63322059003494,781
PE,PBL2,41.9981,-79.528809,PE,PAKC,41.37471,-77.932533,149.58163251953846,2974
PE,PBL2,41.9981,-79.528809,N4,Y60A,34.0046,-78.2163,896.2129206716443,2993
PE,PBL2,41.9981,-79.528809,PE,PSSK,40.642586,-76.164978,318.76374014353144,3010
PE,PBL2,41.9981,-79.528809,PE,PN1,40.52588,-79.716735,164.45536943553398,2093
PE,PBL2,41.9981,-79.528809,YM,MHCG,44.2571,-75.7522,396.1944447437066,528
PE,PBL2,41.9981,-79.528809,N4,R61A,38.3303,-75.339,541.2323306740784,3012
PE,PBL2,41.9981,-79.528809,PO,LATQ,47.3835,-72.7819,801.2893887393834,228
PE,PBL2,41.9981,-79.528809,7O,ABNH,43.4819,-71.2471,695.8406290485824,1005
PE,PBL2,41.9981,-79.528809,C8,FORQ,48.7542,-69.1135,1105.5057704962458,521
PE,PBL2,41.9981,-79.528809,N4,G65A,45.2002,-67.5632,1025.9987627829805,3012
GB,GAL1,54.86633,-4.71133,GB,JSA,49.18783,-2.17167,654.7781675494085,5904
GB,GAL1,54.86633,-4.71133,DK,MUD,56.455,9.1733,887.011117710276,5371
GB,GAL1,54.86633,-4.71133,GB,LAWE,56.26,-5.399,160.88679315090428,2887
GB,GAL1,54.86633,-4.71133,GB,WACR,52.72433,0.62833,423.76050898855647,3243
GB,GAL1,54.86633,-4.71133,EI,IDGL,55.073,-7.51,180.09063409774674,4217
GB,GAL1,54.86633,-4.71133,UK,STED,50.737,-1.9645,494.8047990342112,2310
GB,GAL1,54.86633,-4.71133,EI,DSB,53.24519,-6.37619,210.46964196997794,3356
1G,NOP01,41.97177,110.49863,1G,WOP23,37.3256,100.06438,1030.894125300129,235
1G,NOP01,41.97177,110.49863,1G,WOP11,37.52923,104.79038,694.063352347126,360
1G,NOP01,41.97177,110.49863,1G,WOP01,37.66651,107.33679,549.5305661173503,356
1G,NOP01,41.97177,110.49863,IC,XAN,34.03107,108.92321,893.6433930954505,366
1G,NOP01,41.97177,110.49863,YP,NE81,46.069698,116.634697,669.219920836824,378
1G,NOP01,41.97177,110.49863,YP,NE32,42.670799,117.070099,545.6949920657805,378
1G,NOP01,41.97177,110.49863,YP,NEP7,48.1744,118.1474,913.6529114810193,233
1G,NOP01,41.97177,110.49863,YP,NE66,45.004101,120.704201,888.8875929671649,378
1G,NOP01,41.97177,110.49863,YP,NEA3,47.562302,121.292,1053.1632667191702,378
1G,NOP01,41.97177,110.49863,YP,NE57,44.122898,123.258499,1062.9125031896676,378
XW,KABG,3.5104,34.143299,XW,LIRA,2.1096,33.064301,196.52360932099833,521
XW,KABG,3.5104,34.143299,XW,AMDT,1.9487,34.935799,194.6866688655491,432
7A,BDEG,37.331501,-77.208298,N4,X48A,34.4517,-87.0452,941.6355577842542,678
7A,BDEG,37.331501,-77.208298,N4,V51A,35.803299,-84.351097,659.9575715965207,678
7A,BDEG,37.331501,-77.208298,KY,LLKY,36.92159,-88.096558,965.853298268933,671
7A,BDEG,37.331501,-77.208298,XO,SOKY,37.5256,-85.961899,772.9769248383473,369
7A,BDEG,37.331501,-77.208298,GS,DEC08,39.861045,-88.924888,1055.4741549887024,678
7A,BDEG,37.331501,-77.208298,N4,P48A,39.4605,-85.4258,753.9127888455193,678
7A,BDEG,37.331501,-77.208298,N4,P51A,39.4818,-83.060097,563.0170867706116,640
7A,BDEG,37.331501,-77.208298,US,GLMI,44.8245,-84.6175,1038.1979978424224,714
7A,BDEG,37.331501,-77.208298,N4,R53A,38.3307,-81.952202,431.13297377165657,632
7A,BDEG,37.331501,-77.208298,PE,PAKC,41.37471,-77.932533,453.87161145661435,161
7A,BDEG,37.331501,-77.208298,N4,Y60A,34.0046,-78.2163,380.96930319981027,597
7A,BDEG,37.331501,-77.208298,PE,PSSK,40.642586,-76.164978,379.0495059727683,141
7A,BDEG,37.331501,-77.208298,ZN,DC34,38.8634,-76.985199,171.45453243402196,145
7A,BDEG,37.331501,-77.208298,N4,R61A,38.3303,-75.339,198.20126173791417,590
7A,BDEG,37.331501,-77.208298,YO,D03,34.3559,-74.488701,411.73930360574934,144
7A,BDEG,37.331501,-77.208298,YO,X09,32.516899,-74.3536,595.1842529073349,142
7A,BDEG,37.331501,-77.208298,YO,X03,35.893299,-72.719002,431.3667643318263,145
GE,PSZ,47.918201,19.8934,YD,MMNN,39.8909,15.9904,945.4526718292786,301
GE,PSZ,47.918201,19.8934,HT,LKD,38.707199,20.6506,1026.0342213382025,195
GE,PSZ,47.918201,19.8934,YD,OBS14,39.169399,14.4694,1065.8601203081575,128
GE,PSZ,47.918201,19.8934,MN,VTS,42.618,23.235,644.6076417429521,2127
GE,PSZ,47.918201,19.8934,YF,HVAR,43.177601,16.449,591.2946824784475,313
GE,PSZ,47.918201,19.8934,YI,GROG,43.426182,9.89201,922.661317422961,399
GE,PSZ,47.918201,19.8934,MN,DIVS,44.0981,19.9917,424.8441683067988,503
GE,PSZ,47.918201,19.8934,YI,BARR,44.282799,12.0797,724.9485715813017,909
GE,PSZ,47.918201,19.8934,MN,BNI,45.052,6.678,1059.2500645860844,2542
GE,PSZ,47.918201,19.8934,CH,FUORN,46.620334,10.263551,740.2614596007613,796
GE,PSZ,47.918201,19.8934,YG,CBP2J,47.367298,18.03178,152.32316859596497,225
GE,PSZ,47.918201,19.8934,YG,CBP4F,47.720261,15.97801,293.1356900808391,250
GE,PSZ,47.918201,19.8934,XM,A106,48.146099,13.5743,470.4233128913169,326
GE,PSZ,47.918201,19.8934,GE,IBBN,52.306301,7.7592,991.5518982414932,2372
GE,PSZ,47.918201,19.8934,GE,RGN,54.547699,13.3214,866.7947666574689,3039
GE,PSZ,47.918201,19.8934,XS,S037,38.921001,24.530001,1067.718004939915,178
GE,PSZ,47.918201,19.8934,GE,MLR,45.491199,25.945601,534.3842860050306,1787
ZQ,ETIP,58.443645,-133.990631,XJ,SNOW,56.8922,-132.3526,198.1029726765318,100
ZQ,ETIP,58.443645,-133.990631,NY,TGTN,61.5267,-128.27268,467.30375282247655,130
ZQ,ETIP,58.443645,-133.990631,C8,BNKB,53.3318,-129.9017,622.708459930849,130
ZQ,ETIP,58.443645,-133.990631,NY,MAYO,63.59581,-135.89209,581.9160553483562,130
ZQ,ETIP,58.443645,-133.990631,PQ,NBC3,59.63716,-120.66875,772.143144670371,109
YS,PL61,16.737801,-151.637604,YS,PL46,24.312099,-156.9646,1008.1705520420057,380
YS,PL61,16.737801,-151.637604,YS,PL69,16.3484,-157.700806,647.7131990146012,384
YS,PL61,16.737801,-151.637604,YS,NGOK,22.122999,-159.664993,1032.6180401843446,387
YS,PL61,16.737801,-151.637604,YS,PL67,16.162001,-156.206604,491.4303928927758,382
YS,PL61,16.737801,-151.637604,YS,PL70,15.574,-158.982498,795.0070136344441,377
YS,PL61,16.737801,-151.637604,YS,MRKH,21.108999,-157.270004,766.1475372606736,128
YS,PL61,16.737801,-151.637604,YS,PL62,14.6891,-151.6866,227.8658253126529,387
OK,HEWI,37.048825,-96.408082,US,MVCO,37.19956,-108.49251,1070.7993343613803,451
OK,HEWI,37.048825,-96.408082,US,AMTX,34.8837,-101.6808,531.992169689007,434
OK,HEWI,37.048825,-96.408082,N4,X48A,34.4517,-87.0452,892.4421450729463,457
OK,HEWI,37.048825,-96.408082,N4,Z38B,33.2599,-94.9852,440.7043323639969,459
OK,HEWI,37.048825,-96.408082,TX,DKNS,33.66653,-100.92365,555.8634095686796,406
OK,HEWI,37.048825,-96.408082,TX,BRDY,31.285872,-98.999447,683.6399373301941,460
OK,HEWI,37.048825,-96.408082,N4,ABTX,32.6238,-99.6431,573.7283675555668,459
OK,HEWI,37.048825,-96.408082,KY,LLKY,36.92159,-88.096558,738.1435903027847,437
OK,HEWI,37.048825,-96.408082,N4,R40B,38.2909,-92.2684,389.60970201024855,459
OK,HEWI,37.048825,-96.408082,N4,N41A,40.7077,-90.8552,629.5015645591966,459
OK,HEWI,37.048825,-96.408082,GS,DEC08,39.861045,-88.924888,722.4272892569217,447
OK,HEWI,37.048825,-96.408082,N4,P48A,39.4605,-85.4258,994.9999905082532,459
OK,HEWI,37.048825,-96.408082,N4,K43A,42.7044,-88.332,932.1541633381945,459
OK,HEWI,37.048825,-96.408082,US,ECSD,43.7337,-96.6141,743.5292177187334,459
CU,GRGR,12.13237,-61.65407,YU,NL10,10.6679,-71.4911,1084.460315928194,699
CU,GRGR,12.13237,-61.65407,VE,BAUV,8.9433,-68.041496,783.0547101940518,1933
CU,GRGR,12.13237,-61.65407,ZZ,XSJN,18.9669,-66.213501,903.19123785971,384
CU,GRGR,12.13237,-61.65407,YI,D35,20.112801,-63.517601,909.3944323994918,180
CU,GRGR,12.13237,-61.65407,TR,TOSP,11.2984,-60.535198,153.09995825268797,1655
CU,GRGR,12.13237,-61.65407,WI,SLBI,14.023,-60.974,222.75822247223581,2462
XS,S037,38.921001,24.530001,MN,WDD,35.8373,14.5242,947.612823338013,374
XS,S037,38.921001,24.530001,HT,LKD,38.707199,20.6506,336.93070381408774,157
XS,S037,38.921001,24.530001,MN,CLTB,37.578,13.216,998.5321887154907,181
XS,S037,38.921001,24.530001,MN,VTS,42.618,23.235,425.29167802649954,338
XS,S037,38.921001,24.530001,MN,DIVS,44.0981,19.9917,688.3601130317159,448
XS,S037,38.921001,24.530001,YG,CBP2J,47.367298,18.03178,1076.1288844712835,410
XS,S037,38.921001,24.530001,XS,S040,37.722,24.009001,140.8565528963405,452
XS,S037,38.921001,24.530001,GE,APE,37.068901,25.5306,223.82842815736598,178
XS,S037,38.921001,24.530001,YL,ARSL,40.955002,35.887001,993.5440185427046,444
7B,MM12,-35.50344,-157.16479,7B,NM04,-34.07651,-156.41882,172.6710317933851,342
YG,CBP4F,47.720261,15.97801,HT,LKD,38.707199,20.6506,1070.8362006223483,195
YG,CBP4F,47.720261,15.97801,MN,VTS,42.618,23.235,802.7800786277867,396
YG,CBP4F,47.720261,15.97801,YI,GROG,43.426182,9.89201,672.1973547658365,154
YG,CBP4F,47.720261,15.97801,MN,DIVS,44.0981,19.9917,508.42746494816373,493
YG,CBP4F,47.720261,15.97801,YI,BARR,44.282799,12.0797,486.44800671449775,160
YG,CBP4F,47.720261,15.97801,MN,BNI,45.052,6.678,771.9349184492629,476
YG,CBP4F,47.720261,15.97801,CH,FUORN,46.620334,10.263551,448.8315580111752,268
YG,CBP4F,47.720261,15.97801,YG,CBP2J,47.367298,18.03178,159.0675816528162,457
YG,CBP4F,47.720261,15.97801,GE,IBBN,52.306301,7.7592,776.92978691416,233
YG,CBP4F,47.720261,15.97801,GE,RGN,54.547699,13.3214,781.3311285123782,250
ZT,CRAIL,-22.80259,28.24304,8A,GAMM,-20.2505,20.8253,817.9248338001901,478
ZT,CRAIL,-22.80259,28.24304,AF,HVD,-30.605,25.497,909.3483682790634,1018
ZT,CRAIL,-22.80259,28.24304,AF,RUDU,-17.909599,19.764799,1037.4921143490608,424
ZT,CRAIL,-22.80259,28.24304,BX,XAUDM,-18.53956,21.338223,860.4166087543015,294
ZT,CRAIL,-22.80259,28.24304,8A,WAND,-24.649982,19.743595,889.0836904978917,450
ZT,CRAIL,-22.80259,28.24304,8A,KANO,-19.194901,19.4398,997.7336597848096,478
ZT,CRAIL,-22.80259,28.24304,BX,LKGWB,-24.11351,21.782303,674.8798901243249,610
ZT,CRAIL,-22.80259,28.24304,8A,AROB,-26.798342,19.647346,974.4102710433045,351
ZT,CRAIL,-22.80259,28.24304,BX,KGCAE,-22.853821,22.206787,618.6110347218619,542
ZT,CRAIL,-22.80259,28.24304,NR,NE215,-18.78417,25.196014,547.651338334638,99
ZT,CRAIL,-22.80259,28.24304,ZT,WTBG,-24.2119,28.88291,169.74730663212662,1135
ZT,CRAIL,-22.80259,28.24304,ZT,DULL,-25.36478,30.17588,345.9169029656211,1055
RU,VSLR,43.4612,40.0324,GF,TEPE,41.056,28.5147,983.9555785434843,660
RU,VSLR,43.4612,40.0324,KO,KARS,40.6152,43.0937,404.98327164944794,660
RU,VSLR,43.4612,40.0324,MP,DHK1,36.8606,42.8665,772.3253177851316,199
RU,VSLR,43.4612,40.0324,XA,GP03,42.6352,44.6162,383.5762188811399,400
XP,TWRS,45.103471,-114.849947,PB,B934,39.844501,-123.691399,930.5958844775593,169
XP,TWRS,45.103471,-114.849947,NV,BACME,48.314654,-126.058199,925.0703527866353,93
XP,TWRS,45.103471,-114.849947,UO,RSBO,44.043361,-122.267036,598.986376690902,169
XP,TWRS,45.103471,-114.849947,US,MVCO,37.19956,-108.49251,1026.7164989156984,168
XP,TWRS,45.103471,-114.849947,IE,BCYI,44.310799,-113.405197,144.23486131332575,169
XP,TWRS,45.103471,-114.849947,US,HAWA,46.3925,-119.5327,390.5231365071022,169
XP,TWRS,45.103471,-114.849947,TD,TD009,52.32058,-116.323372,809.7090044281487,169
XP,TWRS,45.103471,-114.849947,MB,HRY,46.711285,-111.831786,294.06286437615273,169
XP,TWRS,45.103471,-114.849947,US,DGMT,48.4702,-104.1959,892.3551917688412,169
XP,TWRS,45.103471,-114.849947,RV,SWHSA,54.899441,-116.751793,1097.6037619685897,160
XA,SA80,-19.959257,31.317909,XA,SA38,-25.933359,25.084627,920.888273988235,327
XA,SA80,-19.959257,31.317909,XA,SA60,-23.851931,24.959381,785.7287882725378,324
XA,SA80,-19.959257,31.317909,XA,SA64,-22.969448,26.201714,626.2778752232902,301
XA,SA80,-19.959257,31.317909,XA,SA71,-20.925777,27.140787,448.278676088139,271
XA,SA80,-19.959257,31.317909,XA,SA76,-20.636091,29.846441,170.91955772622097,335
XA,SA80,-19.959257,31.317909,XA,SA73,-21.853668,30.277611,236.74576658568174,328
MP,DHK1,36.8606,42.8665,3K,NIKI,35.06884,32.992168,910.277021834488,180
MP,DHK1,36.8606,42.8665,IM,CY301,33.30031,33.05407,976.0643264768776,185
MP,DHK1,36.8606,42.8665,KO,KARS,40.6152,43.0937,417.9573697622583,230
MP,DHK1,36.8606,42.8665,YB,SM05,38.70424,37.21084,537.5243350068799,238
MP,DHK1,36.8606,42.8665,MP,SAM2,30.5295,44.5586,721.141548618937,379
MP,DHK1,36.8606,42.8665,MP,KUT1,32.5091,45.7974,553.0403353846943,390
MP,DHK1,36.8606,42.8665,MP,AMR2,31.9899,47.1902,671.0787366376161,343
MP,DHK1,36.8606,42.8665,AB,HASN,39.336076,49.217978,620.0092943161387,1024
MP,DHK1,36.8606,42.8665,XA,EP15,40.33766,47.79234,576.6434700089037,338
XA,SA10,-30.972401,23.913601,XA,SA20,-29.0221,26.195299,308.70639399024856,260
XA,SA10,-30.972401,23.913601,XA,SA04,-32.850498,19.6206,455.8050037702463,249
XA,SA10,-30.972401,23.913601,XA,SA26,-27.545601,26.1803,439.90445519854546,227
XA,SA10,-30.972401,23.913601,XA,SA38,-25.933359,25.084627,571.8787815255115,243
XA,SA10,-30.972401,23.913601,XA,SA03,-33.6619,21.3354,384.8476302839242,180
XA,SA10,-30.972401,23.913601,XA,SA35,-27.018299,29.088301,668.1111370421005,216
ZM,GM04,-82.999702,61.1124,ZM,N190,-80.327499,69.431,325.2475769571301,348
ZM,GM04,-82.999702,61.1124,ZM,P080,-82.805397,77.363998,223.56942592785555,419
ZM,GM04,-82.999702,61.1124,ZM,N173,-81.112198,77.473602,325.5289008621463,287
ZM,GM04,-82.999702,61.1124,ZM,GM06,-79.332802,44.3148,494.42926771479466,186
ZM,GM04,-82.999702,61.1124,ZM,GM01,-83.985802,104.729103,546.2058212671625,413
ZM,GM04,-82.999702,61.1124,ZM,GM03,-80.216904,85.943901,501.2839274877936,343
ZM,GM04,-82.999702,61.1124,ZM,N140,-82.008598,96.769203,519.7722528606789,459
YB,AT39,36.932098,37.222599,HL,ARG,36.213558,28.12122,816.3615762103781,179
YB,AT39,36.932098,37.222599,KO,ELL,36.7483,29.9085,651.0473857756591,175
YB,AT39,36.932098,37.222599,YB,AT19,39.735199,33.5811,444.93133819774175,165
YB,AT39,36.932098,37.222599,YB,AT49,38.513699,32.252998,471.06147192525793,171
YB,AT39,36.932098,37.222599,YB,AT63,36.712502,33.472,334.716171066232,175
YB,AT39,36.932098,37.222599,KO,KARS,40.6152,43.0937,653.0115184588246,177
YB,AT39,36.932098,37.222599,YB,AT06,39.6731,35.6665,333.6489398695822,170
YB,AT39,36.932098,37.222599,YB,AT56,36.7019,35.546902,151.34468780646753,177
ON,TIJ01,-25.908848,-49.024242,BL,RCLB,-22.4191,-47.530998,416.55202147769455,2078
ON,TIJ01,-25.908848,-49.024242,ON,ALF01,-20.616865,-40.725212,1031.5133432694404,1827
ON,TIJ01,-25.908848,-49.024242,BL,PMNB,-18.540001,-46.439999,861.3910379017884,1592
NM,SCMO,38.761799,-90.641296,US,AMTX,34.8837,-101.6808,1072.131464024778,1975
NM,SCMO,38.761799,-90.641296,ZL,N07A,35.485802,-91.857803,379.8947297743292,205
NM,SCMO,38.761799,-90.641296,N4,X48A,34.4517,-87.0452,576.703848703902,983
NM,SCMO,38.761799,-90.641296,N4,237B,32.001499,-95.808403,885.3363859438849,931
NM,SCMO,38.761799,-90.641296,N4,Z38B,33.2599,-94.9852,725.6802581278544,919
NM,SCMO,38.761799,-90.641296,ZL,N06M,34.904999,-90.221199,430.4822074331966,157
NM,SCMO,38.761799,-90.641296,N4,V51A,35.803299,-84.351097,646.2408477225979,899
NM,SCMO,38.761799,-90.641296,Z9,W14,32.0938,-83.898697,960.0887481232257,924
NM,SCMO,38.761799,-90.641296,KY,LLKY,36.92159,-88.096558,302.9661643032531,1760
NM,SCMO,38.761799,-90.641296,XO,MG05,37.482498,-90.870102,143.6530059584294,701
NM,SCMO,38.761799,-90.641296,XO,SOKY,37.5256,-85.961899,431.62499390206233,648
NM,SCMO,38.761799,-90.641296,XO,LE17,37.9874,-89.1763,154.0236892485014,397
NM,SCMO,38.761799,-90.641296,N4,R40B,38.2909,-92.2684,150.91428519066446,897
NM,SCMO,38.761799,-90.641296,N4,N41A,40.7077,-90.8552,217.14611938338388,1021
NM,SCMO,38.761799,-90.641296,GS,DEC08,39.861045,-88.924888,191.68603891114245,990
NM,SCMO,38.761799,-90.641296,N4,P48A,39.4605,-85.4258,456.57575825465244,882
NM,SCMO,38.761799,-90.641296,N4,P51A,39.4818,-83.060097,658.6793091595309,693
NM,SCMO,38.761799,-90.641296,N4,K43A,42.7044,-88.332,479.58646885800715,1002
NM,SCMO,38.761799,-90.641296,US,ECSD,43.7337,-96.6141,744.5653906026404,2047
NM,SCMO,38.761799,-90.641296,US,GLMI,44.8245,-84.6175,838.4276424884011,1880
NM,SCMO,38.761799,-90.641296,N4,R53A,38.3307,-81.952202,756.8908805892247,685
NM,SCMO,38.761799,-90.641296,Z9,E31,32.986599,-82.107002,1001.0089887270617,683
NM,SCMO,38.761799,-90.641296,PO,ACTO,43.6087,-80.062401,1035.2211553781917,1020
XE,WW01,-3.78521,-134.73696,XE,WC02,-4.97259,-133.70537,174.67918109037802,251
XE,WW01,-3.78521,-134.73696,XE,CC07,-6.15879,-133.0464,323.61380799568764,251
XE,WW01,-3.78521,-134.73696,XE,EE02,-5.97635,-130.88959,490.95273123227537,251
VE,RIOV,8.069,-61.814499,VE,JACV,11.0873,-68.82987,839.130907086555,308
VE,RIOV,8.069,-61.814499,VE,BAUV,8.9433,-68.041496,691.6469793250504,343
VE,RIOV,8.069,-61.814499,XT,PNCH,11.2493,-66.5009,623.6059444718106,273
VE,RIOV,8.069,-61.814499,XT,MHTO,13.9497,-66.490997,829.38161223851,275
VE,RIOV,8.069,-61.814499,VE,CAIV,7.3262,-66.321602,503.4668785401827,344
VE,RIOV,8.069,-61.814499,XT,ABPC,9.4608,-64.820702,364.8149164482161,180
VE,RIOV,8.069,-61.814499,XT,MIPC,10.9455,-64.294403,419.825953298205,185
XV,SOLA,-15.8636,48.826302,XV,BITY,-20.060801,47.000099,505.08203562480713,112
XV,SOLA,-15.8636,48.826302,MR,MRIV,-20.298,57.497002,1040.408402191909,112
XV,SOLA,-15.8636,48.826302,XV,LAHA,-14.9344,50.2911,187.97210160673185,112
XV,SOLA,-15.8636,48.826302,XV,ANTS,-14.8843,47.999298,140.42632342815125,111
XV,SOLA,-15.8636,48.826302,XV,ZOBE,-18.1369,47.228901,304.54158715803925,112
XV,SOLA,-15.8636,48.826302,XV,ANLA,-17.7062,49.4599,215.7041958911307,106
XV,SOLA,-15.8636,48.826302,XV,MAHA,-23.1714,47.689899,821.2572279175351,110
XV,SOLA,-15.8636,48.826302,XV,AMPY,-24.7033,44.743599,1070.9639588527634,109
XV,SOLA,-15.8636,48.826302,XV,BAND,-20.3428,45.596401,603.7559763019054,112
XV,SOLA,-15.8636,48.826302,XV,DGOS,-12.2825,49.3606,402.34750913660133,107
BL,TRIB,-20.6724,-51.326,BL,PPDB,-22.0326,-51.313599,151.25300021004693,358
BL,TRIB,-20.6724,-51.326,BL,IBIB,-21.777201,-48.8139,287.902272633206,177
BL,TRIB,-20.6724,-51.326,BL,NAVB,-21.433599,-54.1842,308.43686285014996,144
BL,TRIB,-20.6724,-51.326,BL,FURB,-20.6782,-46.277901,525.151666205085,250
BL,TRIB,-20.6724,-51.326,BL,CDCB,-20.2365,-44.718201,690.0839929463571,188
BL,TRIB,-20.6724,-51.326,BL,AGVB,-19.7393,-50.233101,154.1797314473759,335
YQ,VWZM,-11.1753,33.574402,AF,LBB,-11.631,27.485001,665.6626872872905,283
YQ,VWZM,-11.1753,33.574402,YQ,MFRI,-9.2944,35.312901,282.7165753296555,254
TO,MULU,19.4368,-99.129601,ZL,S05,23.347799,-108.094299,1024.6315550264767,334
TO,MULU,19.4368,-99.129601,XF,MA36,19.3594,-104.893204,604.5367127955525,494
TO,MULU,19.4368,-99.129601,XF,MA40,20.219801,-103.942001,510.84178837033437,477
TO,MULU,19.4368,-99.129601,XF,MA28,20.1786,-102.597,371.9964937740349,494
3H,G15,2.5843,-92.2501,3H,G44,-1.8313,-93.8518,522.2806460207584,432
3H,G15,2.5843,-92.2501,3H,G23,0.9001,-92.0216,188.98878425497816,443
3H,G15,2.5843,-92.2501,3H,G06,2.0564,-90.6769,184.3814929135504,442
3H,G15,2.5843,-92.2501,3H,G01,1.0132,-88.9369,407.55904338977894,443
3H,G15,2.5843,-92.2501,3H,G18,1.5202,-93.2519,162.45886846099557,449
3H,G15,2.5843,-92.2501,3H,G30,1.2999,-94.808,318.11793900703606,449
3H,G15,2.5843,-92.2501,8W,CBHM,-0.46906,-91.60975,346.9004689946326,224
YT,ST07,-78.6388,-123.7953,YT,SURP,-84.7199,-171.2017,966.5593065686364,725
YT,ST07,-78.6388,-123.7953,YT,MPAT,-78.0297,-155.0221,696.850070918411,725
YT,ST07,-78.6388,-123.7953,YT,CLRK,-77.3231,-141.8485,440.7417690132124,725
YT,ST07,-78.6388,-123.7953,YT,SILY,-77.1332,-125.966,174.88171241796394,725
YT,ST07,-78.6388,-123.7953,YT,HOWD,-77.5286,-86.7694,844.1727318472476,725
YT,ST07,-78.6388,-123.7953,YT,ST10,-75.8143,-129.7489,346.10436600059126,691
YT,ST07,-78.6388,-123.7953,YT,ST04,-80.7152,-116.5792,271.56893771729676,586
YT,ST07,-78.6388,-123.7953,YT,BENN,-84.5731,-117.3923,666.9882422487113,390
YT,ST07,-78.6388,-123.7953,YT,ST02,-82.069,-109.1247,466.3416429375651,615
YT,ST07,-78.6388,-123.7953,YT,UPTW,-77.5781,-109.0374,356.96779407127167,326
YT,ST07,-78.6388,-123.7953,YT,PECA,-85.6124,-68.5525,1062.5987427561747,658
XM,ANB03,-23.50208,-66.11349,C1,AC02,-26.835517,-69.129067,479.00352998757904,264
XM,ANB03,-23.50208,-66.11349,XM,ANB11,-25.951,-62.49889,455.4013292151381,584
XM,ANB03,-23.50208,-66.11349,XM,ANB09,-25.4413,-66.2624,216.15764499529132,346
XM,ANB03,-23.50208,-66.11349,XM,ANB20,-26.7962,-65.316,374.97833561622997,632
XM,ANB03,-23.50208,-66.11349,XM,ANB10,-25.0271,-64.5865,229.59568075035818,639
XM,ANB03,-23.50208,-66.11349,XM,ANB16,-24.0911,-61.4628,477.65628900207105,551
XM,ANB03,-23.50208,-66.11349,XM,CB22,-24.00541,-68.52551,251.77897411508704,591
XM,ANB03,-23.50208,-66.11349,XM,CB01,-22.09872,-70.21211,448.15044118326233,589
S1,AUDCS,-32.2334,148.6278,OZ,MRAT,-34.62973,137.6256,1054.544107365087,436
S1,AUDCS,-32.2334,148.6278,OZ,HKER,-31.7642,138.55251,951.1816480754401,436
S1,AUDCS,-32.2334,148.6278,S1,AUJCS,-33.2047,138.6098,943.0332429826519,2811
S1,AUDCS,-32.2334,148.6278,OZ,ROBE,-37.1472,139.87424,968.3537248823936,429
S1,AUDCS,-32.2334,148.6278,OZ,MILD,-34.25915,142.05571,651.196121343815,436
S1,AUDCS,-32.2334,148.6278,OZ,ROWM,-37.80614,144.29176,734.549151680714,503
S1,AUDCS,-32.2334,148.6278,OZ,CURRY,-41.09589,146.95012,996.7017116502803,503
S1,AUDCS,-32.2334,148.6278,OZ,DTMM,-36.52813,147.46539,489.30881326962447,503
S1,AUDCS,-32.2334,148.6278,S1,AUUHS,-35.3589,150.4696,386.952310814822,3832
S1,AUDCS,-32.2334,148.6278,YW,MSWL3,-32.3933,150.92683,216.7776935054431,379
S1,AUDCS,-32.2334,148.6278,S1,AUMOU,-24.5752,149.9814,861.7559873479081,2030
XS,L37D,1.5657,-14.9718,XS,I04D,-2.123817,-16.17326,431.45279807251296,355
XS,L37D,1.5657,-14.9718,XS,L16D,0.8933,-7.8953,790.2310817178841,355
XS,L37D,1.5657,-14.9718,XS,S32D,-0.7968,-15.647,273.2146202763222,355
XS,L37D,1.5657,-14.9718,XS,I14D,-0.3522,-7.952395,809.0559823377424,355
XS,L37D,1.5657,-14.9718,XS,S24D,-0.1383,-12.7806,308.6314425495091,355
XS,L37D,1.5657,-14.9718,XS,L39D,2.0557,-11.4905,390.7264735448709,353
XS,L37D,1.5657,-14.9718,XS,L18D,0.5769,-9.3765,631.6954947360392,355
9D,KNS,64.290802,-49.683102,X5,MNGN,64.663498,-72.434334,1084.9535293942242,384
9D,KNS,64.290802,-49.683102,X5,KIMN,62.850731,-69.879456,1007.8612097365171,108
9D,KNS,64.290802,-49.683102,DK,NRS,61.159566,-45.418535,410.22941897041903,746
9D,KNS,64.290802,-49.683102,DK,DY2G,66.479599,-46.309399,289.1344910641277,360
9D,KNS,64.290802,-49.683102,X5,JENN,64.085503,-67.16217,843.9119679105291,279
DK,DY2G,66.479599,-46.309399,DK,NRS,61.159566,-45.418535,593.1582308189684,2834
DK,DY2G,66.479599,-46.309399,XF,NE1,74.87175,-38.55117,973.8995819904707,728
DK,DY2G,66.479599,-46.309399,XF,NE3,76.394577,-43.458302,1106.7880600586795,725
DK,DY2G,66.479599,-46.309399,YM,KASE,71.4776,-51.349701,590.5181008114895,775
DK,DY2G,66.479599,-46.309399,DK,KULLO,74.580498,-57.2201,983.7088948032512,2275
VE,JACV,11.0873,-68.82987,VE,BAUV,8.9433,-68.041496,253.5490209391989,581
VE,JACV,11.0873,-68.82987,XT,PNCH,11.2493,-66.5009,254.70279834488883,255
VE,JACV,11.0873,-68.82987,XT,MHTO,13.9497,-66.490997,407.12239942903096,259
VE,JACV,11.0873,-68.82987,VE,CAIV,7.3262,-66.321602,500.67214947045636,581
VE,JACV,11.0873,-68.82987,XT,ABPC,9.4608,-64.820702,474.4560913959039,223
VE,JACV,11.0873,-68.82987,XT,MIPC,10.9455,-64.294403,495.27442965461455,151
YT,LPLY,-73.1142,-90.2834,YT,MCRG,-73.6681,-94.6493,151.77331699469696,2021
YT,LPLY,-73.1142,-90.2834,YT,SILY,-77.1332,-125.966,1090.1025509832152,1704
YT,LPLY,-73.1142,-90.2834,YT,HOWD,-77.5286,-86.7694,500.5264276369059,1769
YT,LPLY,-73.1142,-90.2834,YT,MTAK,-76.3157,-112.7986,743.3128546280722,2121
YT,LPLY,-73.1142,-90.2834,YT,UPTW,-77.5781,-109.0374,718.3974270538671,1741
NR,NE215,-18.78417,25.196014,8A,GAMM,-20.2505,20.8253,486.20136513962706,278
NR,NE215,-18.78417,25.196014,8A,OMUT,-18.4093,16.6364,902.9659137299576,278
NR,NE215,-18.78417,25.196014,AF,WIN,-22.5667,17.1,941.1619627976596,106
NR,NE215,-18.78417,25.196014,8A,KANO,-19.194901,19.4398,606.9213069798136,278
NR,NE215,-18.78417,25.196014,8A,OTJO,-20.018,15.9799,976.1439883420101,278
NR,NE215,-18.78417,25.196014,8A,WEWE,-21.209,16.809099,916.726573848101,273
NR,NE215,-18.78417,25.196014,ZT,WTBG,-24.2119,28.88291,713.8554775099641,111
NR,NE215,-18.78417,25.196014,ZT,DULL,-25.36478,30.17588,893.4726143155752,112
YT,MA06,-79.4397,-97.5587,YT,HOWE,-87.4158,-149.4267,1021.8427248309827,702
YT,MA06,-79.4397,-97.5587,YT,CLRK,-77.3231,-141.8485,992.5859445672507,693
YT,MA06,-79.4397,-97.5587,YT,MA07,-78.2496,-93.4991,158.47644307827224,702
YT,MA06,-79.4397,-97.5587,YT,SILY,-77.1332,-125.966,682.0157658856829,702
YT,MA06,-79.4397,-97.5587,YT,HOWD,-77.5286,-86.7694,319.3309721978737,702
YT,MA06,-79.4397,-97.5587,YT,MA09,-79.8993,-104.9977,156.76199245500598,701
YT,MA06,-79.4397,-97.5587,YT,BENN,-84.5731,-117.3923,639.8545967576689,690
YT,MA06,-79.4397,-97.5587,YT,STEW,-84.1863,-86.2349,554.9268683783735,655
YT,MA06,-79.4397,-97.5587,YT,UPTW,-77.5781,-109.0374,326.9247518910411,702
YT,MA06,-79.4397,-97.5587,YT,PECA,-85.6124,-68.5525,783.7060287928898,617
YT,MA06,-79.4397,-97.5587,YT,MECK,-75.2808,-72.185,760.9990734186035,702
YT,MA06,-79.4397,-97.5587,YT,DUFK,-82.8619,-53.2006,820.1268535282295,702
YO,F6,11.3652,-85.8209,YO,N11,13.1963,-86.130402,206.36728403753185,386
XS,N08,46.5,-108.861,XM,UT52,37.234776,-110.131325,1035.5636421502988,230
XS,N08,46.5,-108.861,US,HAWA,46.3925,-119.5327,817.101857000181,284
YT,BENN,-84.5731,-117.3923,XH,DR15,-79.492798,-179.919296,1037.0448621835965,713
YT,BENN,-84.5731,-117.3923,XH,RS06,-79.283501,-171.620193,969.8558039119963,717
YT,BENN,-84.5731,-117.3923,YT,SURP,-84.7199,-171.2017,538.3138222638216,2348
YT,BENN,-84.5731,-117.3923,XH,RS15,-80.496597,-169.978806,838.9639303920977,709
YT,BENN,-84.5731,-117.3923,XH,RS17,-81.401604,-162.973801,685.029699877698,701
YT,BENN,-84.5731,-117.3923,XH,RS10,-79.278801,-155.467697,806.9240848212117,788
YT,BENN,-84.5731,-117.3923,YT,MPAT,-78.0297,-155.0221,928.223224041183,2372
YT,BENN,-84.5731,-117.3923,YT,HOWE,-87.4158,-149.4267,390.7088833575014,1693
YT,BENN,-84.5731,-117.3923,YT,CLRK,-77.3231,-141.8485,895.277905941296,1771
YT,BENN,-84.5731,-117.3923,YT,MA07,-78.2496,-93.4991,792.9123386508792,692
YT,BENN,-84.5731,-117.3923,YT,SILY,-77.1332,-125.966,838.7807475287278,3954
YT,BENN,-84.5731,-117.3923,YT,HOWD,-77.5286,-86.7694,919.5114397138118,3724
YT,BENN,-84.5731,-117.3923,YT,ST10,-75.8143,-129.7489,996.1478023598722,361
YT,BENN,-84.5731,-117.3923,YT,MA09,-79.8993,-104.9977,549.1010348516656,705
YT,BENN,-84.5731,-117.3923,YT,MTAK,-76.3157,-112.7986,921.3650256861323,1229
YT,BENN,-84.5731,-117.3923,YT,ST04,-80.7152,-116.5792,429.1249678871064,256
YT,BENN,-84.5731,-117.3923,YT,ST02,-82.069,-109.1247,297.56384823099364,284
YT,BENN,-84.5731,-117.3923,YT,STEW,-84.1863,-86.2349,337.72775505924557,2859
YT,BENN,-84.5731,-117.3923,YT,UPTW,-77.5781,-109.0374,789.0244367302721,3831
YT,BENN,-84.5731,-117.3923,YT,PECA,-85.6124,-68.5525,462.8488512942207,2857
YT,BENN,-84.5731,-117.3923,YT,DUFK,-82.8619,-53.2006,758.6596507224418,3501
YT,BENN,-84.5731,-117.3923,YT,MILR,-83.3063,156.2517,927.0342307622559,2047
GB,JSA,49.18783,-2.17167,CA,CARA,42.707643,0.818132,756.572449423006,2807
GB,JSA,49.18783,-2.17167,MN,BNI,45.052,6.678,811.4888636228676,4964
GB,JSA,49.18783,-2.17167,CH,FUORN,46.620334,10.263551,968.6125907185731,5343
GB,JSA,49.18783,-2.17167,DK,MUD,56.455,9.1733,1108.1875666112387,5360
GB,JSA,49.18783,-2.17167,GB,LAWE,56.26,-5.399,815.6416104222477,2834
GB,JSA,49.18783,-2.17167,GB,WACR,52.72433,0.62833,439.3518870535524,3338
GB,JSA,49.18783,-2.17167,EI,IDGL,55.073,-7.51,748.5083752556253,4079
GB,JSA,49.18783,-2.17167,UK,STED,50.737,-1.9645,172.8961211923715,2182
GB,JSA,49.18783,-2.17167,EI,DSB,53.24519,-6.37619,537.6587933206764,3334
1D,ATOL,-71.389671,-68.870117,1D,ELSW,-75.519371,-85.707581,699.2704505667008,377
1D,ATOL,-71.389671,-68.870117,YT,HOWD,-77.5286,-86.7694,858.7367168738439,385
1D,ATOL,-71.389671,-68.870117,AI,ESPZ,-63.398102,-56.996399,1019.2163212321083,371
1D,ATOL,-71.389671,-68.870117,YT,MECK,-75.2808,-72.185,445.2296393025489,385
1D,ATOL,-71.389671,-68.870117,1D,WELC,-70.731812,-63.82737,196.070911162347,354
TT,TATN,32.578701,10.5292,MN,WDD,35.8373,14.5242,515.8975413237548,485
TT,TATN,32.578701,10.5292,MN,CLTB,37.578,13.216,607.2082125510069,485
TT,TATN,32.578701,10.5292,TT,TAMR,37.046902,9.1091,513.457753797568,478
YA,MC16,27.1824,103.633003,YA,MC10,28.976101,103.870499,200.80687819043555,282
YA,MC16,27.1824,103.633003,XE,SP18,29.483082,94.414757,937.4796452179885,288
YA,MC16,27.1824,103.633003,YA,MC12,27.662901,102.208397,150.41688075614297,229
YA,MC16,27.1824,103.633003,YA,MC14,27.864599,99.735199,391.75756294557283,297
YA,MC16,27.1824,103.633003,YA,MC17,26.4706,101.743698,203.4914339420865,274
YA,MC16,27.1824,103.633003,XE,ES28,29.720207,98.426933,581.8633417758523,224
YA,MC16,27.1824,103.633003,YA,MC05,29.9921,100.220703,456.68898153334845,296
YA,MC16,27.1824,103.633003,YA,MC02,30.3811,103.428902,356.2352011431292,266
YA,MC16,27.1824,103.633003,XE,ES19,30.813387,95.711105,869.4808238144668,296
YA,MC16,27.1824,103.633003,XE,ES18,31.301319,97.962425,715.6547470150346,288
YA,MC16,27.1824,103.633003,IC,XAN,34.03107,108.92321,914.1110113481282,295
YT,ST10,-75.8143,-129.7489,YT,MPAT,-78.0297,-155.0221,675.3151516635738,691
YT,ST10,-75.8143,-129.7489,YT,CLRK,-77.3231,-141.8485,353.7888646707476,691
YT,ST10,-75.8143,-129.7489,YT,SILY,-77.1332,-125.966,176.52540183444214,691
YT,ST10,-75.8143,-129.7489,YT,HOWD,-77.5286,-86.7694,1091.9544784139878,691
YT,ST10,-75.8143,-129.7489,YT,ST04,-80.7152,-116.5792,617.6678522002965,581
YT,ST10,-75.8143,-129.7489,YT,ST02,-82.069,-109.1247,812.4339534931228,613
YT,ST10,-75.8143,-129.7489,YT,UPTW,-77.5781,-109.0374,561.4560941530714,297
CB,NJ2,32.051701,118.854401,IC,XAN,34.03107,108.92321,951.076626485978,2922
CB,NJ2,32.051701,118.854401,KS,SH2B,38.2686,128.2524,1097.9330510418963,291
XV,BAND,-20.3428,45.596401,XV,BITY,-20.060801,47.000099,149.8003451677108,393
XV,BAND,-20.3428,45.596401,XV,LAHA,-14.9344,50.2911,780.3243617610622,398
XV,BAND,-20.3428,45.596401,XV,ANTS,-14.8843,47.999298,658.1698242497544,386
XV,BAND,-20.3428,45.596401,XV,ZOBE,-18.1369,47.228901,299.22110530129265,392
XV,BAND,-20.3428,45.596401,XV,ANLA,-17.7062,49.4599,500.8530401388623,381
XV,BAND,-20.3428,45.596401,AF,SKRH,-22.827,44.733002,290.2952103158256,250
XV,BAND,-20.3428,45.596401,XV,MAHA,-23.1714,47.689899,381.6493086879644,385
XV,BAND,-20.3428,45.596401,XV,AMPY,-24.7033,44.743599,492.70918096703826,384
XV,BAND,-20.3428,45.596401,XV,DGOS,-12.2825,49.3606,982.0001267472695,308
1P,EIDA,-49.5393,-70.8801,C1,MG02,-52.7808,-69.2242,378.45756302112807,796
1P,EIDA,-49.5393,-70.8801,1P,CURI,-51.6131,-74.556,347.1290909825057,800
1P,EIDA,-49.5393,-70.8801,1P,GUMN,-50.3199,-75.3644,332.4535800081313,798
1P,EIDA,-49.5393,-70.8801,C1,LL02,-43.19055,-71.84838,709.8315555072262,810
1P,EIDA,-49.5393,-70.8801,GT,PLCA,-40.73277,-70.55083,979.5806558706869,813
1P,EIDA,-49.5393,-70.8801,1P,LVAN,-51.0252,-71.1152,166.06683449929585,809
1P,EIDA,-49.5393,-70.8801,1P,PMOR,-50.4904,-73.0428,187.24291104173133,803
1P,EIDA,-49.5393,-70.8801,C1,LR04,-39.88019,-73.425822,1092.5487911195887,744
ZM,GM01,-83.985802,104.729103,YT,SURP,-84.7199,-171.2017,842.3436149544466,627
ZM,GM01,-83.985802,104.729103,ZM,N190,-80.327499,69.431,654.614982653854,299
ZM,GM01,-83.985802,104.729103,ZM,P080,-82.805397,77.363998,369.418870212306,587
ZM,GM01,-83.985802,104.729103,ZM,N173,-81.112198,77.473602,498.1028321913052,456
ZM,GM01,-83.985802,104.729103,ZM,GM06,-79.332802,44.3148,1032.942002557704,150
ZM,GM01,-83.985802,104.729103,ZM,GM03,-80.216904,85.943901,502.67633939740347,298
ZM,GM01,-83.985802,104.729103,ZM,N140,-82.008598,96.769203,244.40102390969312,664
ZM,GM01,-83.985802,104.729103,YT,MILR,-83.3063,156.2517,616.8952495042406,520
EC,TULM,0.7161,-77.786903,EC,MILO,-2.1848,-79.5557,377.7799639612704,736
EC,TULM,0.7161,-77.786903,CM,SJC,9.896667,-75.1795,1060.7824290596839,3591
EC,TULM,0.7161,-77.786903,YU,SL02,7.6943,-71.0365,1077.8523394911365,565
EC,TULM,0.7161,-77.786903,3C,NW09,6.289741,-74.985709,693.3138350854745,422
EC,TULM,0.7161,-77.786903,3C,SL09,4.380633,-74.023873,583.7089946178961,628
EC,TULM,0.7161,-77.786903,CM,TUM,1.823667,-78.726667,161.49720718508937,3091
EC,TULM,0.7161,-77.786903,EC,BOSC,-3.1512,-78.495102,437.16976232218093,447
MP,AMR2,31.9899,47.1902,KO,KARS,40.6152,43.0937,1026.6099358061956,234
MP,AMR2,31.9899,47.1902,XA,EP15,40.33766,47.79234,929.795196682731,225
YS,PL67,16.162001,-156.206604,YS,PL38,19.9863,-162.025604,747.6517286533357,387
YS,PL67,16.162001,-156.206604,YS,PL46,24.312099,-156.9646,909.6865840090983,375
YS,PL67,16.162001,-156.206604,YS,PL41,24.573799,-158.933105,977.4730403592214,371
YS,PL67,16.162001,-156.206604,YS,PL69,16.3484,-157.700806,160.8466203803634,387
YS,PL67,16.162001,-156.206604,YS,PL40,23.9972,-161.095001,1009.5048390076098,371
YS,PL67,16.162001,-156.206604,YS,NGOK,22.122999,-159.664993,755.7533976774675,387
YS,PL67,16.162001,-156.206604,YS,PL70,15.574,-158.982498,304.01401714375186,377
YS,PL67,16.162001,-156.206604,YS,MRKH,21.108999,-157.270004,561.3676954634944,123
YS,PL67,16.162001,-156.206604,YS,PL62,14.6891,-151.6866,511.4063262679495,386
MM,NGU,21.205721,94.916618,TM,PHRA,18.4989,100.229,631.8101710461666,1284
MM,NGU,21.205721,94.916618,TM,NONG,18.063498,103.1458,929.755219749437,1092
MM,NGU,21.205721,94.916618,TM,SRDT,14.3948,99.1213,878.3033524048624,2057
MM,NGU,21.205721,94.916618,XR,MS02,23.605983,93.696263,294.90531541544664,422
MM,NGU,21.205721,94.916618,MM,TGI,20.768545,97.034073,225.13936087335844,3197
MM,NGU,21.205721,94.916618,TM,CRAI,20.2289,100.3734,577.796479167627,2740
MM,NGU,21.205721,94.916618,MM,MDY,22.016199,96.112297,152.97143432559744,250
MM,NGU,21.205721,94.916618,MM,KTN,21.2857,99.589798,484.38161057029936,2615
MM,NGU,21.205721,94.916618,XR,BA07,24.1371,91.4975,478.8208461231363,1500
MM,NGU,21.205721,94.916618,XR,MS05,22.585486,94.508708,159.0902897841142,318
MM,NGU,21.205721,94.916618,IC,LSA,29.70317,91.12757,1018.3589036204395,2554
8A,GAMM,-20.2505,20.8253,8A,OMUT,-18.4093,16.6364,484.83812731837247,1027
8A,GAMM,-20.2505,20.8253,8A,WAND,-24.649982,19.743595,501.662902596059,519
8A,GAMM,-20.2505,20.8253,AF,WIN,-22.5667,17.1,463.7066619663104,329
8A,GAMM,-20.2505,20.8253,8A,SOLI,-23.861238,16.039537,635.8573587826146,527
8A,GAMM,-20.2505,20.8253,8A,KANO,-19.194901,19.4398,186.56960355740543,1150
8A,GAMM,-20.2505,20.8253,8A,OTJO,-20.018,15.9799,506.50064967045614,1128
8A,GAMM,-20.2505,20.8253,8A,AROB,-26.798342,19.647346,737.9094628223228,411
8A,GAMM,-20.2505,20.8253,AF,PKA,-29.67,22.757,1065.284277655191,206
8A,GAMM,-20.2505,20.8253,8A,WEWE,-21.209,16.809099,431.03720095355203,832
8A,GAMM,-20.2505,20.8253,ZT,WTBG,-24.2119,28.88291,938.7765641481262,535
7B,SD03,-27.0515,125.185699,7B,SD08,-30.7208,130.410904,651.9688159412278,134
ZM,GM06,-79.332802,44.3148,ZM,N190,-80.327499,69.431,501.07696836888744,187
ZM,GM06,-79.332802,44.3148,ZM,P080,-82.805397,77.363998,673.7730389685963,190
ZM,GM06,-79.332802,44.3148,ZM,N173,-81.112198,77.473602,646.1894374291535,153
ZM,GM06,-79.332802,44.3148,ZM,GM03,-80.216904,85.943901,809.540972568016,197
ZM,GM06,-79.332802,44.3148,ZM,N140,-82.008598,96.769203,951.9471175583427,196
X4,D08,34.924198,94.780502,IC,LSA,29.70317,91.12757,674.3099807297251,359
X4,D08,34.924198,94.780502,X4,D26,32.459202,96.394203,312.1046409659249,259
X4,D08,34.924198,94.780502,ZV,MAQU,34.0023,102.046799,673.8504578145772,282
X4,D08,34.924198,94.780502,X4,H01,36.209301,96.385002,203.66370556828412,337
X4,D08,34.924198,94.780502,X4,H05,35.6605,98.407898,339.2235070019101,338
X4,D08,34.924198,94.780502,X4,A01,36.432701,94.873199,167.94691797121254,344
X4,D08,34.924198,94.780502,XO,JSO2,35.168579,92.985191,165.67556638507634,122
X4,D08,34.924198,94.780502,X4,H19,38.2561,92.136803,439.2372013119462,288
X4,D08,34.924198,94.780502,X4,GS12,34.853199,105.749802,1000.03321993764,93
S1,AUROX,-30.5601,136.8971,S1,AUAPY,-26.2844,132.1353,665.332790129612,433
S1,AUROX,-30.5601,136.8971,S1,AUCAS,-34.2637,135.7219,426.3311957809599,1174
S1,AUROX,-30.5601,136.8971,OZ,MRAT,-34.62973,137.6256,457.63546982809424,423
S1,AUROX,-30.5601,136.8971,OZ,HKER,-31.7642,138.55251,206.7230952344508,423
S1,AUROX,-30.5601,136.8971,S1,AUJCS,-33.2047,138.6098,335.5821917629633,1040
S1,AUROX,-30.5601,136.8971,OZ,ROBE,-37.1472,139.87424,782.2193628963701,416
S1,AUROX,-30.5601,136.8971,OZ,MILD,-34.25915,142.05571,635.1913678588429,423
S1,AUROX,-30.5601,136.8971,OZ,ROWM,-37.80614,144.29176,1053.6568347445875,490
S1,AUROX,-30.5601,136.8971,S1,AUALC,-23.6899,133.8835,819.9669847582634,983
X5,MNGN,64.663498,-72.434334,X5,SHMN,64.576668,-84.114517,555.9765885331825,538
X5,MNGN,64.663498,-72.434334,X5,NOTN,63.293659,-78.135452,316.93235103555554,1010
X5,MNGN,64.663498,-72.434334,X5,KIMN,62.850731,-69.879456,237.46792292690557,328
X5,MNGN,64.663498,-72.434334,X5,JENN,64.085503,-67.16217,261.47466772453765,261
ZL,CHUM,-28.8195,-66.2481,ZL,COLO,-29.935699,-67.109596,149.57421157002156,216
ZL,CHUM,-28.8195,-66.2481,XH,ESP03,-29.7428,-64.014297,239.7391137867192,217
XI,TANG,24.275999,89.921997,IC,LSA,29.70317,91.12757,615.1681628771165,483
XI,TANG,24.275999,89.921997,Y2,PURG,30.198799,81.275299,1078.4534757271322,513
RV,DEDWA,56.644562,-117.389069,7C,MM26,63.081,-130.1928,1008.1028784565073,661
RV,DEDWA,56.644562,-117.389069,XJ,SNOW,56.8922,-132.3526,910.4378802083633,218
RV,DEDWA,56.644562,-117.389069,NY,TGTN,61.5267,-128.27268,823.5511226848781,2118
RV,DEDWA,56.644562,-117.389069,C8,BNKB,53.3318,-129.9017,877.4826288953186,499
RV,DEDWA,56.644562,-117.389069,PQ,LHLYB,48.536332,-123.729633,997.1625550010837,589
RV,DEDWA,56.644562,-117.389069,NV,BACME,48.314654,-126.058199,1094.7596190564886,2253
RV,DEDWA,56.644562,-117.389069,Y5,PER,53.68,-116.040001,340.5833561471546,666
RV,DEDWA,56.644562,-117.389069,TD,TD009,52.32058,-116.323372,485.69300147619236,3345
RV,DEDWA,56.644562,-117.389069,RV,ASHMA,54.208146,-111.571623,455.97666904604495,520
RV,DEDWA,56.644562,-117.389069,XL,MG06,55.87212,-120.041481,184.95518887263927,448
RV,DEDWA,56.644562,-117.389069,RV,SWHSA,54.899441,-116.751793,198.09788114609387,2781
RV,DEDWA,56.644562,-117.389069,PQ,NBC3,59.63716,-120.66875,384.32123850744955,1123
YD,3D08,45.97826,21.517321,HT,AGG,39.021099,22.336,776.4955432971118,577
YD,3D08,45.97826,21.517321,AC,VLO,40.468601,19.495501,634.111080545784,263
YD,3D08,45.97826,21.517321,MN,VTS,42.618,23.235,397.83869434904165,457
YD,3D08,45.97826,21.517321,YD,3B13,43.635109,21.70591,260.97107782908597,539
YD,3D08,45.97826,21.517321,MN,DIVS,44.0981,19.9917,240.98203214386817,504
YD,3D08,45.97826,21.517321,CH,FUORN,46.620334,10.263551,866.7549213613902,618
YD,3D08,45.97826,21.517321,YD,6C04,46.661442,19.74328,155.9800421522451,651
YD,3D08,45.97826,21.517321,PL,BEL,51.837002,20.792,653.6072238336936,383
YD,3D08,45.97826,21.517321,PL,NIE,49.4189,20.313101,393.0388408139891,381
YD,3D08,45.97826,21.517321,PL,KWP,49.631401,22.7075,415.80789449314534,376
YD,3D08,45.97826,21.517321,YD,3F11,45.865082,23.72257,171.03820484730016,588
Y2,NOCO,33.719398,80.389801,IC,LSA,29.70317,91.12757,1108.7876926090187,111
Y2,NOCO,33.719398,80.389801,Y2,PURG,30.198799,81.275299,400.28144384039047,111
YA,MC02,30.3811,103.428902,YA,MC10,28.976101,103.870499,161.94858695180955,300
YA,MC02,30.3811,103.428902,XE,SP18,29.483082,94.414757,874.1164496661652,285
YA,MC02,30.3811,103.428902,YA,MC12,27.662901,102.208397,324.7050224095004,197
YA,MC02,30.3811,103.428902,YA,MC14,27.864599,99.735199,454.9568281596436,288
YA,MC02,30.3811,103.428902,YA,MC17,26.4706,101.743698,464.986550783911,265
YA,MC02,30.3811,103.428902,XE,ES28,29.720207,98.426933,486.9656577245816,198
YA,MC02,30.3811,103.428902,YA,MC05,29.9921,100.220703,311.3675679138472,287
YA,MC02,30.3811,103.428902,XE,ES03,30.752544,92.85878,1012.4827265440271,178
YA,MC02,30.3811,103.428902,XE,ES19,30.813387,95.711105,740.1076583769412,300
YA,MC02,30.3811,103.428902,XE,ES18,31.301319,97.962425,531.7647072854838,279
YA,MC02,30.3811,103.428902,IC,XAN,34.03107,108.92321,657.0317311479016,294
8Q,P03,27.897,-141.755108,8Q,P11,28.19732,-143.482162,172.74367134466726,436
8Q,P03,27.897,-141.755108,8Q,P09,26.612795,-142.356315,154.66942791132297,434
8Q,P03,27.897,-141.755108,8Q,P18,25.762145,-143.392715,287.66246577199786,435
8Q,P03,27.897,-141.755108,8Q,P15,27.844793,-139.753242,196.86044770194414,436
8Q,P03,27.897,-141.755108,8Q,P13,29.966537,-141.146892,237.61106074598547,437
8Q,P03,27.897,-141.755108,8Q,P20,29.158303,-137.94284,397.94202021772065,435
S1,AUJCS,-33.2047,138.6098,S1,AUAPY,-26.2844,132.1353,990.8657592703429,354
S1,AUJCS,-33.2047,138.6098,S1,AUCAS,-34.2637,135.7219,291.8444404592586,2682
S1,AUJCS,-33.2047,138.6098,OZ,MRAT,-34.62973,137.6256,182.63355629879442,379
S1,AUJCS,-33.2047,138.6098,OZ,HKER,-31.7642,138.55251,160.2666153257164,379
S1,AUJCS,-33.2047,138.6098,OZ,ROBE,-37.1472,139.87424,453.18563847068674,377
S1,AUJCS,-33.2047,138.6098,OZ,MILD,-34.25915,142.05571,339.52240599126867,379
S1,AUJCS,-33.2047,138.6098,OZ,ROWM,-37.80614,144.29176,725.1857884987713,407
S1,AUJCS,-33.2047,138.6098,OZ,DTMM,-36.52813,147.46539,887.9446602814668,407
XO,WD67,52.162563,-160.035832,XO,WD69,53.782065,-160.34289,181.25017475927066,412
XO,WD67,52.162563,-160.035832,XO,LA32,54.4982,-157.8522,297.4160328074882,400
XO,WD67,52.162563,-160.035832,XO,EP23,56.9071,-157.0201,562.1645001554905,310
XO,WD67,52.162563,-160.035832,XO,WD58,53.906227,-155.035345,386.37973461406904,418
XO,WD67,52.162563,-160.035832,XO,WD49,54.399083,-151.89947,594.8921411816799,418
XO,WD67,52.162563,-160.035832,XO,WD72,56.257748,-151.81063,701.6386981710417,400
XO,WD67,52.162563,-160.035832,AT,SVW2,61.1082,-155.621704,1030.1055841064065,169
XO,WD67,52.162563,-160.035832,XO,ET20,58.1304,-154.9716,737.0214954237134,390
XC,OR061,43.3922,-120.561302,XQ,ME62,39.534,-121.918999,443.66071313379297,239
XC,OR061,43.3922,-120.561302,XE,SNPG9,40.345299,-120.6017,338.8169014471054,119
XC,OR061,43.3922,-120.561302,XC,OR088,42.965599,-117.302299,268.46385400016806,426
XC,OR061,43.3922,-120.561302,IE,IRCI,43.515301,-112.033302,688.2133902694022,389
XC,OR061,43.3922,-120.561302,IE,BCYI,44.310799,-113.405197,582.6473741610447,338
XC,OR061,43.3922,-120.561302,US,HAWA,46.3925,-119.5327,343.3085601377786,426
XC,OR061,43.3922,-120.561302,MB,HRY,46.711285,-111.831786,778.128758688091,426
ZT,DULL,-25.36478,30.17588,AF,HVD,-30.605,25.497,741.8259693925324,998
ZT,DULL,-25.36478,30.17588,8A,WAND,-24.649982,19.743595,1054.0005380452312,482
ZT,DULL,-25.36478,30.17588,BX,LKGWB,-24.11351,21.782303,858.8506625290347,497
ZT,DULL,-25.36478,30.17588,8A,AROB,-26.798342,19.647346,1063.18949545557,380
ZT,DULL,-25.36478,30.17588,BX,KGCAE,-22.853821,22.206787,855.4594452967799,544
ZT,DULL,-25.36478,30.17588,ZT,WTBG,-24.2119,28.88291,182.94698804327976,1072
XM,UT52,37.234776,-110.131325,XM,NM32,34.980724,-107.264282,359.3489162235683,393
A0,LUS3,40.916392,45.189975,MP,KUT1,32.5091,45.7974,936.4086878579287,161
A0,LUS3,40.916392,45.189975,AB,HASN,39.336076,49.217978,384.8664570668953,245
BL,CDCB,-20.2365,-44.718201,BL,PPDB,-22.0326,-51.313599,712.519161645906,368
BL,CDCB,-20.2365,-44.718201,BL,FURB,-20.6782,-46.277901,169.75247503277964,233
BL,CDCB,-20.2365,-44.718201,BL,AGVB,-19.7393,-50.233101,578.9091888904853,375
YP,NEA5,47.648602,124.036697,YP,NE81,46.069698,116.634697,589.2816893706187,623
YP,NEA5,47.648602,124.036697,YP,NE32,42.670799,117.070099,777.0442893848028,452
YP,NEA5,47.648602,124.036697,YP,NEP7,48.1744,118.1474,442.7026305492274,281
YP,NEA5,47.648602,124.036697,YP,NE66,45.004101,120.704201,389.7279257768737,620
YP,NEA5,47.648602,124.036697,YP,NEA3,47.562302,121.292,205.98631051098602,623
YP,NEA5,47.648602,124.036697,YP,NE57,44.122898,123.258499,396.63510705343907,623
YP,NEA5,47.648602,124.036697,YP,NE8B,46.207199,126.056297,221.8152239120456,621
YP,NEA5,47.648602,124.036697,5G,D16,41.745,126.4048,682.5247066773912,140
YP,NEA5,47.648602,124.036697,YP,NEAD,47.581402,133.5802,714.9453431378449,521
YP,NEA5,47.648602,124.036697,YP,NE6F,45.295898,131.201401,607.5340853901089,563
YP,NEA5,47.648602,124.036697,YP,NE5D,44.107601,129.6008,583.3007900274719,421
YP,NEA5,47.648602,124.036697,YP,NE9B,46.946201,129.7948,441.08743723672006,623
YP,NEA5,47.648602,124.036697,YP,NEAB,47.602501,131.668396,571.730468798752,538
S1,AUALB,-34.9995,117.9046,M8,AU41,-28.0108,120.9861,830.0679704406159,149
S1,AUALB,-34.9995,117.9046,S1,AUMAZ,-32.0069,116.0384,375.0405396026579,2978
S1,AUALB,-34.9995,117.9046,IM,I04H3,-34.607571,116.351547,148.34361286371697,1626
S1,AUALB,-34.9995,117.9046,M8,AY52,-33.46036,123.00861,499.39418371767806,166
S1,AUALB,-34.9995,117.9046,S1,AUBUS,-33.6601,115.3828,275.3098046467791,3692
S1,AUALB,-34.9995,117.9046,M8,MUKOZ,-26.7575,114.6094,968.7362641850428,151
IU,LSZ,-15.2779,28.1882,XA,SA76,-20.636091,29.846441,621.0641381030224,219
IU,LSZ,-15.2779,28.1882,XD,RUNG,-6.9372,33.518002,1094.3827721475138,172
NB,SBBR,-3.74516,-40.371651,NB,PFBR,-6.12163,-38.270802,352.1197151269028,226
MY,SBM,2.4529,112.213997,YC,SBF4,6.37312,117.620827,741.073155297288,570
MY,SBM,2.4529,112.213997,YC,SBA2,4.43506,115.745598,449.68599265574676,605
MY,SBM,2.4529,112.213997,YC,SBC5,5.28637,116.88076,606.0234426331439,598
YT,HOWE,-87.4158,-149.4267,XH,DR15,-79.492798,-179.919296,932.0867596537271,725
YT,HOWE,-87.4158,-149.4267,XH,RS06,-79.283501,-171.620193,931.8294497496696,729
YT,HOWE,-87.4158,-149.4267,YT,SURP,-84.7199,-171.2017,337.49959299080297,1779
YT,HOWE,-87.4158,-149.4267,XH,RS15,-80.496597,-169.978806,794.0448445123412,721
YT,HOWE,-87.4158,-149.4267,XH,RS17,-81.401604,-162.973801,680.0579235877527,713
YT,HOWE,-87.4158,-149.4267,XH,RS10,-79.278801,-155.467697,906.8884064551191,800
YT,HOWE,-87.4158,-149.4267,YT,MPAT,-78.0297,-155.0221,1045.4273362188874,1822
YT,HOWE,-87.4158,-149.4267,YT,MA09,-79.8993,-104.9977,939.5039301409541,717
YT,HOWE,-87.4158,-149.4267,YT,STEW,-84.1863,-86.2349,576.7943165309666,1374
YT,HOWE,-87.4158,-149.4267,YT,PECA,-85.6124,-68.5525,525.3279783803815,1668
YT,HOWE,-87.4158,-149.4267,YT,DUFK,-82.8619,-53.2006,872.7039532479091,1438
YT,HOWE,-87.4158,-149.4267,YT,MILR,-83.3063,156.2517,621.9595460865047,1437
YT,HOWE,-87.4158,-149.4267,XH,RS02,-78.492897,173.345795,1064.8263603305763,734
XM,ANB20,-26.7962,-65.316,XM,ASB19,-36.2284,-65.4205,1048.86079309595,362
XM,ANB20,-26.7962,-65.316,XM,ASB20,-35.8086,-63.9305,1010.7055919842123,471
XM,ANB20,-26.7962,-65.316,XM,ASB04,-35.77723,-69.39981,1071.0836794768436,602
XM,ANB20,-26.7962,-65.316,XM,ASB22,-33.66389,-67.46128,790.911968345508,627
XM,ANB20,-26.7962,-65.316,C1,AC02,-26.835517,-69.129067,378.40939039650556,264
XM,ANB20,-26.7962,-65.316,XM,ANB11,-25.951,-62.49889,295.95353900909004,582
XM,ANB20,-26.7962,-65.316,XM,ANB09,-25.4413,-66.2624,177.83496543917542,349
XM,ANB20,-26.7962,-65.316,XM,ANB10,-25.0271,-64.5865,209.80848721397277,634
XM,ANB20,-26.7962,-65.316,XM,ANB16,-24.0911,-61.4628,490.0117260502534,557
XM,ANB20,-26.7962,-65.316,XM,CB22,-24.00541,-68.52551,447.4263347487813,584
XM,ANB20,-26.7962,-65.316,XM,CB01,-22.09872,-70.21211,719.8730596639383,582
XJ,KGB,56.25845,162.711456,XJ,ESS,55.932159,158.694794,251.72846650107672,200
XJ,KGB,56.25845,162.711456,XJ,APA,52.925709,157.132874,515.9300678621105,213
XJ,KGB,56.25845,162.711456,XJ,PAN,59.094879,159.968002,355.0092348578323,191
Y5,FMC,56.650002,-111.5,Y5,PER,53.68,-116.040001,438.2412364924147,1229
Y5,FMC,56.650002,-111.5,MB,HRY,46.711285,-111.831786,1105.3697048410133,1393
Y5,FMC,56.650002,-111.5,US,DGMT,48.4702,-104.1959,1033.600948719217,1372
Z6,08L,27.813601,151.491699,Z6,16,27.7988,155.108505,355.7234935182126,365
OZ,ROBE,-37.1472,139.87424,S1,AUCAS,-34.2637,135.7219,493.2338947235335,428
OZ,ROBE,-37.1472,139.87424,OZ,MRAT,-34.62973,137.6256,345.50972718279536,429
OZ,ROBE,-37.1472,139.87424,OZ,HKER,-31.7642,138.55251,610.6861566504722,429
OZ,ROBE,-37.1472,139.87424,OZ,MILD,-34.25915,142.05571,376.70521609381274,429
OZ,ROBE,-37.1472,139.87424,OZ,ROWM,-37.80614,144.29176,396.60728592041335,429
OZ,ROBE,-37.1472,139.87424,OZ,MARG,-41.99952,145.55162,726.2210840802359,429
OZ,ROBE,-37.1472,139.87424,OZ,CURRY,-41.09589,146.95012,751.5031729138146,429
OZ,ROBE,-37.1472,139.87424,OZ,DTMM,-36.52813,147.46539,678.8760705096315,429
OZ,ROBE,-37.1472,139.87424,S1,AUUHS,-35.3589,150.4696,970.1006478508231,428
1D,ROTH,-67.520012,-68.148849,AI,ESPZ,-63.398102,-56.996399,687.6878052808796,366
1D,ROTH,-67.520012,-68.148849,YT,MECK,-75.2808,-72.185,874.2559131305824,369
AF,LBB,-11.631,27.485001,AF,KTWE,-12.814,28.209,153.27785762100225,384
AF,LBB,-11.631,27.485001,XV,TETE,-16.129999,33.57,825.5000470203846,101
AF,LBB,-11.631,27.485001,ZP,MPIK,-11.821,31.4517,432.3851043089519,95
AF,LBB,-11.631,27.485001,ZP,MWEN,-10.0582,28.7017,219.6363748214772,94
AF,LBB,-11.631,27.485001,ZP,PNDA,-6.3519,31.0613,706.2141079944402,176
AF,LBB,-11.631,27.485001,ZP,KIBO,-3.583,30.712999,962.9127314063403,186
AF,LBB,-11.631,27.485001,ZP,LAEL,-8.566,32.059101,605.6584827654581,140
AF,LBB,-11.631,27.485001,ZP,ISOK,-10.1708,32.645699,586.3930809128477,133
AF,LBB,-11.631,27.485001,YQ,MFRI,-9.2944,35.312901,894.4324129626433,265
8A,AROB,-26.798342,19.647346,AF,CVNA,-31.482,19.762,520.9186289705121,360
8A,AROB,-26.798342,19.647346,AF,HVD,-30.605,25.497,710.198920940211,384
8A,AROB,-26.798342,19.647346,8A,OMUT,-18.4093,16.6364,982.559813157705,177
8A,AROB,-26.798342,19.647346,8A,WAND,-24.649982,19.743595,239.08152036165876,404
8A,AROB,-26.798342,19.647346,8A,SOLI,-23.861238,16.039537,487.9408129909193,408
8A,AROB,-26.798342,19.647346,8A,KANO,-19.194901,19.4398,845.7314859776651,411
8A,AROB,-26.798342,19.647346,8A,OTJO,-20.018,15.9799,841.557086568477,233
8A,AROB,-26.798342,19.647346,ZT,WTBG,-24.2119,28.88291,970.1597496971771,389
XL,HD03,46.515701,102.547203,XL,HD54,47.499901,96.803398,448.938812643756,617
XL,HD03,46.515701,102.547203,XL,HD09,45.413898,100.5718,195.7488419006204,617
XL,HD03,46.515701,102.547203,XL,HD21,47.967701,101.433296,182.0360347359836,367
XL,HD03,46.515701,102.547203,XL,HD74,49.500999,99.152298,417.0087700986976,617
XL,HD03,46.515701,102.547203,XL,HD41,48.242298,99.400002,304.93825283513195,617
XL,HD03,46.515701,102.547203,XL,HD48,46.209202,97.608299,380.4532316823372,553
XL,HD03,46.515701,102.547203,XL,HD73,49.4953,101.357101,342.9307069611474,616
XL,HD03,46.515701,102.547203,II,TLY,51.6807,103.6438,579.8266616979072,603
PQ,LHLYB,48.536332,-123.729633,PB,B934,39.844501,-123.691399,966.4936174504334,649
PQ,LHLYB,48.536332,-123.729633,NV,BACME,48.314654,-126.058199,173.5730295358798,643
PQ,LHLYB,48.536332,-123.729633,UO,RSBO,44.043361,-122.267036,512.0526857045132,647
PQ,LHLYB,48.536332,-123.729633,UO,TOMA,42.44142,-122.10751,689.3744421640199,308
PQ,LHLYB,48.536332,-123.729633,NN,DIX,39.8021,-118.083,1069.8039948725755,649
PQ,LHLYB,48.536332,-123.729633,IE,BCYI,44.310799,-113.405197,919.1856335177466,649
PQ,LHLYB,48.536332,-123.729633,TD,TD009,52.32058,-116.323372,671.9613776113173,632
PQ,LHLYB,48.536332,-123.729633,MB,HRY,46.711285,-111.831786,913.4620529019877,648
PQ,LHLYB,48.536332,-123.729633,RV,ASHMA,54.208146,-111.571623,1051.2117468470078,562
PQ,LHLYB,48.536332,-123.729633,RV,SWHSA,54.899441,-116.751793,854.478679607738,595
5G,D16,41.745,126.4048,YP,NE81,46.069698,116.634697,917.636741824766,140
5G,D16,41.745,126.4048,1A,NE48,44.651001,118.269997,733.8627142718955,324
5G,D16,41.745,126.4048,XG,MJPU,40.666698,115.683701,904.270705280809,258
5G,D16,41.745,126.4048,YP,NE32,42.670799,117.070099,775.2905439760449,96
5G,D16,41.745,126.4048,YP,NE66,45.004101,120.704201,585.9449344975793,140
5G,D16,41.745,126.4048,YP,NEA3,47.562302,121.292,762.4802715541431,140
5G,D16,41.745,126.4048,1A,NE26,42.306,121.470001,412.30320562406695,302
5G,D16,41.745,126.4048,XG,SQUAN,40.473,122.138702,384.33102333231443,367
5G,D16,41.745,126.4048,YP,NE57,44.122898,123.258499,368.0757978932503,140
5G,D16,41.745,126.4048,1A,NE00,39.990002,124.306999,263.04047278704644,239
5G,D16,41.745,126.4048,YP,NE8B,46.207199,126.056297,496.95613401760124,140
5G,D16,41.745,126.4048,YP,NE6F,45.295898,131.201401,552.503293407924,140
5G,D16,41.745,126.4048,YP,NE5D,44.107601,129.6008,369.71333976177766,117
5G,D16,41.745,126.4048,YP,NE9B,46.946201,129.7948,637.9278051956377,140
5G,D16,41.745,126.4048,YP,NEAB,47.602501,131.668396,772.5290198976351,130
5G,D16,41.745,126.4048,JP,JNU,33.125,130.876694,1036.234849025814,878
S1,AUKAT,-14.4624,132.2829,YS,ONIX,-10.1033,124.4498,979.1855409528114,487
S1,AUKAT,-14.4624,132.2829,YS,MTNG,-8.2969,125.1025,1040.1831362275038,497
S1,AUKAT,-14.4624,132.2829,S1,AUALC,-23.6899,133.8835,1039.7083963196608,855
YP,NEAB,47.602501,131.668396,YP,NEP7,48.1744,118.1474,1008.8864239677894,314
YP,NEAB,47.602501,131.668396,YP,NE66,45.004101,120.704201,889.4992846122789,601
YP,NEAB,47.602501,131.668396,YP,NEA3,47.562302,121.292,777.7069593918769,609
YP,NEAB,47.602501,131.668396,YP,NE57,44.122898,123.258499,756.8635879064911,609
YP,NEAB,47.602501,131.668396,YP,NE8B,46.207199,126.056297,453.57343720385273,602
YP,NEAB,47.602501,131.668396,YP,NEAD,47.581402,133.5802,143.38297479038022,507
YP,NEAB,47.602501,131.668396,YP,NE6F,45.295898,131.201401,258.9648466644237,548
YP,NEAB,47.602501,131.668396,YP,NE5D,44.107601,129.6008,420.2704512850323,446
YP,NEAB,47.602501,131.668396,YP,NE9B,46.946201,129.7948,159.07333480170675,609
Y6,HOLY,46.525902,-66.463997,X8,QM76,50.764801,-74.817596,773.0546895900409,536
Y6,HOLY,46.525902,-66.463997,PO,LATQ,47.3835,-72.7819,488.7665925034073,691
Y6,HOLY,46.525902,-66.463997,X8,QM38,47.675201,-70.853104,355.88873557402263,677
XR,MS02,23.605983,93.696263,TM,PHRA,18.4989,100.229,884.0614208699797,104
XR,MS02,23.605983,93.696263,IO,EVN,27.958651,86.811653,841.9784362498057,331
XR,MS02,23.605983,93.696263,MM,TGI,20.768545,97.034073,466.48852432286037,422
XR,MS02,23.605983,93.696263,TM,CRAI,20.2289,100.3734,784.334025457638,268
XR,MS02,23.605983,93.696263,MM,KTN,21.2857,99.589798,658.2530066902094,422
XR,MS02,23.605983,93.696263,XR,BA07,24.1371,91.4975,231.24170752455427,422
XR,MS02,23.605983,93.696263,XR,MS05,22.585486,94.508708,140.64701546224867,317
XR,MS02,23.605983,93.696263,IC,LSA,29.70317,91.12757,724.3662950949063,410
ON,ABR01,-17.964609,-38.695862,BL,RCLB,-22.4191,-47.530998,1046.2813376149368,997
ON,ABR01,-17.964609,-38.695862,ON,ALF01,-20.616865,-40.725212,363.76808702544866,1102
ON,ABR01,-17.964609,-38.695862,ON,ANA01,-14.531001,-40.74522,440.01882292018155,352
ON,ABR01,-17.964609,-38.695862,ON,GDU01,-13.72,-39.575279,481.2581320163313,211
ON,ABR01,-17.964609,-38.695862,BL,PMNB,-18.540001,-46.439999,820.2179849605751,1658
XC,OR088,42.965599,-117.302299,XE,SNP22,37.010502,-119.360199,684.9305179502965,120
XC,OR088,42.965599,-117.302299,XK,UT65,38.584999,-112.425003,636.889917461049,132
XC,OR088,42.965599,-117.302299,US,MVCO,37.19956,-108.49251,985.3464237750768,791
XC,OR088,42.965599,-117.302299,XQ,ME62,39.534,-121.918999,542.5723936794291,243
XC,OR088,42.965599,-117.302299,XE,SNPG9,40.345299,-120.6017,399.9730901120375,406
XC,OR088,42.965599,-117.302299,IE,IRCI,43.515301,-112.033302,431.0884732880324,710
XC,OR088,42.965599,-117.302299,IE,BCYI,44.310799,-113.405197,347.4072982657275,583
XC,OR088,42.965599,-117.302299,US,HAWA,46.3925,-119.5327,419.83695300734615,925
XC,OR088,42.965599,-117.302299,MB,HRY,46.711285,-111.831786,599.3286646756957,915
XM,ASB19,-36.2284,-65.4205,XM,ASB11,-37.8946,-63.8453,232.0733299261942,362
XM,ASB19,-36.2284,-65.4205,C1,LL02,-43.19055,-71.84838,948.8853599472762,332
XM,ASB19,-36.2284,-65.4205,GT,PLCA,-40.73277,-70.55083,670.7776452918524,361
XM,ASB19,-36.2284,-65.4205,C1,LR04,-39.88019,-73.425822,809.5753888716413,362
XM,ASB19,-36.2284,-65.4205,XM,ASB20,-35.8086,-63.9305,141.9024991076482,362
XM,ASB19,-36.2284,-65.4205,XM,ASB04,-35.77723,-69.39981,361.43221792866285,343
XM,ASB19,-36.2284,-65.4205,XM,ASB22,-33.66389,-67.46128,340.4413381109185,361
XM,ASB19,-36.2284,-65.4205,C1,AC02,-26.835517,-69.129067,1101.726360585998,108
XI,RANI,21.3116,42.7761,XI,AFIF,23.931,43.040001,292.52086175146337,206
XD,EBM,-10.604326,150.653549,XD,KUL2,-9.088606,152.715454,281.83631157014054,100
2D,OBS08,32.654499,-121.342499,2D,OBS16,34.011398,-124.638397,341.3265870616717,387
2D,OBS08,32.654499,-121.342499,PB,B934,39.844501,-123.691399,826.6806186898124,389
2D,OBS08,32.654499,-121.342499,2D,OBS21,34.032799,-122.286301,176.56147189231655,381
2D,OBS08,32.654499,-121.342499,2D,OBS06,32.777,-119.857803,139.56636062397976,388
2D,OBS08,32.654499,-121.342499,XD,C02,33.070999,-115.560501,541.9557608685571,232
XB,CM29,9.347,13.385,XB,CM24,6.523,14.288,329.3829048625427,342
XB,CM29,9.347,13.385,XB,CM03,3.519,15.034,673.1504764421082,156
XB,CM29,9.347,13.385,XB,CM02,2.698,13.289,739.4122100983552,245
XB,CM29,9.347,13.385,XB,CM17,5.546,12.312,438.89185475011254,245
XB,CM29,9.347,13.385,XB,CM01,2.389,9.834,867.5760285123506,243
BL,CMPA,-19.57917,-54.168831,BL,AQDA,-20.48,-55.700001,188.73285150909487,605
BL,CMPA,-19.57917,-54.168831,BL,CDSB,-18.765471,-52.83926,166.3904457214292,303
GE,RGN,54.547699,13.3214,CH,FUORN,46.620334,10.263551,907.3103469583574,802
GE,RGN,54.547699,13.3214,YG,CBP2J,47.367298,18.03178,863.4241315879732,225
GE,RGN,54.547699,13.3214,XM,A106,48.146099,13.5743,712.0418163811169,326
GE,RGN,54.547699,13.3214,YF,N6017,63.380829,13.65691,982.3854463211738,175
GE,RGN,54.547699,13.3214,YY,SW03,58.074699,12.6033,394.67198351439015,94
GE,RGN,54.547699,13.3214,GE,IBBN,52.306301,7.7592,444.6872343045885,2573
GE,RGN,54.547699,13.3214,YY,SN34,58.248798,8.1688,519.2173396431122,244
AT,SVW2,61.1082,-155.621704,XO,WD69,53.782065,-160.34289,861.6738120776043,168
AT,SVW2,61.1082,-155.621704,XO,LA32,54.4982,-157.8522,746.6731574662921,231
AT,SVW2,61.1082,-155.621704,XO,EP23,56.9071,-157.0201,473.9253079237066,210
AT,SVW2,61.1082,-155.621704,XO,WD58,53.906227,-155.035345,801.5810620894528,171
AT,SVW2,61.1082,-155.621704,XO,WD49,54.399083,-151.89947,777.7067886271318,172
AT,SVW2,61.1082,-155.621704,XO,WD72,56.257748,-151.81063,582.3525698793766,163
AT,SVW2,61.1082,-155.621704,XO,ET20,58.1304,-154.9716,333.1244862341418,206
AT,SVW2,61.1082,-155.621704,ZE,HOLG,59.835098,-149.769608,350.40663648608864,117
AT,SVW2,61.1082,-155.621704,YG,GLN4,61.789501,-147.679596,428.54352930753225,733
AT,SVW2,61.1082,-155.621704,XF,GOAT,60.136902,-141.453003,778.8053165642439,505
AT,SVW2,61.1082,-155.621704,NY,MAYO,63.59581,-135.89209,1050.2013694388922,1687
X2,CRAT,35.318199,-111.317902,EP,CHC4,28.667999,-106.035896,891.2285536603182,153
X2,CRAT,35.318199,-111.317902,US,MVCO,37.19956,-108.49251,328.5135388036618,418
X2,CRAT,35.318199,-111.317902,IE,BCYI,44.310799,-113.405197,1015.6013163415987,407
X2,CRAT,35.318199,-111.317902,US,AMTX,34.8837,-101.6808,877.7008875888719,418
3D,MM05,30.680401,-6.3895,XB,PM04,35.402599,-5.1525,537.5798508574115,668
3D,MM05,30.680401,-6.3895,ZI,MB16,29.7026,-9.5269,320.5270831859889,633
3D,MM05,30.680401,-6.3895,XB,PM18,34.150002,-4.8195,412.97444159363175,668
3D,MM05,30.680401,-6.3895,ZI,MB19,29.741051,-7.979389,185.06564789136434,335
3D,MM05,30.680401,-6.3895,XB,PM25,32.875702,-4.888,282.35957976513055,609
3D,MM05,30.680401,-6.3895,XB,PS37,38.999699,-4.9555,934.2368314886442,523
3D,MM05,30.680401,-6.3895,XB,PS57,37.011501,-2.9864,770.795684954263,668
3D,MM05,30.680401,-6.3895,PM,PFVI,37.132832,-8.826829,751.8253459668476,793
Y1,TURK,3.127577,38.27457,Y1,KAEK,4.142727,35.453087,332.82598624313664,849
Y1,TURK,3.127577,38.27457,6R,YABE,4.889818,38.088238,197.0394553127738,823
C8,BNKB,53.3318,-129.9017,7C,MM26,63.081,-130.1928,1084.1943526289433,472
C8,BNKB,53.3318,-129.9017,XJ,SNOW,56.8922,-132.3526,425.4123583185431,307
C8,BNKB,53.3318,-129.9017,NY,TGTN,61.5267,-128.27268,916.3611817414336,675
C8,BNKB,53.3318,-129.9017,X4,LR13,46.9506,-122.9639,863.9484393756615,259
C8,BNKB,53.3318,-129.9017,C8,MWAB,49.7411,-125.3032,510.24597210939515,487
C8,BNKB,53.3318,-129.9017,Y5,PER,53.68,-116.040001,916.066402247007,699
C8,BNKB,53.3318,-129.9017,US,HAWA,46.3925,-119.5327,1069.2975126374488,945
C8,BNKB,53.3318,-129.9017,TD,TD009,52.32058,-116.323372,917.7828887844497,945
C8,BNKB,53.3318,-129.9017,RV,SWHSA,54.899441,-116.751793,873.2322374998448,840
C8,BNKB,53.3318,-129.9017,PQ,NBC3,59.63716,-120.66875,899.9479016517967,775
ZM,N190,-80.327499,69.431,ZM,P080,-82.805397,77.363998,303.7593562273633,352
ZM,N190,-80.327499,69.431,ZM,N173,-81.112198,77.473602,168.3497845919986,177
ZM,N190,-80.327499,69.431,ZM,GM03,-80.216904,85.943901,309.4476397445216,344
ZM,N190,-80.327499,69.431,ZM,N140,-82.008598,96.769203,496.8420731248521,355
TO,MONT,18.6387,-95.094398,TO,EGIP,17.264799,-91.975197,363.59246238729355,274
Z7,FAG,63.874779,-16.653641,EI,IDGL,55.073,-7.51,1104.1313661833083,292
XE,ES18,31.301319,97.962425,YA,MC10,28.976101,103.870499,624.0740496294264,295
XE,ES18,31.301319,97.962425,XE,SP18,29.483082,94.414757,395.76983853445313,301
XE,ES18,31.301319,97.962425,YA,MC12,27.662901,102.208397,576.5994378058366,248
XE,ES18,31.301319,97.962425,YA,MC14,27.864599,99.735199,418.81400047441974,333
XE,ES18,31.301319,97.962425,YA,MC17,26.4706,101.743698,651.0754995725057,294
XE,ES18,31.301319,97.962425,IC,LSA,29.70317,91.12757,678.3711476188947,360
XE,ES18,31.301319,97.962425,XE,ES28,29.720207,98.426933,181.35524511622995,223
XE,ES18,31.301319,97.962425,YA,MC05,29.9921,100.220703,260.4976666915408,333
XE,ES18,31.301319,97.962425,XE,ES03,30.752544,92.85878,490.0724146336451,171
XE,ES18,31.301319,97.962425,XE,ES19,30.813387,95.711105,221.20239418034097,309
XE,ES18,31.301319,97.962425,IC,XAN,34.03107,108.92321,1069.3204660384918,346
XT,PNCH,11.2493,-66.5009,VE,BAUV,8.9433,-68.041496,306.90223186998486,291
XT,PNCH,11.2493,-66.5009,XT,MHTO,13.9497,-66.490997,300.2731172869794,364
XT,PNCH,11.2493,-66.5009,VE,CAIV,7.3262,-66.321602,436.6727326340757,290
XT,PNCH,11.2493,-66.5009,XT,ABPC,9.4608,-64.820702,270.78539447189513,208
XT,PNCH,11.2493,-66.5009,XT,MIPC,10.9455,-64.294403,243.12134613232587,240
6H,INCA,-19.2197,33.8419,AF,KTWE,-12.814,28.209,932.362761970393,99
6H,INCA,-19.2197,33.8419,ZP,MPIK,-11.821,31.4517,861.569095374909,99
6H,INCA,-19.2197,33.8419,ZP,ISOK,-10.1708,32.645699,1014.3651594738978,99
KZ,MAKZ,46.807999,81.976997,II,AAK,42.6375,74.4942,750.801543849995,2043
KZ,MAKZ,46.807999,81.976997,KR,TRKS,41.472454,71.167327,1045.4265331617341,3227
KZ,MAKZ,46.807999,81.976997,CK,MNAS,42.49321,72.49757,889.2785510574101,221
KZ,MAKZ,46.807999,81.976997,QZ,BRZS,49.981769,72.677469,771.2448835520091,1049
KZ,MAKZ,46.807999,81.976997,XV,NW140,50.82925,77.20242,567.3205988789383,104
KZ,MAKZ,46.807999,81.976997,QZ,TDK,45.002246,78.40445,341.5973860641045,925
KZ,MAKZ,46.807999,81.976997,X7,MC06,45.17868,94.04808,948.9428511794983,376
KZ,MAKZ,46.807999,81.976997,XW,KSA,41.5425,77.925697,668.5010039325898,342
KZ,MAKZ,46.807999,81.976997,XL,AT04,46.271099,95.267097,1017.0402495431073,537
KZ,MAKZ,46.807999,81.976997,QZ,SEM,50.403587,80.257129,419.30198247233494,1122
KZ,MAKZ,46.807999,81.976997,XW,AKSU,41.1441,80.109802,647.2241118231765,268
XF,NE1,74.87175,-38.55117,XF,NE3,76.394577,-43.458302,216.66304630872995,721
XF,NE1,74.87175,-38.55117,YM,KASE,71.4776,-51.349701,556.6068921004679,471
XF,NE1,74.87175,-38.55117,DK,KULLO,74.580498,-57.2201,545.5470661605468,265
XD,RUNG,-6.9372,33.518002,XD,URAM,-5.0878,32.083199,259.7344128957627,274
XD,RUNG,-6.9372,33.518002,XD,KOMO,-3.8422,36.7192,493.9580579179346,307
XD,RUNG,-6.9372,33.518002,XD,KIBA,-5.3223,36.5695,382.1733815333351,270
XB,ELEF,-61.21981,-55.13903,XB,LOWI,-63.247002,-62.180801,428.4645518144436,106
C1,MG02,-52.7808,-69.2242,1P,CURI,-51.6131,-74.556,385.78636974883943,804
C1,MG02,-52.7808,-69.2242,1P,GUMN,-50.3199,-75.3644,504.83986153485824,803
C1,MG02,-52.7808,-69.2242,C1,LL02,-43.19055,-71.84838,1083.9305855813311,3296
C1,MG02,-52.7808,-69.2242,1P,LVAN,-51.0252,-71.1152,234.37389601466657,791
C1,MG02,-52.7808,-69.2242,1P,PMOR,-50.4904,-73.0428,366.39555546756435,787
US,GLMI,44.8245,-84.6175,N4,V51A,35.803299,-84.351097,1003.3657836273682,1451
US,GLMI,44.8245,-84.6175,KY,LLKY,36.92159,-88.096558,925.9295557251766,5799
US,GLMI,44.8245,-84.6175,XO,MG05,37.482498,-90.870102,969.1196696784107,638
US,GLMI,44.8245,-84.6175,XO,SOKY,37.5256,-85.961899,819.3301279732488,710
US,GLMI,44.8245,-84.6175,XO,LE17,37.9874,-89.1763,849.668124741488,411
US,GLMI,44.8245,-84.6175,N4,R40B,38.2909,-92.2684,965.0530768445119,3604
US,GLMI,44.8245,-84.6175,N4,N41A,40.7077,-90.8552,684.3353373159981,4075
US,GLMI,44.8245,-84.6175,ZT,WEST,40.416389,-86.7725,520.8581684252136,302
US,GLMI,44.8245,-84.6175,GS,DEC08,39.861045,-88.924888,655.4627585838541,3889
US,GLMI,44.8245,-84.6175,N4,P48A,39.4605,-85.4258,600.1526236698153,3857
US,GLMI,44.8245,-84.6175,N4,P51A,39.4818,-83.060097,607.7615633948025,1388
US,GLMI,44.8245,-84.6175,N4,K43A,42.7044,-88.332,380.13002449231385,4056
US,GLMI,44.8245,-84.6175,XI,SC04,49.624001,-89.675003,655.9303297239976,700
US,GLMI,44.8245,-84.6175,US,ECSD,43.7337,-96.6141,961.8181996670424,6214
US,GLMI,44.8245,-84.6175,XI,SC10,49.752998,-83.817001,551.3313669381504,752
US,GLMI,44.8245,-84.6175,N4,R53A,38.3307,-81.952202,755.2269065133659,1179
US,GLMI,44.8245,-84.6175,OH,CROH,41.293858,-82.152496,440.66476257635435,607
US,GLMI,44.8245,-84.6175,PO,MEDO,43.1646,-78.454597,526.2472505294024,1082
US,GLMI,44.8245,-84.6175,PE,PAKC,41.37471,-77.932533,664.2718570349344,3122
US,GLMI,44.8245,-84.6175,PO,ACTO,43.6087,-80.062401,387.3042828853335,1126
US,GLMI,44.8245,-84.6175,PE,PSSK,40.642586,-76.164978,831.6695056977012,3146
US,GLMI,44.8245,-84.6175,PE,PN1,40.52588,-79.716735,623.4373510326359,1749
US,GLMI,44.8245,-84.6175,YM,MHCG,44.2571,-75.7522,705.0862717992195,943
US,GLMI,44.8245,-84.6175,ZN,DC34,38.8634,-76.985199,915.1989385950768,145
US,GLMI,44.8245,-84.6175,N4,R61A,38.3303,-75.339,1055.653440798079,3617
US,GLMI,44.8245,-84.6175,X8,QM76,50.764801,-74.817596,984.5054950142332,585
US,GLMI,44.8245,-84.6175,PO,LATQ,47.3835,-72.7819,954.7167814345685,2152
US,GLMI,44.8245,-84.6175,7O,ABNH,43.4819,-71.2471,1075.8314401014927,914
US,GLMI,44.8245,-84.6175,X8,QM38,47.675201,-70.853104,1103.1127110980444,735
X8,QM76,50.764801,-74.817596,PO,MEDO,43.1646,-78.454597,888.7432558377135,101
X8,QM76,50.764801,-74.817596,PO,ACTO,43.6087,-80.062401,888.4189766001115,101
X8,QM76,50.764801,-74.817596,PO,LATQ,47.3835,-72.7819,404.1273726020649,580
X8,QM76,50.764801,-74.817596,X8,QM38,47.675201,-70.853104,448.11865938119587,585
MP,SAM2,30.5295,44.5586,MP,KUT1,32.5091,45.7974,249.47807334942294,333
MP,SAM2,30.5295,44.5586,AB,HASN,39.336076,49.217978,1066.9728107635092,489
KR,BTK,40.06675,70.81572,TJ,SHAA,37.562,68.122803,363.2885439045478,2360
KR,BTK,40.06675,70.81572,TJ,CHGR,38.656898,69.158203,211.8457227330032,2863
KR,BTK,40.06675,70.81572,QZ,ZHTS,40.764944,68.290297,227.44923946475657,1213
KR,BTK,40.06675,70.81572,II,AAK,42.6375,74.4942,419.4301258336248,1469
KR,BTK,40.06675,70.81572,KR,TRKS,41.472454,71.167327,159.08673216778575,3410
KR,BTK,40.06675,70.81572,CK,MNAS,42.49321,72.49757,304.2016549000228,251
KR,BTK,40.06675,70.81572,TJ,MURGB,38.254,74.058,344.59762097639964,499
KR,BTK,40.06675,70.81572,QZ,TDK,45.002246,78.40445,828.6793670626051,1187
M8,MUKOZ,-26.7575,114.6094,M8,AU41,-28.0108,120.9861,644.7523768372404,132
M8,MUKOZ,-26.7575,114.6094,S1,AUMAZ,-32.0069,116.0384,599.8821873893326,163
M8,MUKOZ,-26.7575,114.6094,M8,AY52,-33.46036,123.00861,1098.398001042573,101
M8,MUKOZ,-26.7575,114.6094,S1,AUBUS,-33.6601,115.3828,771.1161427567952,170
XA,SA38,-25.933359,25.084627,XA,SA29,-26.931738,23.03492,232.32426613727765,350
XA,SA38,-25.933359,25.084627,XA,SA20,-29.0221,26.195299,360.4994752272122,357
XA,SA38,-25.933359,25.084627,XA,SA04,-32.850498,19.6206,933.3321097013286,352
XA,SA38,-25.933359,25.084627,XA,SA26,-27.545601,26.1803,209.70448991099678,280
XA,SA38,-25.933359,25.084627,XA,SA03,-33.6619,21.3354,932.2033315837596,259
XA,SA38,-25.933359,25.084627,XA,SA60,-23.851931,24.959381,231.78900543177178,340
XA,SA38,-25.933359,25.084627,XA,SA64,-22.969448,26.201714,348.42356212511214,315
XA,SA38,-25.933359,25.084627,XA,SA71,-20.925777,27.140787,594.98867109037,286
XA,SA38,-25.933359,25.084627,XA,SA35,-27.018299,29.088301,416.3339874971193,251
XA,SA38,-25.933359,25.084627,XA,SA76,-20.636091,29.846441,763.6904878668423,687
XA,SA38,-25.933359,25.084627,XA,SA73,-21.853668,30.277611,695.917612323717,320
Z9,W14,32.0938,-83.898697,ZL,N07A,35.485802,-91.857803,826.2022125739463,214
Z9,W14,32.0938,-83.898697,ZL,N06M,34.904999,-90.221199,664.1826807908877,157
Z9,W14,32.0938,-83.898697,KY,LLKY,36.92159,-88.096558,660.2320311256416,983
Z9,W14,32.0938,-83.898697,XO,MG05,37.482498,-90.870102,873.7538953916184,633
Z9,W14,32.0938,-83.898697,XO,LE17,37.9874,-89.1763,812.2611720912757,330
Z9,W14,32.0938,-83.898697,Z9,E07,30.718,-82.0979,229.36461294567044,439
Z9,W14,32.0938,-83.898697,Z9,E31,32.986599,-82.107002,195.0932085169012,450
1D,ELSW,-75.519371,-85.707581,YT,SILY,-77.1332,-125.966,1051.3805953833557,381
1D,ELSW,-75.519371,-85.707581,YT,HOWD,-77.5286,-86.7694,225.09504902957437,381
1D,ELSW,-75.519371,-85.707581,YT,STEW,-84.1863,-86.2349,963.7652176383681,365
1D,ELSW,-75.519371,-85.707581,YT,UPTW,-77.5781,-109.0374,640.1161665408863,367
1D,ELSW,-75.519371,-85.707581,YT,MECK,-75.2808,-72.185,379.1138931745676,381
1D,ELSW,-75.519371,-85.707581,YT,DUFK,-82.8619,-53.2006,1031.1144952257025,381
1D,ELSW,-75.519371,-85.707581,1D,WELC,-70.731812,-63.82737,875.7681324013729,354
YS,PL40,23.9972,-161.095001,YS,PL38,19.9863,-162.025604,456.1905139466196,393
YS,PL40,23.9972,-161.095001,YS,PL46,24.312099,-156.9646,420.5119747566582,388
YS,PL40,23.9972,-161.095001,YS,PL41,24.573799,-158.933105,228.30323347466924,392
YS,PL40,23.9972,-161.095001,YS,PL69,16.3484,-157.700806,921.1966517604417,373
YS,PL40,23.9972,-161.095001,YS,NGOK,22.122999,-159.664993,254.62351609597474,393
YS,PL40,23.9972,-161.095001,YS,PL70,15.574,-158.982498,962.2820031495686,370
YS,PL40,23.9972,-161.095001,YS,MRKH,21.108999,-157.270004,507.31548790555973,145
YH,WALE,-9.7896,37.917,ZP,MKUS,-13.6035,29.379101,1021.6108488584435,102
YH,WALE,-9.7896,37.917,ZP,MPIK,-11.821,31.4517,741.3585193054064,252
YH,WALE,-9.7896,37.917,ZP,MWEN,-10.0582,28.7017,1009.7724271032894,131
YH,WALE,-9.7896,37.917,ZP,PNDA,-6.3519,31.0613,845.9324576603934,94
YH,WALE,-9.7896,37.917,ZP,LAEL,-8.566,32.059101,657.2475623540655,90
YH,WALE,-9.7896,37.917,ZP,ISOK,-10.1708,32.645699,578.8198960986823,307
YH,WALE,-9.7896,37.917,ZP,MGOR,-6.8279,37.669601,330.4492697217591,90
YS,PL62,14.6891,-151.6866,YS,PL69,16.3484,-157.700806,670.2174311170488,388
YS,PL62,14.6891,-151.6866,YS,PL70,15.574,-158.982498,789.2525140096509,377
YS,PL62,14.6891,-151.6866,YS,MRKH,21.108999,-157.270004,926.3551727898438,128
XV,AMPY,-24.7033,44.743599,XV,BITY,-20.060801,47.000099,565.9232489931558,383
XV,AMPY,-24.7033,44.743599,XV,ZOBE,-18.1369,47.228901,774.0794440157567,382
XV,AMPY,-24.7033,44.743599,XV,ANLA,-17.7062,49.4599,918.6658294416382,371
XV,AMPY,-24.7033,44.743599,AF,SKRH,-22.827,44.733002,208.63811575102773,250
XV,AMPY,-24.7033,44.743599,XV,MAHA,-23.1714,47.689899,344.47890158917676,375
Z8,341,36.0462,109.201599,Z8,373,35.941299,103.562599,507.38052197610057,272
Z8,341,36.0462,109.201599,Z8,365,35.987999,105.131699,366.074099887914,273
Z8,341,36.0462,109.201599,IC,XAN,34.03107,108.92321,225.50104788280686,233
Z8,341,36.0462,109.201599,Z8,320,36.0107,112.366096,284.5861827148363,275
XE,SP18,29.483082,94.414757,YA,MC10,28.976101,103.870499,919.0291872000024,301
XE,SP18,29.483082,94.414757,YA,MC12,27.662901,102.208397,787.3321558994568,228
XE,SP18,29.483082,94.414757,YA,MC14,27.864599,99.735199,549.2979238606866,310
XE,SP18,29.483082,94.414757,YA,MC17,26.4706,101.743698,793.6041001928835,287
XE,SP18,29.483082,94.414757,IC,LSA,29.70317,91.12757,318.7683828005388,340
XE,SP18,29.483082,94.414757,XE,ES28,29.720207,98.426933,388.78037896356795,240
XE,SP18,29.483082,94.414757,YA,MC05,29.9921,100.220703,563.3599248172275,309
XE,SP18,29.483082,94.414757,XE,ES03,30.752544,92.85878,205.721078075783,217
XE,SP18,29.483082,94.414757,XE,ES19,30.813387,95.711105,193.4347638203706,344
XE,SP18,29.483082,94.414757,XF,H1415,32.307899,84.218903,1021.7919360152453,118
XI,HOSA,7.563968,37.857258,XI,CHEF,6.16128,38.210144,160.76354487746107,198
ZB,TIKU,-0.399,99.944199,ZB,LAIS,-3.5291,102.034698,418.4465856402174,196
ZB,TIKU,-0.399,99.944199,ZB,L10S,0.6458,100.867378,155.02998715089933,94
ZB,TIKU,-0.399,99.944199,PS,PSI,2.6938,98.923698,362.1301880033826,237
ZB,TIKU,-0.399,99.944199,ZB,PPNG,-1.99397,99.603699,181.3472618746365,130
XF,MA28,20.1786,-102.597,NR,NE82,26.915661,-109.230843,1008.7455234728677,455
XF,MA28,20.1786,-102.597,ZL,S05,23.347799,-108.094299,668.0697560101829,257
XF,MA28,20.1786,-102.597,XF,MA36,19.3594,-104.893204,256.9613711404076,505
XF,MA28,20.1786,-102.597,XF,MA40,20.219801,-103.942001,140.43374502752744,486
YS,PL41,24.573799,-158.933105,YS,PL38,19.9863,-162.025604,601.1443199256755,392
YS,PL41,24.573799,-158.933105,YS,PL46,24.312099,-156.9646,201.3815505443301,388
YS,PL41,24.573799,-158.933105,YS,PL69,16.3484,-157.700806,923.568202923471,373
YS,PL41,24.573799,-158.933105,YS,NGOK,22.122999,-159.664993,282.5719692943458,392
YS,PL41,24.573799,-158.933105,YS,PL70,15.574,-158.982498,1000.7466293459394,370
YS,PL41,24.573799,-158.933105,YS,MRKH,21.108999,-157.270004,421.26416959499915,144
CK,MNAS,42.49321,72.49757,II,AAK,42.6375,74.4942,164.29709003155028,203
YP,NE32,42.670799,117.070099,1G,WOP01,37.66651,107.33679,995.7793918396642,356
YP,NE32,42.670799,117.070099,YP,NE81,46.069698,116.634697,379.52031159724703,497
YP,NE32,42.670799,117.070099,YP,NEP7,48.1744,118.1474,617.7038867765025,316
YP,NE32,42.670799,117.070099,YP,NE66,45.004101,120.704201,390.14833954012914,487
YP,NE32,42.670799,117.070099,YP,NEA3,47.562302,121.292,636.6250456376803,496
YP,NE32,42.670799,117.070099,YP,NE57,44.122898,123.258499,525.2652813787287,497
YP,NE32,42.670799,117.070099,YP,NE8B,46.207199,126.056297,813.9331154871086,488
YP,NE32,42.670799,117.070099,YP,NE5D,44.107601,129.6008,1024.042397189035,368
YP,NE32,42.670799,117.070099,YP,NE9B,46.946201,129.7948,1108.9602924442222,495
TM,SRDT,14.3948,99.1213,TM,PHRA,18.4989,100.229,471.389348673587,2257
TM,SRDT,14.3948,99.1213,TM,NONG,18.063498,103.1458,592.4096525926409,2853
TM,SRDT,14.3948,99.1213,TM,PANO,17.147614,104.6122,662.4506668010713,2084
TM,SRDT,14.3948,99.1213,TM,CHBT,12.7441,102.3526,394.5528020622263,2502
TM,SRDT,14.3948,99.1213,TM,SKLT,7.175815,100.615686,819.1204038488064,3100
TM,SRDT,14.3948,99.1213,MM,TGI,20.768545,97.034073,742.4158720482599,2057
TM,SRDT,14.3948,99.1213,TM,CRAI,20.2289,100.3734,662.1856425043954,3770
TM,SRDT,14.3948,99.1213,MM,MDY,22.016199,96.112297,904.9933921876453,551
TM,SRDT,14.3948,99.1213,MM,KTN,21.2857,99.589798,767.8346586471396,1953
TM,SRDT,14.3948,99.1213,XR,MS05,22.585486,94.508708,1032.2523300300631,152
GE,MLR,45.491199,25.945601,MN,VTS,42.618,23.235,385.9413215604482,1419
GE,MLR,45.491199,25.945601,YF,HVAR,43.177601,16.449,797.3328758982527,453
GE,MLR,45.491199,25.945601,GE,APE,37.068901,25.5306,937.1561066531654,952
PL,KWP,49.631401,22.7075,AC,VLO,40.468601,19.495501,1049.3752888444449,3423
PL,KWP,49.631401,22.7075,YR,ED15,42.527802,13.55816,1057.6766826525118,121
PL,KWP,49.631401,22.7075,MN,VTS,42.618,23.235,780.9089752133797,2061
PL,KWP,49.631401,22.7075,YD,3B13,43.635109,21.70591,671.112164684931,315
PL,KWP,49.631401,22.7075,MN,DIVS,44.0981,19.9917,648.8796505194564,3242
PL,KWP,49.631401,22.7075,CH,FUORN,46.620334,10.263551,981.0111970101319,4603
PL,KWP,49.631401,22.7075,YD,6C04,46.661442,19.74328,396.6995891591522,397
PL,KWP,49.631401,22.7075,PL,BEL,51.837002,20.792,279.8363868954718,5000
PL,KWP,49.631401,22.7075,PL,NIE,49.4189,20.313101,174.4237951231496,5267
PL,KWP,49.631401,22.7075,CZ,TREC,49.2948,15.4871,522.9550841154055,947
PL,KWP,49.631401,22.7075,CZ,BEDC,50.78933,15.16976,551.3648878905703,830
PL,KWP,49.631401,22.7075,YD,3F11,45.865082,23.72257,425.6057780439328,368
PL,KWP,49.631401,22.7075,GF,TEPE,41.056,28.5147,1055.2579328776026,1981
MM,TGI,20.768545,97.034073,TM,PHRA,18.4989,100.229,419.08173459144086,1284
MM,TGI,20.768545,97.034073,TM,NONG,18.063498,103.1458,707.909856532257,1092
MM,TGI,20.768545,97.034073,TM,PANO,17.147614,104.6122,892.6607714620212,1307
MM,TGI,20.768545,97.034073,TM,CHBT,12.7441,102.3526,1056.480812046256,1214
MM,TGI,20.768545,97.034073,TM,CRAI,20.2289,100.3734,352.9355789375335,2741
MM,TGI,20.768545,97.034073,MM,MDY,22.016199,96.112297,168.38705062115045,250
MM,TGI,20.768545,97.034073,MM,KTN,21.2857,99.589798,271.4180100326343,2616
MM,TGI,20.768545,97.034073,XR,BA07,24.1371,91.4975,681.0653840016846,1501
MM,TGI,20.768545,97.034073,XR,MS05,22.585486,94.508708,330.0043940230582,318
N4,Y60A,34.0046,-78.2163,N4,X48A,34.4517,-87.0452,812.9609611739284,4114
N4,Y60A,34.0046,-78.2163,N4,V51A,35.803299,-84.351097,593.9887457707148,1130
N4,Y60A,34.0046,-78.2163,KY,LLKY,36.92159,-88.096558,951.2186135625975,3957
N4,Y60A,34.0046,-78.2163,XO,SOKY,37.5256,-85.961899,800.6468280804567,257
N4,Y60A,34.0046,-78.2163,ZT,WEST,40.416389,-86.7725,1039.4332866282296,327
N4,Y60A,34.0046,-78.2163,N4,P48A,39.4605,-85.4258,883.062564143822,4069
N4,Y60A,34.0046,-78.2163,N4,P51A,39.4818,-83.060097,746.1805005644652,1333
N4,Y60A,34.0046,-78.2163,N4,R53A,38.3307,-81.952202,586.2716703718202,1132
N4,Y60A,34.0046,-78.2163,OH,CROH,41.293858,-82.152496,881.2388440655923,777
N4,Y60A,34.0046,-78.2163,PE,PAKC,41.37471,-77.932533,819.8988061308798,3617
N4,Y60A,34.0046,-78.2163,PE,PSSK,40.642586,-76.164978,760.005072810724,3633
N4,Y60A,34.0046,-78.2163,PE,PN1,40.52588,-79.716735,737.1549534789963,2124
N4,Y60A,34.0046,-78.2163,ZN,DC34,38.8634,-76.985199,551.3685053260673,145
N4,Y60A,34.0046,-78.2163,N4,R61A,38.3303,-75.339,545.8779284156102,4112
XW,ATUS,39.716,76.157204,II,AAK,42.6375,74.4942,353.3971761996607,112
XW,ATUS,39.716,76.157204,XW,KSA,41.5425,77.925697,252.0229718745803,102
XD,C02,33.070999,-115.560501,2D,OBS16,34.011398,-124.638397,847.5225456741701,232
XD,C02,33.070999,-115.560501,PB,B934,39.844501,-123.691399,1046.004640867918,446
XD,C02,33.070999,-115.560501,2D,OBS21,34.032799,-122.286301,632.2534095919652,232
XD,C02,33.070999,-115.560501,2D,OBS06,32.777,-119.857803,402.39559473766536,232
XD,C02,33.070999,-115.560501,US,MVCO,37.19956,-108.49251,789.4490561698742,446
MR,MRIV,-20.298,57.497002,XV,BITY,-20.060801,47.000099,1095.691158642956,295
MR,MRIV,-20.298,57.497002,XV,LAHA,-14.9344,50.2911,968.6539628556667,594
MR,MRIV,-20.298,57.497002,XV,ZOBE,-18.1369,47.228901,1104.35649769716,296
MR,MRIV,-20.298,57.497002,XV,ANLA,-17.7062,49.4599,892.6191001106075,592
MR,MRIV,-20.298,57.497002,XV,MAHA,-23.1714,47.689899,1061.8586862262418,583
XH,RS17,-81.401604,-162.973801,XH,DR15,-79.492798,-179.919296,375.74212921181555,630
XH,RS17,-81.401604,-162.973801,XH,RS06,-79.283501,-171.620193,284.8287025513788,634
XH,RS17,-81.401604,-162.973801,YT,SURP,-84.7199,-171.2017,384.2502293566936,693
XH,RS17,-81.401604,-162.973801,XH,RS15,-80.496597,-169.978806,158.3854658296307,634
XH,RS17,-81.401604,-162.973801,XH,RS10,-79.278801,-155.467697,273.98923748841884,713
XH,RS17,-81.401604,-162.973801,YT,MPAT,-78.0297,-155.0221,405.9530911940917,713
XH,RS17,-81.401604,-162.973801,YT,CLRK,-77.3231,-141.8485,620.3945735236035,681
XH,RS17,-81.401604,-162.973801,YT,SILY,-77.1332,-125.966,877.9738064931755,713
XH,RS17,-81.401604,-162.973801,YT,MA09,-79.8993,-104.9977,1014.8517199249171,653
XH,RS17,-81.401604,-162.973801,YT,STEW,-84.1863,-86.2349,1022.4943834208046,685
XH,RS17,-81.401604,-162.973801,YT,PECA,-85.6124,-68.5525,1105.572728404824,673
XH,RS17,-81.401604,-162.973801,YT,MILR,-83.3063,156.2517,623.3219559802277,669
XH,RS17,-81.401604,-162.973801,XH,RS02,-78.492897,173.345795,555.5601901148439,630
GE,APE,37.068901,25.5306,MN,WDD,35.8373,14.5242,993.3021748344395,1979
GE,APE,37.068901,25.5306,YD,MMNN,39.8909,15.9904,887.1728834009155,308
GE,APE,37.068901,25.5306,HT,LKD,38.707199,20.6506,465.30497248263276,195
GE,APE,37.068901,25.5306,YD,OBS14,39.169399,14.4694,994.7194454197344,128
GE,APE,37.068901,25.5306,MN,CLTB,37.578,13.216,1089.6094563755867,1098
GE,APE,37.068901,25.5306,MN,VTS,42.618,23.235,647.3371347033118,1635
GE,APE,37.068901,25.5306,YF,HVAR,43.177601,16.449,1027.3060397850475,144
GE,APE,37.068901,25.5306,MN,DIVS,44.0981,19.9917,910.3603121515682,503
GE,APE,37.068901,25.5306,GE,SKD,35.411999,23.927999,233.66082240461623,1278
GE,APE,37.068901,25.5306,XS,S040,37.722,24.009001,152.77859055799806,193
GE,APE,37.068901,25.5306,YL,ARSL,40.955002,35.887001,992.7765888616676,169
GE,APE,37.068901,25.5306,GE,MRNI,33.01178,35.391998,1004.0189439893657,322
XS,L18D,0.5769,-9.3765,XS,I04D,-2.123817,-16.17326,813.1153619677495,369
XS,L18D,0.5769,-9.3765,XS,L16D,0.8933,-7.8953,168.40441425358884,369
XS,L18D,0.5769,-9.3765,XS,S32D,-0.7968,-15.647,713.7666949668012,363
XS,L18D,0.5769,-9.3765,XS,I14D,-0.3522,-7.952395,189.0725001212658,369
XS,L18D,0.5769,-9.3765,XS,S24D,-0.1383,-12.7806,386.7781060406131,366
XS,L18D,0.5769,-9.3765,XS,L39D,2.0557,-11.4905,286.815170841985,353
YJ,BAK01,-47.183998,-71.973503,GT,PLCA,-40.73277,-70.55083,726.2911705206939,476
XR,SC25,33.580601,-103.548203,XP,N20,38.917702,-106.187599,638.8302713522809,445
XR,SC25,33.580601,-103.548203,US,MVCO,37.19956,-108.49251,602.1677726686378,676
XR,SC25,33.580601,-103.548203,US,AMTX,34.8837,-101.6808,224.64138673692344,643
XR,SC25,33.580601,-103.548203,GS,OK006,35.477982,-97.278709,611.7064964261762,119
XD,DCD,37.829437,95.366997,IC,LSA,29.70317,91.12757,984.6024242825885,221
XD,DCD,37.829437,95.366997,XD,ZHY,38.923222,100.401505,455.3352126971351,90
Z1,MOAL,-18.566299,179.951599,YL,A14W,-20.6658,-178.155304,306.2871090416937,241
Z1,MOAL,-18.566299,179.951599,Z1,VABL,-17.2465,-178.955994,186.80590968635155,294
Z1,MOAL,-18.566299,179.951599,Z1,VAVP,-18.601999,-173.961395,641.5337182057491,271
JP,JSD,38.040001,138.257172,KS,SH2B,38.2686,128.2524,874.7424890636564,1089
JP,JSD,38.040001,138.257172,JP,JHJ2,33.115299,139.813797,565.3810817699871,4260
JP,JSD,38.040001,138.257172,JP,JWT,35.285671,135.398666,398.46091280338976,4273
JP,JSD,38.040001,138.257172,JP,JEW,42.84267,141.446167,598.2315104848831,4272
JP,JSD,38.040001,138.257172,JP,JMN,33.731499,133.876328,620.5380988205455,4272
JP,JSD,38.040001,138.257172,PS,TSK,36.2108,140.1097,261.4168401777419,3594
JP,JSD,38.040001,138.257172,JP,JNU,33.125,130.876694,862.123454550887,4272
JP,JSD,38.040001,138.257172,1U,SHRD,41.945759,128.791214,915.1500372695754,348
7P,PC53,31.4616,-103.6937,BC,PIX,31.5629,-113.4599,925.5676262214986,207
7P,PC53,31.4616,-103.6937,US,MVCO,37.19956,-108.49251,775.1333477269582,274
7P,PC53,31.4616,-103.6937,US,AMTX,34.8837,-101.6808,424.1107826106329,276
7P,PC53,31.4616,-103.6937,N4,Z38B,33.2599,-94.9852,841.74967654142,276
7P,PC53,31.4616,-103.6937,ZZ,FWU17,36.2869,-101.0,591.3039915684258,180
7P,PC53,31.4616,-103.6937,TX,DKNS,33.66653,-100.92365,357.04069876556554,276
7P,PC53,31.4616,-103.6937,TX,BRDY,31.285872,-98.999447,446.0532446987786,276
7P,PC53,31.4616,-103.6937,N4,ABTX,32.6238,-99.6431,403.03254156020313,276
XO,LA32,54.4982,-157.8522,XO,WD69,53.782065,-160.34289,180.71486459948727,399
XO,LA32,54.4982,-157.8522,XO,EP23,56.9071,-157.0201,272.879209437182,351
XO,LA32,54.4982,-157.8522,XO,WD58,53.906227,-155.035345,194.66026313741176,402
XO,LA32,54.4982,-157.8522,XO,WD49,54.399083,-151.89947,384.9013520505121,403
XO,LA32,54.4982,-157.8522,XO,WD72,56.257748,-151.81063,428.7066239612721,394
XO,LA32,54.4982,-157.8522,XO,ET20,58.1304,-154.9716,441.13036059943494,427
XS,S24D,-0.1383,-12.7806,XS,I04D,-2.123817,-16.17326,437.023269377063,366
XS,S24D,-0.1383,-12.7806,XS,L16D,0.8933,-7.8953,555.1817150715444,366
XS,S24D,-0.1383,-12.7806,XS,S32D,-0.7968,-15.647,327.0200526877797,363
XS,S24D,-0.1383,-12.7806,XS,I14D,-0.3522,-7.952395,537.3940116216353,366
XS,S24D,-0.1383,-12.7806,XS,L39D,2.0557,-11.4905,282.99802325491015,353
YC,SBF4,6.37312,117.620827,YC,SBA2,4.43506,115.745598,299.2165603309667,629
YC,SBF4,6.37312,117.620827,YC,SBC5,5.28637,116.88076,145.96052871328104,641
C1,LL02,-43.19055,-71.84838,1P,CURI,-51.6131,-74.556,958.2803432657081,818
C1,LL02,-43.19055,-71.84838,1P,GUMN,-50.3199,-75.3644,836.5275724488091,817
C1,LL02,-43.19055,-71.84838,XM,ASB11,-37.8946,-63.8453,895.9651079905541,440
C1,LL02,-43.19055,-71.84838,GT,PLCA,-40.73277,-70.55083,293.5867677510413,3743
C1,LL02,-43.19055,-71.84838,1P,LVAN,-51.0252,-71.1152,872.9275414375352,805
C1,LL02,-43.19055,-71.84838,1P,PMOR,-50.4904,-73.0428,816.745336861841,801
C1,LL02,-43.19055,-71.84838,C1,LR04,-39.88019,-73.425822,390.790288028221,3201
C1,LL02,-43.19055,-71.84838,XM,ASB20,-35.8086,-63.9305,1064.4576181234606,439
C1,LL02,-43.19055,-71.84838,XM,ASB04,-35.77723,-69.39981,850.5758593260648,584
TO,PG20,-14.6049,-73.997299,ZG,CP12,-15.2374,-69.531097,484.9898214814917,505
TO,PG20,-14.6049,-73.997299,TO,PG01,-15.3626,-75.160202,150.66950961776388,710
TO,PG20,-14.6049,-73.997299,II,NNA,-11.9875,-76.8422,423.6301344434938,712
TO,PG20,-14.6049,-73.997299,ZD,FS07,-13.46172,-71.9198,257.64881274914165,389
TO,PG20,-14.6049,-73.997299,ZD,FM06,-13.3499,-74.462502,148.30286192599343,617
TO,PG20,-14.6049,-73.997299,ZG,CP13,-14.7893,-71.444702,275.31228270433957,509
TO,PG20,-14.6049,-73.997299,TO,PE03,-17.1644,-71.789101,369.8121768154468,606
TO,PG20,-14.6049,-73.997299,YS,PARW,-18.201099,-69.2677,643.6694930643552,266
TO,PG20,-14.6049,-73.997299,ZG,CB14,-17.249399,-65.900902,914.1543802144964,377
ID,ERM,42.0158,143.157196,DT,SWU,39.49,140.79,344.40782257374,908
ID,ERM,42.0158,143.157196,PS,TSK,36.2108,140.1097,696.851060285794,1296
Z1,Z34S,-17.164391,27.52483,AF,RUDU,-17.909599,19.764799,826.87072714366,261
Z1,Z34S,-17.164391,27.52483,BX,XAUDM,-18.53956,21.338223,672.3662765748907,110
Z1,Z34S,-17.164391,27.52483,BX,LKGWB,-24.11351,21.782303,976.4695935204422,286
Z1,Z34S,-17.164391,27.52483,BX,KGCAE,-22.853821,22.206787,841.7782826721251,286
Z1,Z34S,-17.164391,27.52483,Z1,Z21G,-14.29531,26.53437,336.1752851590451,286
YY,004,36.4473,119.562599,IC,XAN,34.03107,108.92321,1002.2938095209495,290
YY,004,36.4473,119.562599,IU,INCN,37.4776,126.6239,637.5942394350296,293
PM,PFVI,37.132832,-8.826829,XB,PM04,35.402599,-5.1525,381.4354805271273,1045
PM,PFVI,37.132832,-8.826829,ZI,MB16,29.7026,-9.5269,828.7479621898543,718
PM,PFVI,37.132832,-8.826829,XB,PM18,34.150002,-4.8195,490.96938445960586,915
PM,PFVI,37.132832,-8.826829,ZI,MB19,29.741051,-7.979389,825.6706682127616,442
PM,PFVI,37.132832,-8.826829,XB,PM25,32.875702,-4.888,593.8190309948301,942
PM,PFVI,37.132832,-8.826829,XB,PS37,38.999699,-4.9555,397.375023051329,694
PM,PFVI,37.132832,-8.826829,XB,PS57,37.011501,-2.9864,518.2565569043886,743
PM,PFVI,37.132832,-8.826829,1L,ST30,37.734164,-6.621247,205.89579618242274,140
PM,PFVI,37.132832,-8.826829,CA,CARA,42.707643,0.818132,1028.8297055796093,2983
6H,MASS,-21.588499,32.921299,AF,KTWE,-12.814,28.209,1096.29293974911,118
6H,MASS,-21.588499,32.921299,XV,TETE,-16.129999,33.57,610.7807235579959,163
6H,MASS,-21.588499,32.921299,6H,FUNH,-23.0973,34.378201,224.93677509082286,190
II,TLY,51.6807,103.6438,XL,HD54,47.499901,96.803398,677.1365566107445,630
II,TLY,51.6807,103.6438,XL,HD09,45.413898,100.5718,732.4377401250814,632
II,TLY,51.6807,103.6438,XL,HD21,47.967701,101.433296,442.2181280897562,392
II,TLY,51.6807,103.6438,XL,HD74,49.500999,99.152298,398.97232302846356,634
II,TLY,51.6807,103.6438,XL,HD41,48.242298,99.400002,488.01862046595124,630
II,TLY,51.6807,103.6438,XL,HD48,46.209202,97.608299,750.737965343327,567
II,TLY,51.6807,103.6438,XL,HD73,49.4953,101.357101,291.7077591776983,632
II,TLY,51.6807,103.6438,YP,NEP7,48.1744,118.1474,1106.6797034634653,317
ZG,CP13,-14.7893,-71.444702,XP,PLTP,-22.0413,-66.786499,944.1050898504053,309
ZG,CP13,-14.7893,-71.444702,YS,OLC5,-21.009501,-68.352997,765.028997839603,115
ZG,CP13,-14.7893,-71.444702,ZG,CP12,-15.2374,-69.531097,211.4727177870473,631
ZG,CP13,-14.7893,-71.444702,TO,PG01,-15.3626,-75.160202,403.9803224304546,508
ZG,CP13,-14.7893,-71.444702,II,NNA,-11.9875,-76.8422,661.7140161567874,619
ZG,CP13,-14.7893,-71.444702,ZD,FS07,-13.46172,-71.9198,156.25705740188528,498
ZG,CP13,-14.7893,-71.444702,ZD,FM06,-13.3499,-74.462502,362.7095216502203,414
ZG,CP13,-14.7893,-71.444702,TO,PE03,-17.1644,-71.789101,266.652779068882,581
ZG,CP13,-14.7893,-71.444702,YS,PARW,-18.201099,-69.2677,444.7241683212713,266
ZG,CP13,-14.7893,-71.444702,ZG,CB14,-17.249399,-65.900902,652.5374912835123,499
XN,B15,60.433998,-134.247406,XN,B11,60.087002,-130.606995,204.44726103475958,332
XN,B15,60.433998,-134.247406,XN,A06,60.631199,-123.493202,588.0061252720812,412
XN,B15,60.433998,-134.247406,XN,A16,61.576599,-117.147697,927.6225692861308,357
XB,PM25,32.875702,-4.888,XB,PM04,35.402599,-5.1525,282.0306245550707,983
XB,PM25,32.875702,-4.888,ZI,MB16,29.7026,-9.5269,564.5022175085261,423
XB,PM25,32.875702,-4.888,XB,PM18,34.150002,-4.8195,141.8381202947726,832
XB,PM25,32.875702,-4.888,ZI,MB19,29.741051,-7.979389,455.73711402971657,125
XB,PM25,32.875702,-4.888,XB,PS37,38.999699,-4.9555,680.9853868745887,727
XB,PM25,32.875702,-4.888,XB,PS57,37.011501,-2.9864,491.42603121388316,682
YP,NE8B,46.207199,126.056297,YP,NE81,46.069698,116.634697,725.6603832474106,687
YP,NE8B,46.207199,126.056297,YP,NEP7,48.1744,118.1474,636.0354001448043,313
YP,NE8B,46.207199,126.056297,YP,NE66,45.004101,120.704201,437.20748758430796,686
YP,NE8B,46.207199,126.056297,YP,NEA3,47.562302,121.292,392.0946260618508,687
YP,NE8B,46.207199,126.056297,YP,NE57,44.122898,123.258499,319.0635918674145,687
YP,NE8B,46.207199,126.056297,YP,NEAD,47.581402,133.5802,591.5002769918362,585
YP,NE8B,46.207199,126.056297,YP,NE6F,45.295898,131.201401,411.778466648623,627
YP,NE8B,46.207199,126.056297,YP,NE5D,44.107601,129.6008,362.9072081704673,454
YP,NE8B,46.207199,126.056297,YP,NE9B,46.946201,129.7948,297.29403766685215,687
YB,AT49,38.513699,32.252998,HT,AGG,39.021099,22.336,861.2060435886101,676
YB,AT49,38.513699,32.252998,MN,VTS,42.618,23.235,887.2700657649248,626
YB,AT49,38.513699,32.252998,KO,DKL,39.0713,26.9053,467.530604214954,504
YB,AT49,38.513699,32.252998,HL,ARG,36.213558,28.12122,445.7409650944209,704
YB,AT49,38.513699,32.252998,KO,ELL,36.7483,29.9085,284.8679393711497,722
YB,AT49,38.513699,32.252998,YB,AT19,39.735199,33.5811,177.68488930367658,720
YB,AT49,38.513699,32.252998,YB,AT63,36.712502,33.472,227.2445034999627,731
YB,AT49,38.513699,32.252998,KO,KARS,40.6152,43.0937,957.5077948911896,619
YB,AT49,38.513699,32.252998,YB,AT06,39.6731,35.6665,321.532195886923,660
YB,AT49,38.513699,32.252998,YB,AT56,36.7019,35.546902,353.2011807441607,543
II,NNA,-11.9875,-76.8422,ZG,CP12,-15.2374,-69.531097,868.7002696223753,615
II,NNA,-11.9875,-76.8422,TO,PG01,-15.3626,-75.160202,416.96482213647636,738
II,NNA,-11.9875,-76.8422,ZD,FS07,-13.46172,-71.9198,558.4786502236132,502
II,NNA,-11.9875,-76.8422,ZD,FM06,-13.3499,-74.462502,299.32731819210386,737
II,NNA,-11.9875,-76.8422,TO,PE03,-17.1644,-71.789101,791.7243898817837,1493
II,NNA,-11.9875,-76.8422,YS,PARW,-18.201099,-69.2677,1066.673590716766,266
II,NNA,-11.9875,-76.8422,AS,ZOBO,-16.27,-68.125,1053.4444157681537,1218
YM,KASE,71.4776,-51.349701,XF,NE3,76.394577,-43.458302,597.0378409103148,464
YM,KASE,71.4776,-51.349701,DK,KULLO,74.580498,-57.2201,393.72890793207824,569
XO,WD49,54.399083,-151.89947,XO,WD69,53.782065,-160.34289,554.566137353849,412
XO,WD49,54.399083,-151.89947,XO,EP23,56.9071,-157.0201,425.2132080034171,313
XO,WD49,54.399083,-151.89947,XO,WD58,53.906227,-155.035345,211.41051436061304,422
XO,WD49,54.399083,-151.89947,XO,WD72,56.257748,-151.81063,206.75074218907326,400
XO,WD49,54.399083,-151.89947,XO,ET20,58.1304,-154.9716,456.1053790007966,393
XO,WD49,54.399083,-151.89947,EO,KLRS,61.03095,-138.40663,1085.2594941291077,303
AF,WIN,-22.5667,17.1,AF,CVNA,-31.482,19.762,1025.6829764064912,3941
AF,WIN,-22.5667,17.1,8A,OMUT,-18.4093,16.6364,464.7961293628211,329
AF,WIN,-22.5667,17.1,XK,B07DX,-20.549,22.749399,625.768439179723,326
AF,WIN,-22.5667,17.1,AF,RUDU,-17.909599,19.764799,587.7059048628267,2304
AF,WIN,-22.5667,17.1,BX,XAUDM,-18.53956,21.338223,628.5849779710172,451
AF,WIN,-22.5667,17.1,XK,B04KH,-20.474199,24.513901,801.3085548118871,315
AF,WIN,-22.5667,17.1,8A,KANO,-19.194901,19.4398,446.8068493697922,188
AF,WIN,-22.5667,17.1,BX,LKGWB,-24.11351,21.782303,508.00357048483824,1853
AF,WIN,-22.5667,17.1,8A,OTJO,-20.018,15.9799,306.23685440037747,329
AF,WIN,-22.5667,17.1,AF,PKA,-29.67,22.757,970.6230103878269,630
AF,WIN,-22.5667,17.1,8A,WEWE,-21.209,16.809099,153.92416584757487,309
AF,WIN,-22.5667,17.1,BX,KGCAE,-22.853821,22.206787,524.7690148199694,1868
XA,SA73,-21.853668,30.277611,XA,SA29,-26.931738,23.03492,925.26352985149,280
XA,SA73,-21.853668,30.277611,XA,SA60,-23.851931,24.959381,588.4348121759398,317
XA,SA73,-21.853668,30.277611,XA,SA64,-22.969448,26.201714,436.9492650554652,295
XA,SA73,-21.853668,30.277611,XA,SA71,-20.925777,27.140787,340.75959163703124,264
XA,SA73,-21.853668,30.277611,XA,SA76,-20.636091,29.846441,142.57197751741748,325
XA,SA60,-23.851931,24.959381,XA,SA29,-26.931738,23.03492,393.23616524438955,301
XA,SA60,-23.851931,24.959381,XA,SA64,-22.969448,26.201714,160.3090559612798,314
XA,SA60,-23.851931,24.959381,XA,SA71,-20.925777,27.140787,395.15964304015034,286
XA,SA60,-23.851931,24.959381,XA,SA76,-20.636091,29.846441,617.0336485257063,337
1G,WA05,39.46912,107.78784,1G,WA08,39.78198,105.74621,178.27949469358444,151
1G,WA05,39.46912,107.78784,1G,WA17,40.77207,108.32398,151.88367873066468,140
1G,WA05,39.46912,107.78784,IC,XAN,34.03107,108.92321,613.0702634926561,154
1G,WA05,39.46912,107.78784,1G,EA29,41.62461,112.42881,459.4814753829537,143
XD,KIBA,-5.3223,36.5695,XD,URAM,-5.0878,32.083199,497.47995816743156,217
XD,KIBA,-5.3223,36.5695,XD,KOMO,-3.8422,36.7192,165.4141020996653,254
JP,JHJ2,33.115299,139.813797,JP,JWT,35.285671,135.398666,472.27364341467614,4260
JP,JHJ2,33.115299,139.813797,JP,JEW,42.84267,141.446167,1090.993279521569,4259
JP,JHJ2,33.115299,139.813797,JP,JMN,33.731499,133.876328,555.1958350264757,4259
JP,JHJ2,33.115299,139.813797,PS,TSK,36.2108,140.1097,345.26612861768535,6324
JP,JHJ2,33.115299,139.813797,JP,JNU,33.125,130.876694,832.050413234971,7000
XF,NE3,76.394577,-43.458302,DK,KULLO,74.580498,-57.2201,431.87186913065074,258
MN,WDD,35.8373,14.5242,MN,GFA,34.338,9.073,523.1706189591284,245
MN,WDD,35.8373,14.5242,YD,MMNN,39.8909,15.9904,468.73604257896096,267
MN,WDD,35.8373,14.5242,HT,LKD,38.707199,20.6506,628.8359056367073,183
MN,WDD,35.8373,14.5242,YD,OBS14,39.169399,14.4694,370.544524736466,109
MN,WDD,35.8373,14.5242,MN,CLTB,37.578,13.216,225.9677205751258,4417
MN,WDD,35.8373,14.5242,TT,TAMR,37.046902,9.1091,502.6328550846666,602
MN,WDD,35.8373,14.5242,HT,AGG,39.021099,22.336,774.9368707504792,4395
MN,WDD,35.8373,14.5242,AC,VLO,40.468601,19.495501,673.6607035027599,3074
MN,WDD,35.8373,14.5242,MN,VTS,42.618,23.235,1062.5682191720425,4959
MN,WDD,35.8373,14.5242,YF,HVAR,43.177601,16.449,832.6735097391534,398
MN,WDD,35.8373,14.5242,YI,GROG,43.426182,9.89201,932.0416735919918,360
MN,WDD,35.8373,14.5242,YD,3B13,43.635109,21.70591,1061.5777133777624,544
MN,WDD,35.8373,14.5242,MN,DIVS,44.0981,19.9917,1029.3777775262738,4133
MN,WDD,35.8373,14.5242,YI,BARR,44.282799,12.0797,961.7369769661825,827
MN,WDD,35.8373,14.5242,XS,N039,41.1087,23.5846,981.7999955515616,469
MN,WDD,35.8373,14.5242,GE,SKD,35.411999,23.927999,850.9478435598237,1810
MN,WDD,35.8373,14.5242,XS,S040,37.722,24.009001,869.8991334841393,391
YS,ONIX,-10.1033,124.4498,YS,SARA,-8.7873,121.1043,395.05102465242953,711
YS,ONIX,-10.1033,124.4498,YS,MTNG,-8.2969,125.1025,213.2561320604096,713
PL,BEL,51.837002,20.792,MN,VTS,42.618,23.235,1041.413627253463,2358
PL,BEL,51.837002,20.792,YD,3B13,43.635109,21.70591,914.5472098633869,314
PL,BEL,51.837002,20.792,MN,DIVS,44.0981,19.9917,862.5734108899429,3297
PL,BEL,51.837002,20.792,CH,FUORN,46.620334,10.263551,958.1222500180536,4675
PL,BEL,51.837002,20.792,YD,6C04,46.661442,19.74328,580.4920700836562,404
PL,BEL,51.837002,20.792,DK,MUD,56.455,9.1733,912.6473812805326,5170
PL,BEL,51.837002,20.792,PL,NIE,49.4189,20.313101,270.9929581813243,5356
PL,BEL,51.837002,20.792,CZ,TREC,49.2948,15.4871,469.1611804506113,712
PL,BEL,51.837002,20.792,CZ,BEDC,50.78933,15.16976,407.6421141588497,618
PL,BEL,51.837002,20.792,YD,3F11,45.865082,23.72257,697.6583270927326,367
EO,KLRS,61.03095,-138.40663,XO,WD72,56.257748,-151.81063,937.0375540535787,278
EO,KLRS,61.03095,-138.40663,XO,ET20,58.1304,-154.9716,983.6179013070882,273
EO,KLRS,61.03095,-138.40663,NY,TGTN,61.5267,-128.27268,543.7427769204586,1239
EO,KLRS,61.03095,-138.40663,NY,MAYO,63.59581,-135.89209,313.3383988198453,1595
EO,KLRS,61.03095,-138.40663,PQ,NBC3,59.63716,-120.66875,985.2783984639273,513
XJ,OSO,59.261375,163.084213,XJ,ESS,55.932159,158.694794,453.0614727629658,122
XJ,OSO,59.261375,163.084213,XJ,APA,52.925709,157.132874,794.6336172652818,120
YI,BARR,44.282799,12.0797,YD,MMNN,39.8909,15.9904,585.1875090065126,232
YI,BARR,44.282799,12.0797,HT,LKD,38.707199,20.6506,944.5524735866753,116
YI,BARR,44.282799,12.0797,MN,CLTB,37.578,13.216,751.604463542033,534
YI,BARR,44.282799,12.0797,MN,VTS,42.618,23.235,918.5594874684153,868
YI,BARR,44.282799,12.0797,YI,GROG,43.426182,9.89201,199.59832553405826,402
YI,BARR,44.282799,12.0797,MN,DIVS,44.0981,19.9917,630.9121761629812,417
YI,BARR,44.282799,12.0797,MN,BNI,45.052,6.678,435.56621982326806,876
YI,BARR,44.282799,12.0797,CH,FUORN,46.620334,10.263551,296.0021072579428,697
YI,BARR,44.282799,12.0797,YG,CBP2J,47.367298,18.03178,574.4855432316274,135
YI,BARR,44.282799,12.0797,XM,A106,48.146099,13.5743,444.68171400814515,330
YI,BARR,44.282799,12.0797,GE,IBBN,52.306301,7.7592,947.2632053650794,878
XH,ESP03,-29.7428,-64.014297,XY,U54B,-35.545898,-71.359703,942.4922735262347,151
XH,ESP03,-29.7428,-64.014297,XY,U72B,-33.978699,-71.812401,873.7659039675973,115
XH,ESP03,-29.7428,-64.014297,ZL,COLO,-29.935699,-67.109596,299.3122993197064,385
BL,PORB,-13.33043,-49.078739,BL,PAZB,-15.1369,-50.8634,278.10969403235043,396
BL,PORB,-13.33043,-49.078739,BL,SLMB,-16.570499,-50.345501,385.1179196095818,216
QZ,ALGA,49.986897,57.210083,QZ,BRZS,49.981769,72.677469,1103.9144227592674,1335
YA,MC14,27.864599,99.735199,YA,MC10,28.976101,103.870499,422.84090901049365,304
YA,MC14,27.864599,99.735199,YA,MC12,27.662901,102.208397,244.37447662003763,248
YA,MC14,27.864599,99.735199,YA,MC17,26.4706,101.743698,251.9969332842047,303
YA,MC14,27.864599,99.735199,IC,LSA,29.70317,91.12757,863.1736354730932,345
YA,MC14,27.864599,99.735199,XE,ES28,29.720207,98.426933,242.537096322214,214
YA,MC14,27.864599,99.735199,YA,MC05,29.9921,100.220703,241.23905461747262,344
YA,MC14,27.864599,99.735199,XE,ES03,30.752544,92.85878,739.8409383099994,180
YA,MC14,27.864599,99.735199,XE,ES19,30.813387,95.711105,509.49363785838864,318
1G,WOP23,37.3256,100.06438,1G,WOP11,37.52923,104.79038,417.88798799640983,235
1G,WOP23,37.3256,100.06438,1G,WOP01,37.66651,107.33679,642.5408317992541,218
1G,WOP23,37.3256,100.06438,IC,XAN,34.03107,108.92321,879.5367839238611,223
DK,MUD,56.455,9.1733,CH,FUORN,46.620334,10.263551,1096.1263627315525,4943
DK,MUD,56.455,9.1733,ZR,N1317,64.797462,16.955721,1018.4025968187739,324
DK,MUD,56.455,9.1733,PL,NIE,49.4189,20.313101,1078.8668262590913,5340
DK,MUD,56.455,9.1733,GB,LAWE,56.26,-5.399,896.2785191226255,2821
DK,MUD,56.455,9.1733,GB,WACR,52.72433,0.62833,688.5302191909408,3247
DK,MUD,56.455,9.1733,EI,IDGL,55.073,-7.51,1052.2527497842048,4167
DK,MUD,56.455,9.1733,CZ,TREC,49.2948,15.4871,901.0433323133675,912
DK,MUD,56.455,9.1733,CZ,BEDC,50.78933,15.16976,743.2127458837023,786
DK,MUD,56.455,9.1733,UK,STED,50.737,-1.9645,969.773306097675,1718
DK,MUD,56.455,9.1733,EI,DSB,53.24519,-6.37619,1054.693813551928,3324
XW,SIMA,17.55549,52.316299,XW,MOKA,13.31374,43.25631,1079.2671907248327,203
XW,SIMA,17.55549,52.316299,XW,DAMT,14.08737,44.68227,902.9963254606074,213
XW,SIMA,17.55549,52.316299,XW,MUKA,14.48724,49.037788,489.0164767266098,209
XW,SIMA,17.55549,52.316299,II,RAYN,23.5225,45.5032,970.979286869798,193
XW,SIMA,17.55549,52.316299,XW,TAMU,17.294781,49.928551,254.97295565651385,212
XV,TETE,-16.129999,33.57,XK,B04KH,-20.474199,24.513901,1070.7986370559236,193
XV,TETE,-16.129999,33.57,AF,KTWE,-12.814,28.209,684.8297577787962,263
XV,TETE,-16.129999,33.57,XK,Z04NN,-13.075,30.6276,464.33798687255165,170
XV,TETE,-16.129999,33.57,XK,W02NB,-13.724,33.559898,267.5374531454731,180
XV,TETE,-16.129999,33.57,XK,W10LW,-12.6208,34.165199,395.43537983319965,177
XV,TETE,-16.129999,33.57,6H,FUNH,-23.0973,34.378201,779.3330242753743,205
XV,TETE,-16.129999,33.57,XK,W15SS,-15.6818,34.974701,158.26646149888435,175
XV,TETE,-16.129999,33.57,XK,Q05MJ,-13.3953,36.125702,409.8352728661598,111
1A,NE00,39.990002,124.306999,1A,NE48,44.651001,118.269997,717.2111686076296,249
1A,NE00,39.990002,124.306999,1A,NE26,42.306,121.470001,350.3113209458949,258
1A,NE00,39.990002,124.306999,XG,SQUAN,40.473,122.138702,191.7378272487175,141
1A,NE00,39.990002,124.306999,JP,JNU,33.125,130.876694,962.1914487699423,264
XV,MAHA,-23.1714,47.689899,XV,BITY,-20.060801,47.000099,353.15472958635405,386
XV,MAHA,-23.1714,47.689899,XV,LAHA,-14.9344,50.2911,955.754675508199,689
XV,MAHA,-23.1714,47.689899,XV,ANTS,-14.8843,47.999298,922.0571779029751,691
XV,MAHA,-23.1714,47.689899,XV,ZOBE,-18.1369,47.228901,561.860914495969,388
XV,MAHA,-23.1714,47.689899,XV,ANLA,-17.7062,49.4599,635.0425823793591,687
XV,MAHA,-23.1714,47.689899,AF,SKRH,-22.827,44.733002,305.0641850108914,250
3C,NW09,6.289741,-74.985709,EC,MILO,-2.1848,-79.5557,1070.2355738838376,142
3C,NW09,6.289741,-74.985709,CM,SJC,9.896667,-75.1795,401.63922931869257,422
3C,NW09,6.289741,-74.985709,3C,SL09,4.380633,-74.023873,237.49291473816734,155
3C,NW09,6.289741,-74.985709,CM,TUM,1.823667,-78.726667,647.0690198316286,326
XG,BYBT,40.235348,40.265499,XG,KTLN,37.953327,41.705223,282.5240320748259,293
XG,BYBT,40.235348,40.265499,GE,MRNI,33.01178,35.391998,913.0280687068728,371
US,AMTX,34.8837,-101.6808,XP,N20,38.917702,-106.187599,601.3281410199926,398
US,AMTX,34.8837,-101.6808,EP,CHC4,28.667999,-106.035896,804.2366384316033,197
US,AMTX,34.8837,-101.6808,XK,UT65,38.584999,-112.425003,1041.2936569693532,205
US,AMTX,34.8837,-101.6808,US,MVCO,37.19956,-108.49251,664.169452646534,7016
US,AMTX,34.8837,-101.6808,JW,BRR,32.772406,-107.564169,591.8591700463543,856
US,AMTX,34.8837,-101.6808,ZL,N07A,35.485802,-91.857803,894.8437074293456,214
US,AMTX,34.8837,-101.6808,N4,237B,32.001499,-95.808403,631.9609223651267,1789
US,AMTX,34.8837,-101.6808,N4,Z38B,33.2599,-94.9852,642.4465000671719,4359
US,AMTX,34.8837,-101.6808,ZL,N06M,34.904999,-90.221199,1044.5825739841632,148
US,AMTX,34.8837,-101.6808,GS,OK006,35.477982,-97.278709,405.4632484769049,191
US,AMTX,34.8837,-101.6808,ZZ,FWU17,36.2869,-101.0,167.73402051450483,387
US,AMTX,34.8837,-101.6808,TX,DKNS,33.66653,-100.92365,152.17578660833914,3122
US,AMTX,34.8837,-101.6808,TX,BRDY,31.285872,-98.999447,471.5978483337356,3290
US,AMTX,34.8837,-101.6808,N4,ABTX,32.6238,-99.6431,314.0456282628394,2727
US,AMTX,34.8837,-101.6808,XR,FG01,36.6308,-98.7392,328.9023727956158,118
US,AMTX,34.8837,-101.6808,XO,MG05,37.482498,-90.870102,1011.6825968530355,705
US,AMTX,34.8837,-101.6808,N4,R40B,38.2909,-92.2684,921.2242604141786,3961
US,AMTX,34.8837,-101.6808,GS,KS24,39.78655,-98.20952,625.4862117660389,129
US,AMTX,34.8837,-101.6808,US,ECSD,43.7337,-96.6141,1075.753147175966,7000
1G,WOP11,37.52923,104.79038,1G,WOP01,37.66651,107.33679,224.8535857447458,343
1G,WOP11,37.52923,104.79038,IC,XAN,34.03107,108.92321,538.6706175341727,348
YM,12,23.405899,122.687202,YM,37,21.6698,119.495399,380.4042839741406,262
XV,ZOBE,-18.1369,47.228901,XV,BITY,-20.060801,47.000099,215.27479100638476,393
XV,ZOBE,-18.1369,47.228901,XV,LAHA,-14.9344,50.2911,483.0333570846256,395
XV,ZOBE,-18.1369,47.228901,XV,ANTS,-14.8843,47.999298,370.87847135184603,389
XV,ZOBE,-18.1369,47.228901,XV,ANLA,-17.7062,49.4599,240.8465983725568,384
XV,ZOBE,-18.1369,47.228901,AF,SKRH,-22.827,44.733002,582.6811030235871,250
XV,ZOBE,-18.1369,47.228901,XV,DGOS,-12.2825,49.3606,689.954846686749,311
YG,INC37,15.691732,-88.351567,CW,CAMR,23.061737,-81.370857,1098.499594824176,391
YG,INC37,15.691732,-88.351567,GI,HUBA,15.816578,-91.294484,315.24855778561357,174
YG,INC37,15.691732,-88.351567,NU,BILN,14.0488,-83.374641,565.1818458964302,492
YT,MILR,-83.3063,156.2517,XH,DR15,-79.492798,-179.919296,571.8915475682282,711
YT,MILR,-83.3063,156.2517,XH,RS06,-79.283501,-171.620193,685.5031913461786,715
YT,MILR,-83.3063,156.2517,YT,SURP,-84.7199,-171.2017,401.88458755495066,3050
YT,MILR,-83.3063,156.2517,XH,RS15,-80.496597,-169.978806,601.20612998005,707
YT,MILR,-83.3063,156.2517,XH,RS10,-79.278801,-155.467697,889.1606611487542,742
YT,MILR,-83.3063,156.2517,YT,MPAT,-78.0297,-155.0221,1007.004306203303,3091
YT,MILR,-83.3063,156.2517,ZM,P080,-82.805397,77.363998,980.6465698890438,555
YT,MILR,-83.3063,156.2517,ZM,GM03,-80.216904,85.943901,1089.4595006409043,331
YT,MILR,-83.3063,156.2517,ZM,N140,-82.008598,96.769203,818.064956774295,1655
YT,MILR,-83.3063,156.2517,ZJ,RKST,-74.201065,159.001755,1013.9276960572909,1059
YT,MILR,-83.3063,156.2517,XH,RS02,-78.492897,173.345795,608.251818703656,720
XB,CM03,3.519,15.034,XB,CM24,6.523,14.288,344.0969377850305,105
XB,CM03,3.519,15.034,XB,CM02,2.698,13.289,214.17854793592633,167
XB,CM03,3.519,15.034,XB,CM17,5.546,12.312,376.6043215722368,265
XB,CM03,3.519,15.034,XB,CM01,2.389,9.834,590.9488400163272,267
XI,SC10,49.752998,-83.817001,XI,SC04,49.624001,-89.675003,421.5431678132988,816
XI,SC10,49.752998,-83.817001,PO,MEDO,43.1646,-78.454597,839.3762064205649,824
XI,SC10,49.752998,-83.817001,PO,ACTO,43.6087,-80.062401,740.5834572385957,861
XI,SC10,49.752998,-83.817001,PO,LATQ,47.3835,-72.7819,852.7110049618051,512
7D,G36D,42.4618,-126.8965,PB,B934,39.844501,-123.691399,395.8019588067167,416
7D,G36D,42.4618,-126.8965,C8,MWAB,49.7411,-125.3032,818.6383292885092,96
7D,G36D,42.4618,-126.8965,IE,BCYI,44.310799,-113.405197,1108.1043335415168,414
7D,G36D,42.4618,-126.8965,US,HAWA,46.3925,-119.5327,729.5322145957251,416
HL,ARG,36.213558,28.12122,HT,AGG,39.021099,22.336,597.3905630587592,4501
HL,ARG,36.213558,28.12122,AC,VLO,40.468601,19.495501,888.0480158177293,3573
HL,ARG,36.213558,28.12122,MN,VTS,42.618,23.235,826.2794532658901,2354
HL,ARG,36.213558,28.12122,XS,N039,41.1087,23.5846,671.6627809803126,220
HL,ARG,36.213558,28.12122,KO,DKL,39.0713,26.9053,335.30703577001606,4346
HL,ARG,36.213558,28.12122,GF,TEPE,41.056,28.5147,539.5374206906436,2179
HL,ARG,36.213558,28.12122,KO,ELL,36.7483,29.9085,170.49594576105915,4736
HL,ARG,36.213558,28.12122,YB,AT19,39.735199,33.5811,618.1497313273069,693
HL,ARG,36.213558,28.12122,3K,NIKI,35.06884,32.992168,458.1429024933655,638
HL,ARG,36.213558,28.12122,IM,CY301,33.30031,33.05407,554.8579814200286,204
HL,ARG,36.213558,28.12122,YB,AT63,36.712502,33.472,481.64790169288005,709
HL,ARG,36.213558,28.12122,YB,SM05,38.70424,37.21084,848.2968954141222,230
HL,ARG,36.213558,28.12122,YB,AT06,39.6731,35.6665,764.9493411574941,633
HL,ARG,36.213558,28.12122,YB,AT56,36.7019,35.546902,666.1534913011016,522
Z5,KAGD,1.024,30.662,Z5,MASD,1.687,31.723,139.0893323068278,726
Z5,KAGD,1.024,30.662,Z5,LAMW,3.563,32.743,364.90686322491854,715
XM,ANB16,-24.0911,-61.4628,C1,AC02,-26.835517,-69.129067,827.7228752986763,264
XM,ANB16,-24.0911,-61.4628,XM,ANB11,-25.951,-62.49889,231.66355821580868,502
XM,ANB16,-24.0911,-61.4628,XM,ANB09,-25.4413,-66.2624,507.2881174294927,349
XM,ANB16,-24.0911,-61.4628,XM,ANB10,-25.0271,-64.5865,332.6081683362331,553
XM,ANB16,-24.0911,-61.4628,XM,CB22,-24.00541,-68.52551,717.1609364553667,503
XM,ANB16,-24.0911,-61.4628,XM,CB01,-22.09872,-70.21211,921.7269388641047,501
EI,DSB,53.24519,-6.37619,GB,LAWE,56.26,-5.399,341.0371988899333,2971
EI,DSB,53.24519,-6.37619,GB,WACR,52.72433,0.62833,472.26842719503037,3188
EI,DSB,53.24519,-6.37619,EI,IDGL,55.073,-7.51,216.22722806312066,3148
GE,SKD,35.411999,23.927999,YD,MMNN,39.8909,15.9904,857.5453140875346,207
GE,SKD,35.411999,23.927999,MN,CLTB,37.578,13.216,986.7527045628244,563
GE,SKD,35.411999,23.927999,MN,VTS,42.618,23.235,803.4969001213296,1268
GE,SKD,35.411999,23.927999,YF,HVAR,43.177601,16.449,1075.9622195604672,480
GE,SKD,35.411999,23.927999,GE,MRNI,33.01178,35.391998,1086.706497581365,831
YT,MTAK,-76.3157,-112.7986,YT,MCRG,-73.6681,-94.6493,596.3189391751121,2020
YT,MTAK,-76.3157,-112.7986,YT,SILY,-77.1332,-125.966,347.46377247867036,1661
YT,MTAK,-76.3157,-112.7986,YT,HOWD,-77.5286,-86.7694,662.7556966349058,1722
YT,MTAK,-76.3157,-112.7986,YT,STEW,-84.1863,-86.2349,985.9079052660735,2458
YT,MTAK,-76.3157,-112.7986,YT,UPTW,-77.5781,-109.0374,169.12510162073423,1683
X5,NOTN,63.293659,-78.135452,X5,SHMN,64.576668,-84.114517,324.92875289743694,552
X5,NOTN,63.293659,-78.135452,X5,KIMN,62.850731,-69.879456,418.35431811142917,328
YS,SARA,-8.7873,121.1043,YS,MTNG,-8.2969,125.1025,443.0138653813471,720
Y2,PURG,30.198799,81.275299,IC,LSA,29.70317,91.12757,950.5209288016079,1386
Y2,PURG,30.198799,81.275299,Y2,WT12,32.461102,80.8218,255.2170869227027,616
ZU,NZ04,-41.999298,165.502396,NZ,URZ,-38.259249,177.110894,1069.8297417277697,369
ZU,NZ04,-41.999298,165.502396,ZU,NZ22,-44.500599,173.998703,741.7507543035242,360
ZU,NZ04,-41.999298,165.502396,ZU,NZ26,-46.997898,174.498398,903.4545351796385,357
ZU,NZ04,-41.999298,165.502396,ZU,NZ18,-41.000198,170.0,390.6351676741027,356
ZU,NZ04,-41.999298,165.502396,Y3,CROE,-42.336498,171.398407,487.2693002566667,188
XO,EP23,56.9071,-157.0201,XO,WD69,53.782065,-160.34289,405.95832876149495,309
XO,EP23,56.9071,-157.0201,XO,WD58,53.906227,-155.035345,356.39369971946013,312
XO,EP23,56.9071,-157.0201,XO,WD72,56.257748,-151.81063,327.00509139074524,304
XO,EP23,56.9071,-157.0201,XO,ET20,58.1304,-154.9716,182.92145164079136,346
XP,N20,38.917702,-106.187599,US,MVCO,37.19956,-108.49251,277.87186391118587,431
XP,N20,38.917702,-106.187599,IE,IRCI,43.515301,-112.033302,707.0509874960807,178
XP,N20,38.917702,-106.187599,IE,BCYI,44.310799,-113.405197,847.6691966320359,300
XP,N20,38.917702,-106.187599,MB,HRY,46.711285,-111.831786,980.6708108283242,452
XP,N20,38.917702,-106.187599,US,DGMT,48.4702,-104.1959,1074.0889468720568,452
XP,N20,38.917702,-106.187599,US,ECSD,43.7337,-96.6141,961.2274345440545,452
XR,FA23,45.550365,-99.9841,IE,IRCI,43.515301,-112.033302,980.4898802235542,104
XR,FA23,45.550365,-99.9841,XR,FA27,49.942284,-108.108139,778.6444660761351,350
XR,FA23,45.550365,-99.9841,MB,HRY,46.711285,-111.831786,921.1564793895369,347
XR,FA23,45.550365,-99.9841,XR,FA14,41.544838,-94.264229,640.6896069324697,157
XR,FA23,45.550365,-99.9841,XR,FA24,46.531807,-101.240036,145.96515586736356,376
GE,IBBN,52.306301,7.7592,YI,GROG,43.426182,9.89201,1000.0419071629609,362
GE,IBBN,52.306301,7.7592,MN,BNI,45.052,6.678,810.5136358453295,2351
GE,IBBN,52.306301,7.7592,CH,FUORN,46.620334,10.263551,657.5397617127254,773
GE,IBBN,52.306301,7.7592,YG,CBP2J,47.367298,18.03178,917.479301846137,208
GE,IBBN,52.306301,7.7592,XM,A106,48.146099,13.5743,620.1872234117365,297
GE,IBBN,52.306301,7.7592,XK,NOVR,57.691681,-4.410162,977.9345832569774,530
GE,IBBN,52.306301,7.7592,YY,SN34,58.248798,8.1688,661.2821958454181,236
GE,IBBN,52.306301,7.7592,UK,STED,50.737,-1.9645,694.4259450762207,310
GE,IBBN,52.306301,7.7592,XK,HOYT,58.826122,-3.239107,999.4920501725759,553
XM,ANB11,-25.951,-62.49889,XM,ASB20,-35.8086,-63.9305,1104.554888248422,420
XM,ANB11,-25.951,-62.49889,XM,ASB22,-33.66389,-67.46128,981.8639106174021,578
XM,ANB11,-25.951,-62.49889,C1,AC02,-26.835517,-69.129067,667.5963181044262,264
XM,ANB11,-25.951,-62.49889,XM,ANB09,-25.4413,-66.2624,381.3189303264192,296
XM,ANB11,-25.951,-62.49889,XM,ANB10,-25.0271,-64.5865,233.36187661916213,585
XM,ANB11,-25.951,-62.49889,XM,CB22,-24.00541,-68.52551,644.7339617238571,567
XM,ANB11,-25.951,-62.49889,XM,CB01,-22.09872,-70.21211,892.5440043974476,567
GH,KLEF,6.6142,0.4407,GH,WEIJ,5.5885,-0.3333,142.58800757123967,509
OZ,CURRY,-41.09589,146.95012,OZ,MRAT,-34.62973,137.6256,1088.3295835900083,436
OZ,CURRY,-41.09589,146.95012,OZ,MILD,-34.25915,142.05571,873.3862888889806,436
OZ,CURRY,-41.09589,146.95012,OZ,ROWM,-37.80614,144.29176,431.11897997303663,503
OZ,CURRY,-41.09589,146.95012,OZ,MARG,-41.99952,145.55162,153.7513916987375,503
OZ,CURRY,-41.09589,146.95012,OZ,DTMM,-36.52813,147.46539,509.86774098504344,503
OZ,CURRY,-41.09589,146.95012,S1,AUUHS,-35.3589,150.4696,707.9711641499773,477
OZ,CURRY,-41.09589,146.95012,YW,MSWL3,-32.3933,150.92683,1030.1950109383697,244
X5,SHMN,64.576668,-84.114517,X5,KIMN,62.850731,-69.879456,725.042783518386,157
5A,KAVI,-2.56941,150.804428,5A,LASU,-4.303918,153.108185,320.27912865681947,619
YS,PL38,19.9863,-162.025604,YS,PL46,24.312099,-156.9646,709.1055534471741,392
YS,PL38,19.9863,-162.025604,YS,PL69,16.3484,-157.700806,610.172360773026,390
YS,PL38,19.9863,-162.025604,YS,NGOK,22.122999,-159.664993,341.2411015201353,416
YS,PL38,19.9863,-162.025604,YS,PL70,15.574,-158.982498,586.9135770516891,377
YS,PL38,19.9863,-162.025604,YS,MRKH,21.108999,-157.270004,510.6241887771999,146
GB,WACR,52.72433,0.62833,MN,BNI,45.052,6.678,960.1658229691205,2405
GB,WACR,52.72433,0.62833,CH,FUORN,46.620334,10.263551,968.7200812204693,3192
GB,WACR,52.72433,0.62833,GB,LAWE,56.26,-5.399,552.8753411779683,2697
GB,WACR,52.72433,0.62833,EI,IDGL,55.073,-7.51,593.2425825071743,2897
GB,WACR,52.72433,0.62833,CZ,TREC,49.2948,15.4871,1104.8324299783972,896
GB,WACR,52.72433,0.62833,CZ,BEDC,50.78933,15.16976,1021.8551645075449,763
TM,CHBT,12.7441,102.3526,TM,PHRA,18.4989,100.229,679.0735115945014,1293
TM,CHBT,12.7441,102.3526,TM,NONG,18.063498,103.1458,597.5662784514136,1642
TM,CHBT,12.7441,102.3526,TM,PANO,17.147614,104.6122,546.4898681780828,1417
TM,CHBT,12.7441,102.3526,TM,SKLT,7.175815,100.615686,647.7043670752222,2320
TM,CHBT,12.7441,102.3526,TM,CRAI,20.2289,100.3734,858.5634416365759,2179
TM,CHBT,12.7441,102.3526,MM,KTN,21.2857,99.589798,994.0723538218134,1030
XE,CC07,-6.15879,-133.0464,XE,WC02,-4.97259,-133.70537,150.71800460489752,391
XE,CC07,-6.15879,-133.0464,XE,EE02,-5.97635,-130.88959,239.34414655770402,353
BX,KGCAE,-22.853821,22.206787,AF,CVNA,-31.482,19.762,989.324963535563,2109
BX,KGCAE,-22.853821,22.206787,AF,HVD,-30.605,25.497,921.5958602293167,2171
BX,KGCAE,-22.853821,22.206787,AF,RUDU,-17.909599,19.764799,605.7900197412939,1897
BX,KGCAE,-22.853821,22.206787,BX,XAUDM,-18.53956,21.338223,488.1524117943514,597
BX,KGCAE,-22.853821,22.206787,BX,LKGWB,-24.11351,21.782303,146.60813478645147,2058
BX,KGCAE,-22.853821,22.206787,Z1,Z21G,-14.29531,26.53437,1055.0829984910965,544
BX,KGCAE,-22.853821,22.206787,ZT,WTBG,-24.2119,28.88291,697.0788373732346,531
XP,LZAE,-25.3074,-68.3992,XP,PLTP,-22.0413,-66.786499,398.56766280115846,99
XP,LZAE,-25.3074,-68.3992,TO,PE03,-17.1644,-71.789101,971.0803161561719,330
XP,LZAE,-25.3074,-68.3992,YS,PARW,-18.201099,-69.2677,795.2505360862651,128
XP,LZAE,-25.3074,-68.3992,ZG,CB14,-17.249399,-65.900902,932.5666304431518,132
2A,30,-14.3692,-116.1567,2A,32,-12.9996,-115.8554,155.73267952061175,345
2A,30,-14.3692,-116.1567,2A,48,-13.1701,-117.201202,174.64962443313834,290
YP,NEA3,47.562302,121.292,YP,NE81,46.069698,116.634697,391.25145187963255,695
YP,NEA3,47.562302,121.292,YP,NEP7,48.1744,118.1474,244.22179115772946,315
YP,NEA3,47.562302,121.292,YP,NE66,45.004101,120.704201,288.02085763414675,686
YP,NEA3,47.562302,121.292,YP,NE57,44.122898,123.258499,411.6282794508182,695
YP,NEA3,47.562302,121.292,YP,NEAD,47.581402,133.5802,920.891995426675,593
YP,NEA3,47.562302,121.292,YP,NE6F,45.295898,131.201401,799.5159916489599,633
YP,NEA3,47.562302,121.292,YP,NE5D,44.107601,129.6008,749.0163498033257,462
YP,NEA3,47.562302,121.292,YP,NE9B,46.946201,129.7948,645.0503138077098,694
YO,D03,34.3559,-74.488701,N4,V51A,35.803299,-84.351097,911.3463135828522,364
YO,D03,34.3559,-74.488701,XO,SOKY,37.5256,-85.961899,1090.4824284852689,364
YO,D03,34.3559,-74.488701,N4,P51A,39.4818,-83.060097,950.8224415776772,126
YO,D03,34.3559,-74.488701,N4,R53A,38.3307,-81.952202,800.9413951954261,118
YO,D03,34.3559,-74.488701,YO,X09,32.516899,-74.3536,204.87170158249475,359
YO,D03,34.3559,-74.488701,YO,X03,35.893299,-72.719002,234.7853435064828,359
QZ,TDK,45.002246,78.40445,TJ,CHGR,38.656898,69.158203,1040.2532526712732,583
QZ,TDK,45.002246,78.40445,QZ,ZHTS,40.764944,68.290297,948.2405855598184,1187
QZ,TDK,45.002246,78.40445,KR,TRKS,41.472454,71.167327,705.0874190633859,1137
QZ,TDK,45.002246,78.40445,QZ,BRZS,49.981769,72.677469,700.7955283390066,1182
QZ,TDK,45.002246,78.40445,XV,NW140,50.82925,77.20242,654.0726708602512,108
QZ,TDK,45.002246,78.40445,TJ,MURGB,38.254,74.058,832.4826617516161,499
QZ,TDK,45.002246,78.40445,QZ,SEM,50.403587,80.257129,616.3419021827813,1187
1P,GUMN,-50.3199,-75.3644,1P,CURI,-51.6131,-74.556,154.53697080340365,822
1P,GUMN,-50.3199,-75.3644,1P,LVAN,-51.0252,-71.1152,309.49144971786865,791
1P,GUMN,-50.3199,-75.3644,1P,PMOR,-50.4904,-73.0428,165.61515914680055,785
XA,SA03,-33.6619,21.3354,XA,SA20,-29.0221,26.195299,692.0374973849594,260
XA,SA03,-33.6619,21.3354,XA,SA04,-32.850498,19.6206,183.20194109704863,261
XA,SA03,-33.6619,21.3354,XA,SA26,-27.545601,26.1803,822.8575313224515,216
XA,SA03,-33.6619,21.3354,XA,SA35,-27.018299,29.088301,1047.766498767607,174
KS,SH2B,38.2686,128.2524,JP,JWT,35.285671,135.398666,717.4141660679167,1089
KS,SH2B,38.2686,128.2524,JP,JMN,33.731499,133.876328,714.1868714004672,1089
KS,SH2B,38.2686,128.2524,PS,TSK,36.2108,140.1097,1073.4791170343672,411
KS,SH2B,38.2686,128.2524,JP,JNU,33.125,130.876694,619.0153280170232,1089
XN,B11,60.087002,-130.606995,XN,A06,60.631199,-123.493202,395.6579479048696,335
XN,B11,60.087002,-130.606995,XN,A16,61.576599,-117.147697,746.518700550767,277
XF,MA36,19.3594,-104.893204,ZL,N06,27.174299,-111.153603,1078.4480591522124,260
XF,MA36,19.3594,-104.893204,NR,NE82,26.915661,-109.230843,949.8573528596125,456
XF,MA36,19.3594,-104.893204,ZL,S05,23.347799,-108.094299,553.6375013253167,257
XF,MA36,19.3594,-104.893204,XF,MA40,20.219801,-103.942001,138.0495022624388,486
ZG,CP12,-15.2374,-69.531097,XP,PLTP,-22.0413,-66.786499,809.8605165065267,309
ZG,CP12,-15.2374,-69.531097,YS,OLC5,-21.009501,-68.352997,653.779474988977,114
ZG,CP12,-15.2374,-69.531097,TO,PG01,-15.3626,-75.160202,603.8876723428411,504
ZG,CP12,-15.2374,-69.531097,ZD,FS07,-13.46172,-71.9198,324.3373139273396,497
ZG,CP12,-15.2374,-69.531097,ZD,FM06,-13.3499,-74.462502,571.2843802354835,410
ZG,CP12,-15.2374,-69.531097,TO,PE03,-17.1644,-71.789101,322.5503043230511,580
ZG,CP12,-15.2374,-69.531097,YS,PARW,-18.201099,-69.2677,330.7400400140836,266
ZG,CP12,-15.2374,-69.531097,ZG,CB14,-17.249399,-65.900902,447.46133244090163,499
YR,ED15,42.527802,13.55816,MN,CLTB,37.578,13.216,551.1620759029571,218
YR,ED15,42.527802,13.55816,HT,AGG,39.021099,22.336,835.0935268163261,213
YR,ED15,42.527802,13.55816,AC,VLO,40.468601,19.495501,544.749076251876,253
YR,ED15,42.527802,13.55816,MN,VTS,42.618,23.235,792.0289390633179,273
YR,ED15,42.527802,13.55816,MN,DIVS,44.0981,19.9917,548.8488748414128,274
YR,ED15,42.527802,13.55816,MN,BNI,45.052,6.678,619.2093100825404,268
YR,ED15,42.527802,13.55816,CH,FUORN,46.620334,10.263551,524.4686466282009,261
YR,ED15,42.527802,13.55816,PL,NIE,49.4189,20.313101,926.3402109376348,264
CU,GRTK,21.511472,-71.13425,CW,CAMR,23.061737,-81.370857,1066.9970020862684,2267
CU,GRTK,21.511472,-71.13425,CW,CHIV,19.97648,-76.415131,575.0094073375603,2618
CU,GRTK,21.511472,-71.13425,ZU,GGIL,19.57,-72.220001,243.68962138798264,108
CU,GRTK,21.511472,-71.13425,ZC,HMDR,18.7879,-69.381,353.84214555887445,2171
CU,GRTK,21.511472,-71.13425,LO,LOBA2,18.0814,-71.0936,381.43083234087766,771
CU,GRTK,21.511472,-71.13425,YU,GJ03,11.7273,-72.5457,1098.2651965552632,566
CU,GRTK,21.511472,-71.13425,JM,NMIA0,18.025,-76.02654,642.0643449426616,255
CU,GRTK,21.511472,-71.13425,ZZ,XSJN,18.9669,-66.213501,586.1188004910623,384
XL,HD54,47.499901,96.803398,XL,HD09,45.413898,100.5718,370.23791243221166,643
XL,HD54,47.499901,96.803398,XL,HD21,47.967701,101.433296,350.08681221460836,389
XL,HD54,47.499901,96.803398,XL,HD74,49.500999,99.152298,281.86228067686386,644
XL,HD54,47.499901,96.803398,XL,HD41,48.242298,99.400002,210.52464543438126,642
XL,HD54,47.499901,96.803398,XL,HD48,46.209202,97.608299,156.02306319494085,578
XL,HD54,47.499901,96.803398,XL,HD73,49.4953,101.357101,402.14965225209556,643
C8,FORQ,48.7542,-69.1135,PE,PAKC,41.37471,-77.932533,1072.3447772684954,1117
C8,FORQ,48.7542,-69.1135,PE,PSSK,40.642586,-76.164978,1059.2203521072402,1097
C8,FORQ,48.7542,-69.1135,YM,MHCG,44.2571,-75.7522,712.3752824562345,943
C8,FORQ,48.7542,-69.1135,PO,LATQ,47.3835,-72.7819,312.2483965828207,982
C8,FORQ,48.7542,-69.1135,7O,ABNH,43.4819,-71.2471,608.8149337558234,197
C8,FORQ,48.7542,-69.1135,N4,G65A,45.2002,-67.5632,412.29430116892314,1320
XA,EP15,40.33766,47.79234,AB,HASN,39.336076,49.217978,164.9826917502706,104
XA,EP15,40.33766,47.79234,YL,WKZ15,43.36841,54.59763,656.3913252017861,254
XL,HD74,49.500999,99.152298,XL,HD09,45.413898,100.5718,466.8043283377861,643
XL,HD74,49.500999,99.152298,XL,HD21,47.967701,101.433296,238.8364896948345,389
XL,HD74,49.500999,99.152298,XL,HD41,48.242298,99.400002,141.12877066744443,642
XL,HD74,49.500999,99.152298,XL,HD48,46.209202,97.608299,383.70978506415486,578
XL,HD74,49.500999,99.152298,XL,HD73,49.4953,101.357101,159.22239304614823,646
XJ,ESS,55.932159,158.694794,XJ,APA,52.925709,157.132874,349.2116742900991,227
XJ,ESS,55.932159,158.694794,XJ,PAN,59.094879,159.968002,359.7882549735747,168
3J,OBS17,-14.43021,-173.2349,3J,OBS23,-15.39963,-171.86155,182.74130741059312,617
3J,OBS17,-14.43021,-173.2349,G,FUTU,-14.307673,-178.12107,526.4882899971077,579
3J,OBS17,-14.43021,-173.2349,3J,OBS01,-13.155,-171.40391,243.31057109912894,614
3J,OBS17,-14.43021,-173.2349,3J,OBS13,-16.1503,-174.71751,248.7337895059792,618
3J,OBS17,-14.43021,-173.2349,3J,OBS11,-14.79489,-175.24356,219.89859880230622,617
3J,OBS17,-14.43021,-173.2349,3J,OBS28,-13.46713,-168.51582,520.3876652175811,615
3J,OBS17,-14.43021,-173.2349,3J,OBS26,-15.36052,-169.11661,454.4632661186732,449
3J,OBS17,-14.43021,-173.2349,MH,P0010,-14.043483,-165.862533,795.721437238321,149
ZU,NZ26,-46.997898,174.498398,NZ,URZ,-38.259249,177.110894,994.7642632465681,361
ZU,NZ26,-46.997898,174.498398,ZU,NZ22,-44.500599,173.998703,280.37932615482254,362
ZU,NZ26,-46.997898,174.498398,ZU,NZ18,-41.000198,170.0,757.4720173868634,348
ZU,NZ26,-46.997898,174.498398,Y3,CROE,-42.336498,171.398407,573.2568506186273,188
CZ,BEDC,50.78933,15.16976,MN,DIVS,44.0981,19.9917,827.2576032107357,861
CZ,BEDC,50.78933,15.16976,CH,FUORN,46.620334,10.263551,586.6803959132263,855
CZ,BEDC,50.78933,15.16976,PL,NIE,49.4189,20.313101,397.10568401570936,882
CZ,BEDC,50.78933,15.16976,CZ,TREC,49.2948,15.4871,167.7219713680847,881
DK,KULLO,74.580498,-57.2201,1E,TQF,81.41333,-76.845001,874.6299519700531,454
TM,PANO,17.147614,104.6122,TM,PHRA,18.4989,100.229,487.6969170052561,1102
TM,PANO,17.147614,104.6122,TM,NONG,18.063498,103.1458,185.81190372050565,1305
TM,PANO,17.147614,104.6122,TM,CRAI,20.2289,100.3734,562.7293857330875,2102
TM,PANO,17.147614,104.6122,MM,KTN,21.2857,99.589798,699.7404894844757,875
NY,TGTN,61.5267,-128.27268,YG,GLN4,61.789501,-147.679596,1021.0585689920654,498
NY,TGTN,61.5267,-128.27268,7C,MM26,63.081,-130.1928,199.27373001636803,517
NY,TGTN,61.5267,-128.27268,XJ,SNOW,56.8922,-132.3526,564.9831924867882,279
NY,TGTN,61.5267,-128.27268,NY,MAYO,63.59581,-135.89209,452.74240931159636,2458
NY,TGTN,61.5267,-128.27268,XL,MG06,55.87212,-120.041481,787.0781532668868,414
NY,TGTN,61.5267,-128.27268,RV,SWHSA,54.899441,-116.751793,996.4169629237368,2411
NY,TGTN,61.5267,-128.27268,PQ,NBC3,59.63716,-120.66875,465.04308294149666,1606
YT,DUFK,-82.8619,-53.2006,YT,MA07,-78.2496,-93.4991,866.9273770698439,704
YT,DUFK,-82.8619,-53.2006,YT,HOWD,-77.5286,-86.7694,846.0498004928901,4958
YT,DUFK,-82.8619,-53.2006,YT,MA09,-79.8993,-104.9977,885.8755305204079,717
YT,DUFK,-82.8619,-53.2006,YT,ST04,-80.7152,-116.5792,978.3140126980094,585
YT,DUFK,-82.8619,-53.2006,YT,ST02,-82.069,-109.1247,787.7712242911757,613
YT,DUFK,-82.8619,-53.2006,YT,STEW,-84.1863,-86.2349,432.36368875970254,4220
YT,DUFK,-82.8619,-53.2006,YT,PECA,-85.6124,-68.5525,347.9772660281114,3114
YT,DUFK,-82.8619,-53.2006,YT,THRO,-79.127296,-28.317499,590.996081852783,294
YT,DUFK,-82.8619,-53.2006,YT,MECK,-75.2808,-72.185,922.2126159811326,2559
YS,PL27,18.000299,-155.714996,YS,NGOK,22.122999,-159.664993,616.6488910085005,100
YS,PL27,18.000299,-155.714996,YS,MRKH,21.108999,-157.270004,382.13650434162946,241
YS,PL27,18.000299,-155.714996,YS,PL19,16.711901,-153.407806,283.69077395819846,365
YS,PL27,18.000299,-155.714996,YS,PL08,20.892599,-153.292099,409.81903175672056,362
YS,PL27,18.000299,-155.714996,YS,PL21,17.180099,-154.691299,141.74435165492994,365
Y5,PER,53.68,-116.040001,XJ,SNOW,56.8922,-132.3526,1089.8180022795364,263
Y5,PER,53.68,-116.040001,X4,LR13,46.9506,-122.9639,894.4019751425774,241
Y5,PER,53.68,-116.040001,NV,BACME,48.314654,-126.058199,919.0735324990461,188
Y5,PER,53.68,-116.040001,C8,MWAB,49.7411,-125.3032,773.1103104964177,410
Y5,PER,53.68,-116.040001,IE,BCYI,44.310799,-113.405197,1059.1997788489612,2480
Y5,PER,53.68,-116.040001,US,HAWA,46.3925,-119.5327,847.5928082408806,3151
Y5,PER,53.68,-116.040001,TD,TD009,52.32058,-116.323372,152.34523726972935,1406
Y5,PER,53.68,-116.040001,X7,WA33,46.507801,-117.348701,802.9210939386975,458
Y5,PER,53.68,-116.040001,MB,HRY,46.711285,-111.831786,830.4036875729962,3155
Y5,PER,53.68,-116.040001,US,DGMT,48.4702,-104.1959,1008.0638239917149,3090
Y5,PER,53.68,-116.040001,XL,MG06,55.87212,-120.041481,353.8382469171649,176
Y5,PER,53.68,-116.040001,RV,SWHSA,54.899441,-116.751793,143.24760323772168,1243
Y5,PER,53.68,-116.040001,PQ,NBC3,59.63716,-120.66875,719.8659751700334,1256
TJ,MURGB,38.254,74.058,TJ,CHGR,38.656898,69.158203,428.947684464271,479
TJ,MURGB,38.254,74.058,QZ,ZHTS,40.764944,68.290297,567.9663259964748,499
TJ,MURGB,38.254,74.058,KR,TRKS,41.472454,71.167327,434.61697400720516,499
XB,CM24,6.523,14.288,XB,CM02,2.698,13.289,439.49216601036045,115
XB,CM24,6.523,14.288,XB,CM17,5.546,12.312,244.01814660567064,156
XB,CM24,6.523,14.288,XB,CM01,2.389,9.834,674.538646344405,162
ZQ,159,38.216702,117.391502,IC,XAN,34.03107,108.92321,891.1181860089984,430
ZQ,159,38.216702,117.391502,IU,INCN,37.4776,126.6239,814.4634937296812,326
ON,ANA01,-14.531001,-40.74522,ON,ALF01,-20.616865,-40.725212,676.7214554236718,231
ON,ANA01,-14.531001,-40.74522,ON,GDU01,-13.72,-39.575279,155.073671263128,295
ON,ANA01,-14.531001,-40.74522,BL,PMNB,-18.540001,-46.439999,752.9989878795485,437
YS,PL46,24.312099,-156.9646,YS,PL69,16.3484,-157.700806,888.8375280683291,377
YS,PL46,24.312099,-156.9646,YS,NGOK,22.122999,-159.664993,367.94747768372474,392
YS,PL46,24.312099,-156.9646,YS,PL70,15.574,-158.982498,994.2032986582615,374
YS,PL46,24.312099,-156.9646,YS,MRKH,21.108999,-157.270004,357.5434031510623,140
XB,PM04,35.402599,-5.1525,ZI,MB16,29.7026,-9.5269,754.6401376480981,534
XB,PM04,35.402599,-5.1525,XB,PM18,34.150002,-4.8195,142.56431219445906,943
XB,PM04,35.402599,-5.1525,ZI,MB19,29.741051,-7.979389,682.9018153595789,236
XB,PM04,35.402599,-5.1525,XB,PS37,38.999699,-4.9555,400.3598642051825,727
XB,PM04,35.402599,-5.1525,XB,PS57,37.011501,-2.9864,264.1372974599323,770
ZL,B01,32.136501,158.233002,ZL,B07,33.2645,158.8983,140.0260299996734,564
5H,EITE,15.2359,38.777901,5H,TIOE,14.6651,40.8666,233.19291620197222,440
5H,TIOE,14.6651,40.8666,II,RAYN,23.5225,45.5032,1098.5154043858338,395
YB,AT06,39.6731,35.6665,MN,VTS,42.618,23.235,1090.0297746133135,555
YB,AT06,39.6731,35.6665,KO,DKL,39.0713,26.9053,755.7610521699477,434
YB,AT06,39.6731,35.6665,KO,ELL,36.7483,29.9085,598.8495639365963,654
YB,AT06,39.6731,35.6665,YB,AT19,39.735199,33.5811,178.53196592633032,655
YB,AT06,39.6731,35.6665,YB,AT63,36.712502,33.472,380.9598593568432,660
YB,AT06,39.6731,35.6665,KO,KARS,40.6152,43.0937,639.7430626928402,565
YB,AT06,39.6731,35.6665,YB,AT56,36.7019,35.546902,330.54802648796084,542
IC,XAN,34.03107,108.92321,YA,MC10,28.976101,103.870499,738.275820869222,302
IC,XAN,34.03107,108.92321,YA,MC12,27.662901,102.208397,954.6416121943191,234
IC,XAN,34.03107,108.92321,YA,MC17,26.4706,101.743698,1086.6334583794453,299
IC,XAN,34.03107,108.92321,XE,ES28,29.720207,98.426933,1100.152210733324,272
IC,XAN,34.03107,108.92321,YA,MC05,29.9921,100.220703,934.8826608213906,331
IC,XAN,34.03107,108.92321,X4,GS18,32.865501,104.784698,405.21373486937523,346
IC,XAN,34.03107,108.92321,ZV,MAQU,34.0023,102.046799,633.665623028362,269
IC,XAN,34.03107,108.92321,X4,H05,35.6605,98.407898,976.040212372164,330
IC,XAN,34.03107,108.92321,XD,ZHY,38.923222,100.401505,935.497206748936,138
IC,XAN,34.03107,108.92321,Z8,373,35.941299,103.562599,532.4455511172958,433
IC,XAN,34.03107,108.92321,Z8,365,35.987999,105.131699,408.1024465725373,432
IC,XAN,34.03107,108.92321,1G,WA08,39.78198,105.74621,698.9502882720656,151
IC,XAN,34.03107,108.92321,X4,GS12,34.853199,105.749802,305.0127606280306,342
IC,XAN,34.03107,108.92321,1G,WOP01,37.66651,107.33679,428.76476039953525,344
IC,XAN,34.03107,108.92321,1G,WA17,40.77207,108.32398,751.4267151802318,140
IC,XAN,34.03107,108.92321,1G,EA29,41.62461,112.42881,898.5245828676597,143
IC,XAN,34.03107,108.92321,Z8,320,36.0107,112.366096,383.03314159494477,434
IC,XAN,34.03107,108.92321,X2,260,39.795799,112.886002,731.244078523763,240
IC,XAN,34.03107,108.92321,XG,MJPU,40.666698,115.683701,948.836726592673,1131
IC,XAN,34.03107,108.92321,XG,XZHOU,38.423,113.002502,610.0774995796735,297
ZL,N07A,35.485802,-91.857803,KY,LLKY,36.92159,-88.096558,373.29922292181726,214
ZL,N07A,35.485802,-91.857803,XO,MG05,37.482498,-90.870102,238.93407832234826,214
ZL,N07A,35.485802,-91.857803,US,ECSD,43.7337,-96.6141,1003.1045712689274,214
ZL,N07A,35.485802,-91.857803,Z9,E07,30.718,-82.0979,1051.6067368096712,142
ZL,N07A,35.485802,-91.857803,Z9,E31,32.986599,-82.107002,937.9695366829819,153
3J,OBS26,-15.36052,-169.11661,3J,OBS23,-15.39963,-171.86155,294.32319807987756,449
3J,OBS26,-15.36052,-169.11661,G,FUTU,-14.307673,-178.12107,974.8543592091693,441
3J,OBS26,-15.36052,-169.11661,3J,OBS01,-13.155,-171.40391,347.703989492242,449
3J,OBS26,-15.36052,-169.11661,3J,OBS13,-16.1503,-174.71751,605.7699663355148,449
3J,OBS26,-15.36052,-169.11661,3J,OBS11,-14.79489,-175.24356,660.808159326672,449
3J,OBS26,-15.36052,-169.11661,3J,OBS28,-13.46713,-168.51582,220.25249571157858,448
3J,OBS26,-15.36052,-169.11661,MH,P0010,-14.043483,-165.862533,379.3832817253454,147
XB,PS37,38.999699,-4.9555,XB,PM18,34.150002,-4.8195,539.398965686278,727
XB,PS37,38.999699,-4.9555,XB,PS57,37.011501,-2.9864,280.4117591625202,596
YU,NL10,10.6679,-71.4911,ZC,HMDR,18.7879,-69.381,930.9272704058516,278
YU,NL10,10.6679,-71.4911,CM,SJC,9.896667,-75.1795,412.5513974814098,699
YU,NL10,10.6679,-71.4911,LO,LOBA2,18.0814,-71.0936,825.4540566392966,576
YU,NL10,10.6679,-71.4911,YU,SL02,7.6943,-71.0365,334.39317253988537,581
YU,NL10,10.6679,-71.4911,YU,GJ03,11.7273,-72.5457,164.64882038652738,697
YU,NL10,10.6679,-71.4911,VE,BAUV,8.9433,-68.041496,423.82423571820254,694
ZP,MWEN,-10.0582,28.7017,ZP,KAMZ,-14.7948,24.804399,675.5619594629532,140
ZP,MWEN,-10.0582,28.7017,AF,KTWE,-12.814,28.209,311.099771321963,141
ZP,MWEN,-10.0582,28.7017,ZP,MPIK,-11.821,31.4517,358.5401947238636,93
ZP,MWEN,-10.0582,28.7017,ZP,ISOK,-10.1708,32.645699,431.91643441816075,146
XM,CB01,-22.09872,-70.21211,C1,AC02,-26.835517,-69.129067,537.9832980249394,281
XM,CB01,-22.09872,-70.21211,XM,ANB09,-25.4413,-66.2624,547.3678453744031,296
XM,CB01,-22.09872,-70.21211,XM,ANB10,-25.0271,-64.5865,659.2749762878855,593
XM,CB01,-22.09872,-70.21211,XM,CB22,-24.00541,-68.52551,273.3582445318182,622
N4,R61A,38.3303,-75.339,N4,V51A,35.803299,-84.351097,847.0952625633588,1123
N4,R61A,38.3303,-75.339,XO,SOKY,37.5256,-85.961899,935.485484989026,250
N4,R61A,38.3303,-75.339,ZT,WEST,40.416389,-86.7725,1008.9930951909076,327
N4,R61A,38.3303,-75.339,N4,P48A,39.4605,-85.4258,881.4538525946988,4081
N4,R61A,38.3303,-75.339,N4,P51A,39.4818,-83.060097,680.0323382838124,1326
N4,R61A,38.3303,-75.339,N4,R53A,38.3307,-81.952202,576.7236920242684,1125
N4,R61A,38.3303,-75.339,OH,CROH,41.293858,-82.152496,668.4944057703867,781
N4,R61A,38.3303,-75.339,PE,PAKC,41.37471,-77.932533,404.44354202700623,3636
N4,R61A,38.3303,-75.339,PE,PSSK,40.642586,-76.164978,266.70281314189265,3652
N4,R61A,38.3303,-75.339,PE,PN1,40.52588,-79.716735,448.2191093225427,2128
N4,R61A,38.3303,-75.339,YM,MHCG,44.2571,-75.7522,659.931828361781,986
N4,R61A,38.3303,-75.339,ZN,DC34,38.8634,-76.985199,154.85456606281716,145
N4,R61A,38.3303,-75.339,PO,LATQ,47.3835,-72.7819,1027.8639821439328,1241
N4,R61A,38.3303,-75.339,7O,ABNH,43.4819,-71.2471,667.9150501723439,1042
N4,R61A,38.3303,-75.339,X8,QM38,47.675201,-70.853104,1100.7801404584363,174
N4,R61A,38.3303,-75.339,N4,G65A,45.2002,-67.5632,998.7374600089938,3920
BL,SLMB,-16.570499,-50.345501,BL,PAZB,-15.1369,-50.8634,168.76001101178534,327
XR,FG01,36.6308,-98.7392,US,MVCO,37.19956,-108.49251,869.0179310021182,130
XR,FG01,36.6308,-98.7392,N4,X48A,34.4517,-87.0452,1084.6894195087903,130
XR,FG01,36.6308,-98.7392,N4,237B,32.001499,-95.808403,580.7958036341755,130
XR,FG01,36.6308,-98.7392,N4,Z38B,33.2599,-94.9852,507.41969285081245,130
XR,FG01,36.6308,-98.7392,KY,LLKY,36.92159,-88.096558,947.9469598734386,125
XR,FG01,36.6308,-98.7392,N4,R40B,38.2909,-92.2684,600.0646451312313,130
XR,FG01,36.6308,-98.7392,N4,N41A,40.7077,-90.8552,820.4503573337132,130
XR,FG01,36.6308,-98.7392,GS,DEC08,39.861045,-88.924888,928.6186902806312,130
XR,FG01,36.6308,-98.7392,US,ECSD,43.7337,-96.6141,810.0958481366974,130
X2,260,39.795799,112.886002,XG,MJPU,40.666698,115.683701,256.4685144448901,138
3C,SL09,4.380633,-74.023873,EC,MILO,-2.1848,-79.5557,954.3444027366418,184
3C,SL09,4.380633,-74.023873,CM,SJC,9.896667,-75.1795,626.457890448279,589
3C,SL09,4.380633,-74.023873,CM,TUM,1.823667,-78.726667,594.5126727728679,389
YC,SBA2,4.43506,115.745598,YC,SBC5,5.28637,116.88076,157.4125440699117,657
YT,THRO,-79.127296,-28.317499,YT,STEW,-84.1863,-86.2349,1022.6071947510607,275
YT,THRO,-79.127296,-28.317499,YT,PECA,-85.6124,-68.5525,893.2645519735516,266
CA,CARA,42.707643,0.818132,1L,ST30,37.734164,-6.621247,838.9146596697441,140
CA,CARA,42.707643,0.818132,MN,BNI,45.052,6.678,536.9621014053796,1859
CA,CARA,42.707643,0.818132,CH,FUORN,46.620334,10.263551,863.6130516292168,2918
MG,JRQG,20.69875,-100.451583,MX,MOIG,19.646708,-101.227303,142.26676675068313,1252
YT,HOWD,-77.5286,-86.7694,YT,MCRG,-73.6681,-94.6493,480.4783038482785,1622
YT,HOWD,-77.5286,-86.7694,YT,MA07,-78.2496,-93.4991,176.1463321823031,704
YT,HOWD,-77.5286,-86.7694,YT,SILY,-77.1332,-125.966,939.1328386571506,4669
YT,HOWD,-77.5286,-86.7694,YT,MA09,-79.8993,-104.9977,473.15033035785825,717
YT,HOWD,-77.5286,-86.7694,YT,ST04,-80.7152,-116.5792,707.3160595384769,586
YT,HOWD,-77.5286,-86.7694,YT,ST02,-82.069,-109.1247,661.0227448285009,615
YT,HOWD,-77.5286,-86.7694,YT,STEW,-84.1863,-86.2349,740.3557888814755,3184
YT,HOWD,-77.5286,-86.7694,YT,UPTW,-77.5781,-109.0374,530.5015578214665,4174
YT,HOWD,-77.5286,-86.7694,YT,PECA,-85.6124,-68.5525,935.647148097476,3346
YT,HOWD,-77.5286,-86.7694,YT,MECK,-75.2808,-72.185,453.95856992821933,2651
YT,HOWD,-77.5286,-86.7694,1D,WELC,-70.731812,-63.82737,1015.0333057689901,354
YT,MPAT,-78.0297,-155.0221,XH,DR15,-79.492798,-179.919296,558.5814703407302,725
YT,MPAT,-78.0297,-155.0221,XH,RS06,-79.283501,-171.620193,387.2178432910841,729
YT,MPAT,-78.0297,-155.0221,YT,SURP,-84.7199,-171.2017,784.1737205147131,3529
YT,MPAT,-78.0297,-155.0221,XH,RS15,-80.496597,-169.978806,411.66885283403866,721
YT,MPAT,-78.0297,-155.0221,XH,RS10,-79.278801,-155.467697,139.23448578054803,800
YT,MPAT,-78.0297,-155.0221,YT,CLRK,-77.3231,-141.8485,321.60674398756856,2179
YT,MPAT,-78.0297,-155.0221,YT,SILY,-77.1332,-125.966,694.4716298228158,2888
YT,MPAT,-78.0297,-155.0221,YT,MA09,-79.8993,-104.9977,1049.5057267800341,717
YT,MPAT,-78.0297,-155.0221,YT,ST04,-80.7152,-116.5792,823.992961174154,586
YT,MPAT,-78.0297,-155.0221,YT,ST02,-82.069,-109.1247,953.7940587389213,615
YT,MPAT,-78.0297,-155.0221,YT,UPTW,-77.5781,-109.0374,1053.6774036601364,2411
YT,MPAT,-78.0297,-155.0221,XH,RS02,-78.492897,173.345795,708.6445838206488,734
2O,BTL07,-17.60978,133.9562,S1,AUALC,-23.6899,133.8835,676.1216921940841,469
XW,MOKA,13.31374,43.25631,XW,DAMT,14.08737,44.68227,176.43826071715665,203
XW,MOKA,13.31374,43.25631,XW,MUKA,14.48724,49.037788,637.5138985909094,203
XW,MOKA,13.31374,43.25631,XW,TAMU,17.294781,49.928551,841.2870412512358,203
1D,WELC,-70.731812,-63.82737,AI,ESPZ,-63.398102,-56.996399,866.2537159956297,353
1D,WELC,-70.731812,-63.82737,YT,MECK,-75.2808,-72.185,572.9134445634542,354
BL,RCLB,-22.4191,-47.530998,ON,ALF01,-20.616865,-40.725212,731.8966496079395,2065
BL,RCLB,-22.4191,-47.530998,ON,NAN01,-17.844168,-40.125668,925.185378011489,1431
BL,RCLB,-22.4191,-47.530998,BL,PMNB,-18.540001,-46.439999,446.04911711250736,3393
EP,CHC4,28.667999,-106.035896,US,MVCO,37.19956,-108.49251,975.8642633695081,197
EP,CHC4,28.667999,-106.035896,N4,237B,32.001499,-95.808403,1048.6287206348536,190
Z8,373,35.941299,103.562599,X4,D26,32.459202,96.394203,764.2235521494086,278
Z8,373,35.941299,103.562599,X4,GS18,32.865501,104.784698,359.9125805193161,293
Z8,373,35.941299,103.562599,X4,F06,33.102501,95.114601,835.4706460180796,147
Z8,373,35.941299,103.562599,X4,A01,36.432701,94.873199,781.4749774002804,318
Z8,373,35.941299,103.562599,XO,JSO2,35.168579,92.985191,960.2444013231994,355
Z8,373,35.941299,103.562599,Z8,365,35.987999,105.131699,141.31137049808484,498
Z8,373,35.941299,103.562599,X4,GS12,34.853199,105.749802,232.2450458626888,274
Z8,373,35.941299,103.562599,Z8,320,36.0107,112.366096,791.9603496359908,487
YG,GLN4,61.789501,-147.679596,7C,MM26,63.081,-130.1928,908.2430903283964,630
YG,GLN4,61.789501,-147.679596,XJ,SNOW,56.8922,-132.3526,1021.8168114070718,271
YG,GLN4,61.789501,-147.679596,NY,MAYO,63.59581,-135.89209,632.8815874205316,733
XC,AMDO,32.247002,91.688004,XC,MAQI,34.478001,100.249001,832.5477128065228,269
OZ,MILD,-34.25915,142.05571,S1,AUCAS,-34.2637,135.7219,581.9848241431116,435
OZ,MILD,-34.25915,142.05571,OZ,MRAT,-34.62973,137.6256,408.29085367075464,436
OZ,MILD,-34.25915,142.05571,OZ,HKER,-31.7642,138.55251,428.5070365251641,436
OZ,MILD,-34.25915,142.05571,OZ,ROWM,-37.80614,144.29176,442.6635769733438,436
OZ,MILD,-34.25915,142.05571,OZ,MARG,-41.99952,145.55162,913.167267117151,436
OZ,MILD,-34.25915,142.05571,OZ,DTMM,-36.52813,147.46539,551.3358643688888,436
OZ,MILD,-34.25915,142.05571,S1,AUUHS,-35.3589,150.4696,777.5909655652475,435
OZ,MILD,-34.25915,142.05571,YW,MSWL3,-32.3933,150.92683,849.6025247018235,244
YT,PECA,-85.6124,-68.5525,YT,SURP,-84.7199,-171.2017,841.1582209469559,2925
YT,PECA,-85.6124,-68.5525,YT,MA07,-78.2496,-93.4991,888.0517578380666,619
YT,PECA,-85.6124,-68.5525,YT,MA09,-79.8993,-104.9977,785.5131439253752,632
YT,PECA,-85.6124,-68.5525,YT,ST04,-80.7152,-116.5792,793.1223374394172,528
YT,PECA,-85.6124,-68.5525,YT,ST02,-82.069,-109.1247,601.2303400783145,549
YT,PECA,-85.6124,-68.5525,YT,STEW,-84.1863,-86.2349,234.24844921457952,1929
YT,PECA,-85.6124,-68.5525,YT,UPTW,-77.5781,-109.0374,1057.9382260025995,2858
QZ,BRZS,49.981769,72.677469,QZ,ZHTS,40.764944,68.290297,1080.1504125132299,1208
QZ,BRZS,49.981769,72.677469,KR,TRKS,41.472454,71.167327,953.3720718610564,1281
QZ,BRZS,49.981769,72.677469,XV,NW140,50.82925,77.20242,334.1807859713735,108
QZ,BRZS,49.981769,72.677469,QZ,SEM,50.403587,80.257129,541.3774415970304,1335
MN,DIVS,44.0981,19.9917,HT,LKD,38.707199,20.6506,601.9493364486582,194
MN,DIVS,44.0981,19.9917,MN,CLTB,37.578,13.216,921.5439072705691,2559
MN,DIVS,44.0981,19.9917,HT,AGG,39.021099,22.336,597.2124457484274,3618
MN,DIVS,44.0981,19.9917,AC,VLO,40.468601,19.495501,405.63911949748126,2287
MN,DIVS,44.0981,19.9917,MN,VTS,42.618,23.235,309.54680089884954,3295
MN,DIVS,44.0981,19.9917,YI,GROG,43.426182,9.89201,813.9916596616234,399
MN,DIVS,44.0981,19.9917,YD,3B13,43.635109,21.70591,146.74572791319102,436
MN,DIVS,44.0981,19.9917,MN,BNI,45.052,6.678,1058.6565627833952,4028
MN,DIVS,44.0981,19.9917,CH,FUORN,46.620334,10.263551,809.5059784170423,4200
MN,DIVS,44.0981,19.9917,YD,6C04,46.661442,19.74328,285.69019114661836,566
MN,DIVS,44.0981,19.9917,YG,CBP2J,47.367298,18.03178,394.0289371738843,452
MN,DIVS,44.0981,19.9917,XM,A106,48.146099,13.5743,668.3349885812087,244
MN,DIVS,44.0981,19.9917,PL,NIE,49.4189,20.313101,592.1515483256304,3547
MN,DIVS,44.0981,19.9917,CZ,TREC,49.2948,15.4871,671.9687965889027,993
MN,DIVS,44.0981,19.9917,ZU,PA69,53.238701,19.841999,1016.448695472701,118
MN,DIVS,44.0981,19.9917,XS,N039,41.1087,23.5846,443.71778647549127,393
MN,DIVS,44.0981,19.9917,YD,3F11,45.865082,23.72257,353.08522391388635,464
MN,DIVS,44.0981,19.9917,XS,S040,37.722,24.009001,785.0053048184969,492
MN,DIVS,44.0981,19.9917,KO,DKL,39.0713,26.9053,801.3613561886472,2808
MN,DIVS,44.0981,19.9917,GF,TEPE,41.056,28.5147,775.001828024397,1666
TJ,SHAA,37.562,68.122803,TJ,CHGR,38.656898,69.158203,151.74981360595794,2523
TJ,SHAA,37.562,68.122803,II,AAK,42.6375,74.4942,781.9652604889925,715
TJ,SHAA,37.562,68.122803,KR,TRKS,41.472454,71.167327,507.1367948991995,1449
XA,GP03,42.6352,44.6162,KO,KARS,40.6152,43.0937,257.79844132325206,510
XV,HNJO,65.5626,-24.1531,XV,SKOT,65.3412,-17.2467,319.8394020744854,267
XY,U54B,-35.545898,-71.359703,GT,PLCA,-40.73277,-70.55083,581.0683519073259,185
XY,U54B,-35.545898,-71.359703,XY,U72B,-33.978699,-71.812401,179.10358593864416,149
YT,CLRK,-77.3231,-141.8485,XH,DR15,-79.492798,-179.919296,866.3294451292794,662
YT,CLRK,-77.3231,-141.8485,XH,RS06,-79.283501,-171.620193,696.5902667012153,666
YT,CLRK,-77.3231,-141.8485,YT,SURP,-84.7199,-171.2017,942.1477182033673,2124
YT,CLRK,-77.3231,-141.8485,XH,RS15,-80.496597,-169.978806,687.3072524074367,659
YT,CLRK,-77.3231,-141.8485,XH,RS10,-79.278801,-155.467697,374.8508650801277,745
YT,CLRK,-77.3231,-141.8485,YT,MA07,-78.2496,-93.4991,1109.3264163029532,693
YT,CLRK,-77.3231,-141.8485,YT,SILY,-77.1332,-125.966,389.79435971410237,2178
YT,CLRK,-77.3231,-141.8485,YT,MA09,-79.8993,-104.9977,841.0261515660549,709
YT,CLRK,-77.3231,-141.8485,YT,ST04,-80.7152,-116.5792,646.2387084475192,586
YT,CLRK,-77.3231,-141.8485,YT,ST02,-82.069,-109.1247,818.1617557717185,615
YT,CLRK,-77.3231,-141.8485,YT,UPTW,-77.5781,-109.0374,782.913862881916,1701
YT,CLRK,-77.3231,-141.8485,XH,RS02,-78.492897,173.345795,1025.4750210848913,662
PS,TSK,36.2108,140.1097,JP,JWT,35.285671,135.398666,437.3645235748918,3594
PS,TSK,36.2108,140.1097,DT,SWU,39.49,140.79,369.4871695043878,311
PS,TSK,36.2108,140.1097,JP,JEW,42.84267,141.446167,746.2567476489727,3593
PS,TSK,36.2108,140.1097,JP,JMN,33.731499,133.876328,631.1616687140222,3593
PS,TSK,36.2108,140.1097,JP,JNU,33.125,130.876694,910.9424834000525,6330
M8,AU41,-28.0108,120.9861,S1,AUMAZ,-32.0069,116.0384,651.2994393923183,161
M8,AU41,-28.0108,120.9861,S1,AUBUS,-33.6601,115.3828,824.786348511014,165
LO,LOBA2,18.0814,-71.0936,CW,CHIV,19.97648,-76.415131,597.7137670965966,613
LO,LOBA2,18.0814,-71.0936,ZC,HMDR,18.7879,-69.381,197.00009255696082,632
LO,LOBA2,18.0814,-71.0936,CM,SJC,9.896667,-75.1795,1011.0607620357875,937
LO,LOBA2,18.0814,-71.0936,YU,GJ03,11.7273,-72.5457,723.547952755053,617
LO,LOBA2,18.0814,-71.0936,VE,BAUV,8.9433,-68.041496,1068.2231359526893,924
TM,SKLT,7.175815,100.615686,PS,PSI,2.6938,98.923698,532.4446613019682,3447
X4,D26,32.459202,96.394203,IC,LSA,29.70317,91.12757,587.6388065955797,523
X4,D26,32.459202,96.394203,X4,GS18,32.865501,104.784698,786.5354441644268,274
X4,D26,32.459202,96.394203,X4,F06,33.102501,95.114601,139.37964451639226,147
X4,D26,32.459202,96.394203,ZV,MAQU,34.0023,102.046799,552.9510959774535,248
X4,D26,32.459202,96.394203,X4,H01,36.209301,96.385002,416.99341429320646,213
X4,D26,32.459202,96.394203,X4,H05,35.6605,98.407898,401.3752049226834,214
X4,D26,32.459202,96.394203,X4,A01,36.432701,94.873199,463.3038896482427,482
X4,D26,32.459202,96.394203,XO,JSO2,35.168579,92.985191,435.77745024073647,371
X4,D26,32.459202,96.394203,X4,H19,38.2561,92.136803,751.140173563701,164
X4,D26,32.459202,96.394203,Z8,365,35.987999,105.131699,893.5522480483096,276
X4,D26,32.459202,96.394203,X4,GS12,34.853199,105.749802,905.4907496300868,261
XB,CM17,5.546,12.312,XB,CM02,2.698,13.289,334.70462500800335,246
XB,CM17,5.546,12.312,XB,CM01,2.389,9.834,445.8376870031597,352
XR,FA27,49.942284,-108.108139,IE,IRCI,43.515301,-112.033302,774.4652219293323,104
XR,FA27,49.942284,-108.108139,US,HAWA,46.3925,-119.5327,933.413722338396,331
XR,FA27,49.942284,-108.108139,MB,HRY,46.711285,-111.831786,452.4953520885948,320
XR,FA27,49.942284,-108.108139,XR,FA24,46.531807,-101.240036,634.0465133820481,358
YP,NE6F,45.295898,131.201401,YP,NEP7,48.1744,118.1474,1043.5412586423158,253
YP,NE6F,45.295898,131.201401,YP,NE66,45.004101,120.704201,823.2541240761159,627
YP,NE6F,45.295898,131.201401,YP,NE57,44.122898,123.258499,640.8069353350629,636
YP,NE6F,45.295898,131.201401,YP,NEAD,47.581402,133.5802,312.71537124312266,532
YP,NE6F,45.295898,131.201401,YP,NE5D,44.107601,129.6008,182.91921622010585,403
YP,NE6F,45.295898,131.201401,YP,NE9B,46.946201,129.7948,213.12814888704582,633
1U,PAE,-37.246692,175.650908,NZ,URZ,-38.259249,177.110894,170.73677923228348,187
EC,BOSC,-3.1512,-78.495102,CM,TUM,1.823667,-78.726667,553.7792208154601,475
XR,W1,32.092289,88.306221,IC,LSA,29.70317,91.12757,378.17531720591256,298
JW,BRR,32.772406,-107.564169,US,MVCO,37.19956,-108.49251,499.48086697791234,872
JW,BRR,32.772406,-107.564169,TX,DKNS,33.66653,-100.92365,625.556650075056,817
JW,BRR,32.772406,-107.564169,TX,BRDY,31.285872,-98.999447,823.8770019885086,882
JW,BRR,32.772406,-107.564169,N4,ABTX,32.6238,-99.6431,741.2161751447836,881
YY,CHGE,10.9614,36.518398,YY,ABMD,11.8317,35.5825,140.61269591286197,678
YY,CHGE,10.9614,36.518398,YY,NEKE,9.089,36.523701,208.20247787036834,673
YY,CHGE,10.9614,36.518398,YY,DAQU,13.1448,37.897598,285.3671545338108,154
7D,J31C,45.551899,-129.672394,7D,J53C,47.164299,-127.922302,224.0021979901209,269
7D,J31C,45.551899,-129.672394,7D,J36C,45.686501,-127.125198,198.65788399505433,280
7D,J31C,45.551899,-129.672394,PB,B934,39.844501,-123.691399,800.5367830364927,282
7D,J31C,45.551899,-129.672394,US,HAWA,46.3925,-119.5327,788.6097075460235,282
XA,SA35,-27.018299,29.088301,XA,SA20,-29.0221,26.195299,360.9310404468177,263
XA,SA35,-27.018299,29.088301,XA,SA26,-27.545601,26.1803,293.29805864489566,240
XA,SA35,-27.018299,29.088301,XA,SA76,-20.636091,29.846441,713.8409108025864,245
XK,B04KH,-20.474199,24.513901,XK,B07DX,-20.549,22.749399,183.95208733436144,731
XK,B04KH,-20.474199,24.513901,AF,PKA,-29.67,22.757,1037.6718880323524,193
XK,B04KH,-20.474199,24.513901,AF,KTWE,-12.814,28.209,938.1874113386849,142
XK,B04KH,-20.474199,24.513901,XK,Z04NN,-13.075,30.6276,1048.7104543346757,675
8A,WAND,-24.649982,19.743595,AF,CVNA,-31.482,19.762,759.6889313719255,455
8A,WAND,-24.649982,19.743595,AF,HVD,-30.605,25.497,871.2932589632765,490
8A,WAND,-24.649982,19.743595,8A,OMUT,-18.4093,16.6364,764.6480857830418,241
8A,WAND,-24.649982,19.743595,8A,SOLI,-23.861238,16.039537,385.6043059184818,519
8A,WAND,-24.649982,19.743595,8A,KANO,-19.194901,19.4398,607.3862306004656,519
8A,WAND,-24.649982,19.743595,8A,OTJO,-20.018,15.9799,644.207752373709,342
8A,WAND,-24.649982,19.743595,ZT,WTBG,-24.2119,28.88291,926.362432232628,474
K5,MONG,27.260258,91.156708,IO,EVN,27.958651,86.811653,435.09086532111013,130
K5,MONG,27.260258,91.156708,MM,MDY,22.016199,96.112297,768.4912992284821,133
K5,MONG,27.260258,91.156708,MM,KTN,21.2857,99.589798,1082.0252446737354,133
K5,MONG,27.260258,91.156708,IC,LSA,29.70317,91.12757,271.6547196237786,130
XF,H0650,28.8955,85.3274,IC,LSA,29.70317,91.12757,569.50430985604,252
3H,G44,-1.8313,-93.8518,3H,G23,0.9001,-92.0216,365.5820011404721,431
3H,G44,-1.8313,-93.8518,3H,G06,2.0564,-90.6769,558.0873707065984,428
3H,G44,-1.8313,-93.8518,3H,G01,1.0132,-88.9369,631.380778589587,429
3H,G44,-1.8313,-93.8518,3H,G18,1.5202,-93.2519,378.59152164562784,433
3H,G44,-1.8313,-93.8518,3H,G30,1.2999,-94.808,364.0426502941352,435
3H,G44,-1.8313,-93.8518,8W,CBHM,-0.46906,-91.60975,291.6666949191497,231
NN,DIX,39.8021,-118.083,PB,B934,39.844501,-123.691399,478.9042021125022,1637
NN,DIX,39.8021,-118.083,UO,RSBO,44.043361,-122.267036,584.8347172522928,1643
NN,DIX,39.8021,-118.083,UO,TOMA,42.44142,-122.10751,446.86520097490217,308
NN,DIX,39.8021,-118.083,RE,BRBY3,34.582365,-119.980601,604.2133847499621,1507
NN,DIX,39.8021,-118.083,BC,PIX,31.5629,-113.4599,1006.4298809050357,681
NN,DIX,39.8021,-118.083,US,MVCO,37.19956,-108.49251,882.7710358651669,1626
NN,DIX,39.8021,-118.083,BC,TJX,32.51017,-117.0543,816.0513155688546,716
NN,DIX,39.8021,-118.083,WY,YHR,44.106,-110.0816,815.9713267807666,1034
NN,DIX,39.8021,-118.083,IE,BCYI,44.310799,-113.405197,632.6114845921674,1569
NN,DIX,39.8021,-118.083,US,HAWA,46.3925,-119.5327,742.1754374580722,966
NN,DIX,39.8021,-118.083,MB,HRY,46.711285,-111.831786,919.3780285865412,1642
BL,AQDA,-20.48,-55.700001,BL,CDSB,-18.765471,-52.83926,355.12108009510905,534
M8,AY52,-33.46036,123.00861,S1,AUMAZ,-32.0069,116.0384,671.550565102094,151
M8,AY52,-33.46036,123.00861,S1,AUBUS,-33.6601,115.3828,706.7918864867164,166
YS,PL19,16.711901,-153.407806,YS,NGOK,22.122999,-159.664993,890.0177482915444,100
YS,PL19,16.711901,-153.407806,YS,MRKH,21.108999,-157.270004,635.6128996848414,241
YS,PL19,16.711901,-153.407806,YS,PL08,20.892599,-153.292099,465.03247524240965,362
YS,PL19,16.711901,-153.407806,YS,PL21,17.180099,-154.691299,146.1103655219061,364
ZR,N1317,64.797462,16.955721,ZR,N1306,66.741959,15.73804,223.23431859947507,382
XV,LAHA,-14.9344,50.2911,XV,BITY,-20.060801,47.000099,668.3074253098296,394
XV,LAHA,-14.9344,50.2911,XV,ANTS,-14.8843,47.999298,246.31969634423172,690
XV,LAHA,-14.9344,50.2911,XV,ANLA,-17.7062,49.4599,320.717445043824,685
XV,LAHA,-14.9344,50.2911,AF,SKRH,-22.827,44.733002,1054.2398805452597,250
XV,LAHA,-14.9344,50.2911,XV,DGOS,-12.2825,49.3606,311.5506663850765,612
GT,PLCA,-40.73277,-70.55083,XM,ASB11,-37.8946,-63.8453,657.2896687464349,471
GT,PLCA,-40.73277,-70.55083,C,COCH,-36.131302,-72.788399,547.4690656843482,135
GT,PLCA,-40.73277,-70.55083,3A,L201,-38.507801,-73.145233,332.5164817966514,113
GT,PLCA,-40.73277,-70.55083,1P,PMOR,-50.4904,-73.0428,1102.0065175174634,804
GT,PLCA,-40.73277,-70.55083,C1,LR04,-39.88019,-73.425822,261.5579039905235,3413
GT,PLCA,-40.73277,-70.55083,XM,ASB20,-35.8086,-63.9305,795.670698335672,470
GT,PLCA,-40.73277,-70.55083,XM,ASB04,-35.77723,-69.39981,560.1060451729097,606
GT,PLCA,-40.73277,-70.55083,XY,U72B,-33.978699,-71.812401,759.226047558957,152
GT,PLCA,-40.73277,-70.55083,XM,ASB22,-33.66389,-67.46128,832.1370599625228,629
GT,PLCA,-40.73277,-70.55083,YC,HUER,-32.419113,-65.717194,1019.7953431564982,113
YU,SL02,7.6943,-71.0365,CM,SJC,9.896667,-75.1795,516.9216009035488,590
YU,SL02,7.6943,-71.0365,YU,GJ03,11.7273,-72.5457,477.97037827779434,586
YU,SL02,7.6943,-71.0365,CM,TUM,1.823667,-78.726667,1073.1498068283827,545
YU,SL02,7.6943,-71.0365,VE,BAUV,8.9433,-68.041496,357.58982279390807,585
HT,LKD,38.707199,20.6506,MN,VTS,42.618,23.235,486.3757949845849,188
HT,LKD,38.707199,20.6506,YI,GROG,43.426182,9.89201,1042.2599874277128,111
HT,LKD,38.707199,20.6506,YG,CBP2J,47.367298,18.03178,986.0416122456116,195
HT,LKD,38.707199,20.6506,XS,S040,37.722,24.009001,313.1689705024034,167
ZT,WEST,40.416389,-86.7725,N4,X48A,34.4517,-87.0452,663.6798956943094,325
ZT,WEST,40.416389,-86.7725,N4,Z38B,33.2599,-94.9852,1079.4557288845192,327
ZT,WEST,40.416389,-86.7725,KY,LLKY,36.92159,-88.096558,405.2346110051838,316
ZT,WEST,40.416389,-86.7725,N4,N41A,40.7077,-90.8552,346.37262667949534,327
ZT,WEST,40.416389,-86.7725,GS,DEC08,39.861045,-88.924888,193.10142631700108,327
ZT,WEST,40.416389,-86.7725,N4,P48A,39.4605,-85.4258,156.4578384964138,293
ZT,WEST,40.416389,-86.7725,N4,K43A,42.7044,-88.332,285.5791990915638,327
ZT,WEST,40.416389,-86.7725,US,ECSD,43.7337,-96.6141,891.3568902931775,327
ZT,WEST,40.416389,-86.7725,PE,PAKC,41.37471,-77.932533,750.2856981051783,319
ZT,WEST,40.416389,-86.7725,PE,PSSK,40.642586,-76.164978,896.3171785182593,326
ZT,WEST,40.416389,-86.7725,PE,PN1,40.52588,-79.716735,596.8104634799403,326
XV,ANLA,-17.7062,49.4599,XV,BITY,-20.060801,47.000099,368.119049691691,382
XV,ANLA,-17.7062,49.4599,XV,ANTS,-14.8843,47.999298,350.36178994920505,695
XV,ANLA,-17.7062,49.4599,AF,SKRH,-22.827,44.733002,753.0581231529212,250
XV,ANLA,-17.7062,49.4599,XV,DGOS,-12.2825,49.3606,603.1829761221084,617
XW,AKSU,41.1441,80.109802,II,AAK,42.6375,74.4942,493.48612964566803,413
XW,AKSU,41.1441,80.109802,XW,KSA,41.5425,77.925697,187.63075724711098,356
YC,HEDI,-30.138674,-68.543419,YC,HUER,-32.419113,-65.717194,369.34144381044587,163
7D,J53C,47.164299,-127.922302,7D,J36C,45.686501,-127.125198,175.31128209093856,274
7D,J53C,47.164299,-127.922302,PB,B934,39.844501,-123.691399,882.2140911257356,285
7D,J53C,47.164299,-127.922302,US,HAWA,46.3925,-119.5327,644.2751484856093,285
7D,J53C,47.164299,-127.922302,TD,TD009,52.32058,-116.323372,1009.7444694495143,161
Z1,VABL,-17.2465,-178.955994,YL,A14W,-20.6658,-178.155304,389.4183426493469,200
Z1,VABL,-17.2465,-178.955994,Z1,VAVP,-18.601999,-173.961395,549.4643285829266,230
RV,ASHMA,54.208146,-111.571623,IE,BCYI,44.310799,-113.405197,1108.450384592218,562
RV,ASHMA,54.208146,-111.571623,TD,TD009,52.32058,-116.323372,379.25496539942344,545
RV,ASHMA,54.208146,-111.571623,MB,HRY,46.711285,-111.831786,833.815902244019,561
RV,ASHMA,54.208146,-111.571623,US,DGMT,48.4702,-104.1959,817.3852734315271,499
RV,ASHMA,54.208146,-111.571623,RV,SWHSA,54.899441,-116.751793,342.692770048662,512
XD,URAM,-5.0878,32.083199,XD,KOMO,-3.8422,36.7192,532.2614619577704,241
XK,HOYT,58.826122,-3.239107,XK,NOVR,57.691681,-4.410162,143.53990093196487,422
XK,HOYT,58.826122,-3.239107,YV,NSS,64.530701,11.9673,1018.2988696734164,461
US,HAWA,46.3925,-119.5327,X9,BB240,43.427502,-128.355698,768.4775647554848,376
US,HAWA,46.3925,-119.5327,7D,J36C,45.686501,-127.125198,591.0441067088609,285
US,HAWA,46.3925,-119.5327,7D,G26B,41.9249,-125.177498,670.1370516575766,325
US,HAWA,46.3925,-119.5327,X4,LR13,46.9506,-122.9639,269.03003070554075,306
US,HAWA,46.3925,-119.5327,PB,B934,39.844501,-123.691399,802.2466579387192,5734
US,HAWA,46.3925,-119.5327,NV,BACME,48.314654,-126.058199,535.8032592246176,1764
US,HAWA,46.3925,-119.5327,C8,MWAB,49.7411,-125.3032,567.6026240369116,489
US,HAWA,46.3925,-119.5327,UO,RSBO,44.043361,-122.267036,337.74497272234737,2336
US,HAWA,46.3925,-119.5327,XE,SNP22,37.010502,-119.360199,1043.3295694955436,288
US,HAWA,46.3925,-119.5327,XK,UT65,38.584999,-112.425003,1044.6563410740325,503
US,HAWA,46.3925,-119.5327,XQ,ME62,39.534,-121.918999,786.8586546928236,538
US,HAWA,46.3925,-119.5327,XE,SNPG9,40.345299,-120.6017,677.9295491807586,402
US,HAWA,46.3925,-119.5327,XC,OR100,42.770699,-119.013199,404.81996369858166,445
US,HAWA,46.3925,-119.5327,IE,IRCI,43.515301,-112.033302,670.8695695033297,1451
US,HAWA,46.3925,-119.5327,WY,YHR,44.106,-110.0816,781.747057439693,2609
US,HAWA,46.3925,-119.5327,IE,BCYI,44.310799,-113.405197,531.634990126354,6057
US,HAWA,46.3925,-119.5327,TD,TD009,52.32058,-116.323372,698.7745734420827,3825
US,HAWA,46.3925,-119.5327,X7,WA33,46.507801,-117.348701,167.80512490212328,639
US,HAWA,46.3925,-119.5327,MB,HRY,46.711285,-111.831786,589.7070343647849,8022
US,HAWA,46.3925,-119.5327,XL,MG06,55.87212,-120.041481,1054.6771049264144,469
US,HAWA,46.3925,-119.5327,RV,SWHSA,54.899441,-116.751793,965.8368025227466,3009
N4,V51A,35.803299,-84.351097,N4,X48A,34.4517,-87.0452,287.4149489534351,1459
N4,V51A,35.803299,-84.351097,N4,Z38B,33.2599,-94.9852,1013.731648028525,1459
N4,V51A,35.803299,-84.351097,KY,LLKY,36.92159,-88.096558,357.6588578604796,1427
N4,V51A,35.803299,-84.351097,XO,SOKY,37.5256,-85.961899,239.40448675002466,586
N4,V51A,35.803299,-84.351097,N4,R40B,38.2909,-92.2684,754.8119618766613,1456
N4,V51A,35.803299,-84.351097,N4,N41A,40.7077,-90.8552,786.9142862887426,1459
N4,V51A,35.803299,-84.351097,GS,DEC08,39.861045,-88.924888,603.9132886098334,1435
N4,V51A,35.803299,-84.351097,N4,P48A,39.4605,-85.4258,417.519628129865,1406
N4,V51A,35.803299,-84.351097,N4,P51A,39.4818,-83.060097,424.51727688357516,1193
N4,V51A,35.803299,-84.351097,N4,K43A,42.7044,-88.332,840.1789709440412,1459
N4,V51A,35.803299,-84.351097,N4,R53A,38.3307,-81.952202,352.5065133293017,1185
N4,V51A,35.803299,-84.351097,PE,PAKC,41.37471,-77.932533,833.1693965906828,667
N4,V51A,35.803299,-84.351097,PE,PSSK,40.642586,-76.164978,894.2759277010454,647
N4,V51A,35.803299,-84.351097,ZN,DC34,38.8634,-76.985199,734.4456487377988,145
N4,V51A,35.803299,-84.351097,YO,X09,32.516899,-74.3536,989.1836010407568,359
N4,V51A,35.803299,-84.351097,YO,X03,35.893299,-72.719002,1047.8459317884021,360
XP,DIHI,-79.849022,159.480042,XP,N100,-81.652496,122.610001,675.3210313351517,146
XP,DIHI,-79.849022,159.480042,XP,N028,-78.029579,153.650864,237.2295872772332,187
XP,DIHI,-79.849022,159.480042,XP,E006,-77.370201,161.625702,279.5843527035252,149
XT,ABPC,9.4608,-64.820702,VE,BAUV,8.9433,-68.041496,358.17751398431824,223
XT,ABPC,9.4608,-64.820702,XT,MHTO,13.9497,-66.490997,531.2254260087908,212
XT,ABPC,9.4608,-64.820702,VE,CAIV,7.3262,-66.321602,289.1273992873962,223
XT,ABPC,9.4608,-64.820702,XT,MIPC,10.9455,-64.294403,174.84933091968233,99
N4,237B,32.001499,-95.808403,N4,X48A,34.4517,-87.0452,859.0824561104965,1854
N4,237B,32.001499,-95.808403,N4,Z38B,33.2599,-94.9852,159.7557600709135,1842
N4,237B,32.001499,-95.808403,TX,DKNS,33.66653,-100.92365,512.4526878032952,720
N4,237B,32.001499,-95.808403,TX,BRDY,31.285872,-98.999447,312.3657464796733,708
N4,237B,32.001499,-95.808403,N4,ABTX,32.6238,-99.6431,366.9294896205688,203
N4,237B,32.001499,-95.808403,KY,LLKY,36.92159,-88.096558,893.428818193906,1789
N4,237B,32.001499,-95.808403,XO,SOKY,37.5256,-85.961899,1088.1873946613152,618
N4,237B,32.001499,-95.808403,N4,R40B,38.2909,-92.2684,769.6877441605811,1819
N4,237B,32.001499,-95.808403,N4,N41A,40.7077,-90.8552,1064.3821499285298,1854
N4,237B,32.001499,-95.808403,GS,KS24,39.78655,-98.20952,892.1661538444541,129
N4,237B,32.001499,-95.808403,GS,DEC08,39.861045,-88.924888,1070.5980408004004,1830
YP,NE57,44.122898,123.258499,YP,NE81,46.069698,116.634697,562.9699182618172,702
YP,NE57,44.122898,123.258499,YP,NEP7,48.1744,118.1474,598.0416818605275,317
YP,NE57,44.122898,123.258499,YP,NE66,45.004101,120.704201,224.8208385026879,686
YP,NE57,44.122898,123.258499,YP,NEAD,47.581402,133.5802,886.1350226931829,594
YP,NE57,44.122898,123.258499,YP,NE5D,44.107601,129.6008,506.1930081874168,465
YP,NE57,44.122898,123.258499,YP,NE9B,46.946201,129.7948,597.8227435972304,694
YS,PARW,-18.201099,-69.2677,XP,PLTP,-22.0413,-66.786499,499.41326497698645,232
YS,PARW,-18.201099,-69.2677,TO,PG01,-15.3626,-75.160202,702.1464596161994,266
YS,PARW,-18.201099,-69.2677,ZD,FS07,-13.46172,-71.9198,598.4649083364442,259
YS,PARW,-18.201099,-69.2677,ZD,FM06,-13.3499,-74.462502,774.4297696962815,220
YS,PARW,-18.201099,-69.2677,TO,PE03,-17.1644,-71.789101,290.9269125534914,266
YS,PARW,-18.201099,-69.2677,ZG,CB14,-17.249399,-65.900902,371.9602461047384,265
XW,MUKA,14.48724,49.037788,XW,DAMT,14.08737,44.68227,471.42610806952496,209
XW,MUKA,14.48724,49.037788,II,RAYN,23.5225,45.5032,1071.014548423149,189
XW,MUKA,14.48724,49.037788,XW,TAMU,17.294781,49.928551,326.39260506765964,209
ZM,P080,-82.805397,77.363998,ZM,N173,-81.112198,77.473602,188.28303218931367,417
ZM,P080,-82.805397,77.363998,ZM,GM03,-80.216904,85.943901,319.6646766201613,347
ZM,P080,-82.805397,77.363998,ZM,N140,-82.008598,96.769203,296.91804497691504,631
YT,MECK,-75.2808,-72.185,YT,MA07,-78.2496,-93.4991,629.7476618071896,704
YT,MECK,-75.2808,-72.185,YT,MA09,-79.8993,-104.9977,917.7258153727996,717
YT,MECK,-75.2808,-72.185,YT,ST02,-82.069,-109.1247,1069.1326731714641,272
YT,MECK,-75.2808,-72.185,YT,STEW,-84.1863,-86.2349,1021.4469424972152,1710
YT,MECK,-75.2808,-72.185,YT,UPTW,-77.5781,-109.0374,976.5629853851133,2593
XI,SC04,49.624001,-89.675003,US,DGMT,48.4702,-104.1959,1064.3574007911996,813
XI,SC04,49.624001,-89.675003,US,ECSD,43.7337,-96.6141,841.4101070111637,816
XI,SC04,49.624001,-89.675003,PO,ACTO,43.6087,-80.062401,991.7635227505208,806
N4,N41A,40.7077,-90.8552,N4,X48A,34.4517,-87.0452,772.2110305238672,4546
N4,N41A,40.7077,-90.8552,N4,Z38B,33.2599,-94.9852,905.4749897851254,4487
N4,N41A,40.7077,-90.8552,ZZ,FWU17,36.2869,-101.0,1009.5370651367306,387
N4,N41A,40.7077,-90.8552,KY,LLKY,36.92159,-88.096558,484.0443814194388,4285
N4,N41A,40.7077,-90.8552,XO,SOKY,37.5256,-85.961899,550.666826842253,708
N4,N41A,40.7077,-90.8552,N4,R40B,38.2909,-92.2684,294.8135510559213,4089
N4,N41A,40.7077,-90.8552,GS,KS24,39.78655,-98.20952,632.3215621271344,129
N4,N41A,40.7077,-90.8552,GS,DEC08,39.861045,-88.924888,188.86653958120155,4355
N4,N41A,40.7077,-90.8552,N4,P48A,39.4605,-85.4258,482.18199866934435,4364
N4,N41A,40.7077,-90.8552,N4,P51A,39.4818,-83.060097,676.687568240069,1396
N4,N41A,40.7077,-90.8552,N4,K43A,42.7044,-88.332,305.2060760155492,4570
N4,N41A,40.7077,-90.8552,US,ECSD,43.7337,-96.6141,581.2407289901092,4589
N4,N41A,40.7077,-90.8552,N4,R53A,38.3307,-81.952202,807.6680646137831,1187
N4,N41A,40.7077,-90.8552,OH,CROH,41.293858,-82.152496,732.9131553809702,781
N4,N41A,40.7077,-90.8552,PE,PAKC,41.37471,-77.932533,1085.316063738824,3636
N4,N41A,40.7077,-90.8552,PE,PN1,40.52588,-79.716735,939.7411425510635,2128
8A,KANO,-19.194901,19.4398,8A,OMUT,-18.4093,16.6364,307.7422391497664,872
8A,KANO,-19.194901,19.4398,8A,SOLI,-23.861238,16.039537,626.7606016977993,527
8A,KANO,-19.194901,19.4398,8A,OTJO,-20.018,15.9799,373.78541372791534,972
8A,KANO,-19.194901,19.4398,8A,WEWE,-21.209,16.809099,354.2723397769674,697
XW,LIRA,2.1096,33.064301,XW,AMDT,1.9487,34.935799,208.73895471717503,584
XL,HD09,45.413898,100.5718,XL,HD21,47.967701,101.433296,291.46799307894884,392
XL,HD09,45.413898,100.5718,XL,HD41,48.242298,99.400002,326.88390461316607,644
XL,HD09,45.413898,100.5718,XL,HD48,46.209202,97.608299,246.10372996843287,581
XL,HD09,45.413898,100.5718,XL,HD73,49.4953,101.357101,457.64924780677893,642
X4,LR13,46.9506,-122.9639,PB,B934,39.844501,-123.691399,792.3360917131557,306
X4,LR13,46.9506,-122.9639,C8,MWAB,49.7411,-125.3032,355.1588764274698,90
X4,LR13,46.9506,-122.9639,WY,YHR,44.106,-110.0816,1050.7475564701379,271
X4,LR13,46.9506,-122.9639,IE,BCYI,44.310799,-113.405197,798.4518055207936,226
X4,LR13,46.9506,-122.9639,TD,TD009,52.32058,-116.323372,764.3482021689523,306
X4,LR13,46.9506,-122.9639,X7,WA33,46.507801,-117.348701,430.7093797534448,295
X4,LR13,46.9506,-122.9639,MB,HRY,46.711285,-111.831786,846.5758187169256,306
X4,LR13,46.9506,-122.9639,RV,SWHSA,54.899441,-116.751793,984.3825350219892,214
YT,STEW,-84.1863,-86.2349,YT,SURP,-84.7199,-171.2017,833.5720336265421,1346
YT,STEW,-84.1863,-86.2349,YT,MA07,-78.2496,-93.4991,670.2532847720455,657
YT,STEW,-84.1863,-86.2349,YT,SILY,-77.1332,-125.966,1019.5179931833085,3398
YT,STEW,-84.1863,-86.2349,YT,MA09,-79.8993,-104.9977,551.323872334075,670
YT,STEW,-84.1863,-86.2349,YT,UPTW,-77.5781,-109.0374,823.7220552362875,3412
BX,XAUDM,-18.53956,21.338223,AF,RUDU,-17.909599,19.764799,180.33947012619512,444
BX,XAUDM,-18.53956,21.338223,BX,LKGWB,-24.11351,21.782303,621.4983915426292,544
BX,XAUDM,-18.53956,21.338223,Z1,Z21G,-14.29531,26.53437,727.8065649980385,110
BX,XAUDM,-18.53956,21.338223,ZT,WTBG,-24.2119,28.88291,1003.6388486344741,296
N4,ABTX,32.6238,-99.6431,US,MVCO,37.19956,-108.49251,953.2724100274327,2770
N4,ABTX,32.6238,-99.6431,N4,Z38B,33.2599,-94.9852,440.34076734223385,2790
N4,ABTX,32.6238,-99.6431,ZZ,FWU17,36.2869,-101.0,425.8799364626896,387
N4,ABTX,32.6238,-99.6431,TX,DKNS,33.66653,-100.92365,166.30222334047318,2610
N4,ABTX,32.6238,-99.6431,TX,BRDY,31.285872,-98.999447,160.68613606440633,2790
N4,ABTX,32.6238,-99.6431,N4,R40B,38.2909,-92.2684,917.6766732967227,2473
PO,LATQ,47.3835,-72.7819,PO,MEDO,43.1646,-78.454597,645.4982051757556,540
PO,LATQ,47.3835,-72.7819,PE,PAKC,41.37471,-77.932533,783.1554889802127,791
PO,LATQ,47.3835,-72.7819,PO,ACTO,43.6087,-80.062401,705.3355093789891,539
PO,LATQ,47.3835,-72.7819,PE,PSSK,40.642586,-76.164978,796.6787211618296,771
PO,LATQ,47.3835,-72.7819,YM,MHCG,44.2571,-75.7522,416.8627219950186,632
PO,LATQ,47.3835,-72.7819,ZN,DC34,38.8634,-76.985199,1006.5406643213217,145
PO,LATQ,47.3835,-72.7819,ZS,W05,39.379101,-71.982002,892.380256541315,123
PO,LATQ,47.3835,-72.7819,X8,QM38,47.675201,-70.853104,148.39829724855244,730
PO,LATQ,47.3835,-72.7819,N4,G65A,45.2002,-67.5632,468.5908799324849,1030
CH,FUORN,46.620334,10.263551,YD,MMNN,39.8909,15.9904,879.7884870075795,293
CH,FUORN,46.620334,10.263551,YD,OBS14,39.169399,14.4694,896.2096008592172,110
CH,FUORN,46.620334,10.263551,MN,CLTB,37.578,13.216,1034.3412218576473,3884
CH,FUORN,46.620334,10.263551,TT,TAMR,37.046902,9.1091,1068.7727363251859,587
CH,FUORN,46.620334,10.263551,AC,VLO,40.468601,19.495501,1009.4698472854865,3246
CH,FUORN,46.620334,10.263551,YI,GROG,43.426182,9.89201,356.37113611098295,262
CH,FUORN,46.620334,10.263551,YD,3B13,43.635109,21.70591,955.9881123203415,553
CH,FUORN,46.620334,10.263551,MN,BNI,45.052,6.678,327.93101032967337,5610
CH,FUORN,46.620334,10.263551,YD,6C04,46.661442,19.74328,723.2892026731223,678
CH,FUORN,46.620334,10.263551,YG,CBP2J,47.367298,18.03178,594.7390669780364,248
CH,FUORN,46.620334,10.263551,XM,A106,48.146099,13.5743,301.47983269811624,283
CH,FUORN,46.620334,10.263551,PL,NIE,49.4189,20.313101,808.822072670806,4940
CH,FUORN,46.620334,10.263551,CZ,TREC,49.2948,15.4871,489.44090720461946,988
CH,FUORN,46.620334,10.263551,UK,STED,50.737,-1.9645,1006.0489507139707,2244
CH,FUORN,46.620334,10.263551,ZU,PA69,53.238701,19.841999,1004.1352674385992,142
CH,FUORN,46.620334,10.263551,YD,3F11,45.865082,23.72257,1037.169140523438,587
ZI,MB19,29.741051,-7.979389,ZI,MB16,29.7026,-9.5269,149.49784009868475,443
ZI,MB19,29.741051,-7.979389,XB,PM18,34.150002,-4.8195,573.7081409026498,243
ZI,MB19,29.741051,-7.979389,XB,PS57,37.011501,-2.9864,931.5685287488398,212
PO,ACTO,43.6087,-80.062401,KY,LLKY,36.92159,-88.096558,1007.7784966551187,1376
PO,ACTO,43.6087,-80.062401,XO,LE17,37.9874,-89.1763,988.5358712788952,408
PO,ACTO,43.6087,-80.062401,PO,MEDO,43.1646,-78.454597,138.99055160408193,1370
PO,ACTO,43.6087,-80.062401,ZS,W05,39.379101,-71.982002,820.4287345272713,123
PO,ACTO,43.6087,-80.062401,X8,QM38,47.675201,-70.853104,845.9174741213308,108
XF,H1415,32.307899,84.218903,IC,LSA,29.70317,91.12757,719.1268321008903,107
XF,H1415,32.307899,84.218903,XE,ES03,30.752544,92.85878,836.6804185460633,125
XF,H1415,32.307899,84.218903,XE,ES19,30.813387,95.711105,1100.908973141911,124
XB,PS57,37.011501,-2.9864,ZI,MB16,29.7026,-9.5269,1014.0212725819715,510
XB,PS57,37.011501,-2.9864,XB,PM18,34.150002,-4.8195,358.7585614153149,770
XB,PS57,37.011501,-2.9864,TT,TAMR,37.046902,9.1091,1073.0023885439916,290
AF,SKRH,-22.827,44.733002,XV,BITY,-20.060801,47.000099,386.84521703262544,250
AF,SKRH,-22.827,44.733002,XV,ANTS,-14.8843,47.999298,947.5745945044652,250
TM,PHRA,18.4989,100.229,TM,NONG,18.063498,103.1458,311.74233909394115,1824
TM,PHRA,18.4989,100.229,TM,CRAI,20.2289,100.3734,192.96294243977118,2280
TM,PHRA,18.4989,100.229,MM,MDY,22.016199,96.112297,580.770388831235,361
TM,PHRA,18.4989,100.229,MM,KTN,21.2857,99.589798,317.0021706495829,1390
TM,PHRA,18.4989,100.229,XR,BA07,24.1371,91.4975,1099.9745762126984,659
TM,PHRA,18.4989,100.229,XR,MS05,22.585486,94.508708,749.0018985087253,102
JP,JNU,33.125,130.876694,JP,JWT,35.285671,135.398666,480.18177972618366,4272
JP,JNU,33.125,130.876694,JP,JMN,33.731499,133.876328,286.4088531281002,4271
JP,JNU,33.125,130.876694,1U,SHRD,41.945759,128.791214,997.8204335708593,712
GS,OK006,35.477982,-97.278709,US,MVCO,37.19956,-108.49251,1021.8556791766271,205
GS,OK006,35.477982,-97.278709,KY,LLKY,36.92159,-88.096558,839.0501425972859,204
GS,OK006,35.477982,-97.278709,US,ECSD,43.7337,-96.6141,919.7499116702448,205
YM,MHCG,44.2571,-75.7522,N4,P48A,39.4605,-85.4258,961.4253804956035,986
YM,MHCG,44.2571,-75.7522,N4,P51A,39.4818,-83.060097,804.4713991929136,709
YM,MHCG,44.2571,-75.7522,N4,K43A,42.7044,-88.332,1028.4983262439093,986
YM,MHCG,44.2571,-75.7522,N4,R53A,38.3307,-81.952202,837.6492219237535,518
YM,MHCG,44.2571,-75.7522,PE,PAKC,41.37471,-77.932533,366.506575977879,984
YM,MHCG,44.2571,-75.7522,PE,PSSK,40.642586,-76.164978,403.33890201140076,984
YM,MHCG,44.2571,-75.7522,7O,ABNH,43.4819,-71.2471,371.2323036940715,194
YM,MHCG,44.2571,-75.7522,N4,G65A,45.2002,-67.5632,655.06375477214,986
OZ,MRAT,-34.62973,137.6256,S1,AUAPY,-26.2844,132.1353,1066.300526580377,273
OZ,MRAT,-34.62973,137.6256,S1,AUCAS,-34.2637,135.7219,179.24299874877687,435
OZ,MRAT,-34.62973,137.6256,OZ,HKER,-31.7642,138.55251,330.0935454380056,436
OZ,MRAT,-34.62973,137.6256,OZ,ROWM,-37.80614,144.29176,694.2593889314339,436
OZ,MRAT,-34.62973,137.6256,OZ,MARG,-41.99952,145.55162,1071.2387374002376,436
OZ,MRAT,-34.62973,137.6256,OZ,DTMM,-36.52813,147.46539,914.1104264288529,436
AF,PKA,-29.67,22.757,AF,CVNA,-31.482,19.762,350.4108459606019,1034
AF,PKA,-29.67,22.757,AF,HVD,-30.605,25.497,283.2481577026874,952
AF,PKA,-29.67,22.757,XK,B07DX,-20.549,22.749399,1014.2106145526596,184
AF,PKA,-29.67,22.757,ZQ,AAM2,-26.473,27.490999,584.7883591923033,332
XL,HD21,47.967701,101.433296,XL,HD41,48.242298,99.400002,154.02879637216012,390
XL,HD21,47.967701,101.433296,XL,HD48,46.209202,97.608299,349.35557185017177,327
XL,HD21,47.967701,101.433296,XL,HD73,49.4953,101.357101,169.9533693334059,388
ZP,MGOR,-6.8279,37.669601,ZP,PNDA,-6.3519,31.0613,731.8645867893531,457
ZP,MGOR,-6.8279,37.669601,ZP,LAEL,-8.566,32.059101,647.7159236114925,404
1A,NE26,42.306,121.470001,Z8,320,36.0107,112.366096,1050.6098064434113,230
1A,NE26,42.306,121.470001,1A,NE48,44.651001,118.269997,366.8998481097835,327
1A,NE26,42.306,121.470001,XG,SQUAN,40.473,122.138702,211.31454490733748,174
IE,IRCI,43.515301,-112.033302,PB,B934,39.844501,-123.691399,1049.5124771186725,615
IE,IRCI,43.515301,-112.033302,US,MVCO,37.19956,-108.49251,763.4842677018436,1334
IE,IRCI,43.515301,-112.033302,XQ,ME62,39.534,-121.918999,933.6003257452556,344
IE,IRCI,43.515301,-112.033302,XE,SNPG9,40.345299,-120.6017,791.0828431405187,372
IE,IRCI,43.515301,-112.033302,XC,OR100,42.770699,-119.013199,572.1469508634237,221
IE,IRCI,43.515301,-112.033302,IE,BCYI,44.310799,-113.405197,141.06793768760681,1231
IE,IRCI,43.515301,-112.033302,MB,HRY,46.711285,-111.831786,355.72897526597967,1436
IE,IRCI,43.515301,-112.033302,US,DGMT,48.4702,-104.1959,817.8512335765556,1215
IE,IRCI,43.515301,-112.033302,XR,FA24,46.531807,-101.240036,911.2479578702046,104
XM,A106,48.146099,13.5743,MN,VTS,42.618,23.235,971.9302447022305,313
XM,A106,48.146099,13.5743,YI,GROG,43.426182,9.89201,597.2998531552034,237
XM,A106,48.146099,13.5743,MN,BNI,45.052,6.678,628.8986762633813,312
ZP,MPIK,-11.821,31.4517,ZP,KAMZ,-14.7948,24.804399,791.5607579620398,114
ZP,MPIK,-11.821,31.4517,AF,KTWE,-12.814,28.209,369.1644757222757,305
ZP,MPIK,-11.821,31.4517,ZP,MKUS,-13.6035,29.379101,299.7023535296387,111
ZP,MPIK,-11.821,31.4517,ZP,ISOK,-10.1708,32.645699,225.0655380871394,310
XR,FA14,41.544838,-94.264229,XR,FA24,46.531807,-101.240036,785.811441887895,157
YL,A14W,-20.6658,-178.155304,Z1,VAVP,-18.601999,-173.961395,495.52613101647546,325
VE,CAIV,7.3262,-66.321602,VE,BAUV,8.9433,-68.041496,261.0980598940117,664
VE,CAIV,7.3262,-66.321602,XT,MHTO,13.9497,-66.490997,736.7329450609279,294
VE,CAIV,7.3262,-66.321602,XT,MIPC,10.9455,-64.294403,459.8669015182036,186
3H,G23,0.9001,-92.0216,3H,G06,2.0564,-90.6769,197.16310961089678,440
3H,G23,0.9001,-92.0216,3H,G01,1.0132,-88.9369,343.1860928242608,441
3H,G23,0.9001,-92.0216,3H,G18,1.5202,-93.2519,153.1698467413331,443
3H,G23,0.9001,-92.0216,3H,G30,1.2999,-94.808,312.9498869616565,443
3H,G23,0.9001,-92.0216,8W,CBHM,-0.46906,-91.60975,158.98209898486195,223
XO,WD69,53.782065,-160.34289,XO,WD58,53.906227,-155.035345,348.3844493983358,412
XO,WD69,53.782065,-160.34289,XO,WD72,56.257748,-151.81063,609.033646548796,400
XO,WD69,53.782065,-160.34289,XO,ET20,58.1304,-154.9716,587.4698170741018,389
JP,JWT,35.285671,135.398666,JP,JEW,42.84267,141.446167,988.6538800638925,4272
JP,JWT,35.285671,135.398666,JP,JMN,33.731499,133.876328,222.08085202202906,4272
JP,JWT,35.285671,135.398666,1U,SHRD,41.945759,128.791214,936.3622241702559,348
KO,DKL,39.0713,26.9053,HT,AGG,39.021099,22.336,394.59516606267437,3452
KO,DKL,39.0713,26.9053,AC,VLO,40.468601,19.495501,651.8496122837103,3192
KO,DKL,39.0713,26.9053,MN,VTS,42.618,23.235,500.73706636550247,1486
KO,DKL,39.0713,26.9053,GF,TEPE,41.056,28.5147,259.72224266238345,2105
KO,DKL,39.0713,26.9053,KO,ELL,36.7483,29.9085,368.9268450668979,4317
KO,DKL,39.0713,26.9053,YB,AT19,39.735199,33.5811,578.1775430892432,499
KO,DKL,39.0713,26.9053,3K,NIKI,35.06884,32.992168,699.4973331142245,688
KO,DKL,39.0713,26.9053,IM,CY301,33.30031,33.05407,845.8892440327978,204
KO,DKL,39.0713,26.9053,YB,AT63,36.712502,33.472,632.912447752649,505
KO,DKL,39.0713,26.9053,YB,SM05,38.70424,37.21084,892.4167350073307,233
KO,DKL,39.0713,26.9053,YB,AT56,36.7019,35.546902,802.4334213545806,316
XV,DGOS,-12.2825,49.3606,XV,BITY,-20.060801,47.000099,900.8294983677365,309
XV,DGOS,-12.2825,49.3606,XV,ANTS,-14.8843,47.999298,324.5664179833647,621
3H,G30,1.2999,-94.808,3H,G06,2.0564,-90.6769,466.7993930798993,442
3H,G30,1.2999,-94.808,3H,G01,1.0132,-88.9369,653.4817150401155,443
3H,G30,1.2999,-94.808,3H,G18,1.5202,-93.2519,174.70406680604793,451
3H,G30,1.2999,-94.808,8W,CBHM,-0.46906,-91.60975,406.38222486838407,227
RE,BRBY3,34.582365,-119.980601,PB,B934,39.844501,-123.691399,670.918414544056,1499
RE,BRBY3,34.582365,-119.980601,UO,RSBO,44.043361,-122.267036,1070.1232497148956,1505
RE,BRBY3,34.582365,-119.980601,UO,TOMA,42.44142,-122.10751,893.1795001266652,307
RE,BRBY3,34.582365,-119.980601,BC,PIX,31.5629,-113.4599,693.963211590543,561
RE,BRBY3,34.582365,-119.980601,US,MVCO,37.19956,-108.49251,1074.2233510693086,1490
RE,BRBY3,34.582365,-119.980601,BC,TJX,32.51017,-117.0543,355.8295836075688,596
MH,P0010,-14.043483,-165.862533,3J,OBS23,-15.39963,-171.86155,662.5156561009463,148
MH,P0010,-14.043483,-165.862533,3J,OBS01,-13.155,-171.40391,606.9731347407353,151
MH,P0010,-14.043483,-165.862533,3J,OBS13,-16.1503,-174.71751,978.9611168418562,149
MH,P0010,-14.043483,-165.862533,3J,OBS11,-14.79489,-175.24356,1013.6360793115927,149
MH,P0010,-14.043483,-165.862533,3J,OBS28,-13.46713,-168.51582,293.64686705082676,146
YA,MC17,26.4706,101.743698,YA,MC10,28.976101,103.870499,348.4648117413435,281
YA,MC17,26.4706,101.743698,YA,MC12,27.662901,102.208397,140.33524107235004,212
YA,MC17,26.4706,101.743698,IC,LSA,29.70317,91.12757,1101.17351236467,305
YA,MC17,26.4706,101.743698,XE,ES28,29.720207,98.426933,486.1684968632622,215
YA,MC17,26.4706,101.743698,YA,MC05,29.9921,100.220703,419.02078142805414,302
YA,MC17,26.4706,101.743698,XE,ES03,30.752544,92.85878,988.9025040528355,157
YA,MC17,26.4706,101.743698,XE,ES19,30.813387,95.711105,761.1709982138065,295
XJ,SNOW,56.8922,-132.3526,7C,MM26,63.081,-130.1928,698.4690858095362,210
XJ,SNOW,56.8922,-132.3526,NY,MAYO,63.59581,-135.89209,770.2833132433065,307
XJ,SNOW,56.8922,-132.3526,C8,MWAB,49.7411,-125.3032,921.718870452917,153
XJ,SNOW,56.8922,-132.3526,RV,SWHSA,54.899441,-116.751793,995.2120627181067,307
XJ,SNOW,56.8922,-132.3526,PQ,NBC3,59.63716,-120.66875,747.1238062492658,143
XG,SQUAN,40.473,122.138702,Z8,320,36.0107,112.366096,986.3486196400573,312
XG,SQUAN,40.473,122.138702,1A,NE48,44.651001,118.269997,562.1799868154257,174
BL,NAVB,-21.433599,-54.1842,BL,IBIB,-21.777201,-48.8139,556.4805359856182,103
BL,NAVB,-21.433599,-54.1842,BL,AGVB,-19.7393,-50.233101,452.35527896511263,93
N4,R53A,38.3307,-81.952202,N4,X48A,34.4517,-87.0452,627.381783050189,1187
N4,R53A,38.3307,-81.952202,KY,LLKY,36.92159,-88.096558,563.218599903408,1175
N4,R53A,38.3307,-81.952202,XO,SOKY,37.5256,-85.961899,362.86654607477305,312
N4,R53A,38.3307,-81.952202,N4,R40B,38.2909,-92.2684,899.6338801915862,1187
N4,R53A,38.3307,-81.952202,GS,DEC08,39.861045,-88.924888,625.1311572394552,1163
N4,R53A,38.3307,-81.952202,N4,P48A,39.4605,-85.4258,325.7773592734272,1187
N4,R53A,38.3307,-81.952202,N4,P51A,39.4818,-83.060097,159.91330754010977,1187
N4,R53A,38.3307,-81.952202,N4,K43A,42.7044,-88.332,725.7956486035507,1187
N4,R53A,38.3307,-81.952202,PE,PAKC,41.37471,-77.932533,481.8752450309427,669
N4,R53A,38.3307,-81.952202,PE,PSSK,40.642586,-76.164978,559.065419979814,649
N4,R53A,38.3307,-81.952202,ZN,DC34,38.8634,-76.985199,435.6449791218253,145
N4,R53A,38.3307,-81.952202,YO,X09,32.516899,-74.3536,943.7796147827532,116
N4,R53A,38.3307,-81.952202,YO,X03,35.893299,-72.719002,861.9659695139117,119
S1,AUBUS,-33.6601,115.3828,S1,AUMAZ,-32.0069,116.0384,193.76288044807796,2855
S1,AUBUS,-33.6601,115.3828,IM,I04H3,-34.607571,116.351547,138.01819076421242,1398
XP,E006,-77.370201,161.625702,XP,N100,-81.652496,122.610001,895.9166283333227,230
XP,E006,-77.370201,161.625702,XP,N028,-78.029579,153.650864,202.44065659612178,152
XN,A06,60.631199,-123.493202,XN,A16,61.576599,-117.147697,356.6269706330762,409
1A,NE48,44.651001,118.269997,Z8,320,36.0107,112.366096,1082.5495180697737,233
XM,ANB09,-25.4413,-66.2624,XM,ASB22,-33.66389,-67.46128,921.6118077881939,348
XM,ANB09,-25.4413,-66.2624,C1,AC02,-26.835517,-69.129067,325.4410879207841,91
XM,ANB09,-25.4413,-66.2624,XM,ANB10,-25.0271,-64.5865,174.74584433251795,348
XM,ANB09,-25.4413,-66.2624,XM,CB22,-24.00541,-68.52551,278.8114197116037,298
YB,AT19,39.735199,33.5811,HT,AGG,39.021099,22.336,969.1422728098144,667
YB,AT19,39.735199,33.5811,MN,VTS,42.618,23.235,922.5812025458777,615
YB,AT19,39.735199,33.5811,KO,ELL,36.7483,29.9085,461.6312463518933,711
YB,AT19,39.735199,33.5811,YB,AT63,36.712502,33.472,336.2440364946642,720
YB,AT19,39.735199,33.5811,KO,KARS,40.6152,43.0937,813.697203901567,608
YB,AT19,39.735199,33.5811,YB,AT56,36.7019,35.546902,378.4641978820409,537
ZP,MKUS,-13.6035,29.379101,AF,KTWE,-12.814,28.209,154.11393073871892,120
ZP,MKUS,-13.6035,29.379101,ZP,ISOK,-10.1708,32.645699,521.5245811252439,122
XI,AFIF,23.931,43.040001,II,RAYN,23.5225,45.5032,254.82170441659042,116
ZG,CB14,-17.249399,-65.900902,XP,PLTP,-22.0413,-66.786499,540.8402146104297,309
ZG,CB14,-17.249399,-65.900902,YS,OLC5,-21.009501,-68.352997,491.05839726565404,110
ZG,CB14,-17.249399,-65.900902,TO,PG01,-15.3626,-75.160202,1010.0627792900051,376
ZG,CB14,-17.249399,-65.900902,ZD,FS07,-13.46172,-71.9198,770.5109146306937,493
ZG,CB14,-17.249399,-65.900902,ZD,FM06,-13.3499,-74.462502,1015.2441731497684,282
ZG,CB14,-17.249399,-65.900902,TO,PE03,-17.1644,-71.789101,625.4816824815732,499
US,ECSD,43.7337,-96.6141,WY,YHR,44.106,-110.0816,1078.2696848904563,3070
US,ECSD,43.7337,-96.6141,US,DGMT,48.4702,-104.1959,786.136522942458,6334
US,ECSD,43.7337,-96.6141,ZZ,FWU17,36.2869,-101.0,908.0482376847724,387
US,ECSD,43.7337,-96.6141,KY,LLKY,36.92159,-88.096558,1045.3482271723242,6778
US,ECSD,43.7337,-96.6141,XO,MG05,37.482498,-90.870102,847.02766733764,714
US,ECSD,43.7337,-96.6141,XO,LE17,37.9874,-89.1763,893.4310008082596,411
US,ECSD,43.7337,-96.6141,N4,R40B,38.2909,-92.2684,706.3128011702127,4089
US,ECSD,43.7337,-96.6141,GS,KS24,39.78655,-98.20952,458.3929961486776,129
US,ECSD,43.7337,-96.6141,GS,DEC08,39.861045,-88.924888,768.7187276710674,4355
US,ECSD,43.7337,-96.6141,N4,P48A,39.4605,-85.4258,1043.4515901464115,4364
US,ECSD,43.7337,-96.6141,N4,K43A,42.7044,-88.332,680.505224622423,4570
XI,DHAA,43.344456,128.19812,IU,INCN,37.4776,126.6239,665.8040999162597,145
XE,ES19,30.813387,95.711105,YA,MC10,28.976101,103.870499,812.436873881254,316
XE,ES19,30.813387,95.711105,YA,MC12,27.662901,102.208397,721.0129053907749,227
XE,ES19,30.813387,95.711105,IC,LSA,29.70317,91.12757,457.1704798703088,348
XE,ES19,30.813387,95.711105,XE,ES28,29.720207,98.426933,287.744240094511,258
XE,ES19,30.813387,95.711105,YA,MC05,29.9921,100.220703,441.9923234015203,317
XE,ES19,30.813387,95.711105,XE,ES03,30.752544,92.85878,272.55644567608937,218
XE,ES03,30.752544,92.85878,YA,MC10,28.976101,103.870499,1079.584749116251,178
XE,ES03,30.752544,92.85878,YA,MC12,27.662901,102.208397,969.8811027518227,98
XE,ES03,30.752544,92.85878,IC,LSA,29.70317,91.12757,203.17038252413454,210
XE,ES03,30.752544,92.85878,XE,ES28,29.720207,98.426933,547.0305719959848,111
XE,ES03,30.752544,92.85878,YA,MC05,29.9921,100.220703,711.1719353421452,179
2D,OBS21,34.032799,-122.286301,2D,OBS16,34.011398,-124.638397,216.779601971379,383
2D,OBS21,34.032799,-122.286301,PB,B934,39.844501,-123.691399,658.160450995285,385
2D,OBS21,34.032799,-122.286301,2D,OBS06,32.777,-119.857803,265.1591065693136,380
8A,OMUT,-18.4093,16.6364,8A,SOLI,-23.861238,16.039537,609.3776315057269,249
8A,OMUT,-18.4093,16.6364,8A,OTJO,-20.018,15.9799,191.70096388210644,1008
8A,OMUT,-18.4093,16.6364,8A,WEWE,-21.209,16.809099,311.8365361684523,832
VE,BAUV,8.9433,-68.041496,ZC,HMDR,18.7879,-69.381,1104.153405655674,879
VE,BAUV,8.9433,-68.041496,CM,SJC,9.896667,-75.1795,790.1283141668404,1489
VE,BAUV,8.9433,-68.041496,YU,GJ03,11.7273,-72.5457,581.8480845728741,733
VE,BAUV,8.9433,-68.041496,XT,MHTO,13.9497,-66.490997,581.7506448364818,295
VE,BAUV,8.9433,-68.041496,XT,MIPC,10.9455,-64.294403,466.8752944725942,187
VE,BAUV,8.9433,-68.041496,TR,TOSP,11.2984,-60.535198,862.3197232663481,809
VE,BAUV,8.9433,-68.041496,WI,SLBI,14.023,-60.974,954.825062866232,1928
OZ,ROWM,-37.80614,144.29176,S1,AUCAS,-34.2637,135.7219,864.9263085390506,472
OZ,ROWM,-37.80614,144.29176,OZ,HKER,-31.7642,138.55251,851.6908067413856,436
OZ,ROWM,-37.80614,144.29176,OZ,MARG,-41.99952,145.55162,478.49057518724277,503
OZ,ROWM,-37.80614,144.29176,OZ,DTMM,-36.52813,147.46539,315.0529253633014,503
OZ,ROWM,-37.80614,144.29176,S1,AUUHS,-35.3589,150.4696,614.9010963672049,477
OZ,ROWM,-37.80614,144.29176,YW,MSWL3,-32.3933,150.92683,851.946750870391,244
C8,MWAB,49.7411,-125.3032,PB,B934,39.844501,-123.691399,1107.70660373107,489
C8,MWAB,49.7411,-125.3032,IE,BCYI,44.310799,-113.405197,1083.349820154043,427
C8,MWAB,49.7411,-125.3032,TD,TD009,52.32058,-116.323372,689.7470012722501,489
C8,MWAB,49.7411,-125.3032,MB,HRY,46.711285,-111.831786,1051.5214087534928,489
C8,MWAB,49.7411,-125.3032,RV,SWHSA,54.899441,-116.751793,815.5019670850455,489
S1,AUALC,-23.6899,133.8835,S1,AUAPY,-26.2844,132.1353,338.0322792939577,441
S1,AUALC,-23.6899,133.8835,OZ,HKER,-31.7642,138.55251,1008.2719230163046,432
XA,SA26,-27.545601,26.1803,XA,SA20,-29.0221,26.195299,164.18599319990443,324
XA,SA26,-27.545601,26.1803,XA,SA04,-32.850498,19.6206,862.9619446218625,285
XA,SA26,-27.545601,26.1803,XA,SA76,-20.636091,29.846441,853.5274543005723,271
XA,SA71,-20.925777,27.140787,XA,SA29,-26.931738,23.03492,787.3273686309739,247
XA,SA71,-20.925777,27.140787,XA,SA64,-22.969448,26.201714,247.0217065805851,276
XA,SA71,-20.925777,27.140787,XA,SA76,-20.636091,29.846441,283.11758839173035,284
7O,ABNH,43.4819,-71.2471,PE,PAKC,41.37471,-77.932533,596.4138863696901,1025
7O,ABNH,43.4819,-71.2471,PE,PSSK,40.642586,-76.164978,514.1411265202021,1041
7O,ABNH,43.4819,-71.2471,PE,PN1,40.52588,-79.716735,772.6836718633027,520
7O,ABNH,43.4819,-71.2471,N4,G65A,45.2002,-67.5632,349.7080988027258,1042
X4,H19,38.2561,92.136803,IC,LSA,29.70317,91.12757,955.5657657799161,264
X4,H19,38.2561,92.136803,ZV,MAQU,34.0023,102.046799,1007.0978155305289,197
X4,H19,38.2561,92.136803,X4,H01,36.209301,96.385002,439.5292898460395,290
X4,H19,38.2561,92.136803,X4,H05,35.6605,98.407898,627.3142155623627,290
X4,H19,38.2561,92.136803,X4,A01,36.432701,94.873199,315.60438577406524,245
ZB,PPNG,-1.99397,99.603699,ZB,LAIS,-3.5291,102.034698,319.4281672205073,166
ZB,PPNG,-1.99397,99.603699,PS,PSI,2.6938,98.923698,526.7093191358574,198
NR,NE78,24.398199,-111.10643,NR,NE74,28.007509,-114.013802,495.13336782307505,684
NR,NE78,24.398199,-111.10643,NR,NE82,26.915661,-109.230843,337.1818724535335,497
XP,PLTP,-22.0413,-66.786499,ZD,FS07,-13.46172,-71.9198,1097.6849006075802,309
XP,PLTP,-22.0413,-66.786499,TO,PE03,-17.1644,-71.789101,753.9417004927284,309
ZP,BKBA,-1.364,31.812,ZP,KIBO,-3.583,30.712999,275.2917798190122,476
XE,SNP22,37.010502,-119.360199,XK,UT65,38.584999,-112.425003,633.8204410044864,328
ZP,KIBO,-3.583,30.712999,AF,KTWE,-12.814,28.209,1062.7116054634785,233
8Q,P20,29.158303,-137.94284,8Q,P11,28.19732,-143.482162,550.79286024174,433
8Q,P20,29.158303,-137.94284,8Q,P09,26.612795,-142.356315,517.877225995699,431
8Q,P20,29.158303,-137.94284,8Q,P18,25.762145,-143.392715,656.9279432497113,432
8Q,P20,29.158303,-137.94284,8Q,P15,27.844793,-139.753242,229.4043000148988,440
8Q,P20,29.158303,-137.94284,8Q,P13,29.966537,-141.146892,322.6488717084229,439
XG,MJPU,40.666698,115.683701,ZX,230,41.803101,118.326897,254.57862738013546,317
XG,MJPU,40.666698,115.683701,XG,XZHOU,38.423,113.002502,339.22586229343244,305
XG,MJPU,40.666698,115.683701,IU,INCN,37.4776,126.6239,1007.935604963489,114
2P,RD10,-39.646616,177.076505,NZ,URZ,-38.259249,177.110894,154.29703870661368,210
XO,WD58,53.906227,-155.035345,XO,WD72,56.257748,-151.81063,332.33648757096523,400
XO,WD58,53.906227,-155.035345,XO,ET20,58.1304,-154.9716,469.7239055359807,392
XS,I04D,-2.123817,-16.17326,XS,L16D,0.8933,-7.8953,979.551393128148,370
XS,I04D,-2.123817,-16.17326,XS,S32D,-0.7968,-15.647,158.7300108047695,363
XS,I04D,-2.123817,-16.17326,XS,I14D,-0.3522,-7.952395,934.8607229775307,372
XS,I04D,-2.123817,-16.17326,XS,L39D,2.0557,-11.4905,697.8487558022565,353
MN,VTS,42.618,23.235,YD,MMNN,39.8909,15.9904,676.964448804959,304
MN,VTS,42.618,23.235,YD,OBS14,39.169399,14.4694,830.0156398042157,127
MN,VTS,42.618,23.235,MN,CLTB,37.578,13.216,1018.8613392792383,3175
MN,VTS,42.618,23.235,HT,AGG,39.021099,22.336,407.0417421075263,2833
MN,VTS,42.618,23.235,AC,VLO,40.468601,19.495501,392.3334893229801,1734
MN,VTS,42.618,23.235,YF,HVAR,43.177601,16.449,556.1090259021299,307
MN,VTS,42.618,23.235,YI,GROG,43.426182,9.89201,1087.2446891135205,381
MN,VTS,42.618,23.235,YD,3B13,43.635109,21.70591,167.8939761132344,392
MN,VTS,42.618,23.235,YD,6C04,46.661442,19.74328,527.5751011386,516
MN,VTS,42.618,23.235,YG,CBP2J,47.367298,18.03178,667.72983626355,376
MN,VTS,42.618,23.235,PL,NIE,49.4189,20.313101,789.0023834108591,2269
MN,VTS,42.618,23.235,XS,N039,41.1087,23.5846,170.30500979823498,460
MN,VTS,42.618,23.235,YD,3F11,45.865082,23.72257,363.1404624958586,418
MN,VTS,42.618,23.235,XS,S040,37.722,24.009001,548.3614137974345,349
MN,VTS,42.618,23.235,GF,TEPE,41.056,28.5147,470.5147957089522,800
MN,VTS,42.618,23.235,KO,ELL,36.7483,29.9085,866.6607392047964,1849
MN,VTS,42.618,23.235,YB,AT63,36.712502,33.472,1093.6659576845877,631
MN,VTS,42.618,23.235,YL,ARSL,40.955002,35.887001,1064.1031338303635,464
XK,W10LW,-12.6208,34.165199,AF,KTWE,-12.814,28.209,646.3949300506347,142
XK,W10LW,-12.6208,34.165199,XK,Z04NN,-13.075,30.6276,386.8223086529967,661
XK,W10LW,-12.6208,34.165199,XK,W02NB,-13.724,33.559898,139.07834306336653,682
XK,W10LW,-12.6208,34.165199,XK,W15SS,-15.6818,34.974701,351.3777047144012,679
XK,W10LW,-12.6208,34.165199,XK,Q05MJ,-13.3953,36.125702,229.19695400453628,158
YT,SILY,-77.1332,-125.966,XH,RS06,-79.283501,-171.620193,1035.0710885595145,729
YT,SILY,-77.1332,-125.966,YT,SURP,-84.7199,-171.2017,1098.0476625712704,2864
YT,SILY,-77.1332,-125.966,XH,RS15,-80.496597,-169.978806,989.925096680605,721
YT,SILY,-77.1332,-125.966,XH,RS10,-79.278801,-155.467697,702.4605217843241,800
YT,SILY,-77.1332,-125.966,YT,MCRG,-73.6681,-94.6493,943.7450237082015,1573
YT,SILY,-77.1332,-125.966,YT,MA07,-78.2496,-93.4991,769.1116132882189,704
YT,SILY,-77.1332,-125.966,YT,MA09,-79.8993,-104.9977,552.018563798837,717
YT,SILY,-77.1332,-125.966,YT,ST04,-80.7152,-116.5792,444.66484514463986,586
YT,SILY,-77.1332,-125.966,YT,ST02,-82.069,-109.1247,639.0286537601885,615
YT,SILY,-77.1332,-125.966,YT,UPTW,-77.5781,-109.0374,413.5308103450858,4445
Z9,E07,30.718,-82.0979,N4,X48A,34.4517,-87.0452,622.1030702713343,96
Z9,E07,30.718,-82.0979,KY,LLKY,36.92159,-88.096558,884.3831397246674,426
Z9,E07,30.718,-82.0979,XO,MG05,37.482498,-90.870102,1102.7075438424051,434
Z9,E07,30.718,-82.0979,XO,SOKY,37.5256,-85.961899,836.1535487473485,136
Z9,E07,30.718,-82.0979,XO,LE17,37.9874,-89.1763,1036.383484946209,411
Z9,E07,30.718,-82.0979,Z9,E31,32.986599,-82.107002,252.25851230417103,675
8Q,P11,28.19732,-143.482162,8Q,P09,26.612795,-142.356315,208.31189694424756,434
8Q,P11,28.19732,-143.482162,8Q,P18,25.762145,-143.392715,270.92447106138263,436
8Q,P11,28.19732,-143.482162,8Q,P15,27.844793,-139.753242,368.1094187565321,434
8Q,P11,28.19732,-143.482162,8Q,P13,29.966537,-141.146892,300.3179657389989,435
6K,AVIO,-44.62935,170.24124,NZ,URZ,-38.259249,177.110894,910.1045859296847,170
XM,ASB22,-33.66389,-67.46128,XM,ASB11,-37.8946,-63.8453,572.3434341111049,465
XM,ASB22,-33.66389,-67.46128,C1,LR04,-39.88019,-73.425822,871.3170695296131,635
XM,ASB22,-33.66389,-67.46128,XM,ASB20,-35.8086,-63.9305,401.1575056756323,464
XM,ASB22,-33.66389,-67.46128,XM,ASB04,-35.77723,-69.39981,294.2828648425903,607
XM,ASB22,-33.66389,-67.46128,C1,AC02,-26.835517,-69.129067,775.9575164524298,257
XM,ASB22,-33.66389,-67.46128,XM,ANB10,-25.0271,-64.5865,999.8293711771083,638
XM,ASB22,-33.66389,-67.46128,XM,CB22,-24.00541,-68.52551,1078.9443997443134,589
XT,MIPC,10.9455,-64.294403,XT,MHTO,13.9497,-66.490997,410.44145087494485,240
TM,NONG,18.063498,103.1458,TM,CRAI,20.2289,100.3734,377.8522973080132,2935
TM,NONG,18.063498,103.1458,MM,MDY,22.016199,96.112297,855.9441573275609,694
TM,NONG,18.063498,103.1458,MM,KTN,21.2857,99.589798,516.6670290898041,1373
TM,NONG,18.063498,103.1458,XR,MS05,22.585486,94.508708,1031.0893326837215,200
YA,KV01,-2.0783,29.351101,1C,NASO,1.17194,36.359058,858.8642747344702,110
ZV,MAQU,34.0023,102.046799,X4,H01,36.209301,96.385002,570.3851455527673,246
ZV,MAQU,34.0023,102.046799,X4,H05,35.6605,98.407898,379.84057635967696,247
ZV,MAQU,34.0023,102.046799,X4,A01,36.432701,94.873199,705.2414292563617,240
ZV,MAQU,34.0023,102.046799,XO,JSO2,35.168579,92.985191,839.3084533710763,108
QZ,ZHTS,40.764944,68.290297,TJ,CHGR,38.656898,69.158203,245.8762111490755,583
QZ,ZHTS,40.764944,68.290297,KR,TRKS,41.472454,71.167327,253.50529886092718,1162
OZ,DTMM,-36.52813,147.46539,S1,AUCAS,-34.2637,135.7219,1093.0580399753744,472
OZ,DTMM,-36.52813,147.46539,OZ,HKER,-31.7642,138.55251,975.7116328034494,436
OZ,DTMM,-36.52813,147.46539,OZ,MARG,-41.99952,145.55162,630.2563919160661,503
OZ,DTMM,-36.52813,147.46539,S1,AUUHS,-35.3589,150.4696,300.05540701583897,477
OZ,DTMM,-36.52813,147.46539,YW,MSWL3,-32.3933,150.92683,558.5585649583375,244
6R,YABE,4.889818,38.088238,Y1,KAEK,4.142727,35.453087,303.6868402454592,826
ZZ,XSJN,18.9669,-66.213501,JM,NMIA0,18.025,-76.02654,1039.9431453811085,128
ZZ,XSJN,18.9669,-66.213501,TR,TOSP,11.2984,-60.535198,1047.8049628195533,383
ZZ,XSJN,18.9669,-66.213501,WI,SLBI,14.023,-60.974,783.5915924073205,384
3J,OBS23,-15.39963,-171.86155,G,FUTU,-14.307673,-178.12107,683.6044628114362,579
3J,OBS23,-15.39963,-171.86155,3J,OBS01,-13.155,-171.40391,254.4164450603922,612
3J,OBS23,-15.39963,-171.86155,3J,OBS13,-16.1503,-174.71751,316.7973860382295,616
3J,OBS23,-15.39963,-171.86155,3J,OBS11,-14.79489,-175.24356,369.25196930202503,615
3J,OBS23,-15.39963,-171.86155,3J,OBS28,-13.46713,-168.51582,419.4816671542924,617
GI,HUBA,15.816578,-91.294484,NU,BILN,14.0488,-83.374641,873.2331295162395,409
YO,X03,35.893299,-72.719002,N4,P51A,39.4818,-83.060097,992.8027326532311,127
YO,X03,35.893299,-72.719002,YO,X09,32.516899,-74.3536,404.3941689111164,357
YB,SM05,38.70424,37.21084,KO,ELL,36.7483,29.9085,677.8235382819548,240
YB,SM05,38.70424,37.21084,AB,HASN,39.336076,49.217978,1038.9073083210917,240
YD,3F11,45.865082,23.72257,HT,AGG,39.021099,22.336,769.4400665323583,549
YD,3F11,45.865082,23.72257,AC,VLO,40.468601,19.495501,690.8405577315895,235
YD,3F11,45.865082,23.72257,YD,3B13,43.635109,21.70591,294.67429083540065,540
YD,3F11,45.865082,23.72257,YD,6C04,46.661442,19.74328,318.422825527882,623
YD,3F11,45.865082,23.72257,PL,NIE,49.4189,20.313101,470.42157258292707,368
YT,ST04,-80.7152,-116.5792,YT,SURP,-84.7199,-171.2017,840.6669929151715,586
YT,ST04,-80.7152,-116.5792,YT,ST02,-82.069,-109.1247,194.77481358536224,582
YT,ST04,-80.7152,-116.5792,YT,UPTW,-77.5781,-109.0374,382.1888127767005,231
CW,CHIV,19.97648,-76.415131,CW,CAMR,23.061737,-81.370857,616.7494424837319,2406
CW,CHIV,19.97648,-76.415131,NU,BILN,14.0488,-83.374641,990.6391488100427,2104
CW,CHIV,19.97648,-76.415131,ZC,HMDR,18.7879,-69.381,749.5078137112832,2323
CW,CHIV,19.97648,-76.415131,YU,GJ03,11.7273,-72.5457,1006.1416344475168,300
XF,B18,18.6635,148.492706,XF,B01,16.040501,149.281494,303.439115453763,368
KO,ELL,36.7483,29.9085,HT,AGG,39.021099,22.336,710.7124888614535,3804
KO,ELL,36.7483,29.9085,AC,VLO,40.468601,19.495501,994.0166455934135,3515
KO,ELL,36.7483,29.9085,GF,TEPE,41.056,28.5147,493.9259304816503,2270
KO,ELL,36.7483,29.9085,3K,NIKI,35.06884,32.992168,334.6412043240274,727
KO,ELL,36.7483,29.9085,IM,CY301,33.30031,33.05407,478.508104431718,204
KO,ELL,36.7483,29.9085,YB,AT63,36.712502,33.472,317.57945186318284,727
KO,ELL,36.7483,29.9085,YB,AT56,36.7019,35.546902,502.4730263619134,545
CW,CAMR,23.061737,-81.370857,NU,BILN,14.0488,-83.374641,1024.1519222620996,1809
S1,AUAPY,-26.2844,132.1353,S1,AUCAS,-34.2637,135.7219,951.5556532064732,420
S1,AUAPY,-26.2844,132.1353,OZ,HKER,-31.7642,138.55251,871.7362597109924,273
N4,G65A,45.2002,-67.5632,PE,PAKC,41.37471,-77.932533,939.9576088120256,3636
N4,G65A,45.2002,-67.5632,PE,PSSK,40.642586,-76.164978,863.7448784928981,3652
YP,NE66,45.004101,120.704201,YP,NE81,46.069698,116.634697,338.333710198645,686
YP,NE66,45.004101,120.704201,YP,NEP7,48.1744,118.1474,402.9878717103308,312
YP,NE66,45.004101,120.704201,YP,NEAD,47.581402,133.5802,1028.582848989004,584
YP,NE66,45.004101,120.704201,YP,NE5D,44.107601,129.6008,711.5529167182639,453
YP,NE66,45.004101,120.704201,YP,NE9B,46.946201,129.7948,734.4401208891096,686
YO,X09,32.516899,-74.3536,N4,P51A,39.4818,-83.060097,1100.4010188001866,124
AC,VLO,40.468601,19.495501,MN,CLTB,37.578,13.216,630.2976825201048,2739
AC,VLO,40.468601,19.495501,TT,TAMR,37.046902,9.1091,976.867451425597,254
AC,VLO,40.468601,19.495501,HT,AGG,39.021099,22.336,291.32666726958894,3318
AC,VLO,40.468601,19.495501,YD,3B13,43.635109,21.70591,396.5500490060721,153
AC,VLO,40.468601,19.495501,YD,6C04,46.661442,19.74328,688.9017335626619,264
AC,VLO,40.468601,19.495501,PL,NIE,49.4189,20.313101,997.2904439229683,3735
AC,VLO,40.468601,19.495501,CZ,TREC,49.2948,15.4871,1030.6017526154042,280
AC,VLO,40.468601,19.495501,GF,TEPE,41.056,28.5147,762.0728960628095,1269
N4,K43A,42.7044,-88.332,N4,X48A,34.4517,-87.0452,924.4178558087272,4546
N4,K43A,42.7044,-88.332,KY,LLKY,36.92159,-88.096558,643.333579956834,4285
N4,K43A,42.7044,-88.332,XO,SOKY,37.5256,-85.961899,610.035275419671,689
N4,K43A,42.7044,-88.332,N4,R40B,38.2909,-92.2684,592.8232086415311,4089
N4,K43A,42.7044,-88.332,GS,KS24,39.78655,-98.20952,886.5863052967861,129
N4,K43A,42.7044,-88.332,GS,DEC08,39.861045,-88.924888,320.0222997444174,4343
N4,K43A,42.7044,-88.332,N4,P48A,39.4605,-85.4258,435.1824618509957,4364
N4,K43A,42.7044,-88.332,N4,P51A,39.4818,-83.060097,568.6456238648728,1396
N4,K43A,42.7044,-88.332,OH,CROH,41.293858,-82.152496,534.0409745677914,781
N4,K43A,42.7044,-88.332,PE,PAKC,41.37471,-77.932533,870.8630376811184,3636
N4,K43A,42.7044,-88.332,PE,PSSK,40.642586,-76.164978,1035.2327546348174,3652
N4,K43A,42.7044,-88.332,PE,PN1,40.52588,-79.716735,755.6412793699039,2128
N4,K43A,42.7044,-88.332,ZN,DC34,38.8634,-76.985199,1045.3260298555879,145
US,DGMT,48.4702,-104.1959,WY,YHR,44.106,-110.0816,662.9556531285676,2491
US,DGMT,48.4702,-104.1959,IE,BCYI,44.310799,-113.405197,843.3753217051421,5553
US,DGMT,48.4702,-104.1959,TD,TD009,52.32058,-116.323372,958.7418436420675,3737
US,DGMT,48.4702,-104.1959,X7,WA33,46.507801,-117.348701,1010.7096972660623,632
US,DGMT,48.4702,-104.1959,MB,HRY,46.711285,-111.831786,604.7961279550493,6842
US,DGMT,48.4702,-104.1959,GS,KS24,39.78655,-98.20952,1076.5027208126717,125
WY,YHR,44.106,-110.0816,UO,RSBO,44.043361,-122.267036,972.584640083441,1970
WY,YHR,44.106,-110.0816,UO,TOMA,42.44142,-122.10751,990.1023827830869,238
WY,YHR,44.106,-110.0816,US,MVCO,37.19956,-108.49251,779.5297029528584,3059
WY,YHR,44.106,-110.0816,IE,BCYI,44.310799,-113.405197,265.8676619730254,2791
WY,YHR,44.106,-110.0816,TD,TD009,52.32058,-116.323372,1022.9232607286813,3061
WY,YHR,44.106,-110.0816,X7,WA33,46.507801,-117.348701,627.6161926711003,439
WY,YHR,44.106,-110.0816,MB,HRY,46.711285,-111.831786,320.27496693349053,3068
WY,YHR,44.106,-110.0816,GS,KS24,39.78655,-98.20952,1091.6240250760584,129
ZQ,AAM2,-26.473,27.490999,AF,CVNA,-31.482,19.762,935.1926164228662,444
ZQ,AAM2,-26.473,27.490999,AF,HVD,-30.605,25.497,499.00877131255305,437
ZT,WTBG,-24.2119,28.88291,AF,HVD,-30.605,25.497,785.396731643653,1070
ZT,WTBG,-24.2119,28.88291,BX,LKGWB,-24.11351,21.782303,720.3829025778625,592
PL,NIE,49.4189,20.313101,YD,3B13,43.635109,21.70591,651.864136708452,315
PL,NIE,49.4189,20.313101,YD,6C04,46.661442,19.74328,309.5259131820643,402
PL,NIE,49.4189,20.313101,CZ,TREC,49.2948,15.4871,349.7426240236418,1006
XO,WD72,56.257748,-151.81063,XO,ET20,58.1304,-154.9716,282.1189550155164,384
TT,TAMR,37.046902,9.1091,MN,CLTB,37.578,13.216,367.9444131973216,589
TT,TAMR,37.046902,9.1091,MN,BNI,45.052,6.678,913.0517294289091,595
ZB,LAIS,-3.5291,102.034698,PS,PSI,2.6938,98.923698,773.5276287547154,251
YT,UPTW,-77.5781,-109.0374,XH,RS10,-79.278801,-155.467697,1023.492502532981,800
YT,UPTW,-77.5781,-109.0374,YT,MCRG,-73.6681,-94.6493,585.8438531859306,1586
YT,UPTW,-77.5781,-109.0374,YT,MA07,-78.2496,-93.4991,368.22026800608216,704
YT,UPTW,-77.5781,-109.0374,YT,MA09,-79.8993,-104.9977,272.45157382953624,717
YT,UPTW,-77.5781,-109.0374,YT,ST02,-82.069,-109.1247,499.3687891203461,231
GE,MRNI,33.01178,35.391998,XG,KTLN,37.953327,41.705223,792.5052715136061,305
YW,SALA,16.73283,-22.935659,YW,PATM,14.86933,-24.42407,261.33221924873556,650
ZL,N06,27.174299,-111.153603,NR,NE74,28.007509,-114.013802,296.69738084079086,241
ZL,N06,27.174299,-111.153603,NR,NE82,26.915661,-109.230843,192.5796155655619,230
ZL,N06,27.174299,-111.153603,ZL,S05,23.347799,-108.094299,525.0002212895057,353
ZL,N06,27.174299,-111.153603,XF,MA40,20.219801,-103.942001,1065.8381116508874,253
YP,NEP7,48.1744,118.1474,YP,NE81,46.069698,116.634697,260.50675400547993,317
YP,NEP7,48.1744,118.1474,YP,NE5D,44.107601,129.6008,990.1725444966085,192
YP,NEP7,48.1744,118.1474,YP,NE9B,46.946201,129.7948,883.6932229441913,314
OH,CROH,41.293858,-82.152496,N4,X48A,34.4517,-87.0452,873.2759586018637,779
OH,CROH,41.293858,-82.152496,KY,LLKY,36.92159,-88.096558,706.3489117592849,761
OH,CROH,41.293858,-82.152496,N4,R40B,38.2909,-92.2684,925.8371033095837,781
OH,CROH,41.293858,-82.152496,GS,DEC08,39.861045,-88.924888,593.5604527895331,669
OH,CROH,41.293858,-82.152496,N4,P48A,39.4605,-85.4258,344.1089290197811,781
OH,CROH,41.293858,-82.152496,PE,PAKC,41.37471,-77.932533,352.41699567503815,765
OH,CROH,41.293858,-82.152496,PE,PSSK,40.642586,-76.164978,507.79782415394084,782
OH,CROH,41.293858,-82.152496,PE,PN1,40.52588,-79.716735,221.7767545086748,774
XM,ASB04,-35.77723,-69.39981,XM,ASB11,-37.8946,-63.8453,547.4014134930039,449
XM,ASB04,-35.77723,-69.39981,C1,LR04,-39.88019,-73.425822,577.0646659565308,613
XM,ASB04,-35.77723,-69.39981,XM,ASB20,-35.8086,-63.9305,493.24907193843734,449
XM,ASB04,-35.77723,-69.39981,C1,AC02,-26.835517,-69.129067,994.605728111554,254
YS,PL08,20.892599,-153.292099,YS,NGOK,22.122999,-159.664993,673.2737060348463,100
YS,PL08,20.892599,-153.292099,YS,MRKH,21.108999,-157.270004,413.63181115533644,249
YS,PL08,20.892599,-153.292099,YS,PL21,17.180099,-154.691299,438.21724957529625,361
2D,OBS16,34.011398,-124.638397,PB,B934,39.844501,-123.691399,654.0391596840001,389
2D,OBS16,34.011398,-124.638397,2D,OBS06,32.777,-119.857803,464.50104346127205,386
YS,OLC5,-21.009501,-68.352997,ZD,FS07,-13.46172,-71.9198,920.6534895786849,119
YS,OLC5,-21.009501,-68.352997,TO,PE03,-17.1644,-71.789101,559.5597089449731,119
JP,JEW,42.84267,141.446167,1U,SHRD,41.945759,128.791214,1043.0063197204731,348
X7,WA33,46.507801,-117.348701,PB,B934,39.844501,-123.691399,901.2709901801212,639
X7,WA33,46.507801,-117.348701,UO,RSBO,44.043361,-122.267036,472.296669699309,212
X7,WA33,46.507801,-117.348701,IE,BCYI,44.310799,-113.405197,392.91325931463217,304
X7,WA33,46.507801,-117.348701,TD,TD009,52.32058,-116.323372,650.5760371851078,639
X7,WA33,46.507801,-117.348701,MB,HRY,46.711285,-111.831786,421.942338155179,637
X7,WA33,46.507801,-117.348701,RV,SWHSA,54.899441,-116.751793,934.0461803337793,494
8Q,P18,25.762145,-143.392715,8Q,P09,26.612795,-142.356315,140.1458629341642,434
8Q,P18,25.762145,-143.392715,8Q,P15,27.844793,-139.753242,429.03190067729685,433
8Q,P18,25.762145,-143.392715,8Q,P13,29.966537,-141.146892,516.9734253804497,434
ZZ,FWU17,36.2869,-101.0,US,MVCO,37.19956,-108.49251,675.089764286906,384
ZZ,FWU17,36.2869,-101.0,N4,Z38B,33.2599,-94.9852,644.0823461155517,387
ZZ,FWU17,36.2869,-101.0,TX,DKNS,33.66653,-100.92365,291.45524479955384,383
ZZ,FWU17,36.2869,-101.0,TX,BRDY,31.285872,-98.999447,585.9740978499515,387
ZZ,FWU17,36.2869,-101.0,N4,R40B,38.2909,-92.2684,803.5795701301348,387
ZP,KAMZ,-14.7948,24.804399,AF,KTWE,-12.814,28.209,428.548063775459,162
ZP,KAMZ,-14.7948,24.804399,ZP,ISOK,-10.1708,32.645699,994.2729713461209,167
YD,OBS14,39.169399,14.4694,MN,CLTB,37.578,13.216,207.9655936667317,109
YD,OBS14,39.169399,14.4694,MN,BNI,45.052,6.678,916.1929109284052,127
BL,PMNB,-18.540001,-46.439999,ON,ALF01,-20.616865,-40.725212,641.6430079443423,2113
BL,PMNB,-18.540001,-46.439999,ON,NAN01,-17.844168,-40.125668,671.4615100923778,790
BL,PMNB,-18.540001,-46.439999,ON,GDU01,-13.72,-39.575279,908.0185509685225,1195
YS,NGOK,22.122999,-159.664993,YS,PL69,16.3484,-157.700806,674.3709673381953,390
YS,NGOK,22.122999,-159.664993,YS,PL70,15.574,-158.982498,731.7443753074036,377
YS,NGOK,22.122999,-159.664993,YS,MRKH,21.108999,-157.270004,272.04118973614436,193
YS,NGOK,22.122999,-159.664993,YS,PL21,17.180099,-154.691299,757.0397556767772,100
YA,MC05,29.9921,100.220703,YA,MC10,28.976101,103.870499,370.88178525558766,303
YA,MC05,29.9921,100.220703,YA,MC12,27.662901,102.208397,323.35920435440096,248
YA,MC05,29.9921,100.220703,IC,LSA,29.70317,91.12757,877.3478867871597,345
YA,MC05,29.9921,100.220703,XE,ES28,29.720207,98.426933,175.6059222141666,213
XM,ANB10,-25.0271,-64.5865,C1,AC02,-26.835517,-69.129067,496.7238177980459,264
XM,ANB10,-25.0271,-64.5865,XM,CB22,-24.00541,-68.52551,414.3660978827181,595
ZU,NZ18,-41.000198,170.0,NZ,URZ,-38.259249,177.110894,680.689411398849,355
ZU,NZ18,-41.000198,170.0,ZU,NZ22,-44.500599,173.998703,507.9023613631369,351
ZU,NZ18,-41.000198,170.0,Y3,CROE,-42.336498,171.398407,188.59725096217204,188
XH,RS06,-79.283501,-171.620193,XH,DR15,-79.492798,-179.919296,171.37738456095218,725
XH,RS06,-79.283501,-171.620193,YT,SURP,-84.7199,-171.2017,604.5315174011245,674
XH,RS06,-79.283501,-171.620193,XH,RS15,-80.496597,-169.978806,138.6294034034466,721
XH,RS06,-79.283501,-171.620193,XH,RS10,-79.278801,-155.467697,332.98550748227655,721
XH,RS06,-79.283501,-171.620193,ZJ,RKST,-74.201065,159.001755,921.5088940276597,358
XH,RS06,-79.283501,-171.620193,XH,RS02,-78.492897,173.345795,332.9053461068062,725
XP,ORTK,41.039398,75.056801,II,AAK,42.6375,74.4942,183.71030846438524,603
3J,OBS11,-14.79489,-175.24356,G,FUTU,-14.307673,-178.12107,314.40117360755477,578
3J,OBS11,-14.79489,-175.24356,3J,OBS01,-13.155,-171.40391,452.6459547609217,615
3J,OBS11,-14.79489,-175.24356,3J,OBS13,-16.1503,-174.71751,160.9125813004715,618
3J,OBS11,-14.79489,-175.24356,3J,OBS28,-13.46713,-168.51582,740.2820914762319,613
XO,SOKY,37.5256,-85.961899,N4,X48A,34.4517,-87.0452,355.41905048384905,670
XO,SOKY,37.5256,-85.961899,N4,Z38B,33.2599,-94.9852,944.8547737893473,606
XO,SOKY,37.5256,-85.961899,KY,LLKY,36.92159,-88.096558,200.58040238905934,565
XO,SOKY,37.5256,-85.961899,N4,R40B,38.2909,-92.2684,559.6748673843065,583
XO,SOKY,37.5256,-85.961899,GS,DEC08,39.861045,-88.924888,365.42254403084075,677
XO,SOKY,37.5256,-85.961899,N4,P48A,39.4605,-85.4258,220.15080826137847,533
XO,SOKY,37.5256,-85.961899,N4,P51A,39.4818,-83.060097,333.2446558570789,320
XO,SOKY,37.5256,-85.961899,Z9,E31,32.986599,-82.107002,614.0664716969891,193
XO,SOKY,37.5256,-85.961899,ZN,DC34,38.8634,-76.985199,798.1016681872031,145
XJ,PAN,59.094879,159.968002,XJ,APA,52.925709,157.132874,708.0948702779201,257
ZS,W05,39.379101,-71.982002,PO,MEDO,43.1646,-78.454597,685.0564763999716,123
ZM,N140,-82.008598,96.769203,YT,SURP,-84.7199,-171.2017,1081.2203387903785,1763
ZM,N140,-82.008598,96.769203,ZM,N173,-81.112198,77.473602,328.49304296805207,485
ZM,N140,-82.008598,96.769203,ZM,GM03,-80.216904,85.943901,271.70951256806023,347
IM,CY301,33.30031,33.05407,GF,TEPE,41.056,28.5147,951.1885784221149,204
XO,JSO2,35.168579,92.985191,IC,LSA,29.70317,91.12757,632.1962232843186,459
XO,JSO2,35.168579,92.985191,X4,F06,33.102501,95.114601,301.95778824321917,138
XO,JSO2,35.168579,92.985191,X4,A01,36.432701,94.873199,220.786359305256,387
XO,JSO2,35.168579,92.985191,Z8,365,35.987999,105.131699,1101.5504734666126,353
1P,PMOR,-50.4904,-73.0428,1P,CURI,-51.6131,-74.556,163.61519069142744,787
1P,PMOR,-50.4904,-73.0428,1P,LVAN,-51.0252,-71.1152,148.05251767455897,805
XL,MG06,55.87212,-120.041481,NV,BACME,48.314654,-126.058199,934.6596176907067,458
XL,MG06,55.87212,-120.041481,TD,TD009,52.32058,-116.323372,463.24727187721265,469
XL,MG06,55.87212,-120.041481,RV,SWHSA,54.899441,-116.751793,234.22037077935758,300
XL,MG06,55.87212,-120.041481,PQ,NBC3,59.63716,-120.66875,420.2996022552288,403
3H,G01,1.0132,-88.9369,3H,G06,2.0564,-90.6769,225.52627585142864,442
3H,G01,1.0132,-88.9369,3H,G18,1.5202,-93.2519,482.98935850049634,443
3H,G01,1.0132,-88.9369,8W,CBHM,-0.46906,-91.60975,339.8399306035946,221
ZC,HMDR,18.7879,-69.381,YU,GJ03,11.7273,-72.5457,855.2572208769232,319
ZC,HMDR,18.7879,-69.381,WI,SLBI,14.023,-60.974,1041.2485598467931,1279
NV,BACME,48.314654,-126.058199,PB,B934,39.844501,-123.691399,960.4965923764731,2429
NV,BACME,48.314654,-126.058199,UO,RSBO,44.043361,-122.267036,557.3062169022298,2282
NV,BACME,48.314654,-126.058199,UO,TOMA,42.44142,-122.10751,722.055960867798,304
NV,BACME,48.314654,-126.058199,IE,BCYI,44.310799,-113.405197,1067.2264465179499,2310
NV,BACME,48.314654,-126.058199,TD,TD009,52.32058,-116.323372,821.2386266019006,2405
NV,BACME,48.314654,-126.058199,MB,HRY,46.711285,-111.831786,1081.5964428716657,2431
NV,BACME,48.314654,-126.058199,RV,SWHSA,54.899441,-116.751793,972.6064579798812,1992
YU,GJ03,11.7273,-72.5457,CM,SJC,9.896667,-75.1795,352.39096771857317,738
XM,ASB11,-37.8946,-63.8453,C1,LR04,-39.88019,-73.425822,857.6183971936467,471
XM,ASB11,-37.8946,-63.8453,XM,ASB20,-35.8086,-63.9305,232.07674962382865,471
1G,EA29,41.62461,112.42881,1G,WA08,39.78198,105.74621,599.2241283028688,143
1G,EA29,41.62461,112.42881,1G,WA17,40.77207,108.32398,356.24112189308903,140
UO,TOMA,42.44142,-122.10751,PB,B934,39.844501,-123.691399,317.75093265506376,308
UO,TOMA,42.44142,-122.10751,UO,RSBO,44.043361,-122.267036,178.59592172443053,308
UO,TOMA,42.44142,-122.10751,IE,BCYI,44.310799,-113.405197,733.0071633158573,308
UO,TOMA,42.44142,-122.10751,MB,HRY,46.711285,-111.831786,941.1589078225417,308
XA,SA04,-32.850498,19.6206,XA,SA20,-29.0221,26.195299,757.6408302590272,357
XA,SA20,-29.0221,26.195299,XA,SA76,-20.636091,29.846441,1002.4378077614521,343
1G,WA08,39.78198,105.74621,1G,WA17,40.77207,108.32398,244.8166655643935,140
KY,LLKY,36.92159,-88.096558,N4,X48A,34.4517,-87.0452,290.58456003471724,4280
KY,LLKY,36.92159,-88.096558,N4,Z38B,33.2599,-94.9852,747.0746870588335,4285
KY,LLKY,36.92159,-88.096558,ZL,N06M,34.904999,-90.221199,294.75602749441265,133
KY,LLKY,36.92159,-88.096558,XO,MG05,37.482498,-90.870102,253.42993035797033,675
KY,LLKY,36.92159,-88.096558,XO,LE17,37.9874,-89.1763,152.08020542562076,343
KY,LLKY,36.92159,-88.096558,N4,R40B,38.2909,-92.2684,397.7457270999179,3929
KY,LLKY,36.92159,-88.096558,GS,KS24,39.78655,-98.20952,936.9467537562164,129
KY,LLKY,36.92159,-88.096558,GS,DEC08,39.861045,-88.924888,334.72548826005084,4059
KY,LLKY,36.92159,-88.096558,N4,P48A,39.4605,-85.4258,366.26729593613203,4202
KY,LLKY,36.92159,-88.096558,N4,P51A,39.4818,-83.060097,524.0097682271664,1384
KY,LLKY,36.92159,-88.096558,Z9,E31,32.986599,-82.107002,699.3182297127058,486
KY,LLKY,36.92159,-88.096558,PO,MEDO,43.1646,-78.454597,1073.7108383654333,1216
KY,LLKY,36.92159,-88.096558,PE,PAKC,41.37471,-77.932533,1005.7066050993437,3480
KY,LLKY,36.92159,-88.096558,PE,PN1,40.52588,-79.716735,829.5872632563571,1987
KY,LLKY,36.92159,-88.096558,ZN,DC34,38.8634,-76.985199,997.9642257269201,145
MB,HRY,46.711285,-111.831786,UO,RSBO,44.043361,-122.267036,866.5586639453664,3010
MB,HRY,46.711285,-111.831786,XK,UT65,38.584999,-112.425003,904.8968753897806,547
MB,HRY,46.711285,-111.831786,US,MVCO,37.19956,-108.49251,1092.829528210385,7205
MB,HRY,46.711285,-111.831786,XE,SNPG9,40.345299,-120.6017,999.2992619736331,406
MB,HRY,46.711285,-111.831786,XC,OR100,42.770699,-119.013199,716.240726468089,480
MB,HRY,46.711285,-111.831786,IE,BCYI,44.310799,-113.405197,293.7170138671446,6689
MB,HRY,46.711285,-111.831786,TD,TD009,52.32058,-116.323372,702.6486109694193,4474
MB,HRY,46.711285,-111.831786,RV,SWHSA,54.899441,-116.751793,973.3149129084165,3636
MB,HRY,46.711285,-111.831786,XR,FA24,46.531807,-101.240036,808.5313825147667,373
MN,CLTB,37.578,13.216,YD,MMNN,39.8909,15.9904,352.17381381239295,218
MN,CLTB,37.578,13.216,HT,AGG,39.021099,22.336,811.4860100753864,3428
MN,CLTB,37.578,13.216,YI,GROG,43.426182,9.89201,708.2616146490012,272
MN,CLTB,37.578,13.216,YD,3B13,43.635109,21.70591,982.5322321445112,367
MN,CLTB,37.578,13.216,MN,BNI,45.052,6.678,993.6263746502985,5042
MN,CLTB,37.578,13.216,XS,S040,37.722,24.009001,949.8190945502164,196
XE,ES28,29.720207,98.426933,YA,MC10,28.976101,103.870499,534.0065373929723,214
XE,ES28,29.720207,98.426933,YA,MC12,27.662901,102.208397,433.9874486052208,170
XE,ES28,29.720207,98.426933,IC,LSA,29.70317,91.12757,704.8308360807375,266
XP,N100,-81.652496,122.610001,XP,N060,-80.000099,142.595001,396.28671323074366,122
XP,N100,-81.652496,122.610001,XP,N028,-78.029579,153.650864,716.1058110896429,132
QZ,SEM,50.403587,80.257129,XV,NW140,50.82925,77.20242,220.64139925113219,108
YY,SN34,58.248798,8.1688,UK,STED,50.737,-1.9645,1058.772018753248,162
1U,SHRD,41.945759,128.791214,JP,JMN,33.731499,133.876328,1016.203931768179,348
XA,SA29,-26.931738,23.03492,XA,SA64,-22.969448,26.201714,544.038162097698,276
XA,SA29,-26.931738,23.03492,XA,SA76,-20.636091,29.846441,984.6672759161258,347
ZM,N173,-81.112198,77.473602,ZM,GM03,-80.216904,85.943901,182.0952338022738,178
UK,STED,50.737,-1.9645,MN,BNI,45.052,6.678,901.5365121655146,2934
UK,STED,50.737,-1.9645,EI,IDGL,55.073,-7.51,608.5228886960622,968
XS,L16D,0.8933,-7.8953,XS,S32D,-0.7968,-15.647,882.1694454241187,363
XS,L16D,0.8933,-7.8953,XS,I14D,-0.3522,-7.952395,138.6389021781737,370
XS,L16D,0.8933,-7.8953,XS,L39D,2.0557,-11.4905,420.01182344875787,353
NR,NE82,26.915661,-109.230843,NR,NE74,28.007509,-114.013802,487.2399602430984,1521
NR,NE82,26.915661,-109.230843,ZL,S05,23.347799,-108.094299,412.8888550771198,230
NR,NE82,26.915661,-109.230843,XF,MA40,20.219801,-103.942001,918.8907365269807,442
NR,NE82,26.915661,-109.230843,CI,PDM,34.30336,-114.14152,946.0540411196106,170
YA,MC10,28.976101,103.870499,YA,MC12,27.662901,102.208397,218.60980594163112,213
CM,TUM,1.823667,-78.726667,EC,MILO,-2.1848,-79.5557,455.15090097952935,578
CM,TUM,1.823667,-78.726667,CM,SJC,9.896667,-75.1795,979.5475916454878,2663
YB,AT63,36.712502,33.472,HT,AGG,39.021099,22.336,1009.940254975512,681
YB,AT63,36.712502,33.472,KO,KARS,40.6152,43.0937,940.6245010296766,624
YB,AT63,36.712502,33.472,YB,AT56,36.7019,35.546902,184.96760415002692,547
X4,A01,36.432701,94.873199,IC,LSA,29.70317,91.12757,825.4889211658708,618
X4,A01,36.432701,94.873199,X4,GS18,32.865501,104.784698,988.958833347777,290
X4,A01,36.432701,94.873199,X4,F06,33.102501,95.114601,370.95735017048173,147
X4,A01,36.432701,94.873199,X4,H01,36.209301,96.385002,137.701680717282,294
X4,A01,36.432701,94.873199,X4,H05,35.6605,98.407898,329.161905355829,295
X4,A01,36.432701,94.873199,Z8,365,35.987999,105.131699,921.2657974344354,316
X4,A01,36.432701,94.873199,X4,GS12,34.853199,105.749802,997.8529225466871,277
S1,AUCAS,-34.2637,135.7219,OZ,HKER,-31.7642,138.55251,383.24393155889845,435
JM,NMIA0,18.025,-76.02654,NU,ESPN,12.195,-84.300308,1099.1895911508454,237
JM,NMIA0,18.025,-76.02654,CM,SJC,9.896667,-75.1795,908.4316034319198,95
GB,LAWE,56.26,-5.399,EI,IDGL,55.073,-7.51,186.92901137652655,2906
YS,PL69,16.3484,-157.700806,YS,PL70,15.574,-158.982498,161.83284454962003,377
YS,PL69,16.3484,-157.700806,YS,MRKH,21.108999,-157.270004,531.294124942517,125
ZE,HOLG,59.835098,-149.769608,NY,MAYO,63.59581,-135.89209,839.8372421131423,111
MM,KTN,21.2857,99.589798,TM,CRAI,20.2289,100.3734,142.99311329394212,2686
MM,KTN,21.2857,99.589798,MM,MDY,22.016199,96.112297,368.45418337228614,706
MM,KTN,21.2857,99.589798,XR,BA07,24.1371,91.4975,888.3283657997343,1447
MM,KTN,21.2857,99.589798,XR,MS05,22.585486,94.508708,543.613602914762,318
X4,H05,35.6605,98.407898,IC,LSA,29.70317,91.12757,949.7149989737081,314
X4,H05,35.6605,98.407898,X4,H01,36.209301,96.385002,192.0739662994263,340
XS,N039,41.1087,23.5846,HT,AGG,39.021099,22.336,255.28579200553793,337
XS,N039,41.1087,23.5846,YL,ARSL,40.955002,35.887001,1031.2026209172705,168
XE,CRUZ,-19.103399,-66.221199,XE,SALI,-19.62011,-67.724533,167.84811557684762,306
ZU,NZ22,-44.500599,173.998703,NZ,URZ,-38.259249,177.110894,740.8389005947004,367
ZU,NZ22,-44.500599,173.998703,Y3,CROE,-42.336498,171.398407,319.3600161506061,188
PE,PSSK,40.642586,-76.164978,GS,DEC08,39.861045,-88.924888,1085.3964956792936,3450
PE,PSSK,40.642586,-76.164978,N4,P48A,39.4605,-85.4258,798.7345709965571,3603
PE,PSSK,40.642586,-76.164978,N4,P51A,39.4818,-83.060097,600.6476730005006,848
PE,PSSK,40.642586,-76.164978,PE,PAKC,41.37471,-77.932533,169.1821312048176,3615
PE,PSSK,40.642586,-76.164978,PE,PN1,40.52588,-79.716735,300.1958639656965,2128
XR,BA07,24.1371,91.4975,IO,EVN,27.958651,86.811653,632.0955365281282,1120
XR,BA07,24.1371,91.4975,TM,CRAI,20.2289,100.3734,1011.6079004781934,1234
XR,BA07,24.1371,91.4975,XR,MS05,22.585486,94.508708,352.47564373903884,318
XR,BA07,24.1371,91.4975,IC,LSA,29.70317,91.12757,620.0038682388599,1252
BC,PIX,31.5629,-113.4599,US,MVCO,37.19956,-108.49251,774.7234865994072,2689
BC,PIX,31.5629,-113.4599,BC,TJX,32.51017,-117.0543,354.78491798166317,2689
YF,HVAR,43.177601,16.449,MN,BNI,45.052,6.678,806.8332065074916,453
XQ,ME62,39.534,-121.918999,PB,B934,39.844501,-123.691399,155.53600925373192,231
XQ,ME62,39.534,-121.918999,XC,OR100,42.770699,-119.013199,434.3551750599639,358
XQ,ME62,39.534,-121.918999,IE,BCYI,44.310799,-113.405197,881.4180568160773,454
2A,48,-13.1701,-117.201202,2A,32,-12.9996,-115.8554,146.98867221337247,286
XW,KSA,41.5425,77.925697,II,AAK,42.6375,74.4942,308.1946034429096,688
PE,PN1,40.52588,-79.716735,N4,X48A,34.4517,-87.0452,934.3325703394833,2124
PE,PN1,40.52588,-79.716735,N4,R40B,38.2909,-92.2684,1105.5771552508252,1771
PE,PN1,40.52588,-79.716735,GS,DEC08,39.861045,-88.924888,785.2499065959098,1970
PE,PN1,40.52588,-79.716735,N4,P48A,39.4605,-85.4258,500.46680426587113,2078
PE,PN1,40.52588,-79.716735,PE,PAKC,41.37471,-77.932533,177.08611985767448,2100
XL,HD73,49.4953,101.357101,XL,HD41,48.242298,99.400002,199.7451876355777,641
XL,HD73,49.4953,101.357101,XL,HD48,46.209202,97.608299,460.0497136543156,577
PS,PSI,2.6938,98.923698,ZB,L10S,0.6458,100.867378,313.88905601439154,102
XS,S32D,-0.7968,-15.647,XS,I14D,-0.3522,-7.952395,856.984145533783,363
XS,S32D,-0.7968,-15.647,XS,L39D,2.0557,-11.4905,560.4893081857841,353
8A,OTJO,-20.018,15.9799,8A,SOLI,-23.861238,16.039537,427.39339889260003,349
8A,OTJO,-20.018,15.9799,8A,WEWE,-21.209,16.809099,158.06907212423306,832
XB,CM01,2.389,9.834,XB,CM02,2.698,13.289,385.3348527926719,248
YT,MA07,-78.2496,-93.4991,YT,MA09,-79.8993,-104.9977,303.07825420503457,701
YP,NE9B,46.946201,129.7948,YP,NE81,46.069698,116.634697,1010.6487746308034,694
YP,NE9B,46.946201,129.7948,YP,NEAD,47.581402,133.5802,294.214189974107,592
YP,NE9B,46.946201,129.7948,YP,NE5D,44.107601,129.6008,315.9996390065412,461
XK,W15SS,-15.6818,34.974701,AF,KTWE,-12.814,28.209,795.7442125404898,142
XK,W15SS,-15.6818,34.974701,XK,Z04NN,-13.075,30.6276,550.6481159682538,662
XK,W15SS,-15.6818,34.974701,XK,W02NB,-13.724,33.559898,265.60217724881284,676
XK,W15SS,-15.6818,34.974701,XK,Q05MJ,-13.3953,36.125702,282.82048759461236,158
YT,ST02,-82.069,-109.1247,YT,SURP,-84.7199,-171.2017,797.3622113997836,615
CM,SJC,9.896667,-75.1795,NU,BILN,14.0488,-83.374641,1003.6777953320939,2106
CM,SJC,9.896667,-75.1795,NU,ESPN,12.195,-84.300308,1027.574495795842,1431
KR,TRKS,41.472454,71.167327,TJ,CHGR,38.656898,69.158203,356.69266248296947,1909
ZL,S05,23.347799,-108.094299,NR,NE74,28.007509,-114.013802,787.3917265435149,241
ZL,S05,23.347799,-108.094299,XF,MA40,20.219801,-103.942001,552.0149271879066,250
YS,PL70,15.574,-158.982498,YS,MRKH,21.108999,-157.270004,641.4298292677892,122
3K,NIKI,35.06884,32.992168,HT,AGG,39.021099,22.336,1041.9631772536654,557
3K,NIKI,35.06884,32.992168,GF,TEPE,41.056,28.5147,772.2992761056178,727
3K,NIKI,35.06884,32.992168,KO,KARS,40.6152,43.0937,1079.202311861133,727
YT,SURP,-84.7199,-171.2017,XH,DR15,-79.492798,-179.919296,594.6315794569756,670
YT,SURP,-84.7199,-171.2017,XH,RS15,-80.496597,-169.978806,469.9098028116174,666
YT,SURP,-84.7199,-171.2017,XH,RS10,-79.278801,-155.467697,646.6912636484067,745
YT,SURP,-84.7199,-171.2017,YT,MA09,-79.8993,-104.9977,1034.9154543676443,662
YT,SURP,-84.7199,-171.2017,XH,RS02,-78.492897,173.345795,730.354873202424,679
7S,GORG,-44.174,168.374533,NZ,URZ,-38.259249,177.110894,982.1013273831621,550
AF,HVD,-30.605,25.497,AF,CVNA,-31.482,19.762,554.9330748340121,5421
AF,HVD,-30.605,25.497,BX,LKGWB,-24.11351,21.782303,809.5293234303174,2069
XF,NP100,28.7796,83.719101,IC,LSA,29.70317,91.12757,725.9755839303191,141
N4,P48A,39.4605,-85.4258,N4,X48A,34.4517,-87.0452,575.2101306289928,4359
N4,P48A,39.4605,-85.4258,N4,Z38B,33.2599,-94.9852,1098.019379194706,4364
N4,P48A,39.4605,-85.4258,N4,R40B,38.2909,-92.2684,606.2834055569352,4011
N4,P48A,39.4605,-85.4258,GS,KS24,39.78655,-98.20952,1094.5721596944948,129
N4,P48A,39.4605,-85.4258,GS,DEC08,39.861045,-88.924888,302.80175814954055,4137
N4,P48A,39.4605,-85.4258,N4,P51A,39.4818,-83.060097,203.0715513381622,1396
N4,P48A,39.4605,-85.4258,PE,PAKC,41.37471,-77.932533,668.8469824341653,3587
N4,P48A,39.4605,-85.4258,ZN,DC34,38.8634,-76.985199,730.4715407491757,145
XA,CHUK,27.082701,89.550301,IC,LSA,29.70317,91.12757,329.69769904343633,215
X4,GS18,32.865501,104.784698,Z8,365,35.987999,105.131699,348.66119133120424,291
X4,GS18,32.865501,104.784698,X4,GS12,34.853199,105.749802,238.3073501874987,345
X4,GS18,32.865501,104.784698,Z8,320,36.0107,112.366096,777.9377490024216,280
XH,DR15,-79.492798,-179.919296,XH,RS15,-80.496597,-169.978806,221.71266859660395,717
XH,DR15,-79.492798,-179.919296,XH,RS10,-79.278801,-155.467697,497.68578274222875,717
XH,DR15,-79.492798,-179.919296,ZJ,RKST,-74.201065,159.001755,785.1529433225843,358
XH,DR15,-79.492798,-179.919296,XH,RS02,-78.492897,173.345795,180.94954109624493,725
XL,HD48,46.209202,97.608299,XL,HD41,48.242298,99.400002,263.44632950059025,580
N4,Z38B,33.2599,-94.9852,N4,X48A,34.4517,-87.0452,744.858647911391,4482
N4,Z38B,33.2599,-94.9852,TX,DKNS,33.66653,-100.92365,552.6457970139312,3185
N4,Z38B,33.2599,-94.9852,TX,BRDY,31.285872,-98.999447,436.54351047026597,3353
N4,Z38B,33.2599,-94.9852,N4,R40B,38.2909,-92.2684,610.6733484127233,4089
N4,Z38B,33.2599,-94.9852,GS,KS24,39.78655,-98.20952,780.6748713151654,129
N4,Z38B,33.2599,-94.9852,GS,DEC08,39.861045,-88.924888,911.4835706961802,4260
NU,BILN,14.0488,-83.374641,6Q,FEC2,14.41163,-90.93146,815.4590758129347,236
NU,BILN,14.0488,-83.374641,GI,AVPA,15.3972,-89.6417,690.4215694726101,124
NU,BILN,14.0488,-83.374641,NU,ESPN,12.195,-84.300308,229.21263583039882,261
GS,KS24,39.78655,-98.20952,US,MVCO,37.19956,-108.49251,939.3762865964941,129
GS,KS24,39.78655,-98.20952,TX,DKNS,33.66653,-100.92365,722.1223677502161,129
GS,KS24,39.78655,-98.20952,TX,BRDY,31.285872,-98.999447,947.9196223010796,129
GS,KS24,39.78655,-98.20952,N4,R40B,38.2909,-92.2684,539.2701838203906,129
GS,KS24,39.78655,-98.20952,GS,DEC08,39.861045,-88.924888,792.5922947781913,129
IO,EVN,27.958651,86.811653,XR,MS05,22.585486,94.508708,977.284862054244,252
IO,EVN,27.958651,86.811653,IC,LSA,29.70317,91.12757,462.9670661798276,2822
S1,AUUHS,-35.3589,150.4696,OZ,MARG,-41.99952,145.55162,852.5546933293632,477
S1,AUUHS,-35.3589,150.4696,YW,MSWL3,-32.3933,150.92683,332.4493646111593,379
1P,CURI,-51.6131,-74.556,1P,LVAN,-51.0252,-71.1152,247.86601947995737,793
8W,CBHM,-0.46906,-91.60975,3H,G06,2.0564,-90.6769,299.3575069471511,220
8W,CBHM,-0.46906,-91.60975,3H,G18,1.5202,-93.2519,286.8168003087649,225
NZ,URZ,-38.259249,177.110894,6K,BRIO,-45.9395,170.30144,1021.3527529596469,211
NZ,URZ,-38.259249,177.110894,Y3,CROE,-42.336498,171.398407,663.2149989174758,187
UO,RSBO,44.043361,-122.267036,PB,B934,39.844501,-123.691399,481.5028556342519,3005
UO,RSBO,44.043361,-122.267036,IE,BCYI,44.310799,-113.405197,706.9941473332042,2635
UO,RSBO,44.043361,-122.267036,TD,TD009,52.32058,-116.323372,1019.6070607890194,2980
BL,AGVB,-19.7393,-50.233101,BL,PPDB,-22.0326,-51.313599,278.6122917372741,456
BL,AGVB,-19.7393,-50.233101,BL,IBIB,-21.777201,-48.8139,270.4095323856896,107
BL,AGVB,-19.7393,-50.233101,BL,FURB,-20.6782,-46.277901,425.7087973014374,254
XE,EE02,-5.97635,-130.88959,XE,WC02,-4.97259,-133.70537,331.0508793262144,349
7D,G26B,41.9249,-125.177498,X9,BB240,43.427502,-128.355698,308.86944968793756,320
7D,G26B,41.9249,-125.177498,PB,B934,39.844501,-123.691399,262.89830961728103,325
7D,G26B,41.9249,-125.177498,IE,BCYI,44.310799,-113.405197,990.6666166319532,301
TO,PE03,-17.1644,-71.789101,TO,PG01,-15.3626,-75.160202,411.84487704153895,611
TO,PE03,-17.1644,-71.789101,ZD,FS07,-13.46172,-71.9198,411.95823739795543,503
TO,PE03,-17.1644,-71.789101,ZD,FM06,-13.3499,-74.462502,511.97416881909555,518
YI,GROG,43.426182,9.89201,MN,BNI,45.052,6.678,313.3914112119127,382
YI,GROG,43.426182,9.89201,YG,CBP2J,47.367298,18.03178,771.3530397279087,131
AF,KTWE,-12.814,28.209,XK,B07DX,-20.549,22.749399,1037.9149221948721,150
AF,KTWE,-12.814,28.209,XK,Z04NN,-13.075,30.6276,263.70271234756666,142
AF,KTWE,-12.814,28.209,XK,W02NB,-13.724,33.559898,587.8649467174727,142
AF,KTWE,-12.814,28.209,XK,Q05MJ,-13.3953,36.125702,859.7669955284839,106
AF,KTWE,-12.814,28.209,ZP,ISOK,-10.1708,32.645699,565.7336111384154,361
AF,KTWE,-12.814,28.209,YQ,MFRI,-9.2944,35.312901,868.3074579173947,93
MN,BNI,45.052,6.678,YD,MMNN,39.8909,15.9904,954.3358927381183,297
MN,BNI,45.052,6.678,YD,6C04,46.661442,19.74328,1026.2600618016645,690
MN,BNI,45.052,6.678,YG,CBP2J,47.367298,18.03178,909.8503580504191,435
3H,G18,1.5202,-93.2519,3H,G06,2.0564,-90.6769,292.33160360458004,442
TR,TOSP,11.2984,-60.535198,WI,SLBI,14.023,-60.974,306.6788302698411,860
XG,XZHOU,38.423,113.002502,ZX,230,41.803101,118.326897,588.2414581785379,178
MM,MDY,22.016199,96.112297,TM,CRAI,20.2289,100.3734,484.56983809986883,650
MM,MDY,22.016199,96.112297,IC,LSA,29.70317,91.12757,989.2990920543417,691
BC,TJX,32.51017,-117.0543,PB,B934,39.844501,-123.691399,1009.2511096439272,3323
BC,TJX,32.51017,-117.0543,US,MVCO,37.19956,-108.49251,938.6265378928912,3318
C1,LR04,-39.88019,-73.425822,XM,ASB20,-35.8086,-63.9305,948.0108029060093,470
AF,CVNA,-31.482,19.762,8A,SOLI,-23.861238,16.039537,923.0810186661863,460
AF,CVNA,-31.482,19.762,BX,LKGWB,-24.11351,21.782303,843.0349408265297,2060
3J,OBS28,-13.46713,-168.51582,G,FUTU,-14.307673,-178.12107,1040.9597553837477,579
3J,OBS28,-13.46713,-168.51582,3J,OBS01,-13.155,-171.40391,314.43292527775077,610
3J,OBS28,-13.46713,-168.51582,3J,OBS13,-16.1503,-174.71751,730.3201922829605,614
X4,GS12,34.853199,105.749802,Z8,365,35.987999,105.131699,138.05518450756364,272
X4,GS12,34.853199,105.749802,Z8,320,36.0107,112.366096,612.9784321786719,261
TX,DKNS,33.66653,-100.92365,US,MVCO,37.19956,-108.49251,789.9229668091972,3163
TX,DKNS,33.66653,-100.92365,TX,BRDY,31.285872,-98.999447,320.3822897169064,3174
TX,DKNS,33.66653,-100.92365,N4,R40B,38.2909,-92.2684,932.592499447904,2903
AB,HASN,39.336076,49.217978,MP,KUT1,32.5091,45.7974,819.0514669748949,573
ON,NAN01,-17.844168,-40.125668,ON,ALF01,-20.616865,-40.725212,314.6687363444993,1411
ON,NAN01,-17.844168,-40.125668,ON,GDU01,-13.72,-39.575279,462.3513764679875,1549
S1,AUMAZ,-32.0069,116.0384,IM,I04H3,-34.607571,116.351547,290.6417792177302,1383
N4,X48A,34.4517,-87.0452,N4,R40B,38.2909,-92.2684,632.9866492672177,4086
N4,X48A,34.4517,-87.0452,GS,DEC08,39.861045,-88.924888,624.0875740724243,4319
N4,X48A,34.4517,-87.0452,N4,P51A,39.4818,-83.060097,661.7828900558756,1396
N4,X48A,34.4517,-87.0452,Z9,E31,32.986599,-82.107002,484.843726929685,153
N4,X48A,34.4517,-87.0452,PE,PAKC,41.37471,-77.932533,1108.5899574743235,3631
N4,X48A,34.4517,-87.0452,ZN,DC34,38.8634,-76.985199,1021.8317328011295,145
Z9,E31,32.986599,-82.107002,XO,MG05,37.482498,-90.870102,939.2296944296278,445
Z9,E31,32.986599,-82.107002,XO,LE17,37.9874,-89.1763,847.3767897536713,411
Z9,E31,32.986599,-82.107002,GS,DEC08,39.861045,-88.924888,977.292857905531,184
YB,AT56,36.7019,35.546902,KO,KARS,40.6152,43.0937,786.1440274294861,454
ZD,FS07,-13.46172,-71.9198,TO,PG01,-15.3626,-75.160202,407.9787959689462,388
ZD,FS07,-13.46172,-71.9198,ZD,FM06,-13.3499,-74.462502,275.31172104673215,294
IC,LSA,29.70317,91.12757,YA,MC12,27.662901,102.208397,1104.0002846697623,248
IC,LSA,29.70317,91.12757,XR,MS05,22.585486,94.508708,860.2571979278912,306
IC,LSA,29.70317,91.12757,Y2,WT12,32.461102,80.8218,1027.6950771972017,617
IC,LSA,29.70317,91.12757,X4,F06,33.102501,95.114601,534.7501151948514,147
IC,LSA,29.70317,91.12757,X4,H01,36.209301,96.385002,873.7073539538972,312
Z8,320,36.0107,112.366096,Z8,365,35.987999,105.131699,650.6577713433461,488
3J,OBS13,-16.1503,-174.71751,G,FUTU,-14.307673,-178.12107,418.70278989861475,579
3J,OBS13,-16.1503,-174.71751,3J,OBS01,-13.155,-171.40391,487.81799882162403,615
TD,TD009,52.32058,-116.323372,7D,J36C,45.686501,-127.125198,1077.2761482902129,150
TD,TD009,52.32058,-116.323372,IE,BCYI,44.310799,-113.405197,916.2159398381073,3936
TD,TD009,52.32058,-116.323372,RV,SWHSA,54.899441,-116.751793,288.1445500034233,3605
TD,TD009,52.32058,-116.323372,PQ,NBC3,59.63716,-120.66875,856.8539829075469,2010
N4,R40B,38.2909,-92.2684,TX,BRDY,31.285872,-98.999447,991.5969056259386,2978
N4,R40B,38.2909,-92.2684,GS,DEC08,39.861045,-88.924888,337.2805933782089,3872
N4,R40B,38.2909,-92.2684,N4,P51A,39.4818,-83.060097,807.5605712875599,1396
YY,NEKE,9.089,36.523701,YY,ABMD,11.8317,35.5825,321.86859428173744,663
YY,NEKE,9.089,36.523701,YY,DAQU,13.1448,37.897598,475.23485360586926,154
TO,PG01,-15.3626,-75.160202,ZD,FM06,-13.3499,-74.462502,236.08375265333672,644
GS,DEC08,39.861045,-88.924888,N4,P51A,39.4818,-83.060097,503.63720480309,1372
GS,DEC08,39.861045,-88.924888,PE,PAKC,41.37471,-77.932533,942.269249542055,3434
GS,DEC08,39.861045,-88.924888,ZN,DC34,38.8634,-76.985199,1031.6568900417271,145
BL,IBIB,-21.777201,-48.8139,BL,PPDB,-22.0326,-51.313599,259.44297400493315,108
XK,Q05MJ,-13.3953,36.125702,XK,Z04NN,-13.075,30.6276,596.1752034997353,158
XK,Q05MJ,-13.3953,36.125702,XK,W02NB,-13.724,33.559898,279.7485156797858,158
Z1,Z21G,-14.29531,26.53437,AF,RUDU,-17.909599,19.764799,827.2162047411573,474
Z1,Z21G,-14.29531,26.53437,Z1,Z09L,-11.820822,25.11821,315.0153666031289,143
HT,AGG,39.021099,22.336,YD,3B13,43.635109,21.70591,515.7410243880981,537
HT,AGG,39.021099,22.336,YD,6C04,46.661442,19.74328,875.3354989827304,656
HT,AGG,39.021099,22.336,GF,TEPE,41.056,28.5147,572.4333291048004,1707
II,AAK,42.6375,74.4942,TJ,CHGR,38.656898,69.158203,631.0769729179957,798
XV,BITY,-20.060801,47.000099,XV,ANTS,-14.8843,47.999298,585.2681233037379,387
ZN,DC34,38.8634,-76.985199,N4,P51A,39.4818,-83.060097,528.0687884155825,145
ZN,DC34,38.8634,-76.985199,X8,QM38,47.675201,-70.853104,1097.5768995056508,121
PE,PAKC,41.37471,-77.932533,N4,P51A,39.4818,-83.060097,482.25057562813987,868
8Q,P15,27.844793,-139.753242,8Q,P09,26.612795,-142.356315,291.54980753516514,432
8Q,P15,27.844793,-139.753242,8Q,P13,29.966537,-141.146892,272.14219850083794,440
XW,DAMT,14.08737,44.68227,II,RAYN,23.5225,45.5032,1052.681750596969,194
XW,DAMT,14.08737,44.68227,XW,TAMU,17.294781,49.928551,665.2053837244162,212
XB,KAPU,48.128166,-82.90554,XB,CHAZ,48.832191,-79.052155,294.5823958881938,99
ON,ALF01,-20.616865,-40.725212,ON,GDU01,-13.72,-39.575279,776.5525146055464,1628
ZL,N06M,34.904999,-90.221199,XO,MG05,37.482498,-90.870102,292.45830408889356,157
CI,PDM,34.30336,-114.14152,NR,NE74,28.007509,-114.013802,700.1729177191929,170
X8,QM38,47.675201,-70.853104,PO,MEDO,43.1646,-78.454597,776.2346959935118,108
8Q,P13,29.966537,-141.146892,8Q,P09,26.612795,-142.356315,391.26036422757284,433
7D,J36C,45.686501,-127.125198,PB,B934,39.844501,-123.691399,707.3204779123525,285
7D,J36C,45.686501,-127.125198,IE,BCYI,44.310799,-113.405197,1088.1950036790931,280
G,FUTU,-14.307673,-178.12107,3J,OBS01,-13.155,-171.40391,736.7643846398561,580
NY,MAYO,63.59581,-135.89209,7C,MM26,63.081,-130.1928,289.96934811249736,678
NY,MAYO,63.59581,-135.89209,PQ,NBC3,59.63716,-120.66875,914.0251256355865,1878
XK,Z04NN,-13.075,30.6276,XK,W02NB,-13.724,33.559898,325.2834453092864,658
3A,L201,-38.507801,-73.145233,C,COCH,-36.131302,-72.788399,266.13156901651433,109
BX,LKGWB,-24.11351,21.782303,AF,RUDU,-17.909599,19.764799,720.8880413167788,1892
BL,FURB,-20.6782,-46.277901,BL,PPDB,-22.0326,-51.313599,542.7710606993022,298
ZJ,RKST,-74.201065,159.001755,XH,RS15,-80.496597,-169.978806,1006.7382905189838,357
ZJ,RKST,-74.201065,159.001755,XH,RS02,-78.492897,173.345795,604.4575208973422,367
S1,AUMOU,-24.5752,149.9814,YW,MSWL3,-32.3933,150.92683,874.216816583711,334
S1,AUMOU,-24.5752,149.9814,S1,AUCSH,-16.9159,145.7682,957.5357060761696,1742
YT,MA09,-79.8993,-104.9977,XH,RS10,-79.278801,-155.467697,984.6220113331642,717
XM,CB22,-24.00541,-68.52551,C1,AC02,-26.835517,-69.129067,320.47652067093327,278
US,MVCO,37.19956,-108.49251,XE,SNPG9,40.345299,-120.6017,1105.417128523304,367
US,MVCO,37.19956,-108.49251,XC,OR100,42.770699,-119.013199,1088.2562589541494,459
US,MVCO,37.19956,-108.49251,IE,BCYI,44.310799,-113.405197,892.0410030371036,6195
US,MVCO,37.19956,-108.49251,TX,BRDY,31.285872,-98.999447,1091.6403896691618,3331
XW,TAMU,17.294781,49.928551,II,RAYN,23.5225,45.5032,831.8238534653145,192
C1,AC02,-26.835517,-69.129067,3Y,SC02,-29.066857,-70.132088,266.9542345139929,662
YP,NE81,46.069698,116.634697,YP,NE5D,44.107601,129.6008,1039.7605000623485,465
X9,BB240,43.427502,-128.355698,PB,B934,39.844501,-123.691399,555.6843038539998,376
PQ,NBC3,59.63716,-120.66875,7C,MM26,63.081,-130.1928,634.8207286034288,529
PQ,NBC3,59.63716,-120.66875,RV,SWHSA,54.899441,-116.751793,576.8143874303772,1613
XE,SNPG9,40.345299,-120.6017,IE,BCYI,44.310799,-113.405197,737.3783180841025,293
YY,DAQU,13.1448,37.897598,YY,ABMD,11.8317,35.5825,290.6641427262318,144
NU,ESPN,12.195,-84.300308,GI,AVPA,15.3972,-89.6417,677.767882709308,220
XO,MG05,37.482498,-90.870102,XO,LE17,37.9874,-89.1763,159.1769348187367,351
YS,MRKH,21.108999,-157.270004,YS,PL21,17.180099,-154.691299,513.9992287333298,240
Z1,Z09L,-11.820822,25.11821,AF,RUDU,-17.909599,19.764799,888.2683022293005,139
YP,NEAD,47.581402,133.5802,YP,NE5D,44.107601,129.6008,494.0403287436476,364
XH,RS02,-78.492897,173.345795,XH,RS15,-80.496597,-169.978806,402.6588786196983,717
XH,RS02,-78.492897,173.345795,XH,RS10,-79.278801,-155.467697,665.8907970999019,717
YD,3B13,43.635109,21.70591,YD,6C04,46.661442,19.74328,370.01056731350604,599
PB,B934,39.844501,-123.691399,2D,OBS06,32.777,-119.857803,857.4258855397854,389
PB,B934,39.844501,-123.691399,XC,OR100,42.770699,-119.013199,508.345437440799,353
PB,B934,39.844501,-123.691399,IE,BCYI,44.310799,-113.405197,982.4631411314853,5607
TM,CRAI,20.2289,100.3734,XR,MS05,22.585486,94.508708,661.1801364639276,166
XS,L39D,2.0557,-11.4905,XS,I14D,-0.3522,-7.952395,475.8260682953063,353
XB,PM18,34.150002,-4.8195,ZI,MB16,29.7026,-9.5269,664.5894131898688,541
YL,ARSL,40.955002,35.887001,XS,S040,37.722,24.009001,1081.8371974242334,472
Z5,LAMW,3.563,32.743,Z5,MASD,1.687,31.723,237.38262430576233,727
XC,OR100,42.770699,-119.013199,IE,BCYI,44.310799,-113.405197,483.2502238541869,330
IE,BCYI,44.310799,-113.405197,XK,UT65,38.584999,-112.425003,641.8863564272204,121
XO,LE17,37.9874,-89.1763,PO,MEDO,43.1646,-78.454597,1071.7221349472534,409
XA,SA76,-20.636091,29.846441,XA,SA64,-22.969448,26.201714,457.0268749581431,312
ZP,PNDA,-6.3519,31.0613,ZP,LAEL,-8.566,32.059101,269.65526934463804,452
X4,F06,33.102501,95.114601,Z8,365,35.987999,105.131699,971.3653934878205,147
XH,RS10,-79.278801,-155.467697,XH,RS15,-80.496597,-169.978806,312.8859524991772,714
